[11:46:16.422] [INFO] configure_database: path=/private/var/folders/hx/ql6ztbg12wg_5d8k27g3wxq40000gn/T/tp0c479d2b_f635_4103_a82a_e6f4e7c18336/test.duckdb, schema_keys=['subject', 'session', 'speed', 'trial']
[11:46:16.425] [INFO] MATLAB: configure_database — DuckDB lock ACQUIRED: /private/var/folders/hx/ql6ztbg12wg_5d8k27g3wxq40000gn/T/tp0c479d2b_f635_4103_a82a_e6f4e7c18336/test.duckdb
[11:46:27.957] [INFO] [timing] save_from_table(DummyMixed): data_convert=1.880s, mode=vertcat, n=7000
[11:46:28.133] [DEBUG] [timing] save_batch_bridge(DummyMixed): n=7000, mode=vertcat_df, split=0.164s, assembly=0.003s
[11:46:28.134] [INFO] save_batch(DummyMixed): 7000 items, mode=dataframe, data: DataFrame 1x54 cols=['dbl_01', 'dbl_02', 'dbl_03', 'dbl_04', 'dbl_05', 'dbl_06', 'dbl_07', 'dbl_08', 'dbl_09', 'dbl_10', 'dbl_11', 'dbl_12', 'dbl_13', 'dbl_14', 'dbl_15', 'dbl_16', 'dbl_17', 'dbl_18', 'dbl_19', 'dbl_20', 'dbl_21', 'dbl_22', 'dbl_23', 'dbl_24', 'dbl_25', 'dbl_26', 'dbl_27', 'arr_01', 'arr_02', 'arr_03', 'arr_04', 'arr_05', 'arr_06', 'arr_07', 'arr_08', 'arr_09', 'arr_10', 'arr_11', 'arr_12', 'arr_13', 'arr_14', 'arr_15', 'arr_16', 'arr_17', 'arr_18', 'arr_19', 'arr_20', 'arr_21', 'arr_22', 'arr_23', 'arr_24', 'arr_25', 'json_01', 'json_02'], DuckDB columns: [dbl_01: DOUBLE, dbl_02: DOUBLE, dbl_03: DOUBLE, dbl_04: DOUBLE, dbl_05: DOUBLE, dbl_06: DOUBLE, dbl_07: DOUBLE, dbl_08: DOUBLE, dbl_09: DOUBLE, dbl_10: DOUBLE, dbl_11: DOUBLE, dbl_12: DOUBLE, dbl_13: DOUBLE, dbl_14: DOUBLE, dbl_15: DOUBLE, dbl_16: DOUBLE, dbl_17: DOUBLE, dbl_18: DOUBLE, dbl_19: DOUBLE, dbl_20: DOUBLE, dbl_21: DOUBLE, dbl_22: DOUBLE, dbl_23: DOUBLE, dbl_24: DOUBLE, dbl_25: DOUBLE, dbl_26: DOUBLE, dbl_27: DOUBLE, arr_01: DOUBLE[], arr_02: DOUBLE[], arr_03: DOUBLE[], arr_04: DOUBLE[], arr_05: DOUBLE[], arr_06: DOUBLE[], arr_07: DOUBLE[], arr_08: DOUBLE[], arr_09: DOUBLE[], arr_10: DOUBLE[], arr_11: DOUBLE[], arr_12: DOUBLE[], arr_13: DOUBLE[], arr_14: DOUBLE[], arr_15: DOUBLE[], arr_16: DOUBLE[], arr_17: DOUBLE[], arr_18: DOUBLE[], arr_19: DOUBLE[], arr_20: DOUBLE[], arr_21: DOUBLE[], arr_22: DOUBLE[], arr_23: DOUBLE[], arr_24: DOUBLE[], arr_25: DOUBLE[], json_01: JSON, json_02: JSON]
[11:46:32.569] [INFO] [timing] save_batch(DummyMixed): 7000 items (7000 new rows, 7000 total storage rows), 7000 schemas, 4.435s
[11:46:32.569] [DEBUG]   save_batch 1_setup                        0.003s
[11:46:32.569] [DEBUG]   save_batch 2_split_metadata               0.016s
[11:46:32.569] [DEBUG]   save_batch 3_schema_resolution            0.027s
[11:46:32.569] [DEBUG]   save_batch 4_per_row_hashing              0.577s
[11:46:32.569] [DEBUG]   save_batch 4a_canonical_hash              0.282s
[11:46:32.569] [DEBUG]   save_batch 4b_record_id                   0.069s
[11:46:32.569] [DEBUG]   save_batch 4c_storage_row                 0.212s
[11:46:32.569] [DEBUG]   save_batch 4d_meta_row                    0.000s
[11:46:32.569] [DEBUG]   save_batch 5_dedup_check                  0.047s
[11:46:32.569] [DEBUG]   save_batch 6a_data_df_create              0.016s
[11:46:32.569] [DEBUG]   save_batch 6b_data_insert                 0.120s
[11:46:32.569] [DEBUG]   save_batch 6c_meta_insert                 3.459s
[11:46:32.569] [DEBUG]   save_batch 6d_variables_upsert            0.001s
[11:46:32.569] [DEBUG]   save_batch 6e_commit                      0.167s
[11:46:32.569] [DEBUG]   save_batch 6_batch_inserts                3.764s
[11:46:32.569] [DEBUG]   save_batch total                          4.435s
[11:46:32.578] [INFO] [timing] save_batch_bridge(DummyMixed): n=7000, mode=vertcat_df, split=0.164s, total=4.612s
[11:46:32.623] [INFO] load(DummyMixed): metadata={'subject': 1, 'session': 1, 'speed': 1, 'trial': 1}
[11:46:32.629] [DEBUG] _find_record(DummyMixed): SQL returned 1 records, version_id=latest
[11:46:32.634] [INFO] [timing] _find_record(DummyMixed, version_id='latest'): total=0.011s, sql=0.006s (1 rows), collapse=0.003s, vk_filter=0.000s, bp_filter=0.000s, sort=0.001s, returned=1 rows
[11:46:32.634] [INFO] load(DummyMixed): found 1 record(s)
[11:46:32.641] [INFO] [timing] load(DummyMixed): pre-yield setup: find=0.011s, dtype_lookup=0.000s, chunks_total=0.006s (sql=0.004s, deserialize=0.002s, n_chunks=1, mode=dataframe)
[11:46:32.643] [INFO] [timing] load(DummyMixed): TOTAL=0.020s (find=0.011s, chunks=0.006s, yield_body=0.001s for 1 records, caller_overhead~=0.001s)
[11:46:32.644] [DEBUG] wrap_batch_bridge: found 27 object-dtype columns to check
[11:46:32.644] [DEBUG] wrap_batch_bridge: column "arr_01" first value type: ndarray
[11:46:32.644] [DEBUG] wrap_batch_bridge: flattening column "arr_01"...
[11:46:32.644] [DEBUG] wrap_batch_bridge: column "arr_01" flattened: 10 total elements in 1 arrays
[11:46:32.644] [DEBUG] wrap_batch_bridge: column "arr_02" first value type: ndarray
[11:46:32.645] [DEBUG] wrap_batch_bridge: flattening column "arr_02"...
[11:46:32.645] [DEBUG] wrap_batch_bridge: column "arr_02" flattened: 10 total elements in 1 arrays
[11:46:32.645] [DEBUG] wrap_batch_bridge: column "arr_03" first value type: ndarray
[11:46:32.645] [DEBUG] wrap_batch_bridge: flattening column "arr_03"...
[11:46:32.645] [DEBUG] wrap_batch_bridge: column "arr_03" flattened: 10 total elements in 1 arrays
[11:46:32.645] [DEBUG] wrap_batch_bridge: column "arr_04" first value type: ndarray
[11:46:32.645] [DEBUG] wrap_batch_bridge: flattening column "arr_04"...
[11:46:32.646] [DEBUG] wrap_batch_bridge: column "arr_04" flattened: 10 total elements in 1 arrays
[11:46:32.646] [DEBUG] wrap_batch_bridge: column "arr_05" first value type: ndarray
[11:46:32.646] [DEBUG] wrap_batch_bridge: flattening column "arr_05"...
[11:46:32.646] [DEBUG] wrap_batch_bridge: column "arr_05" flattened: 10 total elements in 1 arrays
[11:46:32.646] [DEBUG] wrap_batch_bridge: column "arr_06" first value type: ndarray
[11:46:32.646] [DEBUG] wrap_batch_bridge: flattening column "arr_06"...
[11:46:32.646] [DEBUG] wrap_batch_bridge: column "arr_06" flattened: 10 total elements in 1 arrays
[11:46:32.646] [DEBUG] wrap_batch_bridge: column "arr_07" first value type: ndarray
[11:46:32.646] [DEBUG] wrap_batch_bridge: flattening column "arr_07"...
[11:46:32.646] [DEBUG] wrap_batch_bridge: column "arr_07" flattened: 10 total elements in 1 arrays
[11:46:32.646] [DEBUG] wrap_batch_bridge: column "arr_08" first value type: ndarray
[11:46:32.646] [DEBUG] wrap_batch_bridge: flattening column "arr_08"...
[11:46:32.647] [DEBUG] wrap_batch_bridge: column "arr_08" flattened: 10 total elements in 1 arrays
[11:46:32.647] [DEBUG] wrap_batch_bridge: column "arr_09" first value type: ndarray
[11:46:32.647] [DEBUG] wrap_batch_bridge: flattening column "arr_09"...
[11:46:32.647] [DEBUG] wrap_batch_bridge: column "arr_09" flattened: 10 total elements in 1 arrays
[11:46:32.647] [DEBUG] wrap_batch_bridge: column "arr_10" first value type: ndarray
[11:46:32.647] [DEBUG] wrap_batch_bridge: flattening column "arr_10"...
[11:46:32.647] [DEBUG] wrap_batch_bridge: column "arr_10" flattened: 10 total elements in 1 arrays
[11:46:32.647] [DEBUG] wrap_batch_bridge: column "arr_11" first value type: ndarray
[11:46:32.647] [DEBUG] wrap_batch_bridge: flattening column "arr_11"...
[11:46:32.647] [DEBUG] wrap_batch_bridge: column "arr_11" flattened: 10 total elements in 1 arrays
[11:46:32.647] [DEBUG] wrap_batch_bridge: column "arr_12" first value type: ndarray
[11:46:32.647] [DEBUG] wrap_batch_bridge: flattening column "arr_12"...
[11:46:32.647] [DEBUG] wrap_batch_bridge: column "arr_12" flattened: 10 total elements in 1 arrays
[11:46:32.647] [DEBUG] wrap_batch_bridge: column "arr_13" first value type: ndarray
[11:46:32.647] [DEBUG] wrap_batch_bridge: flattening column "arr_13"...
[11:46:32.647] [DEBUG] wrap_batch_bridge: column "arr_13" flattened: 10 total elements in 1 arrays
[11:46:32.647] [DEBUG] wrap_batch_bridge: column "arr_14" first value type: ndarray
[11:46:32.648] [DEBUG] wrap_batch_bridge: flattening column "arr_14"...
[11:46:32.648] [DEBUG] wrap_batch_bridge: column "arr_14" flattened: 10 total elements in 1 arrays
[11:46:32.648] [DEBUG] wrap_batch_bridge: column "arr_15" first value type: ndarray
[11:46:32.648] [DEBUG] wrap_batch_bridge: flattening column "arr_15"...
[11:46:32.648] [DEBUG] wrap_batch_bridge: column "arr_15" flattened: 10 total elements in 1 arrays
[11:46:32.648] [DEBUG] wrap_batch_bridge: column "arr_16" first value type: ndarray
[11:46:32.648] [DEBUG] wrap_batch_bridge: flattening column "arr_16"...
[11:46:32.648] [DEBUG] wrap_batch_bridge: column "arr_16" flattened: 10 total elements in 1 arrays
[11:46:32.648] [DEBUG] wrap_batch_bridge: column "arr_17" first value type: ndarray
[11:46:32.648] [DEBUG] wrap_batch_bridge: flattening column "arr_17"...
[11:46:32.648] [DEBUG] wrap_batch_bridge: column "arr_17" flattened: 10 total elements in 1 arrays
[11:46:32.648] [DEBUG] wrap_batch_bridge: column "arr_18" first value type: ndarray
[11:46:32.648] [DEBUG] wrap_batch_bridge: flattening column "arr_18"...
[11:46:32.648] [DEBUG] wrap_batch_bridge: column "arr_18" flattened: 10 total elements in 1 arrays
[11:46:32.648] [DEBUG] wrap_batch_bridge: column "arr_19" first value type: ndarray
[11:46:32.648] [DEBUG] wrap_batch_bridge: flattening column "arr_19"...
[11:46:32.648] [DEBUG] wrap_batch_bridge: column "arr_19" flattened: 10 total elements in 1 arrays
[11:46:32.648] [DEBUG] wrap_batch_bridge: column "arr_20" first value type: ndarray
[11:46:32.649] [DEBUG] wrap_batch_bridge: flattening column "arr_20"...
[11:46:32.649] [DEBUG] wrap_batch_bridge: column "arr_20" flattened: 10 total elements in 1 arrays
[11:46:32.649] [DEBUG] wrap_batch_bridge: column "arr_21" first value type: ndarray
[11:46:32.649] [DEBUG] wrap_batch_bridge: flattening column "arr_21"...
[11:46:32.649] [DEBUG] wrap_batch_bridge: column "arr_21" flattened: 10 total elements in 1 arrays
[11:46:32.649] [DEBUG] wrap_batch_bridge: column "arr_22" first value type: ndarray
[11:46:32.649] [DEBUG] wrap_batch_bridge: flattening column "arr_22"...
[11:46:32.649] [DEBUG] wrap_batch_bridge: column "arr_22" flattened: 10 total elements in 1 arrays
[11:46:32.649] [DEBUG] wrap_batch_bridge: column "arr_23" first value type: ndarray
[11:46:32.649] [DEBUG] wrap_batch_bridge: flattening column "arr_23"...
[11:46:32.649] [DEBUG] wrap_batch_bridge: column "arr_23" flattened: 10 total elements in 1 arrays
[11:46:32.649] [DEBUG] wrap_batch_bridge: column "arr_24" first value type: ndarray
[11:46:32.649] [DEBUG] wrap_batch_bridge: flattening column "arr_24"...
[11:46:32.649] [DEBUG] wrap_batch_bridge: column "arr_24" flattened: 10 total elements in 1 arrays
[11:46:32.649] [DEBUG] wrap_batch_bridge: column "arr_25" first value type: ndarray
[11:46:32.649] [DEBUG] wrap_batch_bridge: flattening column "arr_25"...
[11:46:32.649] [DEBUG] wrap_batch_bridge: column "arr_25" flattened: 10 total elements in 1 arrays
[11:46:32.649] [DEBUG] wrap_batch_bridge: column "json_01" first value type: dict
[11:46:32.649] [DEBUG] wrap_batch_bridge: column "json_01" contains dicts, serializing to JSON...
[11:46:32.650] [DEBUG] wrap_batch_bridge: column "json_01" serialized to JSON strings
[11:46:32.650] [DEBUG] wrap_batch_bridge: column "json_02" first value type: dict
[11:46:32.650] [DEBUG] wrap_batch_bridge: column "json_02" contains dicts, serializing to JSON...
[11:46:32.650] [DEBUG] wrap_batch_bridge: column "json_02" serialized to JSON strings
[11:46:32.650] [INFO] wrap_batch_bridge: optimized 27 array columns for MATLAB transfer: ['arr_01', 'arr_02', 'arr_03', 'arr_04', 'arr_05']
[11:46:33.185] [INFO] wrap_py_vars_batch: reconstructed 25 flattened array columns
[11:46:33.205] [INFO] wrap_py_vars_batch: parsed 2 JSON columns to structs
[11:46:33.281] [INFO] ===== for_each(dummy_return_one) start =====
[11:46:33.385] [INFO] [scidb] entry: metadata_iterables keys=['subject', 'session', 'speed', 'trial'], types=['list', 'list', 'list', 'list'], lens=[0, 0, 0, 0], user_explicit_keys=[]
[11:46:33.385] [INFO] [scidb] Step 2: resolving 4 empty list(s) from database: ['subject', 'session', 'speed', 'trial']
[11:46:33.387] [INFO] [scidb] resolved 'subject' from database: 20 values
[11:46:33.387] [INFO] [scidb] resolved 'session' from database: 5 values
[11:46:33.387] [INFO] [scidb] resolved 'speed' from database: 10 values
[11:46:33.388] [INFO] [scidb] resolved 'trial' from database: 7 values
[11:46:33.388] [INFO] [scidb] Step 3: no PathInput detected, skipping filesystem discovery
[11:46:33.388] [INFO] [scidb] Step 4: propagating schema keys to scifor
[11:46:33.388] [INFO] [scidb] Step 5: stringifying metadata iterable values for schema keys
[11:46:33.388] [INFO] [scidb] stringified 4 schema key iterable(s)
[11:46:33.388] [INFO] [scidb] Step 6: resolved 1 output name(s): ['DummyOut']
[11:46:33.388] [INFO] [scidb] Step 8: building ForEachConfig version keys
[11:46:33.389] [INFO] [scidb] ForEachConfig: call_id=94295c89bb0d82bf, version_keys=['__fn', '__fn_hash', '__inputs', '__constants', '__as_table']
[11:46:33.389] [INFO] [scidb] Step 9: pre-filtering combos to only existing schema combinations
[11:46:33.401] [INFO] [scidb] all 7000 combos exist in database
[11:46:33.401] [INFO] [scidb] Step 10: loading 1 input(s) into DataFrames
[11:46:33.410] [DEBUG] _find_record(DummyMixed): SQL returned 7000 records, version_id=latest
[11:46:35.794] [INFO] [timing] _find_record(DummyMixed, version_id='latest'): total=2.392s, sql=0.008s (7000 rows), collapse=2.373s, vk_filter=0.000s, bp_filter=0.000s, sort=0.011s, returned=7000 rows
[11:46:40.624] [INFO] [timing] load_all_as_df(DummyMixed): 7000 records, layout='spread', sql=0.308s, total=7.222s
[11:46:40.626] [INFO] [timing] _load_var_type_as_spread(DummyMixed): 7000 rows x 60 cols in 7.225s (fast path)
[11:46:40.626] [INFO] input 'x': loaded DummyMixed -> 7000 rows, 60 cols in 7.225s
[11:46:40.626] [INFO] loaded 1 inputs in 7.225s
[11:46:40.626] [INFO] [scidb] loaded 1 DataFrame input(s), 0 other(s)
[11:46:40.626] [INFO] [scidb] Step 11: building variant tracking (rid->branch_params mapping)
[11:46:40.634] [INFO] [scidb] variant tracking: 7000 record_id(s) mapped, 1 rid key(s): ['__rid_x'], 0 fixed input rid(s): []
[11:46:40.637] [INFO] [scidb] Step 12: expanding combos with record-ID variants
[11:46:40.637] [INFO] [scidb] Step 12: all_combos=7000, _discovered_combos=None
[11:46:40.637] [INFO] [scidb] full iteration mode: all schema keys being iterated
[11:46:40.730] [DEBUG] expanding combos: 7000 base combos, 1 rid dimensions
[11:46:40.737] [DEBUG] 7000 combos (no rid expansion needed)
[11:46:40.737] [INFO] [scidb] Step 14: no pre-combo hook provided, skipping
[11:46:40.737] [INFO] [scidb] Step 15: extending scifor schema from 4 to 5 keys (added 1 rid keys)
[11:46:40.746] [INFO] [bridge] for_each_prepare returning: full_combos=7000, extended_metadata_iterables keys=['subject', 'session', 'speed', 'trial', 'x__rid_x'], meta sizes=[20, 5, 10, 7, 7000]
[11:46:40.748] [INFO] for_each_prepare returned in 7.362s
[11:47:24.732] [INFO] ================================================================
[11:47:24.732] [INFO] for_each(dummy_return_one) — 7000 iterations
[11:47:24.733] [INFO] subject=[20 values], session=[5 values], speed=[10 values], trial=[7 values], x__rid_x=[7000 values]
[11:47:24.733] [INFO] ================================================================
[11:47:24.736] [INFO] inputs: {x: <table 7000x59>}
[11:47:24.740] [INFO] subject=[1, 10, 11, 12, 13, 14, 15, 16, 17, 18, 19, 2, 20, 3, 4, 5, 6, 7, 8, 9]
[11:47:24.742] [INFO] session=[1, 2, 3, 4, 5]
[11:47:24.743] [INFO] speed=[1, 10, 2, 3, 4, 5, 6, 7, 8, 9]
[11:47:24.744] [INFO] trial=[1, 2, 3, 4, 5, 6, 7]
[11:47:24.753] [INFO] x__rid_x=[97cb52bf8068bd21, 6846a6a146616406, 1b1b9bcb2aaa3215, ec33d5ff1b77ebfc, 0fa6f2f60e902f7c, 5b30b60830e030eb, 77255015ce0caf44, 4278410ca84a81bc, 921ca0c21bedcb25, 05631bda3ac82c58, 5bc8ca77e01d0da7, 595bc3d559935b6d, a2c27325729af32a, 7a13244f83b25516, 3fe48d22835d57b4, 04e89ca22928e9af, e91d550ccdd41833, 94fda656804d5ed3, bcf5a3b685fc3e2a, a90943607e20cc9a, 0d9ce0f1a40f7523, f5e131de64e18747, 8969aa3ff5aaa16d, fdeb7b0c300b4917, abf4dbe2dd8560c8, ba79ca6d33d1a9e5, b9bf15f508ec0c2e, b23fb35f4e58de4e, 445cc6893545ce16, 5c1ba8fddb22f4fb, edba44515c1a1fa6, e997db8f28b33970, a344b27a86fa8353, 9fce007320cc84f0, e8823c993fb99a00, 4c67fdef037fb0d4, 99ed2c6de9c08c8e, 58e066e4d71d16f6, 1c586bac2a683d32, 2073c7e9966bae44, c2b65be4515aff4b, 362c2218c56aa6b3, 813c6c1340fc1b75, 4c642ece3d447dab, 30fa548d59f41e30, 673accc1bdafb03a, b1e846a5e37af653, 4e04e7f0dbfeefc6, 0c0d250b33537d0f, 34a8b8d4bce4e314, 35d244773aec6414, 2b6d6dd84a88bbaf, 98ae417fe5ed066b, 9bb07eb0297ada0c, 65c94eb02b33a43a, 1fb84ade77e8c1b1, 627cbd204a850021, 43f92818d567d890, 22bceff9e601a437, 4c9fad274d671bb0, e0b51b40ca575400, 9d34439b2341ae0a, 5a76640954bcf1ce, ab1630066b8b5adb, a3df1dc0b19c3da4, 537a89c1a5816479, 4e7e7a9b370183db, 5ae3aaf7d28ca5a4, 1f7cda18b42ac70b, 85b13419cd81741f, eb9a2d4ae730be04, 3ca7b37aedf2ca86, fbf49ab4f24cf14b, 0b8ff58bfd764649, 4e22ee9eda87f4e2, 06aa1a6d81401db3, aec1dafa7b64c480, ade9f067e2008020, ce5890b7201c0f5c, d7ed41818b88b586, c20aee6cccd828c0, 06e3fef2e01eda6f, e48cbd4cf5a8ea3f, 4354c779b4d09e54, 858eb5ba30129479, b9401142349b0f89, acf370f513c2cdc9, c27dc91d93e9f1fd, b1c85e49d6c2b017, f309d3fde44f3965, 3aafa580be753251, eb8b137c0d980fd6, a9dd5d8a0a1dea3f, 56b7700c4fafc8d7, 16a6884ee890be3e, 8cd960022ce443bb, edd2877cd5b0419b, 57e066c931773d32, b81310908931651c, 06094dfc52759105, 59cc48a7d1432278, 62e83d8c8667b302, 3321e4ea963f3a28, c29edba13b88880a, ddd2d0d60349b4cb, 092036a46fa11000, 72a7238fb848f8d0, 4bbb2ed22501293e, bdd8f21a76ef88f4, 7de908bc5e2c3703, c79537c122f8775e, 09fb9c1e530a98e4, 75d933cce2275563, 3efe6c30d3d0266d, 11e1d8ab75a781ec, 776ddb121aeb01ef, a31db8522f3fba50, 5fe45adf2891bf55, 49cc66c151075010, 33ebe7c2a5506d31, b7bc75c4b44a2b34, 9213f4ca0f619d07, 3c52f71e8c5b932f, c91ab98b990836c1, 67bb7c2a97d05033, bc97f34b0ff00386, 242817d00319340f, d9e473ce7864866f, ac3c23456ec1b401, 7906d3a0d9f82b2b, f1e271cc99725783, dbbd5cd666272a5d, 0f62e403c7c7d2c6, b6317fa82b002c47, 39349e84d81da667, c81115d6e77a9270, 5627700d2bc913cb, 05233f426f1b199f, 2370e83dc15f8ad1, e41c124fb5c7cd15, 597b2d61d393424d, c85268524f9ffecf, 0b66e11862e0377b, e00e56a8ec4c4be8, 826c25b2bdec3c1e, 35f5c7a2869155e8, 24e84816bcb90c97, 4b1be814dd9e1388, 0c42a5a6577a0a15, db802f3bb0afcc25, 3622d653b7182aa6, fbaa27b3240941a4, 882c1d97a9ab9d10, 3f53bb00d1213196, 4977cce3ca212dc7, abc21116e6dd799e, 031bc07fd9465fd5, a4e457e855a72ae3, 503219743acb604a, 619645a0a3cbffd2, 79bd62d27f177c98, d7adc19851b0e992, 82c586b83f4ae2a7, 41905004a24fb290, 07af20f3b3e24b4c, f6317a268998b2d5, 3099fa0938bfc3af, 0cb9bc29bf1f9bbd, e40cc52fe0a115fa, da9bf61962ed76c2, fa0d40f0324d6726, 635843c4ce6fb82d, f4c314cbbbf011dc, c486d4f6488180ef, 57cb71abad641cf1, 8186d958bcbe6d01, 4e6dcecba26d2d4a, 0ca4776a1e38c227, b60c169cedd226f1, b698f6acf1dd3f62, b1f72287a713424d, a68405c409684349, 34e4c3a2bfffb42c, 96bdb1f4b2ec4833, d5245f50d42ab9d0, 7ee1eb3e049de15c, 72bc9f037d76b449, 68a3ac6ce63e0d42, 6d4e76a62fa38818, 72882200c83ee3c5, 6a8e521c62d2522e, 7aaa4e54a2f91bdb, 74e666dc72176f0e, 39a82c8484ad4aca, fe193bd681a240ed, c18bf8911b354f7c, d77799df63c70760, fe7017e4f461f9bb, 02fc53eba6ac808a, 663c4d3805eb09a7, 988f393af761df51, c2510498132bf4f4, 7573749f15fc702f, b880d2f4a7b87221, 8bfa043ca19ea697, ab66545ea2ca3260, 9c522622604704bc, fbcf8331912e04c5, ceae3e4fd460ab5b, e89ebb66ac7d0cef, 7111a725518ae0e9, af8b6c348406b665, a3b77b3ad90c7e36, 7124d3d254a695e0, 3d896de4281bdccf, 2b497d1022aecc37, 4a0248811ae595a0, 0a39fc2c2d0ce5ce, 5f3f0c581a30f18a, 5afcc0b474545a86, 470cb67c27a2a14f, ff18c30c9b8f7455, 78456ef21ca38007, 0cb25d725df3c99b, a7f6cead3e6ff43d, 131b18e57f66c076, 2391f6fd16f0345c, a290545c9da90af2, dc753aaadcff8c11, 53b523b52f8e7ed7, 68df1d52220a4952, 82d9db51433a9d30, 3ad0a444e793ae7a, db9d0034a4eddf2d, 4e2bcc5c57fdf2c3, 0fc3f4882bbd7de5, f994dd7a77d26728, b972754326518a89, 7a266f6888065f86, f864b42b126444a2, 452438a473633b6e, 53ae37c6560c29bf, 5d3871fe3e80499b, db4034e8f560cdd0, 6dabaac9d7cbb789, 825a8e19d8a4b6fa, 70504be6a1a8495b, 51dd70e36a28eb38, f81b826b24d986bd, 67585db737588de6, 645cd037c76e0b00, b232fc088c8693c4, 7c04650e4f0a3a1b, d82c43de7483fd67, 38a1ee6d49a7a32a, 729f5e655b7f7aaf, ca3a166075e759d7, 46bee20fba52e2ee, 8fec7c31e3dc33e5, 980813cab042185c, 489fc98822341a8a, 287a7e28ee9363a9, 73bf5fdf3809040c, 2847c4cef7dec6eb, 593c21471f59e86c, 0bb1bdea54ce5d29, 3743e9d5b9fbbf26, f13a2cebd9d27881, 95e291dbe29f1330, 289f27dbe41bab97, a3657a0ad39030f6, 057d129cd5008fd3, d6369e69c78d3788, 15e1ff3db31154d0, 737572763c523361, 1f12951e60c49d9c, d0523cdd71ddbdbf, 99d079bfb06663a8, 8db76e17d8cc6f99, 154d78c55ccc0f21, 9eabd9ed6f0ba514, 294c4133733a13ff, 293497b7c0078a00, 6d95a449a08d8462, de134576028c5c2b, 75ecca1cacba793c, d8ac84b644289230, 265f8dd29fe52eda, 158abd32e31398fc, 22aaad1645e39fc6, 72da185129508cd7, 1327aab42fae3ccb, cf349014f857f55d, d95ed35520807c8c, ed030e42d5e542c6, 0f34c71b8e634a39, e38e18aaf52dd81d, 6a2c67322238e9fa, 8f27cc5bdbda1f22, ab185a87c41cfcfd, 4eafbcd33e05d29b, 7db04b78dbf861a7, a44e36ac0a49a0fe, 15b369e346ba05d1, cb3e53ceb5d9212c, 2fe648f7991ed561, 136f0e92bf9a6948, 17143810dd4bfe73, 501fae166b86fcc1, 391e030343959317, d773a7556cc45644, 3de4f5be60cebcf2, 164f70eba29ac7ec, 83641dce8cb7eabc, d8beb0861862447a, c5c564450bd4260a, bafb87b17544afff, 73beebd45dd86da8, 9524fa8550924fb0, dfb8ed6389bbdb10, 904e7b397106e280, b9805885d3e802f5, 5d3a8987f0bdfff9, c3dc48035674dcec, 13b6a20258be3f71, d35c27838a6d84a6, 57288d7379a35e51, 5fed5663711dbbca, aac92d3079e28b27, acb6762f9832e975, 5b43831ff8e5a503, 8a2ba5b13e1eea40, d7ad4b1503a99b47, 8bb77ebeff2b936f, 6ba76b7a730023d9, cf609f71dae81157, f33a238b0fd71052, 9b524c88733d0bec, 1e0c0587e2ccfa5e, 5917e84a9325e77a, 73bea825338bc01f, 826b7dc9b2b3dd6c, 3e66baaf114dad0b, a6ad41788ea467e0, 0acffcbcc7a23173, 152995fbaec9fc8a, 23828a2ee3649e7b, 57b958c1b42a2b6a, 03542ef3eb6a9eaa, f4503b129dea1a96, 83c18f5152555f27, 57ad4faa86e3434c, e825c650aeaa4e03, 7981cb35187522be, d6248b6ac309304b, 1b65a1b0ed35e2e2, dfa272c11c6abbf2, b7f05407e0b2f37f, d77df5954a52d61e, 86e7d253d6f91bf8, 33915cbfc82c8d24, f1fe1cdcbd6315bb, b96ce9cca3e3d94c, fc2bc775c840db58, 7a1d1d28c4a8e28b, ecebbcd954cf1582, 9f494dc05fc29c76, 8e9ecb6ece75794a, 560b065f14451568, bc088a155a6e020d, 1f597ea35cf2a9c5, 1460d6d6bafd381e, cc81ef091f443f1e, 4f4a4b61fe497b82, ccdc89d89cb0a511, d4f9622549ba749c, 07613e81ee613a4e, 5b35354ed0e00fa2, 46593db6dd37120c, 8542a455c9f5cdcc, 8aff6135cbb32aad, f294d91bf1498d92, ccf5cf5816d43dbf, 48f1823191edab5c, cd7a6d0638c4b6d3, f59ec4fbc54bd862, 08d29581d55110d8, d9b2b96e6b8073f1, c5e852fe627292d7, 60d39b77ecd52ffa, c14b8da0643b8c19, 45ce9ee8343ce7e4, 9a74bc99c3e35158, 3c5e894b0e8ff8f1, 3cefb8a522a92337, 15530b2acf67e9ec, 78e47a6aa9562b05, 4a3e8e0623c3fa7a, 25a9c2d0236929ec, 6dea6a1b45cc7acf, 56c1a9096e0fe822, d5ee53c7ef5a2e04, d5efe82cc8ad436c, 99339ac84147287b, 02c2b23a3b1fc06c, 25d9dfbd5bb7c200, 26331d5110591d90, 8269dfe66575d3ff, 5a30513d3ea14487, b15030e1d815a760, a8c854392757dfd0, 1de23db2ae8dc8c5, 36d14bbc2ef12aa1, 89ae0f221f0a3c4b, ae6c69cd7a943da2, f95ff10c4493654b, 219bd7fed661c6df, e87b55c243a8b6cf, d9bed3025f2d91ff, a3b83a52187affb6, 4ec2916308e722d9, 562bd4e457a985ea, 8e5a18b8a501e0d2, 05fc2fc149bae6d3, 1078040da83bb971, dd14e1d8527ac6b3, 67caac49deadc977, 9f625c9ba6f7fc2e, 7e111cd49a246511, 0e860e7cf3c8518d, 01929c8fa4e8f6e0, 9e756284b8dadad5, 65cdc16afe4047b5, 7b7c211658aef686, bad5cd148732d8c5, 88a014a2a4f1fcd7, 004ec52ccd9857d1, 2585acdbc095eca7, d57e220a53dd79e5, 0fb589e8efbf6522, c76caab70c3986d6, 27f64d306901cc1e, 0815761297d81e9d, 1869867ca5f7da84, 6474493cd5e620ef, 029123b9513fa495, 6200273fb197f887, da4f9ef1c83c4ad3, 2e7776021cfd6608, 3420df3330e7cdc6, 1bd4257db124cd83, c5a94a34fe36fcb1, 48e6cd9613c9e96a, be9c47f57d3021da, 0ecc67388e0c0023, f27f56104d6f947e, 617c152644d100f3, 2e99500429575d40, b85d24561fd84164, ae47f5b09cac9227, ca265da4538a4564, 3e94d9ddd55053f2, adee6d49347a0ec5, d31573afe411572f, 3479d87f00e376b7, b82074e6760f4f9a, 7b2f55439832862a, a1601b581d069ba3, 84e90f540b936610, 0e73c0a83594de1f, 3ee694d08cb72f29, d63814d6fc765401, 93d1ebb3c602e0d8, 328f5d4eb4d7d23a, 2d257b9a8dea93c0, bd28e8caf33f24b2, 10e2b6fee954db67, d0142544aae91bba, 965c89394af7ff6b, 35ef9a6faf418afd, a069bd971b7d6ac6, f2b65a7877440ca3, e9ce1913f6cb044b, fdefa81bc1ad8ea6, 20f30e4ebe9737b3, 22f69e94afbad48c, 2b3955dd3d73995f, cf4bd951694e0341, 5585a37ddc70b19b, 011ec47ceb0af769, b260054459530715, 52098ed9bde81f68, 55fd0a7a81bce4e4, 324b765fc052b7c1, b673a3d8dad5f11f, f1bd4e22ce4faff9, 5a39fc7d1f99e566, e3505736e5d3ee8f, f178752aaf1d87e1, 1278b48921ebf4f1, 659a66e83e63f5c9, 53849dbef545b765, fa67c00ba90df4b4, 862f0d96bac6a803, 8e4c1ae9d5a6c706, d16acd4b5bb25cdc, 60c63b68aa9c4cc6, 4e877b2ee24178e3, d324758763e2f4b1, 5dfffb76f6056acc, 640332f67c7852f0, 65f184ad45ae6f90, 620d7e677ba1c3d9, aba465058dffe229, 33bfb50f204fe354, 08a2345583a761c3, bbde95cc584c1f65, 1ef6177bd7f365ce, 4ede10cd0e008ae4, 3496be0989b3de13, a6a30353c04af7e6, a3313255561cbf16, cf151283266b78f4, 466aa405b8612d62, 4961d167e243405f, 912b338595763fba, 0b4fd4f00defcbc3, e95ee827e9f137a2, 8f78e070a9edf3a7, 018f2e6f5988f21a, 54ba4008809cb94e, c4bc866ba15147f4, 6ed6312c192a3c26, 1e33a2809f75c855, 9217cc2accdcffad, 777af2c66e4d2c00, 63b8d813f2e737cb, 3a76039b101a980e, 5b56e1ce1cd1db15, a74c34d2f54f6b22, 7127a08b2c9c4b83, 10f84f6659b154eb, ac36365be81dd694, f9fbe0eef9b3c3a7, b29dc749538c8be0, f66ee6242eb77525, 35ce9a128b26f960, ec044e99be84c4af, acc0d82d80f0ca99, 26b6e0bc4334e2f2, 30d5b48346480600, 5d1ffb233544078a, 63ef9f24b9f73184, 182cab443b1c262a, a4da1c76e47a0bc3, bb7d1150d8cf4e6c, 080d2ccca419d82e, 6729918aa30db6c0, 12c92f6a25ed89a7, c0c57f9a550efbc9, 5166ad0f77197dc9, 067b27be62f9f93a, da5a63b9022d976c, 074129eb3d1e28f9, 2dade9cad4086e0e, e29a7d871eeac16f, ee93745b789a5a39, 5026d988cbc5b700, 871022db139fcda8, 15546700c1058879, e5d4868286c6eacd, 14c14d6d287c0d21, 66257ba67d0d7d60, 6d9a5a9b556aee83, 6b83595893cad0ab, a377d1c3ce5a2e1c, 1a09c84a83138d74, b21ea2cff53f6363, 18343fb74c85a9e9, cc9e43ef887bf2a8, 2d9aeb7c56c25663, aeb0cf79049157fd, 57c1a75a971b6000, b033a8c264526ed2, a3ccf90ad79a0c76, cc875394cbc7e0c7, 1c51c1a88258988b, 896d11afbf7e0206, 72cdb06dd932bd9f, ab345c42b7992489, 55de2965cf317368, d866a1747413d1f1, 30c56662930f512d, 7eb8b55ad26de7ee, 484fc66314a02a71, 5ca4cc83be0a9894, 338d342df450eff4, 54fac8609d2ea4e3, 037fc4c0cc99c1f0, 8ddcd1501d39682f, d47fefe9a0c3e4fc, 4c705d3a1adbdf09, c8688a4a9e75f8a0, 4d39a5727d3d4881, cce4c6cdda47d675, 2641079f232ae7d0, 6cfcf4f7fe570ef0, 8c6e30c64348aa4e, 6e50cc47f2d9a470, 526c1351ed9d94ab, 2bcde6058a021cba, f44a36605ece9685, 8df5b977eb1d6a62, 1b0f8b032ed22d0b, 7dd885c4335658f7, 702e0c6fb2152d63, 42fa740bd2224ea4, 69cde143cd05d9a0, 56b66bf620de7fab, 703b7d386f952e77, 00001762b1f3a01f, 5bc3db679c8d18a6, e4e083489160977e, a8d101bf4837a7fc, 3aec419378519d95, 136dd6ff2e2758c5, 6d43322ff5f543e5, ab7a8a3ec91f3267, ed6ddc2f7782b0bd, b6ddaad1fb87bcae, 1af5f04d8d3926b9, 8a849c43633d2199, 6d80aefce1b15025, e7516d931ed73031, 736b2cb1f5f94043, 243ec30376e28dc7, 0f4e95969da5fb11, 7197d08686de6841, 2cd9b87a73d79990, b522eba843609648, 579798cbd989f398, 1ecb929ff1213d57, 2015b2706e48f4cd, f9a1d4ed9d747f26, c95d2b339a6e9741, b4344eba7ace7a61, 1b2f7e1f4c07ec7e, db559af7d6691f1c, 9ad81d2c21dfbd50, e7c0079db5aa084b, 392fdeaccf3152d7, 5d36c6e9843fadf0, 61a8ef7918808c2e, 1d2f6c0e85a13cf8, 5d453456afefd308, 2ddae198bcbc06d9, b5842697d5f8ac29, ffee67b78500ae34, 3b4bd6ef23a07172, 37bc52e0205a8b81, 93529b76f2472fae, a481b23d0bfb3e23, 5d1bddd5cf236b9b, 83885995f22a940c, 27de58f1faf2d8e1, e3481cd804a8ebdd, 07c356816f839a44, 633f2cfa48770950, 973a23a0b7f73899, 60158b9b13e0c1ca, a5b2949a65ee484c, 5793e2e339d63c84, be13d0dfbd66a1be, 2458754314241cf2, 4645dee7857ac7f9, b03b21bb269acb6e, 1d959d9feb81f12e, 71c20974690c01f4, 1d14e85fcdbb7f3e, c7d1f9013e48a777, 432c73e0bd89d808, 46902938f6b62989, 97c0e6c56f8f40d3, 7728c84029744959, dfb997f9c85f5df3, 5cdf22987152cb14, a413c7616a8aa924, d9877306885de5a5, 0fef9c815f47dcd7, 43ef95bede621d5e, 50e9b4c71e7df0d3, 79de55359e1514e4, 3f0efb2b8256e95d, fc681c0c37ffd5b3, d540e0093162cab4, 93c2cd9f04fde472, 64d0ece39e7baed3, ac426e7172353769, 6e2aa599a4f27280, defd3bd723773f54, c473441feb1fec3c, 5f7fbafc6552a079, fdae22ed0c47bb5c, 5c888847cc7854f5, c08472748c592346, 4ac0c61f2ed10ee6, a46d370a06256eb3, a0e0ae54db547db6, 74f1acc371e8e32a, 0cbabf868c6800e6, 683b3535a69dd437, af8610ebb7b5c9ef, 47dc44a61eaba391, 7368130919adf541, 1be102f30471a00a, 85638c64b8f988ea, 86acf82b6200c595, 5ae990bc0455029c, df5f2d1532fdac8b, 5aa206b6bc36b639, 8858abd3fcec5474, b3331190eb817f40, 2766f4fb577c69ad, 2d8ac6aebd20552c, 93704de118fcf23f, f45474b958abd808, 685f7830679d4fc0, 78a85a0edf286987, 925a028904216293, 82c68ab5b677946d, 6f02517e2c9a71e4, e38f56e40d4a4510, 16396caaeb830286, 1176ff3fe38d2c03, 7dce042c83daa5b8, c009bb4b2a3b15f8, 1b3cb27f8d6651f5, d09f4095169f59fc, 6eeb29cb7305cad1, a782c2c3df45748f, 7ff06c812d2fe0fb, 7d6a35c38f9bfeae, 8c07b5c48c4eddc7, 77bcb9e87882e3b4, 7c3bffade7029e55, 5618e85d7369d9c7, aec46d4e3e7232d9, 9189670e73bd6d76, 961e4b980da66f61, 150350b804764d51, a9c9b9848965db03, 517cc6f8725e719c, 00d576cc7b8c5de9, fce2d65d7dffc839, 919b1d84d1a3fa85, 6f1bf0af7b328637, a9b7b530290a248f, 964da6ffbfb04e6a, 5efb50ce5ea4fe15, 0805b08dae813531, f45931aa6b26e184, 07090997a2bf84f3, c7a72a6880fd0268, 90bdf275523d37ff, 593af168aac51bc7, 318ece3d8a51b97d, 4718254b5e38edc4, ec4343dfa61edbe6, cdc7d018a8a94cca, 680ef752a7fc357f, f030db07e030ee0c, 5579ca466606abf6, 41e0d7f7803beb04, 8f53a7d74d80c081, 5454a8d16650dc80, 2aed07f7c5c45bee, db939d3a41ab0288, 2c4b75034e0e4dce, 27e942b0a6fb7273, 0d02ba03d0da0359, e00891a40db3df82, 6264cec89d2de1f3, 14e6430c2b8b6476, df23f19e85c373f9, 6d7b3001f47b5a2b, b6f5935ca7a70455, d71574d7106d46f6, 575d542166179194, 1c019aeb8a90fe4f, e966433c253bc737, dc8798b127152290, 65bfcdea1130642c, 3be5d2f8f92057d5, ac05a27c9ad51327, c58bca97b919af27, bc16a15427725941, 169734c8b616e749, c8dc1315931430e6, 45537b4ffd80a2fb, df3786aaf7b020ff, ba25a1058ea1ffc1, 371eb6ceed813885, 4432c71b8a8c4a14, 21879e9d69140baa, 14d7c4312dd226df, df2abda1cb3d1c3a, fb3a6c1045b3e928, f6b838ebaa4cd043, bbee45eb828d62e1, eb9f778c13e934ec, 74e1a96aaa328478, 4ca529187b018d29, aae69a13de0c9112, 0971eaefa7f7d8d6, 8bcdc880c3d8c1c9, 0dc75f8689a58705, 1d17d802fdd7f44a, 33dc2b64469077da, 1caf4dfd2339a5ee, a2b6fe28a8b512e4, 838b0541a7d01100, ae86b74c1e410f7a, e1118e199ddfc39f, 5be8af42c9dc30a6, 5d36d8cdabac0682, 8955faccd6a3e550, 3676b76bf210bd28, 9276431b9b3fe5aa, 215b672f83f72acc, 1d74008ff62d9c55, 939f71b747f84c7e, d678c7b7d6fe0281, 9ace8d66233999fa, 8615b73f98311de4, 5561e3451da9ce9f, 91d7923cfe7dfe3f, 7f586513331ebadd, 50e9bfa29eeac48f, 886aeec55293c286, 4b0deb2dff008c6e, 8cc7bca80ca0dc71, 3acca395f3f166ce, 4f4e20c730ed5060, 2b4d3ff11e2ff1f6, 9f082c9a4374eaed, d1b36342f6d5d95f, b80eba87f921c2cb, 2dee6bf9f2c67f1a, 2900b8053f2a07b6, 1f50e3dc4892455b, 477ba9f975b47d2c, 83e148d9b09843c7, b4528e12fddb4e77, 5053f99be585f99b, cc1c7c76876642ef, c4493f90b2a9d036, e8450d45c8266ccc, 010bc3d44d8733c7, 51292dc1d10b8272, 1341cbf6560655d6, 38fb18b5f447ba05, be103934ed06bc81, e2caafd2bc931fb6, dc2384ea1e0eeee8, af7c1b675ea83283, 2092017446f1cf5a, 1c22b1af9668e416, 4acd165ee7ac8626, cb83e8cb4d4d6d61, 19f5fd0885b50aa5, 7aafe00c3e33e940, 0ebc0b61e0e2b01c, 37cb7da440af57ba, 7be25dcd8696e9d4, 4f6c2f4ef0cb232d, 44c795970cea3021, 6e963c59cf789228, 62dd4a7686982c34, 5ce269505be74384, 6f280cc4e4bcd532, 79e04b307eb45609, 4c752fe60147ece6, ce6f4166b9076cc3, 833bdf7003bbe917, b6913bfa15cb8515, fab0f49d3046bf7e, 3af5aadbabe3cb50, 85a25bdb6c3a23c4, d5f2a98123fcb144, 50d2e8b620703e70, 7a63a621c1ae6d49, 61ac796149acb274, c702ac5398a52c1b, ad35baf56bb80e82, baaf082b988a1536, 231c86c9fafe5529, 61ff446ba3a6fc5c, 5e716b4b1f64d3e7, 656c7acda0412b28, d40d4d0f3eb054b3, 77816feaf912a194, ec9c3d0601d15c01, 4f4f4767352d8949, 5680c901218a6fd4, 2432a794f5f996c4, 503b0aa173476682, d3a8fac76c9f57cb, 10ceb67ae20a4ca3, 7207d377b674e38b, 49fd93d70b57c616, 7fe6ab155609c7d0, 683b2a6c8bcb6ab1, c32da01fae0e26e0, 452e5219903e193c, 78824eac2f67d59a, 98793314219b869d, 55681f5c583ad57d, 00525872bed1c7cb, 498fc5bb4aea7187, 7343ec83da59aa81, e8993d041f41dc48, 6ba5965689747dd1, ad051117fff1dd18, 1e404cdb27f5914c, 0aca42b3a114ff40, 30967220fc856824, ca58f2c7678ce3f2, d0afaee055eb7f90, abb7fcd612c1c331, 6aadafbb0695b883, 864aef9827067dbd, 69558970de6859de, d0dbc23e4c86dfd2, 6507fba139f72bcd, 34bcd03f416287b7, 034e9c4a0da968f1, 6dd72bdb4c71fee5, 855109ef9640f062, 663f7263a9e64849, f768ccf028c88da7, c6affaefa5780d5f, dab2168d1d7df11e, 2fdefbbf3055340b, 74adc1a07f4d0d49, 1d594b1fb5f4b7fa, b2787e5cb6f618fe, c0759b629fbf07ca, 15831cf932863317, e681c5648f76352d, ba3e1582e918a9fa, e70d95ecd521c75c, 37c7cd47b3edeb90, 8cabfb4de78e781d, 42570067e95c32a2, 11745e17fb096d61, e6fef7c1b5e0b27d, b621484ebf0af650, 17a87f358a0f2c29, 9e4da7b20e9d1eb9, 83422ca398195496, 81c30552b9b063bc, 1f2ca5ce8c2eba7c, a902a222f591e661, 4c94313f3811444a, dcaabbca436edb88, aebe35f2e5abd571, 53608b780a6385a0, 2154013ce639bb26, 72aa8cf35c60eff8, 73848001832d58c5, 11c61365f458f883, a1960176ef54beb0, b44687729ef25a2c, 494067ada9183ea3, eb982265fe375559, d9904f721cef8938, 871cfecc4138fa7b, f3a578dea2efc12b, 84cea46bfdf187ca, 0cbaf4f4e509af64, 36a209ff29311b60, 397998e495504e71, 42221025907edf9a, d43ad586c9c9bd10, 2c55ed8e0c3d4aba, bcc9f4d223e2b86e, f47e3a2fad749022, 8af2eff3581dbeca, 5f8dd848333008ca, 116eaae022d9e027, 81727ef72c8cb178, 6991ceb3e845acef, 4ea334c50c8a04a4, de51184b7572a17e, 67aa92093c698e50, 1942c98dd5436788, 5210e689ce28adad, adf339ba73bbae4b, 476d0173057ac5d7, 812255b65591be85, 55944d771a2465b9, a8429766db723bec, d073d1d73d9d0a82, 026dc312b1fbefef, 3450bd70ad09e703, 745d263e40c1f59b, a62689ce2c4e5e14, 4d8158c8a59b0c7a, 1c3191c588ff55f7, db372681b9fd2d77, 92305add74a48f2f, c2a2ff12828ea8e2, 1f2a861e42c90fd1, 5b436b30f7ab9e10, 2d3d197bca12fe37, 9ae94f7e4caffe2d, 0c99e9b7c20916fb, 300f2cdd742fc0a6, 138a0bc02e2db11c, c011ef59cc74c448, 336c1d17fe12cd89, a0232214898f0cc8, d9ce8253924c0dba, bd9328aa9b2c70ad, 473ffc596560c6d9, 84df769b2853c862, f59bb1defd3a378e, e63bffb18460bb69, 0a61c91ba427d4b9, 77c8785d68cc90c3, e6665346bd35a1f0, 6305bd85735bc209, 66a7ef9ab31e07ee, 8ee8dfe91141c329, 2b325fca9fc2ba53, 0f4e6e11a2dbcd2c, 9bf0e1e9f8fd39c2, a41cfd8a12761f6c, 52bd714e209af711, f733f4388559a125, 352c1a39595f301a, 3188712ffe17ddff, 9b7c6b9ef1294db8, 916cead21576d158, 2d606cf6c05d4be5, 7545a74f4b42ee0e, b2c346cbb83b6111, 08a4ff2cd3f270f2, 5ecbd4ca71714b71, 02b7bbf7aa30a511, 35ad0a697ede97b7, eecdea33347c09cd, 1b9e2d5b73208054, 92ba0155a8667867, 6af0c8d27f6a403b, edad546fdd3bb8c4, 1538f51a7309eeb0, 01775c8089fd220f, 5879d86693891c17, 9f31b87bdb8ab3fa, d087e678e48288ba, a62c70ccc18528fb, 207c6b56593a7537, 6562ff2f366a2034, e2f226d7e86ae687, d55b6f4152e51be3, 9924a4b30cc40f56, df391a50a9ed54c2, e7dfa7c607ed0945, 634f9e7740e52a45, ccf5840ada66ef85, 8b75336d39cd4f75, c96599eb7365e915, 9522a77e59bd1bba, 89a8682c12c703e3, 53cd22e05d2dc956, d98f7a9b073a2d21, 323656644eb1639b, f498be96695536f4, db6823e01f485101, a4fb0f2a7a81caf3, 571f01f1f35c7935, a9af78a8bc6f8b99, 6dfe70998c086013, d5e426687b419ab3, f2b710a23492a1e7, 10afed2c56799852, a2373c57637dad2d, 62e618de00c519aa, 36569c55b3cec675, 09502aaa32f30bf4, 2a5743540106f76e, 796762452d7d0db3, 7b796a3e6ad5e761, f1ce56099d8b6982, ffcbe6fc9f398ff7, 0bc58decbffebd47, 567f2d9430e7ebe9, 05a9744a3ac2bf8d, 813d8e7186cad562, 89eb1cc9d876520f, ae9459ea0a71c75f, 05e0300b68e5af55, 2c018fff9fc9b153, 8b4e1ce977afbe78, c7fef3994217cb7c, 21f17229b9648dfa, 3530232562e920dc, a1239e48bd29d20d, 09473dd9c9e236b4, ea4d7a9616784b42, 1997a3c638c1ee26, c4789c960b09dd06, 3a8726bd0c588462, 1c0e9be2640846d7, 4d6f536e22845c3c, ae3947cfd4094562, e241682c809b692e, 23273995f02d982c, 8d006518313a3bda, 38858b083267cdbf, d76c5d59933a55e5, 3ee9d2fb301db46f, dcca1e13fdb88836, 7bb2d65ec7ec9c59, 5c3a5ebdaca97f15, 20f14ed9147c7eea, 59d559071e0847f2, 8038c3887b628b65, c8961d13420b4157, addb75abbf6db278, ee2ce13204535276, 878f22e359a6d9a8, 96e36b54dbbf6e09, 07ae8923a6adf537, f74345b0601f1f88, e0a2d26354ba8ab2, 9f580dfc53b263f2, 23606be454b5464e, 05b254a79f6a7bfe, 001c57f2d8feb06e, e8bbd76817a72c24, c802b3c7201dc554, b7c562dae501b950, 415109f9fe9c070e, 286f7d40409ee516, 9ef34e3fcae7f65e, e32026719a8c880f, cbe8f614625bd006, d4f7e1e5bf972497, 16ec284bd66f171b, 42a020a3a766ae69, 919e116ec0142fa4, 5105b7a254bae578, 1937cae776d192f7, 17918a646ca43907, 7f9547f107ae8489, fbc19791a5a77b2b, 4101ec2bdfcb641f, cacf712c37426df1, f5a151d490d0b3d1, af434e22b05756ef, 205818a2577f1023, 98a0dc8730408cbb, 3d725c47eca3124e, c12347011bb657c4, c4fd64c02334218e, 37cad37a23b90f8a, e0dba56358063305, c4301acfdb9a0b3f, 3de96e807b5a24e7, 2123bc3a0b821406, 104ce5e2c652210d, ddd1b9c847a0b33e, 301bbb40f24423ec, 798de1fd3dab47ea, 39c4e09e41f278d0, f7d44dac7f2524d0, 5ebdb4d53f00fe49, 9da22c37fa636289, adb780dbf9f75fe9, 1f0791e3d877c9db, 3d4555e93eddad32, 141d22146b973016, a94e800c92be0366, 65bb5f2aab33e468, 1f29844c5c3e711d, 27852c965d2f6ea7, c81d05731d10d2c6, 7984955282fffa67, d4a61ee731fdc42a, e1aa2f6e06a76241, eaa23ca1716b60ef, 79776ff0f1a0f113, b8f5c0a69bf93af6, a20703cd739854a9, 9b2acd3e9cbb3a93, 2e48a0d91c3eb610, cd1c4d8513185065, 1ed231d17ce2691a, 3599652fd94b3ea6, 4a36e5ed9832d050, 52da854f49daeb44, 9a102089c2955dd2, c8a473d2f1e02716, 70cd51c20af72690, 5bd1a01808c31db6, ca8f38e1d0bdf568, 0ff1ade6936356d1, 94f69d7c1daa38fa, 1d6f309e011d52a4, 0dc3fc682eab0f77, 339c8b813e803985, 322ab8375addf355, 56e4043a7327e9f0, 3f39fc6a4c2d7cac, 87c1da9f44d80fac, 02d93a2d73d39feb, 7761304f472e4458, d881d7f0656389f5, 2b2a1ad767b0d087, 8dbff9eeb561c1bf, ac116e46de3037b2, af285e09b1973826, 88ff576cf4826f5c, fbd4ea34401e90d2, 1201fdf8cd5ea329, 71543edb86231743, 486b12bd2947511f, 42bac79954f160dd, dbe9e5b12a5c5823, 267bc1b396fb121e, c925fdf06d3cd8bb, 4ed7d8564b3570a1, 6e7801b19336ffb4, 97ef4e313873b0e4, 07a4cf4742fdd6d4, 9b1978ac99b578d6, b39e794139aa55fd, 47757c497c201647, 16b4946066024530, 76259ab457f111ab, a1a7833495ca9c21, b4c7879afa80298c, b59f56bb1fedd24d, 47b31d1fe506b71e, 005fa0bad714db38, 8e634c094096f727, bfade50dd0c903b0, cbdf6b876137c580, 72587039435f5317, 26fe95121269968c, 4e3ac0837417aea7, eecb7900962dfd8b, de450a1ebc0b54c0, 2c2cc46461e26618, b09584d4fc03f89d, 5a813cfb64a2da11, 80b39cd5c1293424, 2ca1796e578c9dcd, 4608e40debe90111, 44c97d2ae26c6ba6, 2e003c66501a55b5, 33831a401d56f478, 52119dce0b5de0ba, aa2e5045d83f7adf, 71bcde760040a9ad, 80b67600c90dcfc9, a806ecdc0daf5b77, 83376c15ddb7ad5b, bd453d6626aefbc8, 4513c0775f48ffab, cfc215a2a0f36e39, 61eeb6545f76c3c0, 94c4df9af9767022, fb288dff78cb8cca, 0e45d720ac474e87, 1ca9655f3f95f69d, 7d2a5a47091119bd, 7d295602a5d663d3, d5d2d5575e55a8d5, c5a0fcd7790f8d15, a04dbcbcc31e6491, ae4125595912584e, df8f6f47d52ce2b7, 109d9ea4f9e00f23, 4cc3268a00ca56d5, 8252d469f6cd2ba6, 1df333d6e4c53f3a, 1d3919eb151e2e22, b0dcb10be9f5eaa0, 887bfbab6e4aa233, 57880bf8d3efda56, 4ed1021d34c27ce8, 44917a4e3d029940, 21e527bc9a340d61, 5192105264c1f10f, cfbf37eeb6cd0041, 25aa643d7f871a46, 3fdbd3bef5aabc37, 9766468c56ddd6db, a71ef2de45e8dd71, a566059b2cb54ca4, e841113483f9d3a9, e3e001e8e8b457f7, 0b0a184a34c0e88a, a20fad4d4e831471, 9f7ff9aeea0b8eab, 6719534d015e479d, 89202a0401d3651c, ddc67836492f8724, d5c63556ea0f085b, 82280c0a511e73cb, b12b5cfb17d42c4b, 32d11310ef8083b6, 95e5737cf0a68a4b, c82e9b1db5354a09, deb78f76c069040d, 7f88164f604c39eb, d88405cb02bdeaa7, 253b41f78a9cb39e, d5fb143eedbaca9b, 272c04d45ff0ec41, c3660f2720af7ddc, 28e9a8f7a0980cc7, 8c37e5438904beaa, 7821e0df67f4c834, 03cad926033268d9, ddbea15574c4a93e, b0f94f250131b1b0, 2a57771859153090, f9ae6cd9a2b01bec, d8566c034ad5ac8f, 3b2607cf22b7ea70, 5504d29b042e34d0, e38e087d8745cf0b, e721eca351983e52, daf5a25f6f1a0d29, e2f3c2b29c8666ed, 69c7b755065c1c84, a155958943a7c96b, c5d3fe85febcb0d4, 17e2b45cbfb9fba5, e0194b00f4508be8, 7c16629ddfcda5d2, 3a4fe4120d384578, 65d0fd29c4ce3666, 4c6dba2890137c75, 312debbb3357a480, 8ac62d97630ac7eb, 9d37ce991601eb9e, 6ef44136fea10bf8, 440e2ed75980fc77, c4ee5904679d4032, 62519ce2ddfa8572, 1e798b6c187d3ea7, 98e9d478f536169c, 1d8da2a419763e38, 86a15f8c6c3a9b8b, 8c8a5de1615890b7, c19a6150af2ce927, 844037e5f11624b8, 65e25ce1be648380, f4662d8a6a88d21e, 06eb8f92acbef1af, c05b54e20fe57fae, b36d7fcad32ae706, 12c75262c1eed5be, 58f0107d7802eeb4, c5cce54bed8438d8, 10d4b7989186dab8, 0c3a8953ff1738f2, b8d6c0b4cb2af4ba, 8bafb10e2940cc65, 607fe75dceb02947, 23de639c45f301b6, c25c35619e3d8deb, 200c362118b1e168, 3809635482ad2c1d, ad25a74800f30819, ee2246db09dd08da, c4eff459f00deb55, af4c285620fd049d, ee42cf4f524a0913, 2492b4cafa1a7ea6, 56e617962130fe48, cd538be21d1cb403, 8f693f8ac76fa6c2, 3cf51ec87f1003ca, 3bd165bf9b1d85ba, 2fba5ddbcebc1648, d3330e54a953f9f6, 85ffaeb04a0648c9, 9e6ef8dd8de63f6c, edd2beaaef9b8957, 9d08631182c6ec8f, e0170354ddb2e575, 7f83d8c5e84341ad, 9f8fe670135fb9df, 264068d18fdbc8d3, 139080d30cb1f003, 67318ac92a86d4b2, aa4b57c926889cad, 521abc18a68901ed, 916105f398b5df7a, 6a5c9568c86ac00c, e15308a5fd4db892, e5e80b0600f88b5d, cfd67faa5a71e2e3, 37894778c5793c10, 36e339886b9d2e29, bba566ce3cc9ef98, 98545a70830086a0, 2cc9938404d3006b, f2240bdc7e74e31b, 475c549fbb0ae45f, 25aa7d8a8f8c8ebb, ed943870c7f771de, 088ae5b37080510c, daa2d0590c30d9dc, 0852031d5f90cc26, b7669fa1c3a249a6, 1a3b8751eb677444, abb03710a07b47f7, 451ad4be94380cc1, 7f85e3c5e489498c, 2c2b3929aafdfcf4, 4a84e9ed0a684644, 0d06ae25454e9716, 6aec54225ea84a15, 350cce45c54d7d22, dee3b57358ce1cb1, 90e890202482dc4c, 7ed1f2de29ca5a88, 4abb4682a14ac683, b1002ec1aebfd7c8, 060d4f7e80473961, f28b634e8621694a, 4ac10c9c225fa714, e29e550bdcf4f6aa, cc81f1d69e17e1d9, 56731969585694e0, efc1dc9f91ee6f7a, f647703324e69f5d, 7dd44d3825c10881, b53ef43f04b1d3ef, 4c9fb8faba689de2, 870847a9f2cb3ea7, 002642acf25161af, 9ac841a78d0983a0, 4d09880a533a6b59, 1f3539d4bbe0712a, 6756c4882d1f7108, 1767a9562a905f68, 9dd272b9df28f812, 36cbe99048e173d1, 8edc9fb338d463de, 455a42e88972ca1b, 7f842309b603a920, ca88cffc883b0859, 2dcfdf1a46fe41dc, 1cbeeaefdef67aa9, e9c413d8e8b658b6, 4dcfc5785c83f5ab, c3afdbcab981c73c, 3c201a3e6609939f, 8854aeb938e8e521, 4c55fe29564017b5, 3d8bf70ad91186df, cdf1956f1131e0a3, 8516d74870be42e6, 2a4481bca5490077, 79619b561e4f7333, 91b52f9b6170844c, 78ecc3c2fe1d7354, 11057ae3cd4a9470, 66a12ffcc4f2b00c, 6ce5b616681ded14, 1fa09c8014e07652, 15183ec5f491ca52, f5616ee229e6dca9, af75a1dd122c4420, e8aa73d7f019ce69, 2cdb4ad2e0769d45, 99e445abdfc5f158, fe7c21c8a545075d, 17c78ebf0ea4101d, 2e6d84620f607901, bde4e4affe0d6127, b7834b469f71018c, 5ec763f1f14c3737, c5e93ce7de45d3c3, e9d55e891c75432f, d8c9779e910cc666, b5cde0d8738c78b4, 9ea1610fb3f3df0d, a7d417f120543ba0, 709d869023374cf2, 4f346bbf6b06c2f9, 9c4cde7bc9dc44d6, 278bd6aecdcec565, 5bb70a400494789f, f358da2758b8dc66, 5884a03550806521, 2ed3d11804ac7271, e9c80e3c9cbf18bb, de23edece0702a23, 14327f06a963f2ea, 78e9095a23843ed7, 0bb762b0401172e3, 4efee620eca75a6c, f25e96536b025ed9, 527419ce0e18aa07, 1c7a58a5624379c9, e551ae9cbf65eef7, cf37f16b77b363fe, deb68b85905166f5, 893793ecdde2a6d8, 13ba45fc8a67a07b, 994fbe556c003b87, 0086fa85312cc5d5, d6532323b83e0fc1, a4af6de425eea75c, 06d86b27ee1e3ac6, adc77f4f80ae0332, a9993b6986eb21f5, 73414797d65f0531, 3782c442ed9c2db4, 53b897772ee185ba, 5481e74b2bfd8b89, 38cff7a3c6365ccf, 7622807788a78ea4, 959966a121679f8b, 8bd0a72973989077, 5c042493f11b611b, d1ed6c306592b58a, f0f594c7a2013cfc, 621860fefe7e267e, 7a4ef9265db9a650, 975c749bbbce2b19, 2e2eabdced69d538, 3f3b47ebb490ab3a, 93d358ee478779f3, a1e87d9a32ba0d5e, a76dcecf33e9273b, 46926a1531a5528d, 9fbf09a0c73db933, 75a58731d6d27d07, f9f855bef3d3e5db, 243461da8705296c, 7eda2c97dfb856b1, 5d2c57068278e2b6, 80ff3eedef1b3ac8, ea6bbd47372a58f9, 8ab7608948feb6a8, 8f2e99699f213986, c89f1b595f9feb0a, ea3a8bb067bdec81, 3a95eb8f1a7a2f14, c4ebdc31a99aaaa3, 11a095f46bd2e398, cf3e73f94ec1364b, 3764d2a9cab45e3a, e58cef9a8de1a329, ce2d6b8084f26a8b, b2ffdbc55e676d34, d242f89df82c2b73, 971c964ced49cd40, 05e7ef9c61003023, a118df5d07c5cb51, 4bef4634aaf11c7a, 6ef8912c79104812, 92b9147f026dea77, b07e473531b02e91, c7b8412b5870ed0d, fa2c15ef9baf9151, 7f8689b7516b4be3, 19f056d06ccfafcb, 52eee6bfe7908c25, 00a01d1f591113c2, 57d4d392d45f3dc5, a5b3287ac3f345af, ade7c84b0dfdd860, 4d2eb1aae29454a7, 1a49d7926b00ce3f, c73881138624dbd0, 4cda2ce9c8c799fc, fde38c36ac4c405a, 251a369dd74e9d3e, d862e5303ebc22f9, 085b122248c2960f, 6f2143272c2b5647, ca34f82be85eb56f, 78a0ea4c06597e3e, ec42480027823e38, ee4c750b19528f7b, 88f9bfb29e7eca27, db6b9f6eb8197141, 4dd62b2c6fc04105, 71faafde2bde9669, ffac212f969c449e, df83062ad581d05c, abdc4801dd8cfe99, 60963e7433a932e8, e903aa59eeb42ed0, 1f22d6e52c303449, c3cf574e36dd8658, 8d4065b78de71827, 46cde7ca35d0cfb3, 353af407e79b46e4, 93b7e6bd7cd05940, 8b3eb243c7b9008d, e49e833102cff966, ec36ef92217b1520, 051bfbb9253734ec, bbeb2bbc1596dbaa, 7bad76aac27a91e3, 2d83080f856e445d, ad812a49f8af39fe, 78a47b38a6fbcf35, 913fe27bf2f83c6b, 934de8ff2fe2ed04, 2a99b4107302b690, 09d0bdc64916b7ea, af4ff84dcf522560, 83b2cada1f49b017, 14bd3a83d12f8ccf, 5caa959c181f6175, bbf13f5226753d0f, b3620c337834f92e, 776f88d0cd4385a0, 760cf5c3a9445ac7, 264af02b4d2391ae, d311c39700c08d23, 3082698eabc0bf5c, 895cd63001910d9c, 1c30044a14f5ce57, 5357641525d9beaa, 816c202be7f3666d, a575fa3719e88031, ffc3cb3f433d41a5, 26fca4b0afd90811, 680c8602ede8b400, fb3d9fae29935bfc, b40d1e86932f4454, bfa5d98896aa91f2, b22632fcf8bd7e35, 5a2c6cc3143361c7, d0f24ce68175dc15, 7f1d3e40c725417b, dee675fc0caef9f7, 4585a91b61cadc18, 248dc90fc99bb6b7, b546335441d41067, 9006a3b6a564b7f4, db6f918e2e9f8803, ff4e2431801cb0fe, 0f1d244038c89486, 5de48ae9833788c3, a0c24982dae59867, a60533b46e30c221, 93e35bccfddcfd20, 33fa45519045b6ac, 5af01d67b5d6c7c1, 239fced89dafa459, 2a35b6e7b6d6fb6f, 74451319130f1d9b, e6f4c61b8b435bcb, 4c0e388e878480b6, 4656606950be8c7a, 14436f52c6b6a37e, f9121674191b5861, 7727581d68f55724, a090746a80dd8520, 37ba28eaf8df7d9d, c282949e7a8c629b, a16bd5a0d0bfb7eb, 8f4282a24882f4e2, 5c5510c98cbf1f64, d35b4e2365fd5b82, 5e0101d12b2d71b0, ab28b0a138222b72, a5c425f3f172412b, e131e701aa0fb4ed, 9988c11cb817a607, 0d56a4657f3c527f, dbe805fa53acbc7b, 11c7753ce0526779, 5e6701c07b41bb0a, 46c1192dd26801e7, 10e2799726e9f564, fb1834327b6df10e, 75e00e082ac36342, 3f295e95b63a1ba6, 8c5193f8129faab7, de2153b1e0e10022, e5c5076718eb4140, c5fadd81361d7016, 622cc3c9d6812a5b, 38603bedc0076b73, e51a8652d47b1032, 1e7c7da3799e6272, 42b2d7d4c83cacbd, c90716f61097bf57, b1af02cefd2a50ad, faa88e8a6e4aab5c, 948e171a8b37c25a, 1e0aeba09c7d9f3f, 7dc2d7257b50e8e8, bfcfa61ba569fd1a, f7fdeecf13e792cc, 1ea5a5d9947971bf, 11feeb02dcaefb0d, a8b06d008cf979c7, 77cf541df04df7f1, d6ddfc5e9939ed8b, a31c668f056b8132, 56fddd1ff41bd4e4, 21b635ad7518686c, 02f7b87ad7cbbdaa, 566818d42852555a, dcc78f6d81ce7886, c4c8808f6d68d2a3, 29aaa0d0b1a7ed08, 097e2d9faf2215ae, 99fd839a2872fa25, 27dbe7800f8f1c01, 0478b9075a2516fd, d4a8ea9789ed6b76, 47d4a79ec6c63700, 749b4d024116bab5, ea7174fcdddaf693, 638809b964e15aed, 9a50ece0c25e5dec, 6f3624b1169642bb, a776b78ed340752a, 17b717a76afe161d, 13ee7db4499d991b, e92499f241f033c4, e2156bb3abd4d7eb, 1c45f7d2b758c3fc, 9f473aaebde80d79, 3781a0842ea807a8, ce99f4b91c08df68, 203cfded1ef5a3ed, bc570de06ac3613c, 247976aa56c0743f, b814a55868d1cd08, ddaf72a9ac2ca956, f676f45a6f976fff, eee996c6dee0caab, eae0dfce394c0ddf, 5220ef433045eed4, 0a731bad95dcdc10, 1943d297a9d390c9, b714ecc75ccb90dd, 8a9524524972dbd4, 5cf84f2205ba6ce0, ac53f7f2cd769ee9, 5c67d4b1cd914a11, 16310f74f427616a, 4666445f78969031, 2ee875df1e75be5b, 99f51835aaac7362, 577e453a0afffe97, 6b8716a880d79ae7, d16e2376a6252db3, 8212d7b3184fa0ee, 68cd82265a19dae7, 57d3ca24432043d4, 20d7317b64adcdbf, a845c52a29562f1e, 4d6508a580bdd586, a1616c0cc6ad31ab, 17cb4da48ad05127, efea40dc7d82e3f6, efa0df03248df168, 354262677e4a58c7, b3ef1ae69f809f9c, 0880d80855445c74, c8be1705a82941ce, 9ce282f9d28c51cc, 77659c74b0c51b79, 00c076ca5a78400a, 3aaf7e812d380d7e, 82a189f6ae3d2dee, 30dc02b04f300446, 323ada79ab1257c4, e4fe92c88e8062dc, 7988cdf6f7cb3d87, 452597ad0f47b428, f2c1006bbef50465, a19340a4224dbc9d, bd0bc062f28cfaa3, f3aef3515c11e1e7, 3a28926a09168204, f3bd0731a7ff565c, da42573360bc1113, 8a2892f3fc8deb9c, 813e2a01a581ddd0, 37fe708652a65710, 6dad60d09b7d0401, 110bd158af29fc20, 9de4a74e8b005be5, 61c01431058ec99a, b8b93ce2ebd24dbb, 85af649c4e91ae7d, da1b15a9aece5ba8, dbd9c1e15ddc7468, dc5d8cd5899f0153, 312485f45744063e, 6eeb72b763db47a4, db898cbd52745e28, f58f31f6ab1b4010, e1c2a3a10188a529, 469c7933af50c02b, ad899f3fd9f6b3b9, ac94b11537779363, b59901a0cc2ffa64, 0beb00af00779219, 193cc55fad437975, 1b1729bbfcb7f6fa, b9083e430735eded, da5b0a092d0f3fbe, ea65866154a24afc, 03f8e2c8576f8e6a, 0b2499d4aba239fb, 923773cf4569e8c7, 213133e9728c02dc, ba80e3afc5bfa00e, 2f9771fa40805801, 8e765c17887fc525, 0c775c3121581687, e925144ec8f8c70e, fdcbe9dbd1d46ced, db30edba79773849, ebfd220a30a8332f, 6d60df5eae295f72, 0cd0d5b7b33c47d2, bbb627b3508f2614, ee18e9b891cf3eb6, 30e2f259ac11a721, 8fe2a7bc52a8ecd2, 0512ae63a2593d43, 0aa11f6f014ee2ea, 389e0f12ac1842f6, 51ed155f8691aa9e, c50c26b44beb130c, 81c2feedd4ea5982, a94e3f3637764fd3, 972b2234b6a792d5, 47f3fee7503c74d0, 8eb1225bf35596da, 890c93ad9218e349, 66d439ace4f89ae2, 237f52acf36461fa, 4c51bcd9d923c646, 1ca9eef9bff8ecdd, 4de2ffa542a94ede, b51d798d1a370d31, 1ec13526f6e8127f, 2c5ca2f1aacac3bd, db9994e7851eadda, 2f344d0e187d03fb, 134c086d287cee52, 289cb11d844e4dbf, 32df1813b53b84eb, e3ceea169f4e57e7, 14046a45cadcfdb4, 38927b16be940002, 6a4bd8970b2bc1c9, bae7f2d162309a23, 2616198906d0c30b, 22132247cc38666c, ee5677842de67ffa, d5ecac2ff472a08d, 69a0da8f16350fb4, 8698b5337b5696d3, cdba4b76ab0f060e, c21493dddbfc03d2, 20e81c9a41da5ca3, a507f476b6b10c97, d19e56406de81f0b, e7fd7800a53cffeb, c94cd4fc78813ef4, 51049727040956a8, e23f9300ea8536df, 9ba03c0882c6dda7, c1dd220ebb9a8027, 8f29ab06da199bce, 092027902b7e41be, 4328dcd1bda9c407, f366b5b07b8bcc7f, d6efccea5dcd91ea, 4c39614a90bd7bdf, 3efdcb4928b8026e, e82b3b9b866a936b, 6b2822da8234d5b6, ae9c27a28da8c32c, 6a24f2db758527fb, 98e2a60af6fc5487, 3742f0ae0999922d, 556dc1169f056321, 6a967f563d23b28d, abc139a587ae2bc9, 391b945fe888394e, 9189d455bcd0990d, 9e6879781f1b68a0, bbbb97cc27391e3c, 8810a4429fa338ef, b87af0854eba0081, da4141a92f4059a4, b86bd6a4c43cc123, 8425cc9c67d1bad1, aa78969ccf6db658, 19dfe23bc6e5f3cf, 4aa02e87a2c62f8b, 59ec9da53ba29d77, 6e597f9b679f1e72, 51d4246eaac965c7, f58df960241e5c88, ba951f49df73b3fd, 6a417ee96e0ea887, d7f81a1c16477edb, 897dce587a2fab8f, fc9b4cf784492c7a, e8b8470504a1a958, daa754e023c6bcbf, ebf8ae11c6a143bc, 58e57e8d65adf1cf, aa3f00b0be7cf064, a050a2758aad1d97, 1c6ce3c17862edbb, fb1ecb6a99c6f41f, a01bc9551ce66182, 53aaa37a859c1367, 4f61309d47d01731, 9e71e46f647d829a, b51dfa3fec55a202, f5fadad13014d624, 02c16b84ec0c10c9, acff9467970990e8, d9d6ac33354d35b5, 04e333983d32037d, 6790f4f44da06e71, 7ec65d3462eca81b, c777269cab8af79e, a315bfd189d3d783, bec497972e790edc, 062063fdcc925bc6, 524095c9294ad519, 05a9ac850aa18f8e, 970318eb481130a6, 2f4914cef378ea14, c8a951bba7e1295e, af713ac64433b34f, 7a1d6c71316fb1cd, fd4c22473abd8f91, 6caaf4f4263dd8e0, 933bbd44299a1728, 87282c9a82b87e52, f9234ac6b14074a0, 8d7af6e1b6d2a25c, a41c5235ff99bfa9, 6458fcbc5ee38cb9, 8c92f1b56fd3c458, 15c99a99aa15e544, 0f27ce73069a64e6, 971ef1ad5f6939f7, b2305df98113ca7b, 461cff5bff8013d0, f73dc0759105625a, 8799298f66ad851f, 7ce303cfba12292d, 11f951ca8de0cb97, 8627da5a0cd7500d, e6a6719ca6118e58, 410abeffd0c8d074, 74d76a9840701a47, 2e3618a5d472d5a7, 753229bb21256c50, 56c05d72c8184453, 6ec31c417e12b49b, 1e1dad861a065072, 3a7e537c29691c1a, 20f001c6b4e7c84b, 5e4c8fd748d1662e, 8a7b42bd08ec43e3, 7cb58d8443479066, b0866a9c361a380b, 1d2509f682bf7efe, 4095c58f6600ddc9, ddb63c955fdf677d, 786ce4da5000473e, a0298f63945aa255, 43aebe3dd6f90a07, 651a4be34ce02369, bf44a65903ff27f3, 9cb9de94578b335d, 8f19c5a9ff311d86, a210039f3a270b6f, a5ae6b3381b66fa7, aecc5db4d60e1b87, abcb2fb82520c7ff, 8b155069a36b47da, 533c6f96f7447fc5, 2fdd360acea9a14a, 13038fc3b98efb27, 538607fa40c5dcc3, f0edcc0cda5c824b, b7fc78d158b76a91, ab7c2e9ef21d4b96, 3c609d6cd43c5478, 94b35c30664a2763, 6f54f457e9a475f3, ba1604618b8bb981, f2acb041e2e87d47, d1b6d667ac4a71e4, c1e95b9ea19ca807, 8a433a6a4639397d, 557036d38f2469a6, 7831ff966a0da58e, d486c13712c3de2e, 870f2f2e73263a8c, 6dee9e7b748bf596, 4e55765a434ccc98, d5aac4c44f912e14, 022e0a9fe58878f7, 04334f07a9a52046, 4cc82d19375cff47, 11dc004b95366178, c9ec3a52c8087ca8, d0f198704f66e07e, 10bd1a4e45a266e9, d9c0bdee7c8b24bb, f02fd4532906b12e, 5ed3236298803b61, 23b9cd4bcf48fa00, 697260c151fdb528, 01602338a580f848, 3c51a9b5a3fb9c4f, 52b7a10532064a11, 12da056ff7f48e22, 3605b61ce33d7feb, 87a3bcad906a7075, 9a99e16c4c3c8c66, 457a332f8d9f7f03, 84e3a702fce263f6, 8070cabacbfb9666, ff13dd5f0965b00a, 7079b5819cef35c4, ef9379af864aacee, f5d6d84cc8772dbc, 17f5af056d97c91e, 30744022b4f59a14, 6e8e5a87566fb353, 9f5dda5754ca6bb8, e5044e8ac143c5f4, 6acbc1663f8ac5f4, 50ad8691c0440282, b0f55396c085ab4c, 0918bff6416ecac3, 7680ceb8a2ce2565, 76f3ab2c4bd28d8c, 362c5fa4bcb911e6, bc35968621003d4c, 7fd3eac11bb4dd73, 74d2829b89fb85f6, 328ad5777b7fe154, b5538f6237a51612, 55340ceab0360e03, 7bbbcdf5d76b42b3, f19fbe647cfa64b5, c7dc7a49c31bd995, 9ee921b81ceada55, d83ea7a32088e022, d4bbcdb181f0f4fb, d1fc67f461763624, 923bb6d4bab07f35, 451a0a6b6eef17a4, be3f0a90e043a5dc, ee4d587e33dfe76a, 29ed8d6f22b46693, a631f9aa9dbf47df, aa5c4426fe4e92e8, 9f29c0c12346896b, 630e67676d0a3027, ced3448edc5f2e96, dec5cc0dd3edaf71, a7fe9f496f3f4ec4, c39e1cd22b5c3197, 3b0c2bc6e2959f84, 52164516e5becaad, 79acf2fc892853ae, d77c54b7db31d465, dbff4ca3cf4e1958, e08be01150b672db, 887a431c7bf1361c, 21d1b313cc88366d, a48d9c11d06be917, 1bf523308113eb4b, ba058542650ffee2, dfec346f18c19544, 8bcf50cbc6b24cbe, ddd34d271aee4ea4, 3a4ab18eb8cff951, fac08719d7302325, b1b639c9ae2e7dc0, d20aa2480caae17a, e56dac5e66068240, a0ba9456e7fda0e3, c8fc03d5fcf18ee5, 38efefbb5e232fa0, f6e8ff1b3e6a16d1, 7219bd548b593edb, a56c3669f25a65ba, 80cc007cfd47ea8c, e78719b951643dbc, 0b4658414bfdb7a9, 2ca8c692c2fbe2ce, dfbfbb956da57d95, 0b15140728055089, d99cc8d743df7a30, 0e506541ec36dadf, b3fa1753ffb3f121, a2ef6943c322b3d7, 913f81f701ce277f, 48b7e5c2e539969a, c82a6c57098ed43f, 2f9c5a51d66d35af, dcdb3b6254b5b7b8, dd13af75cb262932, d329bc5ee8e66d60, 4eacfb01aaf89de2, 1582f323989b5117, ba593e0b353951ac, b325a5b80e78eb49, e441cbd8ad2ee2b3, 82e319f7443b8347, b2d78a94d7f49a82, 100e4eead0431b16, 8864247c978d6d59, 3411530b20b03817, d0c626b02691e964, 9b7d328c9fdb1dba, 25df66f6ce97845d, 02012dda9ddc0ec7, 6f44d24a054d3fb0, 65c67b146c2d456f, 77ac1a0dc95ba4e0, 085ad3f5a6f7f1f4, 10401342f21cc6cd, cca05e1446c763f4, 98615da692b81b2e, 19950fa8afe3d255, 29501a0b555402e2, ac5034dd6801a107, dd096e879cd256b8, e1faaaf3418ea38a, 29b8444e5a391ed7, 5550e72fe8d78fb2, 3cbdbd4903c57991, 3e4e4c3c9390723e, 12b7723571bf5ea1, 76dc6a19661b206c, 8f32488bca93bdbb, 1eb5cba2f1deedea, 0a157506e321730d, 0266b348109f4b6c, 5a0943633dab26ae, eb9be1b8b0609178, d340cb325bd82ba7, 76a9b48737e7a0d1, 5b7cc17f5a19b21c, f4cf6aceee7c7bab, 7e43f858fa82f63c, 7d2439d91d9edc68, a88c6692e2ef124a, 50cbeb33fe727e06, 76a04cea78fc8097, 9ffc9708dbc43049, 1e1e14f8815e54eb, 996b4b201d035a3b, 797efc1b98aa1ea6, 38b6bc479a5f4889, b58b076a15520852, 4df9baad33094c1f, c483c239f83951a8, 7f7e5e8b19975b93, fad36c7e307ad775, 6ab184bfad6486c4, c2372ede21bc2d70, d5a9408c5cd64037, b371d977b18f35e7, e57be886738b1dcf, 50f89a0ebfe506c8, 15fcac6a2c80a802, 921ebd6f97741410, bd46cd2f3c54d501, b22b8d1363416c8b, ba2fe15dc01dd622, 59fa1cddd7d96566, cc9907247b4e3d3f, 26b3d55d061e7ee6, 0c6fa2f5c9c9f848, 08bc16839ed760c4, acaaf64640cd4d4a, 1daa76f636ad1e56, cff1a3a3b4bb0042, 5fde5e64c49647ed, b6cb4009b37fd8cf, 70bc3e81eb1ecea4, e6856dd62abde74e, c18ca371b2cbcda9, 7f4f4c14980ead0e, 4233595d046de44a, 816b2e59174e7c71, 84c45d964a42232a, 3ecbc382e023ecec, 4676545d38923c75, 6090d623b140062f, 7dc94fae643ca232, 3b7960edfe0d72f3, 8b5b247969cc940f, 7cd379957f30874c, f32286bae3f476ad, bc7359352659b7e4, a903135906702672, dccc764a40ceef94, 8940cfa1c20925d8, e06cb8341b9b66e4, 56d844b93a73f390, 31803ba979bfa63e, c744236f4a615c68, 5379a3e1f85b5e56, 4686b0a75d43b900, 41aae45548933988, cd031360ec701ffd, a8001b5a3ce16c89, 2b5f926e495eca80, a3401b78ad494afe, b2ebae246f0cd802, e005527644ad3350, 3b1684719e741609, 01c5d1f684497438, 72d10d29958f3b37, 2c3bb3b7a9d2f6ec, d05b1c6d016f8049, ed36281f472e4073, 5705aec9c45fbd57, 9c97bd6ae9026f73, 1592bd09c63ca560, be1759a54c854ed7, 179a28d3f859aa0d, 4c62feb7d27e750e, 70c9edab441ddaa1, f06e904918e2fb32, 722e32c161157cc8, 75686b3dde0cc0b8, 35fb2a263d97b874, e9d654375b460eb5, 612d3573415e5958, 93c4646d87acece5, 74ba727ef031a495, b1cdeaed25ea0e18, 275f7f9c0efc1538, bf151e9fc0835e76, 1cb61a57eca65386, a8f8a2dcaf4b7d68, f89a110040ef34e5, 6521271c457e0b60, bd04bd40d2a20199, 1cdf8095cb933973, fdff713a9905c2a8, 3eab4a3e1fa8e7f8, 4865aeacbe7ff4a7, 634d41f327ff17e7, 6889b62e0f943f81, 819614051a6aeae4, ca7dfff9f974546c, 29cb0ab72e540f1f, 3a9e62721dd25e13, 8f97aa1fd9ae00e7, cff6c116ad4ec7ae, bf90a945f38cd919, 009cf841952b7f03, 67d7293bae3d7917, 15159ee7f01ee4d5, ce9961605b3625e3, 0e9739e668c67ca0, c348287bf6b0b66c, 195a116e6296ad28, 6480c98d61bfae35, cf7294d54dabc00e, 4c4634ad127b025d, f738479b0a932c05, de9405c1b9eec0e4, 87c2bfb4c9925c34, 576d50c06b5284cd, ad9c534abfb53bd0, e9ea40fb67a52e82, 78b503590a8383fd, 431ec37309c833a4, 82b2e3f4ed73b082, c0ce250440c7578c, fa7bc5d5f4e4f6bf, a2f149fac1d55b1b, 0e32834cb348e8f8, 3135c6932754be89, 1347593a4eb49a0e, 37e2b2f6d03c0918, fd024599a18244c3, 4f7c8456b11528aa, a59928cff5fd6d33, 3adbaaba569af8dd, 65519daaba41a89a, 56b9805ccd0ad824, 6323cf1c51558bfc, 71ddcd426b3fe3e1, 290168a73f599f8b, 00f79e2bf8bfadd9, 15b8bffc7aa57bd8, d162895fcab5a109, cde6628367f3f8ad, 0f6fe3fd41fa4c4e, 766f1f8b52821800, 7bea9fcbc9997693, f21090cc3df58d38, f1e5f3b19370cefe, e0ea7256b69dd856, 4c53462b1d04d001, b567d92a91e55367, 466791cee24c5149, f509529f260e2476, 889ae23ede4c76f6, 91d995a5c66fc093, 87495b60003b788e, 5d47a25752315907, 124abc822a832067, 66ed7d703ad32eb9, 4d800cecea7616e0, d7667e0c43484842, 607c0130b99a3422, a5fd5df30e3ab2ae, 47462ab54b549601, 2da38167045051e1, f0d05c3560e91397, 2cce18b9122528bc, f3d7c11b40c15eef, c55815d7d69e1102, 311b1c3f0d43f805, bb7f91a87a574451, 2104ed88676ee6e4, 435a0bc82fb1bd83, cf906bbe3477638a, 649beb7f40a31f3c, eab3f6478977ed70, 6caacfae1212de4e, 0f9432ea76172ba4, 7da2bebae5b66b4d, 90f2b9a5847ebff6, ad7c3f5574927549, 3c636d3cba33f97b, 11acac9c49895cc4, 33346c150b87fa14, 8b127a59733e8e8b, 0e1c4a1e9551d711, 150f83c2ac259aab, be477e0dad0ec32d, 1be30ec91d49bc79, f51016a3136bf9c0, e213f2b038005b74, d3c80e5fefad9602, f6d3646852e800ff, df5fdc3a632671f3, b4ee21b652f88b11, 828d8aaf7e8a34b6, 6442ec9e7e6e1b76, 0363ecf28201b342, 05c9607fdbcebbf4, 0c38839a094e14ff, 86274e66625969d4, 91829cbc23b14278, d0e1544ebf7875fa, 8274b1fd9338e0e0, eb29745ff2e28737, c8592b6fce7e43e7, 55916effb314804c, 05eab785f7e84365, 17f003ab67b48141, f6a9a117f70ac37b, 15e3ad463449483d, eb8c7c8cd01ec854, dde82ea764d7517e, b0850a0f5be39cc7, c99a98a8754e9c06, acdc4dd7e124819b, 5b3bc0b23f34deaa, c316c2804d918daf, 6e36dbe8a1034fee, 9954e45307332b3e, 8a5d0e858766a9cd, 3b1bc089398c1909, 049d827f0ddf001b, 89018ab9f59bd647, c0a981065af7c0e8, ec1a96933814f5f2, cd9c1c9f80c91876, cd471124e9501b4f, 3312551b367d871a, ea003e165c57caa4, 3de219ab9df01c5b, 312671cfd48f3ed8, cf254788251a2415, 915dd16e77333a56, 125f524bbe5a6c97, ae7e7502fdac472c, 3a9b6c868f73ec9e, 7a687d51623bfcc2, f59e2d17e153db1c, 1db11e313a1013b0, f7882c46790935de, a3e5871bef3079e4, 0581f05d9fba458e, 8e8274e0f0d88dc9, 5e52770391088543, db041041741a42de, 7c4d05a344dbb117, fa5269a75572adc5, 59a9efcc43e9c3bf, 8f5d432888564ee2, 5b59046fcbc2ecc6, ba24e616b5c1ce30, a3d7252659c1ab60, 0e9d1587f764f0f0, 9914697e14ec7a83, d03cbf946dd1eaa8, 3dff4693a360041d, ad5f49e6e4477e05, 43014559a5d2ba81, 89691e2bb036ed20, dfc2aaad3b6bca3f, dc3f84a76202c42b, a8b2f6a6cc1387f7, 947199fb2e349cc3, d8627be30a723d1e, 2a7f7f29e5835a2c, 9ca2bb863b07afd6, d31734b86a695ad1, 8c9dfa7f2ba43a4b, fe692a70d67b85f6, f9f8f23fa975bb75, 393d91c5f6b95248, 9f522f55ee8b7293, c88b72b60681c1a5, 6a2356d9f7aaaf21, 46a3b97bfa8af084, 3fc9f69e3fede50f, c79e9c440bfba021, 86ff9fbf04cc3d77, 9a922686a9a060ca, 6ad9ee6aa0fae01e, 0a7333d9b97bd832, 5828ec63668c1701, b726b7bc3a16234d, 409f54ed6c8d1114, b42c8d5f1fdbe914, fcc6295cfca20196, 048f699f69b6b81a, 385dc954a1d68d32, 76d3ec3d3d3c608a, f3223e5f4a58cc15, 7c67562f34f745fc, d22987591e558a73, 47c60031b80a96c6, aae26a94289443d6, 93f5c6fd856f6468, 7973c9798075ddc2, 592d8e5dc0a655a5, 588d83314485f348, c7185d4b471fec52, cea800fc3bbace75, c5f2efaa1f9e893d, e2ee9d2c7cb13fba, f5495f1eb439791b, 0bfeeb115d663cc3, 69464744cf05302b, 2a501152767973ea, 0adc157421745e2d, 249f84d999d0d985, 27a1a4c3303b5ae1, 7f56e11df2985393, 81a35f79ae8aa342, 72dca9cd0057a0b3, 0f313880d01984be, 8da8e0a13c6e2967, 7ce4c6aad261e06c, f16e977cdf8732e5, 6414d66ccca486b5, 817181cc0ca8412f, 9045cdd9d0d15aad, 4e8986d11b688719, 0c86555b74d7086f, d3039575ccbce0b5, e63e5cdff9c24fbe, e90edb775f9bed4e, 75484667c9ba9084, 8cb1bee8952eca6a, 123b6f8e200e2b7c, 319375fb331289ea, 47b06e24918f87ef, 148b4886c8b471b3, 2923e9357b633db7, 2bb65284d2e58cba, 3ab3174c85d7e968, 8db8217615c1fcac, 1a9d34ae58f73a24, 8625891c6f101151, 6bfa8e7fed3db821, 8a6b2afe7e2800de, 829b041616301f30, 39fd1a21b800c536, c6057c31f94edc84, daad3e0d64c45cd0, 12a9985d6004b9a2, 6cedbd24afab670e, 01b329163c47b6a7, 9aaeed49da8d2253, 740aa7e6a0a2a47e, 1ac7019018579048, 7f567741a5fcbf53, d4da324d3a783264, 745c40280c5f59e4, 6b7b3d145fe8fa34, 359def4f0b57b789, 6a331dd6339e79e1, 5024953175eaf8d0, 6a72edc5a946b4fa, e3cf2daec8c51c6d, fb670d594588ce17, 8a9ee2e2c4b4f7a0, aa53839726df6d32, 31222553fee14898, a77540a2fc0fd5da, d3c1c2e3c90f1bbe, 84435829ed73bec1, 6b3a5a30a4d7639d, d5626cf9a1dec808, 3609300df146bf7d, 2794e08e381a70a1, ff8486b1d3da34b9, 2a679a4f8d250f96, 5a2e1cc55b3910e7, 27762a3c70ab82c6, 5127a557f1b2dc2b, 9d5c2b34ee2d6f09, 54e9d5973cebd718, 91aa8444ccb757b2, d75b84d30705f86c, 740667f97c7af5e8, 4cdad7bffeb275fb, d5e647b47ec84ba8, a73ce500d192f517, 71d75b506926ec74, 804ed0dc629c3d3f, 9d717eaab74b13fa, 89d654105c7fb2d2, a50969fcab1496fc, f84ee1754dea7852, 3984f23b52f79e5b, ea74f3e4ce5d4e31, fe1be0363a1a2264, 7897570f0c3fda5e, bf85712b21df7740, bd05afd3b4ea9e37, c8d6d39062f126b2, 0d288fe81ed6e758, 910e872b62eb42fb, b7f1a1493a940c8c, 0fc98b8aa4ad90e5, 26ea380f62508c00, cf522e5f009d86df, ed61972285156116, 178e5e70825532da, 8e1267a43be3ce65, d06312724e3890f1, 3a7fd88e8de18203, a48ee91cff46a7a5, b795dc74eab411b0, ca153533dd72aecb, a2dafcf708b1f4e0, a2f5bd5993febee9, 1310250fc6e3ba65, 06e14e730e85ebc3, 9f3fa27cadece338, 5f9177d50571d044, bb28a9a5a9fb867d, 60d9d055a7097786, 0edbdd9bcf449fb0, 598e79a23212e00c, 198734c37a7bb0bd, f502a0b17d725f8a, 17fb021e947f0390, 626cb65292fd6296, aabee74e768ac4fb, a681408e19abf9a4, 8ee3b95a4dc82265, 55d55002588fb5f2, 66fc9a7bf87d25f7, 65ee908f32e4fb31, ad5019b42adb829f, 04dff5591ea39609, 81ce486e368df9f1, 52726929c9ad2ba5, 62954f4bd372e1dd, c51088a8273f44f6, 8ef3411cce725b3e, ebba55bcf0b29a35, c110ba1be8ed110f, 8a7e931cd8c0a4f2, 1a48b25f110ac0ab, 059297036f723a4b, 4a3e61810346ffc2, 69f3dac72cbacfe6, 1d335c9c05d94a25, b1982d4afffb577c, fb44662fa3f8b731, 49559fd544dd9eca, f69570cc0b32d25b, 151bb0ae8ada30a1, c84a263d62e4b79f, 364115170dcee0b3, 3eff6aa8c2b38d76, 5b677fd93a9a458a, 1c3753685bc5a291, 710fbd4b7fe6f15e, 5190028cac7ac0a1, 949ab48b4140dc5e, 9d14dd343343e1dd, 8a4d8c8d1779f968, 60bddd3707c39920, c1313bca1765ec67, f88f8956b9c87977, 34faf0bed2f7dfe4, b32f84af5ea6e19a, 3478002b3c60ec50, 60a40060447c5d5b, 91504a0b857e5322, 94883e30bdcc3f7d, 9cada9a2d068fff4, c231fcaeeb52da16, 9ae17b60370cab9d, 6675299050afa8f3, 1aa9f0eef8372c0a, aae655f8cdd75535, 42178ddc39612f41, 7a0d78890277e30b, 5ebfe5c79f8474af, d39744285630f6aa, 79bd418df76c70bd, 69cf62d5d16aa4f2, 4ce4ea8eb17487e9, 6225ff342d936b0d, 5b3556bf2acab666, d08b080704919ae3, 30ff0b75fdd3cf4c, 2d84fea29a305617, 0a507b0ef95af585, cbe973d0003b67ad, 0c04e8c275af0efc, db89bfd6db401e96, 8eb0f51e45259f3a, 5c4e72f515c7133b, 1cf303f6954af30a, 57a008763aa9f39b, cc18108f61b2f697, 94749de36686390f, 9da788157106c5ac, ea99c96b9581d867, e80cd5cc280ac1fe, b6a891b21c354e08, a1eb66b037ce92b4, ea5eb2d73b80c3ad, da6d408848e13d7d, 5fa8f6aee3651923, cc422a79f0003279, bf4d942c4c1724af, 35c1c798b91c28ab, d1905bca9c31d18b, 8fb816b2358ed632, ef98e5bc88c1ece3, 2e126d4f0ed90832, 11fd356413043138, 30607b55e054c2eb, 466a677bf17f718c, c3fc3eb0018bd9be, 436abbb4b6df164f, fff0f22b4732dd25, ffb861bab84fc0c9, d5aa81c7a9c7b93d, 4b270d4d1e2c9e92, b20412419a069d07, d4990f09d8f704f7, deb25e1cec517f76, e91e05a8e3c56487, 787336d0689b5fd7, 43b58d9b81ea6d74, 0bf09af087a1c49a, ac711fb5eb063815, 97972b82327f6d1b, 1b09ab8b644a3c8b, ebc9fe753d0cd227, eaa34e8870ae18ff, bb9d539acfa6f0f8, 718fdffcae96db82, 79821669f352063e, 5327ced51dd7edae, e88c0d20b7a05ab8, ac1ab3547d51095d, 261f21bcf48b49d0, afa93fe14e710929, 89aa7966a3e8435f, 09ef47cdfd9e0648, 86d9b4c86d412a7e, affba5e600992e89, e6b76c0e0990a21e, cf7a2b12af984def, ad2fe2f84c68dc11, 3189173ce1648f7b, a466bc5e293be273, 6cefb14b534f90dc, 44a5a79671c814e0, 31a1ac2d2757b41f, 906006418dd0349f, 9e799d6076484362, 31af69bd29ee798e, c20cea32a635c95b, d0556e3064d7f8d3, a0ae58ecef2b28ac, f07d0b450a9485b5, 3ecf45155a755d2a, 16f6defa37e8aa0d, 7f268dd16c1b30a9, 0e9bba8ddf12a5aa, 25fa831a319613ef, ebbfb1ef19a59c81, 5a4239ba435cfd63, 6526e22b3b8ec29d, ec39fa63e86285c7, 9d507057c4bc79aa, bd0ad98aa4ec9e1a, 65da3d3d8e9db6d5, 387d9e7fce874939, a3cb9554f8120069, 919b3234fce58471, 86fb11cddf7a366c, ff4136b0a14a3adf, ba7d8177c36e44a5, e571dfef5c6a58ab, cb84bb1a86c61d36, ea14da886e8e9df7, dd5c8749f07cf1e8, d56fa230639d8d16, bb7ab6ed6bd63df0, 13e3000dbde82fe7, 106971056a51bf19, 516cd7d2450cc4d9, 5d820375a6a42369, f399907a864e395b, b0667c8e25dd8b47, c098362262786efc, 7839423511022ff8, 51af4fdb9cada113, 97cf90833572b3e8, 7621e5ce57d592e0, 3ab8b7b845c8e8f5, 897f2adb8565f969, 5acd8627ffa913bd, 271b5485028a7dbf, 0752adba3fd48493, 755ef14faf574ecc, b48aae0c95a6b0f9, 9842fdc7da028498, c98ac0afe5769647, bca950a7a8920841, e4df9f25e95811fd, 0807fdc078d27e78, e3deb34b51ad0622, e781c373cbd3f157, c2f90d3f654fa4c2, 6a9ea1bd45f5fd6c, f9c906dd93d744f7, 6cc7932ff3b94c5b, 5fa75327441f5860, e9c44725dcb9bf41, 556d37874c223abc, ee92e1f70389d155, 96d2f88aba74f98f, 5eed3c2de1434d8c, 72e209fbb844bb5c, 4b87c09ba5d5be1f, b4a5650f1e0fc4b4, 35b07c251dc6fd09, 79bfa9816bcdd630, f70044ff4fffbb3b, ff3abd0e114409dc, 9654238cd647d627, 127df1b9b105121f, 37fbde1a29f16edb, 83d404c1ad56d7e7, 36da06852ad8a02b, 2b36a9c012a426d3, 2388d79dee0d51aa, 9f692298fee46c52, 05b9c876d90f4186, 9b686624ae5ee717, be45db9d42404d35, 3ddf3330a2d65a22, fe895bfad846869b, 93b066793ddb8b1c, ab01db92d2121810, fdbfbe74184830ce, a6285aa3551d8cc7, 17c3700d699a701f, 51473ca31c7da530, 7fdeb29e0df41602, edd2f449e229c1fe, 8267ee6f3fb8805d, 0c7cb493bda76457, efe8d0fbbb643c83, 6daf44fcd5e4a7e6, 07a8f51c140aeec8, d120d3e9972748f8, 14b661fba4b94fed, 68a03ec722ca90b2, 300baf1d761bc6fd, 438e972759dbb8e8, 620bb1be1d820561, a50553afb220c5b1, 970b0ec694acf420, 83a3c9899270bdd1, 073d646f5ccdceb3, e29d470254d0dd4a, ba7f99c16bd12515, fdf57f886943d177, 20b90c51c7a08146, 65cf4d1f1136ee61, 55c06c82887e6917, 187aad002e9891f3, 0a77c429c81ce3a0, cade3488bc4ff991, 43e4dd9daedb9ef8, cdca040f08fe2a22, 96ccd6859444c942, 217dceccc4040dcf, d74d1741567290c5, 31e3909a1b318ca0, 410059ff51c97976, d887f9c2c8b70d58, 7914f001811ccc6e, 9daacf49b1f3fd9d, 3511572e4772d256, f92fae64d42aa6cf, 669cb544c50d2779, e6c8ddc6d844676a, 5961abde6130b3bf, 8c1934043870c4e0, 39002f8f4799ed83, 8029cb19a5d0b640, 13e858b3dd033cb2, 11ef8998900e88f7, c1b5c31f9e683e73, 32f983cb2c85d7a9, 00eb17f2bfb489a2, 7d92cbed45f9c2e0, 6b7268bb25107507, 7682f433476c05b1, f512dae21dc48a9c, e76c8115a08ad392, 524b43b5313dbec3, 6aae5be120c25928, 41e3efd3763ecbe2, f14e20900b919841, f677366c6dcbf477, 7ee8d4941aa77962, c044dd81fd47aa85, f9c91517d5807d20, de51260286f223e3, 662552be4580ff50, f4185671315eb217, b5e12246b7ffcb7b, aacd63131208969c, 4150a23d19b76ed4, 7f1f3ce741333ffd, 0f61958c50838fa5, e17d6f31b0d116aa, ef4f02e2cf17d16b, 727b742e4e46b741, d191389a3174cfb3, 74024ac8c6298018, 0aa548f5d0f10387, c3d7942f98b30577, 8d021a0487e8fd6b, 52c11843b4090cd5, 9068e2781aab85d1, b713f6f6c0bcb759, e59eafb3c1ecb350, 3c5d2c22ab9f84b2, 95264f2178f5e9d3, 05d84523d0244ae5, f79ce326f2bdaa2d, 15ffd81195e1b932, 7edf87e9caaed066, 15332236715a724f, dae3d9452d17bc7f, 2797faf9b406522b, 0e9545bc6b6259c1, f4e602ad8f94442a, 2f7717b18bb8a7c5, d06b1109ab68fd47, 1375732ef3426e66, 37af879d2b7e00f5, 5acb5771c748cf5e, 3fd4c07f31a8ee4a, 9956ba6b89f28c66, 338f291866d89d39, 8baeaf45fd9522f0, 0c0217083deaee73, 0e04d6f2d21c802f, b80fc936d162b3a2, 3c2af45bbad83efc, 925971a3be264aec, 9a95eaf707db6705, 27478d0203cdaf3f, 06694ceaf6c103ed, 69ba0035f290404b, 51cd6e91802bc1f8, c88fdeaa2b9e27e8, c3b49f2ee3a7127e, 4032781e7337e54d, 26cd55217edadcbc, 65e2550670d93eda, a88c02b34a714ed0, bf86089e9a4e6751, 9c60e23bb4c016ca, c0f761eeb745d7ac, 2bbc4bed572e5f1b, 33b5c3512d1311e3, 0a83516d5d81e192, 0faa164caf47e1ab, 24395510d018c1d4, c99f199f5551ed99, c3352a41bae08d9c, b1cc06d54dd85678, 1c87d6c511d12f85, 6fdb99423ccf1ec5, 536cc78a82da53b8, a3ff49948d31fd52, 48317d46e93d21c9, 375d065686e66317, 90ea3b2aba06b88f, 8206ded52443e0ba, e90f5f0f319f7395, 7a0f6a79effebf58, 6f94abde90db05cd, 01981619e50069d7, 121147db396226ab, 99a6be6de6201d2e, 23175386ee7adae8, de34493b577b5247, aba5c5b8871728af, f76e8edea3300adf, dfe6b1de5d3d093e, a93df3edda59efb4, d60da4657af15899, 324716fc00a6d5df, cf381d104fcece90, fcbdf28815f99a50, aaf3132486c30507, bc925339511246ff, 12585ae3518e6aac, ad7f92baa4244bf9, e8dc69012c4b81e2, 7b01596e887ca680, baf59035adbc4a20, bdc64a10acb19aa8, 436fa2c640d0d61a, c27da81c284d276d, d30bef3abd87e077, 771abdd036dbd237, 87e669058aedb83f, 79bacf3150d541ef, 939252f1c0680ad0, 0f49c122bece5a4c, 86318480407e0d48, a84082c6903f57b2, 2f140fd5a4113643, 0b99d82c6764b042, 490921ae956d6320, 2b694aee7c7441ad, 254cb2280fa36926, 580a97405e493ddb, 8f92bfa5891ca75a, 7081d5b4daa5c03d, 0a8ed69054f1fa41, 37d2dc7fc2ef41f2, f85f0fd0f110c0de, 071656f068575e95, fa8408854b338b6f, 397c911e997d3ae8, bc1d0cc7f228e1b2, c06e5b40be0eacc2, c3c57415fdf2dc39, f9713db834e460e8, 24ed2c5e18fdc8c4, a1599f7422be610c, 7e441dd43e9b9a74, 850c1e798e1bd609, 273f91b4e171a4f2, 12f3fbb0be6ccbbf, 97cf2ae550774df9, 3f4964185800c355, 94aa0420d596cb2c, 38e204b2f0b9f91d, 8dce7d2cbd08db4d, da2665beb36e9e11, 5853c6209f827c9f, 30d3cdd7c6a327eb, a93beb5797f66ee5, 0d643ae38be9f39b, 110260028ffee03e, c57f59619205c00b, c65b6da81eedb68e, 18d231c3a85eaf9c, d8f0a5afdb2b0e12, 1114a0ea24458af0, 7bc04978a2b3d418, 29ae5f418acdcf17, 37e9034029fb5e23, e0cee80fa1fec721, 169d2fd2542c866f, fccb54cd677d3c97, 5ceda5f58b19b479, 0bd2dea3dffa3e1e, b78423c3688c57fc, c605b897cf5f48eb, c1290d4358cb328f, e20c05ae21b33444, 622f705c8ef9e109, 022ebfa73eb698ae, 957d71f4b9759955, ffc305d57293a2b6, a3b3d79699d4c698, c99d92174ae2763f, d6932e042dfc5aa5, b707d8f912f6fe9f, 6e33060a851ac1d7, 8f9b4fecd790f074, 251a805a40cc155d, 0d63cf6af56c4e13, c81509ceb42bf5d4, 802e452563694e9c, 47d7cf661a704e53, 8ab1f03c95ec1131, f975b07cb66a8edf, c834846b2112bf1e, 7c7522d5eb301b99, d44f7820b67ac68c, 38ee0862d3a513ff, fa066893d40e8e51, 9a805130f7ad3eac, 81e7c913ae7b759b, cbdcaba00a61b42e, fa0a546a8e6a3793, c5694a86ac7ca8f5, d33b60f10c0df0aa, b2c67a8bc5ba91ec, 64210880209955fb, ebbdd0ba340d8264, a9d2a230c2f2e0c2, eda1641b839cb61b, fdfd9900c748b382, 880087b815201d8c, 2a8af763a8cd2936, 7ce8dbb968dbb162, 9307352a5ba8bf43, 92a98686ab6915ab, df5f57dc6f42df2c, 69dabe5f233b349e, f1e2af90f10492cc, 2ea97c5902952db9, 3eb2337af0278a1f, 117533516bf3c3ac, d5335928a9ad72d9, 854a05e50c26a013, 7dcc7a05614a7811, 6ee57b1ab40c9981, fb7da2a036aa7438, d51c7895fa86c7d2, f655d2b4c6f03a6d, b7e0905fecb1da13, 281178bfdd6df6d1, 86b086d40d7f4ac0, 7be2336185f05131, 6dedd1bc46ef8c5f, 3f2eab14462a4c17, 6bb2cacf9b4205b5, 1fd22c324d77f05e, a65e7f5504343727, 08985dcc402e3940, 0dfa020e91e49006, d4a148ec1c9f0adf, 4ccbe659bc515f53, ecb7a12bededb4c5, 28309f90ac36a3f1, 85dd4fa08f322c1b, 863da71a7110df97, 00b76c2279b97407, 3529646b1a7d9ef9, 1404b8ae19c2f74b, ed5f860ee50e861e, 558154d991950ca5, 8cb9fed5565c3cda, 879ca41567e4d656, e55dd85dafe99f8b, af6d29f1d50a10c6, c386caae66b62750, 6cd98026f9c1f901, 5397020718decb9c, 860c8ef55649c7ad, 6182f5dfbdb8ec05, 1953681e78c6cf34, 373283f597c3d1e5, 1142795e36702f40, 63e71733bc87c39a, 2ee74676808c5c81, 58d18ba0d759e55f, ba5730ff812bb994, 9b72baf5e51bae3a, 3cff70162ec57c72, d97b37ff1c4803aa, d052451cac17f695, 1f152096a80d4b4c, 2a1a7659cfd72db7, c57cf6824139378d, b2535f3568a7a321, 43bfeaaaeea2c2d9, 8b7b578ce5cc643b, 8e82e63de163d223, 8630aa0e508176cd, 2045cda77bb1a383, cbf10b4d738cdfdc, f4de339bf4949ea7, 2a5bc891d7ed2481, 0c1dcaaa09c3b28f, 4012e5d52c7d622a, c22703a403e5348e, ff0f29f7e55c5f85, 6365f59d82d36f45, 0b103e1e6e4cde85, 849aeb2262084bb9, eccf56c9218b0024, 67636d2529effe26, 7c5434f3857aae73, e6c4a24e07627483, 2547b7ded71d922a, a4ac208a0fd03f68, e3a316552a782297, 424090cefbf38536, 52b33ed7cda6831a, f69b4fc6409ed4cf, a73b4e60e66dc9cf, 98e5d834d62883ae, 0f2e2cb29518b551, 17ac7366d4fe7c9a, a8bc28e3dbff0888, d8eef194bbc1101f, b963c121de4ce9e2, 1d1c7f076829b2ad, a5b2b4c99f924e6f, 3b5ec5563bd70f50, efdd5ef567465941, 3c1dd34220693b6a, 2f3d6ce830943cb1, 5c5f26cb7adf8192, 72717c0b9d95cb9b, b6a9070a68f14054, e26af2a91f4a399b, 265e8fb7fa29b9f1, b18961bb803dbbfc, 4d3caf490129f76b, bb0804980d0bfba1, 4e486e504dfd9194, 8ae19d899990a5f0, 77bc4b7aa9606bbf, 176db4f2971e58aa, af1d73685e0b0f01, afc43debba160953, bf8a35e4401e4b4c, 1711a255e03a404d, 69a31c579250e103, e1fa033af39a2321, 598125822bdf5af0, 9a51588e174ef394, 702a097c674f94d1, a1a6d3067d986e85, e81c83db834385bd, 3f5016c24fe309f9, b7c5b1c427c1bdfe, d58d5eec8033d92a, 0a0549da0ac29c71, 2c18ff20811090e4, f492e7b83f1507b3, 54a6b5742f276998, f56107654e5691b7, 034eb9bd032e18cc, 77a3f530024f70ea, 6f448d64ca66bd9c, ddddeb2fddb308a0, 9ae6ec48aa588698, 0190cb703a1a0097, 111c3549c87e0eca, f92064e7ff456308, 09ed4c05005387ce, c7bd917e59ced67d, 32875003b16cbf5e, a2c1ed7ed5c4f0b9, c0c3dd7abc3b5872, 6b68c745db123efd, 1ad501da119f9e3c, c54b1080cc46a942, f6b2f6ad88d03b27, 411404fe1223182c, 7ab6a5a2601b2e1c, eae2f51b1ff54cd1, d4ade2c8838a4752, de10d08b11bee7b3, e56710a8c300337a, 43af0c8568550f65, 1d575071e88fc867, 344b3512c19b8275, fb9672b6c906738a, 6c078fed86045740, fb12da0804f17935, 68fec822bf65bb2e, 4e8b985dbe42079f, 722b552913d6850d, 8fb8ae384c960f56, a88c93b32bc79d70, f1438f6c1eb0e9a5, 2cd31851ae58f789, a5bd3e3f531f06a3, 5105f8df10343510, 49a3512cede77d31, 6cc1847f97806f2b, 231d3c6f3e31578a, 70cb0b8f24e0dc35, aa4ec317caf3b42b, e283cf999b154c8a, 4b45c3381eab0af9, 55abe2a431359161, 54912955c1697254, 2dc82b9e884dfa98, cb2f3877dacd0434, c0b27362df550b0b, db23faed044ee390, c94d553211f97427, 215907fed439fe76, 854fcb73443a5dae, b85f05b5a4f9566b, ebf40b61ae76380b, d0bea39fdb9168fd, a4db980437500a1a, d42b0a64d5fd020c, dbb1a20b52f9f43a, 4243d9b57c950153, 423bb8615ed50759, 3233952f4648262c, 0af553644bf79943, 586acb2ba2ef3cdc, 6f9079e49118c6b8, 7785e32e159fa932, 6de23d21b7af47f4, 7fcf356314737a37, 6cde76920e9c58f4, 43ef1c952ccb0206, 202a747efe6b4eec, 94040dac87eda652, 820e6fa47e1c6648, 627dbea29b1c21ad, b12c2aad650419ff, 6645941f871b9475, 4560a7593d296966, 9b6e689a0ef407fe, c85b9bf78d93b089, 90be82691795d292, 8ae897ad1cb500bb, b45f5de4b3ef42ec, db837effb362cd7a, acfb17350c150c97, da5b563c40246e81, 39069a825c4721b3, 37861f631848cdbd, 24bb62545c5c6b90, 52d538ed3d2b4b0f, bf347fc5e0dc5c0c, 2d547c6f5294fc1f, 017e4f0b7947de4d, 196ee6f3856ae229, 9306367e766289d9, 5835135dfb463c65, 2066250b026bbeed, a347325487d6f1f7, 4dfe75b0fe7a99d9, 57eb59b083247ff8, 0d637a3e55ea04ec, e3945d08c3055fd1, 1ab2d740cd50fe08, 34af4adcd35221c3, ec03b745a84f6e11, 3ee2907511d0decc, d944147e808b1003, c15a3dec86ae63e4, db5fc951242d3b06, d9ad747f9e2b3895, d8284cc7611770fc, e39d0dd94f51dfab, d77ec8289a20035b, 05bcc9279d5ac178, 913483c9619c555a, 7865264281e8a94a, 5211b88936090be6, be0034bf931870c7, e503129e4f44d610, 392c4320b648cd93, c77e0e7218a37e18, 2a3ea7ebbc9173c0, 16fb26b6ad38a58b, 0689b188cbb34a1a, b94ae45382e51f5e, ef5ed1d2935dfcc3, a3cf8a080b09439e, 56274b0fccc57c68, 8ff32f83fa3c0016, 3bb25f50c7e3463a, cb417bdbe5673765, 68ebe8c4181b8420, a791d492de4732f2, efdc41b89458b7d5, ab34ac0705f5e3a8, bdb4375e6cd90f5d, 48fcde867fb7df50, 3f4159ec6ce60506, eaee9a8d236d4a15, c92db82db0d35167, 46409272e93e4433, 5eac0133496e5003, f9ec1dabaca3dc88, 23d45d65ef78cfd2, 587f6eb3d1319f53, dfc7338aea3c5358, 566ab5c25e06de11, d15b771f1e73393c, c38434b05073c73f, 24d6e96df72e999c, 9e1368b302db112f, 95dfd5272dfe3c0e, 2aec6c6c11064777, 6d86e40076fd959b, caf7ed3a7cde361e, 6c87aaef6b3ec5d2, 42bb76cd9485425e, 41e6855c38cd7d9c, 7fbcb77bbb7eefb5, f4677cf6992c61c5, dfa8ddbabe7d2c8a, daa8645a7b6be555, 92292c0d9ce0d811, 3080cee1e4913949, 2b8b938c8c045b30, bafe23ce2b0123ff, a39fc7d1e65dd25c, 8942e14fb25d458d, dd8130f53e0150af, e81903d15defcd64, 4367936d79f6f62d, 71966bd4857887ec, 0e366a53f6a02b7b, 4efe64797a58f8f0, 1480e7690871dadf, 306506507d14415b, f274f7c1f6dc3301, d8cc3527c3ffe73e, 5e1bafd5bd88d99c, 12933999aa134c20, 3a2600ffb042fa45, df940ad0ba270b41, a237a1e4a8d158a6, e1be28adc93e9ef4, 7280f95c98b46deb, 95f1a8159a8079e5, 3a8d829677386455, 359ef2f07d070084, 338a49603b366091, 79804916f87f4291, bc65473c63ddc430, c9ebf43ff52e33ab, 6cf7227c62670147, f24838267d679568, 9f5d3d6a0c490728, 5b607d13a65c81ff, f9245b491fb5488d, e40f944a2f40554a, a8c47cc3b9ca28a5, 3a827d31028bd0d0, 96fbddacbdc3f445, 38696e8936835a64, bfdd8e00fa02a5c6, 3f696e302e13f1e9, f45d4a027ac696d9, 7e7f8c367130f289, fe6c25110008d033, 8e23b1576e3533f2, f7ac3c3ccbf532ba, 7c2bd6f6135e0f73, cdd007a17fe544b8, 1cf7e2dc49014eec, eb88cc31cf1e9616, be4239da2a84353d, eae9fabf6ba1ebc4, 95a9ff12334e0854, 0fe373b692cd5c4c, 7e4a95504b0a7980, 3efac9613b0d9585, f8e403b37485f118, f18350c5a1d1ed20, b05292e46b38a774, 86285a7f32dcc158, c610166b33f951b1, a3cdc7b63741d674, 37e3257699db0792, d3235f7f1d05ad19, ae05dc351c60444c, 84654b90663bd434, b095738b4394689b, cf52f279c7378e4e, bf8e0b16a1891899, deabb7a70554ef2a, 5e99268a21e14a34, 3ed3e29c8a3a085d, e2c4f7c519ede312, 46bfcafc1eacbf85, 0d6907f64b2823ee, 081b39ef72e6a0a9, d66503e82ebc8d89, 98a24d893a2b8cab, 0a67ecb9467e0100, 21cf7c6065c48888, 6aec7f30fb523a21, 0fde0928aa34f4f4, f01813e7b27344ee, 30bd961b1efc90c4, 4f6c0e2c6c41ca6e, 775d7c389932c064, 60e9b14193d790e0, 03cb87fdb0943c11, a1a63442968cad76, b0bc58f2878ad84c, 0d929fdde53f4c16, 51eb9e48daed2207, a79d81f8e57e4848, 81afe43b60e5a26b, edc9d6e68270528c, 5671ccc0558d2e21, 176a5893b4285a89, 42548bb41e91fcd1, a65097f49cf54190, 6b9b6b0dc77fb7b2, 7ffeccf723a8964c, d57bbcda3577f057, 60cfe86ca2d6ab8d, 72bad631bfc8d9ff, b5573751b31e643c, c73f461241ef437e, 0b84749072a378aa, 1d258120349527ee, e6c46c49b214259d, 8ff00245aef4555e, 83abf581770dc1b9, 0993a44cfbd4f355, 31beef146659dc80, c46fd9b6250c1230, d8816450d996041f, 4766b899e51dac7d, 638dbe728cc34725, da5aacf46a5719c7, f6d45fe8224b759c, 5538799e45d56eea, 545ce24fca1680c1, 9035fd61cb4477d7, 7027ba794960af96, 918e614f507dbda3, 8f851f80d08cdbe3, 1de5308ce7606f38, e0a5748031f1e0cf, 583aef815d06d9cd, 1f858260420c7e05, b7b03f1b0bfc8253, 4ceaad6273225024, 5fc47a4df5f10210, 9a76494a053f354e, edf93873ea7431ea, af801ac1f65961a9, c7669bf6a79b0d3d, fe27ef0ac1c9e44c, 993c75067ca4f46b, da6587e49c45d19f, d810a3e2e357465a, c913e0762ef66222, d4ed0764f451984e, 745c823e7c348ea1, 0030b72b357c6ba5, 7ff908ffe7e1c22e, 5603cc56587ece6b, e208a9b827b26a6e, 753cd7fc4c366914, 311ae741d8da1967, 580c28a12d2dbd80, 07b3c286f90f20bb, 0aa2ff3b7d7eba26, 2a363902a4f7610e, 472995ad94b9b2a0, 3d6e5b087376a297, a126373dd06a3b5a, 3513bb74ee65f686, 5bf3a00852dfc4dc, c97291fd8cc449bb, 54c91359c99e7cdf, 51703cb80fa8325d, c5553875452acfcc, 980ac0a2d10a2303, 09caee22e7295d2c, 9f8d519675986cc7, 82759eb5e832104b, 19853952fb05e653, 4416cf55d61f5c1d, 7690767eb5629817, 02c4152d59b2d9c4, dca24f8542007c37, 64db5c489566d365, ea430b1f22dbd26b, 6f50ff34276d32c8, 22060973f2e273cd, 1493be67d9e369ae, 93f0f6bd8f73f993, e81ab13e83d2634c, d24d0eb394104972, 53f9cedb33efc060, 04786b53a62ec676, 258009a6c638ab2f, 6643c733a4994e98, 310687fadc14c8c7, 2c951be7ff9a77f2, 9c976d3c1923d8eb, 347415c6da9396d6, bfc9e1fad7ce4d9e, 7d55bcaad68dece3, 92a838d30c625498, 7a40167ff93f36a9, e6bf8fced8c041c4, baa29def43641ef4, 7c59187eeeda97c7, 9207dc7cbb20fbe3, e4e2a25b367bb4e4, 58e2842b7a77e30d, 970943985dc8d4e0, 7e94f6f7eed0cfdd, 49b2f216a479aedd, 6e415faa1719627f, cf1325643e11a450, 4873af1354175d35, de1793607679ba49, 5f5ba8feb59ad4c4, 2668679544893c38, ff4963553b73b03c, a1760f043c23801f, 8518e3d0bcb46b28, 5f417016e0efc434, db371c0db9ca1118, 362fc12f37fe4b32, 0d7cb6903d841f8a, 91d2e8c971cdaf5e, ac06e313ba75ded9, b8577f38efc68c3d, 0b1f61975b9ddc5b, bf6096b978ae9e3b, 1e640ff72b2b970e, f0eb0e28cb1643e0, 10050f14d6663d4c, 3846605bff3d4074, 1c898d299077c0e2, f21f006439118a85, 0c24c51d04d14d65, b7a125168780eddf, c14d6a89f532bafd, 35db7a34a010f3ff, 6214922fd9f6e493, 067036ffedb327cd, f3f80181918b7f6b, df4ca2ae0ba6bb19, f2df6f40628a3295, 8db6b1c1922f1646, d1ec4676826ce656, e1970dbc2ceb14f3, c2c52a4ec40cfd89, 0b1404229d3381ff, e7196898c64a9f85, 0966d25132eecd6b, b5c8b16a10fb63d3, dea0a1fb769cbf62, 58405bc5e8e40ca5, ddbf4bd0d0292208, 7b5c1818020f8eec, 28bd034d0af1275e, a3d15c71ccc9f3d7, 731435a9d9a4dad2, e02a702eeff2611a, ed7da68b020ea4e1, f0a69c88d667a978, 6b0478ae3d406c03, c71e49618c756f8a, a428d882ba692f91, 5e556394c79f1900, 2a153fea3088ff12, f78a484cc090d58e, ed7ea0c19b91b4a7, 2c1cdfeb6bbbdc0b, ddd8cff786ffce22, 1b40fc748b536a93, 287f713df1a24459, b27e8d20f6e40817, 054b2e423d8949a8, 88fc7d936d6764a7, dd88a26cc255f070, d7198695e05d87b1, 523807f35b5bd244, 6a0bd69c53215364, 5a9c64c103f67e53, 74ae8dedf3813ed6, 5a001555435a6fc0, df5b3d279644f704, 71e1471fdf5aa5fb, 3bf4cab4ac47af03, 224cda0beb4be61c, 73a73e2eb28c65ae, cfa9512101d1f10c, 0361a8a8c97260e1, 4fa2932cc593ad03, b730ebb08716f18c, ec2fd9a0e6d03a9c, 3b9e0d22f6272602, 5dd7279dc9ad24ec, 3112fe17a2b9a7d0, 61e82242a28a441a, acf608b6e37cc592, b58fc5b077a70982, bafc4df6a326e1d2, 87da2ad5fc989d64, c683b09540704c15, 8d028226b66dd2c4, 70d52f5b79277427, 46dfa0247a5ca3fa, 18cbef2890e20d02, c8218eb573e11864, 53e2952c5d29dbf0, 9847e071b5037334, 833fb32cfd9a25ef, f0e745578efd88f8, fc01ca21b5069fc2, 5bdcb5e2bdf59a5e, 0b0853d7b5861d00, ad9cf310474266b1, b5ed298e4a0de664, 9812d7c0881432d9, 7ca8b622ec01b69c, 0566ea5e4f60d595, 9534eed8daa01cfc, f493a1d46c294407, 044900062e89c513, 75a078c78dce9f5d, e646a4507a277c1c, 4e4b4211b78763ab, 55bc64ff751271d0, 137584f81c859619, 036fec817b274b91, ef5f576be1474872, 70cd6cb8a8d61422, 809fd46441bc65e0, dd4fec87d8d41a49, d72c07c7bd9a4e9f, 5cf53035082497ae, e0707f8fa35e5846, ecd8058870202d50, 2411c031381b61e2, c45d9c0df8aca191, 47781191c67ed361, 6c054b79a8594124, 047e834526297549, 3fd1a5860cb282cf, 8899fe87a3a0b8a1, 63820a287dbc3c03, 642f6ee1d827c1bc, 795f42ec3c95e675, c0fbea4d20c8d52d, 87c66f68c95029ec, f4da3d57aa2fbbc8, 94806c4e0b07eb78, d8ad6974000d53c1, 1996f72a81e388e9, aa69da3da4b20980, ac691191afb9b701, fd5a69533c9b90e7, e9d20c5216da18bf, 2a1b88ff673163f7, 48807dc70b48afea, c06e060155f370b0, 3254a686fe704f8d, bec38bb4ec82a787, f72913a180183a4e, 10c98d2cac3c316b, afefa36a7ab52c10, bf9fcda4c8034506, 32982bde4db84a05, 33749416cab427b3, 466a4e95bd2d06ef, 7c0c83501ce12ed9, 1d23d95b0ea65204, 97a9761e2d80f2eb, b85c705e8c9087a5, 34c64a604121b459, 3636a85aa52642a7, d2f3daae552abfee, e2861a2318f597a5, 11e5145f171899a0, 682badcec650aa61, 22998bef02add383, fe0809917785fd73, 8743e0db34beff0c, e60aebc8eee35bd1, 079374bce2863ebb, 598e13c56fcd0c93, 124139711f086354, bd07bc4e2e6a0ecd, 1c634be7102305f4, 272a67f09a33165a, e3aa5d213d8f5ac1, 6f3d617b7eff032b, f42b3aa5364009a0, a189d2dbdb45cc1e, 7825bd1378f017ed, 9a8e5bb974088369, 3d873a026a9b21ef, 3fb71ddf035f8dee, 5ce63cc566e27b44, 96b9dfcbb78c7ce5, 936d1a6f03bcd47f, 0d60e15a3e2c2b36, c6dd0f9b61dc6a74, 8a1ebcd8f0d755a3, 41f4dba83102b319, fbe006338443bef8, e2ff4e6201c35870, f9af39fdb74c1894, 57da2a4915c7f34c, ad0e1ca65d53c96e, d09b749a58aa3579, 8de2e931f3137344, 9db464b605140542, dd5cc37f31437f1f, eff20c3e41dfdb86, a0ba8a6a58fc8bb5, 6989de5bb5dcefd1, b0d7e20c39fa0f04, 292be8fe43ba7232, e43939858cb341d9, 33ab7f69b539b531, 484731263069ef84, 185b4a4de80cd4e5, aba1aa5cfe57a222, cf1187042ed79c98, 99bc3291d1a5ca03, 9f0c933cce10bd97, 01916dfe0062ff99, 78e4dd32ea3c9cf5, 91e4b88dd1dc9c29, 6811353cfcb6dfbc, 2eee7ff3260d6e12, 63e1dd952e737ff9, 6ce597fa0c272280, a6b3bd1d72ae98be, b977662eda75f3fa, 3148c316d6d34cc7, c2e095d8b9c67cd2, 85e82eb0e5c085d0, 1540cd492a4c134c, 09f94b4eb0262c15, 6f13a9121d477259, d63c33a8b4fa96fd, 8e76482a81141edd, 3db497b6c7143229, ccd4e201973555e2, 6d91986b4430c59b, 1b4a12790790ba3c, 4623078d623674d1, c3aa3ff607669685, 25af6de437b1d6a7, 1045ea563c12211f, 8838b278b9e44beb, a2a82505bb5dac19, cada2edd2ad422bb, 3c0d734775280af0, 25adbb4db6755211, d1b5e17e3f15f908, 030913aceee0bd7e, c6cc99412e10bce1, d0ff2b762ae5a9eb, 2778b240e7764c10, 372874c928ea64e6, 2a5ff5014feabf85, 8c9254868df81cee, f3017e96e42ebe69, 458302c568bd7cc3, 8d99c3f5f071716f, 2fa48b4289662068, 73f14b8ad24f7314, 663fd2f060ebe932, f1c14d15923bf8c2, d649e8008680e22b, e5584619e73efc5f, 8bfcdf6aa487ea5f, 076687ec69ffc6e5, 1e50034ead2957cb, e745df59bbf4386e, 85d436aca8efdec3, e4f4a11933bf3312, ef8474b2ab417e56, e8d12435595a5684, a327ffc0815e7779, eb74833a8209041f, c8041ae8e872020c, fbe1342db08081b6, edc896b86a2523be, 92217c13b50946fe, 147610110b17cad2, b2a292ee3571104b, cb9fbd1001411de4, 60b5c5d30f7119df, 630e222daf3ad4c7, 9f42854e8287d9cb, ad1ea6cd64f55422, c23072df4335e30a, caca41a0addc49d3, ac30520d03981e7c, 5e67e4fea8bd5329, 3b2cfa89ab39471d, b2012a3379ac1af5, 91a52df4708f2cc2, 0a8f48cbcf8f053a, 565410331b1f7527, 197283d516c2cee7, 52167a18ebb5f838, de91ee15003811ac, 23aba6bc28f68b9a, 05a57f196b67cb51, 856f1c6172636730, 318422406c146867, 30c947630004660d, 687a93dd9289f3f5, 685f5e1590cf1b10, 048a891d461b6337, 79d73b72f6e520c8, b8657075e64b2a12, e1ae06416f489248, c8433b3ac06f86e2, fca9afa514ca3bb9, cadde7925805395d, 28cbcdfd5bd309fa, 99f16b6738511f38, e64a9522498b02c5, a5665fd258b70ecf, 88fb64f7735b2593, 5ae4cef09530fd96, 3761f95b098ae21c, ccdff4a25884b00c, 8ec7b77d17cc2458, bac5360696573b1f, 730badf0c79ac871, e529422373812b79, bef1ae1b0d33c9b5, 1b465b9edf36d896, 221c93d22d689af3, cd4a7deac5acee7c, dad094e8a69d425e, 414b9926dc5d1c84, 2e8a0615fe8bc00e, 4bb4a9ecd771fc13, 112b9e21ce46fdee, b91648efc9a31e07, ba158dbbe3a7eef6, 4a48202dc5adf370, b9d227b3ee1d7bcb, 21c7e29f53ac2eb4, 0b2928b5cca93d07, 69d69806c72c6902, 7cb80eacdd26e72d, fac2661f5b28099c, 2f052f84f5179cb1, 6b0be86f3d4130e5, 846576bbe68582e3, 9a948f55759d9ca5, 4a3a133f2405c448, 30f0f39eb34f5702, eabe40daee2242c5, 2335d53dd4c013fa, 7208e68745c3140e, 1bea0ef0dd51de5d, ba00bf25c454e402, 264bc7047116e269, c16e4197994695fb, d09a1570813ce48d, 73be20e107726437, 4df2c31d3380ff9d, 35f2d2bd96bf4151, 4df63d973a98df26, 48c3cbaa8396904c, a3e54c2220865996, 65a8f932c9b882e9, cedcf44734eb4e12, 8d9f48c5cc9bdcda, ff1ea29a9f75adea, 63c7df8fc1f285dc, c870661fbcaab7b4, 225f8d9fd6ac0c91, 19e44fea7d7641bf, 4717af458da6ec19, a8dbca34ec712568, 25c2315ab86a7eb2, be809f32d77363d4, 013ac84e0e719962, 52e8f7faae9b734a, 226988e1fbb3e062, af4122bc5ead0746, 995c2ca87332e76f, d5e9da51e9d96178, f3b19a70131192d5, 3b7bafaa67fbd6db, 2b9973da6f56d5a0, f6ac21abd6ebb319, 6131aa4d8c0c5b7d, b7ba6fe1c99f23bd, bacb0149a455568f, 9be8519d7e2b8939, e8d2c9f4f747cde8, a878daf46878b8da, 6e91f790f6dcf098, dabe92c27fbd79f6, d051f03de6a0344c, 9e5543f096e60e10, 2e55c4a8b101d2cf, 8413bb2f95f48d1f, 2a453b8e2c903069, 34aeb2e3ee742241, a48918a51da108e0, fb919a976412c65f, 5e89d542fa21836c, 995acc635089d2a0, 24708d12308a3417, d9e457527b9a724a, e195a8737534f8e4, ba80299dcf7904b5, 87eee23a238edc92, 40fedb0ce57c1301, a037d0da4ad3106e, 7896643e6a521555, c2af7e4e864efdf6, a228aa4cd7c5f46f, c964ff98bf80d049, 258ead2f111ac900, 5a4c33a259885d01, cbe02d8dea35b24f, ca8d3dbde04f54c9, e64f1a38c4d88f74, 6aba6014d9af4c9b, 8acd1d8e07bacaa5, 793dcb8d52519a87, 26e1b8e45c0887a8, 020749d1de282601, 1b9332fa4970ce4a, 3285ff57c109dbe1, 8261e1032ef96f0a, 2b80637b2d8f0533, 12c33e92599c70a9, c8610005cc2cf680, 134e0e4ed44f27ae, 136a61ccd32a53e0, 934a32c2e8354702, 8ab66695579f47d6, 9aa12583d023d5b0, 902998915fa85464, 21d929edb41f8aeb, feb4386e7ec75251, f320deabe2fd8b5f, 3acdfd2c6a4b1c9d, bdf80412ac389460, a937dc14c0e80a1d, f48ba2fddcf947c9, 75b81c8770246e56, 8f350eeda14c5808, cab6c43c5401508d, 839c4a714522ef24, 5aa160104d230ec5, 429c8aea077516fa, 982f9bbcafbeb573, 972dee70d0b698f8, f8f3f1da464100e0, 7e167a9294b6da60, 9cdb0282c49b0fe0, 28edf7c4410d6a1b, 0c709dc77b45391e, db46e7ee32e77faf, 452126be13f9eb75, 1bf1c2f7a6864c4a, ae6bba8e078f8d22, 503ddce5f4260e90, c29a403cecfa0260, 2da8da4b93202810, d7fa4302db8ed7f6, 88c3ed485a6e9116, 36bf63d0c6532d7b, ecf3a006f0924073, 1dffc079cff60983, 121239dc80564ca0, d1fe315ca79f4767, 16220c25f30f4b0f, e38f7ba2405e8634, f300636c6eaa50fd, 001765d2b62f2abc, 4849d2e04706389a, 2ea2c979f4ff40a8, cabd48d70fd0b26c, fe6c4af9748d8e65, 12e4a036981cd41d, b66cec02ab6d861f, 2177a7408aff58bc, 44e822ad5d66aa30, 20f1e9ed5e97b506, e1413d601dee1a3c, 1234007b9cb4ba75, 51c9d36c27a82f8f, 9933e1799d4b2d46, b0bcf84b4c0c8ad5, fe469863da62e5cf, 9a8aa255254101a9, c80ff41b8bf8482e, 1ab085ad201269af, f610866a2ae5816e, adfd1a5a4fbff1e3, d9160c56decae610, 4901d4809e5e1a1d, 89a9befe3e0af778, eca0f5d1cea1b4ae, db9155a9343e3a6d, 6b6e2bba2f224b6f, f36793f4e9e58e5a, 69f7947a17e52a5a, 09dba6501dee884e, c349a0553018df43, 626651590197bcfb, 86cb535f51c5c5f3, 197892cd5da7c79c, 4d1a482965ce4f91, b77155b5b2550b48, 03b182ef62ad5090, bf9a7f1dfb78718e, 38b79f67e9b7e633, 1779ed76b3390a6b, 14bcdcdb015b6556, 5d4732617ce2da86, 51e734f4f6263958, 2c02fc1c20c614a5, d6dd3d08cf9f3f62, 156168bcec021403, 236fbea1000b1157, 84cd500cafd7ec9e, 80657d3a36e853fc, 780d14e2900f6027, 1f7851d3a05cd799, 350d4c9a3f268faa, eb26d96192d549ae, 48bcea3bde6e8629, f2a5529c55ad1b52, 85bb0883bd884150, 2eec3d3a87af5fd8, d2c93c2c8af2e899, 8fd583f288c9c464, 191e2c68acf47d4b, 590937f3deefd06d, a05e34950269e34f, 70752d0e9585b335, 0002e0c70c35d76d, 6e45ab123f150e67, 5f053437599cbaff, 66fc6885b9efdfa0, 54a38c54d6186cde, 7ba587c7bf43a82b, 57eff992cb35e70b, c09f1f08e495f1e4, ac5755f751fccf39, bf4fab023b6e5896, a92aeaceac24236e, 9472242eac062c88, 5f95c4af2c37da59, f54722d570caa3ca, ad044854b99a6427, 84cca9bee0480ac9, e73ac879cfae4f62, 797ad8a7be206e3b, fa3fdc361fa58427, b7a5471cda73e360, 8916da9a045abc00, 1f6a961b5c806611, bc64d82eeddebd12, 07c235ad71790b7e, 8c35f8a619b13929, 1943e24b5a0618de, 754dc6fd22defd5b, 4eb45477c52fc2ba, 597b18b38b56cc0f, 1bd4e52ae9172793, 638c4ed841f3ed1c, ab5fa754789a8962, f486613011f24a29, 8cd0efe9a5ff58af, 9a093c4ef9e403c7, 9f1bd25eb10cf8e9, 28ba52a61c964b2d, 7295b27b4df89b20, 64d6ae4442c409e8, 3e1463a212cedf74, b87442c97de858ed, a378ea6e954f3df0, fd6e71628e659d4b, 1fd3e118de8a1a85, 2d08c0cd4f839e30, 18ca82a3a9f59d7b, 5bb4e9f5ea9f4e4f, 456c630788d5867e, 8670f24949110a4f, 65d086a846731047, 852bfc189e71e2cc, aeba91cb21eb7fac, 21f0edaf81091c0b, 513598afd116c1ad, 9638ff95184fc428, 33a9ea29719bb147, 9f6343ed78113d3f, 757a3867b4940ae5, fe67f4d048ce8f08, 27725a98cac9e9ac, 935bd4b503c905ff, cc45dad8241fc392, 92273da16219f234, ce5ffd200fab26ad, 21c4ec7ef15cd6c1, 1e4d43b6ab90e775, 313d907654d82b97, 7799359432721148, c35e3f3899eab2e6, 35c574296ff4cff8, 58412be3e17ee885, 6edaf2db34c79cd8, 1c4eb8b0c3fc55d7, 794227953dff5b72, dd5ac6f553d1469e, b488bc86980de97c, 4f5001f5a7b37066, 9f09455b136733c2, cbbc61b4520615ae, 1676df570884be09, a14d6ba588c25ef2, de46a62fadd45bab, 97b869eb16b510ee, d0e8d23b44756455, fefa871e6866515b, 4fabaf9d911323fa, 0e5088a31833575b, 447aed2b4720c93f, 1cf8df7ecb1c2f32, 6399c35142b9caee, 76e98fefd50d392d, 2e8b1ab7d9af067a, d28486ab783cc14f, 2507c709b17b3873, d291959f6005e7e0, c12c714be1842886, e1c261c3d0fdf8ee, dd6e3ad31c4566c8, e13b69e1f9bdbdb2, f7aeee5e4c7a6e02, bea1773f4b4adef8, 37d5b9dc51048ab4, 6953babe3d9f46a2, 53a002010aad8ee3, e9feb61a86f8df54, 0a0b1d50a01d5e6f, e73e9415d8bc4c5e, 3013673d98d3ad9a, 64db7f6c2113c5dc, cc1ad8cd3c8c7799, 9eaa109447c9aed2, 6e73b37698741d39, aa38d0b4047503ec, 8a156167e4ac079b, 606033a2109a5c4e, 8dd22a6653431269, 223b00add0a95886, 1059493c96b62b1e, 06ff9121ef6f16ea, 35884b649ab9515f, d553d1c8a4e16270, 54c2d70e75117e33, 28d04dbcd66633ea, c652bee60d0be592, 3c9432404f00fd46, 7dac79dc2303fe98, 025a0dcfa2e95b76, f890d6fff410770f, 1acb1810c5bfe1fc, 538c0da1e543792d, 09bea9e1f795c2eb, cc17a6252a9967b4, ee3ac9211da3f80e, ac284c424002dc73, a8cd5cab833801c7, dbada29eef7ed6d1, 2819637ccc74c1dd, 097e8019bf70680b, 463dc27fd7303515, cd4499b8b215b912, 8b7d0239ddb1b045, 40651121c076f2ec, 9deb8391828b0f0d, 59bb524389e8989e, e7d526e97f81975f, 98254fa82658a6b0, 3ab39b71ad281671, 15951bd9620815b2, 021cd412526a11ba, 28a351b90d38b1ab, 3caf232f25a22cdf, 6ba0ff32103a60bd, dd2b994a4bf4a6ca, c071830e63980a12, 8122d51bf0cd60d7, 223c9416f1cc09f8, d7352a6e59405581, 35ec37702239b861, 15ff12047a8d2a4a, a139f3bafff853fc, 1e72608a3fc2a534, 59b2718d4dacb386, 730c75c5c51f504d, 81c64c37ebdc2e6c, e5f4dc2ccb696e9b, da6aa72989628f0c, bf585b178ad97423, bce25d4b774b052d, 106f6fd13faf6b40, b762672a96ebcd36, 1fbff67e3b8599cb, 951ebbfb492b8f9e, d7daf7c8ef931536, 803b9505c92e558b, 282a3aec6aede8f2, d49740ed6b8a1b7e, 87e2b8b61b7d6f48, 7c08d52ff59a0f2f, a5e2c477b9724586, 8c80a8393c876c2e, dc9a2969ac6f3f10, de675cbe02e22e8c, a09971d77a4daf0c, 6ebc889747344da4, 1642e9e9888acc33, 1d6ddf08347fe5a3, a8c0ae3d40055e0f, c91c622c44027374, 047854629577f0bd, e60fdaec1434b3dd, 2183c8ff26da79fc, 311bd5717641db01, 60a49237dc8217fd, 9995d0a2e250d367, 683f778e2f867513, f20628c51e05521b, 0f04b5dde1b9193c, 8db33117309410e4, a397a6c835d72c01, ccc1b465b725add2, 88dc0767f2b5f072, f4950912d043f8b4, 1638263d66c3d5f0, 18153693632aef4c, d63a0bc2c2590e40, 32f87f189984b472, 551f9deca1e6e623, a8d1d9c8457d04c3, ad3f1ed1885ef01d, 1162bd830c451618, 3709e31d4f6e7e82, 6a7f05f6c4a47150, 0f2bb631e54a0a4a, 450f1656c1ed1383, aa74e373f2172c3e, 9aa59924c6deaac0, 43de1dd7c259a4a1, c6cb61e597671729, 1095b19193cff465, 12bd27f3cf1e4bcf, ec43254e711e9df2, 80828aef379ef51d, 34b24164aafb19b1, 47212bcfc073ee22, f82b2cf1aca99b08, 4bc13bc4bf733410, 6a230a856c11e5e0, 215fdb8476164c43, 58a8eaab321e5146, 62671b25ee607f16, 4126e17007e8dda3, f11460488d9ec1f9, f23464df239ffc41, 8ee383be08e416c1, 96d633458f1d9aef, c85cd3d79a7b6ea0, 4532cbd06ad5fc6d, a573af7e7f079c4e, e70d63fbc941266a, 5b7718b78a9f8cf4, 0dcafdb636587bb8, 0c6a622b3afcb6b7, 9fbf4842d4da990a, 39195f5d4f7db2f5, 5d8c1310665f30ab, dcbac1798e8b3dd0, 21c3a4b29c45de9b, 89ca0cc0f07dfb4a, fe182c17f9c265c9, 8c0d7dc68a7e1031, 6b79f86e36281bc5, 808d79f65254b1f7, 4b4c3a915591ed76, fb25269b49aa41f8, 98b1a0a057929f47, 64dfc82fc0b35f64, 10012417b3447edc, 05182e7bbc82bdd2, d38982c728b6253c, 7dd907c3034b0831, 13cfeb1d6d28eff6, 8b0ea5871bdb6b64, 7db25e2235b1a19b, 214718c423130480, b367159a471de6ec, bfc8e16cb06bd054, 65cf551d4cc17c2d, 270f3d3149784480, 5cb6a868324ea7ee, d774bcb5ef1871b4, 488d44e92249638d, cab25a47d64f962e, 962fbe55d5cd44c9, b802a3fd6b282661, 63ede3d013dc432a, acfa6bb92883052c, 528bb17370cdb741, 40834d23f764b9cd, 2b5d7eb0ab909b54, 945ec5436073c8c8, 0c07605facea9fb2, e3573702c20c8804, 0964e377c46999ef, ec5908d789739a0a, b8910f8e1150603f, a385726d06f1a0cf, f0229a58e16e21f4, 085825cdeada7c87, 887c99a24c595249, f5189494851db52c, 0949545c113e2437, ea039eb8dc1051c1, 20ad8b4f56a23f27, fdddc0ac6523bf1a, 588dd660829f1910, c2f8c52903305c2a, 2a648a4e4f4c6181, 653c5e49b1e95bf2, ce0280f7a792bfe4, bf1ddbb168bb6254, de721f9f250dbad9, 49097e3776ecb50b, e93a8b477b5ba48e, cd6c3ca00fe2c9d9, c7e705b5446e60ec, c1459f02adce5586, c7c0242a2ea603c3, ad07480ee778b78c, 265bd3b589b538cc, 83af8d3e79401277, 797ddbc3e349bdc3, 4b0cd7dad3cb04d0, f40ec3e6b76ced0c, 95b6de1209798ba8, 5dc58504756ab29a, cb70e580167bdb0f, 0e0954aa3a1d3eac, e54ce0ddc27b5633, 5d00b10f828aa3da, 978bdfcdfd547f1f, 47583ae49c6b0876, 8628ad2f0200036e, 2f68721fc4b34e31, 2a1428194e4f4810, 256704c96e6a4ef2, e672a1d9d0174857, acde38ea6d9501d2, 553484d31f58faf0, 30f09785d1601fa7, cdcdf03740309b3b, e99500e361e82780, ff6485a936e2c3c5, 149faaaf8b34b781, 06a71686eff006c1, ccad357bcbb77186, 9b2a3d3905303421, b21481eaa122f405, a8c507abdf45fc0e, 75888393286841d4, 68a0640143ad94c9, 132b5ac071e80716, fbf6a06c0e391611, a35aad354a655d29, 1a0d6d42b9caf109, c67747efd47cd113, 1f73b3ec0e223878, df402a2fa84d7bfd, e59de20c62df0cdf, 332ea381f3f3554c, bc44901dd30a4843, 37fdaf96c85a8829, 0d0f39422c793a2b, fa54aa848d151c5a, 9839f32caefcfb9d, 7545ab935fc83c5a, 47c8e362db639d0d, 3fbc95303a0d97d8, bf7613b8413fa4e0, 4b820806c12fa3af, 52ae92fb53531e2e, 9725d2edc4d864a2, 9360be5953982590, d8f85d871b7fc459, 9e19379824ca5551, ea84df6b38ac0b93, ce1c448e80985367, 050807165e7d7c68, fa01c7ab8919b1b3, ad5b194bbfa82619, e3b34810562bbae7, 83b8e0fd0500e889, ece04c8a6fe5e3ee, daded67d40e99c7d, f12f62b67f810163, e3360ae0bd70c163, 8d3943c975f5890c, bb7b89c5d14d0251, 723f3af03760da1d, 9e0a690880f1aba5, 8a8e039f011ddb68, 53b1b780966bdb49, 1bc34164e3835959, b6b1664f756483fc, b0998664d4d127b1, 4b3645b712a99101, 5639a985b80d00d9, c776bcc163edd087, ade636232d012b4c, cdc8d47803d386e5, 0cad2ec7c5ac1c53, b332bfb8b3577e02, 35a81b3dea269381, 25130257fd78a770, 3d1dc49f800c3137, 519361331da3ccdf, 2d6babdeb118da6d, 291a801c34e65b91, 76a03630f263dfde, b53f65c6892b90c0, c62e7797e4959b29, 0ff964c39fcf6ad5, 7366eeca097aff7e, 3b365a6daacfeb48, 837d2fd718d4bfd0, 30e8b336660c2977, 05e54376b95b2c72, 8f5050cef6c6cce2, c05e1cd28f148094, f2944e641632715c, 8a2faee0dd90fcb3, 19e36c0c3932e436, b8e4102d53d105f5, a70fc61158375907, 28d7b1ef03a1b227, 5ed5cdcdd425b586, 56f3f4fd3652ec9e, 75b5421ca129b3e9, fb65bf151b6de544, c6cbf51263e6a365, 3b5c7c4cf293c7b6, ec78955eed3e8896, 762be1c10116fa1f, 790319d26a153b55, fc36221364a794cf, 5c4c3bd84efb7e44, 8e189fa0970af50f, 3f30bba2d11c0705, 283331b2af9567b9, c57464d00aa1c0f0, b3fa9127ff172030, 13d69bfdca4cd09d, fc09839e49e6408d, 5332110eef8c8c76, b5e105d43fc33233, e75a91e0d3c10a11, df0119ccaa400485, ffe514209febddff, b49280f812001ff5, fd08fa0a3495790b, f17012dcfda32777, 071530aeaff178ab, 046eb69257a6f98d, 354006fff277bd1b, bf38c34c89d21d71, 0c11fc83b64e5fa5, d8dd8e64c262ad73, 6eff6b876f93fdf4, 56b33752160bacd7, 3cca49fadf6ca691, c1ba199ef7e17828, 7494c4b5b69b2b6b, abd87a3007daeef0, b50d467f4535d363, f019dc0883062582, 2033ab691ee2bf31, b7a7ac210add1914, 7e31dbbf452ccc0f, 74ba849bb396f260, 7d8fe6494be3d3ba, 59965dbbaadbdab1, 28e6808cf311eb5b, 5aae71e63037ac6f, f2d441dbc8815ce3, 00c8f05f980cccef, ec2232aba22d456b, 458cdd1e66d17dfd, d7d94e5ca049160b, 8643b9c12ea4cb43, 6ab0e3f0cbbb09a1, d3c5b2f499834f17, 80660aa297cd25c8, 8811e1900eed2bbc, 4d3c04c8f7651299, 53a02b16af615ab3, 0a2334f12222c21e, ae33d52e8c9bdff4, 17ef5620e936158f, 625cf43baa02c872, 2c606cf0f7a79078, 9c2474319774444b, da929b8bfe068f89, 0f28e8b1c79a32ed, 4d7b6fcd7269d086, 5c84142c1c865ce1, 1d3c72c4b3b500e1, e9405aff675bba04, 78e08e0b100e3dfd, 4ba3d9c6ab2d83c4, 9de85fe33ed1daef, 52dec5816e79e985, 2bf8c57c091738fe, 12746fc28b81280d, c9f0ebe4bb667c8e, 777854f13a26e39d, 7852cf8e1753da7a, 43702b393d98c2bd, 97de3b6ad639b86c, bbff18e15d65204f, 3b6d3429505ff91a, 20f10854c1b7ecf6, f5afe30d6356110e, 24611fb94bf30613, c9d740d2b011c745, 5832c98bf01cff8f, f83a7b7bda04f0ae, b6e6d3f33daea8f0, f57850612e6fa62e, 20dea62451f23c15, 7f4138200c7c77b8, a15910fb8fe02b35, a21c7fb6f1e02ee6, 82443c6c68c5aa5a, 0965c48b5258b2f7, 6c5662d22b93e301, 218a5c656520a72b, 7495df50dcfe4b90, 18c8dcbbbaa2798b, ae2b9e5d0dcfc2da, 20f736f07f52997e, 5214776e5ecb6957, 050bd610e739cd62, de41bfe4062720a2, 805c5105e02261e3, 919907c336fc272f, 4c4f0db19522539b, e652fc0035c5d8ef, beebf5790bd7aa72, 296374e2ac234cbc, a6f59ad3ade8d7f0, 05e1e9fe0dc90264, be26435b3a6b9c92, 1ca934386431b0de, e1e2f50a7169937d, 4c1e49cefb3b1d53, 7b10a26d8236b366, b58293ee95fd05c5, 212c30808ae2b920, cd84484e8902067d, fd9b0d20472c3fdb, 4a30cd1d38cc8559, e72382f824f9d0db, debd496c37c3e811, 82326e84f58f22ba, 27a0f5d877b914cf, 3ee2ee84f8ccacee, 1ae80c1fb618d9c5, f21597408d31eedf, b3d1ca06b785c2e3, 938f0faea3f147c0, 96653edb12032f8b, 622cec8035f91c12, 1fa94bb1e3f16d79, 4f543f9732b88608, 2365c2bfe2dd71aa, 86f827b309c5b1c4, f249fcba30e7235f, a07a8cd735a288d9, cb71adf01b3d7368, df79eb0e44e8d49e, 643ad24a61a75223, 482ad86441a88ca8, 50bd7813fae88027, 02aa864cb8efd2fc, 81dfa9183cd6697d, 66cdb03032e48063, 2ce4ad8ff792f577, 2b5cb3424b7de2b1, 688ee71e4660e6b1, aedcd00b32387da3, 32091a5e9dfe9bf7, 11becd47aa123666, 9eb4e3bac3710092, e27f49df19be4ba9, e137f989a6d8f720, 0dbbe7bab8cdc0aa, ff9595c4f906b0ca, 1c1a8480090c51c5, dd266fd111657314, 265cce64cc312152, 451dce0c2a4c561f, ae78e740537b962e, 11a884c69f568da5, b97389c2bcc4299d, 3afd48ba29c21978, 2febd2757772236c, 33b827c125542a52, 91aa13818cbff016, 21cfe457c647a4a3, 04775839204e5d0f, f93db71d1496d93a, e4a24a19a6d31c3f, afee990e1129523e, 42e88243efdbdf0d, deaf32bfa0fd0389, d6463bba21de2f56, a520f35b50cf3ea0, f2995632b46d58e3, 6a4495322069aef9, e554f842a7421a08, eb99f6e368313de5, 768cfae33b0b5f50, cfa244176e195b9a, 760867f1a0d38923, b67e57a615e56669, 1f7c070a2cd6adac, ccd8205493f7a962, 9baf160ee8f90a7d, f487ad7fc0bc2cbb, e329ac4498efe04b, e1bdbc3688b861e8, ce9034a249d0ae5c, 22a4878f97d2d8cd, d9586ec8fd9a8f72, 3713b749e1380b5c, 4eb7848ded5008c1, 3385a481b8910da5, a20b86649f0ceb1c, ca9905064560f09b, c41f66400b8b929f, 9d9c5544e52e4313, f21e94f3a5a6446b, 93dcf98fb60e388f, 2577a35f878d741f, 1dd40686c1854849, e319cee5b245141f, 1d1e6a94f2d67bee, d8ee79e09de7a315, e65926abaae6650f, 625202f1254d5187, 050e09f40f6e3495, a48f27c50bfe5f88, 57c8755b60f47dfd, dd7eca98bef3239c, 695b43251709d0ec, 29d4381598cbe67b, 43151f7901a48d14, 3b4f8e192bc018b4, 40e504dcfdd0c5cb, c1108b474232372f, 3581c5f7bb679194, 117588d4f4897d1f, 6113865c1ba0b9d7, d9b846ffa3f3ac8e, edbf619cbf964bcc, fae288c918794310, b69728aec36c6554, b59a1e8749e18c34, cf7db6bcaaade487, c2f79bfa3242d8d0, c27ed872a4f29c91, 25dc08595f98c421, a3bfed1cd13a340b, 22879da34bb3a7ac, 75cf7ea1dbafce2b, 6e54df03b88ffd60, 8108bd073a7c3697, 3fd313a797b7be8e, e4efae943ec4fff4, c0d2f6bd9c421ed3, 6b306384368ec293, 18a9b4001083938a, a0a302257e309f0b, db17787fc9889263, 3e2a696fc93897a3, 028e96860fcb300a, 22ccda802d1c8f22, a99bf9c2dbd2d75a, 1ce7094b25329408, 0a86c45310d080b1, 2e2d24d6d16c6ee8, c4ac19245294a88f, 875d11d3f8c2b23e, a991e3b72e34e4b3, 108d66e93c0d8f33, f191057ca386105f, 0baf150325094f9b, 575e2acd9e2926d3, e64bad73b91c23cc, aa5777c279affc9d, 51de2463cc35c1b9, d8fae020e7869970, 7edb10b8735b5362, b5360f0976954e41, 47995acba5c37f19, 14c297b71d21eff5, 2a09e91220f1df86, 97bd90d4470022eb, 4baae481ffb217e0, 6fa2f21d0c8f0bfe, a483dc3bad431bde, e7ffe637b092c97b, c67ed142da7607c5, 8ad2e2d8004e5004, c76f08c387ba06a3, 8c46263ed84dfaa6, d5d27948076f3608, 5652dcb95d3ddd92, 0179a4ce93e82fd9, 43cba744bed7557b, 16eb417d098b0e55, 5de916f728e6b0cc, d9b7ae96bc8c5f6c, 6ee4a52eb86bc333, d4a2edb4bdeea382, a63d937da132f79c, 0f16a4324239ee60, fa1ddeb9c0356d3a, c1a1ac291f5a7efc, ea7dfb6c9d04f710, 5448233f93705524, 83c0c81ae1c7aeaf, 51759c90e738e310, 10f9504b4f28458b, 75b9e7fb100e135a, 7dae49b329e15754, dd4c09ca391835fb, 7329efa978c2d035, 52ca31e90c2d603e, 64aae0d01f5ca65e, 9531347d670d6f46, a6b55f84b9235ee1, aab02b42e72c3d19, fd7fe80363004a34, f5e5e4be97a05617, de6899a76de179e4, a26739b1c563fa53, 41b040925964e388, 144eed71c767375a, 1a8c123edfcb9752, 2e887e902bce6fce, d2af5a83ddb07de0, df61aef3e5845f34, f5877aa654f4eb4b, a6894307ada13752, c5cebb420c1f7815, e18af236b64b4c57, 26f0a1f38a2b7d60, 00b7d31baa51411b, d23280e81a3ca9c3, 55dfec92684e865f, c84d4076a73b9bec, 98d6c6ac95e7bdc9, c98d7c8f6b4c6ba8, 89e3c0f4a515c24b, 17bdbd6c14313ad1, a76d36ad853ea0fc, 0615f07347f5e92b, a9eef0f8ffa2826d, 976c521097381f7f, 33e70b464e7f4af2, 53fce21e333cb7b2, 342f15ad9a97774e, 2035ed027575c95f, 05186a8ed82c272e, 1af822607cba592c, b394b85ab8de440d, 90004a622962c747, 67c2e097dd939b67, 5793a66a72cc8d45, e7a23d9302baea4a, 0c5a00f970e305bc, 2b2fb01a9a30ebd7, 2199fb171a4402d5, 4b2aa6af9df8ac4b, 88b1b49e9394638a, 263f5bbd3248a6aa, 0f7f292eee02b711, c9ac3d348a23f017, ed1bb94e52c22273, 6fb007a2e41e390e, 8e1513fa358ce466, e15cca44c4e0aa8e, fff6566918a4dc28, 58e7afdcc07b4597, 2cc1362b02a6ffa2, 73d8d4b8ef839772, 0921b3fbda73ee3a, be4f059bc08e02cd, dd0c0c0cd1d7c6a8, 8170cd26b6157872, 44ba0544839d1cd6, 4527049fd4161dd1, 67f6dbd444837d2d, 0e68686042ab30e7, 771526b46171c165, 30d75d51f04ac4e3, b58a453f371b1130, f3167f3cfdf38191, 612592c8a3a01b84, 684d8c6e5d6d07fb, fdf2017942ec5fa6, 8c6107365845cc7f, 8a59702bfc72f44b, 75b0ad653fa96c96, 9b121b17fe3fd575, 773da43979285285, cbda10a41f52d050, ba58f33f8915c291, 1fa4459b1bca8c04, 6443f65cad0cb322, 3a4cd7f763a62b60, a55d893e84934a04, 3fb0e793b6ff45b6, c8b3602aab1c2d6e, 4be8ddd4b2b11190, 2d921c238a2231fb, 6f66e4b94dc99c44, 892a7065af5332e9, 1082a3b85f0bfe38, de26b388e9f30740, 60d976146a9a9be6, 290101060595cce0, 040fd9fcf54d9086, 8a5915c49fe5faad, f346a9df6708af74, 872b1ce83aa59390, a78e013b1f140156, b9146f82d993594d, 5f9546b410f82d98, f6b8ddfe6d4ae1f9, 1f068e730499e04d, 1782cf0e7690576b, 2fdeb1852488a24c, eb49883f58ab0f2b, 2a1a2051602941ec, c4c97f8bf5add1a6, da17846be8031176, 2946db3420079048, b71f4b081d253283, 8e9e73610dcb93d9, 0aac5550fbe85377, 1e34a264cb54cda3, cf72251e7884bc6e, 19e26f06705266df, a6ba2c5fc10e0e6f, 8366bf02abfdb4d3, 373bad45048e4802, 147b5df50f6e344c, 718c5e74efbcaeb5, 10659669d2ebd1b1, 62bbc54a9fe0fe3f, 2a2235f255755eda, d86785c35cb9b737, 7d2c34c3fa7db101, 02c2965ad131caf1, edbbdd90457c3598, 8fbaaf80bae6213f, a116af950f1012f0, f7d59839156c048a, 0413780d7c2e2831, 9634742ac31e17a4, ab45335fe903671a, c877b1d42c13a898, 52fabf7b6bac747f, 070d4a0b0aa54ef9, c22bdc76bfb5224c, 91bc2254fdc44e3a, 30f6d590cd494d06, 93a9dd5b37093ac2, 805c5a622ef5acbd, e8ee8cbe145d9cfe, f17c4a0837f7c49c, daec776fa70bbaee, acf5886e00074e2b, 4f25914c71c4d329, ea04a2552e3816eb, f43dc1b87461319e, 6801053c54357639, 88b9b67145927a37, fa6275465dd962c1, b3be0a51a6e851bd, 9ff27ae8254d5a20, 515c1428cc8c9157, fbe2823155c7c867, 972b09d9a37dd928, 8ee6b13849ba5685, f09741e9ac3907c7, c7fa7b8d7eeed104, e897404ec6a932ed, b159382237cacc04, abd2d5c532097dba, 1765728dd1539409, 69fbd4eafe4d2944, 3a3e7fb6692b7358, d406db16ab84af60, d77abf067f652391, 88f79cfffc841153, 4af5b37a8b7f8de5, 484c38f75e398421, 3edf3d3e4cee4f1c, 27cbb05e1ab582c8, e68f6e963d9ba3bd, 2e4f781d9f2d34a3, 8b1920bc7ae2903f, 83b6d0019783062e, 7fdcfc8b6bb442f5, fa4a84a3901b97fe, 7bcbb9158a36965e, e5ed760118cc5820, ac93a3e9f580aa1d, e98777680ce411da, e0d90639a7c8e51d, 2648c498d261eca1, 9d93ef6723d20abd, 4787d36af12f2c6b, f96e620d6136f1f3, 6fb29927e117a2dd, 1ec60069511a0bfc, 728e417b6e38f920, 637c62d560863db3, b399f9ccda3deb92, eed98e2e154cc0a2, 55f4b23c0685d11c, 0ee05ee53dd329ed, 915de848d2498be2, 605d17c2d2bb5233, 789b10e6551960a6, 020a17e992a57222, 3b12083a7d135420, 02f1a0747f83b2db, 09619e19fbb32cfb, d950e57269fc527f, 354afce0b9ffafa5, 1ab0c9bd79fef936, 015af91d86c1e866, 048bab7c4403730e, 59cd04455d1d542e, 0fa5bc15ace5671e, 406db78e03d7dfaa, 2185d6c4c5220212, 242009f103e13356, 1b652b07f300a278, 8a5c36b98c2756ea, 0fd15d02b01b1d38, f97b8188b3d6a3a3, cab9218047e5f4eb, 23ca56fc7add13d3, 3c49a3ce75e3b898, 6cd64a35ee6737d6, 4f58128be781f02a, 5e595b7f4154c0a0, ee9083eee2b5a12c, 052526ff4c936dcb, 1cfd24bea7f9226e, 1676118556559074, a4a5dee29f95a0a6, f0b9042cfecf69e4, e74d45c358a76761, f1a5766dcee57932, ada20118a92bdbea, a94785103e6acced, b28cea322e5bbc8a, 2c92e1e82df36325, ba20b5159d83e314, ca6dd00b4c9bb2a6, 4a80c00520bc4b40, 3116bfae72b166bf, 2054bc6da15a0714, 9c8c88b199c2ef4c, 8b046997cf6b94b2, b7e35b00d3be89d6, 18849c6c1e08c827, ea2275b42f7e5ac2, 4367c67a0a081c5a, d249ca339da228ad, 30b801395f976d24, a33b35faaf90ff14, 3eb0b98994c028cf, 8d1071b6b7e903ea, d9b47798d19bcdb5, a3b9ef454a736836, fac9ec08421b63fb, 32540949d0bc99af, b8a3e4ea2a4a354e, ead43e5ba9f703fd, 88090fca3352f7d8, 90a9d4db9ad219fe, ca4c3d9c015d308d, 0e76fab639be6e6e, 891f775c363f49fd, d1a03bafaf25742e, 2fb7fb69269860e5, 2f485be6b6c776df, 3a78a2b2cab48902, ef4ed24e234a2445, 6e16a6968e4e90d3, e68accea403d3e5a, 31a0a9571a6e0c2f, 39dd5886a114675d, 82de6a213079f046, 7bd347eac4d2b1c8, d8ce4cc95e183154, 14388ca8435f34ce, fde068b13dc6ee16, 13913e293ae8f8ba, 13461a6aa2a4475b, 6eed9b174f0e1089, c1e4cda3277a5941, 94b6866dd30460ec, 9e2f6dedacda7b1c, 09b46971d1bcc956, 63d83fb06f80d99a, a35c804f5a445593, 71d6617fc79e2fce, 5fadccfb0100f383, b07d0fddf3b7ac31, 69b0fced92870675, 05b8cf6963fa1622, f087f14686d631d3, 85ba0ff6329791a4, 05a068dd50768c5e, 0820580029474ec0, 8bd93a3507964142, 42e579ffd0aeeebe, 21ea147f0948a5d8, e8632def9e01ec1c, 3466541388f44039, 0a98bbdf4bca98ac, 32717824ca336170, e98511112db49324, 49a87201f6ebc9c2, 83c839cfaccfb3f3, bfd64ddecd502afd, 72d5f7359fdd3407, 22479c32d02687e5, a79784adb8c82658, 8e7351b0d19d8b3f, 7b1a2ebd4da2dd64, 763f738a48c201c3, af26055c35a0661b, 3d1b454b8bcc8648, 6ed3cd296fd26fbc, d2735078d0f29f6d, f9c913ae6f20e300, 269bc074bf15c993, 13753cee44398be0, 5a9231d595ca91b2, 05f525db18fe1fce, ac4d75b640a5d93d, 7c2153e696c40f84, f7f4a1731165ad39, 50243f5c605f14ec, fcaff421b740b66d, 3c5cdfecf828f422, 9dff4677a48f4b7b, 26d6b0bcd99661c1, 50280e430cc01e55, 6638887407bfe10d, 8c5469c84f79f339, a4c7b48272220627, b4c6f874d43b05d1, 35675ce3ab627d10, bb83097da73ac7aa, 75db7caafb08e190, 61b55a49b2a653d2, e000c284e4316df4, e59ba03e1d60a8f6, 44cf78f917bdd462, 7e1fa314d2a367b2, 55b6fb3664669915, 37d81ec88df0b7fb, 65c68be91c075754, fe8cdf00ab9a83b1, b064c14425e83814, 82051bd8473d174c, d1e05cf6db34338c, 45feed35cf9f5617, c0eafe296eb8ab73, 41707079bc1bf533, 61af6078a0708af1, 2d80b17363ea5463, 671a64a683990dc3, ea4e9d74acb08843, b7a1efdae0ef4571, 63308da2acaf6cd6, 2d9295a54ebebc3c, 80e0a0adcfb15d61, 1c07eccc9b4bdc3e, 172f776955d348c3, d4fe137b79ff2980, 31a33479b447dbc4, 0c35f7428dd96013, 0c53f89ab0534898, 4b8b265e67e1b446, aade62a919f8689c, 4a64282634bf170e, ea161dc8aae2ecad, a673a8089ad9d6a6, fe9fc110d80e0a97, 472b9f89a21ee0fb, e8596640632ef584, afdf882fb694ea0a, 0eedcbb2ebba04bd, 6a0980f87f9e8ae5, c49c55e6f7bf2164, 27e4a92679c09380, 8bfa28d086fa20b2, e71833246a02df1e, e8c2a2023c0a39f0, 7c8f1d8f1a14c228, 8e521658327aea23, bf7e84145c74ebd0, bcc8678fd85f048c, f1ab055e8114de13, 9426a05ea19aa15a, c3db0bc02718227d, e1d867a23dfeccad, 4b301ef3fa1758f1, b7c6b1e9ccd2b382, 416d048515dab94c, 36ef42709bc7c04d, 68d70df7e0e49efb, 682f4c3ca2aa3396, 2e9aea96e5a79ae7, 6f8ea74f1d803be3, 4463c2802075972a, 4e1232b1e45f2a22, d76275949aed60ce, 9a5301d223f82195, 3dd25fb47d321276, 9a03cf64f5b10175, be123e3bec3305e6, 680af3ff24e5a679, 065c4f95ddedd9f9, ce2c3b4ddc2500e0, 31877b3f97db4618, 13bff11b7d6746e5, e3a114d2c78ac63e, cce464dc689fc840, e14235be636312bb, 0f10d1dc2f91913c, abbedab6167621fc, 5ba4a9560baf6a0d, b2641f673db68f8d, 520817e8c99ddd16, e4bb7f8cb8d54561, 303991c336de1f3f, c4ea1666a6aca6f4, 41d365764aaa8ac4, a00ee11ccad12d9b, aee30550bc7db839, e637a6762874d217, 97729c5ae365a4e0, c7d274f67e2e94b2, fecee2ad76fc7903, 0762926ab5a76a6f, 44e4400e61d4a219, 34e56f6ad74acf0a, 148b31964d8fbc36, 3aee0a6a77e67d1f, 5e76c69203daddf4, 5b0a8e5650b555b7, 514d82b56ceba693, d392fa42244dcefd, 079cb5c96103bb7e, 1769ac8631519733, 80ca660eaaf4cf66, 40a878eac9238334, ffe45a174f336343, 250dbbcd6dbc51c8, f1b388972fe78d45, ce0ff8873fee8a0c, dfce95c905462b97, af03e747a0ad9d91, 6c988f67b2b05b76, 1177653ba4043a5f, 33aa39db3b39b24c, c93418abbfe68588, ece22aa68f38ea27, 3791891b145e2e31, deb05e902cbebba3, 4ad50f9fedb23c0d, 398d71f46f68d586, e9395f4370e7c81c, c0debc7e76518f6e, 68578bcccbccefea, 170463db943ad4ee, d98a69adbf43da4b, 11ffc7665ac8659a, 1971e9d0a3540451, 4c6c46902bf693d8, ca17174b06202fdb, ac9569849377c97f, a1b366093cabe73d, e664fc5eb37cf9c0, 42f66682d1db9144, 3817b7c02aed7abb, 5666b71efa6c2907, a4b2d37a0fc2536b, ca40f70425f0b967, 194ab5ef3909e6a5, 1dda131d1ec117e1, dd39b3209abb99d5, fca1ad6e74d9c4f7, 6562bd2616810a04, 9a832549e382b898, 3f52627561a03115, 591ee25288304e90, ecc6598184c0ac07, 2f396b7175ef7406, 928e87632cf66943, af861d329852edfe, 8064a0e964f83d26, 9a4dc7fc76f69990, f59518ceb8930f61, 51571c6c13883835, f492da5bef144629, d59c1687cb610aee, 180078aa813dd553, 2d450e1a369aca75, bf4d3e6301be1d31, 337800ca4068fbb6, 862a363ec9366b51, e9802e3183fdd8c0, f5860d294c541682, c87754bdc59f8225, 20dec476a518465e, 8deaeea8589a8325, 43e264331bf82555, a363cab9f01ad0aa, bacd4861e88e2d7d, 10dd916474913262, bc1dc910066d32a7, 2eaccaa7c1a5935b, 09aa2287aef9dc82, d9585ba285b42f20, 5d3dfcf6227ee0c3, ee1d5de297889487, e101742702b61f0d, 8535d3a587129bcd, f5d818406a957dcc, 4633b2604a2c2fc4, 170db84e4ae39063, dd3047b7c20b8b20, bb15edd7d1bfcab0, 87d0d0f21ecbd3d6, 67d741075e652d6b, 20f22c47590d31c4, 4acca5e46e7dd8df, 508a7103d6b22d35, c2fb1df70c19d500, 6e2d54046a787d58, c8ffd6be573da869, b9ed360aba850e51, 79cacff9d2bd3f7d, a2c2f4196225494f, c1ac0a25c8b2b0e0, c543bae85c9ae1fc, ebeb8c4b5a2ef594, 0b4eccfde4db8d6a, e8c11db71a9fa45b, edaa3766589a2110, 9ad37c456b765967, fd09d3a6802d2bed, 0d02209b8b689795, 27731347ccdb54b2, dfd45b37a1c57fb0, bf3969dc44de7448, d5f340821bc1fc66, a98059324941cf4e, 9c4843c9813dcb00, 7d6c6d3204c4f750, 3443817879720e38, a0f3edf1d35928e8, 0a106eab39c08d9d, c6db777bcbdd704c, 83f1d7b226abeabe, 09fff8a2b53ab3df, 75efd81db0a7b693, 9d56042b90657813, 9ffd4c22718416ff, b61211edceaef4c6, cd3caa48c9818997, 3d2cff9b60471d30, b3a5648eb8570784, dfe8477040536c65, bd866a2f45bbd9fe, 18ff99b8bdbcce66, de1e5739e7ff7f29, d2195b457b938a14, a6481ec911935e22, cea92a479d052c64, d6bef6d17f3f1da9, 5e285624bfea143f, f6f64e16df8d9dda, 90d336912713d817, f11794b4fd2dfcee, 054cd4cdeb2f5ad8, e19037fe17d17a61, 8a9675e7d3ad1cac, feb0b83f17c14200, 69c18e22b1117937, d4dc77998ce47d5e, 8b96fc1532810935, 76490b80a78bdaaf, 53b63c87bf5f8fa1, 4f0b3ec366f5b8bf, fd39af928ecf7f23, 8ac92fbe965d57ff, d06afb036a549555, a345863756d63787, 37cfee0378c52a97, 3bbf401b8e19bbfe, 29af534725f58afd, eed8b1bbe06e5379, 6353ba3a7efa1ba7, 9345da4cc6fbd1bf, 294da55e68f201ff, 09ca7cbdd2851e38, 266703e37c2cdd30, 891d8f20bdd60f31, 3cb57b0b7f40aa3f, dfdeca8bb93f3310, f91fa5287f70dedc, e36954ca50c60c77, 92eecbec7845ab4d, 5d1912957399099e, 6cd15cb123b64c8a, b9ffbdb9b3d0e82a, 71bf17fd1c6f553a, bf4544f30227d2a2, 9aef2e334d4c1b0b, ecc4a4657ff39278, c14a2deb307f3d80, 8441994d5232bab9, 7f15a7d46e9b1149, f727fc5af8a78bb0, 2a2a12db74651d7f, 876387cfb43cd9aa, 18b0c5dda61f79a0, d1107d1b23935a79, 05c54dee5ba782ae, 39a6969fe1dd812f, 4a83fa5dbea11224, 79da3cdd9a400f7e, e3a9538fa126e53a, 66563002e18ab5d4, 51ccb64ee7a85f70, f2eec8a9973ac776, 04c341c0ad1372ee, 6fe4976e7ac7c8cf, dd4b61801cd62b87, 1ce8eea9b1d9b70c, dd9600015e9ed989, 04de3f5df441efdb, 9e9a2bc332c0c163, d07e39cce780dc39, 5f9dfc15d705934e, c77bb81cb5b7b361, 648ef849286c808c, f47f38dedb5dbecb, 326279943433318c, 6fd83db8e49cb4f2, 7ff6d5ad361c2ccc, 7b6f0959b56b3a40, d10ec9e0e7eb0319, 0cd47aaa34320d03, 121bdaae7f782781, 89f3e99f1e342500, a995c42b58c3e00b, 992376757d77a382, a5b5f624e73816c6, e8c19853aca19d96, a7ae82a1db5d3f10, cc7fe9a36d925c3d, 281a533280a868c9, 194decfb0b9951d8, c6a2f518f0d340a6, ce493fc116593db5, 8b9fd40cfcfe4f75, 6a6eb419a8c4e79e, 43d9254dcfb68c44, 2ba8770c2ad2feda, 54ef75654a854fd8, 2c9f1511cbd24f45, e59b33ee2c7e3446, f081d250c69d0aad, abcbff36684edb78, a7c3375257bff709, 2538990ecc75b3db, 6ccc96d4cf012aad, 274f71931aeef236, 0de553d6e2e19dce, d9c9666e1a8d7044, 89fabeb4bbe11aeb, 2a787af698db8ce1, a02738014c337cc0, 480e59be14ef4d52, 87985fc99e2df487, 4ad9544e64a967ce, d54fc9507fb82073, 1cf0382af51381c8, 1db4eba8a0f06f73, c790d08d6f21f91a, 17288cf22c36b4ce, 7d4469826aa904ee, 87227ddc274c7219, d2be4e3a59f4e73d, 13f2841e7ef9c112, 83117cf54917519a, b134f550c4c530f5, a74ca5851f5a105f, 21683e7aab948c53, 4bdf6ea828f5332b, bc968f6d3e3ee37b, 03f13dba5375559f, 1e9a684f3b5a3e9b, ca28afc330c7c1a6, 283041e0476088a0, 27255b2b353cfbc8, c6c4f964b0047582, 0ea5a0112e0c06f7, 7e060bbecaebd9a6, 7ee8d72a6704ab7a, fcd171f6ea2652fe, 80c6c8f9be5cc697, 34f6d1d44e5c8521, 32d7ea6c8f3c6737, 8fb7e41ae98164f2, f72cfb33599fc266, e1d3d55b8e1a96e6, 1611102a6f9072f6, cc955d9878049e2d, 7ac63f1de1bc178b, f768a0a71ee5d71b, 72afbcca96f3c96f, 9dea44cae747c417, 619a57d864a062ae, 11f18d8b559cb9ab, bb3e7cf7c7cc854a, fa869ece74cc97b5, a0359cf81c7142bc, c836f58aea6ff041, de872b948357f2c6, 3d640e26fd6d79f4, 0f5dfc1eebf67ca2, ce0e3cd1ec8cc8eb, 5be6738c752381b6, 17a578a164a7e2ae, 05a261d26cf722f6, 05d833d8622f6cdb, 96b299b703f30817, 8ba7f0a6412fd0ba, d0434a1eadbe6524, 12246afa6d53134a, a8bfcaf7f6a9e645, 614fdf92b716d25f, 9ea891b203b6c50a, 1d9c97fa5bfc6833, 30e1c2fd9fe675ab, 502218eedc2c941b, 4dcaabcd031f8e99, 79b1e58e3715687d, 4aaec5e585055726, 1cca6d219111805b, 673ad89518bd3c6f, 921f194cfc506b9a, f9291ba2f9006166, 5a2178bcb5683aea, dfb0ffee8c1cd123, 06fbfc2dae291168, 0c1db67ad2cbc091, 56105f5a642b75c0, d0bb6125df0543b2, 1a3baa154d131e43, 6231a5891066254c, 0a0f857d2ce1d3bd, 17a10fc1e3bae512, c3d0561c6882fd88, 5b0943c55d59cc40, 583216ac6117c3e8, a54e38ec46654b4d, adadf6ef5f796234, 41d64b3b70e81ff9, 5e85d2de3476fedf, b428c3d4acb08896, 332319f8c56b78bf, 674ffc03dcfb23da, a5852043014a39a0, 93d94e398ac3105b, 4737f67e1a4e721d, b8b0de1f10531a49, f8f6036af4835d23, 26cb129af91e85ad, caa54ff0cfd3ab7e, 166f6a5b63532e7e, 1d7d56e7617dc4cf, 41230bbedcd3feb6, 8073654ffefdfe76, 71473b551341e92d, 04dd2ee24bed5894, 1027115fc7332fc2, cfcd05dcd5b6bac6, ca17711b299381b3, 29d547e09ec41fb3, ada0de03fd05aad5, ed972b3c64ea41e3, 75e725b5dcc41f9c, a87152742fec4e05, 54ab67d6e4d52a1d, e5cb768d4884e8a0, 6dfc93193b09b6f7, 60fbee2bf381f9dc, 5642c228f07e0371, b29e30e9420a57b6, 41f2ec06b6b9113e, 05b91b8ed7c62d40, b85b190b543f0596, af35b94c8d4b4398, d143524825230674, 8149d795b869e492, ff320b58e188848d, 64bebd1726e39fa6, 186552167d9da4be, bf2d7b4be9cc2f6d, 7f1f3993632959cc, 7df860e45df62adc, 77aeb7f94cdd6862, eb5182af5ce21702, 5cee26e3cf93b466, fd13e90120ce8493, 46accae00c372497, 78ea87c323b19a1e, d4d3b84c9c91a192, 4e1e63a9d53908bb, e1bceec9e3e66898, 549d8cf7790fd0bb, f79e58c66412ca62, e61b09d6bd8224b6, afc1c248e9f2fb88, 69ca9290eaa52f10, b4739672b7a678ae, 46ebd04f6a7374c2, e97678ceb5b5893c, dd4a50c0934074b1, 221113b5373d182a, 31760ba6ee170c42, d1f7c867e6386f39, 226a4c61c91bc863, 80c1991984ec3df5, 30701c9e1d30acc2, 459971841a0d9462, 7763959c24392cd9, 62b6d4322675ecd9, ad6c97cafc180604, fff76027d7d9f6de, 123be6302f9386dd, 9fac75f8325c46aa, 2cd37936e3b33d77, cdcb38f619b4fe4d, 9b7b8a2f85eba39f, 2482ce1d5ff9d152, 66d2318412b7689c, db5134e03d87e524, 7ee74c525980c675, 9cdb96c21e3346eb, 5dd584f019b38237, 26f343588ebbad3f, 8c615c0c325f50ec, 3917bbb3a1e787fd, d83a81e4590f02a2, 1ef7d2b1b55794ef, 445fe994f57c2c91, b3869c717292f756, e6637bff255d0955, 06a62eac1d55acb9, 42dd364761e6419c, e6c5c31ffe6213b3, c169d9139ea47e79, a01c572696b41de0, ab6fe12ae64173b7, 7ff94667362c290e, ebdf114e8a6cd7ad, 4bc213256a7040e5, ec1377a0b7c9fd3e, 8f49b85e73dfbff4, 022447de8e1ce03b, 4c01a6e2a7d08a8c, 9229982d61bfe7bd, 224b07e56ac1163b, d75c81e4a8ddd07b, b0c063e0455a14fd, b27b85ad15e1464b, d97241beeeafe5ef, 832eef8a84264bc2, 4171cc4cf76cbdbd, 9095e097533661d9, 8e8bed65f6f984fe, 388500551dbe4a61, 74ab6a52e9146975, 91b9667aa0a5ce47, 2755f886ead577d5, 5cea58d28a63eb9c, f6390d4f51230f70, d59ca5f51366bb77, 5fb51d97afb286da, c223a9b1172533cc, 33af46b5a5bcfc43, 9506236f27a4ee87, d8f5e16c501bd334, e8f1d88435053aef, ea9a6d712c73a6df, b4fa4494a8bf85a3, 9dfecc327e3692b6, c29d26433131dad6, b0bd1676db3840fe, e6dc2efa86f5010e, b730656ac5a4c3ef, 79e3aa62838f0436, f4d10ac7eb7fff3e, 7b937eebf82abbef, 7084cc5ad345bac6, 65e05843199f6960, 7a10240d41c1d89a, 81d7a49de52d058d, ef8df35062e9f999, 1f5a5da651fff10a, 77768e47acc60879, ea49815899628eda, faba87eed48bdcd8, 77e6f3bf3a674ab4, 502bca62b99348ca, 0b5a81ae7b4fd446, 9c2c99b91b1fde50, 29f184fef86e2ffa, 6733a626e9b9ca30, 35c6ccc2beef36cf, 0f8e34ed0168cf9e, 44dbe6ca98fec212, 009fc33ddc8d4c6a, 883379b2ab646168, de46c4e48730ca35, 3da2bd7c84ffb4e9, c351e0e6f73d0f2b, 5daf16ffcd6d7f94, 1a2f706022e2b3f5, 6e366608465eb0b7, c750cbe63ae0c10e, 4787fb8571cf9e76, 5433b1c2fc2948db, a2ba596df87a3f9a, 7368a942e321bfe2, 5649f7f232f13a44, 6b932bcb15e2eb1b, c3e68afa3e0dabcd, a1274bb8d2eb5050, 0f9af85bf32b0f79, add49750a9adc9e3, 29c1ef7a6b07311e, 49ad13de28134cab, 324960fd38044d94, 804db70435532733, 473c93ebd40da644, 142698cb94928e0a, c0eb24d86a29e7b5, bd65b481b472c463, 9cd2becbd61f273d, 75463a3f0da6dd0a, 219b4d1c49a1696d, 315762708c81e510, fc434d3804dec3f7, 49fb9b540d73d5ec, 731d87a9baf9a840, 27ab61ace36418cd, 1e1936f9b4f0bcee, 6d6accd979a13612, 44d5adcc1f254b4b, 653091e0cff3d274, 5d7712f2cc036483, aa74d4659ba7f75c, 11a2d2639defe68c, 6f5e741ab5e11feb, 0c4d0c06b4fab86b, 7005f30f9d694bc0, 8bfc8c5801926543, 232c8ca720cbab94, 1bbcafe7700f3b10, 575087c451c84d51, 0406e2e19c8cf513, 3a82bfb3632c8342, f4fc623e538d54ed, b6a28a7d2e4ebc46, ebead205810d58a1, 0375b3a6e625c520, 2dbcde4a89bd1966, b3db7c734f4ec9de, 2707923249e612c9, feadc0361a0d8b52, fd0839a7d8536a82, ce5093ac1dd5b9d8, db5250fa04cba875, 173ebf2ca45f35be, 7f23e7b4c7b4716a, e39076d6d2361afe, 6c15d10bd8887877, e7d69ddea51465b7, afcece9675b2eff0, 212bbccb8069477a, 5250ea6e670c5e9f, 6565593c4d3c5f04, ae0ceb44e60ad830, 96a3c85321e24d68, ccbcbd974ab76ff3, 94ff40bc1e74c5ba, 5a6d67c3cffa69a8, 93110399293a0091, e32ffeb80a79acf8, 9c3c416e59cf3986, ea6b725b95ca1b65, a5efc367c243f88c, 727422adee4404c6, b6780def8433388e, 966febde434fcc6c, 6d43a9c1c5e6d4c6, fa23aa58c2ef6af3, 2e1250971e622f9e, 96997ceb448459f3, 1ba5995b19fb867b, 8fc8e04c7bb9abd7, 2dc198103b111ee9, 1d04a6e736326922, 9a1f403628780dcb, 555985800da3d30a, 2e0d02810ea151e1, ed1e7f8543264fa9, 5a3f1330dab8951f, c356fb25463e70a8, bee33d6e41ca11f5, 12848015d7e91615, 76de579419fac8d7, a3c46f6af55d21a8, 8ae33d6063e77e15, 301322a24a9f98e4, 1301ae1c50d1e92b, 533bbe13136dd412, 36d87fd1173f724f, 5c0c229503b1f4ef, e0b695e716b26319, 8f4d5cbe53323717, fb8b46fadc051abd, 514a3c8b17d5159e, 7ed3fcd306a149b4, 0862d355218315c9, c9da1a35c51e1ecf, 2d6a0e976035b3ee, 34496095611f4275, c281f172dd0b37c1, f4b6eb971c9b30a1, c2b5ec5dff2aa02d, 99eaa2ee77bed374, 99db2f7e2d9797f1, 7227bcdff70fc5f9, fee3a883e00a3838, c305b80d50a1989c, eea9e5368226b123, a31e95eb62b53284, 3d45761f40e784ea, 6406a1bed90aded4, 573bee9db2310ae4, 2fb9de753cde7721, d726f3ab2f297df1, 37d02fe1a7514a7b, 85c751b89e6a04c6, c7ee1ff36eff16b7, 4d4b44d86edd44fe, 7616098ba1d248be, cc2f9bb35629b55a, 5e69bf4b9dec8766, 837db46ced5d930e, a988d6612ac13788, 922968ab2779f48b, a02c66a571276f6d, fbad79e953a4ccfb, 78648cef8706139b, 2f961488e705a9c1, abe9e6cb38f7b71e, 8392891bae84954d, d5b76019ec661fa8, e53256125f2b80b5, 7ff353e67a7ecb95, d6572e44222ef770, 9c6465e41c52d7e9, 2876dbb90f555db0, 4ffab772067da22a, c70c142306290284, 8894b3e94b86c465, d7541652c660b226, be6754a1c9a8c526, c8083d033d92d2c0, 7b99e0a5ee962d69, 32fefb5063e97a02, b71946b73b2ab640, e354f2774fa6d6d4, 0dacd1ee9c491e37, 31c981a9d7c5cfe0, f04ac8f8130a6f30, a01f4b478e3c46e6, 92d07f5e3232b376, 05a87e21782e4a8b, 477fd846503baac4, 6095230264e9cd1a, 8cd64fc3c3bffd0f, 3f828847f9b1affa, 4b9ac22504605bca, ed7ccc1d4027cf4b, 0d406861db82dac0, 3af8818749c7f158, 45c1b1f262069961, 5523c51f947a5044, 3d9dcd5dbe5c1981, cac7ace07a701f90, 4d0f4eb704fb972a, 8c8d7c1028fcf5b7, 727a0f57a1321a98, 333f82cdfd0bd4eb, 4093fc44725b5cb9, ff0f2d7e98b373ef, 9066185988aa6377, 8998229099af8992, 419e4bc01c241308, a10bd41a47b977a3, b26e1831001af9a7, 1b6912042a255405, e9023377cc99408e, 87192210f9af980e, 3e3e34832676279e, fe1cccba4566bcc7, 1f35f62464be9648, fb3573ca8276ae1d, fdd6e6c0240f151c, bd076c6888d6032a, c5ee644cb43c01e8, 61f986995f1227d1, 1ef32b1d7e24fcff, 2bf5a8e45c0a5da8, 416642a781b679de, 1ddbc2cfc5aa0e05, 98964def0b52b2c7, 6e54282305716c80, 7b865720fa3d1e5e, 21788bc13c9a9cb7, f485491a37a67fa4, ef68e9aed1e5c241, 7e3ca71498afe296, e6a6ff4ce72abbcf, dddb5437f5b495c2, 460bff92fe541469, f0b3b756a819b68d, 915aa56fafafceba, 26ec7488188354d5, 3af77a7840534119, 98d5b332e1510c42, 4212fa9765f09675, 95e5073d64fc7a58, 88647c1146a653a0, aa4cb7e63de5611d, 80ae7c456fb8191d, 5a9d6fcdcdff55f4, d307ee8b18c71843, 56bcb49cd2e03c95, 1280186464a6cf3b, a32eecb8d0303b49, 7014b5fa46939798, 632e50acb9a81fec, dfd217cf49a1482c, 47cbebb130e353ea, 2eb955437fbe3d94, 7bfcbc590bdc36bc, 5c26eb2c45f6ce78, 4dd42efd712477a8, 1a3fea0b479dfcd9, acf4c4798dbc7a12, f82a5556f875c368, 247df26f5b1c1124, 647cde86d2227370, 8b550e7625210761, ca80598297e997bf, d97914cffb6cab3d, 29f60ee64beb04b9, 7f7a92f0c20d96cc, 8cf455c9d1732de6, 96e9e87da3bada73, dcdfac63ee038b31, fbd6a4bd8931f296, 25408a2ba4c0a7db, 0f6b15f5067ad6e8, 34e2a7812b267e72, e942c83022ade96e, 4a5cc942e90b736e, 234f02596fb90e6a, 47f8e84beb9464f6, 54ecd8f123c03e6f, a091d81a6258365d, cea796190e29bad4, 2281c86f41968080, 53822c73a657d78d, 51aa0bb1ad9b8dae, edaa172f07e1cf9b, 6fe3e10681c517b9, 12ef0cd02c424921, d54175a589e94a1c, 13a89c47acbf5a89, ff91cda00d4c7196, cad830418e448e1f, 43b9935ab10b3735, 2cf5cbd38749fc19, 6cce44214ce5152c, cd769f59ca5542c1, e5b43580cff79ff6, 1bbae25b8b0f1016, 607c3ed73c11a649, cc7693a4d25505cc, 83189a5de6297a14, d288f775163c9aed, daf0339bc14ec58e, 3190942bb80cc4fc, f8cb448e2dfa8406, 14151c049518837a, a6c355e164a37787, f413a7740d2a182c, 2709261794883445, 3f79fcc8326ef2e7, e4946604dadecba4, 4089d69c522b0a2e, e2d7b521950f0545, 46c7162363a8dfee, 8daeafe12d1e234a, 5cdefec890085f95, d84fa441194e8394, af3f98bb144a79b0, aac5a8132517a9ad, a06f02c11ee64031, 9449bb752b534276, 87c2f4e6cf42e4a2, 50a30d8e3f215b0e, 6c50cbd3c894edfb, 5ee209a56ce495cb, 90098828398af2a6, 70528bb45386399c, dae9489fbaf42598, 3dc2e59cd901167c, f9cd5ea00db37dda, eb4209a8bdd06376, 6f659c3170b45d8b, b77b04a0c5ce47ca, 3d5ddbacb815cce2, a585f66c66cf46e5, 0eb62c6b7f6f0080, c4863f3b7f596d44, 472b371292513c82, 34ddab03a3a504bc, b2d38a8ea8f8cd96, 65dc920cf4e94ad6, 271a37931d0ccfa5, a45d4a8ffac25f50, 1c3a20826f965cab, 7661e265e72875fb, fe518b63dbb9161f, d08aee8f75dbfdf0, 6e40f0a7d2e213d7, e58d06b05f69585c, 6c2df1e0f5ec4a67, e8ad3f6ebdea58ee, 8cade3d68e357b2d, 83a9d2485e314c5b, 6bd71acb09d4b650, bfa5b707186b9a0f, fe542f0e728a94f3, ee134cac2c8ecbd2, 54dadd8d7009f459, aeb5c856d1e862f6, 2afa7911ffee6080, f5e0f6b17084a710, 6ca9026a81e52833, 57d52537e4444f26, 6adba44e1ab4a8d1, 41c498bbee97ea6c, 0b13d6b1947af265, 057710c233fb7771, 3e724b5f8706cce1, 59b3fef9f4e318db, bfc1ba3e9116f803, 4328f8c4c485be51, 1914dc1f12776482, 2d6474920f5db495, 8f62a34cde6975ef, 102436395a758344, ad9eed4c4c383307, e6c7ad1724d1f574, 283aa1184c20481f, 2a3227e20411dc5f, e830e77e8f2e6df1, 6ccb549448ffe66b, fe3d56bd5a5654d0, 51d550da6713ff74, fc588c15e3a4114b, 5c552bc0ffc03efb, 345fcf4536074ed4, 34ac3bc81c6f3ef9, 51d5834a596af353, 9dc4b22b7e23c98d, 0fa0245eeb081720, bba7523ebc75e8ab, 89e199f7f9776618, 8825a70512e687af, 4e67b8f065f2d08b, d972584224410e2c, b01268410b863e72, b5e0bd4ec9113d88, 36c3da12d28e406e, 8dc0030c75d8c61c, b5b8247e646c909d, 816eb957843e4122, d954fb6426cf21be, ab39495d84683a29, dc26323ce2a07eff, dd85997f800dfcf3, 2edb6216e3818d24, 6d41d53b3c88995b, 2924281b3fd04abe, 199f3d144cff5d41, c773905f4217693c, b14d49b1edf30a48, 128ec5b362e27fe6, c3e7c778a1e83c0f, de681a13be60d2db, 6649292981cc5fea, a1fe1ff3c2979785, 2f74b98d9000a7a8, 9799f1eb86a27e82, 08b903dc48635b44, d070b73bf656782e, 85072779ee035055, b8d8e17319299160, 221252236e108503, e02e2feacab916dc, 538f20f9c2a509c8, d36c7f7915357e54, ea434234b33220e5, a15299fc74a93e33, 44a1fc373827ffd0, ab52ddcf8e08435b, 6ba8597f0879ac12, 6645714b3451ce61, 0e90e958649e653d, 6b30ff32db6b683b, 9f6fc29cf6c3e790, 38447fc00b9526f7, efa418812c9ead75, f4db1f392d6f0851, 49521a2ae6492292, 2d806e8ca882cf59, 5a5968948b598206, 953fbecacab0756a, 7ed2c5aa7927cff6, 2880a9eba66180bd, daa2360806232c73, 3c6854e646cd1102, d4e46098dd085d16, ff4eaed478474a58, 964e6fe505b8014d, 6e6a79aa8a9f3601, 96f974b02d047e85, e9c1105af4dfddf1, 54c7945e1b85e5fd, 32630c1a2f7a200b, fb275f61aee3e562, 60444303a57978f4, 6106b4e506ce6af4, 45ea2e3a04f1a442, 725fbe43d6268615, 586d9ff4aca5a350, 15708b02be096e9c, 1c0e41260dc33868, 7c94df3730992e2a, 280b78a3cca6232b, 6d5162a4460b7867, e8474d67918a0fff, 46eef6119dd8603d, 897a930696fd0cda, 836474607b7b777c, 45bad3ad710da648, 40c5bc658fabe6b3, 978d016eb7193a88, 794173d7e02cf948, 343fa9c68e09977d, 5324a3e6ac2d438d, 472c12084fdf81f0, 633d72c0a258a5dc, d9ce7784a64ad6b4, c231244e3a3dce97, 25a0014820baddb2, 9004c44b9943a510, fd4f36eadc7c005f, 1a448d1b42cf1a24, d4442bc9fdcf41d7, 11b487b0366d5455, 85867d035caea026, 4980e5253dd9b338, e4540b541263396e, b0455a481734561b, 7e5bc972641fb031, 311051a87e0ced4f, 591755735c2acc32, b980ecc1d647b116, 17e4031cec1a5133, 92f18c91b6453a1a, d9ce07bf91d5a820, 7aafdfdf402b8fee, 293658fdbfffbd02, 891bc6ffd99f8fed, d537504f6ff460a9, 8de5e1767d396f38, 714de51ddca5b15e, c978531aaedc662d, 81d9eb7f7d2d7e31, a81e07d2e38759f9, b687115d83150f44, 92d94bf6aea75e5f, 537ecbb3ef603b81, e92a2ac4b82e84be, d47fb0a2186995a2, d1d894ac9ff56fb4, f2b2babe8b10a1ab, 0db8561934fe8659, 8ea976008e8e6514, d0095efb0473e8bd, 025a4e4b31cab2ff, 772e90ef99d877f0, 72c4ea4e26599cec, f8d94aa4b5d9a004, eedca16ffe34fc72, ef20b53be5c33896, 3bd08e595d8df95f, bf924f306a5839c8, 3b093dd30c86b11f, 1d3d44081ab2a422, c8d4fa276d61424d, 17d1283103f22eb5, 0b2758dc4e831e09, ffe6b5fa99020e00, f79d88ab2c343ce3, fdb31ea478232e30, 123ebeec780285a4, f0bcb089d07ecf01, 57bd181ada99b3a0, 7010447ec5957859, 8481822396ec0b58, 1c8d7cd7b460bbf5, 17dcef820844f198, b83ff6bd0d18eb95, 923942c8a61fe56f, bca2b480eb3a7748, 5a0ab378010bb4e6, 9bc9673945e1b845, b29a4801120afec5, 47cfff25b1cfce6f, f67156602b9088c7, cc7b780ff27b1f2c, f753493f830d5847, 83f74d7114467837, 8d1596f97e2d95dd, 026f6ec6373d576a, 986d1b88e5d0c420, 002e488982fc788d, 012d81db55551153, 4702e26ead1cb8c8, abec6145451df6c5, 5f6ce3cad4e05757, d08bdfd029579a93, 7d1ecab8eef598db, 368c78daf9c95a93, 14934419a47d24d4, f16f2cb835a8c5b7, 90d96be76710125a, 411b3f185c23322d, a40764faa972d8c3, 49cc2cd4f0fdb197, 49d0812c8f84bd87, 36f88d7c37c4b097, 9aea3db7ff9fc895, 8b343c5c2b2195b8, 5361521ee571280c, ee22ce12e6979a14, f68ee8a35ab95f7f, 2b25150a23abbd86, 52db8cb4b46ed47d, 3cca08359efede4f, 8b1f0e0cb186be7c, 251f96a9674647ff, 73c0061ea3ee0200, 4a163a10e56c7530, a0c2c4f1f6446472, 4e8b5281656c5509, 754e7224162a156a, 2c44663ab75d9baa, f7ba056bf465791f, 2f09af149fdb13d1, 368726d14e08a750, 737c87534f9beaf1, 6ba08b292683543d, 5eda2ed4fa5c909d, 49d7f215a924aa6f, 913e7be90ab0810d, 821655ddb188be69, ca9137612ad93af7, a6a88e794a5a320d, 615a6440e547838d, 5e46a3de39c5aa5e, b3320c3d7dfb7db7, 5505fb031fc72474, b955193f0e29cc30, 478f7c9f22cdd62c, 13d34e4d388ee30d, 9e675951e84bc6db, 72ac2568f559d15c, 47bd0fe9e1cece06, 48e6644353492b55, 2303d03d3024ff05, 52a0ad4dd31cfa90, 30bd7a2698004b0c, 4543643b23150be0, 493d4a487e5078eb, 4b66171d523832db, 44bd7bfa512a35a8, 580be0a990179554, 9ae60f5553751552, abd5cf883e5c8ffb, 44bcdc231ea1d359, b841e86fc119800a, 2e63d137e804b540, cc58e9e214c4ee56, 105bb96e9ee6984e, cfa373ae2a44e038, b7993e8532dbc91a, b593ad353e43b53b, 7c2edf37bc9f45c9, 971a7edc437b5f8e, 924d844c0b9525f4, 0bbae877c90838ae, f70da750857aa095, 6282b888f418446f, e31b2e08ae45fe55, 38ebacaab953d10c, e2453749e7a9af7c, 5059b632185bdf51, b1bed5c9d6ebe6cc, 03d48c01f8188cbc, 06fb0c5bf8e5e091, f7289b6e9fafd10e, 9664ae34b583005a, 0da077dd62c7161e, e153ce41703a63a9, 740d6f2a246d4005, 58dd90a1526e2011, ccc48cc6e6846bd7, 9779aa1da734944e, 6b8c8670452e7af3, bfff9c9ac4b175de, d65128ef0ba1fa79, b03f0a43b031c3c2, 470d5e972924d88a, 8a57837878138ef3, 3d4d5582ce38b8e0, 5568c3df3d1949f8, 465c8aa2a70968d5, 35715b94fac3608c, 0656bf29a4a52831, 7cea180c11eeb3fe, 5b6a874d9f1581ed, 5b2f00fd66457e5e, e06e30af43abbbae, 13a5c36d819238c8, d53a8bb1be95fbcd, b48942b2a87f40ba, ff33e0b5479b8017, 4c29eb480751b4a9, 9bc574bc08219e88, 6640fe59f8ea2940, ec6d7d7eeb3d62ed, 97090b6204b0fd9e, bac7f60d23941d3a, 2609998647473387, f6fdbf857d3cdc45, 43584f9d2da7466a, 906e8748930dd82a, 6feedabd1fb84bfc, ed85c5068dee4171, 330db06839bae54c, 48f5ee19a498ec7f, 7dc2dd54525daa92, 904cd81ba4cd235f, b2afe3299d88139a, 2df32354ba4e127c, 35c983553b662e90, 1addac30b2389008, a7c4acb3f8581357, aef87d5adc275271, 5fe802c5b19c5b28, 01a323ffef0169fa, 8269613b799f6d42, 5a2718d06c53e854, 4b144ab2b802dbb4, f110f61d7c66a005, 560103927489bca0, 9400d05a19103182, 43076b00a2aff4d4, 6de3c437fd4eb914, a1f9d100495e5961, e0340261d5aaaadd, 3249802363a255d4, 61f9525fa41a1094, b6818c3c0ea20907, bd214b7a15b2a01a, 0a2a609aa5d3edae, a126734585c3c6af, b63dd67c743e3240, 28fbd5bcd3abf184, 0d98f20e2c6a2651, 78bb66dd3437266e, dba6a9696142d1b6, 2aaff79943143f0d, 8ecf4af46bdec910, 705098f727ed9382, 1d244f06f952f193, d6d15eb13e4eef64, 8250f64b20a33421, 52720f207e1f1909, d4e4efedc990fc44, d20f50f6b5ced117, 03dbea500ea7c61d, 55224abf224d9952, 1e9e91725c8ed615, ca3b389f925b4c71, ae175d7ed1d4c019, d088e61f635b0bea, ad5d16237251dfbe, 2bd5cbbfc2307246, 907c530fe7d73360, 3e38ba83e32d9cc5, 21159b8a57f35061, 9cb4c035912fe58c, 1fb564209a4884c8, 9f76be449bbbe000, a16e1246c238af28, 697e134621c739a7, 99c7417d80f27f94, 880d0f050ca68235, 447466d58227fc83, 2f97e74aab13e760, a80918cf1f7b1a55, 2a3624612274c160, e79c8b9ae5e30b3e, 797d20abdc08aff9, ffa9000cb5fbb72b, d478b88e17a90784, 061b064338d8eca4, 97a48d18ad899ae9, 655c7fd7c2455796, 8bbf6fb105eb80f2, 8d55c0c88dcdafb5, 10637fead7fec561, a149e8f31fd06f3e, 1ad261f3c571f11f, 2e93e2eca727dbc1, f9316cf6fb7ca5a2, ce7d2f53bf5b0bfb, 456b02fec7762c04, 90a4c90ace47b9b8, 5372a2a251c96468, dedbe41f65d05c3f, 71d776907f3637fc, 00a5a62b9fd216d1, 6d14b90e2964bd39, 1a94b0c06f729781, 6ddd1f7a93d7c3d7, fd78dec7f7b26e6a, d58e35806e91954f, 34ac4c244759b925, f850fed61fbf9d62, 21861b6a35b0beb5, 04ed3d7a9ee81a86, d3d6539a8fde1c9a, e686d02ea6c6c5a8, 90c34142cfbb0fcc, 9ad17ce2d8a89e14, 9eb5403bfb4bc2ba, 1c8b9876eb0b8141, ac042f9a173ccd48, 63010a1f6c7b201b, 52d9fabf92c4d5f5, 85d1b458b7abc9ff, 845fa1fc83821cc2, a811753f1432e0a6, 91943ce201730d6e, ad468ec7d22ab7e3, a652e7a0abdd032d, 374eef181615b290, 3616c44c74a2d06d, e27543883b43297f, 8db1a50f12a7e161, f243cf619f2ff462, 38b629a0997f0a34, 7e112bff8cad0cf2, 30b60ee5389beae9, a75d23f4f4c54606, 7c703e2ccf9eb3da, 0affa7840c62c67a, f3027c2f08fbfa15, c0882acd236889e2, ed00afcc4cc54a42, 94069b5bbd708180, 397be692e4b7af7a, 05404499107f6c55, c4513b0f4512ab39, 16b5746635a5c036, a4b254a80a221727, 055cd8d51c18ad77, 80824d4b866d40a9, b48a203684464e44, 7cef420471a0ee15, bfcf6a206c1cd01b, d68666b3f0810c29, 930b650d47ab49db, 5a120549d463785b, 81eb41fa297bc559, e2d7ec9a77c2b9d4, 049706e0d78481d0, 907d82881409b04d, cfc0faeebbf95e1e, 479b9fe372dbf4c2, 388503e74b883e3a, 97767a71ca3d24bc, 8517b9c5bcc309c3, 0b39fab92e515b87, 8261fcb968bf8dbf, e138eba82894c1e4, 567fc58fc0f76c7f, 6c8b51bbe05df003, f653a5e59336da8e, f2c168ad7ffd15b6, 7e4b9f02f834eb21, e83d89ffdf3dc1f8, fec86ad77150b24d, b4bd3f3a8f0deb2f, 5f0c3c0e02a23872, 1c70027687ee6ef0, a5bdf75ad8d561a5, 5722b3c42f3a8c3e, 8e600adbe36bc982, 03829c5c92e6f63f, 9a64c8d2fe428cd5, 7fa61d8a66dd64b4, 5f0545748898adca, 79089347f92d9a06, 72284d011a17d450, 6cfeae95cf1491f8, 6aa8910bbbe37519, e880765961a1c532, 41ca98559ce57bdb, 83381612f61b1a4b, 4cc6b62e91c1af13, bde882a672a547b4, 0ee2201899f0d347, 06d8fcf42ce1db35, 2a2a9eee8b2298a6, db71fa5a474dfcbe, ae61c36d829febfb, e3bbc0df8d7430c2, 0b163e6974d65cd3, 370dec0a74b19daa, 29e5b604b1ba17f3, 76b4aea6fdc03cec, 9de9438fabe2996a, c348cca6cb3701b6, a10e1373d2468b8e, a0409b500e5630d5, f12c456ea362efc0, 0b70a37648e63b8b, d0bb3dfe7b899b0c, 9bfc6fba047ffe1e, 523c32ee646175e2, c569fcd0ed7d8c8f, 39aa4ad071dd78d0, ae59bbff5fbaadb8, edd199276b67a70d, fc5b660828fc96fd, 3b99dbfa27160557, d95c99547a69cc29, dc9695ab7b7ca0cd, 3f00e7fc270e2d70, 69fc8a82bc32e5c8, 17e6768c358c2d68, 8e386f4172a71ec0, 9006d8b45caff16a, d8f2bccb004514ce, 74fd3a5e065a480b, 067458ad07dc12c1, 14f0a4d4a7c65d32, 62a2c389016529a1, 4cf4d14fcaf46f61, ac58955be3f4bcf2, 088d32a184448a81, 4ef49b9a8a0a0892, f01f8ca6aacda487, e9bc59272bf34aef, e5be2c99faf6263d, ba662ae3fb457465, 61abd80a57ab9ea3, 6698a6e35200fbe9, aa686bbb2cc95ba5, aff45c25b462459f, 313962e138fabfac, c9f01a8a380090f6, 498b55f95af52dc1, 9720bee37c259a2b, 83fde363db2271cb, 53c3565f495f80c5, 9013edd29efe64a2, 2f69fa9227172d18, dc7b2a4798e9c1c2, 962e3c4a1ff7df80, d6c443a33c3e8884, 4daba48bd226cfdd, c052f6de889f5327, 414257f757e6ed16, 5156f08db7e8cf79, 433640e3e8fbc85d, f613fcd68699af75, 9c0f0ca62f6a42fe, 782cf07ffecd9cc8, 277cd264dbefd677, 307cf33edf5681a5, 007cffc077d8ecf8, 1e79585fb4f024e4, c56f4a9fc2e221eb, 439cccf9f2c73a20, 69b396e54f70e59b, 469a7506d5667695, 9f199882d20c4bf3, 5255543babf1439a, 563eff2f014f3196, 3c4c67af72083336, b8eb3479a901c3a9, ebbfd7ab21a1177c, a3d584684ed68e9c, 43af70b8618e5204, 349f3f5c6631b208, 46d9d0eb4d574bda, 455674afe6215b54, 201f28ce184e35dc, be1e5a3e7573663b, bb6b3de7be0c3eeb, 6a313bc5c5da088f, 58db130c8281a6cd, ae5eb7ebafdebc13, cb6a0a3e2c12b5c9, f4c44e1a46c61df4, 79b2242fd6962886, 683642d70d74ca60, cdc7c2d6b5ab0cae, c36b0180341b9a9d, 449efc26dbe9624a, 7c392f1f27c68e14, f00193a91f30a8cd, b1072f7dc78e9b2e, 38ab091e12e4bb8e, 423772e7abe71384, eed53cfc4ff4a95e, 109eb0f0e6b72639, 75df046bc866c290, 4d3eab5e83af824a, 70821fe2bac97541, 97f907a9ea7574b7, 9d525e223f281e31, 868009524ea903c8, b81ad8e45f50f231, e5c5e437e8d05730, 5b3cd5194042d65b, 0a1742f17f50f99d, 1dce48cf9fed4fca, d8dad1c5d091364b, 359e9fc7842e5712, 51201c60f732f7ab, ad0d978a46bec389, 2253a8de98d94e19, a7f686e72faf8b48, 52eb61b8ff540299, 083ffd7ffb2c86bf, a91c178f865e96c1, b133d1648c438ab7, ff74ca293fe4465d, 66494868110e501f, ee6d35bb0391c1d7, ae5436a71d4a057f, d2e1401b56b4fcff, c69ffde2d8a9065f, 5ba630e670893470, 5e1ab90356f8db49, 514818dae1a72e06, dc6d7578558ed1c2, 6b0ac70bc6ffca0a, b063c9ec133a65f1, 3175550f92e35cfd, e3b7bdeb582515d0, b401dbeb9b9a2d36, 61d654060c7eecf3, bc7b94513475402c, c5f6a2961a8aa8e9, 4a4f988285f70298, b01d8283e45695e3, 0c10ec0f3006d501, 1d953442a43be51c, 1508f8864c7bc934, 6a990cbe619a96f6, bca4f565b25eacb6, 78434eaa5b79a935, 0b0bbaf4e4b03d9f, d5a4706c2d6261c9, 1ab50e40c9290881, 3399ac5191a85f62, 4cbdc45089b3c200, c69ec9042bb28fe0, cb001db88270b982, afcb0e82ae5c814d, b25ae4a3c84078c3, 382bde23bcdbd381, cf6364fbf0524f5b, d9d19473b7443d29, 02ef312e423fd190, 8981400373564e51, 3d7147791519245b, e5e80cb80602ad9a, 3ebc2f7d54fcdbe6, ab551b90d51e2bd7, d771807cb44eef07, b5d8f357895491e3, 400e70e5a39595b6, 9cf01a4417f130ef, a865d97cc93803e1, 567b6913bc69cc00, 22b140eadc4be7da, 4514708d755b3a46, 6f10961a6b100a17, fd060652edfcc9d5, 221a248fd732b0dd, cae880ad20b646f7, adc6c1deb63862b5, 1cae568e6d46be25, 56aad5c5c0dca628, 66fbf3c88f40b122, ab496b45dbd7a97a, bda3fbe9d4f53ece, 7f9114b018ab8d29, d6f75a6788a670ff, 1529dc39bdd88231, 0d3502c87ba58ac9, fea32176fad653ae, 965f51125ac69ba1, ad5225ad9bdc1370, 5a5829c8cdde4999, e4c8646ae10e6f7a, 1b9766aa50469cb4, 449180b7645515bd, 044cfe98682f6659, 6fe6cada78d23bd0, 0223fd29c01bea15, 0327fa731d93cfc3, 2579d90e7e779510, 1ffcc54f1b7b805b, 6e779fc9b23a8367, 91390ef1422c3f73, 28560f014f019ae0, 56a5d15e9f3eef55, 74bbedffd2efd5cc, 64d045d9c97140ba, 971e6e19026c6d16, 0dc99e1bd15c0feb, 364c0bfcb6e2b6a1, 50ac2ce49bdc6dcc, b4c06bf6ff55f02e, 4f805b24894448aa, 904c662472ad20ac, a1613cc7ba134973, 70957d41150e8033, 150b20224994f75c, a2ec0b1fdf333af5, d37f1891fd60fde0, 35748f9a0e6caf8c, 57544f920b3141ae, be834959b99e2d8f, 5339ea5bba1b4e17, 56cff24f9095e69d, 31d2369629fa1a98, 05f6d575c6a02ecc, 30ba3e1c90ebeea0, af60c88308c8ca6e, 9b73da91fca6dc6f, 53773a22a72daaa9, 081a83f09ac0691b, b7ad9ac0ef5e5014, de2cb72da13c08a7, dbe3930734382040, c67efa708c2a493b, cf18d8c9f57feac9, a9820b7c86943026, 75a2c239ea2ce7dc, 46a8a516dc4dae43, 2c756195aaa675e0, 1538e77e7fbbd12d, cc879370ca5dccb5, f29edc8344367cbc, 41a69f87eb639bff, 416934cac78b2d72, 64f90de1de38fb23, 5bedf11767a4c1f5, 1f7e09a52f7f7ef8, 05b3efcae11949cc, 70152a4ea9c59184, 7da717031e03eaa9, 3aa3479f0602ede8, eb4f1ba11fd03715, d9f66fcecd2b80b2, 0c5fa66d16bc6c39, c4bfc3fa110571fe, b6279b53a63e3681, a7a5d20b4a1d7b03, ad7ee4d922dc2461, 63d67585d8ce84b2, 57bf3f1e7b8b7bff, b17c19b987199f0f, d32358c68766e3ac, 12fee3d2b297a583, 0a262bdf65eb148c, ed89ada161216e38, 8f4fff618242004c, e304e922e7fb6d95, cedfd0a9f3d80a79, 77db726a58b9ce53, 377482a9b440ad3f, 07be199ac020d443, f4abe6222eed9939, 30f269bd37cd466d, 8c1770bf78a33671, b2613900e43578cc, c6cc260f10b2d733, c4ca0135f1a4b3b4, 728b2d8c3a6a1c71, 2ac3d3d890cd86e2, c6ccec79729dbd7b, de5982588b7b504e, 56a1bda3e9099475, 28a51a93bcd62ebb, 7cb53a18310a000f, 940c3603a35d0c41, 2498a529b88ef886, f96fd735c76084dc, 63a2b06c6bd4dbc3, 60266edea7b9c449, b7830507db62b318, d1c06f1b025ae2b2, 0225a9e1966976a1, f003047270f13c8b, 70b622bfbd3576d5, 2088bdbb29d93080, f9c33f4772269350, e066b777110e358f, 1821e70468de5088, a64c660abd8b3996, 6664247cb93f0e18, 44b16f6a49fdc5e6, 0835be5c8f3655a6, 6ccc5998f9e138e0, 8b6d3d89c392046b, 44640a502c01375f, bc5355f46304cc12, 7beaa69faf884591, 9bf7b893010a286a, 44a6c0dfdf31bb42, 38d012841b925fcc, 5eeeeb523c445190, 0d6f4f6a17a068be, 3e3927dbd72623f0, a5dd817c1e2fe5b1, a2e93f6a3e273e6d, 1f5c4da8228abd40, 6ad3ebbf7385fade, bb10077db263d788, 27464ef34166b308, ade64391fbb6610c, c7c44a3ab6101b34, b9c5e70ef8073605, ef3827b2649548d6, 68b30fa7dd6cc3c2, ad2bc03a6f0cb4ed, edb7763046327311, d307f8db7266884b, 82a5c0eabdd3961c, e04ab671de97404e, 6de19a9fede8d225, c2ef9abf502ccb84, c8297b981b128fe5, 6072582e197f513d, e449ec269620b8af, 84c793c211ddbe0b, a6c227c74b2d3c8f, 0ed8a4ad7338ce9b, 39d3f129dd6103c9, c64792a13f6db869, ca2113e867489b7e, 75f34a676e3516d8, 8f69bc4f7a09d3db, 2258cba5b98a2f72, 9aec80d1d6cfa0cc, 45d6c28ffd7b1107, 7cd15a857b717cf2, cec55cd8551320d7, f4d28e9425feceee, bc27336cec5c27fd, 93e891ff531837a4, 2a242d1a857014d5, fcd48d3d0aa1eb58, 67fb158b1f8a5cbd, 1ca0f50fa25e202d, 5018100f19225f84, 81640cfbba85a6ac, 6e11347c82ac3192, 6985b11c5cae4a5e, eaecbc1e36488c70, cb8337cf8c8338be, a5254a0c81751039, 7a41310a96f53bcd, ad8a65354eed8cb4, 2aff6106c0228f80, 1e38a3ea6b336cb9, 0244ab62cdc1f728, 5b1f164b1255f43d, 84936da68d9dd5e4, 499c39cd2cb95bc5, e990d3622e385854, 1a03b469e5ab9ffb, d942069ae4b886d5, cd62a2e91e0f6a5b, 6f1e24a07ef7ecab, 7eaa98fe3980680d, 7a07ddb91c24d726, 0c63ed3565520448, a4bbd85cafecebad, 2d7870f3584c0104, a3ef29405102d827, 337949255bfa43e2, 51015b2b1a02e4ae, 62f767c0f7df267a, d1270a15b6dd57df, 48c7e0746d6a8ebd, 0793ac11de963d54, fffebc599eb926d3, e657745a2359ef7c, 6835d9ba0f21dde9, def7ce980cc3f4e0, f8188f91167904e2, fca819b935a12772, 91bb6ef22b9a820f, 6db6cc3c40402062, 9fe97ca9f716a5dc, 35e6fab2954cf2e3, c0aa376435cf53a0, eaca0d0ddc1c758d, bfa9887ce40a4234, 20b0be2f0e7335a0, 77de2c7cd766b201, 37fb26f6159034e9, 30d250171f58b397, 80be748d8e283596, f5709d4b544b537b, 3aaa4de456ab7644, 88ec5e2543ef090f, a61763ca43b40da0, 3718b8e63a924a66, a320476c30ca53d1, 3db9ecf1cc30f7a5, f79be1531e91203a, 3101618c64e8400d, d6522f8706e7c389, c26c5c86ae952bad, baaaf4147df445db, ed0814f73adaedc9, b1bbd4e5871e7373, fa2dead8d8b5b1e5, 59734bb548ddacf6, 98e84ffda390d46f]
[11:47:24.755] [INFO] options: as_table=true
[11:47:24.773] [INFO] [run] subject=1, session=1, speed=1, trial=1, x__rid_x=97cb52bf8068bd21: dummy_return_one(x)
[11:47:24.789] [INFO] [run] subject=1, session=1, speed=1, trial=2, x__rid_x=6846a6a146616406: dummy_return_one(x)
[11:47:24.794] [INFO] [run] subject=1, session=1, speed=1, trial=3, x__rid_x=1b1b9bcb2aaa3215: dummy_return_one(x)
[11:47:24.799] [INFO] [run] subject=1, session=1, speed=1, trial=4, x__rid_x=ec33d5ff1b77ebfc: dummy_return_one(x)
[11:47:24.802] [INFO] [run] subject=1, session=1, speed=1, trial=5, x__rid_x=0fa6f2f60e902f7c: dummy_return_one(x)
[11:47:24.805] [INFO] [run] subject=1, session=1, speed=1, trial=6, x__rid_x=5b30b60830e030eb: dummy_return_one(x)
[11:47:24.808] [INFO] [run] subject=1, session=1, speed=1, trial=7, x__rid_x=77255015ce0caf44: dummy_return_one(x)
[11:47:24.809] [INFO] [run] subject=1, session=1, speed=10, trial=1, x__rid_x=ab1630066b8b5adb: dummy_return_one(x)
[11:47:24.810] [INFO] [run] subject=1, session=1, speed=10, trial=2, x__rid_x=a3df1dc0b19c3da4: dummy_return_one(x)
[11:47:24.812] [INFO] [run] subject=1, session=1, speed=10, trial=3, x__rid_x=537a89c1a5816479: dummy_return_one(x)
[11:47:24.813] [INFO] [run] subject=1, session=1, speed=10, trial=4, x__rid_x=4e7e7a9b370183db: dummy_return_one(x)
[11:47:24.814] [INFO] [run] subject=1, session=1, speed=10, trial=5, x__rid_x=5ae3aaf7d28ca5a4: dummy_return_one(x)
[11:47:24.815] [INFO] [run] subject=1, session=1, speed=10, trial=6, x__rid_x=1f7cda18b42ac70b: dummy_return_one(x)
[11:47:24.817] [INFO] [run] subject=1, session=1, speed=10, trial=7, x__rid_x=85b13419cd81741f: dummy_return_one(x)
[11:47:24.818] [INFO] [run] subject=1, session=1, speed=2, trial=1, x__rid_x=4278410ca84a81bc: dummy_return_one(x)
[11:47:24.819] [INFO] [run] subject=1, session=1, speed=2, trial=2, x__rid_x=921ca0c21bedcb25: dummy_return_one(x)
[11:47:24.820] [INFO] [run] subject=1, session=1, speed=2, trial=3, x__rid_x=05631bda3ac82c58: dummy_return_one(x)
[11:47:24.820] [INFO] [run] subject=1, session=1, speed=2, trial=4, x__rid_x=5bc8ca77e01d0da7: dummy_return_one(x)
[11:47:24.821] [INFO] [run] subject=1, session=1, speed=2, trial=5, x__rid_x=595bc3d559935b6d: dummy_return_one(x)
[11:47:24.822] [INFO] [run] subject=1, session=1, speed=2, trial=6, x__rid_x=a2c27325729af32a: dummy_return_one(x)
[11:47:24.824] [INFO] [run] subject=1, session=1, speed=2, trial=7, x__rid_x=7a13244f83b25516: dummy_return_one(x)
[11:47:24.825] [INFO] [run] subject=1, session=1, speed=3, trial=1, x__rid_x=3fe48d22835d57b4: dummy_return_one(x)
[11:47:24.826] [INFO] [run] subject=1, session=1, speed=3, trial=2, x__rid_x=04e89ca22928e9af: dummy_return_one(x)
[11:47:24.827] [INFO] [run] subject=1, session=1, speed=3, trial=3, x__rid_x=e91d550ccdd41833: dummy_return_one(x)
[11:47:24.829] [INFO] [run] subject=1, session=1, speed=3, trial=4, x__rid_x=94fda656804d5ed3: dummy_return_one(x)
[11:47:24.831] [INFO] [run] subject=1, session=1, speed=3, trial=5, x__rid_x=bcf5a3b685fc3e2a: dummy_return_one(x)
[11:47:24.835] [INFO] [run] subject=1, session=1, speed=3, trial=6, x__rid_x=a90943607e20cc9a: dummy_return_one(x)
[11:47:24.838] [INFO] [run] subject=1, session=1, speed=3, trial=7, x__rid_x=0d9ce0f1a40f7523: dummy_return_one(x)
[11:47:24.841] [INFO] [run] subject=1, session=1, speed=4, trial=1, x__rid_x=f5e131de64e18747: dummy_return_one(x)
[11:47:24.842] [INFO] [run] subject=1, session=1, speed=4, trial=2, x__rid_x=8969aa3ff5aaa16d: dummy_return_one(x)
[11:47:24.844] [INFO] [run] subject=1, session=1, speed=4, trial=3, x__rid_x=fdeb7b0c300b4917: dummy_return_one(x)
[11:47:24.845] [INFO] [run] subject=1, session=1, speed=4, trial=4, x__rid_x=abf4dbe2dd8560c8: dummy_return_one(x)
[11:47:24.846] [INFO] [run] subject=1, session=1, speed=4, trial=5, x__rid_x=ba79ca6d33d1a9e5: dummy_return_one(x)
[11:47:24.847] [INFO] [run] subject=1, session=1, speed=4, trial=6, x__rid_x=b9bf15f508ec0c2e: dummy_return_one(x)
[11:47:24.848] [INFO] [run] subject=1, session=1, speed=4, trial=7, x__rid_x=b23fb35f4e58de4e: dummy_return_one(x)
[11:47:24.849] [INFO] [run] subject=1, session=1, speed=5, trial=1, x__rid_x=445cc6893545ce16: dummy_return_one(x)
[11:47:24.850] [INFO] [run] subject=1, session=1, speed=5, trial=2, x__rid_x=5c1ba8fddb22f4fb: dummy_return_one(x)
[11:47:24.852] [INFO] [run] subject=1, session=1, speed=5, trial=3, x__rid_x=edba44515c1a1fa6: dummy_return_one(x)
[11:47:24.853] [INFO] [run] subject=1, session=1, speed=5, trial=4, x__rid_x=e997db8f28b33970: dummy_return_one(x)
[11:47:24.855] [INFO] [run] subject=1, session=1, speed=5, trial=5, x__rid_x=a344b27a86fa8353: dummy_return_one(x)
[11:47:24.858] [INFO] [run] subject=1, session=1, speed=5, trial=6, x__rid_x=9fce007320cc84f0: dummy_return_one(x)
[11:47:24.859] [INFO] [run] subject=1, session=1, speed=5, trial=7, x__rid_x=e8823c993fb99a00: dummy_return_one(x)
[11:47:24.862] [INFO] [run] subject=1, session=1, speed=6, trial=1, x__rid_x=4c67fdef037fb0d4: dummy_return_one(x)
[11:47:24.867] [INFO] [run] subject=1, session=1, speed=6, trial=2, x__rid_x=99ed2c6de9c08c8e: dummy_return_one(x)
[11:47:24.869] [INFO] [run] subject=1, session=1, speed=6, trial=3, x__rid_x=58e066e4d71d16f6: dummy_return_one(x)
[11:47:24.871] [INFO] [run] subject=1, session=1, speed=6, trial=4, x__rid_x=1c586bac2a683d32: dummy_return_one(x)
[11:47:24.874] [INFO] [run] subject=1, session=1, speed=6, trial=5, x__rid_x=2073c7e9966bae44: dummy_return_one(x)
[11:47:24.877] [INFO] [run] subject=1, session=1, speed=6, trial=6, x__rid_x=c2b65be4515aff4b: dummy_return_one(x)
[11:47:24.879] [INFO] [run] subject=1, session=1, speed=6, trial=7, x__rid_x=362c2218c56aa6b3: dummy_return_one(x)
[11:47:24.881] [INFO] [run] subject=1, session=1, speed=7, trial=1, x__rid_x=813c6c1340fc1b75: dummy_return_one(x)
[11:47:24.882] [INFO] [run] subject=1, session=1, speed=7, trial=2, x__rid_x=4c642ece3d447dab: dummy_return_one(x)
[11:47:24.885] [INFO] [run] subject=1, session=1, speed=7, trial=3, x__rid_x=30fa548d59f41e30: dummy_return_one(x)
[11:47:24.888] [INFO] [run] subject=1, session=1, speed=7, trial=4, x__rid_x=673accc1bdafb03a: dummy_return_one(x)
[11:47:24.889] [INFO] [run] subject=1, session=1, speed=7, trial=5, x__rid_x=b1e846a5e37af653: dummy_return_one(x)
[11:47:24.891] [INFO] [run] subject=1, session=1, speed=7, trial=6, x__rid_x=4e04e7f0dbfeefc6: dummy_return_one(x)
[11:47:24.892] [INFO] [run] subject=1, session=1, speed=7, trial=7, x__rid_x=0c0d250b33537d0f: dummy_return_one(x)
[11:47:24.893] [INFO] [run] subject=1, session=1, speed=8, trial=1, x__rid_x=34a8b8d4bce4e314: dummy_return_one(x)
[11:47:24.894] [INFO] [run] subject=1, session=1, speed=8, trial=2, x__rid_x=35d244773aec6414: dummy_return_one(x)
[11:47:24.895] [INFO] [run] subject=1, session=1, speed=8, trial=3, x__rid_x=2b6d6dd84a88bbaf: dummy_return_one(x)
[11:47:24.897] [INFO] [run] subject=1, session=1, speed=8, trial=4, x__rid_x=98ae417fe5ed066b: dummy_return_one(x)
[11:47:24.898] [INFO] [run] subject=1, session=1, speed=8, trial=5, x__rid_x=9bb07eb0297ada0c: dummy_return_one(x)
[11:47:24.899] [INFO] [run] subject=1, session=1, speed=8, trial=6, x__rid_x=65c94eb02b33a43a: dummy_return_one(x)
[11:47:24.900] [INFO] [run] subject=1, session=1, speed=8, trial=7, x__rid_x=1fb84ade77e8c1b1: dummy_return_one(x)
[11:47:24.901] [INFO] [run] subject=1, session=1, speed=9, trial=1, x__rid_x=627cbd204a850021: dummy_return_one(x)
[11:47:24.904] [INFO] [run] subject=1, session=1, speed=9, trial=2, x__rid_x=43f92818d567d890: dummy_return_one(x)
[11:47:24.908] [INFO] [run] subject=1, session=1, speed=9, trial=3, x__rid_x=22bceff9e601a437: dummy_return_one(x)
[11:47:24.910] [INFO] [run] subject=1, session=1, speed=9, trial=4, x__rid_x=4c9fad274d671bb0: dummy_return_one(x)
[11:47:24.911] [INFO] [run] subject=1, session=1, speed=9, trial=5, x__rid_x=e0b51b40ca575400: dummy_return_one(x)
[11:47:24.912] [INFO] [run] subject=1, session=1, speed=9, trial=6, x__rid_x=9d34439b2341ae0a: dummy_return_one(x)
[11:47:24.913] [INFO] [run] subject=1, session=1, speed=9, trial=7, x__rid_x=5a76640954bcf1ce: dummy_return_one(x)
[11:47:24.914] [INFO] [run] subject=1, session=2, speed=1, trial=1, x__rid_x=eb9a2d4ae730be04: dummy_return_one(x)
[11:47:24.915] [INFO] [run] subject=1, session=2, speed=1, trial=2, x__rid_x=3ca7b37aedf2ca86: dummy_return_one(x)
[11:47:24.917] [INFO] [run] subject=1, session=2, speed=1, trial=3, x__rid_x=fbf49ab4f24cf14b: dummy_return_one(x)
[11:47:24.918] [INFO] [run] subject=1, session=2, speed=1, trial=4, x__rid_x=0b8ff58bfd764649: dummy_return_one(x)
[11:47:24.919] [INFO] [run] subject=1, session=2, speed=1, trial=5, x__rid_x=4e22ee9eda87f4e2: dummy_return_one(x)
[11:47:24.920] [INFO] [run] subject=1, session=2, speed=1, trial=6, x__rid_x=06aa1a6d81401db3: dummy_return_one(x)
[11:47:24.921] [INFO] [run] subject=1, session=2, speed=1, trial=7, x__rid_x=aec1dafa7b64c480: dummy_return_one(x)
[11:47:24.923] [INFO] [run] subject=1, session=2, speed=10, trial=1, x__rid_x=b6317fa82b002c47: dummy_return_one(x)
[11:47:24.924] [INFO] [run] subject=1, session=2, speed=10, trial=2, x__rid_x=39349e84d81da667: dummy_return_one(x)
[11:47:24.926] [INFO] [run] subject=1, session=2, speed=10, trial=3, x__rid_x=c81115d6e77a9270: dummy_return_one(x)
[11:47:24.927] [INFO] [run] subject=1, session=2, speed=10, trial=4, x__rid_x=5627700d2bc913cb: dummy_return_one(x)
[11:47:24.928] [INFO] [run] subject=1, session=2, speed=10, trial=5, x__rid_x=05233f426f1b199f: dummy_return_one(x)
[11:47:24.929] [INFO] [run] subject=1, session=2, speed=10, trial=6, x__rid_x=2370e83dc15f8ad1: dummy_return_one(x)
[11:47:24.930] [INFO] [run] subject=1, session=2, speed=10, trial=7, x__rid_x=e41c124fb5c7cd15: dummy_return_one(x)
[11:47:24.931] [INFO] [run] subject=1, session=2, speed=2, trial=1, x__rid_x=ade9f067e2008020: dummy_return_one(x)
[11:47:24.932] [INFO] [run] subject=1, session=2, speed=2, trial=2, x__rid_x=ce5890b7201c0f5c: dummy_return_one(x)
[11:47:24.933] [INFO] [run] subject=1, session=2, speed=2, trial=3, x__rid_x=d7ed41818b88b586: dummy_return_one(x)
[11:47:24.933] [INFO] [run] subject=1, session=2, speed=2, trial=4, x__rid_x=c20aee6cccd828c0: dummy_return_one(x)
[11:47:24.935] [INFO] [run] subject=1, session=2, speed=2, trial=5, x__rid_x=06e3fef2e01eda6f: dummy_return_one(x)
[11:47:24.935] [INFO] [run] subject=1, session=2, speed=2, trial=6, x__rid_x=e48cbd4cf5a8ea3f: dummy_return_one(x)
[11:47:24.936] [INFO] [run] subject=1, session=2, speed=2, trial=7, x__rid_x=4354c779b4d09e54: dummy_return_one(x)
[11:47:24.938] [INFO] [run] subject=1, session=2, speed=3, trial=1, x__rid_x=858eb5ba30129479: dummy_return_one(x)
[11:47:24.938] [INFO] [run] subject=1, session=2, speed=3, trial=2, x__rid_x=b9401142349b0f89: dummy_return_one(x)
[11:47:24.939] [INFO] [run] subject=1, session=2, speed=3, trial=3, x__rid_x=acf370f513c2cdc9: dummy_return_one(x)
[11:47:24.941] [INFO] [run] subject=1, session=2, speed=3, trial=4, x__rid_x=c27dc91d93e9f1fd: dummy_return_one(x)
[11:47:24.942] [INFO] [run] subject=1, session=2, speed=3, trial=5, x__rid_x=b1c85e49d6c2b017: dummy_return_one(x)
[11:47:24.944] [INFO] [run] subject=1, session=2, speed=3, trial=6, x__rid_x=f309d3fde44f3965: dummy_return_one(x)
[11:47:24.945] [INFO] [run] subject=1, session=2, speed=3, trial=7, x__rid_x=3aafa580be753251: dummy_return_one(x)
[11:47:24.945] [INFO] [run] subject=1, session=2, speed=4, trial=1, x__rid_x=eb8b137c0d980fd6: dummy_return_one(x)
[11:47:24.947] [INFO] [run] subject=1, session=2, speed=4, trial=2, x__rid_x=a9dd5d8a0a1dea3f: dummy_return_one(x)
[11:47:24.947] [INFO] [run] subject=1, session=2, speed=4, trial=3, x__rid_x=56b7700c4fafc8d7: dummy_return_one(x)
[11:47:24.948] [INFO] [run] subject=1, session=2, speed=4, trial=4, x__rid_x=16a6884ee890be3e: dummy_return_one(x)
[11:47:24.949] [INFO] [run] subject=1, session=2, speed=4, trial=5, x__rid_x=8cd960022ce443bb: dummy_return_one(x)
[11:47:24.950] [INFO] [run] subject=1, session=2, speed=4, trial=6, x__rid_x=edd2877cd5b0419b: dummy_return_one(x)
[11:47:24.951] [INFO] [run] subject=1, session=2, speed=4, trial=7, x__rid_x=57e066c931773d32: dummy_return_one(x)
[11:47:24.952] [INFO] [run] subject=1, session=2, speed=5, trial=1, x__rid_x=b81310908931651c: dummy_return_one(x)
[11:47:24.953] [INFO] [run] subject=1, session=2, speed=5, trial=2, x__rid_x=06094dfc52759105: dummy_return_one(x)
[11:47:24.955] [INFO] [run] subject=1, session=2, speed=5, trial=3, x__rid_x=59cc48a7d1432278: dummy_return_one(x)
[11:47:24.957] [INFO] [run] subject=1, session=2, speed=5, trial=4, x__rid_x=62e83d8c8667b302: dummy_return_one(x)
[11:47:24.958] [INFO] [run] subject=1, session=2, speed=5, trial=5, x__rid_x=3321e4ea963f3a28: dummy_return_one(x)
[11:47:24.959] [INFO] [run] subject=1, session=2, speed=5, trial=6, x__rid_x=c29edba13b88880a: dummy_return_one(x)
[11:47:24.960] [INFO] [run] subject=1, session=2, speed=5, trial=7, x__rid_x=ddd2d0d60349b4cb: dummy_return_one(x)
[11:47:24.961] [INFO] [run] subject=1, session=2, speed=6, trial=1, x__rid_x=092036a46fa11000: dummy_return_one(x)
[11:47:24.962] [INFO] [run] subject=1, session=2, speed=6, trial=2, x__rid_x=72a7238fb848f8d0: dummy_return_one(x)
[11:47:24.963] [INFO] [run] subject=1, session=2, speed=6, trial=3, x__rid_x=4bbb2ed22501293e: dummy_return_one(x)
[11:47:24.964] [INFO] [run] subject=1, session=2, speed=6, trial=4, x__rid_x=bdd8f21a76ef88f4: dummy_return_one(x)
[11:47:24.965] [INFO] [run] subject=1, session=2, speed=6, trial=5, x__rid_x=7de908bc5e2c3703: dummy_return_one(x)
[11:47:24.966] [INFO] [run] subject=1, session=2, speed=6, trial=6, x__rid_x=c79537c122f8775e: dummy_return_one(x)
[11:47:24.967] [INFO] [run] subject=1, session=2, speed=6, trial=7, x__rid_x=09fb9c1e530a98e4: dummy_return_one(x)
[11:47:24.968] [INFO] [run] subject=1, session=2, speed=7, trial=1, x__rid_x=75d933cce2275563: dummy_return_one(x)
[11:47:24.968] [INFO] [run] subject=1, session=2, speed=7, trial=2, x__rid_x=3efe6c30d3d0266d: dummy_return_one(x)
[11:47:24.969] [INFO] [run] subject=1, session=2, speed=7, trial=3, x__rid_x=11e1d8ab75a781ec: dummy_return_one(x)
[11:47:24.970] [INFO] [run] subject=1, session=2, speed=7, trial=4, x__rid_x=776ddb121aeb01ef: dummy_return_one(x)
[11:47:24.971] [INFO] [run] subject=1, session=2, speed=7, trial=5, x__rid_x=a31db8522f3fba50: dummy_return_one(x)
[11:47:24.971] [INFO] [run] subject=1, session=2, speed=7, trial=6, x__rid_x=5fe45adf2891bf55: dummy_return_one(x)
[11:47:24.973] [INFO] [run] subject=1, session=2, speed=7, trial=7, x__rid_x=49cc66c151075010: dummy_return_one(x)
[11:47:24.974] [INFO] [run] subject=1, session=2, speed=8, trial=1, x__rid_x=33ebe7c2a5506d31: dummy_return_one(x)
[11:47:24.976] [INFO] [run] subject=1, session=2, speed=8, trial=2, x__rid_x=b7bc75c4b44a2b34: dummy_return_one(x)
[11:47:24.977] [INFO] [run] subject=1, session=2, speed=8, trial=3, x__rid_x=9213f4ca0f619d07: dummy_return_one(x)
[11:47:24.979] [INFO] [run] subject=1, session=2, speed=8, trial=4, x__rid_x=3c52f71e8c5b932f: dummy_return_one(x)
[11:47:24.980] [INFO] [run] subject=1, session=2, speed=8, trial=5, x__rid_x=c91ab98b990836c1: dummy_return_one(x)
[11:47:24.980] [INFO] [run] subject=1, session=2, speed=8, trial=6, x__rid_x=67bb7c2a97d05033: dummy_return_one(x)
[11:47:24.982] [INFO] [run] subject=1, session=2, speed=8, trial=7, x__rid_x=bc97f34b0ff00386: dummy_return_one(x)
[11:47:24.983] [INFO] [run] subject=1, session=2, speed=9, trial=1, x__rid_x=242817d00319340f: dummy_return_one(x)
[11:47:24.983] [INFO] [run] subject=1, session=2, speed=9, trial=2, x__rid_x=d9e473ce7864866f: dummy_return_one(x)
[11:47:24.985] [INFO] [run] subject=1, session=2, speed=9, trial=3, x__rid_x=ac3c23456ec1b401: dummy_return_one(x)
[11:47:24.986] [INFO] [run] subject=1, session=2, speed=9, trial=4, x__rid_x=7906d3a0d9f82b2b: dummy_return_one(x)
[11:47:24.986] [INFO] [run] subject=1, session=2, speed=9, trial=5, x__rid_x=f1e271cc99725783: dummy_return_one(x)
[11:47:24.988] [INFO] [run] subject=1, session=2, speed=9, trial=6, x__rid_x=dbbd5cd666272a5d: dummy_return_one(x)
[11:47:24.989] [INFO] [run] subject=1, session=2, speed=9, trial=7, x__rid_x=0f62e403c7c7d2c6: dummy_return_one(x)
[11:47:24.989] [INFO] [run] subject=1, session=3, speed=1, trial=1, x__rid_x=597b2d61d393424d: dummy_return_one(x)
[11:47:24.991] [INFO] [run] subject=1, session=3, speed=1, trial=2, x__rid_x=c85268524f9ffecf: dummy_return_one(x)
[11:47:24.992] [INFO] [run] subject=1, session=3, speed=1, trial=3, x__rid_x=0b66e11862e0377b: dummy_return_one(x)
[11:47:24.993] [INFO] [run] subject=1, session=3, speed=1, trial=4, x__rid_x=e00e56a8ec4c4be8: dummy_return_one(x)
[11:47:24.994] [INFO] [run] subject=1, session=3, speed=1, trial=5, x__rid_x=826c25b2bdec3c1e: dummy_return_one(x)
[11:47:24.995] [INFO] [run] subject=1, session=3, speed=1, trial=6, x__rid_x=35f5c7a2869155e8: dummy_return_one(x)
[11:47:24.995] [INFO] [run] subject=1, session=3, speed=1, trial=7, x__rid_x=24e84816bcb90c97: dummy_return_one(x)
[11:47:24.997] [INFO] [run] subject=1, session=3, speed=10, trial=1, x__rid_x=b880d2f4a7b87221: dummy_return_one(x)
[11:47:24.998] [INFO] [run] subject=1, session=3, speed=10, trial=2, x__rid_x=8bfa043ca19ea697: dummy_return_one(x)
[11:47:24.998] [INFO] [run] subject=1, session=3, speed=10, trial=3, x__rid_x=ab66545ea2ca3260: dummy_return_one(x)
[11:47:25.000] [INFO] [run] subject=1, session=3, speed=10, trial=4, x__rid_x=9c522622604704bc: dummy_return_one(x)
[11:47:25.001] [INFO] [run] subject=1, session=3, speed=10, trial=5, x__rid_x=fbcf8331912e04c5: dummy_return_one(x)
[11:47:25.003] [INFO] [run] subject=1, session=3, speed=10, trial=6, x__rid_x=ceae3e4fd460ab5b: dummy_return_one(x)
[11:47:25.004] [INFO] [run] subject=1, session=3, speed=10, trial=7, x__rid_x=e89ebb66ac7d0cef: dummy_return_one(x)
[11:47:25.004] [INFO] [run] subject=1, session=3, speed=2, trial=1, x__rid_x=4b1be814dd9e1388: dummy_return_one(x)
[11:47:25.006] [INFO] [run] subject=1, session=3, speed=2, trial=2, x__rid_x=0c42a5a6577a0a15: dummy_return_one(x)
[11:47:25.007] [INFO] [run] subject=1, session=3, speed=2, trial=3, x__rid_x=db802f3bb0afcc25: dummy_return_one(x)
[11:47:25.009] [INFO] [run] subject=1, session=3, speed=2, trial=4, x__rid_x=3622d653b7182aa6: dummy_return_one(x)
[11:47:25.010] [INFO] [run] subject=1, session=3, speed=2, trial=5, x__rid_x=fbaa27b3240941a4: dummy_return_one(x)
[11:47:25.011] [INFO] [run] subject=1, session=3, speed=2, trial=6, x__rid_x=882c1d97a9ab9d10: dummy_return_one(x)
[11:47:25.012] [INFO] [run] subject=1, session=3, speed=2, trial=7, x__rid_x=3f53bb00d1213196: dummy_return_one(x)
[11:47:25.013] [INFO] [run] subject=1, session=3, speed=3, trial=1, x__rid_x=4977cce3ca212dc7: dummy_return_one(x)
[11:47:25.013] [INFO] [run] subject=1, session=3, speed=3, trial=2, x__rid_x=abc21116e6dd799e: dummy_return_one(x)
[11:47:25.015] [INFO] [run] subject=1, session=3, speed=3, trial=3, x__rid_x=031bc07fd9465fd5: dummy_return_one(x)
[11:47:25.016] [INFO] [run] subject=1, session=3, speed=3, trial=4, x__rid_x=a4e457e855a72ae3: dummy_return_one(x)
[11:47:25.018] [INFO] [run] subject=1, session=3, speed=3, trial=5, x__rid_x=503219743acb604a: dummy_return_one(x)
[11:47:25.019] [INFO] [run] subject=1, session=3, speed=3, trial=6, x__rid_x=619645a0a3cbffd2: dummy_return_one(x)
[11:47:25.022] [INFO] [run] subject=1, session=3, speed=3, trial=7, x__rid_x=79bd62d27f177c98: dummy_return_one(x)
[11:47:25.024] [INFO] [run] subject=1, session=3, speed=4, trial=1, x__rid_x=d7adc19851b0e992: dummy_return_one(x)
[11:47:25.025] [INFO] [run] subject=1, session=3, speed=4, trial=2, x__rid_x=82c586b83f4ae2a7: dummy_return_one(x)
[11:47:25.027] [INFO] [run] subject=1, session=3, speed=4, trial=3, x__rid_x=41905004a24fb290: dummy_return_one(x)
[11:47:25.029] [INFO] [run] subject=1, session=3, speed=4, trial=4, x__rid_x=07af20f3b3e24b4c: dummy_return_one(x)
[11:47:25.030] [INFO] [run] subject=1, session=3, speed=4, trial=5, x__rid_x=f6317a268998b2d5: dummy_return_one(x)
[11:47:25.031] [INFO] [run] subject=1, session=3, speed=4, trial=6, x__rid_x=3099fa0938bfc3af: dummy_return_one(x)
[11:47:25.031] [INFO] [run] subject=1, session=3, speed=4, trial=7, x__rid_x=0cb9bc29bf1f9bbd: dummy_return_one(x)
[11:47:25.033] [INFO] [run] subject=1, session=3, speed=5, trial=1, x__rid_x=e40cc52fe0a115fa: dummy_return_one(x)
[11:47:25.034] [INFO] [run] subject=1, session=3, speed=5, trial=2, x__rid_x=da9bf61962ed76c2: dummy_return_one(x)
[11:47:25.034] [INFO] [run] subject=1, session=3, speed=5, trial=3, x__rid_x=fa0d40f0324d6726: dummy_return_one(x)
[11:47:25.036] [INFO] [run] subject=1, session=3, speed=5, trial=4, x__rid_x=635843c4ce6fb82d: dummy_return_one(x)
[11:47:25.037] [INFO] [run] subject=1, session=3, speed=5, trial=5, x__rid_x=f4c314cbbbf011dc: dummy_return_one(x)
[11:47:25.039] [INFO] [run] subject=1, session=3, speed=5, trial=6, x__rid_x=c486d4f6488180ef: dummy_return_one(x)
[11:47:25.041] [INFO] [run] subject=1, session=3, speed=5, trial=7, x__rid_x=57cb71abad641cf1: dummy_return_one(x)
[11:47:25.042] [INFO] [run] subject=1, session=3, speed=6, trial=1, x__rid_x=8186d958bcbe6d01: dummy_return_one(x)
[11:47:25.043] [INFO] [run] subject=1, session=3, speed=6, trial=2, x__rid_x=4e6dcecba26d2d4a: dummy_return_one(x)
[11:47:25.045] [INFO] [run] subject=1, session=3, speed=6, trial=3, x__rid_x=0ca4776a1e38c227: dummy_return_one(x)
[11:47:25.047] [INFO] [run] subject=1, session=3, speed=6, trial=4, x__rid_x=b60c169cedd226f1: dummy_return_one(x)
[11:47:25.048] [INFO] [run] subject=1, session=3, speed=6, trial=5, x__rid_x=b698f6acf1dd3f62: dummy_return_one(x)
[11:47:25.049] [INFO] [run] subject=1, session=3, speed=6, trial=6, x__rid_x=b1f72287a713424d: dummy_return_one(x)
[11:47:25.051] [INFO] [run] subject=1, session=3, speed=6, trial=7, x__rid_x=a68405c409684349: dummy_return_one(x)
[11:47:25.054] [INFO] [run] subject=1, session=3, speed=7, trial=1, x__rid_x=34e4c3a2bfffb42c: dummy_return_one(x)
[11:47:25.057] [INFO] [run] subject=1, session=3, speed=7, trial=2, x__rid_x=96bdb1f4b2ec4833: dummy_return_one(x)
[11:47:25.058] [INFO] [run] subject=1, session=3, speed=7, trial=3, x__rid_x=d5245f50d42ab9d0: dummy_return_one(x)
[11:47:25.060] [INFO] [run] subject=1, session=3, speed=7, trial=4, x__rid_x=7ee1eb3e049de15c: dummy_return_one(x)
[11:47:25.063] [INFO] [run] subject=1, session=3, speed=7, trial=5, x__rid_x=72bc9f037d76b449: dummy_return_one(x)
[11:47:25.066] [INFO] [run] subject=1, session=3, speed=7, trial=6, x__rid_x=68a3ac6ce63e0d42: dummy_return_one(x)
[11:47:25.068] [INFO] [run] subject=1, session=3, speed=7, trial=7, x__rid_x=6d4e76a62fa38818: dummy_return_one(x)
[11:47:25.069] [INFO] [run] subject=1, session=3, speed=8, trial=1, x__rid_x=72882200c83ee3c5: dummy_return_one(x)
[11:47:25.070] [INFO] [run] subject=1, session=3, speed=8, trial=2, x__rid_x=6a8e521c62d2522e: dummy_return_one(x)
[11:47:25.071] [INFO] [run] subject=1, session=3, speed=8, trial=3, x__rid_x=7aaa4e54a2f91bdb: dummy_return_one(x)
[11:47:25.072] [INFO] [run] subject=1, session=3, speed=8, trial=4, x__rid_x=74e666dc72176f0e: dummy_return_one(x)
[11:47:25.074] [INFO] [run] subject=1, session=3, speed=8, trial=5, x__rid_x=39a82c8484ad4aca: dummy_return_one(x)
[11:47:25.075] [INFO] [run] subject=1, session=3, speed=8, trial=6, x__rid_x=fe193bd681a240ed: dummy_return_one(x)
[11:47:25.076] [INFO] [run] subject=1, session=3, speed=8, trial=7, x__rid_x=c18bf8911b354f7c: dummy_return_one(x)
[11:47:25.078] [INFO] [run] subject=1, session=3, speed=9, trial=1, x__rid_x=d77799df63c70760: dummy_return_one(x)
[11:47:25.079] [INFO] [run] subject=1, session=3, speed=9, trial=2, x__rid_x=fe7017e4f461f9bb: dummy_return_one(x)
[11:47:25.080] [INFO] [run] subject=1, session=3, speed=9, trial=3, x__rid_x=02fc53eba6ac808a: dummy_return_one(x)
[11:47:25.081] [INFO] [run] subject=1, session=3, speed=9, trial=4, x__rid_x=663c4d3805eb09a7: dummy_return_one(x)
[11:47:25.082] [INFO] [run] subject=1, session=3, speed=9, trial=5, x__rid_x=988f393af761df51: dummy_return_one(x)
[11:47:25.082] [INFO] [run] subject=1, session=3, speed=9, trial=6, x__rid_x=c2510498132bf4f4: dummy_return_one(x)
[11:47:25.084] [INFO] [run] subject=1, session=3, speed=9, trial=7, x__rid_x=7573749f15fc702f: dummy_return_one(x)
[11:47:25.085] [INFO] [run] subject=1, session=4, speed=1, trial=1, x__rid_x=7111a725518ae0e9: dummy_return_one(x)
[11:47:25.086] [INFO] [run] subject=1, session=4, speed=1, trial=2, x__rid_x=af8b6c348406b665: dummy_return_one(x)
[11:47:25.087] [INFO] [run] subject=1, session=4, speed=1, trial=3, x__rid_x=a3b77b3ad90c7e36: dummy_return_one(x)
[11:47:25.088] [INFO] [run] subject=1, session=4, speed=1, trial=4, x__rid_x=7124d3d254a695e0: dummy_return_one(x)
[11:47:25.090] [INFO] [run] subject=1, session=4, speed=1, trial=5, x__rid_x=3d896de4281bdccf: dummy_return_one(x)
[11:47:25.093] [INFO] [run] subject=1, session=4, speed=1, trial=6, x__rid_x=2b497d1022aecc37: dummy_return_one(x)
[11:47:25.095] [INFO] [run] subject=1, session=4, speed=1, trial=7, x__rid_x=4a0248811ae595a0: dummy_return_one(x)
[11:47:25.096] [INFO] [run] subject=1, session=4, speed=10, trial=1, x__rid_x=15e1ff3db31154d0: dummy_return_one(x)
[11:47:25.097] [INFO] [run] subject=1, session=4, speed=10, trial=2, x__rid_x=737572763c523361: dummy_return_one(x)
[11:47:25.098] [INFO] [run] subject=1, session=4, speed=10, trial=3, x__rid_x=1f12951e60c49d9c: dummy_return_one(x)
[11:47:25.099] [INFO] [run] subject=1, session=4, speed=10, trial=4, x__rid_x=d0523cdd71ddbdbf: dummy_return_one(x)
[11:47:25.100] [INFO] [run] subject=1, session=4, speed=10, trial=5, x__rid_x=99d079bfb06663a8: dummy_return_one(x)
[11:47:25.101] [INFO] [run] subject=1, session=4, speed=10, trial=6, x__rid_x=8db76e17d8cc6f99: dummy_return_one(x)
[11:47:25.102] [INFO] [run] subject=1, session=4, speed=10, trial=7, x__rid_x=154d78c55ccc0f21: dummy_return_one(x)
[11:47:25.103] [INFO] [run] subject=1, session=4, speed=2, trial=1, x__rid_x=0a39fc2c2d0ce5ce: dummy_return_one(x)
[11:47:25.104] [INFO] [run] subject=1, session=4, speed=2, trial=2, x__rid_x=5f3f0c581a30f18a: dummy_return_one(x)
[11:47:25.106] [INFO] [run] subject=1, session=4, speed=2, trial=3, x__rid_x=5afcc0b474545a86: dummy_return_one(x)
[11:47:25.107] [INFO] [run] subject=1, session=4, speed=2, trial=4, x__rid_x=470cb67c27a2a14f: dummy_return_one(x)
[11:47:25.108] [INFO] [run] subject=1, session=4, speed=2, trial=5, x__rid_x=ff18c30c9b8f7455: dummy_return_one(x)
[11:47:25.109] [INFO] [run] subject=1, session=4, speed=2, trial=6, x__rid_x=78456ef21ca38007: dummy_return_one(x)
[11:47:25.112] [INFO] [run] subject=1, session=4, speed=2, trial=7, x__rid_x=0cb25d725df3c99b: dummy_return_one(x)
[11:47:25.113] [INFO] [run] subject=1, session=4, speed=3, trial=1, x__rid_x=a7f6cead3e6ff43d: dummy_return_one(x)
[11:47:25.115] [INFO] [run] subject=1, session=4, speed=3, trial=2, x__rid_x=131b18e57f66c076: dummy_return_one(x)
[11:47:25.118] [INFO] [run] subject=1, session=4, speed=3, trial=3, x__rid_x=2391f6fd16f0345c: dummy_return_one(x)
[11:47:25.121] [INFO] [run] subject=1, session=4, speed=3, trial=4, x__rid_x=a290545c9da90af2: dummy_return_one(x)
[11:47:25.123] [INFO] [run] subject=1, session=4, speed=3, trial=5, x__rid_x=dc753aaadcff8c11: dummy_return_one(x)
[11:47:25.124] [INFO] [run] subject=1, session=4, speed=3, trial=6, x__rid_x=53b523b52f8e7ed7: dummy_return_one(x)
[11:47:25.125] [INFO] [run] subject=1, session=4, speed=3, trial=7, x__rid_x=68df1d52220a4952: dummy_return_one(x)
[11:47:25.127] [INFO] [run] subject=1, session=4, speed=4, trial=1, x__rid_x=82d9db51433a9d30: dummy_return_one(x)
[11:47:25.129] [INFO] [run] subject=1, session=4, speed=4, trial=2, x__rid_x=3ad0a444e793ae7a: dummy_return_one(x)
[11:47:25.130] [INFO] [run] subject=1, session=4, speed=4, trial=3, x__rid_x=db9d0034a4eddf2d: dummy_return_one(x)
[11:47:25.131] [INFO] [run] subject=1, session=4, speed=4, trial=4, x__rid_x=4e2bcc5c57fdf2c3: dummy_return_one(x)
[11:47:25.132] [INFO] [run] subject=1, session=4, speed=4, trial=5, x__rid_x=0fc3f4882bbd7de5: dummy_return_one(x)
[11:47:25.133] [INFO] [run] subject=1, session=4, speed=4, trial=6, x__rid_x=f994dd7a77d26728: dummy_return_one(x)
[11:47:25.134] [INFO] [run] subject=1, session=4, speed=4, trial=7, x__rid_x=b972754326518a89: dummy_return_one(x)
[11:47:25.135] [INFO] [run] subject=1, session=4, speed=5, trial=1, x__rid_x=7a266f6888065f86: dummy_return_one(x)
[11:47:25.135] [INFO] [run] subject=1, session=4, speed=5, trial=2, x__rid_x=f864b42b126444a2: dummy_return_one(x)
[11:47:25.136] [INFO] [run] subject=1, session=4, speed=5, trial=3, x__rid_x=452438a473633b6e: dummy_return_one(x)
[11:47:25.137] [INFO] [run] subject=1, session=4, speed=5, trial=4, x__rid_x=53ae37c6560c29bf: dummy_return_one(x)
[11:47:25.138] [INFO] [run] subject=1, session=4, speed=5, trial=5, x__rid_x=5d3871fe3e80499b: dummy_return_one(x)
[11:47:25.138] [INFO] [run] subject=1, session=4, speed=5, trial=6, x__rid_x=db4034e8f560cdd0: dummy_return_one(x)
[11:47:25.139] [INFO] [run] subject=1, session=4, speed=5, trial=7, x__rid_x=6dabaac9d7cbb789: dummy_return_one(x)
[11:47:25.140] [INFO] [run] subject=1, session=4, speed=6, trial=1, x__rid_x=825a8e19d8a4b6fa: dummy_return_one(x)
[11:47:25.141] [INFO] [run] subject=1, session=4, speed=6, trial=2, x__rid_x=70504be6a1a8495b: dummy_return_one(x)
[11:47:25.143] [INFO] [run] subject=1, session=4, speed=6, trial=3, x__rid_x=51dd70e36a28eb38: dummy_return_one(x)
[11:47:25.144] [INFO] [run] subject=1, session=4, speed=6, trial=4, x__rid_x=f81b826b24d986bd: dummy_return_one(x)
[11:47:25.145] [INFO] [run] subject=1, session=4, speed=6, trial=5, x__rid_x=67585db737588de6: dummy_return_one(x)
[11:47:25.146] [INFO] [run] subject=1, session=4, speed=6, trial=6, x__rid_x=645cd037c76e0b00: dummy_return_one(x)
[11:47:25.148] [INFO] [run] subject=1, session=4, speed=6, trial=7, x__rid_x=b232fc088c8693c4: dummy_return_one(x)
[11:47:25.149] [INFO] [run] subject=1, session=4, speed=7, trial=1, x__rid_x=7c04650e4f0a3a1b: dummy_return_one(x)
[11:47:25.151] [INFO] [run] subject=1, session=4, speed=7, trial=2, x__rid_x=d82c43de7483fd67: dummy_return_one(x)
[11:47:25.153] [INFO] [run] subject=1, session=4, speed=7, trial=3, x__rid_x=38a1ee6d49a7a32a: dummy_return_one(x)
[11:47:25.154] [INFO] [run] subject=1, session=4, speed=7, trial=4, x__rid_x=729f5e655b7f7aaf: dummy_return_one(x)
[11:47:25.155] [INFO] [run] subject=1, session=4, speed=7, trial=5, x__rid_x=ca3a166075e759d7: dummy_return_one(x)
[11:47:25.156] [INFO] [run] subject=1, session=4, speed=7, trial=6, x__rid_x=46bee20fba52e2ee: dummy_return_one(x)
[11:47:25.157] [INFO] [run] subject=1, session=4, speed=7, trial=7, x__rid_x=8fec7c31e3dc33e5: dummy_return_one(x)
[11:47:25.159] [INFO] [run] subject=1, session=4, speed=8, trial=1, x__rid_x=980813cab042185c: dummy_return_one(x)
[11:47:25.160] [INFO] [run] subject=1, session=4, speed=8, trial=2, x__rid_x=489fc98822341a8a: dummy_return_one(x)
[11:47:25.161] [INFO] [run] subject=1, session=4, speed=8, trial=3, x__rid_x=287a7e28ee9363a9: dummy_return_one(x)
[11:47:25.163] [INFO] [run] subject=1, session=4, speed=8, trial=4, x__rid_x=73bf5fdf3809040c: dummy_return_one(x)
[11:47:25.163] [INFO] [run] subject=1, session=4, speed=8, trial=5, x__rid_x=2847c4cef7dec6eb: dummy_return_one(x)
[11:47:25.164] [INFO] [run] subject=1, session=4, speed=8, trial=6, x__rid_x=593c21471f59e86c: dummy_return_one(x)
[11:47:25.166] [INFO] [run] subject=1, session=4, speed=8, trial=7, x__rid_x=0bb1bdea54ce5d29: dummy_return_one(x)
[11:47:25.167] [INFO] [run] subject=1, session=4, speed=9, trial=1, x__rid_x=3743e9d5b9fbbf26: dummy_return_one(x)
[11:47:25.167] [INFO] [run] subject=1, session=4, speed=9, trial=2, x__rid_x=f13a2cebd9d27881: dummy_return_one(x)
[11:47:25.169] [INFO] [run] subject=1, session=4, speed=9, trial=3, x__rid_x=95e291dbe29f1330: dummy_return_one(x)
[11:47:25.171] [INFO] [run] subject=1, session=4, speed=9, trial=4, x__rid_x=289f27dbe41bab97: dummy_return_one(x)
[11:47:25.173] [INFO] [run] subject=1, session=4, speed=9, trial=5, x__rid_x=a3657a0ad39030f6: dummy_return_one(x)
[11:47:25.176] [INFO] [run] subject=1, session=4, speed=9, trial=6, x__rid_x=057d129cd5008fd3: dummy_return_one(x)
[11:47:25.177] [INFO] [run] subject=1, session=4, speed=9, trial=7, x__rid_x=d6369e69c78d3788: dummy_return_one(x)
[11:47:25.179] [INFO] [run] subject=1, session=5, speed=1, trial=1, x__rid_x=9eabd9ed6f0ba514: dummy_return_one(x)
[11:47:25.181] [INFO] [run] subject=1, session=5, speed=1, trial=2, x__rid_x=294c4133733a13ff: dummy_return_one(x)
[11:47:25.183] [INFO] [run] subject=1, session=5, speed=1, trial=3, x__rid_x=293497b7c0078a00: dummy_return_one(x)
[11:47:25.184] [INFO] [run] subject=1, session=5, speed=1, trial=4, x__rid_x=6d95a449a08d8462: dummy_return_one(x)
[11:47:25.185] [INFO] [run] subject=1, session=5, speed=1, trial=5, x__rid_x=de134576028c5c2b: dummy_return_one(x)
[11:47:25.186] [INFO] [run] subject=1, session=5, speed=1, trial=6, x__rid_x=75ecca1cacba793c: dummy_return_one(x)
[11:47:25.187] [INFO] [run] subject=1, session=5, speed=1, trial=7, x__rid_x=d8ac84b644289230: dummy_return_one(x)
[11:47:25.188] [INFO] [run] subject=1, session=5, speed=10, trial=1, x__rid_x=a6ad41788ea467e0: dummy_return_one(x)
[11:47:25.189] [INFO] [run] subject=1, session=5, speed=10, trial=2, x__rid_x=0acffcbcc7a23173: dummy_return_one(x)
[11:47:25.192] [INFO] [run] subject=1, session=5, speed=10, trial=3, x__rid_x=152995fbaec9fc8a: dummy_return_one(x)
[11:47:25.193] [INFO] [run] subject=1, session=5, speed=10, trial=4, x__rid_x=23828a2ee3649e7b: dummy_return_one(x)
[11:47:25.194] [INFO] [run] subject=1, session=5, speed=10, trial=5, x__rid_x=57b958c1b42a2b6a: dummy_return_one(x)
[11:47:25.195] [INFO] [run] subject=1, session=5, speed=10, trial=6, x__rid_x=03542ef3eb6a9eaa: dummy_return_one(x)
[11:47:25.196] [INFO] [run] subject=1, session=5, speed=10, trial=7, x__rid_x=f4503b129dea1a96: dummy_return_one(x)
[11:47:25.197] [INFO] [run] subject=1, session=5, speed=2, trial=1, x__rid_x=265f8dd29fe52eda: dummy_return_one(x)
[11:47:25.198] [INFO] [run] subject=1, session=5, speed=2, trial=2, x__rid_x=158abd32e31398fc: dummy_return_one(x)
[11:47:25.199] [INFO] [run] subject=1, session=5, speed=2, trial=3, x__rid_x=22aaad1645e39fc6: dummy_return_one(x)
[11:47:25.200] [INFO] [run] subject=1, session=5, speed=2, trial=4, x__rid_x=72da185129508cd7: dummy_return_one(x)
[11:47:25.202] [INFO] [run] subject=1, session=5, speed=2, trial=5, x__rid_x=1327aab42fae3ccb: dummy_return_one(x)
[11:47:25.202] [INFO] [run] subject=1, session=5, speed=2, trial=6, x__rid_x=cf349014f857f55d: dummy_return_one(x)
[11:47:25.203] [INFO] [run] subject=1, session=5, speed=2, trial=7, x__rid_x=d95ed35520807c8c: dummy_return_one(x)
[11:47:25.205] [INFO] [run] subject=1, session=5, speed=3, trial=1, x__rid_x=ed030e42d5e542c6: dummy_return_one(x)
[11:47:25.206] [INFO] [run] subject=1, session=5, speed=3, trial=2, x__rid_x=0f34c71b8e634a39: dummy_return_one(x)
[11:47:25.207] [INFO] [run] subject=1, session=5, speed=3, trial=3, x__rid_x=e38e18aaf52dd81d: dummy_return_one(x)
[11:47:25.208] [INFO] [run] subject=1, session=5, speed=3, trial=4, x__rid_x=6a2c67322238e9fa: dummy_return_one(x)
[11:47:25.210] [INFO] [run] subject=1, session=5, speed=3, trial=5, x__rid_x=8f27cc5bdbda1f22: dummy_return_one(x)
[11:47:25.212] [INFO] [run] subject=1, session=5, speed=3, trial=6, x__rid_x=ab185a87c41cfcfd: dummy_return_one(x)
[11:47:25.212] [INFO] [run] subject=1, session=5, speed=3, trial=7, x__rid_x=4eafbcd33e05d29b: dummy_return_one(x)
[11:47:25.215] [INFO] [run] subject=1, session=5, speed=4, trial=1, x__rid_x=7db04b78dbf861a7: dummy_return_one(x)
[11:47:25.216] [INFO] [run] subject=1, session=5, speed=4, trial=2, x__rid_x=a44e36ac0a49a0fe: dummy_return_one(x)
[11:47:25.218] [INFO] [run] subject=1, session=5, speed=4, trial=3, x__rid_x=15b369e346ba05d1: dummy_return_one(x)
[11:47:25.219] [INFO] [run] subject=1, session=5, speed=4, trial=4, x__rid_x=cb3e53ceb5d9212c: dummy_return_one(x)
[11:47:25.220] [INFO] [run] subject=1, session=5, speed=4, trial=5, x__rid_x=2fe648f7991ed561: dummy_return_one(x)
[11:47:25.221] [INFO] [run] subject=1, session=5, speed=4, trial=6, x__rid_x=136f0e92bf9a6948: dummy_return_one(x)
[11:47:25.225] [INFO] [run] subject=1, session=5, speed=4, trial=7, x__rid_x=17143810dd4bfe73: dummy_return_one(x)
[11:47:25.226] [INFO] [run] subject=1, session=5, speed=5, trial=1, x__rid_x=501fae166b86fcc1: dummy_return_one(x)
[11:47:25.229] [INFO] [run] subject=1, session=5, speed=5, trial=2, x__rid_x=391e030343959317: dummy_return_one(x)
[11:47:25.232] [INFO] [run] subject=1, session=5, speed=5, trial=3, x__rid_x=d773a7556cc45644: dummy_return_one(x)
[11:47:25.233] [INFO] [run] subject=1, session=5, speed=5, trial=4, x__rid_x=3de4f5be60cebcf2: dummy_return_one(x)
[11:47:25.235] [INFO] [run] subject=1, session=5, speed=5, trial=5, x__rid_x=164f70eba29ac7ec: dummy_return_one(x)
[11:47:25.236] [INFO] [run] subject=1, session=5, speed=5, trial=6, x__rid_x=83641dce8cb7eabc: dummy_return_one(x)
[11:47:25.238] [INFO] [run] subject=1, session=5, speed=5, trial=7, x__rid_x=d8beb0861862447a: dummy_return_one(x)
[11:47:25.239] [INFO] [run] subject=1, session=5, speed=6, trial=1, x__rid_x=c5c564450bd4260a: dummy_return_one(x)
[11:47:25.240] [INFO] [run] subject=1, session=5, speed=6, trial=2, x__rid_x=bafb87b17544afff: dummy_return_one(x)
[11:47:25.241] [INFO] [run] subject=1, session=5, speed=6, trial=3, x__rid_x=73beebd45dd86da8: dummy_return_one(x)
[11:47:25.242] [INFO] [run] subject=1, session=5, speed=6, trial=4, x__rid_x=9524fa8550924fb0: dummy_return_one(x)
[11:47:25.243] [INFO] [run] subject=1, session=5, speed=6, trial=5, x__rid_x=dfb8ed6389bbdb10: dummy_return_one(x)
[11:47:25.245] [INFO] [run] subject=1, session=5, speed=6, trial=6, x__rid_x=904e7b397106e280: dummy_return_one(x)
[11:47:25.246] [INFO] [run] subject=1, session=5, speed=6, trial=7, x__rid_x=b9805885d3e802f5: dummy_return_one(x)
[11:47:25.248] [INFO] [run] subject=1, session=5, speed=7, trial=1, x__rid_x=5d3a8987f0bdfff9: dummy_return_one(x)
[11:47:25.248] [INFO] [run] subject=1, session=5, speed=7, trial=2, x__rid_x=c3dc48035674dcec: dummy_return_one(x)
[11:47:25.249] [INFO] [run] subject=1, session=5, speed=7, trial=3, x__rid_x=13b6a20258be3f71: dummy_return_one(x)
[11:47:25.249] [INFO] [run] subject=1, session=5, speed=7, trial=4, x__rid_x=d35c27838a6d84a6: dummy_return_one(x)
[11:47:25.251] [INFO] [run] subject=1, session=5, speed=7, trial=5, x__rid_x=57288d7379a35e51: dummy_return_one(x)
[11:47:25.252] [INFO] [run] subject=1, session=5, speed=7, trial=6, x__rid_x=5fed5663711dbbca: dummy_return_one(x)
[11:47:25.252] [INFO] [run] subject=1, session=5, speed=7, trial=7, x__rid_x=aac92d3079e28b27: dummy_return_one(x)
[11:47:25.254] [INFO] [run] subject=1, session=5, speed=8, trial=1, x__rid_x=acb6762f9832e975: dummy_return_one(x)
[11:47:25.255] [INFO] [run] subject=1, session=5, speed=8, trial=2, x__rid_x=5b43831ff8e5a503: dummy_return_one(x)
[11:47:25.256] [INFO] [run] subject=1, session=5, speed=8, trial=3, x__rid_x=8a2ba5b13e1eea40: dummy_return_one(x)
[11:47:25.258] [INFO] [run] subject=1, session=5, speed=8, trial=4, x__rid_x=d7ad4b1503a99b47: dummy_return_one(x)
[11:47:25.259] [INFO] [run] subject=1, session=5, speed=8, trial=5, x__rid_x=8bb77ebeff2b936f: dummy_return_one(x)
[11:47:25.259] [INFO] [run] subject=1, session=5, speed=8, trial=6, x__rid_x=6ba76b7a730023d9: dummy_return_one(x)
[11:47:25.261] [INFO] [run] subject=1, session=5, speed=8, trial=7, x__rid_x=cf609f71dae81157: dummy_return_one(x)
[11:47:25.262] [INFO] [run] subject=1, session=5, speed=9, trial=1, x__rid_x=f33a238b0fd71052: dummy_return_one(x)
[11:47:25.263] [INFO] [run] subject=1, session=5, speed=9, trial=2, x__rid_x=9b524c88733d0bec: dummy_return_one(x)
[11:47:25.264] [INFO] [run] subject=1, session=5, speed=9, trial=3, x__rid_x=1e0c0587e2ccfa5e: dummy_return_one(x)
[11:47:25.265] [INFO] [run] subject=1, session=5, speed=9, trial=4, x__rid_x=5917e84a9325e77a: dummy_return_one(x)
[11:47:25.266] [INFO] [run] subject=1, session=5, speed=9, trial=5, x__rid_x=73bea825338bc01f: dummy_return_one(x)
[11:47:25.267] [INFO] [run] subject=1, session=5, speed=9, trial=6, x__rid_x=826b7dc9b2b3dd6c: dummy_return_one(x)
[11:47:25.268] [INFO] [run] subject=1, session=5, speed=9, trial=7, x__rid_x=3e66baaf114dad0b: dummy_return_one(x)
[11:47:25.271] [INFO] [run] subject=10, session=1, speed=1, trial=1, x__rid_x=2045cda77bb1a383: dummy_return_one(x)
[11:47:25.271] [INFO] [run] subject=10, session=1, speed=1, trial=2, x__rid_x=cbf10b4d738cdfdc: dummy_return_one(x)
[11:47:25.274] [INFO] [run] subject=10, session=1, speed=1, trial=3, x__rid_x=f4de339bf4949ea7: dummy_return_one(x)
[11:47:25.275] [INFO] [run] subject=10, session=1, speed=1, trial=4, x__rid_x=2a5bc891d7ed2481: dummy_return_one(x)
[11:47:25.276] [INFO] [run] subject=10, session=1, speed=1, trial=5, x__rid_x=0c1dcaaa09c3b28f: dummy_return_one(x)
[11:47:25.277] [INFO] [run] subject=10, session=1, speed=1, trial=6, x__rid_x=4012e5d52c7d622a: dummy_return_one(x)
[11:47:25.278] [INFO] [run] subject=10, session=1, speed=1, trial=7, x__rid_x=c22703a403e5348e: dummy_return_one(x)
[11:47:25.279] [INFO] [run] subject=10, session=1, speed=10, trial=1, x__rid_x=54a6b5742f276998: dummy_return_one(x)
[11:47:25.281] [INFO] [run] subject=10, session=1, speed=10, trial=2, x__rid_x=f56107654e5691b7: dummy_return_one(x)
[11:47:25.281] [INFO] [run] subject=10, session=1, speed=10, trial=3, x__rid_x=034eb9bd032e18cc: dummy_return_one(x)
[11:47:25.282] [INFO] [run] subject=10, session=1, speed=10, trial=4, x__rid_x=77a3f530024f70ea: dummy_return_one(x)
[11:47:25.284] [INFO] [run] subject=10, session=1, speed=10, trial=5, x__rid_x=6f448d64ca66bd9c: dummy_return_one(x)
[11:47:25.285] [INFO] [run] subject=10, session=1, speed=10, trial=6, x__rid_x=ddddeb2fddb308a0: dummy_return_one(x)
[11:47:25.287] [INFO] [run] subject=10, session=1, speed=10, trial=7, x__rid_x=9ae6ec48aa588698: dummy_return_one(x)
[11:47:25.288] [INFO] [run] subject=10, session=1, speed=2, trial=1, x__rid_x=ff0f29f7e55c5f85: dummy_return_one(x)
[11:47:25.289] [INFO] [run] subject=10, session=1, speed=2, trial=2, x__rid_x=6365f59d82d36f45: dummy_return_one(x)
[11:47:25.290] [INFO] [run] subject=10, session=1, speed=2, trial=3, x__rid_x=0b103e1e6e4cde85: dummy_return_one(x)
[11:47:25.291] [INFO] [run] subject=10, session=1, speed=2, trial=4, x__rid_x=849aeb2262084bb9: dummy_return_one(x)
[11:47:25.292] [INFO] [run] subject=10, session=1, speed=2, trial=5, x__rid_x=eccf56c9218b0024: dummy_return_one(x)
[11:47:25.293] [INFO] [run] subject=10, session=1, speed=2, trial=6, x__rid_x=67636d2529effe26: dummy_return_one(x)
[11:47:25.294] [INFO] [run] subject=10, session=1, speed=2, trial=7, x__rid_x=7c5434f3857aae73: dummy_return_one(x)
[11:47:25.295] [INFO] [run] subject=10, session=1, speed=3, trial=1, x__rid_x=e6c4a24e07627483: dummy_return_one(x)
[11:47:25.297] [INFO] [run] subject=10, session=1, speed=3, trial=2, x__rid_x=2547b7ded71d922a: dummy_return_one(x)
[11:47:25.298] [INFO] [run] subject=10, session=1, speed=3, trial=3, x__rid_x=a4ac208a0fd03f68: dummy_return_one(x)
[11:47:25.298] [INFO] [run] subject=10, session=1, speed=3, trial=4, x__rid_x=e3a316552a782297: dummy_return_one(x)
[11:47:25.300] [INFO] [run] subject=10, session=1, speed=3, trial=5, x__rid_x=424090cefbf38536: dummy_return_one(x)
[11:47:25.301] [INFO] [run] subject=10, session=1, speed=3, trial=6, x__rid_x=52b33ed7cda6831a: dummy_return_one(x)
[11:47:25.302] [INFO] [run] subject=10, session=1, speed=3, trial=7, x__rid_x=f69b4fc6409ed4cf: dummy_return_one(x)
[11:47:25.303] [INFO] [run] subject=10, session=1, speed=4, trial=1, x__rid_x=a73b4e60e66dc9cf: dummy_return_one(x)
[11:47:25.304] [INFO] [run] subject=10, session=1, speed=4, trial=2, x__rid_x=98e5d834d62883ae: dummy_return_one(x)
[11:47:25.305] [INFO] [run] subject=10, session=1, speed=4, trial=3, x__rid_x=0f2e2cb29518b551: dummy_return_one(x)
[11:47:25.307] [INFO] [run] subject=10, session=1, speed=4, trial=4, x__rid_x=17ac7366d4fe7c9a: dummy_return_one(x)
[11:47:25.308] [INFO] [run] subject=10, session=1, speed=4, trial=5, x__rid_x=a8bc28e3dbff0888: dummy_return_one(x)
[11:47:25.310] [INFO] [run] subject=10, session=1, speed=4, trial=6, x__rid_x=d8eef194bbc1101f: dummy_return_one(x)
[11:47:25.311] [INFO] [run] subject=10, session=1, speed=4, trial=7, x__rid_x=b963c121de4ce9e2: dummy_return_one(x)
[11:47:25.312] [INFO] [run] subject=10, session=1, speed=5, trial=1, x__rid_x=1d1c7f076829b2ad: dummy_return_one(x)
[11:47:25.313] [INFO] [run] subject=10, session=1, speed=5, trial=2, x__rid_x=a5b2b4c99f924e6f: dummy_return_one(x)
[11:47:25.314] [INFO] [run] subject=10, session=1, speed=5, trial=3, x__rid_x=3b5ec5563bd70f50: dummy_return_one(x)
[11:47:25.315] [INFO] [run] subject=10, session=1, speed=5, trial=4, x__rid_x=efdd5ef567465941: dummy_return_one(x)
[11:47:25.317] [INFO] [run] subject=10, session=1, speed=5, trial=5, x__rid_x=3c1dd34220693b6a: dummy_return_one(x)
[11:47:25.318] [INFO] [run] subject=10, session=1, speed=5, trial=6, x__rid_x=2f3d6ce830943cb1: dummy_return_one(x)
[11:47:25.318] [INFO] [run] subject=10, session=1, speed=5, trial=7, x__rid_x=5c5f26cb7adf8192: dummy_return_one(x)
[11:47:25.320] [INFO] [run] subject=10, session=1, speed=6, trial=1, x__rid_x=72717c0b9d95cb9b: dummy_return_one(x)
[11:47:25.321] [INFO] [run] subject=10, session=1, speed=6, trial=2, x__rid_x=b6a9070a68f14054: dummy_return_one(x)
[11:47:25.322] [INFO] [run] subject=10, session=1, speed=6, trial=3, x__rid_x=e26af2a91f4a399b: dummy_return_one(x)
[11:47:25.323] [INFO] [run] subject=10, session=1, speed=6, trial=4, x__rid_x=265e8fb7fa29b9f1: dummy_return_one(x)
[11:47:25.325] [INFO] [run] subject=10, session=1, speed=6, trial=5, x__rid_x=b18961bb803dbbfc: dummy_return_one(x)
[11:47:25.327] [INFO] [run] subject=10, session=1, speed=6, trial=6, x__rid_x=4d3caf490129f76b: dummy_return_one(x)
[11:47:25.328] [INFO] [run] subject=10, session=1, speed=6, trial=7, x__rid_x=bb0804980d0bfba1: dummy_return_one(x)
[11:47:25.328] [INFO] [run] subject=10, session=1, speed=7, trial=1, x__rid_x=4e486e504dfd9194: dummy_return_one(x)
[11:47:25.330] [INFO] [run] subject=10, session=1, speed=7, trial=2, x__rid_x=8ae19d899990a5f0: dummy_return_one(x)
[11:47:25.331] [INFO] [run] subject=10, session=1, speed=7, trial=3, x__rid_x=77bc4b7aa9606bbf: dummy_return_one(x)
[11:47:25.332] [INFO] [run] subject=10, session=1, speed=7, trial=4, x__rid_x=176db4f2971e58aa: dummy_return_one(x)
[11:47:25.333] [INFO] [run] subject=10, session=1, speed=7, trial=5, x__rid_x=af1d73685e0b0f01: dummy_return_one(x)
[11:47:25.334] [INFO] [run] subject=10, session=1, speed=7, trial=6, x__rid_x=afc43debba160953: dummy_return_one(x)
[11:47:25.335] [INFO] [run] subject=10, session=1, speed=7, trial=7, x__rid_x=bf8a35e4401e4b4c: dummy_return_one(x)
[11:47:25.336] [INFO] [run] subject=10, session=1, speed=8, trial=1, x__rid_x=1711a255e03a404d: dummy_return_one(x)
[11:47:25.338] [INFO] [run] subject=10, session=1, speed=8, trial=2, x__rid_x=69a31c579250e103: dummy_return_one(x)
[11:47:25.340] [INFO] [run] subject=10, session=1, speed=8, trial=3, x__rid_x=e1fa033af39a2321: dummy_return_one(x)
[11:47:25.341] [INFO] [run] subject=10, session=1, speed=8, trial=4, x__rid_x=598125822bdf5af0: dummy_return_one(x)
[11:47:25.343] [INFO] [run] subject=10, session=1, speed=8, trial=5, x__rid_x=9a51588e174ef394: dummy_return_one(x)
[11:47:25.344] [INFO] [run] subject=10, session=1, speed=8, trial=6, x__rid_x=702a097c674f94d1: dummy_return_one(x)
[11:47:25.345] [INFO] [run] subject=10, session=1, speed=8, trial=7, x__rid_x=a1a6d3067d986e85: dummy_return_one(x)
[11:47:25.346] [INFO] [run] subject=10, session=1, speed=9, trial=1, x__rid_x=e81c83db834385bd: dummy_return_one(x)
[11:47:25.347] [INFO] [run] subject=10, session=1, speed=9, trial=2, x__rid_x=3f5016c24fe309f9: dummy_return_one(x)
[11:47:25.348] [INFO] [run] subject=10, session=1, speed=9, trial=3, x__rid_x=b7c5b1c427c1bdfe: dummy_return_one(x)
[11:47:25.349] [INFO] [run] subject=10, session=1, speed=9, trial=4, x__rid_x=d58d5eec8033d92a: dummy_return_one(x)
[11:47:25.350] [INFO] [run] subject=10, session=1, speed=9, trial=5, x__rid_x=0a0549da0ac29c71: dummy_return_one(x)
[11:47:25.351] [INFO] [run] subject=10, session=1, speed=9, trial=6, x__rid_x=2c18ff20811090e4: dummy_return_one(x)
[11:47:25.353] [INFO] [run] subject=10, session=1, speed=9, trial=7, x__rid_x=f492e7b83f1507b3: dummy_return_one(x)
[11:47:25.353] [INFO] [run] subject=10, session=2, speed=1, trial=1, x__rid_x=0190cb703a1a0097: dummy_return_one(x)
[11:47:25.354] [INFO] [run] subject=10, session=2, speed=1, trial=2, x__rid_x=111c3549c87e0eca: dummy_return_one(x)
[11:47:25.356] [INFO] [run] subject=10, session=2, speed=1, trial=3, x__rid_x=f92064e7ff456308: dummy_return_one(x)
[11:47:25.357] [INFO] [run] subject=10, session=2, speed=1, trial=4, x__rid_x=09ed4c05005387ce: dummy_return_one(x)
[11:47:25.359] [INFO] [run] subject=10, session=2, speed=1, trial=5, x__rid_x=c7bd917e59ced67d: dummy_return_one(x)
[11:47:25.360] [INFO] [run] subject=10, session=2, speed=1, trial=6, x__rid_x=32875003b16cbf5e: dummy_return_one(x)
[11:47:25.361] [INFO] [run] subject=10, session=2, speed=1, trial=7, x__rid_x=a2c1ed7ed5c4f0b9: dummy_return_one(x)
[11:47:25.363] [INFO] [run] subject=10, session=2, speed=10, trial=1, x__rid_x=7fcf356314737a37: dummy_return_one(x)
[11:47:25.364] [INFO] [run] subject=10, session=2, speed=10, trial=2, x__rid_x=6cde76920e9c58f4: dummy_return_one(x)
[11:47:25.364] [INFO] [run] subject=10, session=2, speed=10, trial=3, x__rid_x=43ef1c952ccb0206: dummy_return_one(x)
[11:47:25.366] [INFO] [run] subject=10, session=2, speed=10, trial=4, x__rid_x=202a747efe6b4eec: dummy_return_one(x)
[11:47:25.367] [INFO] [run] subject=10, session=2, speed=10, trial=5, x__rid_x=94040dac87eda652: dummy_return_one(x)
[11:47:25.367] [INFO] [run] subject=10, session=2, speed=10, trial=6, x__rid_x=820e6fa47e1c6648: dummy_return_one(x)
[11:47:25.369] [INFO] [run] subject=10, session=2, speed=10, trial=7, x__rid_x=627dbea29b1c21ad: dummy_return_one(x)
[11:47:25.370] [INFO] [run] subject=10, session=2, speed=2, trial=1, x__rid_x=c0c3dd7abc3b5872: dummy_return_one(x)
[11:47:25.371] [INFO] [run] subject=10, session=2, speed=2, trial=2, x__rid_x=6b68c745db123efd: dummy_return_one(x)
[11:47:25.372] [INFO] [run] subject=10, session=2, speed=2, trial=3, x__rid_x=1ad501da119f9e3c: dummy_return_one(x)
[11:47:25.374] [INFO] [run] subject=10, session=2, speed=2, trial=4, x__rid_x=c54b1080cc46a942: dummy_return_one(x)
[11:47:25.374] [INFO] [run] subject=10, session=2, speed=2, trial=5, x__rid_x=f6b2f6ad88d03b27: dummy_return_one(x)
[11:47:25.376] [INFO] [run] subject=10, session=2, speed=2, trial=6, x__rid_x=411404fe1223182c: dummy_return_one(x)
[11:47:25.376] [INFO] [run] subject=10, session=2, speed=2, trial=7, x__rid_x=7ab6a5a2601b2e1c: dummy_return_one(x)
[11:47:25.377] [INFO] [run] subject=10, session=2, speed=3, trial=1, x__rid_x=eae2f51b1ff54cd1: dummy_return_one(x)
[11:47:25.379] [INFO] [run] subject=10, session=2, speed=3, trial=2, x__rid_x=d4ade2c8838a4752: dummy_return_one(x)
[11:47:25.380] [INFO] [run] subject=10, session=2, speed=3, trial=3, x__rid_x=de10d08b11bee7b3: dummy_return_one(x)
[11:47:25.380] [INFO] [run] subject=10, session=2, speed=3, trial=4, x__rid_x=e56710a8c300337a: dummy_return_one(x)
[11:47:25.382] [INFO] [run] subject=10, session=2, speed=3, trial=5, x__rid_x=43af0c8568550f65: dummy_return_one(x)
[11:47:25.383] [INFO] [run] subject=10, session=2, speed=3, trial=6, x__rid_x=1d575071e88fc867: dummy_return_one(x)
[11:47:25.384] [INFO] [run] subject=10, session=2, speed=3, trial=7, x__rid_x=344b3512c19b8275: dummy_return_one(x)
[11:47:25.386] [INFO] [run] subject=10, session=2, speed=4, trial=1, x__rid_x=fb9672b6c906738a: dummy_return_one(x)
[11:47:25.386] [INFO] [run] subject=10, session=2, speed=4, trial=2, x__rid_x=6c078fed86045740: dummy_return_one(x)
[11:47:25.387] [INFO] [run] subject=10, session=2, speed=4, trial=3, x__rid_x=fb12da0804f17935: dummy_return_one(x)
[11:47:25.389] [INFO] [run] subject=10, session=2, speed=4, trial=4, x__rid_x=68fec822bf65bb2e: dummy_return_one(x)
[11:47:25.390] [INFO] [run] subject=10, session=2, speed=4, trial=5, x__rid_x=4e8b985dbe42079f: dummy_return_one(x)
[11:47:25.392] [INFO] [run] subject=10, session=2, speed=4, trial=6, x__rid_x=722b552913d6850d: dummy_return_one(x)
[11:47:25.393] [INFO] [run] subject=10, session=2, speed=4, trial=7, x__rid_x=8fb8ae384c960f56: dummy_return_one(x)
[11:47:25.394] [INFO] [run] subject=10, session=2, speed=5, trial=1, x__rid_x=a88c93b32bc79d70: dummy_return_one(x)
[11:47:25.396] [INFO] [run] subject=10, session=2, speed=5, trial=2, x__rid_x=f1438f6c1eb0e9a5: dummy_return_one(x)
[11:47:25.396] [INFO] [run] subject=10, session=2, speed=5, trial=3, x__rid_x=2cd31851ae58f789: dummy_return_one(x)
[11:47:25.397] [INFO] [run] subject=10, session=2, speed=5, trial=4, x__rid_x=a5bd3e3f531f06a3: dummy_return_one(x)
[11:47:25.399] [INFO] [run] subject=10, session=2, speed=5, trial=5, x__rid_x=5105f8df10343510: dummy_return_one(x)
[11:47:25.400] [INFO] [run] subject=10, session=2, speed=5, trial=6, x__rid_x=49a3512cede77d31: dummy_return_one(x)
[11:47:25.400] [INFO] [run] subject=10, session=2, speed=5, trial=7, x__rid_x=6cc1847f97806f2b: dummy_return_one(x)
[11:47:25.402] [INFO] [run] subject=10, session=2, speed=6, trial=1, x__rid_x=231d3c6f3e31578a: dummy_return_one(x)
[11:47:25.403] [INFO] [run] subject=10, session=2, speed=6, trial=2, x__rid_x=70cb0b8f24e0dc35: dummy_return_one(x)
[11:47:25.404] [INFO] [run] subject=10, session=2, speed=6, trial=3, x__rid_x=aa4ec317caf3b42b: dummy_return_one(x)
[11:47:25.406] [INFO] [run] subject=10, session=2, speed=6, trial=4, x__rid_x=e283cf999b154c8a: dummy_return_one(x)
[11:47:25.407] [INFO] [run] subject=10, session=2, speed=6, trial=5, x__rid_x=4b45c3381eab0af9: dummy_return_one(x)
[11:47:25.409] [INFO] [run] subject=10, session=2, speed=6, trial=6, x__rid_x=55abe2a431359161: dummy_return_one(x)
[11:47:25.410] [INFO] [run] subject=10, session=2, speed=6, trial=7, x__rid_x=54912955c1697254: dummy_return_one(x)
[11:47:25.410] [INFO] [run] subject=10, session=2, speed=7, trial=1, x__rid_x=2dc82b9e884dfa98: dummy_return_one(x)
[11:47:25.412] [INFO] [run] subject=10, session=2, speed=7, trial=2, x__rid_x=cb2f3877dacd0434: dummy_return_one(x)
[11:47:25.413] [INFO] [run] subject=10, session=2, speed=7, trial=3, x__rid_x=c0b27362df550b0b: dummy_return_one(x)
[11:47:25.414] [INFO] [run] subject=10, session=2, speed=7, trial=4, x__rid_x=db23faed044ee390: dummy_return_one(x)
[11:47:25.416] [INFO] [run] subject=10, session=2, speed=7, trial=5, x__rid_x=c94d553211f97427: dummy_return_one(x)
[11:47:25.416] [INFO] [run] subject=10, session=2, speed=7, trial=6, x__rid_x=215907fed439fe76: dummy_return_one(x)
[11:47:25.417] [INFO] [run] subject=10, session=2, speed=7, trial=7, x__rid_x=854fcb73443a5dae: dummy_return_one(x)
[11:47:25.419] [INFO] [run] subject=10, session=2, speed=8, trial=1, x__rid_x=b85f05b5a4f9566b: dummy_return_one(x)
[11:47:25.420] [INFO] [run] subject=10, session=2, speed=8, trial=2, x__rid_x=ebf40b61ae76380b: dummy_return_one(x)
[11:47:25.420] [INFO] [run] subject=10, session=2, speed=8, trial=3, x__rid_x=d0bea39fdb9168fd: dummy_return_one(x)
[11:47:25.422] [INFO] [run] subject=10, session=2, speed=8, trial=4, x__rid_x=a4db980437500a1a: dummy_return_one(x)
[11:47:25.423] [INFO] [run] subject=10, session=2, speed=8, trial=5, x__rid_x=d42b0a64d5fd020c: dummy_return_one(x)
[11:47:25.424] [INFO] [run] subject=10, session=2, speed=8, trial=6, x__rid_x=dbb1a20b52f9f43a: dummy_return_one(x)
[11:47:25.426] [INFO] [run] subject=10, session=2, speed=8, trial=7, x__rid_x=4243d9b57c950153: dummy_return_one(x)
[11:47:25.427] [INFO] [run] subject=10, session=2, speed=9, trial=1, x__rid_x=423bb8615ed50759: dummy_return_one(x)
[11:47:25.428] [INFO] [run] subject=10, session=2, speed=9, trial=2, x__rid_x=3233952f4648262c: dummy_return_one(x)
[11:47:25.429] [INFO] [run] subject=10, session=2, speed=9, trial=3, x__rid_x=0af553644bf79943: dummy_return_one(x)
[11:47:25.430] [INFO] [run] subject=10, session=2, speed=9, trial=4, x__rid_x=586acb2ba2ef3cdc: dummy_return_one(x)
[11:47:25.431] [INFO] [run] subject=10, session=2, speed=9, trial=5, x__rid_x=6f9079e49118c6b8: dummy_return_one(x)
[11:47:25.433] [INFO] [run] subject=10, session=2, speed=9, trial=6, x__rid_x=7785e32e159fa932: dummy_return_one(x)
[11:47:25.433] [INFO] [run] subject=10, session=2, speed=9, trial=7, x__rid_x=6de23d21b7af47f4: dummy_return_one(x)
[11:47:25.434] [INFO] [run] subject=10, session=3, speed=1, trial=1, x__rid_x=b12c2aad650419ff: dummy_return_one(x)
[11:47:25.436] [INFO] [run] subject=10, session=3, speed=1, trial=2, x__rid_x=6645941f871b9475: dummy_return_one(x)
[11:47:25.437] [INFO] [run] subject=10, session=3, speed=1, trial=3, x__rid_x=4560a7593d296966: dummy_return_one(x)
[11:47:25.437] [INFO] [run] subject=10, session=3, speed=1, trial=4, x__rid_x=9b6e689a0ef407fe: dummy_return_one(x)
[11:47:25.439] [INFO] [run] subject=10, session=3, speed=1, trial=5, x__rid_x=c85b9bf78d93b089: dummy_return_one(x)
[11:47:25.441] [INFO] [run] subject=10, session=3, speed=1, trial=6, x__rid_x=90be82691795d292: dummy_return_one(x)
[11:47:25.443] [INFO] [run] subject=10, session=3, speed=1, trial=7, x__rid_x=8ae897ad1cb500bb: dummy_return_one(x)
[11:47:25.444] [INFO] [run] subject=10, session=3, speed=10, trial=1, x__rid_x=eaee9a8d236d4a15: dummy_return_one(x)
[11:47:25.444] [INFO] [run] subject=10, session=3, speed=10, trial=2, x__rid_x=c92db82db0d35167: dummy_return_one(x)
[11:47:25.446] [INFO] [run] subject=10, session=3, speed=10, trial=3, x__rid_x=46409272e93e4433: dummy_return_one(x)
[11:47:25.447] [INFO] [run] subject=10, session=3, speed=10, trial=4, x__rid_x=5eac0133496e5003: dummy_return_one(x)
[11:47:25.447] [INFO] [run] subject=10, session=3, speed=10, trial=5, x__rid_x=f9ec1dabaca3dc88: dummy_return_one(x)
[11:47:25.449] [INFO] [run] subject=10, session=3, speed=10, trial=6, x__rid_x=23d45d65ef78cfd2: dummy_return_one(x)
[11:47:25.453] [INFO] [run] subject=10, session=3, speed=10, trial=7, x__rid_x=587f6eb3d1319f53: dummy_return_one(x)
[11:47:25.454] [INFO] [run] subject=10, session=3, speed=2, trial=1, x__rid_x=b45f5de4b3ef42ec: dummy_return_one(x)
[11:47:25.455] [INFO] [run] subject=10, session=3, speed=2, trial=2, x__rid_x=db837effb362cd7a: dummy_return_one(x)
[11:47:25.457] [INFO] [run] subject=10, session=3, speed=2, trial=3, x__rid_x=acfb17350c150c97: dummy_return_one(x)
[11:47:25.460] [INFO] [run] subject=10, session=3, speed=2, trial=4, x__rid_x=da5b563c40246e81: dummy_return_one(x)
[11:47:25.461] [INFO] [run] subject=10, session=3, speed=2, trial=5, x__rid_x=39069a825c4721b3: dummy_return_one(x)
[11:47:25.462] [INFO] [run] subject=10, session=3, speed=2, trial=6, x__rid_x=37861f631848cdbd: dummy_return_one(x)
[11:47:25.463] [INFO] [run] subject=10, session=3, speed=2, trial=7, x__rid_x=24bb62545c5c6b90: dummy_return_one(x)
[11:47:25.464] [INFO] [run] subject=10, session=3, speed=3, trial=1, x__rid_x=52d538ed3d2b4b0f: dummy_return_one(x)
[11:47:25.465] [INFO] [run] subject=10, session=3, speed=3, trial=2, x__rid_x=bf347fc5e0dc5c0c: dummy_return_one(x)
[11:47:25.467] [INFO] [run] subject=10, session=3, speed=3, trial=3, x__rid_x=2d547c6f5294fc1f: dummy_return_one(x)
[11:47:25.467] [INFO] [run] subject=10, session=3, speed=3, trial=4, x__rid_x=017e4f0b7947de4d: dummy_return_one(x)
[11:47:25.468] [INFO] [run] subject=10, session=3, speed=3, trial=5, x__rid_x=196ee6f3856ae229: dummy_return_one(x)
[11:47:25.470] [INFO] [run] subject=10, session=3, speed=3, trial=6, x__rid_x=9306367e766289d9: dummy_return_one(x)
[11:47:25.471] [INFO] [run] subject=10, session=3, speed=3, trial=7, x__rid_x=5835135dfb463c65: dummy_return_one(x)
[11:47:25.472] [INFO] [run] subject=10, session=3, speed=4, trial=1, x__rid_x=2066250b026bbeed: dummy_return_one(x)
[11:47:25.474] [INFO] [run] subject=10, session=3, speed=4, trial=2, x__rid_x=a347325487d6f1f7: dummy_return_one(x)
[11:47:25.475] [INFO] [run] subject=10, session=3, speed=4, trial=3, x__rid_x=4dfe75b0fe7a99d9: dummy_return_one(x)
[11:47:25.477] [INFO] [run] subject=10, session=3, speed=4, trial=4, x__rid_x=57eb59b083247ff8: dummy_return_one(x)
[11:47:25.478] [INFO] [run] subject=10, session=3, speed=4, trial=5, x__rid_x=0d637a3e55ea04ec: dummy_return_one(x)
[11:47:25.479] [INFO] [run] subject=10, session=3, speed=4, trial=6, x__rid_x=e3945d08c3055fd1: dummy_return_one(x)
[11:47:25.481] [INFO] [run] subject=10, session=3, speed=4, trial=7, x__rid_x=1ab2d740cd50fe08: dummy_return_one(x)
[11:47:25.481] [INFO] [run] subject=10, session=3, speed=5, trial=1, x__rid_x=34af4adcd35221c3: dummy_return_one(x)
[11:47:25.482] [INFO] [run] subject=10, session=3, speed=5, trial=2, x__rid_x=ec03b745a84f6e11: dummy_return_one(x)
[11:47:25.484] [INFO] [run] subject=10, session=3, speed=5, trial=3, x__rid_x=3ee2907511d0decc: dummy_return_one(x)
[11:47:25.485] [INFO] [run] subject=10, session=3, speed=5, trial=4, x__rid_x=d944147e808b1003: dummy_return_one(x)
[11:47:25.485] [INFO] [run] subject=10, session=3, speed=5, trial=5, x__rid_x=c15a3dec86ae63e4: dummy_return_one(x)
[11:47:25.487] [INFO] [run] subject=10, session=3, speed=5, trial=6, x__rid_x=db5fc951242d3b06: dummy_return_one(x)
[11:47:25.488] [INFO] [run] subject=10, session=3, speed=5, trial=7, x__rid_x=d9ad747f9e2b3895: dummy_return_one(x)
[11:47:25.489] [INFO] [run] subject=10, session=3, speed=6, trial=1, x__rid_x=d8284cc7611770fc: dummy_return_one(x)
[11:47:25.491] [INFO] [run] subject=10, session=3, speed=6, trial=2, x__rid_x=e39d0dd94f51dfab: dummy_return_one(x)
[11:47:25.492] [INFO] [run] subject=10, session=3, speed=6, trial=3, x__rid_x=d77ec8289a20035b: dummy_return_one(x)
[11:47:25.493] [INFO] [run] subject=10, session=3, speed=6, trial=4, x__rid_x=05bcc9279d5ac178: dummy_return_one(x)
[11:47:25.494] [INFO] [run] subject=10, session=3, speed=6, trial=5, x__rid_x=913483c9619c555a: dummy_return_one(x)
[11:47:25.495] [INFO] [run] subject=10, session=3, speed=6, trial=6, x__rid_x=7865264281e8a94a: dummy_return_one(x)
[11:47:25.496] [INFO] [run] subject=10, session=3, speed=6, trial=7, x__rid_x=5211b88936090be6: dummy_return_one(x)
[11:47:25.498] [INFO] [run] subject=10, session=3, speed=7, trial=1, x__rid_x=be0034bf931870c7: dummy_return_one(x)
[11:47:25.498] [INFO] [run] subject=10, session=3, speed=7, trial=2, x__rid_x=e503129e4f44d610: dummy_return_one(x)
[11:47:25.499] [INFO] [run] subject=10, session=3, speed=7, trial=3, x__rid_x=392c4320b648cd93: dummy_return_one(x)
[11:47:25.501] [INFO] [run] subject=10, session=3, speed=7, trial=4, x__rid_x=c77e0e7218a37e18: dummy_return_one(x)
[11:47:25.502] [INFO] [run] subject=10, session=3, speed=7, trial=5, x__rid_x=2a3ea7ebbc9173c0: dummy_return_one(x)
[11:47:25.503] [INFO] [run] subject=10, session=3, speed=7, trial=6, x__rid_x=16fb26b6ad38a58b: dummy_return_one(x)
[11:47:25.505] [INFO] [run] subject=10, session=3, speed=7, trial=7, x__rid_x=0689b188cbb34a1a: dummy_return_one(x)
[11:47:25.506] [INFO] [run] subject=10, session=3, speed=8, trial=1, x__rid_x=b94ae45382e51f5e: dummy_return_one(x)
[11:47:25.507] [INFO] [run] subject=10, session=3, speed=8, trial=2, x__rid_x=ef5ed1d2935dfcc3: dummy_return_one(x)
[11:47:25.508] [INFO] [run] subject=10, session=3, speed=8, trial=3, x__rid_x=a3cf8a080b09439e: dummy_return_one(x)
[11:47:25.509] [INFO] [run] subject=10, session=3, speed=8, trial=4, x__rid_x=56274b0fccc57c68: dummy_return_one(x)
[11:47:25.510] [INFO] [run] subject=10, session=3, speed=8, trial=5, x__rid_x=8ff32f83fa3c0016: dummy_return_one(x)
[11:47:25.512] [INFO] [run] subject=10, session=3, speed=8, trial=6, x__rid_x=3bb25f50c7e3463a: dummy_return_one(x)
[11:47:25.513] [INFO] [run] subject=10, session=3, speed=8, trial=7, x__rid_x=cb417bdbe5673765: dummy_return_one(x)
[11:47:25.513] [INFO] [run] subject=10, session=3, speed=9, trial=1, x__rid_x=68ebe8c4181b8420: dummy_return_one(x)
[11:47:25.515] [INFO] [run] subject=10, session=3, speed=9, trial=2, x__rid_x=a791d492de4732f2: dummy_return_one(x)
[11:47:25.516] [INFO] [run] subject=10, session=3, speed=9, trial=3, x__rid_x=efdc41b89458b7d5: dummy_return_one(x)
[11:47:25.517] [INFO] [run] subject=10, session=3, speed=9, trial=4, x__rid_x=ab34ac0705f5e3a8: dummy_return_one(x)
[11:47:25.519] [INFO] [run] subject=10, session=3, speed=9, trial=5, x__rid_x=bdb4375e6cd90f5d: dummy_return_one(x)
[11:47:25.519] [INFO] [run] subject=10, session=3, speed=9, trial=6, x__rid_x=48fcde867fb7df50: dummy_return_one(x)
[11:47:25.520] [INFO] [run] subject=10, session=3, speed=9, trial=7, x__rid_x=3f4159ec6ce60506: dummy_return_one(x)
[11:47:25.522] [INFO] [run] subject=10, session=4, speed=1, trial=1, x__rid_x=dfc7338aea3c5358: dummy_return_one(x)
[11:47:25.523] [INFO] [run] subject=10, session=4, speed=1, trial=2, x__rid_x=566ab5c25e06de11: dummy_return_one(x)
[11:47:25.524] [INFO] [run] subject=10, session=4, speed=1, trial=3, x__rid_x=d15b771f1e73393c: dummy_return_one(x)
[11:47:25.526] [INFO] [run] subject=10, session=4, speed=1, trial=4, x__rid_x=c38434b05073c73f: dummy_return_one(x)
[11:47:25.526] [INFO] [run] subject=10, session=4, speed=1, trial=5, x__rid_x=24d6e96df72e999c: dummy_return_one(x)
[11:47:25.527] [INFO] [run] subject=10, session=4, speed=1, trial=6, x__rid_x=9e1368b302db112f: dummy_return_one(x)
[11:47:25.529] [INFO] [run] subject=10, session=4, speed=1, trial=7, x__rid_x=95dfd5272dfe3c0e: dummy_return_one(x)
[11:47:25.530] [INFO] [run] subject=10, session=4, speed=10, trial=1, x__rid_x=f7ac3c3ccbf532ba: dummy_return_one(x)
[11:47:25.531] [INFO] [run] subject=10, session=4, speed=10, trial=2, x__rid_x=7c2bd6f6135e0f73: dummy_return_one(x)
[11:47:25.532] [INFO] [run] subject=10, session=4, speed=10, trial=3, x__rid_x=cdd007a17fe544b8: dummy_return_one(x)
[11:47:25.533] [INFO] [run] subject=10, session=4, speed=10, trial=4, x__rid_x=1cf7e2dc49014eec: dummy_return_one(x)
[11:47:25.534] [INFO] [run] subject=10, session=4, speed=10, trial=5, x__rid_x=eb88cc31cf1e9616: dummy_return_one(x)
[11:47:25.536] [INFO] [run] subject=10, session=4, speed=10, trial=6, x__rid_x=be4239da2a84353d: dummy_return_one(x)
[11:47:25.537] [INFO] [run] subject=10, session=4, speed=10, trial=7, x__rid_x=eae9fabf6ba1ebc4: dummy_return_one(x)
[11:47:25.537] [INFO] [run] subject=10, session=4, speed=2, trial=1, x__rid_x=2aec6c6c11064777: dummy_return_one(x)
[11:47:25.540] [INFO] [run] subject=10, session=4, speed=2, trial=2, x__rid_x=6d86e40076fd959b: dummy_return_one(x)
[11:47:25.541] [INFO] [run] subject=10, session=4, speed=2, trial=3, x__rid_x=caf7ed3a7cde361e: dummy_return_one(x)
[11:47:25.543] [INFO] [run] subject=10, session=4, speed=2, trial=4, x__rid_x=6c87aaef6b3ec5d2: dummy_return_one(x)
[11:47:25.544] [INFO] [run] subject=10, session=4, speed=2, trial=5, x__rid_x=42bb76cd9485425e: dummy_return_one(x)
[11:47:25.545] [INFO] [run] subject=10, session=4, speed=2, trial=6, x__rid_x=41e6855c38cd7d9c: dummy_return_one(x)
[11:47:25.546] [INFO] [run] subject=10, session=4, speed=2, trial=7, x__rid_x=7fbcb77bbb7eefb5: dummy_return_one(x)
[11:47:25.547] [INFO] [run] subject=10, session=4, speed=3, trial=1, x__rid_x=f4677cf6992c61c5: dummy_return_one(x)
[11:47:25.548] [INFO] [run] subject=10, session=4, speed=3, trial=2, x__rid_x=dfa8ddbabe7d2c8a: dummy_return_one(x)
[11:47:25.550] [INFO] [run] subject=10, session=4, speed=3, trial=3, x__rid_x=daa8645a7b6be555: dummy_return_one(x)
[11:47:25.551] [INFO] [run] subject=10, session=4, speed=3, trial=4, x__rid_x=92292c0d9ce0d811: dummy_return_one(x)
[11:47:25.551] [INFO] [run] subject=10, session=4, speed=3, trial=5, x__rid_x=3080cee1e4913949: dummy_return_one(x)
[11:47:25.553] [INFO] [run] subject=10, session=4, speed=3, trial=6, x__rid_x=2b8b938c8c045b30: dummy_return_one(x)
[11:47:25.554] [INFO] [run] subject=10, session=4, speed=3, trial=7, x__rid_x=bafe23ce2b0123ff: dummy_return_one(x)
[11:47:25.555] [INFO] [run] subject=10, session=4, speed=4, trial=1, x__rid_x=a39fc7d1e65dd25c: dummy_return_one(x)
[11:47:25.557] [INFO] [run] subject=10, session=4, speed=4, trial=2, x__rid_x=8942e14fb25d458d: dummy_return_one(x)
[11:47:25.558] [INFO] [run] subject=10, session=4, speed=4, trial=3, x__rid_x=dd8130f53e0150af: dummy_return_one(x)
[11:47:25.559] [INFO] [run] subject=10, session=4, speed=4, trial=4, x__rid_x=e81903d15defcd64: dummy_return_one(x)
[11:47:25.561] [INFO] [run] subject=10, session=4, speed=4, trial=5, x__rid_x=4367936d79f6f62d: dummy_return_one(x)
[11:47:25.562] [INFO] [run] subject=10, session=4, speed=4, trial=6, x__rid_x=71966bd4857887ec: dummy_return_one(x)
[11:47:25.564] [INFO] [run] subject=10, session=4, speed=4, trial=7, x__rid_x=0e366a53f6a02b7b: dummy_return_one(x)
[11:47:25.565] [INFO] [run] subject=10, session=4, speed=5, trial=1, x__rid_x=4efe64797a58f8f0: dummy_return_one(x)
[11:47:25.565] [INFO] [run] subject=10, session=4, speed=5, trial=2, x__rid_x=1480e7690871dadf: dummy_return_one(x)
[11:47:25.568] [INFO] [run] subject=10, session=4, speed=5, trial=3, x__rid_x=306506507d14415b: dummy_return_one(x)
[11:47:25.568] [INFO] [run] subject=10, session=4, speed=5, trial=4, x__rid_x=f274f7c1f6dc3301: dummy_return_one(x)
[11:47:25.569] [INFO] [run] subject=10, session=4, speed=5, trial=5, x__rid_x=d8cc3527c3ffe73e: dummy_return_one(x)
[11:47:25.571] [INFO] [run] subject=10, session=4, speed=5, trial=6, x__rid_x=5e1bafd5bd88d99c: dummy_return_one(x)
[11:47:25.572] [INFO] [run] subject=10, session=4, speed=5, trial=7, x__rid_x=12933999aa134c20: dummy_return_one(x)
[11:47:25.573] [INFO] [run] subject=10, session=4, speed=6, trial=1, x__rid_x=3a2600ffb042fa45: dummy_return_one(x)
[11:47:25.575] [INFO] [run] subject=10, session=4, speed=6, trial=2, x__rid_x=df940ad0ba270b41: dummy_return_one(x)
[11:47:25.576] [INFO] [run] subject=10, session=4, speed=6, trial=3, x__rid_x=a237a1e4a8d158a6: dummy_return_one(x)
[11:47:25.576] [INFO] [run] subject=10, session=4, speed=6, trial=4, x__rid_x=e1be28adc93e9ef4: dummy_return_one(x)
[11:47:25.578] [INFO] [run] subject=10, session=4, speed=6, trial=5, x__rid_x=7280f95c98b46deb: dummy_return_one(x)
[11:47:25.579] [INFO] [run] subject=10, session=4, speed=6, trial=6, x__rid_x=95f1a8159a8079e5: dummy_return_one(x)
[11:47:25.580] [INFO] [run] subject=10, session=4, speed=6, trial=7, x__rid_x=3a8d829677386455: dummy_return_one(x)
[11:47:25.582] [INFO] [run] subject=10, session=4, speed=7, trial=1, x__rid_x=359ef2f07d070084: dummy_return_one(x)
[11:47:25.583] [INFO] [run] subject=10, session=4, speed=7, trial=2, x__rid_x=338a49603b366091: dummy_return_one(x)
[11:47:25.583] [INFO] [run] subject=10, session=4, speed=7, trial=3, x__rid_x=79804916f87f4291: dummy_return_one(x)
[11:47:25.585] [INFO] [run] subject=10, session=4, speed=7, trial=4, x__rid_x=bc65473c63ddc430: dummy_return_one(x)
[11:47:25.586] [INFO] [run] subject=10, session=4, speed=7, trial=5, x__rid_x=c9ebf43ff52e33ab: dummy_return_one(x)
[11:47:25.587] [INFO] [run] subject=10, session=4, speed=7, trial=6, x__rid_x=6cf7227c62670147: dummy_return_one(x)
[11:47:25.589] [INFO] [run] subject=10, session=4, speed=7, trial=7, x__rid_x=f24838267d679568: dummy_return_one(x)
[11:47:25.590] [INFO] [run] subject=10, session=4, speed=8, trial=1, x__rid_x=9f5d3d6a0c490728: dummy_return_one(x)
[11:47:25.593] [INFO] [run] subject=10, session=4, speed=8, trial=2, x__rid_x=5b607d13a65c81ff: dummy_return_one(x)
[11:47:25.594] [INFO] [run] subject=10, session=4, speed=8, trial=3, x__rid_x=f9245b491fb5488d: dummy_return_one(x)
[11:47:25.596] [INFO] [run] subject=10, session=4, speed=8, trial=4, x__rid_x=e40f944a2f40554a: dummy_return_one(x)
[11:47:25.597] [INFO] [run] subject=10, session=4, speed=8, trial=5, x__rid_x=a8c47cc3b9ca28a5: dummy_return_one(x)
[11:47:25.598] [INFO] [run] subject=10, session=4, speed=8, trial=6, x__rid_x=3a827d31028bd0d0: dummy_return_one(x)
[11:47:25.600] [INFO] [run] subject=10, session=4, speed=8, trial=7, x__rid_x=96fbddacbdc3f445: dummy_return_one(x)
[11:47:25.601] [INFO] [run] subject=10, session=4, speed=9, trial=1, x__rid_x=38696e8936835a64: dummy_return_one(x)
[11:47:25.601] [INFO] [run] subject=10, session=4, speed=9, trial=2, x__rid_x=bfdd8e00fa02a5c6: dummy_return_one(x)
[11:47:25.603] [INFO] [run] subject=10, session=4, speed=9, trial=3, x__rid_x=3f696e302e13f1e9: dummy_return_one(x)
[11:47:25.604] [INFO] [run] subject=10, session=4, speed=9, trial=4, x__rid_x=f45d4a027ac696d9: dummy_return_one(x)
[11:47:25.605] [INFO] [run] subject=10, session=4, speed=9, trial=5, x__rid_x=7e7f8c367130f289: dummy_return_one(x)
[11:47:25.607] [INFO] [run] subject=10, session=4, speed=9, trial=6, x__rid_x=fe6c25110008d033: dummy_return_one(x)
[11:47:25.608] [INFO] [run] subject=10, session=4, speed=9, trial=7, x__rid_x=8e23b1576e3533f2: dummy_return_one(x)
[11:47:25.611] [INFO] [run] subject=10, session=5, speed=1, trial=1, x__rid_x=95a9ff12334e0854: dummy_return_one(x)
[11:47:25.611] [INFO] [run] subject=10, session=5, speed=1, trial=2, x__rid_x=0fe373b692cd5c4c: dummy_return_one(x)
[11:47:25.612] [INFO] [run] subject=10, session=5, speed=1, trial=3, x__rid_x=7e4a95504b0a7980: dummy_return_one(x)
[11:47:25.614] [INFO] [run] subject=10, session=5, speed=1, trial=4, x__rid_x=3efac9613b0d9585: dummy_return_one(x)
[11:47:25.615] [INFO] [run] subject=10, session=5, speed=1, trial=5, x__rid_x=f8e403b37485f118: dummy_return_one(x)
[11:47:25.616] [INFO] [run] subject=10, session=5, speed=1, trial=6, x__rid_x=f18350c5a1d1ed20: dummy_return_one(x)
[11:47:25.618] [INFO] [run] subject=10, session=5, speed=1, trial=7, x__rid_x=b05292e46b38a774: dummy_return_one(x)
[11:47:25.618] [INFO] [run] subject=10, session=5, speed=10, trial=1, x__rid_x=4766b899e51dac7d: dummy_return_one(x)
[11:47:25.619] [INFO] [run] subject=10, session=5, speed=10, trial=2, x__rid_x=638dbe728cc34725: dummy_return_one(x)
[11:47:25.621] [INFO] [run] subject=10, session=5, speed=10, trial=3, x__rid_x=da5aacf46a5719c7: dummy_return_one(x)
[11:47:25.622] [INFO] [run] subject=10, session=5, speed=10, trial=4, x__rid_x=f6d45fe8224b759c: dummy_return_one(x)
[11:47:25.623] [INFO] [run] subject=10, session=5, speed=10, trial=5, x__rid_x=5538799e45d56eea: dummy_return_one(x)
[11:47:25.625] [INFO] [run] subject=10, session=5, speed=10, trial=6, x__rid_x=545ce24fca1680c1: dummy_return_one(x)
[11:47:25.626] [INFO] [run] subject=10, session=5, speed=10, trial=7, x__rid_x=9035fd61cb4477d7: dummy_return_one(x)
[11:47:25.626] [INFO] [run] subject=10, session=5, speed=2, trial=1, x__rid_x=86285a7f32dcc158: dummy_return_one(x)
[11:47:25.629] [INFO] [run] subject=10, session=5, speed=2, trial=2, x__rid_x=c610166b33f951b1: dummy_return_one(x)
[11:47:25.630] [INFO] [run] subject=10, session=5, speed=2, trial=3, x__rid_x=a3cdc7b63741d674: dummy_return_one(x)
[11:47:25.630] [INFO] [run] subject=10, session=5, speed=2, trial=4, x__rid_x=37e3257699db0792: dummy_return_one(x)
[11:47:25.632] [INFO] [run] subject=10, session=5, speed=2, trial=5, x__rid_x=d3235f7f1d05ad19: dummy_return_one(x)
[11:47:25.634] [INFO] [run] subject=10, session=5, speed=2, trial=6, x__rid_x=ae05dc351c60444c: dummy_return_one(x)
[11:47:25.636] [INFO] [run] subject=10, session=5, speed=2, trial=7, x__rid_x=84654b90663bd434: dummy_return_one(x)
[11:47:25.637] [INFO] [run] subject=10, session=5, speed=3, trial=1, x__rid_x=b095738b4394689b: dummy_return_one(x)
[11:47:25.640] [INFO] [run] subject=10, session=5, speed=3, trial=2, x__rid_x=cf52f279c7378e4e: dummy_return_one(x)
[11:47:25.641] [INFO] [run] subject=10, session=5, speed=3, trial=3, x__rid_x=bf8e0b16a1891899: dummy_return_one(x)
[11:47:25.643] [INFO] [run] subject=10, session=5, speed=3, trial=4, x__rid_x=deabb7a70554ef2a: dummy_return_one(x)
[11:47:25.644] [INFO] [run] subject=10, session=5, speed=3, trial=5, x__rid_x=5e99268a21e14a34: dummy_return_one(x)
[11:47:25.645] [INFO] [run] subject=10, session=5, speed=3, trial=6, x__rid_x=3ed3e29c8a3a085d: dummy_return_one(x)
[11:47:25.647] [INFO] [run] subject=10, session=5, speed=3, trial=7, x__rid_x=e2c4f7c519ede312: dummy_return_one(x)
[11:47:25.648] [INFO] [run] subject=10, session=5, speed=4, trial=1, x__rid_x=46bfcafc1eacbf85: dummy_return_one(x)
[11:47:25.648] [INFO] [run] subject=10, session=5, speed=4, trial=2, x__rid_x=0d6907f64b2823ee: dummy_return_one(x)
[11:47:25.651] [INFO] [run] subject=10, session=5, speed=4, trial=3, x__rid_x=081b39ef72e6a0a9: dummy_return_one(x)
[11:47:25.651] [INFO] [run] subject=10, session=5, speed=4, trial=4, x__rid_x=d66503e82ebc8d89: dummy_return_one(x)
[11:47:25.652] [INFO] [run] subject=10, session=5, speed=4, trial=5, x__rid_x=98a24d893a2b8cab: dummy_return_one(x)
[11:47:25.654] [INFO] [run] subject=10, session=5, speed=4, trial=6, x__rid_x=0a67ecb9467e0100: dummy_return_one(x)
[11:47:25.655] [INFO] [run] subject=10, session=5, speed=4, trial=7, x__rid_x=21cf7c6065c48888: dummy_return_one(x)
[11:47:25.656] [INFO] [run] subject=10, session=5, speed=5, trial=1, x__rid_x=6aec7f30fb523a21: dummy_return_one(x)
[11:47:25.658] [INFO] [run] subject=10, session=5, speed=5, trial=2, x__rid_x=0fde0928aa34f4f4: dummy_return_one(x)
[11:47:25.659] [INFO] [run] subject=10, session=5, speed=5, trial=3, x__rid_x=f01813e7b27344ee: dummy_return_one(x)
[11:47:25.659] [INFO] [run] subject=10, session=5, speed=5, trial=4, x__rid_x=30bd961b1efc90c4: dummy_return_one(x)
[11:47:25.662] [INFO] [run] subject=10, session=5, speed=5, trial=5, x__rid_x=4f6c0e2c6c41ca6e: dummy_return_one(x)
[11:47:25.662] [INFO] [run] subject=10, session=5, speed=5, trial=6, x__rid_x=775d7c389932c064: dummy_return_one(x)
[11:47:25.663] [INFO] [run] subject=10, session=5, speed=5, trial=7, x__rid_x=60e9b14193d790e0: dummy_return_one(x)
[11:47:25.665] [INFO] [run] subject=10, session=5, speed=6, trial=1, x__rid_x=03cb87fdb0943c11: dummy_return_one(x)
[11:47:25.666] [INFO] [run] subject=10, session=5, speed=6, trial=2, x__rid_x=a1a63442968cad76: dummy_return_one(x)
[11:47:25.666] [INFO] [run] subject=10, session=5, speed=6, trial=3, x__rid_x=b0bc58f2878ad84c: dummy_return_one(x)
[11:47:25.669] [INFO] [run] subject=10, session=5, speed=6, trial=4, x__rid_x=0d929fdde53f4c16: dummy_return_one(x)
[11:47:25.669] [INFO] [run] subject=10, session=5, speed=6, trial=5, x__rid_x=51eb9e48daed2207: dummy_return_one(x)
[11:47:25.670] [INFO] [run] subject=10, session=5, speed=6, trial=6, x__rid_x=a79d81f8e57e4848: dummy_return_one(x)
[11:47:25.672] [INFO] [run] subject=10, session=5, speed=6, trial=7, x__rid_x=81afe43b60e5a26b: dummy_return_one(x)
[11:47:25.673] [INFO] [run] subject=10, session=5, speed=7, trial=1, x__rid_x=edc9d6e68270528c: dummy_return_one(x)
[11:47:25.676] [INFO] [run] subject=10, session=5, speed=7, trial=2, x__rid_x=5671ccc0558d2e21: dummy_return_one(x)
[11:47:25.677] [INFO] [run] subject=10, session=5, speed=7, trial=3, x__rid_x=176a5893b4285a89: dummy_return_one(x)
[11:47:25.678] [INFO] [run] subject=10, session=5, speed=7, trial=4, x__rid_x=42548bb41e91fcd1: dummy_return_one(x)
[11:47:25.680] [INFO] [run] subject=10, session=5, speed=7, trial=5, x__rid_x=a65097f49cf54190: dummy_return_one(x)
[11:47:25.680] [INFO] [run] subject=10, session=5, speed=7, trial=6, x__rid_x=6b9b6b0dc77fb7b2: dummy_return_one(x)
[11:47:25.681] [INFO] [run] subject=10, session=5, speed=7, trial=7, x__rid_x=7ffeccf723a8964c: dummy_return_one(x)
[11:47:25.683] [INFO] [run] subject=10, session=5, speed=8, trial=1, x__rid_x=d57bbcda3577f057: dummy_return_one(x)
[11:47:25.684] [INFO] [run] subject=10, session=5, speed=8, trial=2, x__rid_x=60cfe86ca2d6ab8d: dummy_return_one(x)
[11:47:25.685] [INFO] [run] subject=10, session=5, speed=8, trial=3, x__rid_x=72bad631bfc8d9ff: dummy_return_one(x)
[11:47:25.687] [INFO] [run] subject=10, session=5, speed=8, trial=4, x__rid_x=b5573751b31e643c: dummy_return_one(x)
[11:47:25.688] [INFO] [run] subject=10, session=5, speed=8, trial=5, x__rid_x=c73f461241ef437e: dummy_return_one(x)
[11:47:25.689] [INFO] [run] subject=10, session=5, speed=8, trial=6, x__rid_x=0b84749072a378aa: dummy_return_one(x)
[11:47:25.692] [INFO] [run] subject=10, session=5, speed=8, trial=7, x__rid_x=1d258120349527ee: dummy_return_one(x)
[11:47:25.695] [INFO] [run] subject=10, session=5, speed=9, trial=1, x__rid_x=e6c46c49b214259d: dummy_return_one(x)
[11:47:25.695] [INFO] [run] subject=10, session=5, speed=9, trial=2, x__rid_x=8ff00245aef4555e: dummy_return_one(x)
[11:47:25.696] [INFO] [run] subject=10, session=5, speed=9, trial=3, x__rid_x=83abf581770dc1b9: dummy_return_one(x)
[11:47:25.698] [INFO] [run] subject=10, session=5, speed=9, trial=4, x__rid_x=0993a44cfbd4f355: dummy_return_one(x)
[11:47:25.699] [INFO] [run] subject=10, session=5, speed=9, trial=5, x__rid_x=31beef146659dc80: dummy_return_one(x)
[11:47:25.700] [INFO] [run] subject=10, session=5, speed=9, trial=6, x__rid_x=c46fd9b6250c1230: dummy_return_one(x)
[11:47:25.702] [INFO] [run] subject=10, session=5, speed=9, trial=7, x__rid_x=d8816450d996041f: dummy_return_one(x)
[11:47:25.703] [INFO] [run] subject=11, session=1, speed=1, trial=1, x__rid_x=7027ba794960af96: dummy_return_one(x)
[11:47:25.703] [INFO] [run] subject=11, session=1, speed=1, trial=2, x__rid_x=918e614f507dbda3: dummy_return_one(x)
[11:47:25.706] [INFO] [run] subject=11, session=1, speed=1, trial=3, x__rid_x=8f851f80d08cdbe3: dummy_return_one(x)
[11:47:25.707] [INFO] [run] subject=11, session=1, speed=1, trial=4, x__rid_x=1de5308ce7606f38: dummy_return_one(x)
[11:47:25.709] [INFO] [run] subject=11, session=1, speed=1, trial=5, x__rid_x=e0a5748031f1e0cf: dummy_return_one(x)
[11:47:25.710] [INFO] [run] subject=11, session=1, speed=1, trial=6, x__rid_x=583aef815d06d9cd: dummy_return_one(x)
[11:47:25.711] [INFO] [run] subject=11, session=1, speed=1, trial=7, x__rid_x=1f858260420c7e05: dummy_return_one(x)
[11:47:25.713] [INFO] [run] subject=11, session=1, speed=10, trial=1, x__rid_x=9c976d3c1923d8eb: dummy_return_one(x)
[11:47:25.714] [INFO] [run] subject=11, session=1, speed=10, trial=2, x__rid_x=347415c6da9396d6: dummy_return_one(x)
[11:47:25.715] [INFO] [run] subject=11, session=1, speed=10, trial=3, x__rid_x=bfc9e1fad7ce4d9e: dummy_return_one(x)
[11:47:25.717] [INFO] [run] subject=11, session=1, speed=10, trial=4, x__rid_x=7d55bcaad68dece3: dummy_return_one(x)
[11:47:25.717] [INFO] [run] subject=11, session=1, speed=10, trial=5, x__rid_x=92a838d30c625498: dummy_return_one(x)
[11:47:25.718] [INFO] [run] subject=11, session=1, speed=10, trial=6, x__rid_x=7a40167ff93f36a9: dummy_return_one(x)
[11:47:25.720] [INFO] [run] subject=11, session=1, speed=10, trial=7, x__rid_x=e6bf8fced8c041c4: dummy_return_one(x)
[11:47:25.721] [INFO] [run] subject=11, session=1, speed=2, trial=1, x__rid_x=b7b03f1b0bfc8253: dummy_return_one(x)
[11:47:25.722] [INFO] [run] subject=11, session=1, speed=2, trial=2, x__rid_x=4ceaad6273225024: dummy_return_one(x)
[11:47:25.724] [INFO] [run] subject=11, session=1, speed=2, trial=3, x__rid_x=5fc47a4df5f10210: dummy_return_one(x)
[11:47:25.725] [INFO] [run] subject=11, session=1, speed=2, trial=4, x__rid_x=9a76494a053f354e: dummy_return_one(x)
[11:47:25.728] [INFO] [run] subject=11, session=1, speed=2, trial=5, x__rid_x=edf93873ea7431ea: dummy_return_one(x)
[11:47:25.729] [INFO] [run] subject=11, session=1, speed=2, trial=6, x__rid_x=af801ac1f65961a9: dummy_return_one(x)
[11:47:25.730] [INFO] [run] subject=11, session=1, speed=2, trial=7, x__rid_x=c7669bf6a79b0d3d: dummy_return_one(x)
[11:47:25.732] [INFO] [run] subject=11, session=1, speed=3, trial=1, x__rid_x=fe27ef0ac1c9e44c: dummy_return_one(x)
[11:47:25.733] [INFO] [run] subject=11, session=1, speed=3, trial=2, x__rid_x=993c75067ca4f46b: dummy_return_one(x)
[11:47:25.733] [INFO] [run] subject=11, session=1, speed=3, trial=3, x__rid_x=da6587e49c45d19f: dummy_return_one(x)
[11:47:25.735] [INFO] [run] subject=11, session=1, speed=3, trial=4, x__rid_x=d810a3e2e357465a: dummy_return_one(x)
[11:47:25.737] [INFO] [run] subject=11, session=1, speed=3, trial=5, x__rid_x=c913e0762ef66222: dummy_return_one(x)
[11:47:25.739] [INFO] [run] subject=11, session=1, speed=3, trial=6, x__rid_x=d4ed0764f451984e: dummy_return_one(x)
[11:47:25.743] [INFO] [run] subject=11, session=1, speed=3, trial=7, x__rid_x=745c823e7c348ea1: dummy_return_one(x)
[11:47:25.745] [INFO] [run] subject=11, session=1, speed=4, trial=1, x__rid_x=0030b72b357c6ba5: dummy_return_one(x)
[11:47:25.747] [INFO] [run] subject=11, session=1, speed=4, trial=2, x__rid_x=7ff908ffe7e1c22e: dummy_return_one(x)
[11:47:25.748] [INFO] [run] subject=11, session=1, speed=4, trial=3, x__rid_x=5603cc56587ece6b: dummy_return_one(x)
[11:47:25.749] [INFO] [run] subject=11, session=1, speed=4, trial=4, x__rid_x=e208a9b827b26a6e: dummy_return_one(x)
[11:47:25.751] [INFO] [run] subject=11, session=1, speed=4, trial=5, x__rid_x=753cd7fc4c366914: dummy_return_one(x)
[11:47:25.752] [INFO] [run] subject=11, session=1, speed=4, trial=6, x__rid_x=311ae741d8da1967: dummy_return_one(x)
[11:47:25.752] [INFO] [run] subject=11, session=1, speed=4, trial=7, x__rid_x=580c28a12d2dbd80: dummy_return_one(x)
[11:47:25.755] [INFO] [run] subject=11, session=1, speed=5, trial=1, x__rid_x=07b3c286f90f20bb: dummy_return_one(x)
[11:47:25.756] [INFO] [run] subject=11, session=1, speed=5, trial=2, x__rid_x=0aa2ff3b7d7eba26: dummy_return_one(x)
[11:47:25.759] [INFO] [run] subject=11, session=1, speed=5, trial=3, x__rid_x=2a363902a4f7610e: dummy_return_one(x)
[11:47:25.760] [INFO] [run] subject=11, session=1, speed=5, trial=4, x__rid_x=472995ad94b9b2a0: dummy_return_one(x)
[11:47:25.760] [INFO] [run] subject=11, session=1, speed=5, trial=5, x__rid_x=3d6e5b087376a297: dummy_return_one(x)
[11:47:25.762] [INFO] [run] subject=11, session=1, speed=5, trial=6, x__rid_x=a126373dd06a3b5a: dummy_return_one(x)
[11:47:25.763] [INFO] [run] subject=11, session=1, speed=5, trial=7, x__rid_x=3513bb74ee65f686: dummy_return_one(x)
[11:47:25.764] [INFO] [run] subject=11, session=1, speed=6, trial=1, x__rid_x=5bf3a00852dfc4dc: dummy_return_one(x)
[11:47:25.766] [INFO] [run] subject=11, session=1, speed=6, trial=2, x__rid_x=c97291fd8cc449bb: dummy_return_one(x)
[11:47:25.767] [INFO] [run] subject=11, session=1, speed=6, trial=3, x__rid_x=54c91359c99e7cdf: dummy_return_one(x)
[11:47:25.768] [INFO] [run] subject=11, session=1, speed=6, trial=4, x__rid_x=51703cb80fa8325d: dummy_return_one(x)
[11:47:25.771] [INFO] [run] subject=11, session=1, speed=6, trial=5, x__rid_x=c5553875452acfcc: dummy_return_one(x)
[11:47:25.774] [INFO] [run] subject=11, session=1, speed=6, trial=6, x__rid_x=980ac0a2d10a2303: dummy_return_one(x)
[11:47:25.775] [INFO] [run] subject=11, session=1, speed=6, trial=7, x__rid_x=09caee22e7295d2c: dummy_return_one(x)
[11:47:25.778] [INFO] [run] subject=11, session=1, speed=7, trial=1, x__rid_x=9f8d519675986cc7: dummy_return_one(x)
[11:47:25.779] [INFO] [run] subject=11, session=1, speed=7, trial=2, x__rid_x=82759eb5e832104b: dummy_return_one(x)
[11:47:25.780] [INFO] [run] subject=11, session=1, speed=7, trial=3, x__rid_x=19853952fb05e653: dummy_return_one(x)
[11:47:25.782] [INFO] [run] subject=11, session=1, speed=7, trial=4, x__rid_x=4416cf55d61f5c1d: dummy_return_one(x)
[11:47:25.783] [INFO] [run] subject=11, session=1, speed=7, trial=5, x__rid_x=7690767eb5629817: dummy_return_one(x)
[11:47:25.785] [INFO] [run] subject=11, session=1, speed=7, trial=6, x__rid_x=02c4152d59b2d9c4: dummy_return_one(x)
[11:47:25.786] [INFO] [run] subject=11, session=1, speed=7, trial=7, x__rid_x=dca24f8542007c37: dummy_return_one(x)
[11:47:25.787] [INFO] [run] subject=11, session=1, speed=8, trial=1, x__rid_x=64db5c489566d365: dummy_return_one(x)
[11:47:25.789] [INFO] [run] subject=11, session=1, speed=8, trial=2, x__rid_x=ea430b1f22dbd26b: dummy_return_one(x)
[11:47:25.791] [INFO] [run] subject=11, session=1, speed=8, trial=3, x__rid_x=6f50ff34276d32c8: dummy_return_one(x)
[11:47:25.793] [INFO] [run] subject=11, session=1, speed=8, trial=4, x__rid_x=22060973f2e273cd: dummy_return_one(x)
[11:47:25.794] [INFO] [run] subject=11, session=1, speed=8, trial=5, x__rid_x=1493be67d9e369ae: dummy_return_one(x)
[11:47:25.794] [INFO] [run] subject=11, session=1, speed=8, trial=6, x__rid_x=93f0f6bd8f73f993: dummy_return_one(x)
[11:47:25.797] [INFO] [run] subject=11, session=1, speed=8, trial=7, x__rid_x=e81ab13e83d2634c: dummy_return_one(x)
[11:47:25.798] [INFO] [run] subject=11, session=1, speed=9, trial=1, x__rid_x=d24d0eb394104972: dummy_return_one(x)
[11:47:25.799] [INFO] [run] subject=11, session=1, speed=9, trial=2, x__rid_x=53f9cedb33efc060: dummy_return_one(x)
[11:47:25.799] [INFO] [run] subject=11, session=1, speed=9, trial=3, x__rid_x=04786b53a62ec676: dummy_return_one(x)
[11:47:25.802] [INFO] [run] subject=11, session=1, speed=9, trial=4, x__rid_x=258009a6c638ab2f: dummy_return_one(x)
[11:47:25.806] [INFO] [run] subject=11, session=1, speed=9, trial=5, x__rid_x=6643c733a4994e98: dummy_return_one(x)
[11:47:25.807] [INFO] [run] subject=11, session=1, speed=9, trial=6, x__rid_x=310687fadc14c8c7: dummy_return_one(x)
[11:47:25.810] [INFO] [run] subject=11, session=1, speed=9, trial=7, x__rid_x=2c951be7ff9a77f2: dummy_return_one(x)
[11:47:25.814] [INFO] [run] subject=11, session=2, speed=1, trial=1, x__rid_x=baa29def43641ef4: dummy_return_one(x)
[11:47:25.818] [INFO] [run] subject=11, session=2, speed=1, trial=2, x__rid_x=7c59187eeeda97c7: dummy_return_one(x)
[11:47:25.819] [INFO] [run] subject=11, session=2, speed=1, trial=3, x__rid_x=9207dc7cbb20fbe3: dummy_return_one(x)
[11:47:25.822] [INFO] [run] subject=11, session=2, speed=1, trial=4, x__rid_x=e4e2a25b367bb4e4: dummy_return_one(x)
[11:47:25.826] [INFO] [run] subject=11, session=2, speed=1, trial=5, x__rid_x=58e2842b7a77e30d: dummy_return_one(x)
[11:47:25.830] [INFO] [run] subject=11, session=2, speed=1, trial=6, x__rid_x=970943985dc8d4e0: dummy_return_one(x)
[11:47:25.831] [INFO] [run] subject=11, session=2, speed=1, trial=7, x__rid_x=7e94f6f7eed0cfdd: dummy_return_one(x)
[11:47:25.834] [INFO] [run] subject=11, session=2, speed=10, trial=1, x__rid_x=2a153fea3088ff12: dummy_return_one(x)
[11:47:25.835] [INFO] [run] subject=11, session=2, speed=10, trial=2, x__rid_x=f78a484cc090d58e: dummy_return_one(x)
[11:47:25.838] [INFO] [run] subject=11, session=2, speed=10, trial=3, x__rid_x=ed7ea0c19b91b4a7: dummy_return_one(x)
[11:47:25.839] [INFO] [run] subject=11, session=2, speed=10, trial=4, x__rid_x=2c1cdfeb6bbbdc0b: dummy_return_one(x)
[11:47:25.842] [INFO] [run] subject=11, session=2, speed=10, trial=5, x__rid_x=ddd8cff786ffce22: dummy_return_one(x)
[11:47:25.843] [INFO] [run] subject=11, session=2, speed=10, trial=6, x__rid_x=1b40fc748b536a93: dummy_return_one(x)
[11:47:25.846] [INFO] [run] subject=11, session=2, speed=10, trial=7, x__rid_x=287f713df1a24459: dummy_return_one(x)
[11:47:25.847] [INFO] [run] subject=11, session=2, speed=2, trial=1, x__rid_x=49b2f216a479aedd: dummy_return_one(x)
[11:47:25.850] [INFO] [run] subject=11, session=2, speed=2, trial=2, x__rid_x=6e415faa1719627f: dummy_return_one(x)
[11:47:25.851] [INFO] [run] subject=11, session=2, speed=2, trial=3, x__rid_x=cf1325643e11a450: dummy_return_one(x)
[11:47:25.854] [INFO] [run] subject=11, session=2, speed=2, trial=4, x__rid_x=4873af1354175d35: dummy_return_one(x)
[11:47:25.858] [INFO] [run] subject=11, session=2, speed=2, trial=5, x__rid_x=de1793607679ba49: dummy_return_one(x)
[11:47:25.859] [INFO] [run] subject=11, session=2, speed=2, trial=6, x__rid_x=5f5ba8feb59ad4c4: dummy_return_one(x)
[11:47:25.862] [INFO] [run] subject=11, session=2, speed=2, trial=7, x__rid_x=2668679544893c38: dummy_return_one(x)
[11:47:25.865] [INFO] [run] subject=11, session=2, speed=3, trial=1, x__rid_x=ff4963553b73b03c: dummy_return_one(x)
[11:47:25.866] [INFO] [run] subject=11, session=2, speed=3, trial=2, x__rid_x=a1760f043c23801f: dummy_return_one(x)
[11:47:25.867] [INFO] [run] subject=11, session=2, speed=3, trial=3, x__rid_x=8518e3d0bcb46b28: dummy_return_one(x)
[11:47:25.870] [INFO] [run] subject=11, session=2, speed=3, trial=4, x__rid_x=5f417016e0efc434: dummy_return_one(x)
[11:47:25.871] [INFO] [run] subject=11, session=2, speed=3, trial=5, x__rid_x=db371c0db9ca1118: dummy_return_one(x)
[11:47:25.874] [INFO] [run] subject=11, session=2, speed=3, trial=6, x__rid_x=362fc12f37fe4b32: dummy_return_one(x)
[11:47:25.875] [INFO] [run] subject=11, session=2, speed=3, trial=7, x__rid_x=0d7cb6903d841f8a: dummy_return_one(x)
[11:47:25.877] [INFO] [run] subject=11, session=2, speed=4, trial=1, x__rid_x=91d2e8c971cdaf5e: dummy_return_one(x)
[11:47:25.878] [INFO] [run] subject=11, session=2, speed=4, trial=2, x__rid_x=ac06e313ba75ded9: dummy_return_one(x)
[11:47:25.881] [INFO] [run] subject=11, session=2, speed=4, trial=3, x__rid_x=b8577f38efc68c3d: dummy_return_one(x)
[11:47:25.882] [INFO] [run] subject=11, session=2, speed=4, trial=4, x__rid_x=0b1f61975b9ddc5b: dummy_return_one(x)
[11:47:25.883] [INFO] [run] subject=11, session=2, speed=4, trial=5, x__rid_x=bf6096b978ae9e3b: dummy_return_one(x)
[11:47:25.885] [INFO] [run] subject=11, session=2, speed=4, trial=6, x__rid_x=1e640ff72b2b970e: dummy_return_one(x)
[11:47:25.886] [INFO] [run] subject=11, session=2, speed=4, trial=7, x__rid_x=f0eb0e28cb1643e0: dummy_return_one(x)
[11:47:25.887] [INFO] [run] subject=11, session=2, speed=5, trial=1, x__rid_x=10050f14d6663d4c: dummy_return_one(x)
[11:47:25.889] [INFO] [run] subject=11, session=2, speed=5, trial=2, x__rid_x=3846605bff3d4074: dummy_return_one(x)
[11:47:25.890] [INFO] [run] subject=11, session=2, speed=5, trial=3, x__rid_x=1c898d299077c0e2: dummy_return_one(x)
[11:47:25.891] [INFO] [run] subject=11, session=2, speed=5, trial=4, x__rid_x=f21f006439118a85: dummy_return_one(x)
[11:47:25.893] [INFO] [run] subject=11, session=2, speed=5, trial=5, x__rid_x=0c24c51d04d14d65: dummy_return_one(x)
[11:47:25.894] [INFO] [run] subject=11, session=2, speed=5, trial=6, x__rid_x=b7a125168780eddf: dummy_return_one(x)
[11:47:25.894] [INFO] [run] subject=11, session=2, speed=5, trial=7, x__rid_x=c14d6a89f532bafd: dummy_return_one(x)
[11:47:25.897] [INFO] [run] subject=11, session=2, speed=6, trial=1, x__rid_x=35db7a34a010f3ff: dummy_return_one(x)
[11:47:25.897] [INFO] [run] subject=11, session=2, speed=6, trial=2, x__rid_x=6214922fd9f6e493: dummy_return_one(x)
[11:47:25.898] [INFO] [run] subject=11, session=2, speed=6, trial=3, x__rid_x=067036ffedb327cd: dummy_return_one(x)
[11:47:25.901] [INFO] [run] subject=11, session=2, speed=6, trial=4, x__rid_x=f3f80181918b7f6b: dummy_return_one(x)
[11:47:25.902] [INFO] [run] subject=11, session=2, speed=6, trial=5, x__rid_x=df4ca2ae0ba6bb19: dummy_return_one(x)
[11:47:25.905] [INFO] [run] subject=11, session=2, speed=6, trial=6, x__rid_x=f2df6f40628a3295: dummy_return_one(x)
[11:47:25.906] [INFO] [run] subject=11, session=2, speed=6, trial=7, x__rid_x=8db6b1c1922f1646: dummy_return_one(x)
[11:47:25.908] [INFO] [run] subject=11, session=2, speed=7, trial=1, x__rid_x=d1ec4676826ce656: dummy_return_one(x)
[11:47:25.909] [INFO] [run] subject=11, session=2, speed=7, trial=2, x__rid_x=e1970dbc2ceb14f3: dummy_return_one(x)
[11:47:25.910] [INFO] [run] subject=11, session=2, speed=7, trial=3, x__rid_x=c2c52a4ec40cfd89: dummy_return_one(x)
[11:47:25.912] [INFO] [run] subject=11, session=2, speed=7, trial=4, x__rid_x=0b1404229d3381ff: dummy_return_one(x)
[11:47:25.913] [INFO] [run] subject=11, session=2, speed=7, trial=5, x__rid_x=e7196898c64a9f85: dummy_return_one(x)
[11:47:25.914] [INFO] [run] subject=11, session=2, speed=7, trial=6, x__rid_x=0966d25132eecd6b: dummy_return_one(x)
[11:47:25.916] [INFO] [run] subject=11, session=2, speed=7, trial=7, x__rid_x=b5c8b16a10fb63d3: dummy_return_one(x)
[11:47:25.917] [INFO] [run] subject=11, session=2, speed=8, trial=1, x__rid_x=dea0a1fb769cbf62: dummy_return_one(x)
[11:47:25.917] [INFO] [run] subject=11, session=2, speed=8, trial=2, x__rid_x=58405bc5e8e40ca5: dummy_return_one(x)
[11:47:25.920] [INFO] [run] subject=11, session=2, speed=8, trial=3, x__rid_x=ddbf4bd0d0292208: dummy_return_one(x)
[11:47:25.921] [INFO] [run] subject=11, session=2, speed=8, trial=4, x__rid_x=7b5c1818020f8eec: dummy_return_one(x)
[11:47:25.921] [INFO] [run] subject=11, session=2, speed=8, trial=5, x__rid_x=28bd034d0af1275e: dummy_return_one(x)
[11:47:25.924] [INFO] [run] subject=11, session=2, speed=8, trial=6, x__rid_x=a3d15c71ccc9f3d7: dummy_return_one(x)
[11:47:25.925] [INFO] [run] subject=11, session=2, speed=8, trial=7, x__rid_x=731435a9d9a4dad2: dummy_return_one(x)
[11:47:25.928] [INFO] [run] subject=11, session=2, speed=9, trial=1, x__rid_x=e02a702eeff2611a: dummy_return_one(x)
[11:47:25.929] [INFO] [run] subject=11, session=2, speed=9, trial=2, x__rid_x=ed7da68b020ea4e1: dummy_return_one(x)
[11:47:25.929] [INFO] [run] subject=11, session=2, speed=9, trial=3, x__rid_x=f0a69c88d667a978: dummy_return_one(x)
[11:47:25.932] [INFO] [run] subject=11, session=2, speed=9, trial=4, x__rid_x=6b0478ae3d406c03: dummy_return_one(x)
[11:47:25.933] [INFO] [run] subject=11, session=2, speed=9, trial=5, x__rid_x=c71e49618c756f8a: dummy_return_one(x)
[11:47:25.937] [INFO] [run] subject=11, session=2, speed=9, trial=6, x__rid_x=a428d882ba692f91: dummy_return_one(x)
[11:47:25.943] [INFO] [run] subject=11, session=2, speed=9, trial=7, x__rid_x=5e556394c79f1900: dummy_return_one(x)
[11:47:25.946] [INFO] [run] subject=11, session=3, speed=1, trial=1, x__rid_x=b27e8d20f6e40817: dummy_return_one(x)
[11:47:25.948] [INFO] [run] subject=11, session=3, speed=1, trial=2, x__rid_x=054b2e423d8949a8: dummy_return_one(x)
[11:47:25.950] [INFO] [run] subject=11, session=3, speed=1, trial=3, x__rid_x=88fc7d936d6764a7: dummy_return_one(x)
[11:47:25.954] [INFO] [run] subject=11, session=3, speed=1, trial=4, x__rid_x=dd88a26cc255f070: dummy_return_one(x)
[11:47:25.958] [INFO] [run] subject=11, session=3, speed=1, trial=5, x__rid_x=d7198695e05d87b1: dummy_return_one(x)
[11:47:25.962] [INFO] [run] subject=11, session=3, speed=1, trial=6, x__rid_x=523807f35b5bd244: dummy_return_one(x)
[11:47:25.963] [INFO] [run] subject=11, session=3, speed=1, trial=7, x__rid_x=6a0bd69c53215364: dummy_return_one(x)
[11:47:25.963] [INFO] [run] subject=11, session=3, speed=10, trial=1, x__rid_x=2411c031381b61e2: dummy_return_one(x)
[11:47:25.966] [INFO] [run] subject=11, session=3, speed=10, trial=2, x__rid_x=c45d9c0df8aca191: dummy_return_one(x)
[11:47:25.967] [INFO] [run] subject=11, session=3, speed=10, trial=3, x__rid_x=47781191c67ed361: dummy_return_one(x)
[11:47:25.967] [INFO] [run] subject=11, session=3, speed=10, trial=4, x__rid_x=6c054b79a8594124: dummy_return_one(x)
[11:47:25.970] [INFO] [run] subject=11, session=3, speed=10, trial=5, x__rid_x=047e834526297549: dummy_return_one(x)
[11:47:25.971] [INFO] [run] subject=11, session=3, speed=10, trial=6, x__rid_x=3fd1a5860cb282cf: dummy_return_one(x)
[11:47:25.974] [INFO] [run] subject=11, session=3, speed=10, trial=7, x__rid_x=8899fe87a3a0b8a1: dummy_return_one(x)
[11:47:25.975] [INFO] [run] subject=11, session=3, speed=2, trial=1, x__rid_x=5a9c64c103f67e53: dummy_return_one(x)
[11:47:25.977] [INFO] [run] subject=11, session=3, speed=2, trial=2, x__rid_x=74ae8dedf3813ed6: dummy_return_one(x)
[11:47:25.978] [INFO] [run] subject=11, session=3, speed=2, trial=3, x__rid_x=5a001555435a6fc0: dummy_return_one(x)
[11:47:25.979] [INFO] [run] subject=11, session=3, speed=2, trial=4, x__rid_x=df5b3d279644f704: dummy_return_one(x)
[11:47:25.981] [INFO] [run] subject=11, session=3, speed=2, trial=5, x__rid_x=71e1471fdf5aa5fb: dummy_return_one(x)
[11:47:25.982] [INFO] [run] subject=11, session=3, speed=2, trial=6, x__rid_x=3bf4cab4ac47af03: dummy_return_one(x)
[11:47:25.983] [INFO] [run] subject=11, session=3, speed=2, trial=7, x__rid_x=224cda0beb4be61c: dummy_return_one(x)
[11:47:25.985] [INFO] [run] subject=11, session=3, speed=3, trial=1, x__rid_x=73a73e2eb28c65ae: dummy_return_one(x)
[11:47:25.986] [INFO] [run] subject=11, session=3, speed=3, trial=2, x__rid_x=cfa9512101d1f10c: dummy_return_one(x)
[11:47:25.986] [INFO] [run] subject=11, session=3, speed=3, trial=3, x__rid_x=0361a8a8c97260e1: dummy_return_one(x)
[11:47:25.989] [INFO] [run] subject=11, session=3, speed=3, trial=4, x__rid_x=4fa2932cc593ad03: dummy_return_one(x)
[11:47:25.990] [INFO] [run] subject=11, session=3, speed=3, trial=5, x__rid_x=b730ebb08716f18c: dummy_return_one(x)
[11:47:25.993] [INFO] [run] subject=11, session=3, speed=3, trial=6, x__rid_x=ec2fd9a0e6d03a9c: dummy_return_one(x)
[11:47:25.995] [INFO] [run] subject=11, session=3, speed=3, trial=7, x__rid_x=3b9e0d22f6272602: dummy_return_one(x)
[11:47:25.998] [INFO] [run] subject=11, session=3, speed=4, trial=1, x__rid_x=5dd7279dc9ad24ec: dummy_return_one(x)
[11:47:26.002] [INFO] [run] subject=11, session=3, speed=4, trial=2, x__rid_x=3112fe17a2b9a7d0: dummy_return_one(x)
[11:47:26.003] [INFO] [run] subject=11, session=3, speed=4, trial=3, x__rid_x=61e82242a28a441a: dummy_return_one(x)
[11:47:26.005] [INFO] [run] subject=11, session=3, speed=4, trial=4, x__rid_x=acf608b6e37cc592: dummy_return_one(x)
[11:47:26.007] [INFO] [run] subject=11, session=3, speed=4, trial=5, x__rid_x=b58fc5b077a70982: dummy_return_one(x)
[11:47:26.010] [INFO] [run] subject=11, session=3, speed=4, trial=6, x__rid_x=bafc4df6a326e1d2: dummy_return_one(x)
[11:47:26.010] [INFO] [run] subject=11, session=3, speed=4, trial=7, x__rid_x=87da2ad5fc989d64: dummy_return_one(x)
[11:47:26.011] [INFO] [run] subject=11, session=3, speed=5, trial=1, x__rid_x=c683b09540704c15: dummy_return_one(x)
[11:47:26.014] [INFO] [run] subject=11, session=3, speed=5, trial=2, x__rid_x=8d028226b66dd2c4: dummy_return_one(x)
[11:47:26.018] [INFO] [run] subject=11, session=3, speed=5, trial=3, x__rid_x=70d52f5b79277427: dummy_return_one(x)
[11:47:26.019] [INFO] [run] subject=11, session=3, speed=5, trial=4, x__rid_x=46dfa0247a5ca3fa: dummy_return_one(x)
[11:47:26.020] [INFO] [run] subject=11, session=3, speed=5, trial=5, x__rid_x=18cbef2890e20d02: dummy_return_one(x)
[11:47:26.022] [INFO] [run] subject=11, session=3, speed=5, trial=6, x__rid_x=c8218eb573e11864: dummy_return_one(x)
[11:47:26.026] [INFO] [run] subject=11, session=3, speed=5, trial=7, x__rid_x=53e2952c5d29dbf0: dummy_return_one(x)
[11:47:26.030] [INFO] [run] subject=11, session=3, speed=6, trial=1, x__rid_x=9847e071b5037334: dummy_return_one(x)
[11:47:26.032] [INFO] [run] subject=11, session=3, speed=6, trial=2, x__rid_x=833fb32cfd9a25ef: dummy_return_one(x)
[11:47:26.036] [INFO] [run] subject=11, session=3, speed=6, trial=3, x__rid_x=f0e745578efd88f8: dummy_return_one(x)
[11:47:26.040] [INFO] [run] subject=11, session=3, speed=6, trial=4, x__rid_x=fc01ca21b5069fc2: dummy_return_one(x)
[11:47:26.044] [INFO] [run] subject=11, session=3, speed=6, trial=5, x__rid_x=5bdcb5e2bdf59a5e: dummy_return_one(x)
[11:47:26.048] [INFO] [run] subject=11, session=3, speed=6, trial=6, x__rid_x=0b0853d7b5861d00: dummy_return_one(x)
[11:47:26.050] [INFO] [run] subject=11, session=3, speed=6, trial=7, x__rid_x=ad9cf310474266b1: dummy_return_one(x)
[11:47:26.052] [INFO] [run] subject=11, session=3, speed=7, trial=1, x__rid_x=b5ed298e4a0de664: dummy_return_one(x)
[11:47:26.056] [INFO] [run] subject=11, session=3, speed=7, trial=2, x__rid_x=9812d7c0881432d9: dummy_return_one(x)
[11:47:26.062] [INFO] [run] subject=11, session=3, speed=7, trial=3, x__rid_x=7ca8b622ec01b69c: dummy_return_one(x)
[11:47:26.066] [INFO] [run] subject=11, session=3, speed=7, trial=4, x__rid_x=0566ea5e4f60d595: dummy_return_one(x)
[11:47:26.074] [INFO] [run] subject=11, session=3, speed=7, trial=5, x__rid_x=9534eed8daa01cfc: dummy_return_one(x)
[11:47:26.079] [INFO] [run] subject=11, session=3, speed=7, trial=6, x__rid_x=f493a1d46c294407: dummy_return_one(x)
[11:47:26.080] [INFO] [run] subject=11, session=3, speed=7, trial=7, x__rid_x=044900062e89c513: dummy_return_one(x)
[11:47:26.083] [INFO] [run] subject=11, session=3, speed=8, trial=1, x__rid_x=75a078c78dce9f5d: dummy_return_one(x)
[11:47:26.087] [INFO] [run] subject=11, session=3, speed=8, trial=2, x__rid_x=e646a4507a277c1c: dummy_return_one(x)
[11:47:26.088] [INFO] [run] subject=11, session=3, speed=8, trial=3, x__rid_x=4e4b4211b78763ab: dummy_return_one(x)
[11:47:26.091] [INFO] [run] subject=11, session=3, speed=8, trial=4, x__rid_x=55bc64ff751271d0: dummy_return_one(x)
[11:47:26.095] [INFO] [run] subject=11, session=3, speed=8, trial=5, x__rid_x=137584f81c859619: dummy_return_one(x)
[11:47:26.099] [INFO] [run] subject=11, session=3, speed=8, trial=6, x__rid_x=036fec817b274b91: dummy_return_one(x)
[11:47:26.103] [INFO] [run] subject=11, session=3, speed=8, trial=7, x__rid_x=ef5f576be1474872: dummy_return_one(x)
[11:47:26.109] [INFO] [run] subject=11, session=3, speed=9, trial=1, x__rid_x=70cd6cb8a8d61422: dummy_return_one(x)
[11:47:26.111] [INFO] [run] subject=11, session=3, speed=9, trial=2, x__rid_x=809fd46441bc65e0: dummy_return_one(x)
[11:47:26.117] [INFO] [run] subject=11, session=3, speed=9, trial=3, x__rid_x=dd4fec87d8d41a49: dummy_return_one(x)
[11:47:26.121] [INFO] [run] subject=11, session=3, speed=9, trial=4, x__rid_x=d72c07c7bd9a4e9f: dummy_return_one(x)
[11:47:26.126] [INFO] [run] subject=11, session=3, speed=9, trial=5, x__rid_x=5cf53035082497ae: dummy_return_one(x)
[11:47:26.127] [INFO] [run] subject=11, session=3, speed=9, trial=6, x__rid_x=e0707f8fa35e5846: dummy_return_one(x)
[11:47:26.130] [INFO] [run] subject=11, session=3, speed=9, trial=7, x__rid_x=ecd8058870202d50: dummy_return_one(x)
[11:47:26.133] [INFO] [run] subject=11, session=4, speed=1, trial=1, x__rid_x=63820a287dbc3c03: dummy_return_one(x)
[11:47:26.136] [INFO] [run] subject=11, session=4, speed=1, trial=2, x__rid_x=642f6ee1d827c1bc: dummy_return_one(x)
[11:47:26.137] [INFO] [run] subject=11, session=4, speed=1, trial=3, x__rid_x=795f42ec3c95e675: dummy_return_one(x)
[11:47:26.141] [INFO] [run] subject=11, session=4, speed=1, trial=4, x__rid_x=c0fbea4d20c8d52d: dummy_return_one(x)
[11:47:26.142] [INFO] [run] subject=11, session=4, speed=1, trial=5, x__rid_x=87c66f68c95029ec: dummy_return_one(x)
[11:47:26.145] [INFO] [run] subject=11, session=4, speed=1, trial=6, x__rid_x=f4da3d57aa2fbbc8: dummy_return_one(x)
[11:47:26.149] [INFO] [run] subject=11, session=4, speed=1, trial=7, x__rid_x=94806c4e0b07eb78: dummy_return_one(x)
[11:47:26.153] [INFO] [run] subject=11, session=4, speed=10, trial=1, x__rid_x=57da2a4915c7f34c: dummy_return_one(x)
[11:47:26.156] [INFO] [run] subject=11, session=4, speed=10, trial=2, x__rid_x=ad0e1ca65d53c96e: dummy_return_one(x)
[11:47:26.159] [INFO] [run] subject=11, session=4, speed=10, trial=3, x__rid_x=d09b749a58aa3579: dummy_return_one(x)
[11:47:26.161] [INFO] [run] subject=11, session=4, speed=10, trial=4, x__rid_x=8de2e931f3137344: dummy_return_one(x)
[11:47:26.163] [INFO] [run] subject=11, session=4, speed=10, trial=5, x__rid_x=9db464b605140542: dummy_return_one(x)
[11:47:26.167] [INFO] [run] subject=11, session=4, speed=10, trial=6, x__rid_x=dd5cc37f31437f1f: dummy_return_one(x)
[11:47:26.171] [INFO] [run] subject=11, session=4, speed=10, trial=7, x__rid_x=eff20c3e41dfdb86: dummy_return_one(x)
[11:47:26.178] [INFO] [run] subject=11, session=4, speed=2, trial=1, x__rid_x=d8ad6974000d53c1: dummy_return_one(x)
[11:47:26.181] [INFO] [run] subject=11, session=4, speed=2, trial=2, x__rid_x=1996f72a81e388e9: dummy_return_one(x)
[11:47:26.185] [INFO] [run] subject=11, session=4, speed=2, trial=3, x__rid_x=aa69da3da4b20980: dummy_return_one(x)
[11:47:26.188] [INFO] [run] subject=11, session=4, speed=2, trial=4, x__rid_x=ac691191afb9b701: dummy_return_one(x)
[11:47:26.194] [INFO] [run] subject=11, session=4, speed=2, trial=5, x__rid_x=fd5a69533c9b90e7: dummy_return_one(x)
[11:47:26.198] [INFO] [run] subject=11, session=4, speed=2, trial=6, x__rid_x=e9d20c5216da18bf: dummy_return_one(x)
[11:47:26.203] [INFO] [run] subject=11, session=4, speed=2, trial=7, x__rid_x=2a1b88ff673163f7: dummy_return_one(x)
[11:47:26.208] [INFO] [run] subject=11, session=4, speed=3, trial=1, x__rid_x=48807dc70b48afea: dummy_return_one(x)
[11:47:26.212] [INFO] [run] subject=11, session=4, speed=3, trial=2, x__rid_x=c06e060155f370b0: dummy_return_one(x)
[11:47:26.213] [INFO] [run] subject=11, session=4, speed=3, trial=3, x__rid_x=3254a686fe704f8d: dummy_return_one(x)
[11:47:26.216] [INFO] [run] subject=11, session=4, speed=3, trial=4, x__rid_x=bec38bb4ec82a787: dummy_return_one(x)
[11:47:26.217] [INFO] [run] subject=11, session=4, speed=3, trial=5, x__rid_x=f72913a180183a4e: dummy_return_one(x)
[11:47:26.220] [INFO] [run] subject=11, session=4, speed=3, trial=6, x__rid_x=10c98d2cac3c316b: dummy_return_one(x)
[11:47:26.221] [INFO] [run] subject=11, session=4, speed=3, trial=7, x__rid_x=afefa36a7ab52c10: dummy_return_one(x)
[11:47:26.222] [INFO] [run] subject=11, session=4, speed=4, trial=1, x__rid_x=bf9fcda4c8034506: dummy_return_one(x)
[11:47:26.224] [INFO] [run] subject=11, session=4, speed=4, trial=2, x__rid_x=32982bde4db84a05: dummy_return_one(x)
[11:47:26.228] [INFO] [run] subject=11, session=4, speed=4, trial=3, x__rid_x=33749416cab427b3: dummy_return_one(x)
[11:47:26.230] [INFO] [run] subject=11, session=4, speed=4, trial=4, x__rid_x=466a4e95bd2d06ef: dummy_return_one(x)
[11:47:26.232] [INFO] [run] subject=11, session=4, speed=4, trial=5, x__rid_x=7c0c83501ce12ed9: dummy_return_one(x)
[11:47:26.233] [INFO] [run] subject=11, session=4, speed=4, trial=6, x__rid_x=1d23d95b0ea65204: dummy_return_one(x)
[11:47:26.234] [INFO] [run] subject=11, session=4, speed=4, trial=7, x__rid_x=97a9761e2d80f2eb: dummy_return_one(x)
[11:47:26.236] [INFO] [run] subject=11, session=4, speed=5, trial=1, x__rid_x=b85c705e8c9087a5: dummy_return_one(x)
[11:47:26.241] [INFO] [run] subject=11, session=4, speed=5, trial=2, x__rid_x=34c64a604121b459: dummy_return_one(x)
[11:47:26.245] [INFO] [run] subject=11, session=4, speed=5, trial=3, x__rid_x=3636a85aa52642a7: dummy_return_one(x)
[11:47:26.246] [INFO] [run] subject=11, session=4, speed=5, trial=4, x__rid_x=d2f3daae552abfee: dummy_return_one(x)
[11:47:26.247] [INFO] [run] subject=11, session=4, speed=5, trial=5, x__rid_x=e2861a2318f597a5: dummy_return_one(x)
[11:47:26.249] [INFO] [run] subject=11, session=4, speed=5, trial=6, x__rid_x=11e5145f171899a0: dummy_return_one(x)
[11:47:26.250] [INFO] [run] subject=11, session=4, speed=5, trial=7, x__rid_x=682badcec650aa61: dummy_return_one(x)
[11:47:26.251] [INFO] [run] subject=11, session=4, speed=6, trial=1, x__rid_x=22998bef02add383: dummy_return_one(x)
[11:47:26.253] [INFO] [run] subject=11, session=4, speed=6, trial=2, x__rid_x=fe0809917785fd73: dummy_return_one(x)
[11:47:26.254] [INFO] [run] subject=11, session=4, speed=6, trial=3, x__rid_x=8743e0db34beff0c: dummy_return_one(x)
[11:47:26.255] [INFO] [run] subject=11, session=4, speed=6, trial=4, x__rid_x=e60aebc8eee35bd1: dummy_return_one(x)
[11:47:26.257] [INFO] [run] subject=11, session=4, speed=6, trial=5, x__rid_x=079374bce2863ebb: dummy_return_one(x)
[11:47:26.258] [INFO] [run] subject=11, session=4, speed=6, trial=6, x__rid_x=598e13c56fcd0c93: dummy_return_one(x)
[11:47:26.262] [INFO] [run] subject=11, session=4, speed=6, trial=7, x__rid_x=124139711f086354: dummy_return_one(x)
[11:47:26.262] [INFO] [run] subject=11, session=4, speed=7, trial=1, x__rid_x=bd07bc4e2e6a0ecd: dummy_return_one(x)
[11:47:26.263] [INFO] [run] subject=11, session=4, speed=7, trial=2, x__rid_x=1c634be7102305f4: dummy_return_one(x)
[11:47:26.266] [INFO] [run] subject=11, session=4, speed=7, trial=3, x__rid_x=272a67f09a33165a: dummy_return_one(x)
[11:47:26.266] [INFO] [run] subject=11, session=4, speed=7, trial=4, x__rid_x=e3aa5d213d8f5ac1: dummy_return_one(x)
[11:47:26.267] [INFO] [run] subject=11, session=4, speed=7, trial=5, x__rid_x=6f3d617b7eff032b: dummy_return_one(x)
[11:47:26.270] [INFO] [run] subject=11, session=4, speed=7, trial=6, x__rid_x=f42b3aa5364009a0: dummy_return_one(x)
[11:47:26.270] [INFO] [run] subject=11, session=4, speed=7, trial=7, x__rid_x=a189d2dbdb45cc1e: dummy_return_one(x)
[11:47:26.271] [INFO] [run] subject=11, session=4, speed=8, trial=1, x__rid_x=7825bd1378f017ed: dummy_return_one(x)
[11:47:26.274] [INFO] [run] subject=11, session=4, speed=8, trial=2, x__rid_x=9a8e5bb974088369: dummy_return_one(x)
[11:47:26.275] [INFO] [run] subject=11, session=4, speed=8, trial=3, x__rid_x=3d873a026a9b21ef: dummy_return_one(x)
[11:47:26.278] [INFO] [run] subject=11, session=4, speed=8, trial=4, x__rid_x=3fb71ddf035f8dee: dummy_return_one(x)
[11:47:26.279] [INFO] [run] subject=11, session=4, speed=8, trial=5, x__rid_x=5ce63cc566e27b44: dummy_return_one(x)
[11:47:26.279] [INFO] [run] subject=11, session=4, speed=8, trial=6, x__rid_x=96b9dfcbb78c7ce5: dummy_return_one(x)
[11:47:26.282] [INFO] [run] subject=11, session=4, speed=8, trial=7, x__rid_x=936d1a6f03bcd47f: dummy_return_one(x)
[11:47:26.283] [INFO] [run] subject=11, session=4, speed=9, trial=1, x__rid_x=0d60e15a3e2c2b36: dummy_return_one(x)
[11:47:26.283] [INFO] [run] subject=11, session=4, speed=9, trial=2, x__rid_x=c6dd0f9b61dc6a74: dummy_return_one(x)
[11:47:26.286] [INFO] [run] subject=11, session=4, speed=9, trial=3, x__rid_x=8a1ebcd8f0d755a3: dummy_return_one(x)
[11:47:26.287] [INFO] [run] subject=11, session=4, speed=9, trial=4, x__rid_x=41f4dba83102b319: dummy_return_one(x)
[11:47:26.288] [INFO] [run] subject=11, session=4, speed=9, trial=5, x__rid_x=fbe006338443bef8: dummy_return_one(x)
[11:47:26.290] [INFO] [run] subject=11, session=4, speed=9, trial=6, x__rid_x=e2ff4e6201c35870: dummy_return_one(x)
[11:47:26.291] [INFO] [run] subject=11, session=4, speed=9, trial=7, x__rid_x=f9af39fdb74c1894: dummy_return_one(x)
[11:47:26.295] [INFO] [run] subject=11, session=5, speed=1, trial=1, x__rid_x=a0ba8a6a58fc8bb5: dummy_return_one(x)
[11:47:26.296] [INFO] [run] subject=11, session=5, speed=1, trial=2, x__rid_x=6989de5bb5dcefd1: dummy_return_one(x)
[11:47:26.299] [INFO] [run] subject=11, session=5, speed=1, trial=3, x__rid_x=b0d7e20c39fa0f04: dummy_return_one(x)
[11:47:26.299] [INFO] [run] subject=11, session=5, speed=1, trial=4, x__rid_x=292be8fe43ba7232: dummy_return_one(x)
[11:47:26.300] [INFO] [run] subject=11, session=5, speed=1, trial=5, x__rid_x=e43939858cb341d9: dummy_return_one(x)
[11:47:26.303] [INFO] [run] subject=11, session=5, speed=1, trial=6, x__rid_x=33ab7f69b539b531: dummy_return_one(x)
[11:47:26.303] [INFO] [run] subject=11, session=5, speed=1, trial=7, x__rid_x=484731263069ef84: dummy_return_one(x)
[11:47:26.304] [INFO] [run] subject=11, session=5, speed=10, trial=1, x__rid_x=85d436aca8efdec3: dummy_return_one(x)
[11:47:26.307] [INFO] [run] subject=11, session=5, speed=10, trial=2, x__rid_x=e4f4a11933bf3312: dummy_return_one(x)
[11:47:26.308] [INFO] [run] subject=11, session=5, speed=10, trial=3, x__rid_x=ef8474b2ab417e56: dummy_return_one(x)
[11:47:26.308] [INFO] [run] subject=11, session=5, speed=10, trial=4, x__rid_x=e8d12435595a5684: dummy_return_one(x)
[11:47:26.311] [INFO] [run] subject=11, session=5, speed=10, trial=5, x__rid_x=a327ffc0815e7779: dummy_return_one(x)
[11:47:26.312] [INFO] [run] subject=11, session=5, speed=10, trial=6, x__rid_x=eb74833a8209041f: dummy_return_one(x)
[11:47:26.313] [INFO] [run] subject=11, session=5, speed=10, trial=7, x__rid_x=c8041ae8e872020c: dummy_return_one(x)
[11:47:26.315] [INFO] [run] subject=11, session=5, speed=2, trial=1, x__rid_x=185b4a4de80cd4e5: dummy_return_one(x)
[11:47:26.316] [INFO] [run] subject=11, session=5, speed=2, trial=2, x__rid_x=aba1aa5cfe57a222: dummy_return_one(x)
[11:47:26.316] [INFO] [run] subject=11, session=5, speed=2, trial=3, x__rid_x=cf1187042ed79c98: dummy_return_one(x)
[11:47:26.319] [INFO] [run] subject=11, session=5, speed=2, trial=4, x__rid_x=99bc3291d1a5ca03: dummy_return_one(x)
[11:47:26.320] [INFO] [run] subject=11, session=5, speed=2, trial=5, x__rid_x=9f0c933cce10bd97: dummy_return_one(x)
[11:47:26.321] [INFO] [run] subject=11, session=5, speed=2, trial=6, x__rid_x=01916dfe0062ff99: dummy_return_one(x)
[11:47:26.324] [INFO] [run] subject=11, session=5, speed=2, trial=7, x__rid_x=78e4dd32ea3c9cf5: dummy_return_one(x)
[11:47:26.325] [INFO] [run] subject=11, session=5, speed=3, trial=1, x__rid_x=91e4b88dd1dc9c29: dummy_return_one(x)
[11:47:26.328] [INFO] [run] subject=11, session=5, speed=3, trial=2, x__rid_x=6811353cfcb6dfbc: dummy_return_one(x)
[11:47:26.333] [INFO] [run] subject=11, session=5, speed=3, trial=3, x__rid_x=2eee7ff3260d6e12: dummy_return_one(x)
[11:47:26.337] [INFO] [run] subject=11, session=5, speed=3, trial=4, x__rid_x=63e1dd952e737ff9: dummy_return_one(x)
[11:47:26.341] [INFO] [run] subject=11, session=5, speed=3, trial=5, x__rid_x=6ce597fa0c272280: dummy_return_one(x)
[11:47:26.342] [INFO] [run] subject=11, session=5, speed=3, trial=6, x__rid_x=a6b3bd1d72ae98be: dummy_return_one(x)
[11:47:26.345] [INFO] [run] subject=11, session=5, speed=3, trial=7, x__rid_x=b977662eda75f3fa: dummy_return_one(x)
[11:47:26.347] [INFO] [run] subject=11, session=5, speed=4, trial=1, x__rid_x=3148c316d6d34cc7: dummy_return_one(x)
[11:47:26.349] [INFO] [run] subject=11, session=5, speed=4, trial=2, x__rid_x=c2e095d8b9c67cd2: dummy_return_one(x)
[11:47:26.350] [INFO] [run] subject=11, session=5, speed=4, trial=3, x__rid_x=85e82eb0e5c085d0: dummy_return_one(x)
[11:47:26.351] [INFO] [run] subject=11, session=5, speed=4, trial=4, x__rid_x=1540cd492a4c134c: dummy_return_one(x)
[11:47:26.354] [INFO] [run] subject=11, session=5, speed=4, trial=5, x__rid_x=09f94b4eb0262c15: dummy_return_one(x)
[11:47:26.355] [INFO] [run] subject=11, session=5, speed=4, trial=6, x__rid_x=6f13a9121d477259: dummy_return_one(x)
[11:47:26.356] [INFO] [run] subject=11, session=5, speed=4, trial=7, x__rid_x=d63c33a8b4fa96fd: dummy_return_one(x)
[11:47:26.359] [INFO] [run] subject=11, session=5, speed=5, trial=1, x__rid_x=8e76482a81141edd: dummy_return_one(x)
[11:47:26.360] [INFO] [run] subject=11, session=5, speed=5, trial=2, x__rid_x=3db497b6c7143229: dummy_return_one(x)
[11:47:26.363] [INFO] [run] subject=11, session=5, speed=5, trial=3, x__rid_x=ccd4e201973555e2: dummy_return_one(x)
[11:47:26.364] [INFO] [run] subject=11, session=5, speed=5, trial=4, x__rid_x=6d91986b4430c59b: dummy_return_one(x)
[11:47:26.364] [INFO] [run] subject=11, session=5, speed=5, trial=5, x__rid_x=1b4a12790790ba3c: dummy_return_one(x)
[11:47:26.367] [INFO] [run] subject=11, session=5, speed=5, trial=6, x__rid_x=4623078d623674d1: dummy_return_one(x)
[11:47:26.368] [INFO] [run] subject=11, session=5, speed=5, trial=7, x__rid_x=c3aa3ff607669685: dummy_return_one(x)
[11:47:26.368] [INFO] [run] subject=11, session=5, speed=6, trial=1, x__rid_x=25af6de437b1d6a7: dummy_return_one(x)
[11:47:26.371] [INFO] [run] subject=11, session=5, speed=6, trial=2, x__rid_x=1045ea563c12211f: dummy_return_one(x)
[11:47:26.372] [INFO] [run] subject=11, session=5, speed=6, trial=3, x__rid_x=8838b278b9e44beb: dummy_return_one(x)
[11:47:26.373] [INFO] [run] subject=11, session=5, speed=6, trial=4, x__rid_x=a2a82505bb5dac19: dummy_return_one(x)
[11:47:26.375] [INFO] [run] subject=11, session=5, speed=6, trial=5, x__rid_x=cada2edd2ad422bb: dummy_return_one(x)
[11:47:26.376] [INFO] [run] subject=11, session=5, speed=6, trial=6, x__rid_x=3c0d734775280af0: dummy_return_one(x)
[11:47:26.377] [INFO] [run] subject=11, session=5, speed=6, trial=7, x__rid_x=25adbb4db6755211: dummy_return_one(x)
[11:47:26.380] [INFO] [run] subject=11, session=5, speed=7, trial=1, x__rid_x=d1b5e17e3f15f908: dummy_return_one(x)
[11:47:26.380] [INFO] [run] subject=11, session=5, speed=7, trial=2, x__rid_x=030913aceee0bd7e: dummy_return_one(x)
[11:47:26.381] [INFO] [run] subject=11, session=5, speed=7, trial=3, x__rid_x=c6cc99412e10bce1: dummy_return_one(x)
[11:47:26.384] [INFO] [run] subject=11, session=5, speed=7, trial=4, x__rid_x=d0ff2b762ae5a9eb: dummy_return_one(x)
[11:47:26.384] [INFO] [run] subject=11, session=5, speed=7, trial=5, x__rid_x=2778b240e7764c10: dummy_return_one(x)
[11:47:26.385] [INFO] [run] subject=11, session=5, speed=7, trial=6, x__rid_x=372874c928ea64e6: dummy_return_one(x)
[11:47:26.388] [INFO] [run] subject=11, session=5, speed=7, trial=7, x__rid_x=2a5ff5014feabf85: dummy_return_one(x)
[11:47:26.389] [INFO] [run] subject=11, session=5, speed=8, trial=1, x__rid_x=8c9254868df81cee: dummy_return_one(x)
[11:47:26.390] [INFO] [run] subject=11, session=5, speed=8, trial=2, x__rid_x=f3017e96e42ebe69: dummy_return_one(x)
[11:47:26.392] [INFO] [run] subject=11, session=5, speed=8, trial=3, x__rid_x=458302c568bd7cc3: dummy_return_one(x)
[11:47:26.393] [INFO] [run] subject=11, session=5, speed=8, trial=4, x__rid_x=8d99c3f5f071716f: dummy_return_one(x)
[11:47:26.394] [INFO] [run] subject=11, session=5, speed=8, trial=5, x__rid_x=2fa48b4289662068: dummy_return_one(x)
[11:47:26.397] [INFO] [run] subject=11, session=5, speed=8, trial=6, x__rid_x=73f14b8ad24f7314: dummy_return_one(x)
[11:47:26.398] [INFO] [run] subject=11, session=5, speed=8, trial=7, x__rid_x=663fd2f060ebe932: dummy_return_one(x)
[11:47:26.401] [INFO] [run] subject=11, session=5, speed=9, trial=1, x__rid_x=f1c14d15923bf8c2: dummy_return_one(x)
[11:47:26.402] [INFO] [run] subject=11, session=5, speed=9, trial=2, x__rid_x=d649e8008680e22b: dummy_return_one(x)
[11:47:26.406] [INFO] [run] subject=11, session=5, speed=9, trial=3, x__rid_x=e5584619e73efc5f: dummy_return_one(x)
[11:47:26.407] [INFO] [run] subject=11, session=5, speed=9, trial=4, x__rid_x=8bfcdf6aa487ea5f: dummy_return_one(x)
[11:47:26.410] [INFO] [run] subject=11, session=5, speed=9, trial=5, x__rid_x=076687ec69ffc6e5: dummy_return_one(x)
[11:47:26.414] [INFO] [run] subject=11, session=5, speed=9, trial=6, x__rid_x=1e50034ead2957cb: dummy_return_one(x)
[11:47:26.416] [INFO] [run] subject=11, session=5, speed=9, trial=7, x__rid_x=e745df59bbf4386e: dummy_return_one(x)
[11:47:26.419] [INFO] [run] subject=12, session=1, speed=1, trial=1, x__rid_x=fbe1342db08081b6: dummy_return_one(x)
[11:47:26.420] [INFO] [run] subject=12, session=1, speed=1, trial=2, x__rid_x=edc896b86a2523be: dummy_return_one(x)
[11:47:26.423] [INFO] [run] subject=12, session=1, speed=1, trial=3, x__rid_x=92217c13b50946fe: dummy_return_one(x)
[11:47:26.428] [INFO] [run] subject=12, session=1, speed=1, trial=4, x__rid_x=147610110b17cad2: dummy_return_one(x)
[11:47:26.429] [INFO] [run] subject=12, session=1, speed=1, trial=5, x__rid_x=b2a292ee3571104b: dummy_return_one(x)
[11:47:26.433] [INFO] [run] subject=12, session=1, speed=1, trial=6, x__rid_x=cb9fbd1001411de4: dummy_return_one(x)
[11:47:26.434] [INFO] [run] subject=12, session=1, speed=1, trial=7, x__rid_x=60b5c5d30f7119df: dummy_return_one(x)
[11:47:26.437] [INFO] [run] subject=12, session=1, speed=10, trial=1, x__rid_x=69d69806c72c6902: dummy_return_one(x)
[11:47:26.438] [INFO] [run] subject=12, session=1, speed=10, trial=2, x__rid_x=7cb80eacdd26e72d: dummy_return_one(x)
[11:47:26.439] [INFO] [run] subject=12, session=1, speed=10, trial=3, x__rid_x=fac2661f5b28099c: dummy_return_one(x)
[11:47:26.442] [INFO] [run] subject=12, session=1, speed=10, trial=4, x__rid_x=2f052f84f5179cb1: dummy_return_one(x)
[11:47:26.443] [INFO] [run] subject=12, session=1, speed=10, trial=5, x__rid_x=6b0be86f3d4130e5: dummy_return_one(x)
[11:47:26.443] [INFO] [run] subject=12, session=1, speed=10, trial=6, x__rid_x=846576bbe68582e3: dummy_return_one(x)
[11:47:26.446] [INFO] [run] subject=12, session=1, speed=10, trial=7, x__rid_x=9a948f55759d9ca5: dummy_return_one(x)
[11:47:26.447] [INFO] [run] subject=12, session=1, speed=2, trial=1, x__rid_x=630e222daf3ad4c7: dummy_return_one(x)
[11:47:26.447] [INFO] [run] subject=12, session=1, speed=2, trial=2, x__rid_x=9f42854e8287d9cb: dummy_return_one(x)
[11:47:26.450] [INFO] [run] subject=12, session=1, speed=2, trial=3, x__rid_x=ad1ea6cd64f55422: dummy_return_one(x)
[11:47:26.451] [INFO] [run] subject=12, session=1, speed=2, trial=4, x__rid_x=c23072df4335e30a: dummy_return_one(x)
[11:47:26.451] [INFO] [run] subject=12, session=1, speed=2, trial=5, x__rid_x=caca41a0addc49d3: dummy_return_one(x)
[11:47:26.454] [INFO] [run] subject=12, session=1, speed=2, trial=6, x__rid_x=ac30520d03981e7c: dummy_return_one(x)
[11:47:26.455] [INFO] [run] subject=12, session=1, speed=2, trial=7, x__rid_x=5e67e4fea8bd5329: dummy_return_one(x)
[11:47:26.456] [INFO] [run] subject=12, session=1, speed=3, trial=1, x__rid_x=3b2cfa89ab39471d: dummy_return_one(x)
[11:47:26.458] [INFO] [run] subject=12, session=1, speed=3, trial=2, x__rid_x=b2012a3379ac1af5: dummy_return_one(x)
[11:47:26.459] [INFO] [run] subject=12, session=1, speed=3, trial=3, x__rid_x=91a52df4708f2cc2: dummy_return_one(x)
[11:47:26.460] [INFO] [run] subject=12, session=1, speed=3, trial=4, x__rid_x=0a8f48cbcf8f053a: dummy_return_one(x)
[11:47:26.463] [INFO] [run] subject=12, session=1, speed=3, trial=5, x__rid_x=565410331b1f7527: dummy_return_one(x)
[11:47:26.463] [INFO] [run] subject=12, session=1, speed=3, trial=6, x__rid_x=197283d516c2cee7: dummy_return_one(x)
[11:47:26.464] [INFO] [run] subject=12, session=1, speed=3, trial=7, x__rid_x=52167a18ebb5f838: dummy_return_one(x)
[11:47:26.467] [INFO] [run] subject=12, session=1, speed=4, trial=1, x__rid_x=de91ee15003811ac: dummy_return_one(x)
[11:47:26.468] [INFO] [run] subject=12, session=1, speed=4, trial=2, x__rid_x=23aba6bc28f68b9a: dummy_return_one(x)
[11:47:26.468] [INFO] [run] subject=12, session=1, speed=4, trial=3, x__rid_x=05a57f196b67cb51: dummy_return_one(x)
[11:47:26.471] [INFO] [run] subject=12, session=1, speed=4, trial=4, x__rid_x=856f1c6172636730: dummy_return_one(x)
[11:47:26.472] [INFO] [run] subject=12, session=1, speed=4, trial=5, x__rid_x=318422406c146867: dummy_return_one(x)
[11:47:26.473] [INFO] [run] subject=12, session=1, speed=4, trial=6, x__rid_x=30c947630004660d: dummy_return_one(x)
[11:47:26.475] [INFO] [run] subject=12, session=1, speed=4, trial=7, x__rid_x=687a93dd9289f3f5: dummy_return_one(x)
[11:47:26.476] [INFO] [run] subject=12, session=1, speed=5, trial=1, x__rid_x=685f5e1590cf1b10: dummy_return_one(x)
[11:47:26.477] [INFO] [run] subject=12, session=1, speed=5, trial=2, x__rid_x=048a891d461b6337: dummy_return_one(x)
[11:47:26.480] [INFO] [run] subject=12, session=1, speed=5, trial=3, x__rid_x=79d73b72f6e520c8: dummy_return_one(x)
[11:47:26.480] [INFO] [run] subject=12, session=1, speed=5, trial=4, x__rid_x=b8657075e64b2a12: dummy_return_one(x)
[11:47:26.481] [INFO] [run] subject=12, session=1, speed=5, trial=5, x__rid_x=e1ae06416f489248: dummy_return_one(x)
[11:47:26.484] [INFO] [run] subject=12, session=1, speed=5, trial=6, x__rid_x=c8433b3ac06f86e2: dummy_return_one(x)
[11:47:26.484] [INFO] [run] subject=12, session=1, speed=5, trial=7, x__rid_x=fca9afa514ca3bb9: dummy_return_one(x)
[11:47:26.485] [INFO] [run] subject=12, session=1, speed=6, trial=1, x__rid_x=cadde7925805395d: dummy_return_one(x)
[11:47:26.488] [INFO] [run] subject=12, session=1, speed=6, trial=2, x__rid_x=28cbcdfd5bd309fa: dummy_return_one(x)
[11:47:26.489] [INFO] [run] subject=12, session=1, speed=6, trial=3, x__rid_x=99f16b6738511f38: dummy_return_one(x)
[11:47:26.490] [INFO] [run] subject=12, session=1, speed=6, trial=4, x__rid_x=e64a9522498b02c5: dummy_return_one(x)
[11:47:26.492] [INFO] [run] subject=12, session=1, speed=6, trial=5, x__rid_x=a5665fd258b70ecf: dummy_return_one(x)
[11:47:26.493] [INFO] [run] subject=12, session=1, speed=6, trial=6, x__rid_x=88fb64f7735b2593: dummy_return_one(x)
[11:47:26.494] [INFO] [run] subject=12, session=1, speed=6, trial=7, x__rid_x=5ae4cef09530fd96: dummy_return_one(x)
[11:47:26.497] [INFO] [run] subject=12, session=1, speed=7, trial=1, x__rid_x=3761f95b098ae21c: dummy_return_one(x)
[11:47:26.497] [INFO] [run] subject=12, session=1, speed=7, trial=2, x__rid_x=ccdff4a25884b00c: dummy_return_one(x)
[11:47:26.498] [INFO] [run] subject=12, session=1, speed=7, trial=3, x__rid_x=8ec7b77d17cc2458: dummy_return_one(x)
[11:47:26.501] [INFO] [run] subject=12, session=1, speed=7, trial=4, x__rid_x=bac5360696573b1f: dummy_return_one(x)
[11:47:26.501] [INFO] [run] subject=12, session=1, speed=7, trial=5, x__rid_x=730badf0c79ac871: dummy_return_one(x)
[11:47:26.502] [INFO] [run] subject=12, session=1, speed=7, trial=6, x__rid_x=e529422373812b79: dummy_return_one(x)
[11:47:26.503] [INFO] [run] subject=12, session=1, speed=7, trial=7, x__rid_x=bef1ae1b0d33c9b5: dummy_return_one(x)
[11:47:26.505] [INFO] [run] subject=12, session=1, speed=8, trial=1, x__rid_x=1b465b9edf36d896: dummy_return_one(x)
[11:47:26.506] [INFO] [run] subject=12, session=1, speed=8, trial=2, x__rid_x=221c93d22d689af3: dummy_return_one(x)
[11:47:26.507] [INFO] [run] subject=12, session=1, speed=8, trial=3, x__rid_x=cd4a7deac5acee7c: dummy_return_one(x)
[11:47:26.510] [INFO] [run] subject=12, session=1, speed=8, trial=4, x__rid_x=dad094e8a69d425e: dummy_return_one(x)
[11:47:26.510] [INFO] [run] subject=12, session=1, speed=8, trial=5, x__rid_x=414b9926dc5d1c84: dummy_return_one(x)
[11:47:26.511] [INFO] [run] subject=12, session=1, speed=8, trial=6, x__rid_x=2e8a0615fe8bc00e: dummy_return_one(x)
[11:47:26.514] [INFO] [run] subject=12, session=1, speed=8, trial=7, x__rid_x=4bb4a9ecd771fc13: dummy_return_one(x)
[11:47:26.515] [INFO] [run] subject=12, session=1, speed=9, trial=1, x__rid_x=112b9e21ce46fdee: dummy_return_one(x)
[11:47:26.515] [INFO] [run] subject=12, session=1, speed=9, trial=2, x__rid_x=b91648efc9a31e07: dummy_return_one(x)
[11:47:26.518] [INFO] [run] subject=12, session=1, speed=9, trial=3, x__rid_x=ba158dbbe3a7eef6: dummy_return_one(x)
[11:47:26.519] [INFO] [run] subject=12, session=1, speed=9, trial=4, x__rid_x=4a48202dc5adf370: dummy_return_one(x)
[11:47:26.519] [INFO] [run] subject=12, session=1, speed=9, trial=5, x__rid_x=b9d227b3ee1d7bcb: dummy_return_one(x)
[11:47:26.523] [INFO] [run] subject=12, session=1, speed=9, trial=6, x__rid_x=21c7e29f53ac2eb4: dummy_return_one(x)
[11:47:26.524] [INFO] [run] subject=12, session=1, speed=9, trial=7, x__rid_x=0b2928b5cca93d07: dummy_return_one(x)
[11:47:26.524] [INFO] [run] subject=12, session=2, speed=1, trial=1, x__rid_x=4a3a133f2405c448: dummy_return_one(x)
[11:47:26.527] [INFO] [run] subject=12, session=2, speed=1, trial=2, x__rid_x=30f0f39eb34f5702: dummy_return_one(x)
[11:47:26.527] [INFO] [run] subject=12, session=2, speed=1, trial=3, x__rid_x=eabe40daee2242c5: dummy_return_one(x)
[11:47:26.528] [INFO] [run] subject=12, session=2, speed=1, trial=4, x__rid_x=2335d53dd4c013fa: dummy_return_one(x)
[11:47:26.531] [INFO] [run] subject=12, session=2, speed=1, trial=5, x__rid_x=7208e68745c3140e: dummy_return_one(x)
[11:47:26.532] [INFO] [run] subject=12, session=2, speed=1, trial=6, x__rid_x=1bea0ef0dd51de5d: dummy_return_one(x)
[11:47:26.532] [INFO] [run] subject=12, session=2, speed=1, trial=7, x__rid_x=ba00bf25c454e402: dummy_return_one(x)
[11:47:26.535] [INFO] [run] subject=12, session=2, speed=10, trial=1, x__rid_x=7896643e6a521555: dummy_return_one(x)
[11:47:26.536] [INFO] [run] subject=12, session=2, speed=10, trial=2, x__rid_x=c2af7e4e864efdf6: dummy_return_one(x)
[11:47:26.540] [INFO] [run] subject=12, session=2, speed=10, trial=3, x__rid_x=a228aa4cd7c5f46f: dummy_return_one(x)
[11:47:26.541] [INFO] [run] subject=12, session=2, speed=10, trial=4, x__rid_x=c964ff98bf80d049: dummy_return_one(x)
[11:47:26.541] [INFO] [run] subject=12, session=2, speed=10, trial=5, x__rid_x=258ead2f111ac900: dummy_return_one(x)
[11:47:26.544] [INFO] [run] subject=12, session=2, speed=10, trial=6, x__rid_x=5a4c33a259885d01: dummy_return_one(x)
[11:47:26.545] [INFO] [run] subject=12, session=2, speed=10, trial=7, x__rid_x=cbe02d8dea35b24f: dummy_return_one(x)
[11:47:26.545] [INFO] [run] subject=12, session=2, speed=2, trial=1, x__rid_x=264bc7047116e269: dummy_return_one(x)
[11:47:26.548] [INFO] [run] subject=12, session=2, speed=2, trial=2, x__rid_x=c16e4197994695fb: dummy_return_one(x)
[11:47:26.549] [INFO] [run] subject=12, session=2, speed=2, trial=3, x__rid_x=d09a1570813ce48d: dummy_return_one(x)
[11:47:26.550] [INFO] [run] subject=12, session=2, speed=2, trial=4, x__rid_x=73be20e107726437: dummy_return_one(x)
[11:47:26.553] [INFO] [run] subject=12, session=2, speed=2, trial=5, x__rid_x=4df2c31d3380ff9d: dummy_return_one(x)
[11:47:26.553] [INFO] [run] subject=12, session=2, speed=2, trial=6, x__rid_x=35f2d2bd96bf4151: dummy_return_one(x)
[11:47:26.554] [INFO] [run] subject=12, session=2, speed=2, trial=7, x__rid_x=4df63d973a98df26: dummy_return_one(x)
[11:47:26.557] [INFO] [run] subject=12, session=2, speed=3, trial=1, x__rid_x=48c3cbaa8396904c: dummy_return_one(x)
[11:47:26.558] [INFO] [run] subject=12, session=2, speed=3, trial=2, x__rid_x=a3e54c2220865996: dummy_return_one(x)
[11:47:26.561] [INFO] [run] subject=12, session=2, speed=3, trial=3, x__rid_x=65a8f932c9b882e9: dummy_return_one(x)
[11:47:26.562] [INFO] [run] subject=12, session=2, speed=3, trial=4, x__rid_x=cedcf44734eb4e12: dummy_return_one(x)
[11:47:26.563] [INFO] [run] subject=12, session=2, speed=3, trial=5, x__rid_x=8d9f48c5cc9bdcda: dummy_return_one(x)
[11:47:26.566] [INFO] [run] subject=12, session=2, speed=3, trial=6, x__rid_x=ff1ea29a9f75adea: dummy_return_one(x)
[11:47:26.566] [INFO] [run] subject=12, session=2, speed=3, trial=7, x__rid_x=63c7df8fc1f285dc: dummy_return_one(x)
[11:47:26.567] [INFO] [run] subject=12, session=2, speed=4, trial=1, x__rid_x=c870661fbcaab7b4: dummy_return_one(x)
[11:47:26.570] [INFO] [run] subject=12, session=2, speed=4, trial=2, x__rid_x=225f8d9fd6ac0c91: dummy_return_one(x)
[11:47:26.571] [INFO] [run] subject=12, session=2, speed=4, trial=3, x__rid_x=19e44fea7d7641bf: dummy_return_one(x)
[11:47:26.571] [INFO] [run] subject=12, session=2, speed=4, trial=4, x__rid_x=4717af458da6ec19: dummy_return_one(x)
[11:47:26.574] [INFO] [run] subject=12, session=2, speed=4, trial=5, x__rid_x=a8dbca34ec712568: dummy_return_one(x)
[11:47:26.575] [INFO] [run] subject=12, session=2, speed=4, trial=6, x__rid_x=25c2315ab86a7eb2: dummy_return_one(x)
[11:47:26.576] [INFO] [run] subject=12, session=2, speed=4, trial=7, x__rid_x=be809f32d77363d4: dummy_return_one(x)
[11:47:26.579] [INFO] [run] subject=12, session=2, speed=5, trial=1, x__rid_x=013ac84e0e719962: dummy_return_one(x)
[11:47:26.580] [INFO] [run] subject=12, session=2, speed=5, trial=2, x__rid_x=52e8f7faae9b734a: dummy_return_one(x)
[11:47:26.580] [INFO] [run] subject=12, session=2, speed=5, trial=3, x__rid_x=226988e1fbb3e062: dummy_return_one(x)
[11:47:26.583] [INFO] [run] subject=12, session=2, speed=5, trial=4, x__rid_x=af4122bc5ead0746: dummy_return_one(x)
[11:47:26.584] [INFO] [run] subject=12, session=2, speed=5, trial=5, x__rid_x=995c2ca87332e76f: dummy_return_one(x)
[11:47:26.585] [INFO] [run] subject=12, session=2, speed=5, trial=6, x__rid_x=d5e9da51e9d96178: dummy_return_one(x)
[11:47:26.587] [INFO] [run] subject=12, session=2, speed=5, trial=7, x__rid_x=f3b19a70131192d5: dummy_return_one(x)
[11:47:26.588] [INFO] [run] subject=12, session=2, speed=6, trial=1, x__rid_x=3b7bafaa67fbd6db: dummy_return_one(x)
[11:47:26.589] [INFO] [run] subject=12, session=2, speed=6, trial=2, x__rid_x=2b9973da6f56d5a0: dummy_return_one(x)
[11:47:26.592] [INFO] [run] subject=12, session=2, speed=6, trial=3, x__rid_x=f6ac21abd6ebb319: dummy_return_one(x)
[11:47:26.593] [INFO] [run] subject=12, session=2, speed=6, trial=4, x__rid_x=6131aa4d8c0c5b7d: dummy_return_one(x)
[11:47:26.596] [INFO] [run] subject=12, session=2, speed=6, trial=5, x__rid_x=b7ba6fe1c99f23bd: dummy_return_one(x)
[11:47:26.597] [INFO] [run] subject=12, session=2, speed=6, trial=6, x__rid_x=bacb0149a455568f: dummy_return_one(x)
[11:47:26.598] [INFO] [run] subject=12, session=2, speed=6, trial=7, x__rid_x=9be8519d7e2b8939: dummy_return_one(x)
[11:47:26.600] [INFO] [run] subject=12, session=2, speed=7, trial=1, x__rid_x=e8d2c9f4f747cde8: dummy_return_one(x)
[11:47:26.601] [INFO] [run] subject=12, session=2, speed=7, trial=2, x__rid_x=a878daf46878b8da: dummy_return_one(x)
[11:47:26.602] [INFO] [run] subject=12, session=2, speed=7, trial=3, x__rid_x=6e91f790f6dcf098: dummy_return_one(x)
[11:47:26.605] [INFO] [run] subject=12, session=2, speed=7, trial=4, x__rid_x=dabe92c27fbd79f6: dummy_return_one(x)
[11:47:26.605] [INFO] [run] subject=12, session=2, speed=7, trial=5, x__rid_x=d051f03de6a0344c: dummy_return_one(x)
[11:47:26.606] [INFO] [run] subject=12, session=2, speed=7, trial=6, x__rid_x=9e5543f096e60e10: dummy_return_one(x)
[11:47:26.609] [INFO] [run] subject=12, session=2, speed=7, trial=7, x__rid_x=2e55c4a8b101d2cf: dummy_return_one(x)
[11:47:26.610] [INFO] [run] subject=12, session=2, speed=8, trial=1, x__rid_x=8413bb2f95f48d1f: dummy_return_one(x)
[11:47:26.611] [INFO] [run] subject=12, session=2, speed=8, trial=2, x__rid_x=2a453b8e2c903069: dummy_return_one(x)
[11:47:26.613] [INFO] [run] subject=12, session=2, speed=8, trial=3, x__rid_x=34aeb2e3ee742241: dummy_return_one(x)
[11:47:26.614] [INFO] [run] subject=12, session=2, speed=8, trial=4, x__rid_x=a48918a51da108e0: dummy_return_one(x)
[11:47:26.615] [INFO] [run] subject=12, session=2, speed=8, trial=5, x__rid_x=fb919a976412c65f: dummy_return_one(x)
[11:47:26.618] [INFO] [run] subject=12, session=2, speed=8, trial=6, x__rid_x=5e89d542fa21836c: dummy_return_one(x)
[11:47:26.618] [INFO] [run] subject=12, session=2, speed=8, trial=7, x__rid_x=995acc635089d2a0: dummy_return_one(x)
[11:47:26.619] [INFO] [run] subject=12, session=2, speed=9, trial=1, x__rid_x=24708d12308a3417: dummy_return_one(x)
[11:47:26.622] [INFO] [run] subject=12, session=2, speed=9, trial=2, x__rid_x=d9e457527b9a724a: dummy_return_one(x)
[11:47:26.623] [INFO] [run] subject=12, session=2, speed=9, trial=3, x__rid_x=e195a8737534f8e4: dummy_return_one(x)
[11:47:26.624] [INFO] [run] subject=12, session=2, speed=9, trial=4, x__rid_x=ba80299dcf7904b5: dummy_return_one(x)
[11:47:26.627] [INFO] [run] subject=12, session=2, speed=9, trial=5, x__rid_x=87eee23a238edc92: dummy_return_one(x)
[11:47:26.627] [INFO] [run] subject=12, session=2, speed=9, trial=6, x__rid_x=40fedb0ce57c1301: dummy_return_one(x)
[11:47:26.628] [INFO] [run] subject=12, session=2, speed=9, trial=7, x__rid_x=a037d0da4ad3106e: dummy_return_one(x)
[11:47:26.631] [INFO] [run] subject=12, session=3, speed=1, trial=1, x__rid_x=ca8d3dbde04f54c9: dummy_return_one(x)
[11:47:26.632] [INFO] [run] subject=12, session=3, speed=1, trial=2, x__rid_x=e64f1a38c4d88f74: dummy_return_one(x)
[11:47:26.632] [INFO] [run] subject=12, session=3, speed=1, trial=3, x__rid_x=6aba6014d9af4c9b: dummy_return_one(x)
[11:47:26.635] [INFO] [run] subject=12, session=3, speed=1, trial=4, x__rid_x=8acd1d8e07bacaa5: dummy_return_one(x)
[11:47:26.636] [INFO] [run] subject=12, session=3, speed=1, trial=5, x__rid_x=793dcb8d52519a87: dummy_return_one(x)
[11:47:26.637] [INFO] [run] subject=12, session=3, speed=1, trial=6, x__rid_x=26e1b8e45c0887a8: dummy_return_one(x)
[11:47:26.640] [INFO] [run] subject=12, session=3, speed=1, trial=7, x__rid_x=020749d1de282601: dummy_return_one(x)
[11:47:26.641] [INFO] [run] subject=12, session=3, speed=10, trial=1, x__rid_x=2177a7408aff58bc: dummy_return_one(x)
[11:47:26.644] [INFO] [run] subject=12, session=3, speed=10, trial=2, x__rid_x=44e822ad5d66aa30: dummy_return_one(x)
[11:47:26.645] [INFO] [run] subject=12, session=3, speed=10, trial=3, x__rid_x=20f1e9ed5e97b506: dummy_return_one(x)
[11:47:26.645] [INFO] [run] subject=12, session=3, speed=10, trial=4, x__rid_x=e1413d601dee1a3c: dummy_return_one(x)
[11:47:26.648] [INFO] [run] subject=12, session=3, speed=10, trial=5, x__rid_x=1234007b9cb4ba75: dummy_return_one(x)
[11:47:26.649] [INFO] [run] subject=12, session=3, speed=10, trial=6, x__rid_x=51c9d36c27a82f8f: dummy_return_one(x)
[11:47:26.650] [INFO] [run] subject=12, session=3, speed=10, trial=7, x__rid_x=9933e1799d4b2d46: dummy_return_one(x)
[11:47:26.653] [INFO] [run] subject=12, session=3, speed=2, trial=1, x__rid_x=1b9332fa4970ce4a: dummy_return_one(x)
[11:47:26.653] [INFO] [run] subject=12, session=3, speed=2, trial=2, x__rid_x=3285ff57c109dbe1: dummy_return_one(x)
[11:47:26.654] [INFO] [run] subject=12, session=3, speed=2, trial=3, x__rid_x=8261e1032ef96f0a: dummy_return_one(x)
[11:47:26.657] [INFO] [run] subject=12, session=3, speed=2, trial=4, x__rid_x=2b80637b2d8f0533: dummy_return_one(x)
[11:47:26.658] [INFO] [run] subject=12, session=3, speed=2, trial=5, x__rid_x=12c33e92599c70a9: dummy_return_one(x)
[11:47:26.659] [INFO] [run] subject=12, session=3, speed=2, trial=6, x__rid_x=c8610005cc2cf680: dummy_return_one(x)
[11:47:26.662] [INFO] [run] subject=12, session=3, speed=2, trial=7, x__rid_x=134e0e4ed44f27ae: dummy_return_one(x)
[11:47:26.662] [INFO] [run] subject=12, session=3, speed=3, trial=1, x__rid_x=136a61ccd32a53e0: dummy_return_one(x)
[11:47:26.663] [INFO] [run] subject=12, session=3, speed=3, trial=2, x__rid_x=934a32c2e8354702: dummy_return_one(x)
[11:47:26.666] [INFO] [run] subject=12, session=3, speed=3, trial=3, x__rid_x=8ab66695579f47d6: dummy_return_one(x)
[11:47:26.667] [INFO] [run] subject=12, session=3, speed=3, trial=4, x__rid_x=9aa12583d023d5b0: dummy_return_one(x)
[11:47:26.667] [INFO] [run] subject=12, session=3, speed=3, trial=5, x__rid_x=902998915fa85464: dummy_return_one(x)
[11:47:26.670] [INFO] [run] subject=12, session=3, speed=3, trial=6, x__rid_x=21d929edb41f8aeb: dummy_return_one(x)
[11:47:26.671] [INFO] [run] subject=12, session=3, speed=3, trial=7, x__rid_x=feb4386e7ec75251: dummy_return_one(x)
[11:47:26.672] [INFO] [run] subject=12, session=3, speed=4, trial=1, x__rid_x=f320deabe2fd8b5f: dummy_return_one(x)
[11:47:26.675] [INFO] [run] subject=12, session=3, speed=4, trial=2, x__rid_x=3acdfd2c6a4b1c9d: dummy_return_one(x)
[11:47:26.676] [INFO] [run] subject=12, session=3, speed=4, trial=3, x__rid_x=bdf80412ac389460: dummy_return_one(x)
[11:47:26.677] [INFO] [run] subject=12, session=3, speed=4, trial=4, x__rid_x=a937dc14c0e80a1d: dummy_return_one(x)
[11:47:26.679] [INFO] [run] subject=12, session=3, speed=4, trial=5, x__rid_x=f48ba2fddcf947c9: dummy_return_one(x)
[11:47:26.680] [INFO] [run] subject=12, session=3, speed=4, trial=6, x__rid_x=75b81c8770246e56: dummy_return_one(x)
[11:47:26.681] [INFO] [run] subject=12, session=3, speed=4, trial=7, x__rid_x=8f350eeda14c5808: dummy_return_one(x)
[11:47:26.684] [INFO] [run] subject=12, session=3, speed=5, trial=1, x__rid_x=cab6c43c5401508d: dummy_return_one(x)
[11:47:26.684] [INFO] [run] subject=12, session=3, speed=5, trial=2, x__rid_x=839c4a714522ef24: dummy_return_one(x)
[11:47:26.685] [INFO] [run] subject=12, session=3, speed=5, trial=3, x__rid_x=5aa160104d230ec5: dummy_return_one(x)
[11:47:26.688] [INFO] [run] subject=12, session=3, speed=5, trial=4, x__rid_x=429c8aea077516fa: dummy_return_one(x)
[11:47:26.689] [INFO] [run] subject=12, session=3, speed=5, trial=5, x__rid_x=982f9bbcafbeb573: dummy_return_one(x)
[11:47:26.690] [INFO] [run] subject=12, session=3, speed=5, trial=6, x__rid_x=972dee70d0b698f8: dummy_return_one(x)
[11:47:26.693] [INFO] [run] subject=12, session=3, speed=5, trial=7, x__rid_x=f8f3f1da464100e0: dummy_return_one(x)
[11:47:26.693] [INFO] [run] subject=12, session=3, speed=6, trial=1, x__rid_x=7e167a9294b6da60: dummy_return_one(x)
[11:47:26.694] [INFO] [run] subject=12, session=3, speed=6, trial=2, x__rid_x=9cdb0282c49b0fe0: dummy_return_one(x)
[11:47:26.697] [INFO] [run] subject=12, session=3, speed=6, trial=3, x__rid_x=28edf7c4410d6a1b: dummy_return_one(x)
[11:47:26.698] [INFO] [run] subject=12, session=3, speed=6, trial=4, x__rid_x=0c709dc77b45391e: dummy_return_one(x)
[11:47:26.698] [INFO] [run] subject=12, session=3, speed=6, trial=5, x__rid_x=db46e7ee32e77faf: dummy_return_one(x)
[11:47:26.702] [INFO] [run] subject=12, session=3, speed=6, trial=6, x__rid_x=452126be13f9eb75: dummy_return_one(x)
[11:47:26.703] [INFO] [run] subject=12, session=3, speed=6, trial=7, x__rid_x=1bf1c2f7a6864c4a: dummy_return_one(x)
[11:47:26.704] [INFO] [run] subject=12, session=3, speed=7, trial=1, x__rid_x=ae6bba8e078f8d22: dummy_return_one(x)
[11:47:26.707] [INFO] [run] subject=12, session=3, speed=7, trial=2, x__rid_x=503ddce5f4260e90: dummy_return_one(x)
[11:47:26.708] [INFO] [run] subject=12, session=3, speed=7, trial=3, x__rid_x=c29a403cecfa0260: dummy_return_one(x)
[11:47:26.711] [INFO] [run] subject=12, session=3, speed=7, trial=4, x__rid_x=2da8da4b93202810: dummy_return_one(x)
[11:47:26.712] [INFO] [run] subject=12, session=3, speed=7, trial=5, x__rid_x=d7fa4302db8ed7f6: dummy_return_one(x)
[11:47:26.713] [INFO] [run] subject=12, session=3, speed=7, trial=6, x__rid_x=88c3ed485a6e9116: dummy_return_one(x)
[11:47:26.716] [INFO] [run] subject=12, session=3, speed=7, trial=7, x__rid_x=36bf63d0c6532d7b: dummy_return_one(x)
[11:47:26.716] [INFO] [run] subject=12, session=3, speed=8, trial=1, x__rid_x=ecf3a006f0924073: dummy_return_one(x)
[11:47:26.717] [INFO] [run] subject=12, session=3, speed=8, trial=2, x__rid_x=1dffc079cff60983: dummy_return_one(x)
[11:47:26.720] [INFO] [run] subject=12, session=3, speed=8, trial=3, x__rid_x=121239dc80564ca0: dummy_return_one(x)
[11:47:26.721] [INFO] [run] subject=12, session=3, speed=8, trial=4, x__rid_x=d1fe315ca79f4767: dummy_return_one(x)
[11:47:26.722] [INFO] [run] subject=12, session=3, speed=8, trial=5, x__rid_x=16220c25f30f4b0f: dummy_return_one(x)
[11:47:26.725] [INFO] [run] subject=12, session=3, speed=8, trial=6, x__rid_x=e38f7ba2405e8634: dummy_return_one(x)
[11:47:26.726] [INFO] [run] subject=12, session=3, speed=8, trial=7, x__rid_x=f300636c6eaa50fd: dummy_return_one(x)
[11:47:26.727] [INFO] [run] subject=12, session=3, speed=9, trial=1, x__rid_x=001765d2b62f2abc: dummy_return_one(x)
[11:47:26.729] [INFO] [run] subject=12, session=3, speed=9, trial=2, x__rid_x=4849d2e04706389a: dummy_return_one(x)
[11:47:26.730] [INFO] [run] subject=12, session=3, speed=9, trial=3, x__rid_x=2ea2c979f4ff40a8: dummy_return_one(x)
[11:47:26.731] [INFO] [run] subject=12, session=3, speed=9, trial=4, x__rid_x=cabd48d70fd0b26c: dummy_return_one(x)
[11:47:26.734] [INFO] [run] subject=12, session=3, speed=9, trial=5, x__rid_x=fe6c4af9748d8e65: dummy_return_one(x)
[11:47:26.734] [INFO] [run] subject=12, session=3, speed=9, trial=6, x__rid_x=12e4a036981cd41d: dummy_return_one(x)
[11:47:26.735] [INFO] [run] subject=12, session=3, speed=9, trial=7, x__rid_x=b66cec02ab6d861f: dummy_return_one(x)
[11:47:26.738] [INFO] [run] subject=12, session=4, speed=1, trial=1, x__rid_x=b0bcf84b4c0c8ad5: dummy_return_one(x)
[11:47:26.739] [INFO] [run] subject=12, session=4, speed=1, trial=2, x__rid_x=fe469863da62e5cf: dummy_return_one(x)
[11:47:26.743] [INFO] [run] subject=12, session=4, speed=1, trial=3, x__rid_x=9a8aa255254101a9: dummy_return_one(x)
[11:47:26.743] [INFO] [run] subject=12, session=4, speed=1, trial=4, x__rid_x=c80ff41b8bf8482e: dummy_return_one(x)
[11:47:26.744] [INFO] [run] subject=12, session=4, speed=1, trial=5, x__rid_x=1ab085ad201269af: dummy_return_one(x)
[11:47:26.747] [INFO] [run] subject=12, session=4, speed=1, trial=6, x__rid_x=f610866a2ae5816e: dummy_return_one(x)
[11:47:26.748] [INFO] [run] subject=12, session=4, speed=1, trial=7, x__rid_x=adfd1a5a4fbff1e3: dummy_return_one(x)
[11:47:26.749] [INFO] [run] subject=12, session=4, speed=10, trial=1, x__rid_x=ad044854b99a6427: dummy_return_one(x)
[11:47:26.752] [INFO] [run] subject=12, session=4, speed=10, trial=2, x__rid_x=84cca9bee0480ac9: dummy_return_one(x)
[11:47:26.752] [INFO] [run] subject=12, session=4, speed=10, trial=3, x__rid_x=e73ac879cfae4f62: dummy_return_one(x)
[11:47:26.753] [INFO] [run] subject=12, session=4, speed=10, trial=4, x__rid_x=797ad8a7be206e3b: dummy_return_one(x)
[11:47:26.756] [INFO] [run] subject=12, session=4, speed=10, trial=5, x__rid_x=fa3fdc361fa58427: dummy_return_one(x)
[11:47:26.757] [INFO] [run] subject=12, session=4, speed=10, trial=6, x__rid_x=b7a5471cda73e360: dummy_return_one(x)
[11:47:26.761] [INFO] [run] subject=12, session=4, speed=10, trial=7, x__rid_x=8916da9a045abc00: dummy_return_one(x)
[11:47:26.761] [INFO] [run] subject=12, session=4, speed=2, trial=1, x__rid_x=d9160c56decae610: dummy_return_one(x)
[11:47:26.762] [INFO] [run] subject=12, session=4, speed=2, trial=2, x__rid_x=4901d4809e5e1a1d: dummy_return_one(x)
[11:47:26.765] [INFO] [run] subject=12, session=4, speed=2, trial=3, x__rid_x=89a9befe3e0af778: dummy_return_one(x)
[11:47:26.766] [INFO] [run] subject=12, session=4, speed=2, trial=4, x__rid_x=eca0f5d1cea1b4ae: dummy_return_one(x)
[11:47:26.766] [INFO] [run] subject=12, session=4, speed=2, trial=5, x__rid_x=db9155a9343e3a6d: dummy_return_one(x)
[11:47:26.770] [INFO] [run] subject=12, session=4, speed=2, trial=6, x__rid_x=6b6e2bba2f224b6f: dummy_return_one(x)
[11:47:26.770] [INFO] [run] subject=12, session=4, speed=2, trial=7, x__rid_x=f36793f4e9e58e5a: dummy_return_one(x)
[11:47:26.771] [INFO] [run] subject=12, session=4, speed=3, trial=1, x__rid_x=69f7947a17e52a5a: dummy_return_one(x)
[11:47:26.774] [INFO] [run] subject=12, session=4, speed=3, trial=2, x__rid_x=09dba6501dee884e: dummy_return_one(x)
[11:47:26.775] [INFO] [run] subject=12, session=4, speed=3, trial=3, x__rid_x=c349a0553018df43: dummy_return_one(x)
[11:47:26.779] [INFO] [run] subject=12, session=4, speed=3, trial=4, x__rid_x=626651590197bcfb: dummy_return_one(x)
[11:47:26.779] [INFO] [run] subject=12, session=4, speed=3, trial=5, x__rid_x=86cb535f51c5c5f3: dummy_return_one(x)
[11:47:26.780] [INFO] [run] subject=12, session=4, speed=3, trial=6, x__rid_x=197892cd5da7c79c: dummy_return_one(x)
[11:47:26.783] [INFO] [run] subject=12, session=4, speed=3, trial=7, x__rid_x=4d1a482965ce4f91: dummy_return_one(x)
[11:47:26.784] [INFO] [run] subject=12, session=4, speed=4, trial=1, x__rid_x=b77155b5b2550b48: dummy_return_one(x)
[11:47:26.784] [INFO] [run] subject=12, session=4, speed=4, trial=2, x__rid_x=03b182ef62ad5090: dummy_return_one(x)
[11:47:26.787] [INFO] [run] subject=12, session=4, speed=4, trial=3, x__rid_x=bf9a7f1dfb78718e: dummy_return_one(x)
[11:47:26.788] [INFO] [run] subject=12, session=4, speed=4, trial=4, x__rid_x=38b79f67e9b7e633: dummy_return_one(x)
[11:47:26.789] [INFO] [run] subject=12, session=4, speed=4, trial=5, x__rid_x=1779ed76b3390a6b: dummy_return_one(x)
[11:47:26.792] [INFO] [run] subject=12, session=4, speed=4, trial=6, x__rid_x=14bcdcdb015b6556: dummy_return_one(x)
[11:47:26.793] [INFO] [run] subject=12, session=4, speed=4, trial=7, x__rid_x=5d4732617ce2da86: dummy_return_one(x)
[11:47:26.797] [INFO] [run] subject=12, session=4, speed=5, trial=1, x__rid_x=51e734f4f6263958: dummy_return_one(x)
[11:47:26.797] [INFO] [run] subject=12, session=4, speed=5, trial=2, x__rid_x=2c02fc1c20c614a5: dummy_return_one(x)
[11:47:26.798] [INFO] [run] subject=12, session=4, speed=5, trial=3, x__rid_x=d6dd3d08cf9f3f62: dummy_return_one(x)
[11:47:26.801] [INFO] [run] subject=12, session=4, speed=5, trial=4, x__rid_x=156168bcec021403: dummy_return_one(x)
[11:47:26.802] [INFO] [run] subject=12, session=4, speed=5, trial=5, x__rid_x=236fbea1000b1157: dummy_return_one(x)
[11:47:26.802] [INFO] [run] subject=12, session=4, speed=5, trial=6, x__rid_x=84cd500cafd7ec9e: dummy_return_one(x)
[11:47:26.806] [INFO] [run] subject=12, session=4, speed=5, trial=7, x__rid_x=80657d3a36e853fc: dummy_return_one(x)
[11:47:26.806] [INFO] [run] subject=12, session=4, speed=6, trial=1, x__rid_x=780d14e2900f6027: dummy_return_one(x)
[11:47:26.807] [INFO] [run] subject=12, session=4, speed=6, trial=2, x__rid_x=1f7851d3a05cd799: dummy_return_one(x)
[11:47:26.810] [INFO] [run] subject=12, session=4, speed=6, trial=3, x__rid_x=350d4c9a3f268faa: dummy_return_one(x)
[11:47:26.811] [INFO] [run] subject=12, session=4, speed=6, trial=4, x__rid_x=eb26d96192d549ae: dummy_return_one(x)
[11:47:26.812] [INFO] [run] subject=12, session=4, speed=6, trial=5, x__rid_x=48bcea3bde6e8629: dummy_return_one(x)
[11:47:26.815] [INFO] [run] subject=12, session=4, speed=6, trial=6, x__rid_x=f2a5529c55ad1b52: dummy_return_one(x)
[11:47:26.815] [INFO] [run] subject=12, session=4, speed=6, trial=7, x__rid_x=85bb0883bd884150: dummy_return_one(x)
[11:47:26.816] [INFO] [run] subject=12, session=4, speed=7, trial=1, x__rid_x=2eec3d3a87af5fd8: dummy_return_one(x)
[11:47:26.819] [INFO] [run] subject=12, session=4, speed=7, trial=2, x__rid_x=d2c93c2c8af2e899: dummy_return_one(x)
[11:47:26.820] [INFO] [run] subject=12, session=4, speed=7, trial=3, x__rid_x=8fd583f288c9c464: dummy_return_one(x)
[11:47:26.821] [INFO] [run] subject=12, session=4, speed=7, trial=4, x__rid_x=191e2c68acf47d4b: dummy_return_one(x)
[11:47:26.824] [INFO] [run] subject=12, session=4, speed=7, trial=5, x__rid_x=590937f3deefd06d: dummy_return_one(x)
[11:47:26.825] [INFO] [run] subject=12, session=4, speed=7, trial=6, x__rid_x=a05e34950269e34f: dummy_return_one(x)
[11:47:26.829] [INFO] [run] subject=12, session=4, speed=7, trial=7, x__rid_x=70752d0e9585b335: dummy_return_one(x)
[11:47:26.829] [INFO] [run] subject=12, session=4, speed=8, trial=1, x__rid_x=0002e0c70c35d76d: dummy_return_one(x)
[11:47:26.830] [INFO] [run] subject=12, session=4, speed=8, trial=2, x__rid_x=6e45ab123f150e67: dummy_return_one(x)
[11:47:26.833] [INFO] [run] subject=12, session=4, speed=8, trial=3, x__rid_x=5f053437599cbaff: dummy_return_one(x)
[11:47:26.834] [INFO] [run] subject=12, session=4, speed=8, trial=4, x__rid_x=66fc6885b9efdfa0: dummy_return_one(x)
[11:47:26.834] [INFO] [run] subject=12, session=4, speed=8, trial=5, x__rid_x=54a38c54d6186cde: dummy_return_one(x)
[11:47:26.838] [INFO] [run] subject=12, session=4, speed=8, trial=6, x__rid_x=7ba587c7bf43a82b: dummy_return_one(x)
[11:47:26.838] [INFO] [run] subject=12, session=4, speed=8, trial=7, x__rid_x=57eff992cb35e70b: dummy_return_one(x)
[11:47:26.839] [INFO] [run] subject=12, session=4, speed=9, trial=1, x__rid_x=c09f1f08e495f1e4: dummy_return_one(x)
[11:47:26.842] [INFO] [run] subject=12, session=4, speed=9, trial=2, x__rid_x=ac5755f751fccf39: dummy_return_one(x)
[11:47:26.843] [INFO] [run] subject=12, session=4, speed=9, trial=3, x__rid_x=bf4fab023b6e5896: dummy_return_one(x)
[11:47:26.844] [INFO] [run] subject=12, session=4, speed=9, trial=4, x__rid_x=a92aeaceac24236e: dummy_return_one(x)
[11:47:26.847] [INFO] [run] subject=12, session=4, speed=9, trial=5, x__rid_x=9472242eac062c88: dummy_return_one(x)
[11:47:26.848] [INFO] [run] subject=12, session=4, speed=9, trial=6, x__rid_x=5f95c4af2c37da59: dummy_return_one(x)
[11:47:26.849] [INFO] [run] subject=12, session=4, speed=9, trial=7, x__rid_x=f54722d570caa3ca: dummy_return_one(x)
[11:47:26.851] [INFO] [run] subject=12, session=5, speed=1, trial=1, x__rid_x=1f6a961b5c806611: dummy_return_one(x)
[11:47:26.852] [INFO] [run] subject=12, session=5, speed=1, trial=2, x__rid_x=bc64d82eeddebd12: dummy_return_one(x)
[11:47:26.853] [INFO] [run] subject=12, session=5, speed=1, trial=3, x__rid_x=07c235ad71790b7e: dummy_return_one(x)
[11:47:26.856] [INFO] [run] subject=12, session=5, speed=1, trial=4, x__rid_x=8c35f8a619b13929: dummy_return_one(x)
[11:47:26.857] [INFO] [run] subject=12, session=5, speed=1, trial=5, x__rid_x=1943e24b5a0618de: dummy_return_one(x)
[11:47:26.858] [INFO] [run] subject=12, session=5, speed=1, trial=6, x__rid_x=754dc6fd22defd5b: dummy_return_one(x)
[11:47:26.861] [INFO] [run] subject=12, session=5, speed=1, trial=7, x__rid_x=4eb45477c52fc2ba: dummy_return_one(x)
[11:47:26.861] [INFO] [run] subject=12, session=5, speed=10, trial=1, x__rid_x=fefa871e6866515b: dummy_return_one(x)
[11:47:26.862] [INFO] [run] subject=12, session=5, speed=10, trial=2, x__rid_x=4fabaf9d911323fa: dummy_return_one(x)
[11:47:26.865] [INFO] [run] subject=12, session=5, speed=10, trial=3, x__rid_x=0e5088a31833575b: dummy_return_one(x)
[11:47:26.866] [INFO] [run] subject=12, session=5, speed=10, trial=4, x__rid_x=447aed2b4720c93f: dummy_return_one(x)
[11:47:26.867] [INFO] [run] subject=12, session=5, speed=10, trial=5, x__rid_x=1cf8df7ecb1c2f32: dummy_return_one(x)
[11:47:26.870] [INFO] [run] subject=12, session=5, speed=10, trial=6, x__rid_x=6399c35142b9caee: dummy_return_one(x)
[11:47:26.871] [INFO] [run] subject=12, session=5, speed=10, trial=7, x__rid_x=76e98fefd50d392d: dummy_return_one(x)
[11:47:26.871] [INFO] [run] subject=12, session=5, speed=2, trial=1, x__rid_x=597b18b38b56cc0f: dummy_return_one(x)
[11:47:26.874] [INFO] [run] subject=12, session=5, speed=2, trial=2, x__rid_x=1bd4e52ae9172793: dummy_return_one(x)
[11:47:26.876] [INFO] [run] subject=12, session=5, speed=2, trial=3, x__rid_x=638c4ed841f3ed1c: dummy_return_one(x)
[11:47:26.879] [INFO] [run] subject=12, session=5, speed=2, trial=4, x__rid_x=ab5fa754789a8962: dummy_return_one(x)
[11:47:26.880] [INFO] [run] subject=12, session=5, speed=2, trial=5, x__rid_x=f486613011f24a29: dummy_return_one(x)
[11:47:26.880] [INFO] [run] subject=12, session=5, speed=2, trial=6, x__rid_x=8cd0efe9a5ff58af: dummy_return_one(x)
[11:47:26.884] [INFO] [run] subject=12, session=5, speed=2, trial=7, x__rid_x=9a093c4ef9e403c7: dummy_return_one(x)
[11:47:26.884] [INFO] [run] subject=12, session=5, speed=3, trial=1, x__rid_x=9f1bd25eb10cf8e9: dummy_return_one(x)
[11:47:26.885] [INFO] [run] subject=12, session=5, speed=3, trial=2, x__rid_x=28ba52a61c964b2d: dummy_return_one(x)
[11:47:26.888] [INFO] [run] subject=12, session=5, speed=3, trial=3, x__rid_x=7295b27b4df89b20: dummy_return_one(x)
[11:47:26.889] [INFO] [run] subject=12, session=5, speed=3, trial=4, x__rid_x=64d6ae4442c409e8: dummy_return_one(x)
[11:47:26.890] [INFO] [run] subject=12, session=5, speed=3, trial=5, x__rid_x=3e1463a212cedf74: dummy_return_one(x)
[11:47:26.893] [INFO] [run] subject=12, session=5, speed=3, trial=6, x__rid_x=b87442c97de858ed: dummy_return_one(x)
[11:47:26.894] [INFO] [run] subject=12, session=5, speed=3, trial=7, x__rid_x=a378ea6e954f3df0: dummy_return_one(x)
[11:47:26.895] [INFO] [run] subject=12, session=5, speed=4, trial=1, x__rid_x=fd6e71628e659d4b: dummy_return_one(x)
[11:47:26.898] [INFO] [run] subject=12, session=5, speed=4, trial=2, x__rid_x=1fd3e118de8a1a85: dummy_return_one(x)
[11:47:26.898] [INFO] [run] subject=12, session=5, speed=4, trial=3, x__rid_x=2d08c0cd4f839e30: dummy_return_one(x)
[11:47:26.899] [INFO] [run] subject=12, session=5, speed=4, trial=4, x__rid_x=18ca82a3a9f59d7b: dummy_return_one(x)
[11:47:26.902] [INFO] [run] subject=12, session=5, speed=4, trial=5, x__rid_x=5bb4e9f5ea9f4e4f: dummy_return_one(x)
[11:47:26.903] [INFO] [run] subject=12, session=5, speed=4, trial=6, x__rid_x=456c630788d5867e: dummy_return_one(x)
[11:47:26.904] [INFO] [run] subject=12, session=5, speed=4, trial=7, x__rid_x=8670f24949110a4f: dummy_return_one(x)
[11:47:26.907] [INFO] [run] subject=12, session=5, speed=5, trial=1, x__rid_x=65d086a846731047: dummy_return_one(x)
[11:47:26.908] [INFO] [run] subject=12, session=5, speed=5, trial=2, x__rid_x=852bfc189e71e2cc: dummy_return_one(x)
[11:47:26.911] [INFO] [run] subject=12, session=5, speed=5, trial=3, x__rid_x=aeba91cb21eb7fac: dummy_return_one(x)
[11:47:26.912] [INFO] [run] subject=12, session=5, speed=5, trial=4, x__rid_x=21f0edaf81091c0b: dummy_return_one(x)
[11:47:26.913] [INFO] [run] subject=12, session=5, speed=5, trial=5, x__rid_x=513598afd116c1ad: dummy_return_one(x)
[11:47:26.916] [INFO] [run] subject=12, session=5, speed=5, trial=6, x__rid_x=9638ff95184fc428: dummy_return_one(x)
[11:47:26.917] [INFO] [run] subject=12, session=5, speed=5, trial=7, x__rid_x=33a9ea29719bb147: dummy_return_one(x)
[11:47:26.917] [INFO] [run] subject=12, session=5, speed=6, trial=1, x__rid_x=9f6343ed78113d3f: dummy_return_one(x)
[11:47:26.921] [INFO] [run] subject=12, session=5, speed=6, trial=2, x__rid_x=757a3867b4940ae5: dummy_return_one(x)
[11:47:26.921] [INFO] [run] subject=12, session=5, speed=6, trial=3, x__rid_x=fe67f4d048ce8f08: dummy_return_one(x)
[11:47:26.922] [INFO] [run] subject=12, session=5, speed=6, trial=4, x__rid_x=27725a98cac9e9ac: dummy_return_one(x)
[11:47:26.925] [INFO] [run] subject=12, session=5, speed=6, trial=5, x__rid_x=935bd4b503c905ff: dummy_return_one(x)
[11:47:26.926] [INFO] [run] subject=12, session=5, speed=6, trial=6, x__rid_x=cc45dad8241fc392: dummy_return_one(x)
[11:47:26.930] [INFO] [run] subject=12, session=5, speed=6, trial=7, x__rid_x=92273da16219f234: dummy_return_one(x)
[11:47:26.931] [INFO] [run] subject=12, session=5, speed=7, trial=1, x__rid_x=ce5ffd200fab26ad: dummy_return_one(x)
[11:47:26.931] [INFO] [run] subject=12, session=5, speed=7, trial=2, x__rid_x=21c4ec7ef15cd6c1: dummy_return_one(x)
[11:47:26.934] [INFO] [run] subject=12, session=5, speed=7, trial=3, x__rid_x=1e4d43b6ab90e775: dummy_return_one(x)
[11:47:26.935] [INFO] [run] subject=12, session=5, speed=7, trial=4, x__rid_x=313d907654d82b97: dummy_return_one(x)
[11:47:26.936] [INFO] [run] subject=12, session=5, speed=7, trial=5, x__rid_x=7799359432721148: dummy_return_one(x)
[11:47:26.939] [INFO] [run] subject=12, session=5, speed=7, trial=6, x__rid_x=c35e3f3899eab2e6: dummy_return_one(x)
[11:47:26.940] [INFO] [run] subject=12, session=5, speed=7, trial=7, x__rid_x=35c574296ff4cff8: dummy_return_one(x)
[11:47:26.941] [INFO] [run] subject=12, session=5, speed=8, trial=1, x__rid_x=58412be3e17ee885: dummy_return_one(x)
[11:47:26.944] [INFO] [run] subject=12, session=5, speed=8, trial=2, x__rid_x=6edaf2db34c79cd8: dummy_return_one(x)
[11:47:26.944] [INFO] [run] subject=12, session=5, speed=8, trial=3, x__rid_x=1c4eb8b0c3fc55d7: dummy_return_one(x)
[11:47:26.945] [INFO] [run] subject=12, session=5, speed=8, trial=4, x__rid_x=794227953dff5b72: dummy_return_one(x)
[11:47:26.948] [INFO] [run] subject=12, session=5, speed=8, trial=5, x__rid_x=dd5ac6f553d1469e: dummy_return_one(x)
[11:47:26.949] [INFO] [run] subject=12, session=5, speed=8, trial=6, x__rid_x=b488bc86980de97c: dummy_return_one(x)
[11:47:26.950] [INFO] [run] subject=12, session=5, speed=8, trial=7, x__rid_x=4f5001f5a7b37066: dummy_return_one(x)
[11:47:26.953] [INFO] [run] subject=12, session=5, speed=9, trial=1, x__rid_x=9f09455b136733c2: dummy_return_one(x)
[11:47:26.954] [INFO] [run] subject=12, session=5, speed=9, trial=2, x__rid_x=cbbc61b4520615ae: dummy_return_one(x)
[11:47:26.955] [INFO] [run] subject=12, session=5, speed=9, trial=3, x__rid_x=1676df570884be09: dummy_return_one(x)
[11:47:26.958] [INFO] [run] subject=12, session=5, speed=9, trial=4, x__rid_x=a14d6ba588c25ef2: dummy_return_one(x)
[11:47:26.959] [INFO] [run] subject=12, session=5, speed=9, trial=5, x__rid_x=de46a62fadd45bab: dummy_return_one(x)
[11:47:26.960] [INFO] [run] subject=12, session=5, speed=9, trial=6, x__rid_x=97b869eb16b510ee: dummy_return_one(x)
[11:47:26.962] [INFO] [run] subject=12, session=5, speed=9, trial=7, x__rid_x=d0e8d23b44756455: dummy_return_one(x)
[11:47:26.963] [INFO] [run] subject=13, session=1, speed=1, trial=1, x__rid_x=2e8b1ab7d9af067a: dummy_return_one(x)
[11:47:26.964] [INFO] [run] subject=13, session=1, speed=1, trial=2, x__rid_x=d28486ab783cc14f: dummy_return_one(x)
[11:47:26.967] [INFO] [run] subject=13, session=1, speed=1, trial=3, x__rid_x=2507c709b17b3873: dummy_return_one(x)
[11:47:26.968] [INFO] [run] subject=13, session=1, speed=1, trial=4, x__rid_x=d291959f6005e7e0: dummy_return_one(x)
[11:47:26.968] [INFO] [run] subject=13, session=1, speed=1, trial=5, x__rid_x=c12c714be1842886: dummy_return_one(x)
[11:47:26.972] [INFO] [run] subject=13, session=1, speed=1, trial=6, x__rid_x=e1c261c3d0fdf8ee: dummy_return_one(x)
[11:47:26.973] [INFO] [run] subject=13, session=1, speed=1, trial=7, x__rid_x=dd6e3ad31c4566c8: dummy_return_one(x)
[11:47:26.974] [INFO] [run] subject=13, session=1, speed=10, trial=1, x__rid_x=8122d51bf0cd60d7: dummy_return_one(x)
[11:47:26.977] [INFO] [run] subject=13, session=1, speed=10, trial=2, x__rid_x=223c9416f1cc09f8: dummy_return_one(x)
[11:47:26.977] [INFO] [run] subject=13, session=1, speed=10, trial=3, x__rid_x=d7352a6e59405581: dummy_return_one(x)
[11:47:26.978] [INFO] [run] subject=13, session=1, speed=10, trial=4, x__rid_x=35ec37702239b861: dummy_return_one(x)
[11:47:26.981] [INFO] [run] subject=13, session=1, speed=10, trial=5, x__rid_x=15ff12047a8d2a4a: dummy_return_one(x)
[11:47:26.982] [INFO] [run] subject=13, session=1, speed=10, trial=6, x__rid_x=a139f3bafff853fc: dummy_return_one(x)
[11:47:26.983] [INFO] [run] subject=13, session=1, speed=10, trial=7, x__rid_x=1e72608a3fc2a534: dummy_return_one(x)
[11:47:26.986] [INFO] [run] subject=13, session=1, speed=2, trial=1, x__rid_x=e13b69e1f9bdbdb2: dummy_return_one(x)
[11:47:26.987] [INFO] [run] subject=13, session=1, speed=2, trial=2, x__rid_x=f7aeee5e4c7a6e02: dummy_return_one(x)
[11:47:26.987] [INFO] [run] subject=13, session=1, speed=2, trial=3, x__rid_x=bea1773f4b4adef8: dummy_return_one(x)
[11:47:26.991] [INFO] [run] subject=13, session=1, speed=2, trial=4, x__rid_x=37d5b9dc51048ab4: dummy_return_one(x)
[11:47:26.992] [INFO] [run] subject=13, session=1, speed=2, trial=5, x__rid_x=6953babe3d9f46a2: dummy_return_one(x)
[11:47:26.992] [INFO] [run] subject=13, session=1, speed=2, trial=6, x__rid_x=53a002010aad8ee3: dummy_return_one(x)
[11:47:26.995] [INFO] [run] subject=13, session=1, speed=2, trial=7, x__rid_x=e9feb61a86f8df54: dummy_return_one(x)
[11:47:26.996] [INFO] [run] subject=13, session=1, speed=3, trial=1, x__rid_x=0a0b1d50a01d5e6f: dummy_return_one(x)
[11:47:26.997] [INFO] [run] subject=13, session=1, speed=3, trial=2, x__rid_x=e73e9415d8bc4c5e: dummy_return_one(x)
[11:47:27.000] [INFO] [run] subject=13, session=1, speed=3, trial=3, x__rid_x=3013673d98d3ad9a: dummy_return_one(x)
[11:47:27.001] [INFO] [run] subject=13, session=1, speed=3, trial=4, x__rid_x=64db7f6c2113c5dc: dummy_return_one(x)
[11:47:27.002] [INFO] [run] subject=13, session=1, speed=3, trial=5, x__rid_x=cc1ad8cd3c8c7799: dummy_return_one(x)
[11:47:27.005] [INFO] [run] subject=13, session=1, speed=3, trial=6, x__rid_x=9eaa109447c9aed2: dummy_return_one(x)
[11:47:27.006] [INFO] [run] subject=13, session=1, speed=3, trial=7, x__rid_x=6e73b37698741d39: dummy_return_one(x)
[11:47:27.007] [INFO] [run] subject=13, session=1, speed=4, trial=1, x__rid_x=aa38d0b4047503ec: dummy_return_one(x)
[11:47:27.010] [INFO] [run] subject=13, session=1, speed=4, trial=2, x__rid_x=8a156167e4ac079b: dummy_return_one(x)
[11:47:27.010] [INFO] [run] subject=13, session=1, speed=4, trial=3, x__rid_x=606033a2109a5c4e: dummy_return_one(x)
[11:47:27.011] [INFO] [run] subject=13, session=1, speed=4, trial=4, x__rid_x=8dd22a6653431269: dummy_return_one(x)
[11:47:27.014] [INFO] [run] subject=13, session=1, speed=4, trial=5, x__rid_x=223b00add0a95886: dummy_return_one(x)
[11:47:27.015] [INFO] [run] subject=13, session=1, speed=4, trial=6, x__rid_x=1059493c96b62b1e: dummy_return_one(x)
[11:47:27.016] [INFO] [run] subject=13, session=1, speed=4, trial=7, x__rid_x=06ff9121ef6f16ea: dummy_return_one(x)
[11:47:27.019] [INFO] [run] subject=13, session=1, speed=5, trial=1, x__rid_x=35884b649ab9515f: dummy_return_one(x)
[11:47:27.020] [INFO] [run] subject=13, session=1, speed=5, trial=2, x__rid_x=d553d1c8a4e16270: dummy_return_one(x)
[11:47:27.020] [INFO] [run] subject=13, session=1, speed=5, trial=3, x__rid_x=54c2d70e75117e33: dummy_return_one(x)
[11:47:27.024] [INFO] [run] subject=13, session=1, speed=5, trial=4, x__rid_x=28d04dbcd66633ea: dummy_return_one(x)
[11:47:27.025] [INFO] [run] subject=13, session=1, speed=5, trial=5, x__rid_x=c652bee60d0be592: dummy_return_one(x)
[11:47:27.028] [INFO] [run] subject=13, session=1, speed=5, trial=6, x__rid_x=3c9432404f00fd46: dummy_return_one(x)
[11:47:27.029] [INFO] [run] subject=13, session=1, speed=5, trial=7, x__rid_x=7dac79dc2303fe98: dummy_return_one(x)
[11:47:27.030] [INFO] [run] subject=13, session=1, speed=6, trial=1, x__rid_x=025a0dcfa2e95b76: dummy_return_one(x)
[11:47:27.033] [INFO] [run] subject=13, session=1, speed=6, trial=2, x__rid_x=f890d6fff410770f: dummy_return_one(x)
[11:47:27.034] [INFO] [run] subject=13, session=1, speed=6, trial=3, x__rid_x=1acb1810c5bfe1fc: dummy_return_one(x)
[11:47:27.034] [INFO] [run] subject=13, session=1, speed=6, trial=4, x__rid_x=538c0da1e543792d: dummy_return_one(x)
[11:47:27.038] [INFO] [run] subject=13, session=1, speed=6, trial=5, x__rid_x=09bea9e1f795c2eb: dummy_return_one(x)
[11:47:27.039] [INFO] [run] subject=13, session=1, speed=6, trial=6, x__rid_x=cc17a6252a9967b4: dummy_return_one(x)
[11:47:27.040] [INFO] [run] subject=13, session=1, speed=6, trial=7, x__rid_x=ee3ac9211da3f80e: dummy_return_one(x)
[11:47:27.043] [INFO] [run] subject=13, session=1, speed=7, trial=1, x__rid_x=ac284c424002dc73: dummy_return_one(x)
[11:47:27.043] [INFO] [run] subject=13, session=1, speed=7, trial=2, x__rid_x=a8cd5cab833801c7: dummy_return_one(x)
[11:47:27.044] [INFO] [run] subject=13, session=1, speed=7, trial=3, x__rid_x=dbada29eef7ed6d1: dummy_return_one(x)
[11:47:27.047] [INFO] [run] subject=13, session=1, speed=7, trial=4, x__rid_x=2819637ccc74c1dd: dummy_return_one(x)
[11:47:27.048] [INFO] [run] subject=13, session=1, speed=7, trial=5, x__rid_x=097e8019bf70680b: dummy_return_one(x)
[11:47:27.049] [INFO] [run] subject=13, session=1, speed=7, trial=6, x__rid_x=463dc27fd7303515: dummy_return_one(x)
[11:47:27.052] [INFO] [run] subject=13, session=1, speed=7, trial=7, x__rid_x=cd4499b8b215b912: dummy_return_one(x)
[11:47:27.053] [INFO] [run] subject=13, session=1, speed=8, trial=1, x__rid_x=8b7d0239ddb1b045: dummy_return_one(x)
[11:47:27.054] [INFO] [run] subject=13, session=1, speed=8, trial=2, x__rid_x=40651121c076f2ec: dummy_return_one(x)
[11:47:27.057] [INFO] [run] subject=13, session=1, speed=8, trial=3, x__rid_x=9deb8391828b0f0d: dummy_return_one(x)
[11:47:27.058] [INFO] [run] subject=13, session=1, speed=8, trial=4, x__rid_x=59bb524389e8989e: dummy_return_one(x)
[11:47:27.062] [INFO] [run] subject=13, session=1, speed=8, trial=5, x__rid_x=e7d526e97f81975f: dummy_return_one(x)
[11:47:27.062] [INFO] [run] subject=13, session=1, speed=8, trial=6, x__rid_x=98254fa82658a6b0: dummy_return_one(x)
[11:47:27.063] [INFO] [run] subject=13, session=1, speed=8, trial=7, x__rid_x=3ab39b71ad281671: dummy_return_one(x)
[11:47:27.067] [INFO] [run] subject=13, session=1, speed=9, trial=1, x__rid_x=15951bd9620815b2: dummy_return_one(x)
[11:47:27.067] [INFO] [run] subject=13, session=1, speed=9, trial=2, x__rid_x=021cd412526a11ba: dummy_return_one(x)
[11:47:27.068] [INFO] [run] subject=13, session=1, speed=9, trial=3, x__rid_x=28a351b90d38b1ab: dummy_return_one(x)
[11:47:27.071] [INFO] [run] subject=13, session=1, speed=9, trial=4, x__rid_x=3caf232f25a22cdf: dummy_return_one(x)
[11:47:27.072] [INFO] [run] subject=13, session=1, speed=9, trial=5, x__rid_x=6ba0ff32103a60bd: dummy_return_one(x)
[11:47:27.073] [INFO] [run] subject=13, session=1, speed=9, trial=6, x__rid_x=dd2b994a4bf4a6ca: dummy_return_one(x)
[11:47:27.076] [INFO] [run] subject=13, session=1, speed=9, trial=7, x__rid_x=c071830e63980a12: dummy_return_one(x)
[11:47:27.077] [INFO] [run] subject=13, session=2, speed=1, trial=1, x__rid_x=59b2718d4dacb386: dummy_return_one(x)
[11:47:27.078] [INFO] [run] subject=13, session=2, speed=1, trial=2, x__rid_x=730c75c5c51f504d: dummy_return_one(x)
[11:47:27.081] [INFO] [run] subject=13, session=2, speed=1, trial=3, x__rid_x=81c64c37ebdc2e6c: dummy_return_one(x)
[11:47:27.082] [INFO] [run] subject=13, session=2, speed=1, trial=4, x__rid_x=e5f4dc2ccb696e9b: dummy_return_one(x)
[11:47:27.082] [INFO] [run] subject=13, session=2, speed=1, trial=5, x__rid_x=da6aa72989628f0c: dummy_return_one(x)
[11:47:27.086] [INFO] [run] subject=13, session=2, speed=1, trial=6, x__rid_x=bf585b178ad97423: dummy_return_one(x)
[11:47:27.087] [INFO] [run] subject=13, session=2, speed=1, trial=7, x__rid_x=bce25d4b774b052d: dummy_return_one(x)
[11:47:27.087] [INFO] [run] subject=13, session=2, speed=10, trial=1, x__rid_x=f82b2cf1aca99b08: dummy_return_one(x)
[11:47:27.091] [INFO] [run] subject=13, session=2, speed=10, trial=2, x__rid_x=4bc13bc4bf733410: dummy_return_one(x)
[11:47:27.092] [INFO] [run] subject=13, session=2, speed=10, trial=3, x__rid_x=6a230a856c11e5e0: dummy_return_one(x)
[11:47:27.092] [INFO] [run] subject=13, session=2, speed=10, trial=4, x__rid_x=215fdb8476164c43: dummy_return_one(x)
[11:47:27.095] [INFO] [run] subject=13, session=2, speed=10, trial=5, x__rid_x=58a8eaab321e5146: dummy_return_one(x)
[11:47:27.096] [INFO] [run] subject=13, session=2, speed=10, trial=6, x__rid_x=62671b25ee607f16: dummy_return_one(x)
[11:47:27.097] [INFO] [run] subject=13, session=2, speed=10, trial=7, x__rid_x=4126e17007e8dda3: dummy_return_one(x)
[11:47:27.100] [INFO] [run] subject=13, session=2, speed=2, trial=1, x__rid_x=106f6fd13faf6b40: dummy_return_one(x)
[11:47:27.101] [INFO] [run] subject=13, session=2, speed=2, trial=2, x__rid_x=b762672a96ebcd36: dummy_return_one(x)
[11:47:27.102] [INFO] [run] subject=13, session=2, speed=2, trial=3, x__rid_x=1fbff67e3b8599cb: dummy_return_one(x)
[11:47:27.105] [INFO] [run] subject=13, session=2, speed=2, trial=4, x__rid_x=951ebbfb492b8f9e: dummy_return_one(x)
[11:47:27.106] [INFO] [run] subject=13, session=2, speed=2, trial=5, x__rid_x=d7daf7c8ef931536: dummy_return_one(x)
[11:47:27.107] [INFO] [run] subject=13, session=2, speed=2, trial=6, x__rid_x=803b9505c92e558b: dummy_return_one(x)
[11:47:27.110] [INFO] [run] subject=13, session=2, speed=2, trial=7, x__rid_x=282a3aec6aede8f2: dummy_return_one(x)
[11:47:27.111] [INFO] [run] subject=13, session=2, speed=3, trial=1, x__rid_x=d49740ed6b8a1b7e: dummy_return_one(x)
[11:47:27.111] [INFO] [run] subject=13, session=2, speed=3, trial=2, x__rid_x=87e2b8b61b7d6f48: dummy_return_one(x)
[11:47:27.115] [INFO] [run] subject=13, session=2, speed=3, trial=3, x__rid_x=7c08d52ff59a0f2f: dummy_return_one(x)
[11:47:27.115] [INFO] [run] subject=13, session=2, speed=3, trial=4, x__rid_x=a5e2c477b9724586: dummy_return_one(x)
[11:47:27.116] [INFO] [run] subject=13, session=2, speed=3, trial=5, x__rid_x=8c80a8393c876c2e: dummy_return_one(x)
[11:47:27.119] [INFO] [run] subject=13, session=2, speed=3, trial=6, x__rid_x=dc9a2969ac6f3f10: dummy_return_one(x)
[11:47:27.120] [INFO] [run] subject=13, session=2, speed=3, trial=7, x__rid_x=de675cbe02e22e8c: dummy_return_one(x)
[11:47:27.121] [INFO] [run] subject=13, session=2, speed=4, trial=1, x__rid_x=a09971d77a4daf0c: dummy_return_one(x)
[11:47:27.124] [INFO] [run] subject=13, session=2, speed=4, trial=2, x__rid_x=6ebc889747344da4: dummy_return_one(x)
[11:47:27.126] [INFO] [run] subject=13, session=2, speed=4, trial=3, x__rid_x=1642e9e9888acc33: dummy_return_one(x)
[11:47:27.129] [INFO] [run] subject=13, session=2, speed=4, trial=4, x__rid_x=1d6ddf08347fe5a3: dummy_return_one(x)
[11:47:27.130] [INFO] [run] subject=13, session=2, speed=4, trial=5, x__rid_x=a8c0ae3d40055e0f: dummy_return_one(x)
[11:47:27.131] [INFO] [run] subject=13, session=2, speed=4, trial=6, x__rid_x=c91c622c44027374: dummy_return_one(x)
[11:47:27.134] [INFO] [run] subject=13, session=2, speed=4, trial=7, x__rid_x=047854629577f0bd: dummy_return_one(x)
[11:47:27.135] [INFO] [run] subject=13, session=2, speed=5, trial=1, x__rid_x=e60fdaec1434b3dd: dummy_return_one(x)
[11:47:27.135] [INFO] [run] subject=13, session=2, speed=5, trial=2, x__rid_x=2183c8ff26da79fc: dummy_return_one(x)
[11:47:27.139] [INFO] [run] subject=13, session=2, speed=5, trial=3, x__rid_x=311bd5717641db01: dummy_return_one(x)
[11:47:27.140] [INFO] [run] subject=13, session=2, speed=5, trial=4, x__rid_x=60a49237dc8217fd: dummy_return_one(x)
[11:47:27.144] [INFO] [run] subject=13, session=2, speed=5, trial=5, x__rid_x=9995d0a2e250d367: dummy_return_one(x)
[11:47:27.144] [INFO] [run] subject=13, session=2, speed=5, trial=6, x__rid_x=683f778e2f867513: dummy_return_one(x)
[11:47:27.145] [INFO] [run] subject=13, session=2, speed=5, trial=7, x__rid_x=f20628c51e05521b: dummy_return_one(x)
[11:47:27.149] [INFO] [run] subject=13, session=2, speed=6, trial=1, x__rid_x=0f04b5dde1b9193c: dummy_return_one(x)
[11:47:27.149] [INFO] [run] subject=13, session=2, speed=6, trial=2, x__rid_x=8db33117309410e4: dummy_return_one(x)
[11:47:27.150] [INFO] [run] subject=13, session=2, speed=6, trial=3, x__rid_x=a397a6c835d72c01: dummy_return_one(x)
[11:47:27.153] [INFO] [run] subject=13, session=2, speed=6, trial=4, x__rid_x=ccc1b465b725add2: dummy_return_one(x)
[11:47:27.154] [INFO] [run] subject=13, session=2, speed=6, trial=5, x__rid_x=88dc0767f2b5f072: dummy_return_one(x)
[11:47:27.155] [INFO] [run] subject=13, session=2, speed=6, trial=6, x__rid_x=f4950912d043f8b4: dummy_return_one(x)
[11:47:27.158] [INFO] [run] subject=13, session=2, speed=6, trial=7, x__rid_x=1638263d66c3d5f0: dummy_return_one(x)
[11:47:27.159] [INFO] [run] subject=13, session=2, speed=7, trial=1, x__rid_x=18153693632aef4c: dummy_return_one(x)
[11:47:27.163] [INFO] [run] subject=13, session=2, speed=7, trial=2, x__rid_x=d63a0bc2c2590e40: dummy_return_one(x)
[11:47:27.164] [INFO] [run] subject=13, session=2, speed=7, trial=3, x__rid_x=32f87f189984b472: dummy_return_one(x)
[11:47:27.164] [INFO] [run] subject=13, session=2, speed=7, trial=4, x__rid_x=551f9deca1e6e623: dummy_return_one(x)
[11:47:27.168] [INFO] [run] subject=13, session=2, speed=7, trial=5, x__rid_x=a8d1d9c8457d04c3: dummy_return_one(x)
[11:47:27.169] [INFO] [run] subject=13, session=2, speed=7, trial=6, x__rid_x=ad3f1ed1885ef01d: dummy_return_one(x)
[11:47:27.169] [INFO] [run] subject=13, session=2, speed=7, trial=7, x__rid_x=1162bd830c451618: dummy_return_one(x)
[11:47:27.173] [INFO] [run] subject=13, session=2, speed=8, trial=1, x__rid_x=3709e31d4f6e7e82: dummy_return_one(x)
[11:47:27.174] [INFO] [run] subject=13, session=2, speed=8, trial=2, x__rid_x=6a7f05f6c4a47150: dummy_return_one(x)
[11:47:27.178] [INFO] [run] subject=13, session=2, speed=8, trial=3, x__rid_x=0f2bb631e54a0a4a: dummy_return_one(x)
[11:47:27.178] [INFO] [run] subject=13, session=2, speed=8, trial=4, x__rid_x=450f1656c1ed1383: dummy_return_one(x)
[11:47:27.179] [INFO] [run] subject=13, session=2, speed=8, trial=5, x__rid_x=aa74e373f2172c3e: dummy_return_one(x)
[11:47:27.182] [INFO] [run] subject=13, session=2, speed=8, trial=6, x__rid_x=9aa59924c6deaac0: dummy_return_one(x)
[11:47:27.183] [INFO] [run] subject=13, session=2, speed=8, trial=7, x__rid_x=43de1dd7c259a4a1: dummy_return_one(x)
[11:47:27.184] [INFO] [run] subject=13, session=2, speed=9, trial=1, x__rid_x=c6cb61e597671729: dummy_return_one(x)
[11:47:27.187] [INFO] [run] subject=13, session=2, speed=9, trial=2, x__rid_x=1095b19193cff465: dummy_return_one(x)
[11:47:27.188] [INFO] [run] subject=13, session=2, speed=9, trial=3, x__rid_x=12bd27f3cf1e4bcf: dummy_return_one(x)
[11:47:27.189] [INFO] [run] subject=13, session=2, speed=9, trial=4, x__rid_x=ec43254e711e9df2: dummy_return_one(x)
[11:47:27.192] [INFO] [run] subject=13, session=2, speed=9, trial=5, x__rid_x=80828aef379ef51d: dummy_return_one(x)
[11:47:27.193] [INFO] [run] subject=13, session=2, speed=9, trial=6, x__rid_x=34b24164aafb19b1: dummy_return_one(x)
[11:47:27.194] [INFO] [run] subject=13, session=2, speed=9, trial=7, x__rid_x=47212bcfc073ee22: dummy_return_one(x)
[11:47:27.197] [INFO] [run] subject=13, session=3, speed=1, trial=1, x__rid_x=f11460488d9ec1f9: dummy_return_one(x)
[11:47:27.198] [INFO] [run] subject=13, session=3, speed=1, trial=2, x__rid_x=f23464df239ffc41: dummy_return_one(x)
[11:47:27.199] [INFO] [run] subject=13, session=3, speed=1, trial=3, x__rid_x=8ee383be08e416c1: dummy_return_one(x)
[11:47:27.202] [INFO] [run] subject=13, session=3, speed=1, trial=4, x__rid_x=96d633458f1d9aef: dummy_return_one(x)
[11:47:27.203] [INFO] [run] subject=13, session=3, speed=1, trial=5, x__rid_x=c85cd3d79a7b6ea0: dummy_return_one(x)
[11:47:27.203] [INFO] [run] subject=13, session=3, speed=1, trial=6, x__rid_x=4532cbd06ad5fc6d: dummy_return_one(x)
[11:47:27.207] [INFO] [run] subject=13, session=3, speed=1, trial=7, x__rid_x=a573af7e7f079c4e: dummy_return_one(x)
[11:47:27.208] [INFO] [run] subject=13, session=3, speed=10, trial=1, x__rid_x=588dd660829f1910: dummy_return_one(x)
[11:47:27.212] [INFO] [run] subject=13, session=3, speed=10, trial=2, x__rid_x=c2f8c52903305c2a: dummy_return_one(x)
[11:47:27.213] [INFO] [run] subject=13, session=3, speed=10, trial=3, x__rid_x=2a648a4e4f4c6181: dummy_return_one(x)
[11:47:27.213] [INFO] [run] subject=13, session=3, speed=10, trial=4, x__rid_x=653c5e49b1e95bf2: dummy_return_one(x)
[11:47:27.217] [INFO] [run] subject=13, session=3, speed=10, trial=5, x__rid_x=ce0280f7a792bfe4: dummy_return_one(x)
[11:47:27.217] [INFO] [run] subject=13, session=3, speed=10, trial=6, x__rid_x=bf1ddbb168bb6254: dummy_return_one(x)
[11:47:27.218] [INFO] [run] subject=13, session=3, speed=10, trial=7, x__rid_x=de721f9f250dbad9: dummy_return_one(x)
[11:47:27.221] [INFO] [run] subject=13, session=3, speed=2, trial=1, x__rid_x=e70d63fbc941266a: dummy_return_one(x)
[11:47:27.222] [INFO] [run] subject=13, session=3, speed=2, trial=2, x__rid_x=5b7718b78a9f8cf4: dummy_return_one(x)
[11:47:27.223] [INFO] [run] subject=13, session=3, speed=2, trial=3, x__rid_x=0dcafdb636587bb8: dummy_return_one(x)
[11:47:27.226] [INFO] [run] subject=13, session=3, speed=2, trial=4, x__rid_x=0c6a622b3afcb6b7: dummy_return_one(x)
[11:47:27.227] [INFO] [run] subject=13, session=3, speed=2, trial=5, x__rid_x=9fbf4842d4da990a: dummy_return_one(x)
[11:47:27.228] [INFO] [run] subject=13, session=3, speed=2, trial=6, x__rid_x=39195f5d4f7db2f5: dummy_return_one(x)
[11:47:27.231] [INFO] [run] subject=13, session=3, speed=2, trial=7, x__rid_x=5d8c1310665f30ab: dummy_return_one(x)
[11:47:27.232] [INFO] [run] subject=13, session=3, speed=3, trial=1, x__rid_x=dcbac1798e8b3dd0: dummy_return_one(x)
[11:47:27.233] [INFO] [run] subject=13, session=3, speed=3, trial=2, x__rid_x=21c3a4b29c45de9b: dummy_return_one(x)
[11:47:27.236] [INFO] [run] subject=13, session=3, speed=3, trial=3, x__rid_x=89ca0cc0f07dfb4a: dummy_return_one(x)
[11:47:27.237] [INFO] [run] subject=13, session=3, speed=3, trial=4, x__rid_x=fe182c17f9c265c9: dummy_return_one(x)
[11:47:27.238] [INFO] [run] subject=13, session=3, speed=3, trial=5, x__rid_x=8c0d7dc68a7e1031: dummy_return_one(x)
[11:47:27.241] [INFO] [run] subject=13, session=3, speed=3, trial=6, x__rid_x=6b79f86e36281bc5: dummy_return_one(x)
[11:47:27.242] [INFO] [run] subject=13, session=3, speed=3, trial=7, x__rid_x=808d79f65254b1f7: dummy_return_one(x)
[11:47:27.243] [INFO] [run] subject=13, session=3, speed=4, trial=1, x__rid_x=4b4c3a915591ed76: dummy_return_one(x)
[11:47:27.246] [INFO] [run] subject=13, session=3, speed=4, trial=2, x__rid_x=fb25269b49aa41f8: dummy_return_one(x)
[11:47:27.247] [INFO] [run] subject=13, session=3, speed=4, trial=3, x__rid_x=98b1a0a057929f47: dummy_return_one(x)
[11:47:27.248] [INFO] [run] subject=13, session=3, speed=4, trial=4, x__rid_x=64dfc82fc0b35f64: dummy_return_one(x)
[11:47:27.251] [INFO] [run] subject=13, session=3, speed=4, trial=5, x__rid_x=10012417b3447edc: dummy_return_one(x)
[11:47:27.252] [INFO] [run] subject=13, session=3, speed=4, trial=6, x__rid_x=05182e7bbc82bdd2: dummy_return_one(x)
[11:47:27.252] [INFO] [run] subject=13, session=3, speed=4, trial=7, x__rid_x=d38982c728b6253c: dummy_return_one(x)
[11:47:27.256] [INFO] [run] subject=13, session=3, speed=5, trial=1, x__rid_x=7dd907c3034b0831: dummy_return_one(x)
[11:47:27.257] [INFO] [run] subject=13, session=3, speed=5, trial=2, x__rid_x=13cfeb1d6d28eff6: dummy_return_one(x)
[11:47:27.261] [INFO] [run] subject=13, session=3, speed=5, trial=3, x__rid_x=8b0ea5871bdb6b64: dummy_return_one(x)
[11:47:27.262] [INFO] [run] subject=13, session=3, speed=5, trial=4, x__rid_x=7db25e2235b1a19b: dummy_return_one(x)
[11:47:27.263] [INFO] [run] subject=13, session=3, speed=5, trial=5, x__rid_x=214718c423130480: dummy_return_one(x)
[11:47:27.266] [INFO] [run] subject=13, session=3, speed=5, trial=6, x__rid_x=b367159a471de6ec: dummy_return_one(x)
[11:47:27.267] [INFO] [run] subject=13, session=3, speed=5, trial=7, x__rid_x=bfc8e16cb06bd054: dummy_return_one(x)
[11:47:27.268] [INFO] [run] subject=13, session=3, speed=6, trial=1, x__rid_x=65cf551d4cc17c2d: dummy_return_one(x)
[11:47:27.271] [INFO] [run] subject=13, session=3, speed=6, trial=2, x__rid_x=270f3d3149784480: dummy_return_one(x)
[11:47:27.272] [INFO] [run] subject=13, session=3, speed=6, trial=3, x__rid_x=5cb6a868324ea7ee: dummy_return_one(x)
[11:47:27.272] [INFO] [run] subject=13, session=3, speed=6, trial=4, x__rid_x=d774bcb5ef1871b4: dummy_return_one(x)
[11:47:27.276] [INFO] [run] subject=13, session=3, speed=6, trial=5, x__rid_x=488d44e92249638d: dummy_return_one(x)
[11:47:27.277] [INFO] [run] subject=13, session=3, speed=6, trial=6, x__rid_x=cab25a47d64f962e: dummy_return_one(x)
[11:47:27.278] [INFO] [run] subject=13, session=3, speed=6, trial=7, x__rid_x=962fbe55d5cd44c9: dummy_return_one(x)
[11:47:27.281] [INFO] [run] subject=13, session=3, speed=7, trial=1, x__rid_x=b802a3fd6b282661: dummy_return_one(x)
[11:47:27.282] [INFO] [run] subject=13, session=3, speed=7, trial=2, x__rid_x=63ede3d013dc432a: dummy_return_one(x)
[11:47:27.283] [INFO] [run] subject=13, session=3, speed=7, trial=3, x__rid_x=acfa6bb92883052c: dummy_return_one(x)
[11:47:27.286] [INFO] [run] subject=13, session=3, speed=7, trial=4, x__rid_x=528bb17370cdb741: dummy_return_one(x)
[11:47:27.287] [INFO] [run] subject=13, session=3, speed=7, trial=5, x__rid_x=40834d23f764b9cd: dummy_return_one(x)
[11:47:27.287] [INFO] [run] subject=13, session=3, speed=7, trial=6, x__rid_x=2b5d7eb0ab909b54: dummy_return_one(x)
[11:47:27.291] [INFO] [run] subject=13, session=3, speed=7, trial=7, x__rid_x=945ec5436073c8c8: dummy_return_one(x)
[11:47:27.292] [INFO] [run] subject=13, session=3, speed=8, trial=1, x__rid_x=0c07605facea9fb2: dummy_return_one(x)
[11:47:27.293] [INFO] [run] subject=13, session=3, speed=8, trial=2, x__rid_x=e3573702c20c8804: dummy_return_one(x)
[11:47:27.296] [INFO] [run] subject=13, session=3, speed=8, trial=3, x__rid_x=0964e377c46999ef: dummy_return_one(x)
[11:47:27.296] [INFO] [run] subject=13, session=3, speed=8, trial=4, x__rid_x=ec5908d789739a0a: dummy_return_one(x)
[11:47:27.297] [INFO] [run] subject=13, session=3, speed=8, trial=5, x__rid_x=b8910f8e1150603f: dummy_return_one(x)
[11:47:27.301] [INFO] [run] subject=13, session=3, speed=8, trial=6, x__rid_x=a385726d06f1a0cf: dummy_return_one(x)
[11:47:27.302] [INFO] [run] subject=13, session=3, speed=8, trial=7, x__rid_x=f0229a58e16e21f4: dummy_return_one(x)
[11:47:27.302] [INFO] [run] subject=13, session=3, speed=9, trial=1, x__rid_x=085825cdeada7c87: dummy_return_one(x)
[11:47:27.306] [INFO] [run] subject=13, session=3, speed=9, trial=2, x__rid_x=887c99a24c595249: dummy_return_one(x)
[11:47:27.307] [INFO] [run] subject=13, session=3, speed=9, trial=3, x__rid_x=f5189494851db52c: dummy_return_one(x)
[11:47:27.308] [INFO] [run] subject=13, session=3, speed=9, trial=4, x__rid_x=0949545c113e2437: dummy_return_one(x)
[11:47:27.311] [INFO] [run] subject=13, session=3, speed=9, trial=5, x__rid_x=ea039eb8dc1051c1: dummy_return_one(x)
[11:47:27.312] [INFO] [run] subject=13, session=3, speed=9, trial=6, x__rid_x=20ad8b4f56a23f27: dummy_return_one(x)
[11:47:27.312] [INFO] [run] subject=13, session=3, speed=9, trial=7, x__rid_x=fdddc0ac6523bf1a: dummy_return_one(x)
[11:47:27.316] [INFO] [run] subject=13, session=4, speed=1, trial=1, x__rid_x=49097e3776ecb50b: dummy_return_one(x)
[11:47:27.316] [INFO] [run] subject=13, session=4, speed=1, trial=2, x__rid_x=e93a8b477b5ba48e: dummy_return_one(x)
[11:47:27.317] [INFO] [run] subject=13, session=4, speed=1, trial=3, x__rid_x=cd6c3ca00fe2c9d9: dummy_return_one(x)
[11:47:27.321] [INFO] [run] subject=13, session=4, speed=1, trial=4, x__rid_x=c7e705b5446e60ec: dummy_return_one(x)
[11:47:27.321] [INFO] [run] subject=13, session=4, speed=1, trial=5, x__rid_x=c1459f02adce5586: dummy_return_one(x)
[11:47:27.322] [INFO] [run] subject=13, session=4, speed=1, trial=6, x__rid_x=c7c0242a2ea603c3: dummy_return_one(x)
[11:47:27.326] [INFO] [run] subject=13, session=4, speed=1, trial=7, x__rid_x=ad07480ee778b78c: dummy_return_one(x)
[11:47:27.327] [INFO] [run] subject=13, session=4, speed=10, trial=1, x__rid_x=ea84df6b38ac0b93: dummy_return_one(x)
[11:47:27.328] [INFO] [run] subject=13, session=4, speed=10, trial=2, x__rid_x=ce1c448e80985367: dummy_return_one(x)
[11:47:27.331] [INFO] [run] subject=13, session=4, speed=10, trial=3, x__rid_x=050807165e7d7c68: dummy_return_one(x)
[11:47:27.331] [INFO] [run] subject=13, session=4, speed=10, trial=4, x__rid_x=fa01c7ab8919b1b3: dummy_return_one(x)
[11:47:27.332] [INFO] [run] subject=13, session=4, speed=10, trial=5, x__rid_x=ad5b194bbfa82619: dummy_return_one(x)
[11:47:27.336] [INFO] [run] subject=13, session=4, speed=10, trial=6, x__rid_x=e3b34810562bbae7: dummy_return_one(x)
[11:47:27.336] [INFO] [run] subject=13, session=4, speed=10, trial=7, x__rid_x=83b8e0fd0500e889: dummy_return_one(x)
[11:47:27.337] [INFO] [run] subject=13, session=4, speed=2, trial=1, x__rid_x=265bd3b589b538cc: dummy_return_one(x)
[11:47:27.341] [INFO] [run] subject=13, session=4, speed=2, trial=2, x__rid_x=83af8d3e79401277: dummy_return_one(x)
[11:47:27.342] [INFO] [run] subject=13, session=4, speed=2, trial=3, x__rid_x=797ddbc3e349bdc3: dummy_return_one(x)
[11:47:27.346] [INFO] [run] subject=13, session=4, speed=2, trial=4, x__rid_x=4b0cd7dad3cb04d0: dummy_return_one(x)
[11:47:27.346] [INFO] [run] subject=13, session=4, speed=2, trial=5, x__rid_x=f40ec3e6b76ced0c: dummy_return_one(x)
[11:47:27.347] [INFO] [run] subject=13, session=4, speed=2, trial=6, x__rid_x=95b6de1209798ba8: dummy_return_one(x)
[11:47:27.351] [INFO] [run] subject=13, session=4, speed=2, trial=7, x__rid_x=5dc58504756ab29a: dummy_return_one(x)
[11:47:27.352] [INFO] [run] subject=13, session=4, speed=3, trial=1, x__rid_x=cb70e580167bdb0f: dummy_return_one(x)
[11:47:27.352] [INFO] [run] subject=13, session=4, speed=3, trial=2, x__rid_x=0e0954aa3a1d3eac: dummy_return_one(x)
[11:47:27.356] [INFO] [run] subject=13, session=4, speed=3, trial=3, x__rid_x=e54ce0ddc27b5633: dummy_return_one(x)
[11:47:27.357] [INFO] [run] subject=13, session=4, speed=3, trial=4, x__rid_x=5d00b10f828aa3da: dummy_return_one(x)
[11:47:27.358] [INFO] [run] subject=13, session=4, speed=3, trial=5, x__rid_x=978bdfcdfd547f1f: dummy_return_one(x)
[11:47:27.361] [INFO] [run] subject=13, session=4, speed=3, trial=6, x__rid_x=47583ae49c6b0876: dummy_return_one(x)
[11:47:27.362] [INFO] [run] subject=13, session=4, speed=3, trial=7, x__rid_x=8628ad2f0200036e: dummy_return_one(x)
[11:47:27.362] [INFO] [run] subject=13, session=4, speed=4, trial=1, x__rid_x=2f68721fc4b34e31: dummy_return_one(x)
[11:47:27.366] [INFO] [run] subject=13, session=4, speed=4, trial=2, x__rid_x=2a1428194e4f4810: dummy_return_one(x)
[11:47:27.367] [INFO] [run] subject=13, session=4, speed=4, trial=3, x__rid_x=256704c96e6a4ef2: dummy_return_one(x)
[11:47:27.368] [INFO] [run] subject=13, session=4, speed=4, trial=4, x__rid_x=e672a1d9d0174857: dummy_return_one(x)
[11:47:27.371] [INFO] [run] subject=13, session=4, speed=4, trial=5, x__rid_x=acde38ea6d9501d2: dummy_return_one(x)
[11:47:27.372] [INFO] [run] subject=13, session=4, speed=4, trial=6, x__rid_x=553484d31f58faf0: dummy_return_one(x)
[11:47:27.373] [INFO] [run] subject=13, session=4, speed=4, trial=7, x__rid_x=30f09785d1601fa7: dummy_return_one(x)
[11:47:27.376] [INFO] [run] subject=13, session=4, speed=5, trial=1, x__rid_x=cdcdf03740309b3b: dummy_return_one(x)
[11:47:27.377] [INFO] [run] subject=13, session=4, speed=5, trial=2, x__rid_x=e99500e361e82780: dummy_return_one(x)
[11:47:27.378] [INFO] [run] subject=13, session=4, speed=5, trial=3, x__rid_x=ff6485a936e2c3c5: dummy_return_one(x)
[11:47:27.381] [INFO] [run] subject=13, session=4, speed=5, trial=4, x__rid_x=149faaaf8b34b781: dummy_return_one(x)
[11:47:27.382] [INFO] [run] subject=13, session=4, speed=5, trial=5, x__rid_x=06a71686eff006c1: dummy_return_one(x)
[11:47:27.383] [INFO] [run] subject=13, session=4, speed=5, trial=6, x__rid_x=ccad357bcbb77186: dummy_return_one(x)
[11:47:27.386] [INFO] [run] subject=13, session=4, speed=5, trial=7, x__rid_x=9b2a3d3905303421: dummy_return_one(x)
[11:47:27.387] [INFO] [run] subject=13, session=4, speed=6, trial=1, x__rid_x=b21481eaa122f405: dummy_return_one(x)
[11:47:27.387] [INFO] [run] subject=13, session=4, speed=6, trial=2, x__rid_x=a8c507abdf45fc0e: dummy_return_one(x)
[11:47:27.391] [INFO] [run] subject=13, session=4, speed=6, trial=3, x__rid_x=75888393286841d4: dummy_return_one(x)
[11:47:27.392] [INFO] [run] subject=13, session=4, speed=6, trial=4, x__rid_x=68a0640143ad94c9: dummy_return_one(x)
[11:47:27.396] [INFO] [run] subject=13, session=4, speed=6, trial=5, x__rid_x=132b5ac071e80716: dummy_return_one(x)
[11:47:27.397] [INFO] [run] subject=13, session=4, speed=6, trial=6, x__rid_x=fbf6a06c0e391611: dummy_return_one(x)
[11:47:27.398] [INFO] [run] subject=13, session=4, speed=6, trial=7, x__rid_x=a35aad354a655d29: dummy_return_one(x)
[11:47:27.401] [INFO] [run] subject=13, session=4, speed=7, trial=1, x__rid_x=1a0d6d42b9caf109: dummy_return_one(x)
[11:47:27.402] [INFO] [run] subject=13, session=4, speed=7, trial=2, x__rid_x=c67747efd47cd113: dummy_return_one(x)
[11:47:27.403] [INFO] [run] subject=13, session=4, speed=7, trial=3, x__rid_x=1f73b3ec0e223878: dummy_return_one(x)
[11:47:27.407] [INFO] [run] subject=13, session=4, speed=7, trial=4, x__rid_x=df402a2fa84d7bfd: dummy_return_one(x)
[11:47:27.408] [INFO] [run] subject=13, session=4, speed=7, trial=5, x__rid_x=e59de20c62df0cdf: dummy_return_one(x)
[11:47:27.412] [INFO] [run] subject=13, session=4, speed=7, trial=6, x__rid_x=332ea381f3f3554c: dummy_return_one(x)
[11:47:27.412] [INFO] [run] subject=13, session=4, speed=7, trial=7, x__rid_x=bc44901dd30a4843: dummy_return_one(x)
[11:47:27.413] [INFO] [run] subject=13, session=4, speed=8, trial=1, x__rid_x=37fdaf96c85a8829: dummy_return_one(x)
[11:47:27.417] [INFO] [run] subject=13, session=4, speed=8, trial=2, x__rid_x=0d0f39422c793a2b: dummy_return_one(x)
[11:47:27.417] [INFO] [run] subject=13, session=4, speed=8, trial=3, x__rid_x=fa54aa848d151c5a: dummy_return_one(x)
[11:47:27.418] [INFO] [run] subject=13, session=4, speed=8, trial=4, x__rid_x=9839f32caefcfb9d: dummy_return_one(x)
[11:47:27.422] [INFO] [run] subject=13, session=4, speed=8, trial=5, x__rid_x=7545ab935fc83c5a: dummy_return_one(x)
[11:47:27.422] [INFO] [run] subject=13, session=4, speed=8, trial=6, x__rid_x=47c8e362db639d0d: dummy_return_one(x)
[11:47:27.424] [INFO] [run] subject=13, session=4, speed=8, trial=7, x__rid_x=3fbc95303a0d97d8: dummy_return_one(x)
[11:47:27.427] [INFO] [run] subject=13, session=4, speed=9, trial=1, x__rid_x=bf7613b8413fa4e0: dummy_return_one(x)
[11:47:27.428] [INFO] [run] subject=13, session=4, speed=9, trial=2, x__rid_x=4b820806c12fa3af: dummy_return_one(x)
[11:47:27.428] [INFO] [run] subject=13, session=4, speed=9, trial=3, x__rid_x=52ae92fb53531e2e: dummy_return_one(x)
[11:47:27.432] [INFO] [run] subject=13, session=4, speed=9, trial=4, x__rid_x=9725d2edc4d864a2: dummy_return_one(x)
[11:47:27.433] [INFO] [run] subject=13, session=4, speed=9, trial=5, x__rid_x=9360be5953982590: dummy_return_one(x)
[11:47:27.433] [INFO] [run] subject=13, session=4, speed=9, trial=6, x__rid_x=d8f85d871b7fc459: dummy_return_one(x)
[11:47:27.437] [INFO] [run] subject=13, session=4, speed=9, trial=7, x__rid_x=9e19379824ca5551: dummy_return_one(x)
[11:47:27.438] [INFO] [run] subject=13, session=5, speed=1, trial=1, x__rid_x=ece04c8a6fe5e3ee: dummy_return_one(x)
[11:47:27.438] [INFO] [run] subject=13, session=5, speed=1, trial=2, x__rid_x=daded67d40e99c7d: dummy_return_one(x)
[11:47:27.442] [INFO] [run] subject=13, session=5, speed=1, trial=3, x__rid_x=f12f62b67f810163: dummy_return_one(x)
[11:47:27.444] [INFO] [run] subject=13, session=5, speed=1, trial=4, x__rid_x=e3360ae0bd70c163: dummy_return_one(x)
[11:47:27.447] [INFO] [run] subject=13, session=5, speed=1, trial=5, x__rid_x=8d3943c975f5890c: dummy_return_one(x)
[11:47:27.448] [INFO] [run] subject=13, session=5, speed=1, trial=6, x__rid_x=bb7b89c5d14d0251: dummy_return_one(x)
[11:47:27.449] [INFO] [run] subject=13, session=5, speed=1, trial=7, x__rid_x=723f3af03760da1d: dummy_return_one(x)
[11:47:27.452] [INFO] [run] subject=13, session=5, speed=10, trial=1, x__rid_x=e75a91e0d3c10a11: dummy_return_one(x)
[11:47:27.453] [INFO] [run] subject=13, session=5, speed=10, trial=2, x__rid_x=df0119ccaa400485: dummy_return_one(x)
[11:47:27.454] [INFO] [run] subject=13, session=5, speed=10, trial=3, x__rid_x=ffe514209febddff: dummy_return_one(x)
[11:47:27.458] [INFO] [run] subject=13, session=5, speed=10, trial=4, x__rid_x=b49280f812001ff5: dummy_return_one(x)
[11:47:27.459] [INFO] [run] subject=13, session=5, speed=10, trial=5, x__rid_x=fd08fa0a3495790b: dummy_return_one(x)
[11:47:27.459] [INFO] [run] subject=13, session=5, speed=10, trial=6, x__rid_x=f17012dcfda32777: dummy_return_one(x)
[11:47:27.463] [INFO] [run] subject=13, session=5, speed=10, trial=7, x__rid_x=071530aeaff178ab: dummy_return_one(x)
[11:47:27.464] [INFO] [run] subject=13, session=5, speed=2, trial=1, x__rid_x=9e0a690880f1aba5: dummy_return_one(x)
[11:47:27.464] [INFO] [run] subject=13, session=5, speed=2, trial=2, x__rid_x=8a8e039f011ddb68: dummy_return_one(x)
[11:47:27.468] [INFO] [run] subject=13, session=5, speed=2, trial=3, x__rid_x=53b1b780966bdb49: dummy_return_one(x)
[11:47:27.469] [INFO] [run] subject=13, session=5, speed=2, trial=4, x__rid_x=1bc34164e3835959: dummy_return_one(x)
[11:47:27.469] [INFO] [run] subject=13, session=5, speed=2, trial=5, x__rid_x=b6b1664f756483fc: dummy_return_one(x)
[11:47:27.473] [INFO] [run] subject=13, session=5, speed=2, trial=6, x__rid_x=b0998664d4d127b1: dummy_return_one(x)
[11:47:27.474] [INFO] [run] subject=13, session=5, speed=2, trial=7, x__rid_x=4b3645b712a99101: dummy_return_one(x)
[11:47:27.475] [INFO] [run] subject=13, session=5, speed=3, trial=1, x__rid_x=5639a985b80d00d9: dummy_return_one(x)
[11:47:27.478] [INFO] [run] subject=13, session=5, speed=3, trial=2, x__rid_x=c776bcc163edd087: dummy_return_one(x)
[11:47:27.479] [INFO] [run] subject=13, session=5, speed=3, trial=3, x__rid_x=ade636232d012b4c: dummy_return_one(x)
[11:47:27.480] [INFO] [run] subject=13, session=5, speed=3, trial=4, x__rid_x=cdc8d47803d386e5: dummy_return_one(x)
[11:47:27.483] [INFO] [run] subject=13, session=5, speed=3, trial=5, x__rid_x=0cad2ec7c5ac1c53: dummy_return_one(x)
[11:47:27.484] [INFO] [run] subject=13, session=5, speed=3, trial=6, x__rid_x=b332bfb8b3577e02: dummy_return_one(x)
[11:47:27.485] [INFO] [run] subject=13, session=5, speed=3, trial=7, x__rid_x=35a81b3dea269381: dummy_return_one(x)
[11:47:27.488] [INFO] [run] subject=13, session=5, speed=4, trial=1, x__rid_x=25130257fd78a770: dummy_return_one(x)
[11:47:27.490] [INFO] [run] subject=13, session=5, speed=4, trial=2, x__rid_x=3d1dc49f800c3137: dummy_return_one(x)
[11:47:27.494] [INFO] [run] subject=13, session=5, speed=4, trial=3, x__rid_x=519361331da3ccdf: dummy_return_one(x)
[11:47:27.495] [INFO] [run] subject=13, session=5, speed=4, trial=4, x__rid_x=2d6babdeb118da6d: dummy_return_one(x)
[11:47:27.499] [INFO] [run] subject=13, session=5, speed=4, trial=5, x__rid_x=291a801c34e65b91: dummy_return_one(x)
[11:47:27.499] [INFO] [run] subject=13, session=5, speed=4, trial=6, x__rid_x=76a03630f263dfde: dummy_return_one(x)
[11:47:27.500] [INFO] [run] subject=13, session=5, speed=4, trial=7, x__rid_x=b53f65c6892b90c0: dummy_return_one(x)
[11:47:27.504] [INFO] [run] subject=13, session=5, speed=5, trial=1, x__rid_x=c62e7797e4959b29: dummy_return_one(x)
[11:47:27.504] [INFO] [run] subject=13, session=5, speed=5, trial=2, x__rid_x=0ff964c39fcf6ad5: dummy_return_one(x)
[11:47:27.505] [INFO] [run] subject=13, session=5, speed=5, trial=3, x__rid_x=7366eeca097aff7e: dummy_return_one(x)
[11:47:27.509] [INFO] [run] subject=13, session=5, speed=5, trial=4, x__rid_x=3b365a6daacfeb48: dummy_return_one(x)
[11:47:27.510] [INFO] [run] subject=13, session=5, speed=5, trial=5, x__rid_x=837d2fd718d4bfd0: dummy_return_one(x)
[11:47:27.514] [INFO] [run] subject=13, session=5, speed=5, trial=6, x__rid_x=30e8b336660c2977: dummy_return_one(x)
[11:47:27.515] [INFO] [run] subject=13, session=5, speed=5, trial=7, x__rid_x=05e54376b95b2c72: dummy_return_one(x)
[11:47:27.520] [INFO] [run] subject=13, session=5, speed=6, trial=1, x__rid_x=8f5050cef6c6cce2: dummy_return_one(x)
[11:47:27.521] [INFO] [run] subject=13, session=5, speed=6, trial=2, x__rid_x=c05e1cd28f148094: dummy_return_one(x)
[11:47:27.521] [INFO] [run] subject=13, session=5, speed=6, trial=3, x__rid_x=f2944e641632715c: dummy_return_one(x)
[11:47:27.525] [INFO] [run] subject=13, session=5, speed=6, trial=4, x__rid_x=8a2faee0dd90fcb3: dummy_return_one(x)
[11:47:27.526] [INFO] [run] subject=13, session=5, speed=6, trial=5, x__rid_x=19e36c0c3932e436: dummy_return_one(x)
[11:47:27.530] [INFO] [run] subject=13, session=5, speed=6, trial=6, x__rid_x=b8e4102d53d105f5: dummy_return_one(x)
[11:47:27.531] [INFO] [run] subject=13, session=5, speed=6, trial=7, x__rid_x=a70fc61158375907: dummy_return_one(x)
[11:47:27.532] [INFO] [run] subject=13, session=5, speed=7, trial=1, x__rid_x=28d7b1ef03a1b227: dummy_return_one(x)
[11:47:27.535] [INFO] [run] subject=13, session=5, speed=7, trial=2, x__rid_x=5ed5cdcdd425b586: dummy_return_one(x)
[11:47:27.536] [INFO] [run] subject=13, session=5, speed=7, trial=3, x__rid_x=56f3f4fd3652ec9e: dummy_return_one(x)
[11:47:27.537] [INFO] [run] subject=13, session=5, speed=7, trial=4, x__rid_x=75b5421ca129b3e9: dummy_return_one(x)
[11:47:27.541] [INFO] [run] subject=13, session=5, speed=7, trial=5, x__rid_x=fb65bf151b6de544: dummy_return_one(x)
[11:47:27.542] [INFO] [run] subject=13, session=5, speed=7, trial=6, x__rid_x=c6cbf51263e6a365: dummy_return_one(x)
[11:47:27.546] [INFO] [run] subject=13, session=5, speed=7, trial=7, x__rid_x=3b5c7c4cf293c7b6: dummy_return_one(x)
[11:47:27.546] [INFO] [run] subject=13, session=5, speed=8, trial=1, x__rid_x=ec78955eed3e8896: dummy_return_one(x)
[11:47:27.547] [INFO] [run] subject=13, session=5, speed=8, trial=2, x__rid_x=762be1c10116fa1f: dummy_return_one(x)
[11:47:27.551] [INFO] [run] subject=13, session=5, speed=8, trial=3, x__rid_x=790319d26a153b55: dummy_return_one(x)
[11:47:27.551] [INFO] [run] subject=13, session=5, speed=8, trial=4, x__rid_x=fc36221364a794cf: dummy_return_one(x)
[11:47:27.552] [INFO] [run] subject=13, session=5, speed=8, trial=5, x__rid_x=5c4c3bd84efb7e44: dummy_return_one(x)
[11:47:27.556] [INFO] [run] subject=13, session=5, speed=8, trial=6, x__rid_x=8e189fa0970af50f: dummy_return_one(x)
[11:47:27.557] [INFO] [run] subject=13, session=5, speed=8, trial=7, x__rid_x=3f30bba2d11c0705: dummy_return_one(x)
[11:47:27.558] [INFO] [run] subject=13, session=5, speed=9, trial=1, x__rid_x=283331b2af9567b9: dummy_return_one(x)
[11:47:27.561] [INFO] [run] subject=13, session=5, speed=9, trial=2, x__rid_x=c57464d00aa1c0f0: dummy_return_one(x)
[11:47:27.562] [INFO] [run] subject=13, session=5, speed=9, trial=3, x__rid_x=b3fa9127ff172030: dummy_return_one(x)
[11:47:27.562] [INFO] [run] subject=13, session=5, speed=9, trial=4, x__rid_x=13d69bfdca4cd09d: dummy_return_one(x)
[11:47:27.566] [INFO] [run] subject=13, session=5, speed=9, trial=5, x__rid_x=fc09839e49e6408d: dummy_return_one(x)
[11:47:27.567] [INFO] [run] subject=13, session=5, speed=9, trial=6, x__rid_x=5332110eef8c8c76: dummy_return_one(x)
[11:47:27.568] [INFO] [run] subject=13, session=5, speed=9, trial=7, x__rid_x=b5e105d43fc33233: dummy_return_one(x)
[11:47:27.571] [INFO] [run] subject=14, session=1, speed=1, trial=1, x__rid_x=046eb69257a6f98d: dummy_return_one(x)
[11:47:27.573] [INFO] [run] subject=14, session=1, speed=1, trial=2, x__rid_x=354006fff277bd1b: dummy_return_one(x)
[11:47:27.573] [INFO] [run] subject=14, session=1, speed=1, trial=3, x__rid_x=bf38c34c89d21d71: dummy_return_one(x)
[11:47:27.577] [INFO] [run] subject=14, session=1, speed=1, trial=4, x__rid_x=0c11fc83b64e5fa5: dummy_return_one(x)
[11:47:27.577] [INFO] [run] subject=14, session=1, speed=1, trial=5, x__rid_x=d8dd8e64c262ad73: dummy_return_one(x)
[11:47:27.578] [INFO] [run] subject=14, session=1, speed=1, trial=6, x__rid_x=6eff6b876f93fdf4: dummy_return_one(x)
[11:47:27.582] [INFO] [run] subject=14, session=1, speed=1, trial=7, x__rid_x=56b33752160bacd7: dummy_return_one(x)
[11:47:27.583] [INFO] [run] subject=14, session=1, speed=10, trial=1, x__rid_x=f83a7b7bda04f0ae: dummy_return_one(x)
[11:47:27.583] [INFO] [run] subject=14, session=1, speed=10, trial=2, x__rid_x=b6e6d3f33daea8f0: dummy_return_one(x)
[11:47:27.587] [INFO] [run] subject=14, session=1, speed=10, trial=3, x__rid_x=f57850612e6fa62e: dummy_return_one(x)
[11:47:27.588] [INFO] [run] subject=14, session=1, speed=10, trial=4, x__rid_x=20dea62451f23c15: dummy_return_one(x)
[11:47:27.589] [INFO] [run] subject=14, session=1, speed=10, trial=5, x__rid_x=7f4138200c7c77b8: dummy_return_one(x)
[11:47:27.592] [INFO] [run] subject=14, session=1, speed=10, trial=6, x__rid_x=a15910fb8fe02b35: dummy_return_one(x)
[11:47:27.593] [INFO] [run] subject=14, session=1, speed=10, trial=7, x__rid_x=a21c7fb6f1e02ee6: dummy_return_one(x)
[11:47:27.594] [INFO] [run] subject=14, session=1, speed=2, trial=1, x__rid_x=3cca49fadf6ca691: dummy_return_one(x)
[11:47:27.597] [INFO] [run] subject=14, session=1, speed=2, trial=2, x__rid_x=c1ba199ef7e17828: dummy_return_one(x)
[11:47:27.598] [INFO] [run] subject=14, session=1, speed=2, trial=3, x__rid_x=7494c4b5b69b2b6b: dummy_return_one(x)
[11:47:27.599] [INFO] [run] subject=14, session=1, speed=2, trial=4, x__rid_x=abd87a3007daeef0: dummy_return_one(x)
[11:47:27.603] [INFO] [run] subject=14, session=1, speed=2, trial=5, x__rid_x=b50d467f4535d363: dummy_return_one(x)
[11:47:27.603] [INFO] [run] subject=14, session=1, speed=2, trial=6, x__rid_x=f019dc0883062582: dummy_return_one(x)
[11:47:27.604] [INFO] [run] subject=14, session=1, speed=2, trial=7, x__rid_x=2033ab691ee2bf31: dummy_return_one(x)
[11:47:27.608] [INFO] [run] subject=14, session=1, speed=3, trial=1, x__rid_x=b7a7ac210add1914: dummy_return_one(x)
[11:47:27.609] [INFO] [run] subject=14, session=1, speed=3, trial=2, x__rid_x=7e31dbbf452ccc0f: dummy_return_one(x)
[11:47:27.610] [INFO] [run] subject=14, session=1, speed=3, trial=3, x__rid_x=74ba849bb396f260: dummy_return_one(x)
[11:47:27.613] [INFO] [run] subject=14, session=1, speed=3, trial=4, x__rid_x=7d8fe6494be3d3ba: dummy_return_one(x)
[11:47:27.614] [INFO] [run] subject=14, session=1, speed=3, trial=5, x__rid_x=59965dbbaadbdab1: dummy_return_one(x)
[11:47:27.614] [INFO] [run] subject=14, session=1, speed=3, trial=6, x__rid_x=28e6808cf311eb5b: dummy_return_one(x)
[11:47:27.618] [INFO] [run] subject=14, session=1, speed=3, trial=7, x__rid_x=5aae71e63037ac6f: dummy_return_one(x)
[11:47:27.619] [INFO] [run] subject=14, session=1, speed=4, trial=1, x__rid_x=f2d441dbc8815ce3: dummy_return_one(x)
[11:47:27.620] [INFO] [run] subject=14, session=1, speed=4, trial=2, x__rid_x=00c8f05f980cccef: dummy_return_one(x)
[11:47:27.624] [INFO] [run] subject=14, session=1, speed=4, trial=3, x__rid_x=ec2232aba22d456b: dummy_return_one(x)
[11:47:27.625] [INFO] [run] subject=14, session=1, speed=4, trial=4, x__rid_x=458cdd1e66d17dfd: dummy_return_one(x)
[11:47:27.625] [INFO] [run] subject=14, session=1, speed=4, trial=5, x__rid_x=d7d94e5ca049160b: dummy_return_one(x)
[11:47:27.629] [INFO] [run] subject=14, session=1, speed=4, trial=6, x__rid_x=8643b9c12ea4cb43: dummy_return_one(x)
[11:47:27.630] [INFO] [run] subject=14, session=1, speed=4, trial=7, x__rid_x=6ab0e3f0cbbb09a1: dummy_return_one(x)
[11:47:27.630] [INFO] [run] subject=14, session=1, speed=5, trial=1, x__rid_x=d3c5b2f499834f17: dummy_return_one(x)
[11:47:27.634] [INFO] [run] subject=14, session=1, speed=5, trial=2, x__rid_x=80660aa297cd25c8: dummy_return_one(x)
[11:47:27.635] [INFO] [run] subject=14, session=1, speed=5, trial=3, x__rid_x=8811e1900eed2bbc: dummy_return_one(x)
[11:47:27.635] [INFO] [run] subject=14, session=1, speed=5, trial=4, x__rid_x=4d3c04c8f7651299: dummy_return_one(x)
[11:47:27.639] [INFO] [run] subject=14, session=1, speed=5, trial=5, x__rid_x=53a02b16af615ab3: dummy_return_one(x)
[11:47:27.640] [INFO] [run] subject=14, session=1, speed=5, trial=6, x__rid_x=0a2334f12222c21e: dummy_return_one(x)
[11:47:27.641] [INFO] [run] subject=14, session=1, speed=5, trial=7, x__rid_x=ae33d52e8c9bdff4: dummy_return_one(x)
[11:47:27.644] [INFO] [run] subject=14, session=1, speed=6, trial=1, x__rid_x=17ef5620e936158f: dummy_return_one(x)
[11:47:27.645] [INFO] [run] subject=14, session=1, speed=6, trial=2, x__rid_x=625cf43baa02c872: dummy_return_one(x)
[11:47:27.646] [INFO] [run] subject=14, session=1, speed=6, trial=3, x__rid_x=2c606cf0f7a79078: dummy_return_one(x)
[11:47:27.650] [INFO] [run] subject=14, session=1, speed=6, trial=4, x__rid_x=9c2474319774444b: dummy_return_one(x)
[11:47:27.650] [INFO] [run] subject=14, session=1, speed=6, trial=5, x__rid_x=da929b8bfe068f89: dummy_return_one(x)
[11:47:27.651] [INFO] [run] subject=14, session=1, speed=6, trial=6, x__rid_x=0f28e8b1c79a32ed: dummy_return_one(x)
[11:47:27.655] [INFO] [run] subject=14, session=1, speed=6, trial=7, x__rid_x=4d7b6fcd7269d086: dummy_return_one(x)
[11:47:27.656] [INFO] [run] subject=14, session=1, speed=7, trial=1, x__rid_x=5c84142c1c865ce1: dummy_return_one(x)
[11:47:27.657] [INFO] [run] subject=14, session=1, speed=7, trial=2, x__rid_x=1d3c72c4b3b500e1: dummy_return_one(x)
[11:47:27.660] [INFO] [run] subject=14, session=1, speed=7, trial=3, x__rid_x=e9405aff675bba04: dummy_return_one(x)
[11:47:27.661] [INFO] [run] subject=14, session=1, speed=7, trial=4, x__rid_x=78e08e0b100e3dfd: dummy_return_one(x)
[11:47:27.662] [INFO] [run] subject=14, session=1, speed=7, trial=5, x__rid_x=4ba3d9c6ab2d83c4: dummy_return_one(x)
[11:47:27.665] [INFO] [run] subject=14, session=1, speed=7, trial=6, x__rid_x=9de85fe33ed1daef: dummy_return_one(x)
[11:47:27.666] [INFO] [run] subject=14, session=1, speed=7, trial=7, x__rid_x=52dec5816e79e985: dummy_return_one(x)
[11:47:27.667] [INFO] [run] subject=14, session=1, speed=8, trial=1, x__rid_x=2bf8c57c091738fe: dummy_return_one(x)
[11:47:27.671] [INFO] [run] subject=14, session=1, speed=8, trial=2, x__rid_x=12746fc28b81280d: dummy_return_one(x)
[11:47:27.671] [INFO] [run] subject=14, session=1, speed=8, trial=3, x__rid_x=c9f0ebe4bb667c8e: dummy_return_one(x)
[11:47:27.672] [INFO] [run] subject=14, session=1, speed=8, trial=4, x__rid_x=777854f13a26e39d: dummy_return_one(x)
[11:47:27.676] [INFO] [run] subject=14, session=1, speed=8, trial=5, x__rid_x=7852cf8e1753da7a: dummy_return_one(x)
[11:47:27.677] [INFO] [run] subject=14, session=1, speed=8, trial=6, x__rid_x=43702b393d98c2bd: dummy_return_one(x)
[11:47:27.677] [INFO] [run] subject=14, session=1, speed=8, trial=7, x__rid_x=97de3b6ad639b86c: dummy_return_one(x)
[11:47:27.681] [INFO] [run] subject=14, session=1, speed=9, trial=1, x__rid_x=bbff18e15d65204f: dummy_return_one(x)
[11:47:27.682] [INFO] [run] subject=14, session=1, speed=9, trial=2, x__rid_x=3b6d3429505ff91a: dummy_return_one(x)
[11:47:27.683] [INFO] [run] subject=14, session=1, speed=9, trial=3, x__rid_x=20f10854c1b7ecf6: dummy_return_one(x)
[11:47:27.686] [INFO] [run] subject=14, session=1, speed=9, trial=4, x__rid_x=f5afe30d6356110e: dummy_return_one(x)
[11:47:27.687] [INFO] [run] subject=14, session=1, speed=9, trial=5, x__rid_x=24611fb94bf30613: dummy_return_one(x)
[11:47:27.688] [INFO] [run] subject=14, session=1, speed=9, trial=6, x__rid_x=c9d740d2b011c745: dummy_return_one(x)
[11:47:27.692] [INFO] [run] subject=14, session=1, speed=9, trial=7, x__rid_x=5832c98bf01cff8f: dummy_return_one(x)
[11:47:27.693] [INFO] [run] subject=14, session=2, speed=1, trial=1, x__rid_x=82443c6c68c5aa5a: dummy_return_one(x)
[11:47:27.697] [INFO] [run] subject=14, session=2, speed=1, trial=2, x__rid_x=0965c48b5258b2f7: dummy_return_one(x)
[11:47:27.698] [INFO] [run] subject=14, session=2, speed=1, trial=3, x__rid_x=6c5662d22b93e301: dummy_return_one(x)
[11:47:27.699] [INFO] [run] subject=14, session=2, speed=1, trial=4, x__rid_x=218a5c656520a72b: dummy_return_one(x)
[11:47:27.702] [INFO] [run] subject=14, session=2, speed=1, trial=5, x__rid_x=7495df50dcfe4b90: dummy_return_one(x)
[11:47:27.703] [INFO] [run] subject=14, session=2, speed=1, trial=6, x__rid_x=18c8dcbbbaa2798b: dummy_return_one(x)
[11:47:27.704] [INFO] [run] subject=14, session=2, speed=1, trial=7, x__rid_x=ae2b9e5d0dcfc2da: dummy_return_one(x)
[11:47:27.708] [INFO] [run] subject=14, session=2, speed=10, trial=1, x__rid_x=0dbbe7bab8cdc0aa: dummy_return_one(x)
[11:47:27.709] [INFO] [run] subject=14, session=2, speed=10, trial=2, x__rid_x=ff9595c4f906b0ca: dummy_return_one(x)
[11:47:27.713] [INFO] [run] subject=14, session=2, speed=10, trial=3, x__rid_x=1c1a8480090c51c5: dummy_return_one(x)
[11:47:27.714] [INFO] [run] subject=14, session=2, speed=10, trial=4, x__rid_x=dd266fd111657314: dummy_return_one(x)
[11:47:27.715] [INFO] [run] subject=14, session=2, speed=10, trial=5, x__rid_x=265cce64cc312152: dummy_return_one(x)
[11:47:27.718] [INFO] [run] subject=14, session=2, speed=10, trial=6, x__rid_x=451dce0c2a4c561f: dummy_return_one(x)
[11:47:27.719] [INFO] [run] subject=14, session=2, speed=10, trial=7, x__rid_x=ae78e740537b962e: dummy_return_one(x)
[11:47:27.720] [INFO] [run] subject=14, session=2, speed=2, trial=1, x__rid_x=20f736f07f52997e: dummy_return_one(x)
[11:47:27.724] [INFO] [run] subject=14, session=2, speed=2, trial=2, x__rid_x=5214776e5ecb6957: dummy_return_one(x)
[11:47:27.725] [INFO] [run] subject=14, session=2, speed=2, trial=3, x__rid_x=050bd610e739cd62: dummy_return_one(x)
[11:47:27.725] [INFO] [run] subject=14, session=2, speed=2, trial=4, x__rid_x=de41bfe4062720a2: dummy_return_one(x)
[11:47:27.729] [INFO] [run] subject=14, session=2, speed=2, trial=5, x__rid_x=805c5105e02261e3: dummy_return_one(x)
[11:47:27.730] [INFO] [run] subject=14, session=2, speed=2, trial=6, x__rid_x=919907c336fc272f: dummy_return_one(x)
[11:47:27.731] [INFO] [run] subject=14, session=2, speed=2, trial=7, x__rid_x=4c4f0db19522539b: dummy_return_one(x)
[11:47:27.734] [INFO] [run] subject=14, session=2, speed=3, trial=1, x__rid_x=e652fc0035c5d8ef: dummy_return_one(x)
[11:47:27.735] [INFO] [run] subject=14, session=2, speed=3, trial=2, x__rid_x=beebf5790bd7aa72: dummy_return_one(x)
[11:47:27.736] [INFO] [run] subject=14, session=2, speed=3, trial=3, x__rid_x=296374e2ac234cbc: dummy_return_one(x)
[11:47:27.740] [INFO] [run] subject=14, session=2, speed=3, trial=4, x__rid_x=a6f59ad3ade8d7f0: dummy_return_one(x)
[11:47:27.741] [INFO] [run] subject=14, session=2, speed=3, trial=5, x__rid_x=05e1e9fe0dc90264: dummy_return_one(x)
[11:47:27.741] [INFO] [run] subject=14, session=2, speed=3, trial=6, x__rid_x=be26435b3a6b9c92: dummy_return_one(x)
[11:47:27.745] [INFO] [run] subject=14, session=2, speed=3, trial=7, x__rid_x=1ca934386431b0de: dummy_return_one(x)
[11:47:27.746] [INFO] [run] subject=14, session=2, speed=4, trial=1, x__rid_x=e1e2f50a7169937d: dummy_return_one(x)
[11:47:27.746] [INFO] [run] subject=14, session=2, speed=4, trial=2, x__rid_x=4c1e49cefb3b1d53: dummy_return_one(x)
[11:47:27.750] [INFO] [run] subject=14, session=2, speed=4, trial=3, x__rid_x=7b10a26d8236b366: dummy_return_one(x)
[11:47:27.751] [INFO] [run] subject=14, session=2, speed=4, trial=4, x__rid_x=b58293ee95fd05c5: dummy_return_one(x)
[11:47:27.752] [INFO] [run] subject=14, session=2, speed=4, trial=5, x__rid_x=212c30808ae2b920: dummy_return_one(x)
[11:47:27.755] [INFO] [run] subject=14, session=2, speed=4, trial=6, x__rid_x=cd84484e8902067d: dummy_return_one(x)
[11:47:27.756] [INFO] [run] subject=14, session=2, speed=4, trial=7, x__rid_x=fd9b0d20472c3fdb: dummy_return_one(x)
[11:47:27.757] [INFO] [run] subject=14, session=2, speed=5, trial=1, x__rid_x=4a30cd1d38cc8559: dummy_return_one(x)
[11:47:27.761] [INFO] [run] subject=14, session=2, speed=5, trial=2, x__rid_x=e72382f824f9d0db: dummy_return_one(x)
[11:47:27.762] [INFO] [run] subject=14, session=2, speed=5, trial=3, x__rid_x=debd496c37c3e811: dummy_return_one(x)
[11:47:27.762] [INFO] [run] subject=14, session=2, speed=5, trial=4, x__rid_x=82326e84f58f22ba: dummy_return_one(x)
[11:47:27.766] [INFO] [run] subject=14, session=2, speed=5, trial=5, x__rid_x=27a0f5d877b914cf: dummy_return_one(x)
[11:47:27.767] [INFO] [run] subject=14, session=2, speed=5, trial=6, x__rid_x=3ee2ee84f8ccacee: dummy_return_one(x)
[11:47:27.768] [INFO] [run] subject=14, session=2, speed=5, trial=7, x__rid_x=1ae80c1fb618d9c5: dummy_return_one(x)
[11:47:27.771] [INFO] [run] subject=14, session=2, speed=6, trial=1, x__rid_x=f21597408d31eedf: dummy_return_one(x)
[11:47:27.772] [INFO] [run] subject=14, session=2, speed=6, trial=2, x__rid_x=b3d1ca06b785c2e3: dummy_return_one(x)
[11:47:27.773] [INFO] [run] subject=14, session=2, speed=6, trial=3, x__rid_x=938f0faea3f147c0: dummy_return_one(x)
[11:47:27.777] [INFO] [run] subject=14, session=2, speed=6, trial=4, x__rid_x=96653edb12032f8b: dummy_return_one(x)
[11:47:27.778] [INFO] [run] subject=14, session=2, speed=6, trial=5, x__rid_x=622cec8035f91c12: dummy_return_one(x)
[11:47:27.778] [INFO] [run] subject=14, session=2, speed=6, trial=6, x__rid_x=1fa94bb1e3f16d79: dummy_return_one(x)
[11:47:27.782] [INFO] [run] subject=14, session=2, speed=6, trial=7, x__rid_x=4f543f9732b88608: dummy_return_one(x)
[11:47:27.783] [INFO] [run] subject=14, session=2, speed=7, trial=1, x__rid_x=2365c2bfe2dd71aa: dummy_return_one(x)
[11:47:27.784] [INFO] [run] subject=14, session=2, speed=7, trial=2, x__rid_x=86f827b309c5b1c4: dummy_return_one(x)
[11:47:27.788] [INFO] [run] subject=14, session=2, speed=7, trial=3, x__rid_x=f249fcba30e7235f: dummy_return_one(x)
[11:47:27.788] [INFO] [run] subject=14, session=2, speed=7, trial=4, x__rid_x=a07a8cd735a288d9: dummy_return_one(x)
[11:47:27.789] [INFO] [run] subject=14, session=2, speed=7, trial=5, x__rid_x=cb71adf01b3d7368: dummy_return_one(x)
[11:47:27.793] [INFO] [run] subject=14, session=2, speed=7, trial=6, x__rid_x=df79eb0e44e8d49e: dummy_return_one(x)
[11:47:27.794] [INFO] [run] subject=14, session=2, speed=7, trial=7, x__rid_x=643ad24a61a75223: dummy_return_one(x)
[11:47:27.795] [INFO] [run] subject=14, session=2, speed=8, trial=1, x__rid_x=482ad86441a88ca8: dummy_return_one(x)
[11:47:27.799] [INFO] [run] subject=14, session=2, speed=8, trial=2, x__rid_x=50bd7813fae88027: dummy_return_one(x)
[11:47:27.799] [INFO] [run] subject=14, session=2, speed=8, trial=3, x__rid_x=02aa864cb8efd2fc: dummy_return_one(x)
[11:47:27.800] [INFO] [run] subject=14, session=2, speed=8, trial=4, x__rid_x=81dfa9183cd6697d: dummy_return_one(x)
[11:47:27.804] [INFO] [run] subject=14, session=2, speed=8, trial=5, x__rid_x=66cdb03032e48063: dummy_return_one(x)
[11:47:27.805] [INFO] [run] subject=14, session=2, speed=8, trial=6, x__rid_x=2ce4ad8ff792f577: dummy_return_one(x)
[11:47:27.806] [INFO] [run] subject=14, session=2, speed=8, trial=7, x__rid_x=2b5cb3424b7de2b1: dummy_return_one(x)
[11:47:27.810] [INFO] [run] subject=14, session=2, speed=9, trial=1, x__rid_x=688ee71e4660e6b1: dummy_return_one(x)
[11:47:27.811] [INFO] [run] subject=14, session=2, speed=9, trial=2, x__rid_x=aedcd00b32387da3: dummy_return_one(x)
[11:47:27.811] [INFO] [run] subject=14, session=2, speed=9, trial=3, x__rid_x=32091a5e9dfe9bf7: dummy_return_one(x)
[11:47:27.815] [INFO] [run] subject=14, session=2, speed=9, trial=4, x__rid_x=11becd47aa123666: dummy_return_one(x)
[11:47:27.816] [INFO] [run] subject=14, session=2, speed=9, trial=5, x__rid_x=9eb4e3bac3710092: dummy_return_one(x)
[11:47:27.817] [INFO] [run] subject=14, session=2, speed=9, trial=6, x__rid_x=e27f49df19be4ba9: dummy_return_one(x)
[11:47:27.821] [INFO] [run] subject=14, session=2, speed=9, trial=7, x__rid_x=e137f989a6d8f720: dummy_return_one(x)
[11:47:27.822] [INFO] [run] subject=14, session=3, speed=1, trial=1, x__rid_x=11a884c69f568da5: dummy_return_one(x)
[11:47:27.826] [INFO] [run] subject=14, session=3, speed=1, trial=2, x__rid_x=b97389c2bcc4299d: dummy_return_one(x)
[11:47:27.827] [INFO] [run] subject=14, session=3, speed=1, trial=3, x__rid_x=3afd48ba29c21978: dummy_return_one(x)
[11:47:27.828] [INFO] [run] subject=14, session=3, speed=1, trial=4, x__rid_x=2febd2757772236c: dummy_return_one(x)
[11:47:27.832] [INFO] [run] subject=14, session=3, speed=1, trial=5, x__rid_x=33b827c125542a52: dummy_return_one(x)
[11:47:27.832] [INFO] [run] subject=14, session=3, speed=1, trial=6, x__rid_x=91aa13818cbff016: dummy_return_one(x)
[11:47:27.833] [INFO] [run] subject=14, session=3, speed=1, trial=7, x__rid_x=21cfe457c647a4a3: dummy_return_one(x)
[11:47:27.837] [INFO] [run] subject=14, session=3, speed=10, trial=1, x__rid_x=fae288c918794310: dummy_return_one(x)
[11:47:27.838] [INFO] [run] subject=14, session=3, speed=10, trial=2, x__rid_x=b69728aec36c6554: dummy_return_one(x)
[11:47:27.839] [INFO] [run] subject=14, session=3, speed=10, trial=3, x__rid_x=b59a1e8749e18c34: dummy_return_one(x)
[11:47:27.843] [INFO] [run] subject=14, session=3, speed=10, trial=4, x__rid_x=cf7db6bcaaade487: dummy_return_one(x)
[11:47:27.844] [INFO] [run] subject=14, session=3, speed=10, trial=5, x__rid_x=c2f79bfa3242d8d0: dummy_return_one(x)
[11:47:27.848] [INFO] [run] subject=14, session=3, speed=10, trial=6, x__rid_x=c27ed872a4f29c91: dummy_return_one(x)
[11:47:27.849] [INFO] [run] subject=14, session=3, speed=10, trial=7, x__rid_x=25dc08595f98c421: dummy_return_one(x)
[11:47:27.853] [INFO] [run] subject=14, session=3, speed=2, trial=1, x__rid_x=04775839204e5d0f: dummy_return_one(x)
[11:47:27.854] [INFO] [run] subject=14, session=3, speed=2, trial=2, x__rid_x=f93db71d1496d93a: dummy_return_one(x)
[11:47:27.855] [INFO] [run] subject=14, session=3, speed=2, trial=3, x__rid_x=e4a24a19a6d31c3f: dummy_return_one(x)
[11:47:27.859] [INFO] [run] subject=14, session=3, speed=2, trial=4, x__rid_x=afee990e1129523e: dummy_return_one(x)
[11:47:27.860] [INFO] [run] subject=14, session=3, speed=2, trial=5, x__rid_x=42e88243efdbdf0d: dummy_return_one(x)
[11:47:27.864] [INFO] [run] subject=14, session=3, speed=2, trial=6, x__rid_x=deaf32bfa0fd0389: dummy_return_one(x)
[11:47:27.865] [INFO] [run] subject=14, session=3, speed=2, trial=7, x__rid_x=d6463bba21de2f56: dummy_return_one(x)
[11:47:27.866] [INFO] [run] subject=14, session=3, speed=3, trial=1, x__rid_x=a520f35b50cf3ea0: dummy_return_one(x)
[11:47:27.870] [INFO] [run] subject=14, session=3, speed=3, trial=2, x__rid_x=f2995632b46d58e3: dummy_return_one(x)
[11:47:27.870] [INFO] [run] subject=14, session=3, speed=3, trial=3, x__rid_x=6a4495322069aef9: dummy_return_one(x)
[11:47:27.871] [INFO] [run] subject=14, session=3, speed=3, trial=4, x__rid_x=e554f842a7421a08: dummy_return_one(x)
[11:47:27.875] [INFO] [run] subject=14, session=3, speed=3, trial=5, x__rid_x=eb99f6e368313de5: dummy_return_one(x)
[11:47:27.876] [INFO] [run] subject=14, session=3, speed=3, trial=6, x__rid_x=768cfae33b0b5f50: dummy_return_one(x)
[11:47:27.880] [INFO] [run] subject=14, session=3, speed=3, trial=7, x__rid_x=cfa244176e195b9a: dummy_return_one(x)
[11:47:27.881] [INFO] [run] subject=14, session=3, speed=4, trial=1, x__rid_x=760867f1a0d38923: dummy_return_one(x)
[11:47:27.882] [INFO] [run] subject=14, session=3, speed=4, trial=2, x__rid_x=b67e57a615e56669: dummy_return_one(x)
[11:47:27.886] [INFO] [run] subject=14, session=3, speed=4, trial=3, x__rid_x=1f7c070a2cd6adac: dummy_return_one(x)
[11:47:27.887] [INFO] [run] subject=14, session=3, speed=4, trial=4, x__rid_x=ccd8205493f7a962: dummy_return_one(x)
[11:47:27.888] [INFO] [run] subject=14, session=3, speed=4, trial=5, x__rid_x=9baf160ee8f90a7d: dummy_return_one(x)
[11:47:27.891] [INFO] [run] subject=14, session=3, speed=4, trial=6, x__rid_x=f487ad7fc0bc2cbb: dummy_return_one(x)
[11:47:27.893] [INFO] [run] subject=14, session=3, speed=4, trial=7, x__rid_x=e329ac4498efe04b: dummy_return_one(x)
[11:47:27.897] [INFO] [run] subject=14, session=3, speed=5, trial=1, x__rid_x=e1bdbc3688b861e8: dummy_return_one(x)
[11:47:27.898] [INFO] [run] subject=14, session=3, speed=5, trial=2, x__rid_x=ce9034a249d0ae5c: dummy_return_one(x)
[11:47:27.898] [INFO] [run] subject=14, session=3, speed=5, trial=3, x__rid_x=22a4878f97d2d8cd: dummy_return_one(x)
[11:47:27.902] [INFO] [run] subject=14, session=3, speed=5, trial=4, x__rid_x=d9586ec8fd9a8f72: dummy_return_one(x)
[11:47:27.903] [INFO] [run] subject=14, session=3, speed=5, trial=5, x__rid_x=3713b749e1380b5c: dummy_return_one(x)
[11:47:27.904] [INFO] [run] subject=14, session=3, speed=5, trial=6, x__rid_x=4eb7848ded5008c1: dummy_return_one(x)
[11:47:27.908] [INFO] [run] subject=14, session=3, speed=5, trial=7, x__rid_x=3385a481b8910da5: dummy_return_one(x)
[11:47:27.909] [INFO] [run] subject=14, session=3, speed=6, trial=1, x__rid_x=a20b86649f0ceb1c: dummy_return_one(x)
[11:47:27.909] [INFO] [run] subject=14, session=3, speed=6, trial=2, x__rid_x=ca9905064560f09b: dummy_return_one(x)
[11:47:27.913] [INFO] [run] subject=14, session=3, speed=6, trial=3, x__rid_x=c41f66400b8b929f: dummy_return_one(x)
[11:47:27.914] [INFO] [run] subject=14, session=3, speed=6, trial=4, x__rid_x=9d9c5544e52e4313: dummy_return_one(x)
[11:47:27.914] [INFO] [run] subject=14, session=3, speed=6, trial=5, x__rid_x=f21e94f3a5a6446b: dummy_return_one(x)
[11:47:27.919] [INFO] [run] subject=14, session=3, speed=6, trial=6, x__rid_x=93dcf98fb60e388f: dummy_return_one(x)
[11:47:27.919] [INFO] [run] subject=14, session=3, speed=6, trial=7, x__rid_x=2577a35f878d741f: dummy_return_one(x)
[11:47:27.920] [INFO] [run] subject=14, session=3, speed=7, trial=1, x__rid_x=1dd40686c1854849: dummy_return_one(x)
[11:47:27.924] [INFO] [run] subject=14, session=3, speed=7, trial=2, x__rid_x=e319cee5b245141f: dummy_return_one(x)
[11:47:27.925] [INFO] [run] subject=14, session=3, speed=7, trial=3, x__rid_x=1d1e6a94f2d67bee: dummy_return_one(x)
[11:47:27.929] [INFO] [run] subject=14, session=3, speed=7, trial=4, x__rid_x=d8ee79e09de7a315: dummy_return_one(x)
[11:47:27.930] [INFO] [run] subject=14, session=3, speed=7, trial=5, x__rid_x=e65926abaae6650f: dummy_return_one(x)
[11:47:27.931] [INFO] [run] subject=14, session=3, speed=7, trial=6, x__rid_x=625202f1254d5187: dummy_return_one(x)
[11:47:27.935] [INFO] [run] subject=14, session=3, speed=7, trial=7, x__rid_x=050e09f40f6e3495: dummy_return_one(x)
[11:47:27.936] [INFO] [run] subject=14, session=3, speed=8, trial=1, x__rid_x=a48f27c50bfe5f88: dummy_return_one(x)
[11:47:27.936] [INFO] [run] subject=14, session=3, speed=8, trial=2, x__rid_x=57c8755b60f47dfd: dummy_return_one(x)
[11:47:27.940] [INFO] [run] subject=14, session=3, speed=8, trial=3, x__rid_x=dd7eca98bef3239c: dummy_return_one(x)
[11:47:27.942] [INFO] [run] subject=14, session=3, speed=8, trial=4, x__rid_x=695b43251709d0ec: dummy_return_one(x)
[11:47:27.946] [INFO] [run] subject=14, session=3, speed=8, trial=5, x__rid_x=29d4381598cbe67b: dummy_return_one(x)
[11:47:27.947] [INFO] [run] subject=14, session=3, speed=8, trial=6, x__rid_x=43151f7901a48d14: dummy_return_one(x)
[11:47:27.947] [INFO] [run] subject=14, session=3, speed=8, trial=7, x__rid_x=3b4f8e192bc018b4: dummy_return_one(x)
[11:47:27.951] [INFO] [run] subject=14, session=3, speed=9, trial=1, x__rid_x=40e504dcfdd0c5cb: dummy_return_one(x)
[11:47:27.952] [INFO] [run] subject=14, session=3, speed=9, trial=2, x__rid_x=c1108b474232372f: dummy_return_one(x)
[11:47:27.953] [INFO] [run] subject=14, session=3, speed=9, trial=3, x__rid_x=3581c5f7bb679194: dummy_return_one(x)
[11:47:27.957] [INFO] [run] subject=14, session=3, speed=9, trial=4, x__rid_x=117588d4f4897d1f: dummy_return_one(x)
[11:47:27.958] [INFO] [run] subject=14, session=3, speed=9, trial=5, x__rid_x=6113865c1ba0b9d7: dummy_return_one(x)
[11:47:27.959] [INFO] [run] subject=14, session=3, speed=9, trial=6, x__rid_x=d9b846ffa3f3ac8e: dummy_return_one(x)
[11:47:27.962] [INFO] [run] subject=14, session=3, speed=9, trial=7, x__rid_x=edbf619cbf964bcc: dummy_return_one(x)
[11:47:27.963] [INFO] [run] subject=14, session=4, speed=1, trial=1, x__rid_x=a3bfed1cd13a340b: dummy_return_one(x)
[11:47:27.964] [INFO] [run] subject=14, session=4, speed=1, trial=2, x__rid_x=22879da34bb3a7ac: dummy_return_one(x)
[11:47:27.968] [INFO] [run] subject=14, session=4, speed=1, trial=3, x__rid_x=75cf7ea1dbafce2b: dummy_return_one(x)
[11:47:27.968] [INFO] [run] subject=14, session=4, speed=1, trial=4, x__rid_x=6e54df03b88ffd60: dummy_return_one(x)
[11:47:27.969] [INFO] [run] subject=14, session=4, speed=1, trial=5, x__rid_x=8108bd073a7c3697: dummy_return_one(x)
[11:47:27.973] [INFO] [run] subject=14, session=4, speed=1, trial=6, x__rid_x=3fd313a797b7be8e: dummy_return_one(x)
[11:47:27.975] [INFO] [run] subject=14, session=4, speed=1, trial=7, x__rid_x=e4efae943ec4fff4: dummy_return_one(x)
[11:47:27.979] [INFO] [run] subject=14, session=4, speed=10, trial=1, x__rid_x=7dae49b329e15754: dummy_return_one(x)
[11:47:27.979] [INFO] [run] subject=14, session=4, speed=10, trial=2, x__rid_x=dd4c09ca391835fb: dummy_return_one(x)
[11:47:27.980] [INFO] [run] subject=14, session=4, speed=10, trial=3, x__rid_x=7329efa978c2d035: dummy_return_one(x)
[11:47:27.984] [INFO] [run] subject=14, session=4, speed=10, trial=4, x__rid_x=52ca31e90c2d603e: dummy_return_one(x)
[11:47:27.985] [INFO] [run] subject=14, session=4, speed=10, trial=5, x__rid_x=64aae0d01f5ca65e: dummy_return_one(x)
[11:47:27.985] [INFO] [run] subject=14, session=4, speed=10, trial=6, x__rid_x=9531347d670d6f46: dummy_return_one(x)
[11:47:27.990] [INFO] [run] subject=14, session=4, speed=10, trial=7, x__rid_x=a6b55f84b9235ee1: dummy_return_one(x)
[11:47:27.991] [INFO] [run] subject=14, session=4, speed=2, trial=1, x__rid_x=c0d2f6bd9c421ed3: dummy_return_one(x)
[11:47:27.995] [INFO] [run] subject=14, session=4, speed=2, trial=2, x__rid_x=6b306384368ec293: dummy_return_one(x)
[11:47:27.996] [INFO] [run] subject=14, session=4, speed=2, trial=3, x__rid_x=18a9b4001083938a: dummy_return_one(x)
[11:47:27.997] [INFO] [run] subject=14, session=4, speed=2, trial=4, x__rid_x=a0a302257e309f0b: dummy_return_one(x)
[11:47:28.001] [INFO] [run] subject=14, session=4, speed=2, trial=5, x__rid_x=db17787fc9889263: dummy_return_one(x)
[11:47:28.001] [INFO] [run] subject=14, session=4, speed=2, trial=6, x__rid_x=3e2a696fc93897a3: dummy_return_one(x)
[11:47:28.002] [INFO] [run] subject=14, session=4, speed=2, trial=7, x__rid_x=028e96860fcb300a: dummy_return_one(x)
[11:47:28.006] [INFO] [run] subject=14, session=4, speed=3, trial=1, x__rid_x=22ccda802d1c8f22: dummy_return_one(x)
[11:47:28.008] [INFO] [run] subject=14, session=4, speed=3, trial=2, x__rid_x=a99bf9c2dbd2d75a: dummy_return_one(x)
[11:47:28.012] [INFO] [run] subject=14, session=4, speed=3, trial=3, x__rid_x=1ce7094b25329408: dummy_return_one(x)
[11:47:28.012] [INFO] [run] subject=14, session=4, speed=3, trial=4, x__rid_x=0a86c45310d080b1: dummy_return_one(x)
[11:47:28.013] [INFO] [run] subject=14, session=4, speed=3, trial=5, x__rid_x=2e2d24d6d16c6ee8: dummy_return_one(x)
[11:47:28.017] [INFO] [run] subject=14, session=4, speed=3, trial=6, x__rid_x=c4ac19245294a88f: dummy_return_one(x)
[11:47:28.018] [INFO] [run] subject=14, session=4, speed=3, trial=7, x__rid_x=875d11d3f8c2b23e: dummy_return_one(x)
[11:47:28.019] [INFO] [run] subject=14, session=4, speed=4, trial=1, x__rid_x=a991e3b72e34e4b3: dummy_return_one(x)
[11:47:28.023] [INFO] [run] subject=14, session=4, speed=4, trial=2, x__rid_x=108d66e93c0d8f33: dummy_return_one(x)
[11:47:28.024] [INFO] [run] subject=14, session=4, speed=4, trial=3, x__rid_x=f191057ca386105f: dummy_return_one(x)
[11:47:28.028] [INFO] [run] subject=14, session=4, speed=4, trial=4, x__rid_x=0baf150325094f9b: dummy_return_one(x)
[11:47:28.029] [INFO] [run] subject=14, session=4, speed=4, trial=5, x__rid_x=575e2acd9e2926d3: dummy_return_one(x)
[11:47:28.030] [INFO] [run] subject=14, session=4, speed=4, trial=6, x__rid_x=e64bad73b91c23cc: dummy_return_one(x)
[11:47:28.034] [INFO] [run] subject=14, session=4, speed=4, trial=7, x__rid_x=aa5777c279affc9d: dummy_return_one(x)
[11:47:28.035] [INFO] [run] subject=14, session=4, speed=5, trial=1, x__rid_x=51de2463cc35c1b9: dummy_return_one(x)
[11:47:28.035] [INFO] [run] subject=14, session=4, speed=5, trial=2, x__rid_x=d8fae020e7869970: dummy_return_one(x)
[11:47:28.039] [INFO] [run] subject=14, session=4, speed=5, trial=3, x__rid_x=7edb10b8735b5362: dummy_return_one(x)
[11:47:28.041] [INFO] [run] subject=14, session=4, speed=5, trial=4, x__rid_x=b5360f0976954e41: dummy_return_one(x)
[11:47:28.045] [INFO] [run] subject=14, session=4, speed=5, trial=5, x__rid_x=47995acba5c37f19: dummy_return_one(x)
[11:47:28.046] [INFO] [run] subject=14, session=4, speed=5, trial=6, x__rid_x=14c297b71d21eff5: dummy_return_one(x)
[11:47:28.046] [INFO] [run] subject=14, session=4, speed=5, trial=7, x__rid_x=2a09e91220f1df86: dummy_return_one(x)
[11:47:28.050] [INFO] [run] subject=14, session=4, speed=6, trial=1, x__rid_x=97bd90d4470022eb: dummy_return_one(x)
[11:47:28.051] [INFO] [run] subject=14, session=4, speed=6, trial=2, x__rid_x=4baae481ffb217e0: dummy_return_one(x)
[11:47:28.052] [INFO] [run] subject=14, session=4, speed=6, trial=3, x__rid_x=6fa2f21d0c8f0bfe: dummy_return_one(x)
[11:47:28.056] [INFO] [run] subject=14, session=4, speed=6, trial=4, x__rid_x=a483dc3bad431bde: dummy_return_one(x)
[11:47:28.057] [INFO] [run] subject=14, session=4, speed=6, trial=5, x__rid_x=e7ffe637b092c97b: dummy_return_one(x)
[11:47:28.058] [INFO] [run] subject=14, session=4, speed=6, trial=6, x__rid_x=c67ed142da7607c5: dummy_return_one(x)
[11:47:28.062] [INFO] [run] subject=14, session=4, speed=6, trial=7, x__rid_x=8ad2e2d8004e5004: dummy_return_one(x)
[11:47:28.062] [INFO] [run] subject=14, session=4, speed=7, trial=1, x__rid_x=c76f08c387ba06a3: dummy_return_one(x)
[11:47:28.063] [INFO] [run] subject=14, session=4, speed=7, trial=2, x__rid_x=8c46263ed84dfaa6: dummy_return_one(x)
[11:47:28.067] [INFO] [run] subject=14, session=4, speed=7, trial=3, x__rid_x=d5d27948076f3608: dummy_return_one(x)
[11:47:28.068] [INFO] [run] subject=14, session=4, speed=7, trial=4, x__rid_x=5652dcb95d3ddd92: dummy_return_one(x)
[11:47:28.069] [INFO] [run] subject=14, session=4, speed=7, trial=5, x__rid_x=0179a4ce93e82fd9: dummy_return_one(x)
[11:47:28.073] [INFO] [run] subject=14, session=4, speed=7, trial=6, x__rid_x=43cba744bed7557b: dummy_return_one(x)
[11:47:28.074] [INFO] [run] subject=14, session=4, speed=7, trial=7, x__rid_x=16eb417d098b0e55: dummy_return_one(x)
[11:47:28.074] [INFO] [run] subject=14, session=4, speed=8, trial=1, x__rid_x=5de916f728e6b0cc: dummy_return_one(x)
[11:47:28.078] [INFO] [run] subject=14, session=4, speed=8, trial=2, x__rid_x=d9b7ae96bc8c5f6c: dummy_return_one(x)
[11:47:28.079] [INFO] [run] subject=14, session=4, speed=8, trial=3, x__rid_x=6ee4a52eb86bc333: dummy_return_one(x)
[11:47:28.080] [INFO] [run] subject=14, session=4, speed=8, trial=4, x__rid_x=d4a2edb4bdeea382: dummy_return_one(x)
[11:47:28.084] [INFO] [run] subject=14, session=4, speed=8, trial=5, x__rid_x=a63d937da132f79c: dummy_return_one(x)
[11:47:28.085] [INFO] [run] subject=14, session=4, speed=8, trial=6, x__rid_x=0f16a4324239ee60: dummy_return_one(x)
[11:47:28.085] [INFO] [run] subject=14, session=4, speed=8, trial=7, x__rid_x=fa1ddeb9c0356d3a: dummy_return_one(x)
[11:47:28.090] [INFO] [run] subject=14, session=4, speed=9, trial=1, x__rid_x=c1a1ac291f5a7efc: dummy_return_one(x)
[11:47:28.091] [INFO] [run] subject=14, session=4, speed=9, trial=2, x__rid_x=ea7dfb6c9d04f710: dummy_return_one(x)
[11:47:28.095] [INFO] [run] subject=14, session=4, speed=9, trial=3, x__rid_x=5448233f93705524: dummy_return_one(x)
[11:47:28.096] [INFO] [run] subject=14, session=4, speed=9, trial=4, x__rid_x=83c0c81ae1c7aeaf: dummy_return_one(x)
[11:47:28.097] [INFO] [run] subject=14, session=4, speed=9, trial=5, x__rid_x=51759c90e738e310: dummy_return_one(x)
[11:47:28.101] [INFO] [run] subject=14, session=4, speed=9, trial=6, x__rid_x=10f9504b4f28458b: dummy_return_one(x)
[11:47:28.101] [INFO] [run] subject=14, session=4, speed=9, trial=7, x__rid_x=75b9e7fb100e135a: dummy_return_one(x)
[11:47:28.102] [INFO] [run] subject=14, session=5, speed=1, trial=1, x__rid_x=aab02b42e72c3d19: dummy_return_one(x)
[11:47:28.106] [INFO] [run] subject=14, session=5, speed=1, trial=2, x__rid_x=fd7fe80363004a34: dummy_return_one(x)
[11:47:28.107] [INFO] [run] subject=14, session=5, speed=1, trial=3, x__rid_x=f5e5e4be97a05617: dummy_return_one(x)
[11:47:28.108] [INFO] [run] subject=14, session=5, speed=1, trial=4, x__rid_x=de6899a76de179e4: dummy_return_one(x)
[11:47:28.112] [INFO] [run] subject=14, session=5, speed=1, trial=5, x__rid_x=a26739b1c563fa53: dummy_return_one(x)
[11:47:28.113] [INFO] [run] subject=14, session=5, speed=1, trial=6, x__rid_x=41b040925964e388: dummy_return_one(x)
[11:47:28.113] [INFO] [run] subject=14, session=5, speed=1, trial=7, x__rid_x=144eed71c767375a: dummy_return_one(x)
[11:47:28.117] [INFO] [run] subject=14, session=5, speed=10, trial=1, x__rid_x=771526b46171c165: dummy_return_one(x)
[11:47:28.118] [INFO] [run] subject=14, session=5, speed=10, trial=2, x__rid_x=30d75d51f04ac4e3: dummy_return_one(x)
[11:47:28.119] [INFO] [run] subject=14, session=5, speed=10, trial=3, x__rid_x=b58a453f371b1130: dummy_return_one(x)
[11:47:28.123] [INFO] [run] subject=14, session=5, speed=10, trial=4, x__rid_x=f3167f3cfdf38191: dummy_return_one(x)
[11:47:28.124] [INFO] [run] subject=14, session=5, speed=10, trial=5, x__rid_x=612592c8a3a01b84: dummy_return_one(x)
[11:47:28.125] [INFO] [run] subject=14, session=5, speed=10, trial=6, x__rid_x=684d8c6e5d6d07fb: dummy_return_one(x)
[11:47:28.129] [INFO] [run] subject=14, session=5, speed=10, trial=7, x__rid_x=fdf2017942ec5fa6: dummy_return_one(x)
[11:47:28.130] [INFO] [run] subject=14, session=5, speed=2, trial=1, x__rid_x=1a8c123edfcb9752: dummy_return_one(x)
[11:47:28.134] [INFO] [run] subject=14, session=5, speed=2, trial=2, x__rid_x=2e887e902bce6fce: dummy_return_one(x)
[11:47:28.135] [INFO] [run] subject=14, session=5, speed=2, trial=3, x__rid_x=d2af5a83ddb07de0: dummy_return_one(x)
[11:47:28.136] [INFO] [run] subject=14, session=5, speed=2, trial=4, x__rid_x=df61aef3e5845f34: dummy_return_one(x)
[11:47:28.140] [INFO] [run] subject=14, session=5, speed=2, trial=5, x__rid_x=f5877aa654f4eb4b: dummy_return_one(x)
[11:47:28.141] [INFO] [run] subject=14, session=5, speed=2, trial=6, x__rid_x=a6894307ada13752: dummy_return_one(x)
[11:47:28.146] [INFO] [run] subject=14, session=5, speed=2, trial=7, x__rid_x=c5cebb420c1f7815: dummy_return_one(x)
[11:47:28.146] [INFO] [run] subject=14, session=5, speed=3, trial=1, x__rid_x=e18af236b64b4c57: dummy_return_one(x)
[11:47:28.147] [INFO] [run] subject=14, session=5, speed=3, trial=2, x__rid_x=26f0a1f38a2b7d60: dummy_return_one(x)
[11:47:28.151] [INFO] [run] subject=14, session=5, speed=3, trial=3, x__rid_x=00b7d31baa51411b: dummy_return_one(x)
[11:47:28.152] [INFO] [run] subject=14, session=5, speed=3, trial=4, x__rid_x=d23280e81a3ca9c3: dummy_return_one(x)
[11:47:28.153] [INFO] [run] subject=14, session=5, speed=3, trial=5, x__rid_x=55dfec92684e865f: dummy_return_one(x)
[11:47:28.157] [INFO] [run] subject=14, session=5, speed=3, trial=6, x__rid_x=c84d4076a73b9bec: dummy_return_one(x)
[11:47:28.158] [INFO] [run] subject=14, session=5, speed=3, trial=7, x__rid_x=98d6c6ac95e7bdc9: dummy_return_one(x)
[11:47:28.163] [INFO] [run] subject=14, session=5, speed=4, trial=1, x__rid_x=c98d7c8f6b4c6ba8: dummy_return_one(x)
[11:47:28.163] [INFO] [run] subject=14, session=5, speed=4, trial=2, x__rid_x=89e3c0f4a515c24b: dummy_return_one(x)
[11:47:28.164] [INFO] [run] subject=14, session=5, speed=4, trial=3, x__rid_x=17bdbd6c14313ad1: dummy_return_one(x)
[11:47:28.168] [INFO] [run] subject=14, session=5, speed=4, trial=4, x__rid_x=a76d36ad853ea0fc: dummy_return_one(x)
[11:47:28.169] [INFO] [run] subject=14, session=5, speed=4, trial=5, x__rid_x=0615f07347f5e92b: dummy_return_one(x)
[11:47:28.169] [INFO] [run] subject=14, session=5, speed=4, trial=6, x__rid_x=a9eef0f8ffa2826d: dummy_return_one(x)
[11:47:28.174] [INFO] [run] subject=14, session=5, speed=4, trial=7, x__rid_x=976c521097381f7f: dummy_return_one(x)
[11:47:28.175] [INFO] [run] subject=14, session=5, speed=5, trial=1, x__rid_x=33e70b464e7f4af2: dummy_return_one(x)
[11:47:28.179] [INFO] [run] subject=14, session=5, speed=5, trial=2, x__rid_x=53fce21e333cb7b2: dummy_return_one(x)
[11:47:28.180] [INFO] [run] subject=14, session=5, speed=5, trial=3, x__rid_x=342f15ad9a97774e: dummy_return_one(x)
[11:47:28.181] [INFO] [run] subject=14, session=5, speed=5, trial=4, x__rid_x=2035ed027575c95f: dummy_return_one(x)
[11:47:28.185] [INFO] [run] subject=14, session=5, speed=5, trial=5, x__rid_x=05186a8ed82c272e: dummy_return_one(x)
[11:47:28.186] [INFO] [run] subject=14, session=5, speed=5, trial=6, x__rid_x=1af822607cba592c: dummy_return_one(x)
[11:47:28.186] [INFO] [run] subject=14, session=5, speed=5, trial=7, x__rid_x=b394b85ab8de440d: dummy_return_one(x)
[11:47:28.191] [INFO] [run] subject=14, session=5, speed=6, trial=1, x__rid_x=90004a622962c747: dummy_return_one(x)
[11:47:28.192] [INFO] [run] subject=14, session=5, speed=6, trial=2, x__rid_x=67c2e097dd939b67: dummy_return_one(x)
[11:47:28.196] [INFO] [run] subject=14, session=5, speed=6, trial=3, x__rid_x=5793a66a72cc8d45: dummy_return_one(x)
[11:47:28.197] [INFO] [run] subject=14, session=5, speed=6, trial=4, x__rid_x=e7a23d9302baea4a: dummy_return_one(x)
[11:47:28.198] [INFO] [run] subject=14, session=5, speed=6, trial=5, x__rid_x=0c5a00f970e305bc: dummy_return_one(x)
[11:47:28.202] [INFO] [run] subject=14, session=5, speed=6, trial=6, x__rid_x=2b2fb01a9a30ebd7: dummy_return_one(x)
[11:47:28.202] [INFO] [run] subject=14, session=5, speed=6, trial=7, x__rid_x=2199fb171a4402d5: dummy_return_one(x)
[11:47:28.203] [INFO] [run] subject=14, session=5, speed=7, trial=1, x__rid_x=4b2aa6af9df8ac4b: dummy_return_one(x)
[11:47:28.208] [INFO] [run] subject=14, session=5, speed=7, trial=2, x__rid_x=88b1b49e9394638a: dummy_return_one(x)
[11:47:28.209] [INFO] [run] subject=14, session=5, speed=7, trial=3, x__rid_x=263f5bbd3248a6aa: dummy_return_one(x)
[11:47:28.213] [INFO] [run] subject=14, session=5, speed=7, trial=4, x__rid_x=0f7f292eee02b711: dummy_return_one(x)
[11:47:28.214] [INFO] [run] subject=14, session=5, speed=7, trial=5, x__rid_x=c9ac3d348a23f017: dummy_return_one(x)
[11:47:28.214] [INFO] [run] subject=14, session=5, speed=7, trial=6, x__rid_x=ed1bb94e52c22273: dummy_return_one(x)
[11:47:28.219] [INFO] [run] subject=14, session=5, speed=7, trial=7, x__rid_x=6fb007a2e41e390e: dummy_return_one(x)
[11:47:28.219] [INFO] [run] subject=14, session=5, speed=8, trial=1, x__rid_x=8e1513fa358ce466: dummy_return_one(x)
[11:47:28.220] [INFO] [run] subject=14, session=5, speed=8, trial=2, x__rid_x=e15cca44c4e0aa8e: dummy_return_one(x)
[11:47:28.224] [INFO] [run] subject=14, session=5, speed=8, trial=3, x__rid_x=fff6566918a4dc28: dummy_return_one(x)
[11:47:28.226] [INFO] [run] subject=14, session=5, speed=8, trial=4, x__rid_x=58e7afdcc07b4597: dummy_return_one(x)
[11:47:28.226] [INFO] [run] subject=14, session=5, speed=8, trial=5, x__rid_x=2cc1362b02a6ffa2: dummy_return_one(x)
[11:47:28.230] [INFO] [run] subject=14, session=5, speed=8, trial=6, x__rid_x=73d8d4b8ef839772: dummy_return_one(x)
[11:47:28.231] [INFO] [run] subject=14, session=5, speed=8, trial=7, x__rid_x=0921b3fbda73ee3a: dummy_return_one(x)
[11:47:28.231] [INFO] [run] subject=14, session=5, speed=9, trial=1, x__rid_x=be4f059bc08e02cd: dummy_return_one(x)
[11:47:28.236] [INFO] [run] subject=14, session=5, speed=9, trial=2, x__rid_x=dd0c0c0cd1d7c6a8: dummy_return_one(x)
[11:47:28.236] [INFO] [run] subject=14, session=5, speed=9, trial=3, x__rid_x=8170cd26b6157872: dummy_return_one(x)
[11:47:28.237] [INFO] [run] subject=14, session=5, speed=9, trial=4, x__rid_x=44ba0544839d1cd6: dummy_return_one(x)
[11:47:28.241] [INFO] [run] subject=14, session=5, speed=9, trial=5, x__rid_x=4527049fd4161dd1: dummy_return_one(x)
[11:47:28.243] [INFO] [run] subject=14, session=5, speed=9, trial=6, x__rid_x=67f6dbd444837d2d: dummy_return_one(x)
[11:47:28.247] [INFO] [run] subject=14, session=5, speed=9, trial=7, x__rid_x=0e68686042ab30e7: dummy_return_one(x)
[11:47:28.248] [INFO] [run] subject=15, session=1, speed=1, trial=1, x__rid_x=8c6107365845cc7f: dummy_return_one(x)
[11:47:28.248] [INFO] [run] subject=15, session=1, speed=1, trial=2, x__rid_x=8a59702bfc72f44b: dummy_return_one(x)
[11:47:28.253] [INFO] [run] subject=15, session=1, speed=1, trial=3, x__rid_x=75b0ad653fa96c96: dummy_return_one(x)
[11:47:28.253] [INFO] [run] subject=15, session=1, speed=1, trial=4, x__rid_x=9b121b17fe3fd575: dummy_return_one(x)
[11:47:28.254] [INFO] [run] subject=15, session=1, speed=1, trial=5, x__rid_x=773da43979285285: dummy_return_one(x)
[11:47:28.258] [INFO] [run] subject=15, session=1, speed=1, trial=6, x__rid_x=cbda10a41f52d050: dummy_return_one(x)
[11:47:28.260] [INFO] [run] subject=15, session=1, speed=1, trial=7, x__rid_x=ba58f33f8915c291: dummy_return_one(x)
[11:47:28.264] [INFO] [run] subject=15, session=1, speed=10, trial=1, x__rid_x=070d4a0b0aa54ef9: dummy_return_one(x)
[11:47:28.265] [INFO] [run] subject=15, session=1, speed=10, trial=2, x__rid_x=c22bdc76bfb5224c: dummy_return_one(x)
[11:47:28.266] [INFO] [run] subject=15, session=1, speed=10, trial=3, x__rid_x=91bc2254fdc44e3a: dummy_return_one(x)
[11:47:28.270] [INFO] [run] subject=15, session=1, speed=10, trial=4, x__rid_x=30f6d590cd494d06: dummy_return_one(x)
[11:47:28.271] [INFO] [run] subject=15, session=1, speed=10, trial=5, x__rid_x=93a9dd5b37093ac2: dummy_return_one(x)
[11:47:28.271] [INFO] [run] subject=15, session=1, speed=10, trial=6, x__rid_x=805c5a622ef5acbd: dummy_return_one(x)
[11:47:28.275] [INFO] [run] subject=15, session=1, speed=10, trial=7, x__rid_x=e8ee8cbe145d9cfe: dummy_return_one(x)
[11:47:28.276] [INFO] [run] subject=15, session=1, speed=2, trial=1, x__rid_x=1fa4459b1bca8c04: dummy_return_one(x)
[11:47:28.277] [INFO] [run] subject=15, session=1, speed=2, trial=2, x__rid_x=6443f65cad0cb322: dummy_return_one(x)
[11:47:28.281] [INFO] [run] subject=15, session=1, speed=2, trial=3, x__rid_x=3a4cd7f763a62b60: dummy_return_one(x)
[11:47:28.282] [INFO] [run] subject=15, session=1, speed=2, trial=4, x__rid_x=a55d893e84934a04: dummy_return_one(x)
[11:47:28.282] [INFO] [run] subject=15, session=1, speed=2, trial=5, x__rid_x=3fb0e793b6ff45b6: dummy_return_one(x)
[11:47:28.287] [INFO] [run] subject=15, session=1, speed=2, trial=6, x__rid_x=c8b3602aab1c2d6e: dummy_return_one(x)
[11:47:28.287] [INFO] [run] subject=15, session=1, speed=2, trial=7, x__rid_x=4be8ddd4b2b11190: dummy_return_one(x)
[11:47:28.288] [INFO] [run] subject=15, session=1, speed=3, trial=1, x__rid_x=2d921c238a2231fb: dummy_return_one(x)
[11:47:28.292] [INFO] [run] subject=15, session=1, speed=3, trial=2, x__rid_x=6f66e4b94dc99c44: dummy_return_one(x)
[11:47:28.293] [INFO] [run] subject=15, session=1, speed=3, trial=3, x__rid_x=892a7065af5332e9: dummy_return_one(x)
[11:47:28.294] [INFO] [run] subject=15, session=1, speed=3, trial=4, x__rid_x=1082a3b85f0bfe38: dummy_return_one(x)
[11:47:28.298] [INFO] [run] subject=15, session=1, speed=3, trial=5, x__rid_x=de26b388e9f30740: dummy_return_one(x)
[11:47:28.299] [INFO] [run] subject=15, session=1, speed=3, trial=6, x__rid_x=60d976146a9a9be6: dummy_return_one(x)
[11:47:28.300] [INFO] [run] subject=15, session=1, speed=3, trial=7, x__rid_x=290101060595cce0: dummy_return_one(x)
[11:47:28.304] [INFO] [run] subject=15, session=1, speed=4, trial=1, x__rid_x=040fd9fcf54d9086: dummy_return_one(x)
[11:47:28.305] [INFO] [run] subject=15, session=1, speed=4, trial=2, x__rid_x=8a5915c49fe5faad: dummy_return_one(x)
[11:47:28.305] [INFO] [run] subject=15, session=1, speed=4, trial=3, x__rid_x=f346a9df6708af74: dummy_return_one(x)
[11:47:28.310] [INFO] [run] subject=15, session=1, speed=4, trial=4, x__rid_x=872b1ce83aa59390: dummy_return_one(x)
[11:47:28.311] [INFO] [run] subject=15, session=1, speed=4, trial=5, x__rid_x=a78e013b1f140156: dummy_return_one(x)
[11:47:28.315] [INFO] [run] subject=15, session=1, speed=4, trial=6, x__rid_x=b9146f82d993594d: dummy_return_one(x)
[11:47:28.316] [INFO] [run] subject=15, session=1, speed=4, trial=7, x__rid_x=5f9546b410f82d98: dummy_return_one(x)
[11:47:28.316] [INFO] [run] subject=15, session=1, speed=5, trial=1, x__rid_x=f6b8ddfe6d4ae1f9: dummy_return_one(x)
[11:47:28.321] [INFO] [run] subject=15, session=1, speed=5, trial=2, x__rid_x=1f068e730499e04d: dummy_return_one(x)
[11:47:28.322] [INFO] [run] subject=15, session=1, speed=5, trial=3, x__rid_x=1782cf0e7690576b: dummy_return_one(x)
[11:47:28.322] [INFO] [run] subject=15, session=1, speed=5, trial=4, x__rid_x=2fdeb1852488a24c: dummy_return_one(x)
[11:47:28.327] [INFO] [run] subject=15, session=1, speed=5, trial=5, x__rid_x=eb49883f58ab0f2b: dummy_return_one(x)
[11:47:28.328] [INFO] [run] subject=15, session=1, speed=5, trial=6, x__rid_x=2a1a2051602941ec: dummy_return_one(x)
[11:47:28.328] [INFO] [run] subject=15, session=1, speed=5, trial=7, x__rid_x=c4c97f8bf5add1a6: dummy_return_one(x)
[11:47:28.332] [INFO] [run] subject=15, session=1, speed=6, trial=1, x__rid_x=da17846be8031176: dummy_return_one(x)
[11:47:28.333] [INFO] [run] subject=15, session=1, speed=6, trial=2, x__rid_x=2946db3420079048: dummy_return_one(x)
[11:47:28.334] [INFO] [run] subject=15, session=1, speed=6, trial=3, x__rid_x=b71f4b081d253283: dummy_return_one(x)
[11:47:28.338] [INFO] [run] subject=15, session=1, speed=6, trial=4, x__rid_x=8e9e73610dcb93d9: dummy_return_one(x)
[11:47:28.339] [INFO] [run] subject=15, session=1, speed=6, trial=5, x__rid_x=0aac5550fbe85377: dummy_return_one(x)
[11:47:28.344] [INFO] [run] subject=15, session=1, speed=6, trial=6, x__rid_x=1e34a264cb54cda3: dummy_return_one(x)
[11:47:28.345] [INFO] [run] subject=15, session=1, speed=6, trial=7, x__rid_x=cf72251e7884bc6e: dummy_return_one(x)
[11:47:28.345] [INFO] [run] subject=15, session=1, speed=7, trial=1, x__rid_x=19e26f06705266df: dummy_return_one(x)
[11:47:28.350] [INFO] [run] subject=15, session=1, speed=7, trial=2, x__rid_x=a6ba2c5fc10e0e6f: dummy_return_one(x)
[11:47:28.350] [INFO] [run] subject=15, session=1, speed=7, trial=3, x__rid_x=8366bf02abfdb4d3: dummy_return_one(x)
[11:47:28.351] [INFO] [run] subject=15, session=1, speed=7, trial=4, x__rid_x=373bad45048e4802: dummy_return_one(x)
[11:47:28.355] [INFO] [run] subject=15, session=1, speed=7, trial=5, x__rid_x=147b5df50f6e344c: dummy_return_one(x)
[11:47:28.356] [INFO] [run] subject=15, session=1, speed=7, trial=6, x__rid_x=718c5e74efbcaeb5: dummy_return_one(x)
[11:47:28.361] [INFO] [run] subject=15, session=1, speed=7, trial=7, x__rid_x=10659669d2ebd1b1: dummy_return_one(x)
[11:47:28.362] [INFO] [run] subject=15, session=1, speed=8, trial=1, x__rid_x=62bbc54a9fe0fe3f: dummy_return_one(x)
[11:47:28.363] [INFO] [run] subject=15, session=1, speed=8, trial=2, x__rid_x=2a2235f255755eda: dummy_return_one(x)
[11:47:28.367] [INFO] [run] subject=15, session=1, speed=8, trial=3, x__rid_x=d86785c35cb9b737: dummy_return_one(x)
[11:47:28.368] [INFO] [run] subject=15, session=1, speed=8, trial=4, x__rid_x=7d2c34c3fa7db101: dummy_return_one(x)
[11:47:28.368] [INFO] [run] subject=15, session=1, speed=8, trial=5, x__rid_x=02c2965ad131caf1: dummy_return_one(x)
[11:47:28.373] [INFO] [run] subject=15, session=1, speed=8, trial=6, x__rid_x=edbbdd90457c3598: dummy_return_one(x)
[11:47:28.374] [INFO] [run] subject=15, session=1, speed=8, trial=7, x__rid_x=8fbaaf80bae6213f: dummy_return_one(x)
[11:47:28.378] [INFO] [run] subject=15, session=1, speed=9, trial=1, x__rid_x=a116af950f1012f0: dummy_return_one(x)
[11:47:28.379] [INFO] [run] subject=15, session=1, speed=9, trial=2, x__rid_x=f7d59839156c048a: dummy_return_one(x)
[11:47:28.380] [INFO] [run] subject=15, session=1, speed=9, trial=3, x__rid_x=0413780d7c2e2831: dummy_return_one(x)
[11:47:28.384] [INFO] [run] subject=15, session=1, speed=9, trial=4, x__rid_x=9634742ac31e17a4: dummy_return_one(x)
[11:47:28.385] [INFO] [run] subject=15, session=1, speed=9, trial=5, x__rid_x=ab45335fe903671a: dummy_return_one(x)
[11:47:28.386] [INFO] [run] subject=15, session=1, speed=9, trial=6, x__rid_x=c877b1d42c13a898: dummy_return_one(x)
[11:47:28.390] [INFO] [run] subject=15, session=1, speed=9, trial=7, x__rid_x=52fabf7b6bac747f: dummy_return_one(x)
[11:47:28.391] [INFO] [run] subject=15, session=2, speed=1, trial=1, x__rid_x=f17c4a0837f7c49c: dummy_return_one(x)
[11:47:28.392] [INFO] [run] subject=15, session=2, speed=1, trial=2, x__rid_x=daec776fa70bbaee: dummy_return_one(x)
[11:47:28.396] [INFO] [run] subject=15, session=2, speed=1, trial=3, x__rid_x=acf5886e00074e2b: dummy_return_one(x)
[11:47:28.396] [INFO] [run] subject=15, session=2, speed=1, trial=4, x__rid_x=4f25914c71c4d329: dummy_return_one(x)
[11:47:28.397] [INFO] [run] subject=15, session=2, speed=1, trial=5, x__rid_x=ea04a2552e3816eb: dummy_return_one(x)
[11:47:28.401] [INFO] [run] subject=15, session=2, speed=1, trial=6, x__rid_x=f43dc1b87461319e: dummy_return_one(x)
[11:47:28.402] [INFO] [run] subject=15, session=2, speed=1, trial=7, x__rid_x=6801053c54357639: dummy_return_one(x)
[11:47:28.403] [INFO] [run] subject=15, session=2, speed=10, trial=1, x__rid_x=015af91d86c1e866: dummy_return_one(x)
[11:47:28.407] [INFO] [run] subject=15, session=2, speed=10, trial=2, x__rid_x=048bab7c4403730e: dummy_return_one(x)
[11:47:28.408] [INFO] [run] subject=15, session=2, speed=10, trial=3, x__rid_x=59cd04455d1d542e: dummy_return_one(x)
[11:47:28.413] [INFO] [run] subject=15, session=2, speed=10, trial=4, x__rid_x=0fa5bc15ace5671e: dummy_return_one(x)
[11:47:28.414] [INFO] [run] subject=15, session=2, speed=10, trial=5, x__rid_x=406db78e03d7dfaa: dummy_return_one(x)
[11:47:28.414] [INFO] [run] subject=15, session=2, speed=10, trial=6, x__rid_x=2185d6c4c5220212: dummy_return_one(x)
[11:47:28.419] [INFO] [run] subject=15, session=2, speed=10, trial=7, x__rid_x=242009f103e13356: dummy_return_one(x)
[11:47:28.420] [INFO] [run] subject=15, session=2, speed=2, trial=1, x__rid_x=88b9b67145927a37: dummy_return_one(x)
[11:47:28.420] [INFO] [run] subject=15, session=2, speed=2, trial=2, x__rid_x=fa6275465dd962c1: dummy_return_one(x)
[11:47:28.425] [INFO] [run] subject=15, session=2, speed=2, trial=3, x__rid_x=b3be0a51a6e851bd: dummy_return_one(x)
[11:47:28.426] [INFO] [run] subject=15, session=2, speed=2, trial=4, x__rid_x=9ff27ae8254d5a20: dummy_return_one(x)
[11:47:28.430] [INFO] [run] subject=15, session=2, speed=2, trial=5, x__rid_x=515c1428cc8c9157: dummy_return_one(x)
[11:47:28.431] [INFO] [run] subject=15, session=2, speed=2, trial=6, x__rid_x=fbe2823155c7c867: dummy_return_one(x)
[11:47:28.432] [INFO] [run] subject=15, session=2, speed=2, trial=7, x__rid_x=972b09d9a37dd928: dummy_return_one(x)
[11:47:28.436] [INFO] [run] subject=15, session=2, speed=3, trial=1, x__rid_x=8ee6b13849ba5685: dummy_return_one(x)
[11:47:28.437] [INFO] [run] subject=15, session=2, speed=3, trial=2, x__rid_x=f09741e9ac3907c7: dummy_return_one(x)
[11:47:28.438] [INFO] [run] subject=15, session=2, speed=3, trial=3, x__rid_x=c7fa7b8d7eeed104: dummy_return_one(x)
[11:47:28.442] [INFO] [run] subject=15, session=2, speed=3, trial=4, x__rid_x=e897404ec6a932ed: dummy_return_one(x)
[11:47:28.443] [INFO] [run] subject=15, session=2, speed=3, trial=5, x__rid_x=b159382237cacc04: dummy_return_one(x)
[11:47:28.448] [INFO] [run] subject=15, session=2, speed=3, trial=6, x__rid_x=abd2d5c532097dba: dummy_return_one(x)
[11:47:28.449] [INFO] [run] subject=15, session=2, speed=3, trial=7, x__rid_x=1765728dd1539409: dummy_return_one(x)
[11:47:28.449] [INFO] [run] subject=15, session=2, speed=4, trial=1, x__rid_x=69fbd4eafe4d2944: dummy_return_one(x)
[11:47:28.454] [INFO] [run] subject=15, session=2, speed=4, trial=2, x__rid_x=3a3e7fb6692b7358: dummy_return_one(x)
[11:47:28.454] [INFO] [run] subject=15, session=2, speed=4, trial=3, x__rid_x=d406db16ab84af60: dummy_return_one(x)
[11:47:28.455] [INFO] [run] subject=15, session=2, speed=4, trial=4, x__rid_x=d77abf067f652391: dummy_return_one(x)
[11:47:28.459] [INFO] [run] subject=15, session=2, speed=4, trial=5, x__rid_x=88f79cfffc841153: dummy_return_one(x)
[11:47:28.460] [INFO] [run] subject=15, session=2, speed=4, trial=6, x__rid_x=4af5b37a8b7f8de5: dummy_return_one(x)
[11:47:28.461] [INFO] [run] subject=15, session=2, speed=4, trial=7, x__rid_x=484c38f75e398421: dummy_return_one(x)
[11:47:28.465] [INFO] [run] subject=15, session=2, speed=5, trial=1, x__rid_x=3edf3d3e4cee4f1c: dummy_return_one(x)
[11:47:28.466] [INFO] [run] subject=15, session=2, speed=5, trial=2, x__rid_x=27cbb05e1ab582c8: dummy_return_one(x)
[11:47:28.467] [INFO] [run] subject=15, session=2, speed=5, trial=3, x__rid_x=e68f6e963d9ba3bd: dummy_return_one(x)
[11:47:28.471] [INFO] [run] subject=15, session=2, speed=5, trial=4, x__rid_x=2e4f781d9f2d34a3: dummy_return_one(x)
[11:47:28.472] [INFO] [run] subject=15, session=2, speed=5, trial=5, x__rid_x=8b1920bc7ae2903f: dummy_return_one(x)
[11:47:28.473] [INFO] [run] subject=15, session=2, speed=5, trial=6, x__rid_x=83b6d0019783062e: dummy_return_one(x)
[11:47:28.477] [INFO] [run] subject=15, session=2, speed=5, trial=7, x__rid_x=7fdcfc8b6bb442f5: dummy_return_one(x)
[11:47:28.478] [INFO] [run] subject=15, session=2, speed=6, trial=1, x__rid_x=fa4a84a3901b97fe: dummy_return_one(x)
[11:47:28.479] [INFO] [run] subject=15, session=2, speed=6, trial=2, x__rid_x=7bcbb9158a36965e: dummy_return_one(x)
[11:47:28.483] [INFO] [run] subject=15, session=2, speed=6, trial=3, x__rid_x=e5ed760118cc5820: dummy_return_one(x)
[11:47:28.484] [INFO] [run] subject=15, session=2, speed=6, trial=4, x__rid_x=ac93a3e9f580aa1d: dummy_return_one(x)
[11:47:28.484] [INFO] [run] subject=15, session=2, speed=6, trial=5, x__rid_x=e98777680ce411da: dummy_return_one(x)
[11:47:28.489] [INFO] [run] subject=15, session=2, speed=6, trial=6, x__rid_x=e0d90639a7c8e51d: dummy_return_one(x)
[11:47:28.490] [INFO] [run] subject=15, session=2, speed=6, trial=7, x__rid_x=2648c498d261eca1: dummy_return_one(x)
[11:47:28.491] [INFO] [run] subject=15, session=2, speed=7, trial=1, x__rid_x=9d93ef6723d20abd: dummy_return_one(x)
[11:47:28.495] [INFO] [run] subject=15, session=2, speed=7, trial=2, x__rid_x=4787d36af12f2c6b: dummy_return_one(x)
[11:47:28.496] [INFO] [run] subject=15, session=2, speed=7, trial=3, x__rid_x=f96e620d6136f1f3: dummy_return_one(x)
[11:47:28.496] [INFO] [run] subject=15, session=2, speed=7, trial=4, x__rid_x=6fb29927e117a2dd: dummy_return_one(x)
[11:47:28.500] [INFO] [run] subject=15, session=2, speed=7, trial=5, x__rid_x=1ec60069511a0bfc: dummy_return_one(x)
[11:47:28.501] [INFO] [run] subject=15, session=2, speed=7, trial=6, x__rid_x=728e417b6e38f920: dummy_return_one(x)
[11:47:28.502] [INFO] [run] subject=15, session=2, speed=7, trial=7, x__rid_x=637c62d560863db3: dummy_return_one(x)
[11:47:28.506] [INFO] [run] subject=15, session=2, speed=8, trial=1, x__rid_x=b399f9ccda3deb92: dummy_return_one(x)
[11:47:28.507] [INFO] [run] subject=15, session=2, speed=8, trial=2, x__rid_x=eed98e2e154cc0a2: dummy_return_one(x)
[11:47:28.508] [INFO] [run] subject=15, session=2, speed=8, trial=3, x__rid_x=55f4b23c0685d11c: dummy_return_one(x)
[11:47:28.512] [INFO] [run] subject=15, session=2, speed=8, trial=4, x__rid_x=0ee05ee53dd329ed: dummy_return_one(x)
[11:47:28.513] [INFO] [run] subject=15, session=2, speed=8, trial=5, x__rid_x=915de848d2498be2: dummy_return_one(x)
[11:47:28.514] [INFO] [run] subject=15, session=2, speed=8, trial=6, x__rid_x=605d17c2d2bb5233: dummy_return_one(x)
[11:47:28.518] [INFO] [run] subject=15, session=2, speed=8, trial=7, x__rid_x=789b10e6551960a6: dummy_return_one(x)
[11:47:28.519] [INFO] [run] subject=15, session=2, speed=9, trial=1, x__rid_x=020a17e992a57222: dummy_return_one(x)
[11:47:28.519] [INFO] [run] subject=15, session=2, speed=9, trial=2, x__rid_x=3b12083a7d135420: dummy_return_one(x)
[11:47:28.524] [INFO] [run] subject=15, session=2, speed=9, trial=3, x__rid_x=02f1a0747f83b2db: dummy_return_one(x)
[11:47:28.525] [INFO] [run] subject=15, session=2, speed=9, trial=4, x__rid_x=09619e19fbb32cfb: dummy_return_one(x)
[11:47:28.526] [INFO] [run] subject=15, session=2, speed=9, trial=5, x__rid_x=d950e57269fc527f: dummy_return_one(x)
[11:47:28.530] [INFO] [run] subject=15, session=2, speed=9, trial=6, x__rid_x=354afce0b9ffafa5: dummy_return_one(x)
[11:47:28.531] [INFO] [run] subject=15, session=2, speed=9, trial=7, x__rid_x=1ab0c9bd79fef936: dummy_return_one(x)
[11:47:28.532] [INFO] [run] subject=15, session=3, speed=1, trial=1, x__rid_x=1b652b07f300a278: dummy_return_one(x)
[11:47:28.536] [INFO] [run] subject=15, session=3, speed=1, trial=2, x__rid_x=8a5c36b98c2756ea: dummy_return_one(x)
[11:47:28.537] [INFO] [run] subject=15, session=3, speed=1, trial=3, x__rid_x=0fd15d02b01b1d38: dummy_return_one(x)
[11:47:28.537] [INFO] [run] subject=15, session=3, speed=1, trial=4, x__rid_x=f97b8188b3d6a3a3: dummy_return_one(x)
[11:47:28.542] [INFO] [run] subject=15, session=3, speed=1, trial=5, x__rid_x=cab9218047e5f4eb: dummy_return_one(x)
[11:47:28.543] [INFO] [run] subject=15, session=3, speed=1, trial=6, x__rid_x=23ca56fc7add13d3: dummy_return_one(x)
[11:47:28.548] [INFO] [run] subject=15, session=3, speed=1, trial=7, x__rid_x=3c49a3ce75e3b898: dummy_return_one(x)
[11:47:28.549] [INFO] [run] subject=15, session=3, speed=10, trial=1, x__rid_x=13913e293ae8f8ba: dummy_return_one(x)
[11:47:28.549] [INFO] [run] subject=15, session=3, speed=10, trial=2, x__rid_x=13461a6aa2a4475b: dummy_return_one(x)
[11:47:28.554] [INFO] [run] subject=15, session=3, speed=10, trial=3, x__rid_x=6eed9b174f0e1089: dummy_return_one(x)
[11:47:28.554] [INFO] [run] subject=15, session=3, speed=10, trial=4, x__rid_x=c1e4cda3277a5941: dummy_return_one(x)
[11:47:28.555] [INFO] [run] subject=15, session=3, speed=10, trial=5, x__rid_x=94b6866dd30460ec: dummy_return_one(x)
[11:47:28.560] [INFO] [run] subject=15, session=3, speed=10, trial=6, x__rid_x=9e2f6dedacda7b1c: dummy_return_one(x)
[11:47:28.561] [INFO] [run] subject=15, session=3, speed=10, trial=7, x__rid_x=09b46971d1bcc956: dummy_return_one(x)
[11:47:28.565] [INFO] [run] subject=15, session=3, speed=2, trial=1, x__rid_x=6cd64a35ee6737d6: dummy_return_one(x)
[11:47:28.566] [INFO] [run] subject=15, session=3, speed=2, trial=2, x__rid_x=4f58128be781f02a: dummy_return_one(x)
[11:47:28.567] [INFO] [run] subject=15, session=3, speed=2, trial=3, x__rid_x=5e595b7f4154c0a0: dummy_return_one(x)
[11:47:28.571] [INFO] [run] subject=15, session=3, speed=2, trial=4, x__rid_x=ee9083eee2b5a12c: dummy_return_one(x)
[11:47:28.572] [INFO] [run] subject=15, session=3, speed=2, trial=5, x__rid_x=052526ff4c936dcb: dummy_return_one(x)
[11:47:28.573] [INFO] [run] subject=15, session=3, speed=2, trial=6, x__rid_x=1cfd24bea7f9226e: dummy_return_one(x)
[11:47:28.577] [INFO] [run] subject=15, session=3, speed=2, trial=7, x__rid_x=1676118556559074: dummy_return_one(x)
[11:47:28.578] [INFO] [run] subject=15, session=3, speed=3, trial=1, x__rid_x=a4a5dee29f95a0a6: dummy_return_one(x)
[11:47:28.579] [INFO] [run] subject=15, session=3, speed=3, trial=2, x__rid_x=f0b9042cfecf69e4: dummy_return_one(x)
[11:47:28.583] [INFO] [run] subject=15, session=3, speed=3, trial=3, x__rid_x=e74d45c358a76761: dummy_return_one(x)
[11:47:28.584] [INFO] [run] subject=15, session=3, speed=3, trial=4, x__rid_x=f1a5766dcee57932: dummy_return_one(x)
[11:47:28.585] [INFO] [run] subject=15, session=3, speed=3, trial=5, x__rid_x=ada20118a92bdbea: dummy_return_one(x)
[11:47:28.589] [INFO] [run] subject=15, session=3, speed=3, trial=6, x__rid_x=a94785103e6acced: dummy_return_one(x)
[11:47:28.590] [INFO] [run] subject=15, session=3, speed=3, trial=7, x__rid_x=b28cea322e5bbc8a: dummy_return_one(x)
[11:47:28.591] [INFO] [run] subject=15, session=3, speed=4, trial=1, x__rid_x=2c92e1e82df36325: dummy_return_one(x)
[11:47:28.595] [INFO] [run] subject=15, session=3, speed=4, trial=2, x__rid_x=ba20b5159d83e314: dummy_return_one(x)
[11:47:28.596] [INFO] [run] subject=15, session=3, speed=4, trial=3, x__rid_x=ca6dd00b4c9bb2a6: dummy_return_one(x)
[11:47:28.597] [INFO] [run] subject=15, session=3, speed=4, trial=4, x__rid_x=4a80c00520bc4b40: dummy_return_one(x)
[11:47:28.601] [INFO] [run] subject=15, session=3, speed=4, trial=5, x__rid_x=3116bfae72b166bf: dummy_return_one(x)
[11:47:28.602] [INFO] [run] subject=15, session=3, speed=4, trial=6, x__rid_x=2054bc6da15a0714: dummy_return_one(x)
[11:47:28.602] [INFO] [run] subject=15, session=3, speed=4, trial=7, x__rid_x=9c8c88b199c2ef4c: dummy_return_one(x)
[11:47:28.607] [INFO] [run] subject=15, session=3, speed=5, trial=1, x__rid_x=8b046997cf6b94b2: dummy_return_one(x)
[11:47:28.608] [INFO] [run] subject=15, session=3, speed=5, trial=2, x__rid_x=b7e35b00d3be89d6: dummy_return_one(x)
[11:47:28.613] [INFO] [run] subject=15, session=3, speed=5, trial=3, x__rid_x=18849c6c1e08c827: dummy_return_one(x)
[11:47:28.614] [INFO] [run] subject=15, session=3, speed=5, trial=4, x__rid_x=ea2275b42f7e5ac2: dummy_return_one(x)
[11:47:28.614] [INFO] [run] subject=15, session=3, speed=5, trial=5, x__rid_x=4367c67a0a081c5a: dummy_return_one(x)
[11:47:28.619] [INFO] [run] subject=15, session=3, speed=5, trial=6, x__rid_x=d249ca339da228ad: dummy_return_one(x)
[11:47:28.619] [INFO] [run] subject=15, session=3, speed=5, trial=7, x__rid_x=30b801395f976d24: dummy_return_one(x)
[11:47:28.620] [INFO] [run] subject=15, session=3, speed=6, trial=1, x__rid_x=a33b35faaf90ff14: dummy_return_one(x)
[11:47:28.625] [INFO] [run] subject=15, session=3, speed=6, trial=2, x__rid_x=3eb0b98994c028cf: dummy_return_one(x)
[11:47:28.626] [INFO] [run] subject=15, session=3, speed=6, trial=3, x__rid_x=8d1071b6b7e903ea: dummy_return_one(x)
[11:47:28.631] [INFO] [run] subject=15, session=3, speed=6, trial=4, x__rid_x=d9b47798d19bcdb5: dummy_return_one(x)
[11:47:28.631] [INFO] [run] subject=15, session=3, speed=6, trial=5, x__rid_x=a3b9ef454a736836: dummy_return_one(x)
[11:47:28.632] [INFO] [run] subject=15, session=3, speed=6, trial=6, x__rid_x=fac9ec08421b63fb: dummy_return_one(x)
[11:47:28.636] [INFO] [run] subject=15, session=3, speed=6, trial=7, x__rid_x=32540949d0bc99af: dummy_return_one(x)
[11:47:28.637] [INFO] [run] subject=15, session=3, speed=7, trial=1, x__rid_x=b8a3e4ea2a4a354e: dummy_return_one(x)
[11:47:28.638] [INFO] [run] subject=15, session=3, speed=7, trial=2, x__rid_x=ead43e5ba9f703fd: dummy_return_one(x)
[11:47:28.642] [INFO] [run] subject=15, session=3, speed=7, trial=3, x__rid_x=88090fca3352f7d8: dummy_return_one(x)
[11:47:28.644] [INFO] [run] subject=15, session=3, speed=7, trial=4, x__rid_x=90a9d4db9ad219fe: dummy_return_one(x)
[11:47:28.648] [INFO] [run] subject=15, session=3, speed=7, trial=5, x__rid_x=ca4c3d9c015d308d: dummy_return_one(x)
[11:47:28.649] [INFO] [run] subject=15, session=3, speed=7, trial=6, x__rid_x=0e76fab639be6e6e: dummy_return_one(x)
[11:47:28.650] [INFO] [run] subject=15, session=3, speed=7, trial=7, x__rid_x=891f775c363f49fd: dummy_return_one(x)
[11:47:28.654] [INFO] [run] subject=15, session=3, speed=8, trial=1, x__rid_x=d1a03bafaf25742e: dummy_return_one(x)
[11:47:28.655] [INFO] [run] subject=15, session=3, speed=8, trial=2, x__rid_x=2fb7fb69269860e5: dummy_return_one(x)
[11:47:28.660] [INFO] [run] subject=15, session=3, speed=8, trial=3, x__rid_x=2f485be6b6c776df: dummy_return_one(x)
[11:47:28.661] [INFO] [run] subject=15, session=3, speed=8, trial=4, x__rid_x=3a78a2b2cab48902: dummy_return_one(x)
[11:47:28.662] [INFO] [run] subject=15, session=3, speed=8, trial=5, x__rid_x=ef4ed24e234a2445: dummy_return_one(x)
[11:47:28.666] [INFO] [run] subject=15, session=3, speed=8, trial=6, x__rid_x=6e16a6968e4e90d3: dummy_return_one(x)
[11:47:28.667] [INFO] [run] subject=15, session=3, speed=8, trial=7, x__rid_x=e68accea403d3e5a: dummy_return_one(x)
[11:47:28.668] [INFO] [run] subject=15, session=3, speed=9, trial=1, x__rid_x=31a0a9571a6e0c2f: dummy_return_one(x)
[11:47:28.672] [INFO] [run] subject=15, session=3, speed=9, trial=2, x__rid_x=39dd5886a114675d: dummy_return_one(x)
[11:47:28.673] [INFO] [run] subject=15, session=3, speed=9, trial=3, x__rid_x=82de6a213079f046: dummy_return_one(x)
[11:47:28.674] [INFO] [run] subject=15, session=3, speed=9, trial=4, x__rid_x=7bd347eac4d2b1c8: dummy_return_one(x)
[11:47:28.678] [INFO] [run] subject=15, session=3, speed=9, trial=5, x__rid_x=d8ce4cc95e183154: dummy_return_one(x)
[11:47:28.679] [INFO] [run] subject=15, session=3, speed=9, trial=6, x__rid_x=14388ca8435f34ce: dummy_return_one(x)
[11:47:28.679] [INFO] [run] subject=15, session=3, speed=9, trial=7, x__rid_x=fde068b13dc6ee16: dummy_return_one(x)
[11:47:28.684] [INFO] [run] subject=15, session=4, speed=1, trial=1, x__rid_x=63d83fb06f80d99a: dummy_return_one(x)
[11:47:28.685] [INFO] [run] subject=15, session=4, speed=1, trial=2, x__rid_x=a35c804f5a445593: dummy_return_one(x)
[11:47:28.685] [INFO] [run] subject=15, session=4, speed=1, trial=3, x__rid_x=71d6617fc79e2fce: dummy_return_one(x)
[11:47:28.690] [INFO] [run] subject=15, session=4, speed=1, trial=4, x__rid_x=5fadccfb0100f383: dummy_return_one(x)
[11:47:28.691] [INFO] [run] subject=15, session=4, speed=1, trial=5, x__rid_x=b07d0fddf3b7ac31: dummy_return_one(x)
[11:47:28.692] [INFO] [run] subject=15, session=4, speed=1, trial=6, x__rid_x=69b0fced92870675: dummy_return_one(x)
[11:47:28.696] [INFO] [run] subject=15, session=4, speed=1, trial=7, x__rid_x=05b8cf6963fa1622: dummy_return_one(x)
[11:47:28.697] [INFO] [run] subject=15, session=4, speed=10, trial=1, x__rid_x=82051bd8473d174c: dummy_return_one(x)
[11:47:28.698] [INFO] [run] subject=15, session=4, speed=10, trial=2, x__rid_x=d1e05cf6db34338c: dummy_return_one(x)
[11:47:28.702] [INFO] [run] subject=15, session=4, speed=10, trial=3, x__rid_x=45feed35cf9f5617: dummy_return_one(x)
[11:47:28.703] [INFO] [run] subject=15, session=4, speed=10, trial=4, x__rid_x=c0eafe296eb8ab73: dummy_return_one(x)
[11:47:28.704] [INFO] [run] subject=15, session=4, speed=10, trial=5, x__rid_x=41707079bc1bf533: dummy_return_one(x)
[11:47:28.708] [INFO] [run] subject=15, session=4, speed=10, trial=6, x__rid_x=61af6078a0708af1: dummy_return_one(x)
[11:47:28.709] [INFO] [run] subject=15, session=4, speed=10, trial=7, x__rid_x=2d80b17363ea5463: dummy_return_one(x)
[11:47:28.714] [INFO] [run] subject=15, session=4, speed=2, trial=1, x__rid_x=f087f14686d631d3: dummy_return_one(x)
[11:47:28.715] [INFO] [run] subject=15, session=4, speed=2, trial=2, x__rid_x=85ba0ff6329791a4: dummy_return_one(x)
[11:47:28.716] [INFO] [run] subject=15, session=4, speed=2, trial=3, x__rid_x=05a068dd50768c5e: dummy_return_one(x)
[11:47:28.720] [INFO] [run] subject=15, session=4, speed=2, trial=4, x__rid_x=0820580029474ec0: dummy_return_one(x)
[11:47:28.721] [INFO] [run] subject=15, session=4, speed=2, trial=5, x__rid_x=8bd93a3507964142: dummy_return_one(x)
[11:47:28.727] [INFO] [run] subject=15, session=4, speed=2, trial=6, x__rid_x=42e579ffd0aeeebe: dummy_return_one(x)
[11:47:28.728] [INFO] [run] subject=15, session=4, speed=2, trial=7, x__rid_x=21ea147f0948a5d8: dummy_return_one(x)
[11:47:28.733] [INFO] [run] subject=15, session=4, speed=3, trial=1, x__rid_x=e8632def9e01ec1c: dummy_return_one(x)
[11:47:28.734] [INFO] [run] subject=15, session=4, speed=3, trial=2, x__rid_x=3466541388f44039: dummy_return_one(x)
[11:47:28.734] [INFO] [run] subject=15, session=4, speed=3, trial=3, x__rid_x=0a98bbdf4bca98ac: dummy_return_one(x)
[11:47:28.739] [INFO] [run] subject=15, session=4, speed=3, trial=4, x__rid_x=32717824ca336170: dummy_return_one(x)
[11:47:28.740] [INFO] [run] subject=15, session=4, speed=3, trial=5, x__rid_x=e98511112db49324: dummy_return_one(x)
[11:47:28.745] [INFO] [run] subject=15, session=4, speed=3, trial=6, x__rid_x=49a87201f6ebc9c2: dummy_return_one(x)
[11:47:28.746] [INFO] [run] subject=15, session=4, speed=3, trial=7, x__rid_x=83c839cfaccfb3f3: dummy_return_one(x)
[11:47:28.746] [INFO] [run] subject=15, session=4, speed=4, trial=1, x__rid_x=bfd64ddecd502afd: dummy_return_one(x)
[11:47:28.751] [INFO] [run] subject=15, session=4, speed=4, trial=2, x__rid_x=72d5f7359fdd3407: dummy_return_one(x)
[11:47:28.752] [INFO] [run] subject=15, session=4, speed=4, trial=3, x__rid_x=22479c32d02687e5: dummy_return_one(x)
[11:47:28.752] [INFO] [run] subject=15, session=4, speed=4, trial=4, x__rid_x=a79784adb8c82658: dummy_return_one(x)
[11:47:28.757] [INFO] [run] subject=15, session=4, speed=4, trial=5, x__rid_x=8e7351b0d19d8b3f: dummy_return_one(x)
[11:47:28.758] [INFO] [run] subject=15, session=4, speed=4, trial=6, x__rid_x=7b1a2ebd4da2dd64: dummy_return_one(x)
[11:47:28.763] [INFO] [run] subject=15, session=4, speed=4, trial=7, x__rid_x=763f738a48c201c3: dummy_return_one(x)
[11:47:28.764] [INFO] [run] subject=15, session=4, speed=5, trial=1, x__rid_x=af26055c35a0661b: dummy_return_one(x)
[11:47:28.765] [INFO] [run] subject=15, session=4, speed=5, trial=2, x__rid_x=3d1b454b8bcc8648: dummy_return_one(x)
[11:47:28.769] [INFO] [run] subject=15, session=4, speed=5, trial=3, x__rid_x=6ed3cd296fd26fbc: dummy_return_one(x)
[11:47:28.770] [INFO] [run] subject=15, session=4, speed=5, trial=4, x__rid_x=d2735078d0f29f6d: dummy_return_one(x)
[11:47:28.770] [INFO] [run] subject=15, session=4, speed=5, trial=5, x__rid_x=f9c913ae6f20e300: dummy_return_one(x)
[11:47:28.775] [INFO] [run] subject=15, session=4, speed=5, trial=6, x__rid_x=269bc074bf15c993: dummy_return_one(x)
[11:47:28.776] [INFO] [run] subject=15, session=4, speed=5, trial=7, x__rid_x=13753cee44398be0: dummy_return_one(x)
[11:47:28.781] [INFO] [run] subject=15, session=4, speed=6, trial=1, x__rid_x=5a9231d595ca91b2: dummy_return_one(x)
[11:47:28.782] [INFO] [run] subject=15, session=4, speed=6, trial=2, x__rid_x=05f525db18fe1fce: dummy_return_one(x)
[11:47:28.783] [INFO] [run] subject=15, session=4, speed=6, trial=3, x__rid_x=ac4d75b640a5d93d: dummy_return_one(x)
[11:47:28.787] [INFO] [run] subject=15, session=4, speed=6, trial=4, x__rid_x=7c2153e696c40f84: dummy_return_one(x)
[11:47:28.788] [INFO] [run] subject=15, session=4, speed=6, trial=5, x__rid_x=f7f4a1731165ad39: dummy_return_one(x)
[11:47:28.788] [INFO] [run] subject=15, session=4, speed=6, trial=6, x__rid_x=50243f5c605f14ec: dummy_return_one(x)
[11:47:28.793] [INFO] [run] subject=15, session=4, speed=6, trial=7, x__rid_x=fcaff421b740b66d: dummy_return_one(x)
[11:47:28.795] [INFO] [run] subject=15, session=4, speed=7, trial=1, x__rid_x=3c5cdfecf828f422: dummy_return_one(x)
[11:47:28.799] [INFO] [run] subject=15, session=4, speed=7, trial=2, x__rid_x=9dff4677a48f4b7b: dummy_return_one(x)
[11:47:28.800] [INFO] [run] subject=15, session=4, speed=7, trial=3, x__rid_x=26d6b0bcd99661c1: dummy_return_one(x)
[11:47:28.805] [INFO] [run] subject=15, session=4, speed=7, trial=4, x__rid_x=50280e430cc01e55: dummy_return_one(x)
[11:47:28.807] [INFO] [run] subject=15, session=4, speed=7, trial=5, x__rid_x=6638887407bfe10d: dummy_return_one(x)
[11:47:28.811] [INFO] [run] subject=15, session=4, speed=7, trial=6, x__rid_x=8c5469c84f79f339: dummy_return_one(x)
[11:47:28.812] [INFO] [run] subject=15, session=4, speed=7, trial=7, x__rid_x=a4c7b48272220627: dummy_return_one(x)
[11:47:28.813] [INFO] [run] subject=15, session=4, speed=8, trial=1, x__rid_x=b4c6f874d43b05d1: dummy_return_one(x)
[11:47:28.817] [INFO] [run] subject=15, session=4, speed=8, trial=2, x__rid_x=35675ce3ab627d10: dummy_return_one(x)
[11:47:28.818] [INFO] [run] subject=15, session=4, speed=8, trial=3, x__rid_x=bb83097da73ac7aa: dummy_return_one(x)
[11:47:28.819] [INFO] [run] subject=15, session=4, speed=8, trial=4, x__rid_x=75db7caafb08e190: dummy_return_one(x)
[11:47:28.824] [INFO] [run] subject=15, session=4, speed=8, trial=5, x__rid_x=61b55a49b2a653d2: dummy_return_one(x)
[11:47:28.825] [INFO] [run] subject=15, session=4, speed=8, trial=6, x__rid_x=e000c284e4316df4: dummy_return_one(x)
[11:47:28.825] [INFO] [run] subject=15, session=4, speed=8, trial=7, x__rid_x=e59ba03e1d60a8f6: dummy_return_one(x)
[11:47:28.830] [INFO] [run] subject=15, session=4, speed=9, trial=1, x__rid_x=44cf78f917bdd462: dummy_return_one(x)
[11:47:28.831] [INFO] [run] subject=15, session=4, speed=9, trial=2, x__rid_x=7e1fa314d2a367b2: dummy_return_one(x)
[11:47:28.831] [INFO] [run] subject=15, session=4, speed=9, trial=3, x__rid_x=55b6fb3664669915: dummy_return_one(x)
[11:47:28.836] [INFO] [run] subject=15, session=4, speed=9, trial=4, x__rid_x=37d81ec88df0b7fb: dummy_return_one(x)
[11:47:28.836] [INFO] [run] subject=15, session=4, speed=9, trial=5, x__rid_x=65c68be91c075754: dummy_return_one(x)
[11:47:28.837] [INFO] [run] subject=15, session=4, speed=9, trial=6, x__rid_x=fe8cdf00ab9a83b1: dummy_return_one(x)
[11:47:28.842] [INFO] [run] subject=15, session=4, speed=9, trial=7, x__rid_x=b064c14425e83814: dummy_return_one(x)
[11:47:28.843] [INFO] [run] subject=15, session=5, speed=1, trial=1, x__rid_x=671a64a683990dc3: dummy_return_one(x)
[11:47:28.848] [INFO] [run] subject=15, session=5, speed=1, trial=2, x__rid_x=ea4e9d74acb08843: dummy_return_one(x)
[11:47:28.849] [INFO] [run] subject=15, session=5, speed=1, trial=3, x__rid_x=b7a1efdae0ef4571: dummy_return_one(x)
[11:47:28.849] [INFO] [run] subject=15, session=5, speed=1, trial=4, x__rid_x=63308da2acaf6cd6: dummy_return_one(x)
[11:47:28.854] [INFO] [run] subject=15, session=5, speed=1, trial=5, x__rid_x=2d9295a54ebebc3c: dummy_return_one(x)
[11:47:28.855] [INFO] [run] subject=15, session=5, speed=1, trial=6, x__rid_x=80e0a0adcfb15d61: dummy_return_one(x)
[11:47:28.856] [INFO] [run] subject=15, session=5, speed=1, trial=7, x__rid_x=1c07eccc9b4bdc3e: dummy_return_one(x)
[11:47:28.860] [INFO] [run] subject=15, session=5, speed=10, trial=1, x__rid_x=520817e8c99ddd16: dummy_return_one(x)
[11:47:28.861] [INFO] [run] subject=15, session=5, speed=10, trial=2, x__rid_x=e4bb7f8cb8d54561: dummy_return_one(x)
[11:47:28.862] [INFO] [run] subject=15, session=5, speed=10, trial=3, x__rid_x=303991c336de1f3f: dummy_return_one(x)
[11:47:28.866] [INFO] [run] subject=15, session=5, speed=10, trial=4, x__rid_x=c4ea1666a6aca6f4: dummy_return_one(x)
[11:47:28.867] [INFO] [run] subject=15, session=5, speed=10, trial=5, x__rid_x=41d365764aaa8ac4: dummy_return_one(x)
[11:47:28.868] [INFO] [run] subject=15, session=5, speed=10, trial=6, x__rid_x=a00ee11ccad12d9b: dummy_return_one(x)
[11:47:28.873] [INFO] [run] subject=15, session=5, speed=10, trial=7, x__rid_x=aee30550bc7db839: dummy_return_one(x)
[11:47:28.874] [INFO] [run] subject=15, session=5, speed=2, trial=1, x__rid_x=172f776955d348c3: dummy_return_one(x)
[11:47:28.879] [INFO] [run] subject=15, session=5, speed=2, trial=2, x__rid_x=d4fe137b79ff2980: dummy_return_one(x)
[11:47:28.879] [INFO] [run] subject=15, session=5, speed=2, trial=3, x__rid_x=31a33479b447dbc4: dummy_return_one(x)
[11:47:28.880] [INFO] [run] subject=15, session=5, speed=2, trial=4, x__rid_x=0c35f7428dd96013: dummy_return_one(x)
[11:47:28.885] [INFO] [run] subject=15, session=5, speed=2, trial=5, x__rid_x=0c53f89ab0534898: dummy_return_one(x)
[11:47:28.885] [INFO] [run] subject=15, session=5, speed=2, trial=6, x__rid_x=4b8b265e67e1b446: dummy_return_one(x)
[11:47:28.886] [INFO] [run] subject=15, session=5, speed=2, trial=7, x__rid_x=aade62a919f8689c: dummy_return_one(x)
[11:47:28.891] [INFO] [run] subject=15, session=5, speed=3, trial=1, x__rid_x=4a64282634bf170e: dummy_return_one(x)
[11:47:28.892] [INFO] [run] subject=15, session=5, speed=3, trial=2, x__rid_x=ea161dc8aae2ecad: dummy_return_one(x)
[11:47:28.897] [INFO] [run] subject=15, session=5, speed=3, trial=3, x__rid_x=a673a8089ad9d6a6: dummy_return_one(x)
[11:47:28.898] [INFO] [run] subject=15, session=5, speed=3, trial=4, x__rid_x=fe9fc110d80e0a97: dummy_return_one(x)
[11:47:28.899] [INFO] [run] subject=15, session=5, speed=3, trial=5, x__rid_x=472b9f89a21ee0fb: dummy_return_one(x)
[11:47:28.903] [INFO] [run] subject=15, session=5, speed=3, trial=6, x__rid_x=e8596640632ef584: dummy_return_one(x)
[11:47:28.904] [INFO] [run] subject=15, session=5, speed=3, trial=7, x__rid_x=afdf882fb694ea0a: dummy_return_one(x)
[11:47:28.904] [INFO] [run] subject=15, session=5, speed=4, trial=1, x__rid_x=0eedcbb2ebba04bd: dummy_return_one(x)
[11:47:28.909] [INFO] [run] subject=15, session=5, speed=4, trial=2, x__rid_x=6a0980f87f9e8ae5: dummy_return_one(x)
[11:47:28.910] [INFO] [run] subject=15, session=5, speed=4, trial=3, x__rid_x=c49c55e6f7bf2164: dummy_return_one(x)
[11:47:28.911] [INFO] [run] subject=15, session=5, speed=4, trial=4, x__rid_x=27e4a92679c09380: dummy_return_one(x)
[11:47:28.915] [INFO] [run] subject=15, session=5, speed=4, trial=5, x__rid_x=8bfa28d086fa20b2: dummy_return_one(x)
[11:47:28.916] [INFO] [run] subject=15, session=5, speed=4, trial=6, x__rid_x=e71833246a02df1e: dummy_return_one(x)
[11:47:28.917] [INFO] [run] subject=15, session=5, speed=4, trial=7, x__rid_x=e8c2a2023c0a39f0: dummy_return_one(x)
[11:47:28.921] [INFO] [run] subject=15, session=5, speed=5, trial=1, x__rid_x=7c8f1d8f1a14c228: dummy_return_one(x)
[11:47:28.923] [INFO] [run] subject=15, session=5, speed=5, trial=2, x__rid_x=8e521658327aea23: dummy_return_one(x)
[11:47:28.928] [INFO] [run] subject=15, session=5, speed=5, trial=3, x__rid_x=bf7e84145c74ebd0: dummy_return_one(x)
[11:47:28.928] [INFO] [run] subject=15, session=5, speed=5, trial=4, x__rid_x=bcc8678fd85f048c: dummy_return_one(x)
[11:47:28.929] [INFO] [run] subject=15, session=5, speed=5, trial=5, x__rid_x=f1ab055e8114de13: dummy_return_one(x)
[11:47:28.934] [INFO] [run] subject=15, session=5, speed=5, trial=6, x__rid_x=9426a05ea19aa15a: dummy_return_one(x)
[11:47:28.934] [INFO] [run] subject=15, session=5, speed=5, trial=7, x__rid_x=c3db0bc02718227d: dummy_return_one(x)
[11:47:28.935] [INFO] [run] subject=15, session=5, speed=6, trial=1, x__rid_x=e1d867a23dfeccad: dummy_return_one(x)
[11:47:28.940] [INFO] [run] subject=15, session=5, speed=6, trial=2, x__rid_x=4b301ef3fa1758f1: dummy_return_one(x)
[11:47:28.941] [INFO] [run] subject=15, session=5, speed=6, trial=3, x__rid_x=b7c6b1e9ccd2b382: dummy_return_one(x)
[11:47:28.946] [INFO] [run] subject=15, session=5, speed=6, trial=4, x__rid_x=416d048515dab94c: dummy_return_one(x)
[11:47:28.947] [INFO] [run] subject=15, session=5, speed=6, trial=5, x__rid_x=36ef42709bc7c04d: dummy_return_one(x)
[11:47:28.947] [INFO] [run] subject=15, session=5, speed=6, trial=6, x__rid_x=68d70df7e0e49efb: dummy_return_one(x)
[11:47:28.952] [INFO] [run] subject=15, session=5, speed=6, trial=7, x__rid_x=682f4c3ca2aa3396: dummy_return_one(x)
[11:47:28.953] [INFO] [run] subject=15, session=5, speed=7, trial=1, x__rid_x=2e9aea96e5a79ae7: dummy_return_one(x)
[11:47:28.954] [INFO] [run] subject=15, session=5, speed=7, trial=2, x__rid_x=6f8ea74f1d803be3: dummy_return_one(x)
[11:47:28.958] [INFO] [run] subject=15, session=5, speed=7, trial=3, x__rid_x=4463c2802075972a: dummy_return_one(x)
[11:47:28.959] [INFO] [run] subject=15, session=5, speed=7, trial=4, x__rid_x=4e1232b1e45f2a22: dummy_return_one(x)
[11:47:28.964] [INFO] [run] subject=15, session=5, speed=7, trial=5, x__rid_x=d76275949aed60ce: dummy_return_one(x)
[11:47:28.965] [INFO] [run] subject=15, session=5, speed=7, trial=6, x__rid_x=9a5301d223f82195: dummy_return_one(x)
[11:47:28.966] [INFO] [run] subject=15, session=5, speed=7, trial=7, x__rid_x=3dd25fb47d321276: dummy_return_one(x)
[11:47:28.970] [INFO] [run] subject=15, session=5, speed=8, trial=1, x__rid_x=9a03cf64f5b10175: dummy_return_one(x)
[11:47:28.971] [INFO] [run] subject=15, session=5, speed=8, trial=2, x__rid_x=be123e3bec3305e6: dummy_return_one(x)
[11:47:28.972] [INFO] [run] subject=15, session=5, speed=8, trial=3, x__rid_x=680af3ff24e5a679: dummy_return_one(x)
[11:47:28.977] [INFO] [run] subject=15, session=5, speed=8, trial=4, x__rid_x=065c4f95ddedd9f9: dummy_return_one(x)
[11:47:28.978] [INFO] [run] subject=15, session=5, speed=8, trial=5, x__rid_x=ce2c3b4ddc2500e0: dummy_return_one(x)
[11:47:28.978] [INFO] [run] subject=15, session=5, speed=8, trial=6, x__rid_x=31877b3f97db4618: dummy_return_one(x)
[11:47:28.983] [INFO] [run] subject=15, session=5, speed=8, trial=7, x__rid_x=13bff11b7d6746e5: dummy_return_one(x)
[11:47:28.984] [INFO] [run] subject=15, session=5, speed=9, trial=1, x__rid_x=e3a114d2c78ac63e: dummy_return_one(x)
[11:47:28.984] [INFO] [run] subject=15, session=5, speed=9, trial=2, x__rid_x=cce464dc689fc840: dummy_return_one(x)
[11:47:28.985] [INFO] [run] subject=15, session=5, speed=9, trial=3, x__rid_x=e14235be636312bb: dummy_return_one(x)
[11:47:28.989] [INFO] [run] subject=15, session=5, speed=9, trial=4, x__rid_x=0f10d1dc2f91913c: dummy_return_one(x)
[11:47:28.991] [INFO] [run] subject=15, session=5, speed=9, trial=5, x__rid_x=abbedab6167621fc: dummy_return_one(x)
[11:47:28.991] [INFO] [run] subject=15, session=5, speed=9, trial=6, x__rid_x=5ba4a9560baf6a0d: dummy_return_one(x)
[11:47:28.996] [INFO] [run] subject=15, session=5, speed=9, trial=7, x__rid_x=b2641f673db68f8d: dummy_return_one(x)
[11:47:28.996] [INFO] [run] subject=16, session=1, speed=1, trial=1, x__rid_x=e637a6762874d217: dummy_return_one(x)
[11:47:28.997] [INFO] [run] subject=16, session=1, speed=1, trial=2, x__rid_x=97729c5ae365a4e0: dummy_return_one(x)
[11:47:29.002] [INFO] [run] subject=16, session=1, speed=1, trial=3, x__rid_x=c7d274f67e2e94b2: dummy_return_one(x)
[11:47:29.002] [INFO] [run] subject=16, session=1, speed=1, trial=4, x__rid_x=fecee2ad76fc7903: dummy_return_one(x)
[11:47:29.003] [INFO] [run] subject=16, session=1, speed=1, trial=5, x__rid_x=0762926ab5a76a6f: dummy_return_one(x)
[11:47:29.008] [INFO] [run] subject=16, session=1, speed=1, trial=6, x__rid_x=44e4400e61d4a219: dummy_return_one(x)
[11:47:29.009] [INFO] [run] subject=16, session=1, speed=1, trial=7, x__rid_x=34e56f6ad74acf0a: dummy_return_one(x)
[11:47:29.014] [INFO] [run] subject=16, session=1, speed=10, trial=1, x__rid_x=f59518ceb8930f61: dummy_return_one(x)
[11:47:29.015] [INFO] [run] subject=16, session=1, speed=10, trial=2, x__rid_x=51571c6c13883835: dummy_return_one(x)
[11:47:29.016] [INFO] [run] subject=16, session=1, speed=10, trial=3, x__rid_x=f492da5bef144629: dummy_return_one(x)
[11:47:29.020] [INFO] [run] subject=16, session=1, speed=10, trial=4, x__rid_x=d59c1687cb610aee: dummy_return_one(x)
[11:47:29.021] [INFO] [run] subject=16, session=1, speed=10, trial=5, x__rid_x=180078aa813dd553: dummy_return_one(x)
[11:47:29.022] [INFO] [run] subject=16, session=1, speed=10, trial=6, x__rid_x=2d450e1a369aca75: dummy_return_one(x)
[11:47:29.027] [INFO] [run] subject=16, session=1, speed=10, trial=7, x__rid_x=bf4d3e6301be1d31: dummy_return_one(x)
[11:47:29.028] [INFO] [run] subject=16, session=1, speed=2, trial=1, x__rid_x=148b31964d8fbc36: dummy_return_one(x)
[11:47:29.028] [INFO] [run] subject=16, session=1, speed=2, trial=2, x__rid_x=3aee0a6a77e67d1f: dummy_return_one(x)
[11:47:29.033] [INFO] [run] subject=16, session=1, speed=2, trial=3, x__rid_x=5e76c69203daddf4: dummy_return_one(x)
[11:47:29.033] [INFO] [run] subject=16, session=1, speed=2, trial=4, x__rid_x=5b0a8e5650b555b7: dummy_return_one(x)
[11:47:29.034] [INFO] [run] subject=16, session=1, speed=2, trial=5, x__rid_x=514d82b56ceba693: dummy_return_one(x)
[11:47:29.039] [INFO] [run] subject=16, session=1, speed=2, trial=6, x__rid_x=d392fa42244dcefd: dummy_return_one(x)
[11:47:29.040] [INFO] [run] subject=16, session=1, speed=2, trial=7, x__rid_x=079cb5c96103bb7e: dummy_return_one(x)
[11:47:29.041] [INFO] [run] subject=16, session=1, speed=3, trial=1, x__rid_x=1769ac8631519733: dummy_return_one(x)
[11:47:29.045] [INFO] [run] subject=16, session=1, speed=3, trial=2, x__rid_x=80ca660eaaf4cf66: dummy_return_one(x)
[11:47:29.046] [INFO] [run] subject=16, session=1, speed=3, trial=3, x__rid_x=40a878eac9238334: dummy_return_one(x)
[11:47:29.047] [INFO] [run] subject=16, session=1, speed=3, trial=4, x__rid_x=ffe45a174f336343: dummy_return_one(x)
[11:47:29.052] [INFO] [run] subject=16, session=1, speed=3, trial=5, x__rid_x=250dbbcd6dbc51c8: dummy_return_one(x)
[11:47:29.052] [INFO] [run] subject=16, session=1, speed=3, trial=6, x__rid_x=f1b388972fe78d45: dummy_return_one(x)
[11:47:29.053] [INFO] [run] subject=16, session=1, speed=3, trial=7, x__rid_x=ce0ff8873fee8a0c: dummy_return_one(x)
[11:47:29.058] [INFO] [run] subject=16, session=1, speed=4, trial=1, x__rid_x=dfce95c905462b97: dummy_return_one(x)
[11:47:29.059] [INFO] [run] subject=16, session=1, speed=4, trial=2, x__rid_x=af03e747a0ad9d91: dummy_return_one(x)
[11:47:29.064] [INFO] [run] subject=16, session=1, speed=4, trial=3, x__rid_x=6c988f67b2b05b76: dummy_return_one(x)
[11:47:29.065] [INFO] [run] subject=16, session=1, speed=4, trial=4, x__rid_x=1177653ba4043a5f: dummy_return_one(x)
[11:47:29.065] [INFO] [run] subject=16, session=1, speed=4, trial=5, x__rid_x=33aa39db3b39b24c: dummy_return_one(x)
[11:47:29.070] [INFO] [run] subject=16, session=1, speed=4, trial=6, x__rid_x=c93418abbfe68588: dummy_return_one(x)
[11:47:29.071] [INFO] [run] subject=16, session=1, speed=4, trial=7, x__rid_x=ece22aa68f38ea27: dummy_return_one(x)
[11:47:29.072] [INFO] [run] subject=16, session=1, speed=5, trial=1, x__rid_x=3791891b145e2e31: dummy_return_one(x)
[11:47:29.077] [INFO] [run] subject=16, session=1, speed=5, trial=2, x__rid_x=deb05e902cbebba3: dummy_return_one(x)
[11:47:29.078] [INFO] [run] subject=16, session=1, speed=5, trial=3, x__rid_x=4ad50f9fedb23c0d: dummy_return_one(x)
[11:47:29.078] [INFO] [run] subject=16, session=1, speed=5, trial=4, x__rid_x=398d71f46f68d586: dummy_return_one(x)
[11:47:29.083] [INFO] [run] subject=16, session=1, speed=5, trial=5, x__rid_x=e9395f4370e7c81c: dummy_return_one(x)
[11:47:29.083] [INFO] [run] subject=16, session=1, speed=5, trial=6, x__rid_x=c0debc7e76518f6e: dummy_return_one(x)
[11:47:29.084] [INFO] [run] subject=16, session=1, speed=5, trial=7, x__rid_x=68578bcccbccefea: dummy_return_one(x)
[11:47:29.089] [INFO] [run] subject=16, session=1, speed=6, trial=1, x__rid_x=170463db943ad4ee: dummy_return_one(x)
[11:47:29.090] [INFO] [run] subject=16, session=1, speed=6, trial=2, x__rid_x=d98a69adbf43da4b: dummy_return_one(x)
[11:47:29.095] [INFO] [run] subject=16, session=1, speed=6, trial=3, x__rid_x=11ffc7665ac8659a: dummy_return_one(x)
[11:47:29.096] [INFO] [run] subject=16, session=1, speed=6, trial=4, x__rid_x=1971e9d0a3540451: dummy_return_one(x)
[11:47:29.097] [INFO] [run] subject=16, session=1, speed=6, trial=5, x__rid_x=4c6c46902bf693d8: dummy_return_one(x)
[11:47:29.102] [INFO] [run] subject=16, session=1, speed=6, trial=6, x__rid_x=ca17174b06202fdb: dummy_return_one(x)
[11:47:29.102] [INFO] [run] subject=16, session=1, speed=6, trial=7, x__rid_x=ac9569849377c97f: dummy_return_one(x)
[11:47:29.103] [INFO] [run] subject=16, session=1, speed=7, trial=1, x__rid_x=a1b366093cabe73d: dummy_return_one(x)
[11:47:29.108] [INFO] [run] subject=16, session=1, speed=7, trial=2, x__rid_x=e664fc5eb37cf9c0: dummy_return_one(x)
[11:47:29.109] [INFO] [run] subject=16, session=1, speed=7, trial=3, x__rid_x=42f66682d1db9144: dummy_return_one(x)
[11:47:29.110] [INFO] [run] subject=16, session=1, speed=7, trial=4, x__rid_x=3817b7c02aed7abb: dummy_return_one(x)
[11:47:29.114] [INFO] [run] subject=16, session=1, speed=7, trial=5, x__rid_x=5666b71efa6c2907: dummy_return_one(x)
[11:47:29.115] [INFO] [run] subject=16, session=1, speed=7, trial=6, x__rid_x=a4b2d37a0fc2536b: dummy_return_one(x)
[11:47:29.115] [INFO] [run] subject=16, session=1, speed=7, trial=7, x__rid_x=ca40f70425f0b967: dummy_return_one(x)
[11:47:29.120] [INFO] [run] subject=16, session=1, speed=8, trial=1, x__rid_x=194ab5ef3909e6a5: dummy_return_one(x)
[11:47:29.121] [INFO] [run] subject=16, session=1, speed=8, trial=2, x__rid_x=1dda131d1ec117e1: dummy_return_one(x)
[11:47:29.127] [INFO] [run] subject=16, session=1, speed=8, trial=3, x__rid_x=dd39b3209abb99d5: dummy_return_one(x)
[11:47:29.128] [INFO] [run] subject=16, session=1, speed=8, trial=4, x__rid_x=fca1ad6e74d9c4f7: dummy_return_one(x)
[11:47:29.133] [INFO] [run] subject=16, session=1, speed=8, trial=5, x__rid_x=6562bd2616810a04: dummy_return_one(x)
[11:47:29.134] [INFO] [run] subject=16, session=1, speed=8, trial=6, x__rid_x=9a832549e382b898: dummy_return_one(x)
[11:47:29.135] [INFO] [run] subject=16, session=1, speed=8, trial=7, x__rid_x=3f52627561a03115: dummy_return_one(x)
[11:47:29.139] [INFO] [run] subject=16, session=1, speed=9, trial=1, x__rid_x=591ee25288304e90: dummy_return_one(x)
[11:47:29.140] [INFO] [run] subject=16, session=1, speed=9, trial=2, x__rid_x=ecc6598184c0ac07: dummy_return_one(x)
[11:47:29.141] [INFO] [run] subject=16, session=1, speed=9, trial=3, x__rid_x=2f396b7175ef7406: dummy_return_one(x)
[11:47:29.145] [INFO] [run] subject=16, session=1, speed=9, trial=4, x__rid_x=928e87632cf66943: dummy_return_one(x)
[11:47:29.146] [INFO] [run] subject=16, session=1, speed=9, trial=5, x__rid_x=af861d329852edfe: dummy_return_one(x)
[11:47:29.147] [INFO] [run] subject=16, session=1, speed=9, trial=6, x__rid_x=8064a0e964f83d26: dummy_return_one(x)
[11:47:29.152] [INFO] [run] subject=16, session=1, speed=9, trial=7, x__rid_x=9a4dc7fc76f69990: dummy_return_one(x)
[11:47:29.152] [INFO] [run] subject=16, session=2, speed=1, trial=1, x__rid_x=337800ca4068fbb6: dummy_return_one(x)
[11:47:29.153] [INFO] [run] subject=16, session=2, speed=1, trial=2, x__rid_x=862a363ec9366b51: dummy_return_one(x)
[11:47:29.158] [INFO] [run] subject=16, session=2, speed=1, trial=3, x__rid_x=e9802e3183fdd8c0: dummy_return_one(x)
[11:47:29.159] [INFO] [run] subject=16, session=2, speed=1, trial=4, x__rid_x=f5860d294c541682: dummy_return_one(x)
[11:47:29.164] [INFO] [run] subject=16, session=2, speed=1, trial=5, x__rid_x=c87754bdc59f8225: dummy_return_one(x)
[11:47:29.165] [INFO] [run] subject=16, session=2, speed=1, trial=6, x__rid_x=20dec476a518465e: dummy_return_one(x)
[11:47:29.165] [INFO] [run] subject=16, session=2, speed=1, trial=7, x__rid_x=8deaeea8589a8325: dummy_return_one(x)
[11:47:29.170] [INFO] [run] subject=16, session=2, speed=10, trial=1, x__rid_x=b3a5648eb8570784: dummy_return_one(x)
[11:47:29.171] [INFO] [run] subject=16, session=2, speed=10, trial=2, x__rid_x=dfe8477040536c65: dummy_return_one(x)
[11:47:29.172] [INFO] [run] subject=16, session=2, speed=10, trial=3, x__rid_x=bd866a2f45bbd9fe: dummy_return_one(x)
[11:47:29.177] [INFO] [run] subject=16, session=2, speed=10, trial=4, x__rid_x=18ff99b8bdbcce66: dummy_return_one(x)
[11:47:29.178] [INFO] [run] subject=16, session=2, speed=10, trial=5, x__rid_x=de1e5739e7ff7f29: dummy_return_one(x)
[11:47:29.183] [INFO] [run] subject=16, session=2, speed=10, trial=6, x__rid_x=d2195b457b938a14: dummy_return_one(x)
[11:47:29.184] [INFO] [run] subject=16, session=2, speed=10, trial=7, x__rid_x=a6481ec911935e22: dummy_return_one(x)
[11:47:29.184] [INFO] [run] subject=16, session=2, speed=2, trial=1, x__rid_x=43e264331bf82555: dummy_return_one(x)
[11:47:29.189] [INFO] [run] subject=16, session=2, speed=2, trial=2, x__rid_x=a363cab9f01ad0aa: dummy_return_one(x)
[11:47:29.191] [INFO] [run] subject=16, session=2, speed=2, trial=3, x__rid_x=bacd4861e88e2d7d: dummy_return_one(x)
[11:47:29.196] [INFO] [run] subject=16, session=2, speed=2, trial=4, x__rid_x=10dd916474913262: dummy_return_one(x)
[11:47:29.198] [INFO] [run] subject=16, session=2, speed=2, trial=5, x__rid_x=bc1dc910066d32a7: dummy_return_one(x)
[11:47:29.203] [INFO] [run] subject=16, session=2, speed=2, trial=6, x__rid_x=2eaccaa7c1a5935b: dummy_return_one(x)
[11:47:29.203] [INFO] [run] subject=16, session=2, speed=2, trial=7, x__rid_x=09aa2287aef9dc82: dummy_return_one(x)
[11:47:29.204] [INFO] [run] subject=16, session=2, speed=3, trial=1, x__rid_x=d9585ba285b42f20: dummy_return_one(x)
[11:47:29.209] [INFO] [run] subject=16, session=2, speed=3, trial=2, x__rid_x=5d3dfcf6227ee0c3: dummy_return_one(x)
[11:47:29.210] [INFO] [run] subject=16, session=2, speed=3, trial=3, x__rid_x=ee1d5de297889487: dummy_return_one(x)
[11:47:29.211] [INFO] [run] subject=16, session=2, speed=3, trial=4, x__rid_x=e101742702b61f0d: dummy_return_one(x)
[11:47:29.215] [INFO] [run] subject=16, session=2, speed=3, trial=5, x__rid_x=8535d3a587129bcd: dummy_return_one(x)
[11:47:29.216] [INFO] [run] subject=16, session=2, speed=3, trial=6, x__rid_x=f5d818406a957dcc: dummy_return_one(x)
[11:47:29.217] [INFO] [run] subject=16, session=2, speed=3, trial=7, x__rid_x=4633b2604a2c2fc4: dummy_return_one(x)
[11:47:29.222] [INFO] [run] subject=16, session=2, speed=4, trial=1, x__rid_x=170db84e4ae39063: dummy_return_one(x)
[11:47:29.222] [INFO] [run] subject=16, session=2, speed=4, trial=2, x__rid_x=dd3047b7c20b8b20: dummy_return_one(x)
[11:47:29.223] [INFO] [run] subject=16, session=2, speed=4, trial=3, x__rid_x=bb15edd7d1bfcab0: dummy_return_one(x)
[11:47:29.228] [INFO] [run] subject=16, session=2, speed=4, trial=4, x__rid_x=87d0d0f21ecbd3d6: dummy_return_one(x)
[11:47:29.229] [INFO] [run] subject=16, session=2, speed=4, trial=5, x__rid_x=67d741075e652d6b: dummy_return_one(x)
[11:47:29.234] [INFO] [run] subject=16, session=2, speed=4, trial=6, x__rid_x=20f22c47590d31c4: dummy_return_one(x)
[11:47:29.235] [INFO] [run] subject=16, session=2, speed=4, trial=7, x__rid_x=4acca5e46e7dd8df: dummy_return_one(x)
[11:47:29.236] [INFO] [run] subject=16, session=2, speed=5, trial=1, x__rid_x=508a7103d6b22d35: dummy_return_one(x)
[11:47:29.241] [INFO] [run] subject=16, session=2, speed=5, trial=2, x__rid_x=c2fb1df70c19d500: dummy_return_one(x)
[11:47:29.242] [INFO] [run] subject=16, session=2, speed=5, trial=3, x__rid_x=6e2d54046a787d58: dummy_return_one(x)
[11:47:29.242] [INFO] [run] subject=16, session=2, speed=5, trial=4, x__rid_x=c8ffd6be573da869: dummy_return_one(x)
[11:47:29.247] [INFO] [run] subject=16, session=2, speed=5, trial=5, x__rid_x=b9ed360aba850e51: dummy_return_one(x)
[11:47:29.248] [INFO] [run] subject=16, session=2, speed=5, trial=6, x__rid_x=79cacff9d2bd3f7d: dummy_return_one(x)
[11:47:29.249] [INFO] [run] subject=16, session=2, speed=5, trial=7, x__rid_x=a2c2f4196225494f: dummy_return_one(x)
[11:47:29.253] [INFO] [run] subject=16, session=2, speed=6, trial=1, x__rid_x=c1ac0a25c8b2b0e0: dummy_return_one(x)
[11:47:29.254] [INFO] [run] subject=16, session=2, speed=6, trial=2, x__rid_x=c543bae85c9ae1fc: dummy_return_one(x)
[11:47:29.255] [INFO] [run] subject=16, session=2, speed=6, trial=3, x__rid_x=ebeb8c4b5a2ef594: dummy_return_one(x)
[11:47:29.260] [INFO] [run] subject=16, session=2, speed=6, trial=4, x__rid_x=0b4eccfde4db8d6a: dummy_return_one(x)
[11:47:29.261] [INFO] [run] subject=16, session=2, speed=6, trial=5, x__rid_x=e8c11db71a9fa45b: dummy_return_one(x)
[11:47:29.266] [INFO] [run] subject=16, session=2, speed=6, trial=6, x__rid_x=edaa3766589a2110: dummy_return_one(x)
[11:47:29.267] [INFO] [run] subject=16, session=2, speed=6, trial=7, x__rid_x=9ad37c456b765967: dummy_return_one(x)
[11:47:29.268] [INFO] [run] subject=16, session=2, speed=7, trial=1, x__rid_x=fd09d3a6802d2bed: dummy_return_one(x)
[11:47:29.272] [INFO] [run] subject=16, session=2, speed=7, trial=2, x__rid_x=0d02209b8b689795: dummy_return_one(x)
[11:47:29.273] [INFO] [run] subject=16, session=2, speed=7, trial=3, x__rid_x=27731347ccdb54b2: dummy_return_one(x)
[11:47:29.274] [INFO] [run] subject=16, session=2, speed=7, trial=4, x__rid_x=dfd45b37a1c57fb0: dummy_return_one(x)
[11:47:29.279] [INFO] [run] subject=16, session=2, speed=7, trial=5, x__rid_x=bf3969dc44de7448: dummy_return_one(x)
[11:47:29.280] [INFO] [run] subject=16, session=2, speed=7, trial=6, x__rid_x=d5f340821bc1fc66: dummy_return_one(x)
[11:47:29.281] [INFO] [run] subject=16, session=2, speed=7, trial=7, x__rid_x=a98059324941cf4e: dummy_return_one(x)
[11:47:29.285] [INFO] [run] subject=16, session=2, speed=8, trial=1, x__rid_x=9c4843c9813dcb00: dummy_return_one(x)
[11:47:29.286] [INFO] [run] subject=16, session=2, speed=8, trial=2, x__rid_x=7d6c6d3204c4f750: dummy_return_one(x)
[11:47:29.287] [INFO] [run] subject=16, session=2, speed=8, trial=3, x__rid_x=3443817879720e38: dummy_return_one(x)
[11:47:29.292] [INFO] [run] subject=16, session=2, speed=8, trial=4, x__rid_x=a0f3edf1d35928e8: dummy_return_one(x)
[11:47:29.293] [INFO] [run] subject=16, session=2, speed=8, trial=5, x__rid_x=0a106eab39c08d9d: dummy_return_one(x)
[11:47:29.298] [INFO] [run] subject=16, session=2, speed=8, trial=6, x__rid_x=c6db777bcbdd704c: dummy_return_one(x)
[11:47:29.299] [INFO] [run] subject=16, session=2, speed=8, trial=7, x__rid_x=83f1d7b226abeabe: dummy_return_one(x)
[11:47:29.299] [INFO] [run] subject=16, session=2, speed=9, trial=1, x__rid_x=09fff8a2b53ab3df: dummy_return_one(x)
[11:47:29.304] [INFO] [run] subject=16, session=2, speed=9, trial=2, x__rid_x=75efd81db0a7b693: dummy_return_one(x)
[11:47:29.305] [INFO] [run] subject=16, session=2, speed=9, trial=3, x__rid_x=9d56042b90657813: dummy_return_one(x)
[11:47:29.306] [INFO] [run] subject=16, session=2, speed=9, trial=4, x__rid_x=9ffd4c22718416ff: dummy_return_one(x)
[11:47:29.311] [INFO] [run] subject=16, session=2, speed=9, trial=5, x__rid_x=b61211edceaef4c6: dummy_return_one(x)
[11:47:29.312] [INFO] [run] subject=16, session=2, speed=9, trial=6, x__rid_x=cd3caa48c9818997: dummy_return_one(x)
[11:47:29.317] [INFO] [run] subject=16, session=2, speed=9, trial=7, x__rid_x=3d2cff9b60471d30: dummy_return_one(x)
[11:47:29.318] [INFO] [run] subject=16, session=3, speed=1, trial=1, x__rid_x=cea92a479d052c64: dummy_return_one(x)
[11:47:29.318] [INFO] [run] subject=16, session=3, speed=1, trial=2, x__rid_x=d6bef6d17f3f1da9: dummy_return_one(x)
[11:47:29.323] [INFO] [run] subject=16, session=3, speed=1, trial=3, x__rid_x=5e285624bfea143f: dummy_return_one(x)
[11:47:29.325] [INFO] [run] subject=16, session=3, speed=1, trial=4, x__rid_x=f6f64e16df8d9dda: dummy_return_one(x)
[11:47:29.330] [INFO] [run] subject=16, session=3, speed=1, trial=5, x__rid_x=90d336912713d817: dummy_return_one(x)
[11:47:29.331] [INFO] [run] subject=16, session=3, speed=1, trial=6, x__rid_x=f11794b4fd2dfcee: dummy_return_one(x)
[11:47:29.331] [INFO] [run] subject=16, session=3, speed=1, trial=7, x__rid_x=054cd4cdeb2f5ad8: dummy_return_one(x)
[11:47:29.336] [INFO] [run] subject=16, session=3, speed=10, trial=1, x__rid_x=04de3f5df441efdb: dummy_return_one(x)
[11:47:29.337] [INFO] [run] subject=16, session=3, speed=10, trial=2, x__rid_x=9e9a2bc332c0c163: dummy_return_one(x)
[11:47:29.337] [INFO] [run] subject=16, session=3, speed=10, trial=3, x__rid_x=d07e39cce780dc39: dummy_return_one(x)
[11:47:29.343] [INFO] [run] subject=16, session=3, speed=10, trial=4, x__rid_x=5f9dfc15d705934e: dummy_return_one(x)
[11:47:29.344] [INFO] [run] subject=16, session=3, speed=10, trial=5, x__rid_x=c77bb81cb5b7b361: dummy_return_one(x)
[11:47:29.349] [INFO] [run] subject=16, session=3, speed=10, trial=6, x__rid_x=648ef849286c808c: dummy_return_one(x)
[11:47:29.350] [INFO] [run] subject=16, session=3, speed=10, trial=7, x__rid_x=f47f38dedb5dbecb: dummy_return_one(x)
[11:47:29.351] [INFO] [run] subject=16, session=3, speed=2, trial=1, x__rid_x=e19037fe17d17a61: dummy_return_one(x)
[11:47:29.356] [INFO] [run] subject=16, session=3, speed=2, trial=2, x__rid_x=8a9675e7d3ad1cac: dummy_return_one(x)
[11:47:29.356] [INFO] [run] subject=16, session=3, speed=2, trial=3, x__rid_x=feb0b83f17c14200: dummy_return_one(x)
[11:47:29.357] [INFO] [run] subject=16, session=3, speed=2, trial=4, x__rid_x=69c18e22b1117937: dummy_return_one(x)
[11:47:29.362] [INFO] [run] subject=16, session=3, speed=2, trial=5, x__rid_x=d4dc77998ce47d5e: dummy_return_one(x)
[11:47:29.364] [INFO] [run] subject=16, session=3, speed=2, trial=6, x__rid_x=8b96fc1532810935: dummy_return_one(x)
[11:47:29.369] [INFO] [run] subject=16, session=3, speed=2, trial=7, x__rid_x=76490b80a78bdaaf: dummy_return_one(x)
[11:47:29.370] [INFO] [run] subject=16, session=3, speed=3, trial=1, x__rid_x=53b63c87bf5f8fa1: dummy_return_one(x)
[11:47:29.371] [INFO] [run] subject=16, session=3, speed=3, trial=2, x__rid_x=4f0b3ec366f5b8bf: dummy_return_one(x)
[11:47:29.375] [INFO] [run] subject=16, session=3, speed=3, trial=3, x__rid_x=fd39af928ecf7f23: dummy_return_one(x)
[11:47:29.377] [INFO] [run] subject=16, session=3, speed=3, trial=4, x__rid_x=8ac92fbe965d57ff: dummy_return_one(x)
[11:47:29.382] [INFO] [run] subject=16, session=3, speed=3, trial=5, x__rid_x=d06afb036a549555: dummy_return_one(x)
[11:47:29.383] [INFO] [run] subject=16, session=3, speed=3, trial=6, x__rid_x=a345863756d63787: dummy_return_one(x)
[11:47:29.383] [INFO] [run] subject=16, session=3, speed=3, trial=7, x__rid_x=37cfee0378c52a97: dummy_return_one(x)
[11:47:29.388] [INFO] [run] subject=16, session=3, speed=4, trial=1, x__rid_x=3bbf401b8e19bbfe: dummy_return_one(x)
[11:47:29.389] [INFO] [run] subject=16, session=3, speed=4, trial=2, x__rid_x=29af534725f58afd: dummy_return_one(x)
[11:47:29.390] [INFO] [run] subject=16, session=3, speed=4, trial=3, x__rid_x=eed8b1bbe06e5379: dummy_return_one(x)
[11:47:29.395] [INFO] [run] subject=16, session=3, speed=4, trial=4, x__rid_x=6353ba3a7efa1ba7: dummy_return_one(x)
[11:47:29.396] [INFO] [run] subject=16, session=3, speed=4, trial=5, x__rid_x=9345da4cc6fbd1bf: dummy_return_one(x)
[11:47:29.401] [INFO] [run] subject=16, session=3, speed=4, trial=6, x__rid_x=294da55e68f201ff: dummy_return_one(x)
[11:47:29.402] [INFO] [run] subject=16, session=3, speed=4, trial=7, x__rid_x=09ca7cbdd2851e38: dummy_return_one(x)
[11:47:29.403] [INFO] [run] subject=16, session=3, speed=5, trial=1, x__rid_x=266703e37c2cdd30: dummy_return_one(x)
[11:47:29.408] [INFO] [run] subject=16, session=3, speed=5, trial=2, x__rid_x=891d8f20bdd60f31: dummy_return_one(x)
[11:47:29.409] [INFO] [run] subject=16, session=3, speed=5, trial=3, x__rid_x=3cb57b0b7f40aa3f: dummy_return_one(x)
[11:47:29.414] [INFO] [run] subject=16, session=3, speed=5, trial=4, x__rid_x=dfdeca8bb93f3310: dummy_return_one(x)
[11:47:29.415] [INFO] [run] subject=16, session=3, speed=5, trial=5, x__rid_x=f91fa5287f70dedc: dummy_return_one(x)
[11:47:29.416] [INFO] [run] subject=16, session=3, speed=5, trial=6, x__rid_x=e36954ca50c60c77: dummy_return_one(x)
[11:47:29.421] [INFO] [run] subject=16, session=3, speed=5, trial=7, x__rid_x=92eecbec7845ab4d: dummy_return_one(x)
[11:47:29.421] [INFO] [run] subject=16, session=3, speed=6, trial=1, x__rid_x=5d1912957399099e: dummy_return_one(x)
[11:47:29.422] [INFO] [run] subject=16, session=3, speed=6, trial=2, x__rid_x=6cd15cb123b64c8a: dummy_return_one(x)
[11:47:29.427] [INFO] [run] subject=16, session=3, speed=6, trial=3, x__rid_x=b9ffbdb9b3d0e82a: dummy_return_one(x)
[11:47:29.428] [INFO] [run] subject=16, session=3, speed=6, trial=4, x__rid_x=71bf17fd1c6f553a: dummy_return_one(x)
[11:47:29.434] [INFO] [run] subject=16, session=3, speed=6, trial=5, x__rid_x=bf4544f30227d2a2: dummy_return_one(x)
[11:47:29.434] [INFO] [run] subject=16, session=3, speed=6, trial=6, x__rid_x=9aef2e334d4c1b0b: dummy_return_one(x)
[11:47:29.435] [INFO] [run] subject=16, session=3, speed=6, trial=7, x__rid_x=ecc4a4657ff39278: dummy_return_one(x)
[11:47:29.440] [INFO] [run] subject=16, session=3, speed=7, trial=1, x__rid_x=c14a2deb307f3d80: dummy_return_one(x)
[11:47:29.441] [INFO] [run] subject=16, session=3, speed=7, trial=2, x__rid_x=8441994d5232bab9: dummy_return_one(x)
[11:47:29.447] [INFO] [run] subject=16, session=3, speed=7, trial=3, x__rid_x=7f15a7d46e9b1149: dummy_return_one(x)
[11:47:29.447] [INFO] [run] subject=16, session=3, speed=7, trial=4, x__rid_x=f727fc5af8a78bb0: dummy_return_one(x)
[11:47:29.448] [INFO] [run] subject=16, session=3, speed=7, trial=5, x__rid_x=2a2a12db74651d7f: dummy_return_one(x)
[11:47:29.453] [INFO] [run] subject=16, session=3, speed=7, trial=6, x__rid_x=876387cfb43cd9aa: dummy_return_one(x)
[11:47:29.454] [INFO] [run] subject=16, session=3, speed=7, trial=7, x__rid_x=18b0c5dda61f79a0: dummy_return_one(x)
[11:47:29.454] [INFO] [run] subject=16, session=3, speed=8, trial=1, x__rid_x=d1107d1b23935a79: dummy_return_one(x)
[11:47:29.460] [INFO] [run] subject=16, session=3, speed=8, trial=2, x__rid_x=05c54dee5ba782ae: dummy_return_one(x)
[11:47:29.461] [INFO] [run] subject=16, session=3, speed=8, trial=3, x__rid_x=39a6969fe1dd812f: dummy_return_one(x)
[11:47:29.466] [INFO] [run] subject=16, session=3, speed=8, trial=4, x__rid_x=4a83fa5dbea11224: dummy_return_one(x)
[11:47:29.467] [INFO] [run] subject=16, session=3, speed=8, trial=5, x__rid_x=79da3cdd9a400f7e: dummy_return_one(x)
[11:47:29.467] [INFO] [run] subject=16, session=3, speed=8, trial=6, x__rid_x=e3a9538fa126e53a: dummy_return_one(x)
[11:47:29.473] [INFO] [run] subject=16, session=3, speed=8, trial=7, x__rid_x=66563002e18ab5d4: dummy_return_one(x)
[11:47:29.473] [INFO] [run] subject=16, session=3, speed=9, trial=1, x__rid_x=51ccb64ee7a85f70: dummy_return_one(x)
[11:47:29.474] [INFO] [run] subject=16, session=3, speed=9, trial=2, x__rid_x=f2eec8a9973ac776: dummy_return_one(x)
[11:47:29.479] [INFO] [run] subject=16, session=3, speed=9, trial=3, x__rid_x=04c341c0ad1372ee: dummy_return_one(x)
[11:47:29.480] [INFO] [run] subject=16, session=3, speed=9, trial=4, x__rid_x=6fe4976e7ac7c8cf: dummy_return_one(x)
[11:47:29.486] [INFO] [run] subject=16, session=3, speed=9, trial=5, x__rid_x=dd4b61801cd62b87: dummy_return_one(x)
[11:47:29.486] [INFO] [run] subject=16, session=3, speed=9, trial=6, x__rid_x=1ce8eea9b1d9b70c: dummy_return_one(x)
[11:47:29.487] [INFO] [run] subject=16, session=3, speed=9, trial=7, x__rid_x=dd9600015e9ed989: dummy_return_one(x)
[11:47:29.492] [INFO] [run] subject=16, session=4, speed=1, trial=1, x__rid_x=326279943433318c: dummy_return_one(x)
[11:47:29.493] [INFO] [run] subject=16, session=4, speed=1, trial=2, x__rid_x=6fd83db8e49cb4f2: dummy_return_one(x)
[11:47:29.494] [INFO] [run] subject=16, session=4, speed=1, trial=3, x__rid_x=7ff6d5ad361c2ccc: dummy_return_one(x)
[11:47:29.499] [INFO] [run] subject=16, session=4, speed=1, trial=4, x__rid_x=7b6f0959b56b3a40: dummy_return_one(x)
[11:47:29.499] [INFO] [run] subject=16, session=4, speed=1, trial=5, x__rid_x=d10ec9e0e7eb0319: dummy_return_one(x)
[11:47:29.500] [INFO] [run] subject=16, session=4, speed=1, trial=6, x__rid_x=0cd47aaa34320d03: dummy_return_one(x)
[11:47:29.505] [INFO] [run] subject=16, session=4, speed=1, trial=7, x__rid_x=121bdaae7f782781: dummy_return_one(x)
[11:47:29.506] [INFO] [run] subject=16, session=4, speed=10, trial=1, x__rid_x=fcd171f6ea2652fe: dummy_return_one(x)
[11:47:29.506] [INFO] [run] subject=16, session=4, speed=10, trial=2, x__rid_x=80c6c8f9be5cc697: dummy_return_one(x)
[11:47:29.512] [INFO] [run] subject=16, session=4, speed=10, trial=3, x__rid_x=34f6d1d44e5c8521: dummy_return_one(x)
[11:47:29.513] [INFO] [run] subject=16, session=4, speed=10, trial=4, x__rid_x=32d7ea6c8f3c6737: dummy_return_one(x)
[11:47:29.518] [INFO] [run] subject=16, session=4, speed=10, trial=5, x__rid_x=8fb7e41ae98164f2: dummy_return_one(x)
[11:47:29.519] [INFO] [run] subject=16, session=4, speed=10, trial=6, x__rid_x=f72cfb33599fc266: dummy_return_one(x)
[11:47:29.520] [INFO] [run] subject=16, session=4, speed=10, trial=7, x__rid_x=e1d3d55b8e1a96e6: dummy_return_one(x)
[11:47:29.525] [INFO] [run] subject=16, session=4, speed=2, trial=1, x__rid_x=89f3e99f1e342500: dummy_return_one(x)
[11:47:29.526] [INFO] [run] subject=16, session=4, speed=2, trial=2, x__rid_x=a995c42b58c3e00b: dummy_return_one(x)
[11:47:29.531] [INFO] [run] subject=16, session=4, speed=2, trial=3, x__rid_x=992376757d77a382: dummy_return_one(x)
[11:47:29.532] [INFO] [run] subject=16, session=4, speed=2, trial=4, x__rid_x=a5b5f624e73816c6: dummy_return_one(x)
[11:47:29.533] [INFO] [run] subject=16, session=4, speed=2, trial=5, x__rid_x=e8c19853aca19d96: dummy_return_one(x)
[11:47:29.538] [INFO] [run] subject=16, session=4, speed=2, trial=6, x__rid_x=a7ae82a1db5d3f10: dummy_return_one(x)
[11:47:29.538] [INFO] [run] subject=16, session=4, speed=2, trial=7, x__rid_x=cc7fe9a36d925c3d: dummy_return_one(x)
[11:47:29.539] [INFO] [run] subject=16, session=4, speed=3, trial=1, x__rid_x=281a533280a868c9: dummy_return_one(x)
[11:47:29.544] [INFO] [run] subject=16, session=4, speed=3, trial=2, x__rid_x=194decfb0b9951d8: dummy_return_one(x)
[11:47:29.545] [INFO] [run] subject=16, session=4, speed=3, trial=3, x__rid_x=c6a2f518f0d340a6: dummy_return_one(x)
[11:47:29.551] [INFO] [run] subject=16, session=4, speed=3, trial=4, x__rid_x=ce493fc116593db5: dummy_return_one(x)
[11:47:29.551] [INFO] [run] subject=16, session=4, speed=3, trial=5, x__rid_x=8b9fd40cfcfe4f75: dummy_return_one(x)
[11:47:29.552] [INFO] [run] subject=16, session=4, speed=3, trial=6, x__rid_x=6a6eb419a8c4e79e: dummy_return_one(x)
[11:47:29.557] [INFO] [run] subject=16, session=4, speed=3, trial=7, x__rid_x=43d9254dcfb68c44: dummy_return_one(x)
[11:47:29.558] [INFO] [run] subject=16, session=4, speed=4, trial=1, x__rid_x=2ba8770c2ad2feda: dummy_return_one(x)
[11:47:29.564] [INFO] [run] subject=16, session=4, speed=4, trial=2, x__rid_x=54ef75654a854fd8: dummy_return_one(x)
[11:47:29.565] [INFO] [run] subject=16, session=4, speed=4, trial=3, x__rid_x=2c9f1511cbd24f45: dummy_return_one(x)
[11:47:29.565] [INFO] [run] subject=16, session=4, speed=4, trial=4, x__rid_x=e59b33ee2c7e3446: dummy_return_one(x)
[11:47:29.570] [INFO] [run] subject=16, session=4, speed=4, trial=5, x__rid_x=f081d250c69d0aad: dummy_return_one(x)
[11:47:29.571] [INFO] [run] subject=16, session=4, speed=4, trial=6, x__rid_x=abcbff36684edb78: dummy_return_one(x)
[11:47:29.572] [INFO] [run] subject=16, session=4, speed=4, trial=7, x__rid_x=a7c3375257bff709: dummy_return_one(x)
[11:47:29.577] [INFO] [run] subject=16, session=4, speed=5, trial=1, x__rid_x=2538990ecc75b3db: dummy_return_one(x)
[11:47:29.578] [INFO] [run] subject=16, session=4, speed=5, trial=2, x__rid_x=6ccc96d4cf012aad: dummy_return_one(x)
[11:47:29.584] [INFO] [run] subject=16, session=4, speed=5, trial=3, x__rid_x=274f71931aeef236: dummy_return_one(x)
[11:47:29.584] [INFO] [run] subject=16, session=4, speed=5, trial=4, x__rid_x=0de553d6e2e19dce: dummy_return_one(x)
[11:47:29.585] [INFO] [run] subject=16, session=4, speed=5, trial=5, x__rid_x=d9c9666e1a8d7044: dummy_return_one(x)
[11:47:29.590] [INFO] [run] subject=16, session=4, speed=5, trial=6, x__rid_x=89fabeb4bbe11aeb: dummy_return_one(x)
[11:47:29.591] [INFO] [run] subject=16, session=4, speed=5, trial=7, x__rid_x=2a787af698db8ce1: dummy_return_one(x)
[11:47:29.597] [INFO] [run] subject=16, session=4, speed=6, trial=1, x__rid_x=a02738014c337cc0: dummy_return_one(x)
[11:47:29.597] [INFO] [run] subject=16, session=4, speed=6, trial=2, x__rid_x=480e59be14ef4d52: dummy_return_one(x)
[11:47:29.598] [INFO] [run] subject=16, session=4, speed=6, trial=3, x__rid_x=87985fc99e2df487: dummy_return_one(x)
[11:47:29.603] [INFO] [run] subject=16, session=4, speed=6, trial=4, x__rid_x=4ad9544e64a967ce: dummy_return_one(x)
[11:47:29.604] [INFO] [run] subject=16, session=4, speed=6, trial=5, x__rid_x=d54fc9507fb82073: dummy_return_one(x)
[11:47:29.605] [INFO] [run] subject=16, session=4, speed=6, trial=6, x__rid_x=1cf0382af51381c8: dummy_return_one(x)
[11:47:29.610] [INFO] [run] subject=16, session=4, speed=6, trial=7, x__rid_x=1db4eba8a0f06f73: dummy_return_one(x)
[11:47:29.611] [INFO] [run] subject=16, session=4, speed=7, trial=1, x__rid_x=c790d08d6f21f91a: dummy_return_one(x)
[11:47:29.616] [INFO] [run] subject=16, session=4, speed=7, trial=2, x__rid_x=17288cf22c36b4ce: dummy_return_one(x)
[11:47:29.617] [INFO] [run] subject=16, session=4, speed=7, trial=3, x__rid_x=7d4469826aa904ee: dummy_return_one(x)
[11:47:29.618] [INFO] [run] subject=16, session=4, speed=7, trial=4, x__rid_x=87227ddc274c7219: dummy_return_one(x)
[11:47:29.623] [INFO] [run] subject=16, session=4, speed=7, trial=5, x__rid_x=d2be4e3a59f4e73d: dummy_return_one(x)
[11:47:29.624] [INFO] [run] subject=16, session=4, speed=7, trial=6, x__rid_x=13f2841e7ef9c112: dummy_return_one(x)
[11:47:29.625] [INFO] [run] subject=16, session=4, speed=7, trial=7, x__rid_x=83117cf54917519a: dummy_return_one(x)
[11:47:29.630] [INFO] [run] subject=16, session=4, speed=8, trial=1, x__rid_x=b134f550c4c530f5: dummy_return_one(x)
[11:47:29.631] [INFO] [run] subject=16, session=4, speed=8, trial=2, x__rid_x=a74ca5851f5a105f: dummy_return_one(x)
[11:47:29.631] [INFO] [run] subject=16, session=4, speed=8, trial=3, x__rid_x=21683e7aab948c53: dummy_return_one(x)
[11:47:29.636] [INFO] [run] subject=16, session=4, speed=8, trial=4, x__rid_x=4bdf6ea828f5332b: dummy_return_one(x)
[11:47:29.637] [INFO] [run] subject=16, session=4, speed=8, trial=5, x__rid_x=bc968f6d3e3ee37b: dummy_return_one(x)
[11:47:29.638] [INFO] [run] subject=16, session=4, speed=8, trial=6, x__rid_x=03f13dba5375559f: dummy_return_one(x)
[11:47:29.643] [INFO] [run] subject=16, session=4, speed=8, trial=7, x__rid_x=1e9a684f3b5a3e9b: dummy_return_one(x)
[11:47:29.644] [INFO] [run] subject=16, session=4, speed=9, trial=1, x__rid_x=ca28afc330c7c1a6: dummy_return_one(x)
[11:47:29.649] [INFO] [run] subject=16, session=4, speed=9, trial=2, x__rid_x=283041e0476088a0: dummy_return_one(x)
[11:47:29.650] [INFO] [run] subject=16, session=4, speed=9, trial=3, x__rid_x=27255b2b353cfbc8: dummy_return_one(x)
[11:47:29.651] [INFO] [run] subject=16, session=4, speed=9, trial=4, x__rid_x=c6c4f964b0047582: dummy_return_one(x)
[11:47:29.656] [INFO] [run] subject=16, session=4, speed=9, trial=5, x__rid_x=0ea5a0112e0c06f7: dummy_return_one(x)
[11:47:29.657] [INFO] [run] subject=16, session=4, speed=9, trial=6, x__rid_x=7e060bbecaebd9a6: dummy_return_one(x)
[11:47:29.658] [INFO] [run] subject=16, session=4, speed=9, trial=7, x__rid_x=7ee8d72a6704ab7a: dummy_return_one(x)
[11:47:29.663] [INFO] [run] subject=16, session=5, speed=1, trial=1, x__rid_x=1611102a6f9072f6: dummy_return_one(x)
[11:47:29.663] [INFO] [run] subject=16, session=5, speed=1, trial=2, x__rid_x=cc955d9878049e2d: dummy_return_one(x)
[11:47:29.664] [INFO] [run] subject=16, session=5, speed=1, trial=3, x__rid_x=7ac63f1de1bc178b: dummy_return_one(x)
[11:47:29.669] [INFO] [run] subject=16, session=5, speed=1, trial=4, x__rid_x=f768a0a71ee5d71b: dummy_return_one(x)
[11:47:29.670] [INFO] [run] subject=16, session=5, speed=1, trial=5, x__rid_x=72afbcca96f3c96f: dummy_return_one(x)
[11:47:29.671] [INFO] [run] subject=16, session=5, speed=1, trial=6, x__rid_x=9dea44cae747c417: dummy_return_one(x)
[11:47:29.676] [INFO] [run] subject=16, session=5, speed=1, trial=7, x__rid_x=619a57d864a062ae: dummy_return_one(x)
[11:47:29.677] [INFO] [run] subject=16, session=5, speed=10, trial=1, x__rid_x=caa54ff0cfd3ab7e: dummy_return_one(x)
[11:47:29.682] [INFO] [run] subject=16, session=5, speed=10, trial=2, x__rid_x=166f6a5b63532e7e: dummy_return_one(x)
[11:47:29.683] [INFO] [run] subject=16, session=5, speed=10, trial=3, x__rid_x=1d7d56e7617dc4cf: dummy_return_one(x)
[11:47:29.684] [INFO] [run] subject=16, session=5, speed=10, trial=4, x__rid_x=41230bbedcd3feb6: dummy_return_one(x)
[11:47:29.689] [INFO] [run] subject=16, session=5, speed=10, trial=5, x__rid_x=8073654ffefdfe76: dummy_return_one(x)
[11:47:29.690] [INFO] [run] subject=16, session=5, speed=10, trial=6, x__rid_x=71473b551341e92d: dummy_return_one(x)
[11:47:29.691] [INFO] [run] subject=16, session=5, speed=10, trial=7, x__rid_x=04dd2ee24bed5894: dummy_return_one(x)
[11:47:29.696] [INFO] [run] subject=16, session=5, speed=2, trial=1, x__rid_x=11f18d8b559cb9ab: dummy_return_one(x)
[11:47:29.697] [INFO] [run] subject=16, session=5, speed=2, trial=2, x__rid_x=bb3e7cf7c7cc854a: dummy_return_one(x)
[11:47:29.697] [INFO] [run] subject=16, session=5, speed=2, trial=3, x__rid_x=fa869ece74cc97b5: dummy_return_one(x)
[11:47:29.703] [INFO] [run] subject=16, session=5, speed=2, trial=4, x__rid_x=a0359cf81c7142bc: dummy_return_one(x)
[11:47:29.703] [INFO] [run] subject=16, session=5, speed=2, trial=5, x__rid_x=c836f58aea6ff041: dummy_return_one(x)
[11:47:29.704] [INFO] [run] subject=16, session=5, speed=2, trial=6, x__rid_x=de872b948357f2c6: dummy_return_one(x)
[11:47:29.709] [INFO] [run] subject=16, session=5, speed=2, trial=7, x__rid_x=3d640e26fd6d79f4: dummy_return_one(x)
[11:47:29.711] [INFO] [run] subject=16, session=5, speed=3, trial=1, x__rid_x=0f5dfc1eebf67ca2: dummy_return_one(x)
[11:47:29.716] [INFO] [run] subject=16, session=5, speed=3, trial=2, x__rid_x=ce0e3cd1ec8cc8eb: dummy_return_one(x)
[11:47:29.717] [INFO] [run] subject=16, session=5, speed=3, trial=3, x__rid_x=5be6738c752381b6: dummy_return_one(x)
[11:47:29.717] [INFO] [run] subject=16, session=5, speed=3, trial=4, x__rid_x=17a578a164a7e2ae: dummy_return_one(x)
[11:47:29.722] [INFO] [run] subject=16, session=5, speed=3, trial=5, x__rid_x=05a261d26cf722f6: dummy_return_one(x)
[11:47:29.724] [INFO] [run] subject=16, session=5, speed=3, trial=6, x__rid_x=05d833d8622f6cdb: dummy_return_one(x)
[11:47:29.724] [INFO] [run] subject=16, session=5, speed=3, trial=7, x__rid_x=96b299b703f30817: dummy_return_one(x)
[11:47:29.729] [INFO] [run] subject=16, session=5, speed=4, trial=1, x__rid_x=8ba7f0a6412fd0ba: dummy_return_one(x)
[11:47:29.730] [INFO] [run] subject=16, session=5, speed=4, trial=2, x__rid_x=d0434a1eadbe6524: dummy_return_one(x)
[11:47:29.731] [INFO] [run] subject=16, session=5, speed=4, trial=3, x__rid_x=12246afa6d53134a: dummy_return_one(x)
[11:47:29.736] [INFO] [run] subject=16, session=5, speed=4, trial=4, x__rid_x=a8bfcaf7f6a9e645: dummy_return_one(x)
[11:47:29.736] [INFO] [run] subject=16, session=5, speed=4, trial=5, x__rid_x=614fdf92b716d25f: dummy_return_one(x)
[11:47:29.737] [INFO] [run] subject=16, session=5, speed=4, trial=6, x__rid_x=9ea891b203b6c50a: dummy_return_one(x)
[11:47:29.743] [INFO] [run] subject=16, session=5, speed=4, trial=7, x__rid_x=1d9c97fa5bfc6833: dummy_return_one(x)
[11:47:29.744] [INFO] [run] subject=16, session=5, speed=5, trial=1, x__rid_x=30e1c2fd9fe675ab: dummy_return_one(x)
[11:47:29.749] [INFO] [run] subject=16, session=5, speed=5, trial=2, x__rid_x=502218eedc2c941b: dummy_return_one(x)
[11:47:29.750] [INFO] [run] subject=16, session=5, speed=5, trial=3, x__rid_x=4dcaabcd031f8e99: dummy_return_one(x)
[11:47:29.751] [INFO] [run] subject=16, session=5, speed=5, trial=4, x__rid_x=79b1e58e3715687d: dummy_return_one(x)
[11:47:29.756] [INFO] [run] subject=16, session=5, speed=5, trial=5, x__rid_x=4aaec5e585055726: dummy_return_one(x)
[11:47:29.756] [INFO] [run] subject=16, session=5, speed=5, trial=6, x__rid_x=1cca6d219111805b: dummy_return_one(x)
[11:47:29.757] [INFO] [run] subject=16, session=5, speed=5, trial=7, x__rid_x=673ad89518bd3c6f: dummy_return_one(x)
[11:47:29.762] [INFO] [run] subject=16, session=5, speed=6, trial=1, x__rid_x=921f194cfc506b9a: dummy_return_one(x)
[11:47:29.763] [INFO] [run] subject=16, session=5, speed=6, trial=2, x__rid_x=f9291ba2f9006166: dummy_return_one(x)
[11:47:29.764] [INFO] [run] subject=16, session=5, speed=6, trial=3, x__rid_x=5a2178bcb5683aea: dummy_return_one(x)
[11:47:29.769] [INFO] [run] subject=16, session=5, speed=6, trial=4, x__rid_x=dfb0ffee8c1cd123: dummy_return_one(x)
[11:47:29.770] [INFO] [run] subject=16, session=5, speed=6, trial=5, x__rid_x=06fbfc2dae291168: dummy_return_one(x)
[11:47:29.770] [INFO] [run] subject=16, session=5, speed=6, trial=6, x__rid_x=0c1db67ad2cbc091: dummy_return_one(x)
[11:47:29.776] [INFO] [run] subject=16, session=5, speed=6, trial=7, x__rid_x=56105f5a642b75c0: dummy_return_one(x)
[11:47:29.777] [INFO] [run] subject=16, session=5, speed=7, trial=1, x__rid_x=d0bb6125df0543b2: dummy_return_one(x)
[11:47:29.782] [INFO] [run] subject=16, session=5, speed=7, trial=2, x__rid_x=1a3baa154d131e43: dummy_return_one(x)
[11:47:29.783] [INFO] [run] subject=16, session=5, speed=7, trial=3, x__rid_x=6231a5891066254c: dummy_return_one(x)
[11:47:29.784] [INFO] [run] subject=16, session=5, speed=7, trial=4, x__rid_x=0a0f857d2ce1d3bd: dummy_return_one(x)
[11:47:29.789] [INFO] [run] subject=16, session=5, speed=7, trial=5, x__rid_x=17a10fc1e3bae512: dummy_return_one(x)
[11:47:29.790] [INFO] [run] subject=16, session=5, speed=7, trial=6, x__rid_x=c3d0561c6882fd88: dummy_return_one(x)
[11:47:29.791] [INFO] [run] subject=16, session=5, speed=7, trial=7, x__rid_x=5b0943c55d59cc40: dummy_return_one(x)
[11:47:29.796] [INFO] [run] subject=16, session=5, speed=8, trial=1, x__rid_x=583216ac6117c3e8: dummy_return_one(x)
[11:47:29.797] [INFO] [run] subject=16, session=5, speed=8, trial=2, x__rid_x=a54e38ec46654b4d: dummy_return_one(x)
[11:47:29.798] [INFO] [run] subject=16, session=5, speed=8, trial=3, x__rid_x=adadf6ef5f796234: dummy_return_one(x)
[11:47:29.803] [INFO] [run] subject=16, session=5, speed=8, trial=4, x__rid_x=41d64b3b70e81ff9: dummy_return_one(x)
[11:47:29.803] [INFO] [run] subject=16, session=5, speed=8, trial=5, x__rid_x=5e85d2de3476fedf: dummy_return_one(x)
[11:47:29.804] [INFO] [run] subject=16, session=5, speed=8, trial=6, x__rid_x=b428c3d4acb08896: dummy_return_one(x)
[11:47:29.810] [INFO] [run] subject=16, session=5, speed=8, trial=7, x__rid_x=332319f8c56b78bf: dummy_return_one(x)
[11:47:29.811] [INFO] [run] subject=16, session=5, speed=9, trial=1, x__rid_x=674ffc03dcfb23da: dummy_return_one(x)
[11:47:29.816] [INFO] [run] subject=16, session=5, speed=9, trial=2, x__rid_x=a5852043014a39a0: dummy_return_one(x)
[11:47:29.817] [INFO] [run] subject=16, session=5, speed=9, trial=3, x__rid_x=93d94e398ac3105b: dummy_return_one(x)
[11:47:29.818] [INFO] [run] subject=16, session=5, speed=9, trial=4, x__rid_x=4737f67e1a4e721d: dummy_return_one(x)
[11:47:29.823] [INFO] [run] subject=16, session=5, speed=9, trial=5, x__rid_x=b8b0de1f10531a49: dummy_return_one(x)
[11:47:29.825] [INFO] [run] subject=16, session=5, speed=9, trial=6, x__rid_x=f8f6036af4835d23: dummy_return_one(x)
[11:47:29.830] [INFO] [run] subject=16, session=5, speed=9, trial=7, x__rid_x=26cb129af91e85ad: dummy_return_one(x)
[11:47:29.831] [INFO] [run] subject=17, session=1, speed=1, trial=1, x__rid_x=1027115fc7332fc2: dummy_return_one(x)
[11:47:29.832] [INFO] [run] subject=17, session=1, speed=1, trial=2, x__rid_x=cfcd05dcd5b6bac6: dummy_return_one(x)
[11:47:29.837] [INFO] [run] subject=17, session=1, speed=1, trial=3, x__rid_x=ca17711b299381b3: dummy_return_one(x)
[11:47:29.838] [INFO] [run] subject=17, session=1, speed=1, trial=4, x__rid_x=29d547e09ec41fb3: dummy_return_one(x)
[11:47:29.844] [INFO] [run] subject=17, session=1, speed=1, trial=5, x__rid_x=ada0de03fd05aad5: dummy_return_one(x)
[11:47:29.845] [INFO] [run] subject=17, session=1, speed=1, trial=6, x__rid_x=ed972b3c64ea41e3: dummy_return_one(x)
[11:47:29.850] [INFO] [run] subject=17, session=1, speed=1, trial=7, x__rid_x=75e725b5dcc41f9c: dummy_return_one(x)
[11:47:29.851] [INFO] [run] subject=17, session=1, speed=10, trial=1, x__rid_x=7ee74c525980c675: dummy_return_one(x)
[11:47:29.852] [INFO] [run] subject=17, session=1, speed=10, trial=2, x__rid_x=9cdb96c21e3346eb: dummy_return_one(x)
[11:47:29.857] [INFO] [run] subject=17, session=1, speed=10, trial=3, x__rid_x=5dd584f019b38237: dummy_return_one(x)
[11:47:29.858] [INFO] [run] subject=17, session=1, speed=10, trial=4, x__rid_x=26f343588ebbad3f: dummy_return_one(x)
[11:47:29.859] [INFO] [run] subject=17, session=1, speed=10, trial=5, x__rid_x=8c615c0c325f50ec: dummy_return_one(x)
[11:47:29.864] [INFO] [run] subject=17, session=1, speed=10, trial=6, x__rid_x=3917bbb3a1e787fd: dummy_return_one(x)
[11:47:29.865] [INFO] [run] subject=17, session=1, speed=10, trial=7, x__rid_x=d83a81e4590f02a2: dummy_return_one(x)
[11:47:29.866] [INFO] [run] subject=17, session=1, speed=2, trial=1, x__rid_x=a87152742fec4e05: dummy_return_one(x)
[11:47:29.871] [INFO] [run] subject=17, session=1, speed=2, trial=2, x__rid_x=54ab67d6e4d52a1d: dummy_return_one(x)
[11:47:29.871] [INFO] [run] subject=17, session=1, speed=2, trial=3, x__rid_x=e5cb768d4884e8a0: dummy_return_one(x)
[11:47:29.872] [INFO] [run] subject=17, session=1, speed=2, trial=4, x__rid_x=6dfc93193b09b6f7: dummy_return_one(x)
[11:47:29.878] [INFO] [run] subject=17, session=1, speed=2, trial=5, x__rid_x=60fbee2bf381f9dc: dummy_return_one(x)
[11:47:29.879] [INFO] [run] subject=17, session=1, speed=2, trial=6, x__rid_x=5642c228f07e0371: dummy_return_one(x)
[11:47:29.884] [INFO] [run] subject=17, session=1, speed=2, trial=7, x__rid_x=b29e30e9420a57b6: dummy_return_one(x)
[11:47:29.885] [INFO] [run] subject=17, session=1, speed=3, trial=1, x__rid_x=41f2ec06b6b9113e: dummy_return_one(x)
[11:47:29.886] [INFO] [run] subject=17, session=1, speed=3, trial=2, x__rid_x=05b91b8ed7c62d40: dummy_return_one(x)
[11:47:29.891] [INFO] [run] subject=17, session=1, speed=3, trial=3, x__rid_x=b85b190b543f0596: dummy_return_one(x)
[11:47:29.892] [INFO] [run] subject=17, session=1, speed=3, trial=4, x__rid_x=af35b94c8d4b4398: dummy_return_one(x)
[11:47:29.898] [INFO] [run] subject=17, session=1, speed=3, trial=5, x__rid_x=d143524825230674: dummy_return_one(x)
[11:47:29.898] [INFO] [run] subject=17, session=1, speed=3, trial=6, x__rid_x=8149d795b869e492: dummy_return_one(x)
[11:47:29.899] [INFO] [run] subject=17, session=1, speed=3, trial=7, x__rid_x=ff320b58e188848d: dummy_return_one(x)
[11:47:29.904] [INFO] [run] subject=17, session=1, speed=4, trial=1, x__rid_x=64bebd1726e39fa6: dummy_return_one(x)
[11:47:29.905] [INFO] [run] subject=17, session=1, speed=4, trial=2, x__rid_x=186552167d9da4be: dummy_return_one(x)
[11:47:29.906] [INFO] [run] subject=17, session=1, speed=4, trial=3, x__rid_x=bf2d7b4be9cc2f6d: dummy_return_one(x)
[11:47:29.911] [INFO] [run] subject=17, session=1, speed=4, trial=4, x__rid_x=7f1f3993632959cc: dummy_return_one(x)
[11:47:29.912] [INFO] [run] subject=17, session=1, speed=4, trial=5, x__rid_x=7df860e45df62adc: dummy_return_one(x)
[11:47:29.913] [INFO] [run] subject=17, session=1, speed=4, trial=6, x__rid_x=77aeb7f94cdd6862: dummy_return_one(x)
[11:47:29.918] [INFO] [run] subject=17, session=1, speed=4, trial=7, x__rid_x=eb5182af5ce21702: dummy_return_one(x)
[11:47:29.919] [INFO] [run] subject=17, session=1, speed=5, trial=1, x__rid_x=5cee26e3cf93b466: dummy_return_one(x)
[11:47:29.919] [INFO] [run] subject=17, session=1, speed=5, trial=2, x__rid_x=fd13e90120ce8493: dummy_return_one(x)
[11:47:29.925] [INFO] [run] subject=17, session=1, speed=5, trial=3, x__rid_x=46accae00c372497: dummy_return_one(x)
[11:47:29.926] [INFO] [run] subject=17, session=1, speed=5, trial=4, x__rid_x=78ea87c323b19a1e: dummy_return_one(x)
[11:47:29.932] [INFO] [run] subject=17, session=1, speed=5, trial=5, x__rid_x=d4d3b84c9c91a192: dummy_return_one(x)
[11:47:29.932] [INFO] [run] subject=17, session=1, speed=5, trial=6, x__rid_x=4e1e63a9d53908bb: dummy_return_one(x)
[11:47:29.933] [INFO] [run] subject=17, session=1, speed=5, trial=7, x__rid_x=e1bceec9e3e66898: dummy_return_one(x)
[11:47:29.938] [INFO] [run] subject=17, session=1, speed=6, trial=1, x__rid_x=549d8cf7790fd0bb: dummy_return_one(x)
[11:47:29.939] [INFO] [run] subject=17, session=1, speed=6, trial=2, x__rid_x=f79e58c66412ca62: dummy_return_one(x)
[11:47:29.940] [INFO] [run] subject=17, session=1, speed=6, trial=3, x__rid_x=e61b09d6bd8224b6: dummy_return_one(x)
[11:47:29.945] [INFO] [run] subject=17, session=1, speed=6, trial=4, x__rid_x=afc1c248e9f2fb88: dummy_return_one(x)
[11:47:29.946] [INFO] [run] subject=17, session=1, speed=6, trial=5, x__rid_x=69ca9290eaa52f10: dummy_return_one(x)
[11:47:29.947] [INFO] [run] subject=17, session=1, speed=6, trial=6, x__rid_x=b4739672b7a678ae: dummy_return_one(x)
[11:47:29.952] [INFO] [run] subject=17, session=1, speed=6, trial=7, x__rid_x=46ebd04f6a7374c2: dummy_return_one(x)
[11:47:29.953] [INFO] [run] subject=17, session=1, speed=7, trial=1, x__rid_x=e97678ceb5b5893c: dummy_return_one(x)
[11:47:29.954] [INFO] [run] subject=17, session=1, speed=7, trial=2, x__rid_x=dd4a50c0934074b1: dummy_return_one(x)
[11:47:29.959] [INFO] [run] subject=17, session=1, speed=7, trial=3, x__rid_x=221113b5373d182a: dummy_return_one(x)
[11:47:29.960] [INFO] [run] subject=17, session=1, speed=7, trial=4, x__rid_x=31760ba6ee170c42: dummy_return_one(x)
[11:47:29.966] [INFO] [run] subject=17, session=1, speed=7, trial=5, x__rid_x=d1f7c867e6386f39: dummy_return_one(x)
[11:47:29.966] [INFO] [run] subject=17, session=1, speed=7, trial=6, x__rid_x=226a4c61c91bc863: dummy_return_one(x)
[11:47:29.967] [INFO] [run] subject=17, session=1, speed=7, trial=7, x__rid_x=80c1991984ec3df5: dummy_return_one(x)
[11:47:29.972] [INFO] [run] subject=17, session=1, speed=8, trial=1, x__rid_x=30701c9e1d30acc2: dummy_return_one(x)
[11:47:29.973] [INFO] [run] subject=17, session=1, speed=8, trial=2, x__rid_x=459971841a0d9462: dummy_return_one(x)
[11:47:29.974] [INFO] [run] subject=17, session=1, speed=8, trial=3, x__rid_x=7763959c24392cd9: dummy_return_one(x)
[11:47:29.979] [INFO] [run] subject=17, session=1, speed=8, trial=4, x__rid_x=62b6d4322675ecd9: dummy_return_one(x)
[11:47:29.980] [INFO] [run] subject=17, session=1, speed=8, trial=5, x__rid_x=ad6c97cafc180604: dummy_return_one(x)
[11:47:29.981] [INFO] [run] subject=17, session=1, speed=8, trial=6, x__rid_x=fff76027d7d9f6de: dummy_return_one(x)
[11:47:29.986] [INFO] [run] subject=17, session=1, speed=8, trial=7, x__rid_x=123be6302f9386dd: dummy_return_one(x)
[11:47:29.987] [INFO] [run] subject=17, session=1, speed=9, trial=1, x__rid_x=9fac75f8325c46aa: dummy_return_one(x)
[11:47:29.987] [INFO] [run] subject=17, session=1, speed=9, trial=2, x__rid_x=2cd37936e3b33d77: dummy_return_one(x)
[11:47:29.993] [INFO] [run] subject=17, session=1, speed=9, trial=3, x__rid_x=cdcb38f619b4fe4d: dummy_return_one(x)
[11:47:29.994] [INFO] [run] subject=17, session=1, speed=9, trial=4, x__rid_x=9b7b8a2f85eba39f: dummy_return_one(x)
[11:47:30.000] [INFO] [run] subject=17, session=1, speed=9, trial=5, x__rid_x=2482ce1d5ff9d152: dummy_return_one(x)
[11:47:30.000] [INFO] [run] subject=17, session=1, speed=9, trial=6, x__rid_x=66d2318412b7689c: dummy_return_one(x)
[11:47:30.001] [INFO] [run] subject=17, session=1, speed=9, trial=7, x__rid_x=db5134e03d87e524: dummy_return_one(x)
[11:47:30.006] [INFO] [run] subject=17, session=2, speed=1, trial=1, x__rid_x=1ef7d2b1b55794ef: dummy_return_one(x)
[11:47:30.008] [INFO] [run] subject=17, session=2, speed=1, trial=2, x__rid_x=445fe994f57c2c91: dummy_return_one(x)
[11:47:30.013] [INFO] [run] subject=17, session=2, speed=1, trial=3, x__rid_x=b3869c717292f756: dummy_return_one(x)
[11:47:30.014] [INFO] [run] subject=17, session=2, speed=1, trial=4, x__rid_x=e6637bff255d0955: dummy_return_one(x)
[11:47:30.015] [INFO] [run] subject=17, session=2, speed=1, trial=5, x__rid_x=06a62eac1d55acb9: dummy_return_one(x)
[11:47:30.020] [INFO] [run] subject=17, session=2, speed=1, trial=6, x__rid_x=42dd364761e6419c: dummy_return_one(x)
[11:47:30.021] [INFO] [run] subject=17, session=2, speed=1, trial=7, x__rid_x=e6c5c31ffe6213b3: dummy_return_one(x)
[11:47:30.022] [INFO] [run] subject=17, session=2, speed=10, trial=1, x__rid_x=29f184fef86e2ffa: dummy_return_one(x)
[11:47:30.027] [INFO] [run] subject=17, session=2, speed=10, trial=2, x__rid_x=6733a626e9b9ca30: dummy_return_one(x)
[11:47:30.028] [INFO] [run] subject=17, session=2, speed=10, trial=3, x__rid_x=35c6ccc2beef36cf: dummy_return_one(x)
[11:47:30.034] [INFO] [run] subject=17, session=2, speed=10, trial=4, x__rid_x=0f8e34ed0168cf9e: dummy_return_one(x)
[11:47:30.034] [INFO] [run] subject=17, session=2, speed=10, trial=5, x__rid_x=44dbe6ca98fec212: dummy_return_one(x)
[11:47:30.035] [INFO] [run] subject=17, session=2, speed=10, trial=6, x__rid_x=009fc33ddc8d4c6a: dummy_return_one(x)
[11:47:30.041] [INFO] [run] subject=17, session=2, speed=10, trial=7, x__rid_x=883379b2ab646168: dummy_return_one(x)
[11:47:30.042] [INFO] [run] subject=17, session=2, speed=2, trial=1, x__rid_x=c169d9139ea47e79: dummy_return_one(x)
[11:47:30.047] [INFO] [run] subject=17, session=2, speed=2, trial=2, x__rid_x=a01c572696b41de0: dummy_return_one(x)
[11:47:30.048] [INFO] [run] subject=17, session=2, speed=2, trial=3, x__rid_x=ab6fe12ae64173b7: dummy_return_one(x)
[11:47:30.049] [INFO] [run] subject=17, session=2, speed=2, trial=4, x__rid_x=7ff94667362c290e: dummy_return_one(x)
[11:47:30.054] [INFO] [run] subject=17, session=2, speed=2, trial=5, x__rid_x=ebdf114e8a6cd7ad: dummy_return_one(x)
[11:47:30.055] [INFO] [run] subject=17, session=2, speed=2, trial=6, x__rid_x=4bc213256a7040e5: dummy_return_one(x)
[11:47:30.055] [INFO] [run] subject=17, session=2, speed=2, trial=7, x__rid_x=ec1377a0b7c9fd3e: dummy_return_one(x)
[11:47:30.061] [INFO] [run] subject=17, session=2, speed=3, trial=1, x__rid_x=8f49b85e73dfbff4: dummy_return_one(x)
[11:47:30.062] [INFO] [run] subject=17, session=2, speed=3, trial=2, x__rid_x=022447de8e1ce03b: dummy_return_one(x)
[11:47:30.068] [INFO] [run] subject=17, session=2, speed=3, trial=3, x__rid_x=4c01a6e2a7d08a8c: dummy_return_one(x)
[11:47:30.068] [INFO] [run] subject=17, session=2, speed=3, trial=4, x__rid_x=9229982d61bfe7bd: dummy_return_one(x)
[11:47:30.069] [INFO] [run] subject=17, session=2, speed=3, trial=5, x__rid_x=224b07e56ac1163b: dummy_return_one(x)
[11:47:30.074] [INFO] [run] subject=17, session=2, speed=3, trial=6, x__rid_x=d75c81e4a8ddd07b: dummy_return_one(x)
[11:47:30.076] [INFO] [run] subject=17, session=2, speed=3, trial=7, x__rid_x=b0c063e0455a14fd: dummy_return_one(x)
[11:47:30.081] [INFO] [run] subject=17, session=2, speed=4, trial=1, x__rid_x=b27b85ad15e1464b: dummy_return_one(x)
[11:47:30.082] [INFO] [run] subject=17, session=2, speed=4, trial=2, x__rid_x=d97241beeeafe5ef: dummy_return_one(x)
[11:47:30.083] [INFO] [run] subject=17, session=2, speed=4, trial=3, x__rid_x=832eef8a84264bc2: dummy_return_one(x)
[11:47:30.088] [INFO] [run] subject=17, session=2, speed=4, trial=4, x__rid_x=4171cc4cf76cbdbd: dummy_return_one(x)
[11:47:30.089] [INFO] [run] subject=17, session=2, speed=4, trial=5, x__rid_x=9095e097533661d9: dummy_return_one(x)
[11:47:30.089] [INFO] [run] subject=17, session=2, speed=4, trial=6, x__rid_x=8e8bed65f6f984fe: dummy_return_one(x)
[11:47:30.095] [INFO] [run] subject=17, session=2, speed=4, trial=7, x__rid_x=388500551dbe4a61: dummy_return_one(x)
[11:47:30.096] [INFO] [run] subject=17, session=2, speed=5, trial=1, x__rid_x=74ab6a52e9146975: dummy_return_one(x)
[11:47:30.097] [INFO] [run] subject=17, session=2, speed=5, trial=2, x__rid_x=91b9667aa0a5ce47: dummy_return_one(x)
[11:47:30.102] [INFO] [run] subject=17, session=2, speed=5, trial=3, x__rid_x=2755f886ead577d5: dummy_return_one(x)
[11:47:30.102] [INFO] [run] subject=17, session=2, speed=5, trial=4, x__rid_x=5cea58d28a63eb9c: dummy_return_one(x)
[11:47:30.103] [INFO] [run] subject=17, session=2, speed=5, trial=5, x__rid_x=f6390d4f51230f70: dummy_return_one(x)
[11:47:30.109] [INFO] [run] subject=17, session=2, speed=5, trial=6, x__rid_x=d59ca5f51366bb77: dummy_return_one(x)
[11:47:30.110] [INFO] [run] subject=17, session=2, speed=5, trial=7, x__rid_x=5fb51d97afb286da: dummy_return_one(x)
[11:47:30.110] [INFO] [run] subject=17, session=2, speed=6, trial=1, x__rid_x=c223a9b1172533cc: dummy_return_one(x)
[11:47:30.115] [INFO] [run] subject=17, session=2, speed=6, trial=2, x__rid_x=33af46b5a5bcfc43: dummy_return_one(x)
[11:47:30.116] [INFO] [run] subject=17, session=2, speed=6, trial=3, x__rid_x=9506236f27a4ee87: dummy_return_one(x)
[11:47:30.117] [INFO] [run] subject=17, session=2, speed=6, trial=4, x__rid_x=d8f5e16c501bd334: dummy_return_one(x)
[11:47:30.122] [INFO] [run] subject=17, session=2, speed=6, trial=5, x__rid_x=e8f1d88435053aef: dummy_return_one(x)
[11:47:30.123] [INFO] [run] subject=17, session=2, speed=6, trial=6, x__rid_x=ea9a6d712c73a6df: dummy_return_one(x)
[11:47:30.129] [INFO] [run] subject=17, session=2, speed=6, trial=7, x__rid_x=b4fa4494a8bf85a3: dummy_return_one(x)
[11:47:30.130] [INFO] [run] subject=17, session=2, speed=7, trial=1, x__rid_x=9dfecc327e3692b6: dummy_return_one(x)
[11:47:30.131] [INFO] [run] subject=17, session=2, speed=7, trial=2, x__rid_x=c29d26433131dad6: dummy_return_one(x)
[11:47:30.136] [INFO] [run] subject=17, session=2, speed=7, trial=3, x__rid_x=b0bd1676db3840fe: dummy_return_one(x)
[11:47:30.137] [INFO] [run] subject=17, session=2, speed=7, trial=4, x__rid_x=e6dc2efa86f5010e: dummy_return_one(x)
[11:47:30.138] [INFO] [run] subject=17, session=2, speed=7, trial=5, x__rid_x=b730656ac5a4c3ef: dummy_return_one(x)
[11:47:30.143] [INFO] [run] subject=17, session=2, speed=7, trial=6, x__rid_x=79e3aa62838f0436: dummy_return_one(x)
[11:47:30.144] [INFO] [run] subject=17, session=2, speed=7, trial=7, x__rid_x=f4d10ac7eb7fff3e: dummy_return_one(x)
[11:47:30.145] [INFO] [run] subject=17, session=2, speed=8, trial=1, x__rid_x=7b937eebf82abbef: dummy_return_one(x)
[11:47:30.150] [INFO] [run] subject=17, session=2, speed=8, trial=2, x__rid_x=7084cc5ad345bac6: dummy_return_one(x)
[11:47:30.150] [INFO] [run] subject=17, session=2, speed=8, trial=3, x__rid_x=65e05843199f6960: dummy_return_one(x)
[11:47:30.151] [INFO] [run] subject=17, session=2, speed=8, trial=4, x__rid_x=7a10240d41c1d89a: dummy_return_one(x)
[11:47:30.157] [INFO] [run] subject=17, session=2, speed=8, trial=5, x__rid_x=81d7a49de52d058d: dummy_return_one(x)
[11:47:30.158] [INFO] [run] subject=17, session=2, speed=8, trial=6, x__rid_x=ef8df35062e9f999: dummy_return_one(x)
[11:47:30.164] [INFO] [run] subject=17, session=2, speed=8, trial=7, x__rid_x=1f5a5da651fff10a: dummy_return_one(x)
[11:47:30.164] [INFO] [run] subject=17, session=2, speed=9, trial=1, x__rid_x=77768e47acc60879: dummy_return_one(x)
[11:47:30.165] [INFO] [run] subject=17, session=2, speed=9, trial=2, x__rid_x=ea49815899628eda: dummy_return_one(x)
[11:47:30.170] [INFO] [run] subject=17, session=2, speed=9, trial=3, x__rid_x=faba87eed48bdcd8: dummy_return_one(x)
[11:47:30.171] [INFO] [run] subject=17, session=2, speed=9, trial=4, x__rid_x=77e6f3bf3a674ab4: dummy_return_one(x)
[11:47:30.172] [INFO] [run] subject=17, session=2, speed=9, trial=5, x__rid_x=502bca62b99348ca: dummy_return_one(x)
[11:47:30.177] [INFO] [run] subject=17, session=2, speed=9, trial=6, x__rid_x=0b5a81ae7b4fd446: dummy_return_one(x)
[11:47:30.179] [INFO] [run] subject=17, session=2, speed=9, trial=7, x__rid_x=9c2c99b91b1fde50: dummy_return_one(x)
[11:47:30.184] [INFO] [run] subject=17, session=3, speed=1, trial=1, x__rid_x=de46c4e48730ca35: dummy_return_one(x)
[11:47:30.185] [INFO] [run] subject=17, session=3, speed=1, trial=2, x__rid_x=3da2bd7c84ffb4e9: dummy_return_one(x)
[11:47:30.186] [INFO] [run] subject=17, session=3, speed=1, trial=3, x__rid_x=c351e0e6f73d0f2b: dummy_return_one(x)
[11:47:30.191] [INFO] [run] subject=17, session=3, speed=1, trial=4, x__rid_x=5daf16ffcd6d7f94: dummy_return_one(x)
[11:47:30.192] [INFO] [run] subject=17, session=3, speed=1, trial=5, x__rid_x=1a2f706022e2b3f5: dummy_return_one(x)
[11:47:30.198] [INFO] [run] subject=17, session=3, speed=1, trial=6, x__rid_x=6e366608465eb0b7: dummy_return_one(x)
[11:47:30.199] [INFO] [run] subject=17, session=3, speed=1, trial=7, x__rid_x=c750cbe63ae0c10e: dummy_return_one(x)
[11:47:30.199] [INFO] [run] subject=17, session=3, speed=10, trial=1, x__rid_x=6c15d10bd8887877: dummy_return_one(x)
[11:47:30.205] [INFO] [run] subject=17, session=3, speed=10, trial=2, x__rid_x=e7d69ddea51465b7: dummy_return_one(x)
[11:47:30.206] [INFO] [run] subject=17, session=3, speed=10, trial=3, x__rid_x=afcece9675b2eff0: dummy_return_one(x)
[11:47:30.207] [INFO] [run] subject=17, session=3, speed=10, trial=4, x__rid_x=212bbccb8069477a: dummy_return_one(x)
[11:47:30.212] [INFO] [run] subject=17, session=3, speed=10, trial=5, x__rid_x=5250ea6e670c5e9f: dummy_return_one(x)
[11:47:30.213] [INFO] [run] subject=17, session=3, speed=10, trial=6, x__rid_x=6565593c4d3c5f04: dummy_return_one(x)
[11:47:30.214] [INFO] [run] subject=17, session=3, speed=10, trial=7, x__rid_x=ae0ceb44e60ad830: dummy_return_one(x)
[11:47:30.219] [INFO] [run] subject=17, session=3, speed=2, trial=1, x__rid_x=4787fb8571cf9e76: dummy_return_one(x)
[11:47:30.220] [INFO] [run] subject=17, session=3, speed=2, trial=2, x__rid_x=5433b1c2fc2948db: dummy_return_one(x)
[11:47:30.220] [INFO] [run] subject=17, session=3, speed=2, trial=3, x__rid_x=a2ba596df87a3f9a: dummy_return_one(x)
[11:47:30.226] [INFO] [run] subject=17, session=3, speed=2, trial=4, x__rid_x=7368a942e321bfe2: dummy_return_one(x)
[11:47:30.227] [INFO] [run] subject=17, session=3, speed=2, trial=5, x__rid_x=5649f7f232f13a44: dummy_return_one(x)
[11:47:30.233] [INFO] [run] subject=17, session=3, speed=2, trial=6, x__rid_x=6b932bcb15e2eb1b: dummy_return_one(x)
[11:47:30.233] [INFO] [run] subject=17, session=3, speed=2, trial=7, x__rid_x=c3e68afa3e0dabcd: dummy_return_one(x)
[11:47:30.234] [INFO] [run] subject=17, session=3, speed=3, trial=1, x__rid_x=a1274bb8d2eb5050: dummy_return_one(x)
[11:47:30.240] [INFO] [run] subject=17, session=3, speed=3, trial=2, x__rid_x=0f9af85bf32b0f79: dummy_return_one(x)
[11:47:30.241] [INFO] [run] subject=17, session=3, speed=3, trial=3, x__rid_x=add49750a9adc9e3: dummy_return_one(x)
[11:47:30.246] [INFO] [run] subject=17, session=3, speed=3, trial=4, x__rid_x=29c1ef7a6b07311e: dummy_return_one(x)
[11:47:30.247] [INFO] [run] subject=17, session=3, speed=3, trial=5, x__rid_x=49ad13de28134cab: dummy_return_one(x)
[11:47:30.248] [INFO] [run] subject=17, session=3, speed=3, trial=6, x__rid_x=324960fd38044d94: dummy_return_one(x)
[11:47:30.253] [INFO] [run] subject=17, session=3, speed=3, trial=7, x__rid_x=804db70435532733: dummy_return_one(x)
[11:47:30.254] [INFO] [run] subject=17, session=3, speed=4, trial=1, x__rid_x=473c93ebd40da644: dummy_return_one(x)
[11:47:30.255] [INFO] [run] subject=17, session=3, speed=4, trial=2, x__rid_x=142698cb94928e0a: dummy_return_one(x)
[11:47:30.261] [INFO] [run] subject=17, session=3, speed=4, trial=3, x__rid_x=c0eb24d86a29e7b5: dummy_return_one(x)
[11:47:30.262] [INFO] [run] subject=17, session=3, speed=4, trial=4, x__rid_x=bd65b481b472c463: dummy_return_one(x)
[11:47:30.268] [INFO] [run] subject=17, session=3, speed=4, trial=5, x__rid_x=9cd2becbd61f273d: dummy_return_one(x)
[11:47:30.268] [INFO] [run] subject=17, session=3, speed=4, trial=6, x__rid_x=75463a3f0da6dd0a: dummy_return_one(x)
[11:47:30.269] [INFO] [run] subject=17, session=3, speed=4, trial=7, x__rid_x=219b4d1c49a1696d: dummy_return_one(x)
[11:47:30.275] [INFO] [run] subject=17, session=3, speed=5, trial=1, x__rid_x=315762708c81e510: dummy_return_one(x)
[11:47:30.276] [INFO] [run] subject=17, session=3, speed=5, trial=2, x__rid_x=fc434d3804dec3f7: dummy_return_one(x)
[11:47:30.281] [INFO] [run] subject=17, session=3, speed=5, trial=3, x__rid_x=49fb9b540d73d5ec: dummy_return_one(x)
[11:47:30.282] [INFO] [run] subject=17, session=3, speed=5, trial=4, x__rid_x=731d87a9baf9a840: dummy_return_one(x)
[11:47:30.283] [INFO] [run] subject=17, session=3, speed=5, trial=5, x__rid_x=27ab61ace36418cd: dummy_return_one(x)
[11:47:30.288] [INFO] [run] subject=17, session=3, speed=5, trial=6, x__rid_x=1e1936f9b4f0bcee: dummy_return_one(x)
[11:47:30.289] [INFO] [run] subject=17, session=3, speed=5, trial=7, x__rid_x=6d6accd979a13612: dummy_return_one(x)
[11:47:30.290] [INFO] [run] subject=17, session=3, speed=6, trial=1, x__rid_x=44d5adcc1f254b4b: dummy_return_one(x)
[11:47:30.295] [INFO] [run] subject=17, session=3, speed=6, trial=2, x__rid_x=653091e0cff3d274: dummy_return_one(x)
[11:47:30.296] [INFO] [run] subject=17, session=3, speed=6, trial=3, x__rid_x=5d7712f2cc036483: dummy_return_one(x)
[11:47:30.297] [INFO] [run] subject=17, session=3, speed=6, trial=4, x__rid_x=aa74d4659ba7f75c: dummy_return_one(x)
[11:47:30.302] [INFO] [run] subject=17, session=3, speed=6, trial=5, x__rid_x=11a2d2639defe68c: dummy_return_one(x)
[11:47:30.303] [INFO] [run] subject=17, session=3, speed=6, trial=6, x__rid_x=6f5e741ab5e11feb: dummy_return_one(x)
[11:47:30.309] [INFO] [run] subject=17, session=3, speed=6, trial=7, x__rid_x=0c4d0c06b4fab86b: dummy_return_one(x)
[11:47:30.311] [INFO] [run] subject=17, session=3, speed=7, trial=1, x__rid_x=7005f30f9d694bc0: dummy_return_one(x)
[11:47:30.316] [INFO] [run] subject=17, session=3, speed=7, trial=2, x__rid_x=8bfc8c5801926543: dummy_return_one(x)
[11:47:30.317] [INFO] [run] subject=17, session=3, speed=7, trial=3, x__rid_x=232c8ca720cbab94: dummy_return_one(x)
[11:47:30.318] [INFO] [run] subject=17, session=3, speed=7, trial=4, x__rid_x=1bbcafe7700f3b10: dummy_return_one(x)
[11:47:30.323] [INFO] [run] subject=17, session=3, speed=7, trial=5, x__rid_x=575087c451c84d51: dummy_return_one(x)
[11:47:30.324] [INFO] [run] subject=17, session=3, speed=7, trial=6, x__rid_x=0406e2e19c8cf513: dummy_return_one(x)
[11:47:30.330] [INFO] [run] subject=17, session=3, speed=7, trial=7, x__rid_x=3a82bfb3632c8342: dummy_return_one(x)
[11:47:30.331] [INFO] [run] subject=17, session=3, speed=8, trial=1, x__rid_x=f4fc623e538d54ed: dummy_return_one(x)
[11:47:30.332] [INFO] [run] subject=17, session=3, speed=8, trial=2, x__rid_x=b6a28a7d2e4ebc46: dummy_return_one(x)
[11:47:30.337] [INFO] [run] subject=17, session=3, speed=8, trial=3, x__rid_x=ebead205810d58a1: dummy_return_one(x)
[11:47:30.338] [INFO] [run] subject=17, session=3, speed=8, trial=4, x__rid_x=0375b3a6e625c520: dummy_return_one(x)
[11:47:30.339] [INFO] [run] subject=17, session=3, speed=8, trial=5, x__rid_x=2dbcde4a89bd1966: dummy_return_one(x)
[11:47:30.344] [INFO] [run] subject=17, session=3, speed=8, trial=6, x__rid_x=b3db7c734f4ec9de: dummy_return_one(x)
[11:47:30.345] [INFO] [run] subject=17, session=3, speed=8, trial=7, x__rid_x=2707923249e612c9: dummy_return_one(x)
[11:47:30.351] [INFO] [run] subject=17, session=3, speed=9, trial=1, x__rid_x=feadc0361a0d8b52: dummy_return_one(x)
[11:47:30.352] [INFO] [run] subject=17, session=3, speed=9, trial=2, x__rid_x=fd0839a7d8536a82: dummy_return_one(x)
[11:47:30.352] [INFO] [run] subject=17, session=3, speed=9, trial=3, x__rid_x=ce5093ac1dd5b9d8: dummy_return_one(x)
[11:47:30.358] [INFO] [run] subject=17, session=3, speed=9, trial=4, x__rid_x=db5250fa04cba875: dummy_return_one(x)
[11:47:30.359] [INFO] [run] subject=17, session=3, speed=9, trial=5, x__rid_x=173ebf2ca45f35be: dummy_return_one(x)
[11:47:30.365] [INFO] [run] subject=17, session=3, speed=9, trial=6, x__rid_x=7f23e7b4c7b4716a: dummy_return_one(x)
[11:47:30.366] [INFO] [run] subject=17, session=3, speed=9, trial=7, x__rid_x=e39076d6d2361afe: dummy_return_one(x)
[11:47:30.366] [INFO] [run] subject=17, session=4, speed=1, trial=1, x__rid_x=96a3c85321e24d68: dummy_return_one(x)
[11:47:30.372] [INFO] [run] subject=17, session=4, speed=1, trial=2, x__rid_x=ccbcbd974ab76ff3: dummy_return_one(x)
[11:47:30.373] [INFO] [run] subject=17, session=4, speed=1, trial=3, x__rid_x=94ff40bc1e74c5ba: dummy_return_one(x)
[11:47:30.373] [INFO] [run] subject=17, session=4, speed=1, trial=4, x__rid_x=5a6d67c3cffa69a8: dummy_return_one(x)
[11:47:30.379] [INFO] [run] subject=17, session=4, speed=1, trial=5, x__rid_x=93110399293a0091: dummy_return_one(x)
[11:47:30.380] [INFO] [run] subject=17, session=4, speed=1, trial=6, x__rid_x=e32ffeb80a79acf8: dummy_return_one(x)
[11:47:30.386] [INFO] [run] subject=17, session=4, speed=1, trial=7, x__rid_x=9c3c416e59cf3986: dummy_return_one(x)
[11:47:30.387] [INFO] [run] subject=17, session=4, speed=10, trial=1, x__rid_x=4d4b44d86edd44fe: dummy_return_one(x)
[11:47:30.387] [INFO] [run] subject=17, session=4, speed=10, trial=2, x__rid_x=7616098ba1d248be: dummy_return_one(x)
[11:47:30.393] [INFO] [run] subject=17, session=4, speed=10, trial=3, x__rid_x=cc2f9bb35629b55a: dummy_return_one(x)
[11:47:30.394] [INFO] [run] subject=17, session=4, speed=10, trial=4, x__rid_x=5e69bf4b9dec8766: dummy_return_one(x)
[11:47:30.400] [INFO] [run] subject=17, session=4, speed=10, trial=5, x__rid_x=837db46ced5d930e: dummy_return_one(x)
[11:47:30.401] [INFO] [run] subject=17, session=4, speed=10, trial=6, x__rid_x=a988d6612ac13788: dummy_return_one(x)
[11:47:30.401] [INFO] [run] subject=17, session=4, speed=10, trial=7, x__rid_x=922968ab2779f48b: dummy_return_one(x)
[11:47:30.407] [INFO] [run] subject=17, session=4, speed=2, trial=1, x__rid_x=ea6b725b95ca1b65: dummy_return_one(x)
[11:47:30.408] [INFO] [run] subject=17, session=4, speed=2, trial=2, x__rid_x=a5efc367c243f88c: dummy_return_one(x)
[11:47:30.414] [INFO] [run] subject=17, session=4, speed=2, trial=3, x__rid_x=727422adee4404c6: dummy_return_one(x)
[11:47:30.415] [INFO] [run] subject=17, session=4, speed=2, trial=4, x__rid_x=b6780def8433388e: dummy_return_one(x)
[11:47:30.416] [INFO] [run] subject=17, session=4, speed=2, trial=5, x__rid_x=966febde434fcc6c: dummy_return_one(x)
[11:47:30.421] [INFO] [run] subject=17, session=4, speed=2, trial=6, x__rid_x=6d43a9c1c5e6d4c6: dummy_return_one(x)
[11:47:30.422] [INFO] [run] subject=17, session=4, speed=2, trial=7, x__rid_x=fa23aa58c2ef6af3: dummy_return_one(x)
[11:47:30.422] [INFO] [run] subject=17, session=4, speed=3, trial=1, x__rid_x=2e1250971e622f9e: dummy_return_one(x)
[11:47:30.428] [INFO] [run] subject=17, session=4, speed=3, trial=2, x__rid_x=96997ceb448459f3: dummy_return_one(x)
[11:47:30.429] [INFO] [run] subject=17, session=4, speed=3, trial=3, x__rid_x=1ba5995b19fb867b: dummy_return_one(x)
[11:47:30.435] [INFO] [run] subject=17, session=4, speed=3, trial=4, x__rid_x=8fc8e04c7bb9abd7: dummy_return_one(x)
[11:47:30.436] [INFO] [run] subject=17, session=4, speed=3, trial=5, x__rid_x=2dc198103b111ee9: dummy_return_one(x)
[11:47:30.442] [INFO] [run] subject=17, session=4, speed=3, trial=6, x__rid_x=1d04a6e736326922: dummy_return_one(x)
[11:47:30.443] [INFO] [run] subject=17, session=4, speed=3, trial=7, x__rid_x=9a1f403628780dcb: dummy_return_one(x)
[11:47:30.449] [INFO] [run] subject=17, session=4, speed=4, trial=1, x__rid_x=555985800da3d30a: dummy_return_one(x)
[11:47:30.450] [INFO] [run] subject=17, session=4, speed=4, trial=2, x__rid_x=2e0d02810ea151e1: dummy_return_one(x)
[11:47:30.450] [INFO] [run] subject=17, session=4, speed=4, trial=3, x__rid_x=ed1e7f8543264fa9: dummy_return_one(x)
[11:47:30.456] [INFO] [run] subject=17, session=4, speed=4, trial=4, x__rid_x=5a3f1330dab8951f: dummy_return_one(x)
[11:47:30.457] [INFO] [run] subject=17, session=4, speed=4, trial=5, x__rid_x=c356fb25463e70a8: dummy_return_one(x)
[11:47:30.457] [INFO] [run] subject=17, session=4, speed=4, trial=6, x__rid_x=bee33d6e41ca11f5: dummy_return_one(x)
[11:47:30.463] [INFO] [run] subject=17, session=4, speed=4, trial=7, x__rid_x=12848015d7e91615: dummy_return_one(x)
[11:47:30.464] [INFO] [run] subject=17, session=4, speed=5, trial=1, x__rid_x=76de579419fac8d7: dummy_return_one(x)
[11:47:30.465] [INFO] [run] subject=17, session=4, speed=5, trial=2, x__rid_x=a3c46f6af55d21a8: dummy_return_one(x)
[11:47:30.470] [INFO] [run] subject=17, session=4, speed=5, trial=3, x__rid_x=8ae33d6063e77e15: dummy_return_one(x)
[11:47:30.471] [INFO] [run] subject=17, session=4, speed=5, trial=4, x__rid_x=301322a24a9f98e4: dummy_return_one(x)
[11:47:30.472] [INFO] [run] subject=17, session=4, speed=5, trial=5, x__rid_x=1301ae1c50d1e92b: dummy_return_one(x)
[11:47:30.477] [INFO] [run] subject=17, session=4, speed=5, trial=6, x__rid_x=533bbe13136dd412: dummy_return_one(x)
[11:47:30.478] [INFO] [run] subject=17, session=4, speed=5, trial=7, x__rid_x=36d87fd1173f724f: dummy_return_one(x)
[11:47:30.484] [INFO] [run] subject=17, session=4, speed=6, trial=1, x__rid_x=5c0c229503b1f4ef: dummy_return_one(x)
[11:47:30.485] [INFO] [run] subject=17, session=4, speed=6, trial=2, x__rid_x=e0b695e716b26319: dummy_return_one(x)
[11:47:30.486] [INFO] [run] subject=17, session=4, speed=6, trial=3, x__rid_x=8f4d5cbe53323717: dummy_return_one(x)
[11:47:30.491] [INFO] [run] subject=17, session=4, speed=6, trial=4, x__rid_x=fb8b46fadc051abd: dummy_return_one(x)
[11:47:30.493] [INFO] [run] subject=17, session=4, speed=6, trial=5, x__rid_x=514a3c8b17d5159e: dummy_return_one(x)
[11:47:30.498] [INFO] [run] subject=17, session=4, speed=6, trial=6, x__rid_x=7ed3fcd306a149b4: dummy_return_one(x)
[11:47:30.499] [INFO] [run] subject=17, session=4, speed=6, trial=7, x__rid_x=0862d355218315c9: dummy_return_one(x)
[11:47:30.500] [INFO] [run] subject=17, session=4, speed=7, trial=1, x__rid_x=c9da1a35c51e1ecf: dummy_return_one(x)
[11:47:30.505] [INFO] [run] subject=17, session=4, speed=7, trial=2, x__rid_x=2d6a0e976035b3ee: dummy_return_one(x)
[11:47:30.506] [INFO] [run] subject=17, session=4, speed=7, trial=3, x__rid_x=34496095611f4275: dummy_return_one(x)
[11:47:30.507] [INFO] [run] subject=17, session=4, speed=7, trial=4, x__rid_x=c281f172dd0b37c1: dummy_return_one(x)
[11:47:30.512] [INFO] [run] subject=17, session=4, speed=7, trial=5, x__rid_x=f4b6eb971c9b30a1: dummy_return_one(x)
[11:47:30.513] [INFO] [run] subject=17, session=4, speed=7, trial=6, x__rid_x=c2b5ec5dff2aa02d: dummy_return_one(x)
[11:47:30.514] [INFO] [run] subject=17, session=4, speed=7, trial=7, x__rid_x=99eaa2ee77bed374: dummy_return_one(x)
[11:47:30.519] [INFO] [run] subject=17, session=4, speed=8, trial=1, x__rid_x=99db2f7e2d9797f1: dummy_return_one(x)
[11:47:30.520] [INFO] [run] subject=17, session=4, speed=8, trial=2, x__rid_x=7227bcdff70fc5f9: dummy_return_one(x)
[11:47:30.521] [INFO] [run] subject=17, session=4, speed=8, trial=3, x__rid_x=fee3a883e00a3838: dummy_return_one(x)
[11:47:30.527] [INFO] [run] subject=17, session=4, speed=8, trial=4, x__rid_x=c305b80d50a1989c: dummy_return_one(x)
[11:47:30.528] [INFO] [run] subject=17, session=4, speed=8, trial=5, x__rid_x=eea9e5368226b123: dummy_return_one(x)
[11:47:30.534] [INFO] [run] subject=17, session=4, speed=8, trial=6, x__rid_x=a31e95eb62b53284: dummy_return_one(x)
[11:47:30.534] [INFO] [run] subject=17, session=4, speed=8, trial=7, x__rid_x=3d45761f40e784ea: dummy_return_one(x)
[11:47:30.535] [INFO] [run] subject=17, session=4, speed=9, trial=1, x__rid_x=6406a1bed90aded4: dummy_return_one(x)
[11:47:30.541] [INFO] [run] subject=17, session=4, speed=9, trial=2, x__rid_x=573bee9db2310ae4: dummy_return_one(x)
[11:47:30.542] [INFO] [run] subject=17, session=4, speed=9, trial=3, x__rid_x=2fb9de753cde7721: dummy_return_one(x)
[11:47:30.548] [INFO] [run] subject=17, session=4, speed=9, trial=4, x__rid_x=d726f3ab2f297df1: dummy_return_one(x)
[11:47:30.548] [INFO] [run] subject=17, session=4, speed=9, trial=5, x__rid_x=37d02fe1a7514a7b: dummy_return_one(x)
[11:47:30.549] [INFO] [run] subject=17, session=4, speed=9, trial=6, x__rid_x=85c751b89e6a04c6: dummy_return_one(x)
[11:47:30.555] [INFO] [run] subject=17, session=4, speed=9, trial=7, x__rid_x=c7ee1ff36eff16b7: dummy_return_one(x)
[11:47:30.556] [INFO] [run] subject=17, session=5, speed=1, trial=1, x__rid_x=a02c66a571276f6d: dummy_return_one(x)
[11:47:30.556] [INFO] [run] subject=17, session=5, speed=1, trial=2, x__rid_x=fbad79e953a4ccfb: dummy_return_one(x)
[11:47:30.562] [INFO] [run] subject=17, session=5, speed=1, trial=3, x__rid_x=78648cef8706139b: dummy_return_one(x)
[11:47:30.563] [INFO] [run] subject=17, session=5, speed=1, trial=4, x__rid_x=2f961488e705a9c1: dummy_return_one(x)
[11:47:30.564] [INFO] [run] subject=17, session=5, speed=1, trial=5, x__rid_x=abe9e6cb38f7b71e: dummy_return_one(x)
[11:47:30.569] [INFO] [run] subject=17, session=5, speed=1, trial=6, x__rid_x=8392891bae84954d: dummy_return_one(x)
[11:47:30.570] [INFO] [run] subject=17, session=5, speed=1, trial=7, x__rid_x=d5b76019ec661fa8: dummy_return_one(x)
[11:47:30.570] [INFO] [run] subject=17, session=5, speed=10, trial=1, x__rid_x=2bf5a8e45c0a5da8: dummy_return_one(x)
[11:47:30.576] [INFO] [run] subject=17, session=5, speed=10, trial=2, x__rid_x=416642a781b679de: dummy_return_one(x)
[11:47:30.577] [INFO] [run] subject=17, session=5, speed=10, trial=3, x__rid_x=1ddbc2cfc5aa0e05: dummy_return_one(x)
[11:47:30.583] [INFO] [run] subject=17, session=5, speed=10, trial=4, x__rid_x=98964def0b52b2c7: dummy_return_one(x)
[11:47:30.584] [INFO] [run] subject=17, session=5, speed=10, trial=5, x__rid_x=6e54282305716c80: dummy_return_one(x)
[11:47:30.585] [INFO] [run] subject=17, session=5, speed=10, trial=6, x__rid_x=7b865720fa3d1e5e: dummy_return_one(x)
[11:47:30.590] [INFO] [run] subject=17, session=5, speed=10, trial=7, x__rid_x=21788bc13c9a9cb7: dummy_return_one(x)
[11:47:30.591] [INFO] [run] subject=17, session=5, speed=2, trial=1, x__rid_x=e53256125f2b80b5: dummy_return_one(x)
[11:47:30.597] [INFO] [run] subject=17, session=5, speed=2, trial=2, x__rid_x=7ff353e67a7ecb95: dummy_return_one(x)
[11:47:30.598] [INFO] [run] subject=17, session=5, speed=2, trial=3, x__rid_x=d6572e44222ef770: dummy_return_one(x)
[11:47:30.599] [INFO] [run] subject=17, session=5, speed=2, trial=4, x__rid_x=9c6465e41c52d7e9: dummy_return_one(x)
[11:47:30.605] [INFO] [run] subject=17, session=5, speed=2, trial=5, x__rid_x=2876dbb90f555db0: dummy_return_one(x)
[11:47:30.605] [INFO] [run] subject=17, session=5, speed=2, trial=6, x__rid_x=4ffab772067da22a: dummy_return_one(x)
[11:47:30.606] [INFO] [run] subject=17, session=5, speed=2, trial=7, x__rid_x=c70c142306290284: dummy_return_one(x)
[11:47:30.612] [INFO] [run] subject=17, session=5, speed=3, trial=1, x__rid_x=8894b3e94b86c465: dummy_return_one(x)
[11:47:30.613] [INFO] [run] subject=17, session=5, speed=3, trial=2, x__rid_x=d7541652c660b226: dummy_return_one(x)
[11:47:30.613] [INFO] [run] subject=17, session=5, speed=3, trial=3, x__rid_x=be6754a1c9a8c526: dummy_return_one(x)
[11:47:30.619] [INFO] [run] subject=17, session=5, speed=3, trial=4, x__rid_x=c8083d033d92d2c0: dummy_return_one(x)
[11:47:30.619] [INFO] [run] subject=17, session=5, speed=3, trial=5, x__rid_x=7b99e0a5ee962d69: dummy_return_one(x)
[11:47:30.620] [INFO] [run] subject=17, session=5, speed=3, trial=6, x__rid_x=32fefb5063e97a02: dummy_return_one(x)
[11:47:30.626] [INFO] [run] subject=17, session=5, speed=3, trial=7, x__rid_x=b71946b73b2ab640: dummy_return_one(x)
[11:47:30.627] [INFO] [run] subject=17, session=5, speed=4, trial=1, x__rid_x=e354f2774fa6d6d4: dummy_return_one(x)
[11:47:30.633] [INFO] [run] subject=17, session=5, speed=4, trial=2, x__rid_x=0dacd1ee9c491e37: dummy_return_one(x)
[11:47:30.634] [INFO] [run] subject=17, session=5, speed=4, trial=3, x__rid_x=31c981a9d7c5cfe0: dummy_return_one(x)
[11:47:30.634] [INFO] [run] subject=17, session=5, speed=4, trial=4, x__rid_x=f04ac8f8130a6f30: dummy_return_one(x)
[11:47:30.640] [INFO] [run] subject=17, session=5, speed=4, trial=5, x__rid_x=a01f4b478e3c46e6: dummy_return_one(x)
[11:47:30.641] [INFO] [run] subject=17, session=5, speed=4, trial=6, x__rid_x=92d07f5e3232b376: dummy_return_one(x)
[11:47:30.647] [INFO] [run] subject=17, session=5, speed=4, trial=7, x__rid_x=05a87e21782e4a8b: dummy_return_one(x)
[11:47:30.648] [INFO] [run] subject=17, session=5, speed=5, trial=1, x__rid_x=477fd846503baac4: dummy_return_one(x)
[11:47:30.649] [INFO] [run] subject=17, session=5, speed=5, trial=2, x__rid_x=6095230264e9cd1a: dummy_return_one(x)
[11:47:30.654] [INFO] [run] subject=17, session=5, speed=5, trial=3, x__rid_x=8cd64fc3c3bffd0f: dummy_return_one(x)
[11:47:30.655] [INFO] [run] subject=17, session=5, speed=5, trial=4, x__rid_x=3f828847f9b1affa: dummy_return_one(x)
[11:47:30.656] [INFO] [run] subject=17, session=5, speed=5, trial=5, x__rid_x=4b9ac22504605bca: dummy_return_one(x)
[11:47:30.662] [INFO] [run] subject=17, session=5, speed=5, trial=6, x__rid_x=ed7ccc1d4027cf4b: dummy_return_one(x)
[11:47:30.663] [INFO] [run] subject=17, session=5, speed=5, trial=7, x__rid_x=0d406861db82dac0: dummy_return_one(x)
[11:47:30.669] [INFO] [run] subject=17, session=5, speed=6, trial=1, x__rid_x=3af8818749c7f158: dummy_return_one(x)
[11:47:30.669] [INFO] [run] subject=17, session=5, speed=6, trial=2, x__rid_x=45c1b1f262069961: dummy_return_one(x)
[11:47:30.670] [INFO] [run] subject=17, session=5, speed=6, trial=3, x__rid_x=5523c51f947a5044: dummy_return_one(x)
[11:47:30.676] [INFO] [run] subject=17, session=5, speed=6, trial=4, x__rid_x=3d9dcd5dbe5c1981: dummy_return_one(x)
[11:47:30.677] [INFO] [run] subject=17, session=5, speed=6, trial=5, x__rid_x=cac7ace07a701f90: dummy_return_one(x)
[11:47:30.683] [INFO] [run] subject=17, session=5, speed=6, trial=6, x__rid_x=4d0f4eb704fb972a: dummy_return_one(x)
[11:47:30.684] [INFO] [run] subject=17, session=5, speed=6, trial=7, x__rid_x=8c8d7c1028fcf5b7: dummy_return_one(x)
[11:47:30.684] [INFO] [run] subject=17, session=5, speed=7, trial=1, x__rid_x=727a0f57a1321a98: dummy_return_one(x)
[11:47:30.690] [INFO] [run] subject=17, session=5, speed=7, trial=2, x__rid_x=333f82cdfd0bd4eb: dummy_return_one(x)
[11:47:30.691] [INFO] [run] subject=17, session=5, speed=7, trial=3, x__rid_x=4093fc44725b5cb9: dummy_return_one(x)
[11:47:30.697] [INFO] [run] subject=17, session=5, speed=7, trial=4, x__rid_x=ff0f2d7e98b373ef: dummy_return_one(x)
[11:47:30.698] [INFO] [run] subject=17, session=5, speed=7, trial=5, x__rid_x=9066185988aa6377: dummy_return_one(x)
[11:47:30.699] [INFO] [run] subject=17, session=5, speed=7, trial=6, x__rid_x=8998229099af8992: dummy_return_one(x)
[11:47:30.704] [INFO] [run] subject=17, session=5, speed=7, trial=7, x__rid_x=419e4bc01c241308: dummy_return_one(x)
[11:47:30.705] [INFO] [run] subject=17, session=5, speed=8, trial=1, x__rid_x=a10bd41a47b977a3: dummy_return_one(x)
[11:47:30.706] [INFO] [run] subject=17, session=5, speed=8, trial=2, x__rid_x=b26e1831001af9a7: dummy_return_one(x)
[11:47:30.712] [INFO] [run] subject=17, session=5, speed=8, trial=3, x__rid_x=1b6912042a255405: dummy_return_one(x)
[11:47:30.713] [INFO] [run] subject=17, session=5, speed=8, trial=4, x__rid_x=e9023377cc99408e: dummy_return_one(x)
[11:47:30.719] [INFO] [run] subject=17, session=5, speed=8, trial=5, x__rid_x=87192210f9af980e: dummy_return_one(x)
[11:47:30.719] [INFO] [run] subject=17, session=5, speed=8, trial=6, x__rid_x=3e3e34832676279e: dummy_return_one(x)
[11:47:30.720] [INFO] [run] subject=17, session=5, speed=8, trial=7, x__rid_x=fe1cccba4566bcc7: dummy_return_one(x)
[11:47:30.726] [INFO] [run] subject=17, session=5, speed=9, trial=1, x__rid_x=1f35f62464be9648: dummy_return_one(x)
[11:47:30.727] [INFO] [run] subject=17, session=5, speed=9, trial=2, x__rid_x=fb3573ca8276ae1d: dummy_return_one(x)
[11:47:30.733] [INFO] [run] subject=17, session=5, speed=9, trial=3, x__rid_x=fdd6e6c0240f151c: dummy_return_one(x)
[11:47:30.734] [INFO] [run] subject=17, session=5, speed=9, trial=4, x__rid_x=bd076c6888d6032a: dummy_return_one(x)
[11:47:30.735] [INFO] [run] subject=17, session=5, speed=9, trial=5, x__rid_x=c5ee644cb43c01e8: dummy_return_one(x)
[11:47:30.740] [INFO] [run] subject=17, session=5, speed=9, trial=6, x__rid_x=61f986995f1227d1: dummy_return_one(x)
[11:47:30.742] [INFO] [run] subject=17, session=5, speed=9, trial=7, x__rid_x=1ef32b1d7e24fcff: dummy_return_one(x)
[11:47:30.748] [INFO] [run] subject=18, session=1, speed=1, trial=1, x__rid_x=f485491a37a67fa4: dummy_return_one(x)
[11:47:30.749] [INFO] [run] subject=18, session=1, speed=1, trial=2, x__rid_x=ef68e9aed1e5c241: dummy_return_one(x)
[11:47:30.755] [INFO] [run] subject=18, session=1, speed=1, trial=3, x__rid_x=7e3ca71498afe296: dummy_return_one(x)
[11:47:30.756] [INFO] [run] subject=18, session=1, speed=1, trial=4, x__rid_x=e6a6ff4ce72abbcf: dummy_return_one(x)
[11:47:30.757] [INFO] [run] subject=18, session=1, speed=1, trial=5, x__rid_x=dddb5437f5b495c2: dummy_return_one(x)
[11:47:30.763] [INFO] [run] subject=18, session=1, speed=1, trial=6, x__rid_x=460bff92fe541469: dummy_return_one(x)
[11:47:30.764] [INFO] [run] subject=18, session=1, speed=1, trial=7, x__rid_x=f0b3b756a819b68d: dummy_return_one(x)
[11:47:30.770] [INFO] [run] subject=18, session=1, speed=10, trial=1, x__rid_x=43b9935ab10b3735: dummy_return_one(x)
[11:47:30.771] [INFO] [run] subject=18, session=1, speed=10, trial=2, x__rid_x=2cf5cbd38749fc19: dummy_return_one(x)
[11:47:30.771] [INFO] [run] subject=18, session=1, speed=10, trial=3, x__rid_x=6cce44214ce5152c: dummy_return_one(x)
[11:47:30.777] [INFO] [run] subject=18, session=1, speed=10, trial=4, x__rid_x=cd769f59ca5542c1: dummy_return_one(x)
[11:47:30.778] [INFO] [run] subject=18, session=1, speed=10, trial=5, x__rid_x=e5b43580cff79ff6: dummy_return_one(x)
[11:47:30.784] [INFO] [run] subject=18, session=1, speed=10, trial=6, x__rid_x=1bbae25b8b0f1016: dummy_return_one(x)
[11:47:30.785] [INFO] [run] subject=18, session=1, speed=10, trial=7, x__rid_x=607c3ed73c11a649: dummy_return_one(x)
[11:47:30.786] [INFO] [run] subject=18, session=1, speed=2, trial=1, x__rid_x=915aa56fafafceba: dummy_return_one(x)
[11:47:30.792] [INFO] [run] subject=18, session=1, speed=2, trial=2, x__rid_x=26ec7488188354d5: dummy_return_one(x)
[11:47:30.793] [INFO] [run] subject=18, session=1, speed=2, trial=3, x__rid_x=3af77a7840534119: dummy_return_one(x)
[11:47:30.799] [INFO] [run] subject=18, session=1, speed=2, trial=4, x__rid_x=98d5b332e1510c42: dummy_return_one(x)
[11:47:30.799] [INFO] [run] subject=18, session=1, speed=2, trial=5, x__rid_x=4212fa9765f09675: dummy_return_one(x)
[11:47:30.800] [INFO] [run] subject=18, session=1, speed=2, trial=6, x__rid_x=95e5073d64fc7a58: dummy_return_one(x)
[11:47:30.806] [INFO] [run] subject=18, session=1, speed=2, trial=7, x__rid_x=88647c1146a653a0: dummy_return_one(x)
[11:47:30.807] [INFO] [run] subject=18, session=1, speed=3, trial=1, x__rid_x=aa4cb7e63de5611d: dummy_return_one(x)
[11:47:30.813] [INFO] [run] subject=18, session=1, speed=3, trial=2, x__rid_x=80ae7c456fb8191d: dummy_return_one(x)
[11:47:30.814] [INFO] [run] subject=18, session=1, speed=3, trial=3, x__rid_x=5a9d6fcdcdff55f4: dummy_return_one(x)
[11:47:30.815] [INFO] [run] subject=18, session=1, speed=3, trial=4, x__rid_x=d307ee8b18c71843: dummy_return_one(x)
[11:47:30.820] [INFO] [run] subject=18, session=1, speed=3, trial=5, x__rid_x=56bcb49cd2e03c95: dummy_return_one(x)
[11:47:30.821] [INFO] [run] subject=18, session=1, speed=3, trial=6, x__rid_x=1280186464a6cf3b: dummy_return_one(x)
[11:47:30.822] [INFO] [run] subject=18, session=1, speed=3, trial=7, x__rid_x=a32eecb8d0303b49: dummy_return_one(x)
[11:47:30.828] [INFO] [run] subject=18, session=1, speed=4, trial=1, x__rid_x=7014b5fa46939798: dummy_return_one(x)
[11:47:30.829] [INFO] [run] subject=18, session=1, speed=4, trial=2, x__rid_x=632e50acb9a81fec: dummy_return_one(x)
[11:47:30.835] [INFO] [run] subject=18, session=1, speed=4, trial=3, x__rid_x=dfd217cf49a1482c: dummy_return_one(x)
[11:47:30.835] [INFO] [run] subject=18, session=1, speed=4, trial=4, x__rid_x=47cbebb130e353ea: dummy_return_one(x)
[11:47:30.836] [INFO] [run] subject=18, session=1, speed=4, trial=5, x__rid_x=2eb955437fbe3d94: dummy_return_one(x)
[11:47:30.842] [INFO] [run] subject=18, session=1, speed=4, trial=6, x__rid_x=7bfcbc590bdc36bc: dummy_return_one(x)
[11:47:30.843] [INFO] [run] subject=18, session=1, speed=4, trial=7, x__rid_x=5c26eb2c45f6ce78: dummy_return_one(x)
[11:47:30.849] [INFO] [run] subject=18, session=1, speed=5, trial=1, x__rid_x=4dd42efd712477a8: dummy_return_one(x)
[11:47:30.850] [INFO] [run] subject=18, session=1, speed=5, trial=2, x__rid_x=1a3fea0b479dfcd9: dummy_return_one(x)
[11:47:30.851] [INFO] [run] subject=18, session=1, speed=5, trial=3, x__rid_x=acf4c4798dbc7a12: dummy_return_one(x)
[11:47:30.857] [INFO] [run] subject=18, session=1, speed=5, trial=4, x__rid_x=f82a5556f875c368: dummy_return_one(x)
[11:47:30.858] [INFO] [run] subject=18, session=1, speed=5, trial=5, x__rid_x=247df26f5b1c1124: dummy_return_one(x)
[11:47:30.858] [INFO] [run] subject=18, session=1, speed=5, trial=6, x__rid_x=647cde86d2227370: dummy_return_one(x)
[11:47:30.864] [INFO] [run] subject=18, session=1, speed=5, trial=7, x__rid_x=8b550e7625210761: dummy_return_one(x)
[11:47:30.865] [INFO] [run] subject=18, session=1, speed=6, trial=1, x__rid_x=ca80598297e997bf: dummy_return_one(x)
[11:47:30.865] [INFO] [run] subject=18, session=1, speed=6, trial=2, x__rid_x=d97914cffb6cab3d: dummy_return_one(x)
[11:47:30.871] [INFO] [run] subject=18, session=1, speed=6, trial=3, x__rid_x=29f60ee64beb04b9: dummy_return_one(x)
[11:47:30.872] [INFO] [run] subject=18, session=1, speed=6, trial=4, x__rid_x=7f7a92f0c20d96cc: dummy_return_one(x)
[11:47:30.873] [INFO] [run] subject=18, session=1, speed=6, trial=5, x__rid_x=8cf455c9d1732de6: dummy_return_one(x)
[11:47:30.878] [INFO] [run] subject=18, session=1, speed=6, trial=6, x__rid_x=96e9e87da3bada73: dummy_return_one(x)
[11:47:30.879] [INFO] [run] subject=18, session=1, speed=6, trial=7, x__rid_x=dcdfac63ee038b31: dummy_return_one(x)
[11:47:30.880] [INFO] [run] subject=18, session=1, speed=7, trial=1, x__rid_x=fbd6a4bd8931f296: dummy_return_one(x)
[11:47:30.886] [INFO] [run] subject=18, session=1, speed=7, trial=2, x__rid_x=25408a2ba4c0a7db: dummy_return_one(x)
[11:47:30.887] [INFO] [run] subject=18, session=1, speed=7, trial=3, x__rid_x=0f6b15f5067ad6e8: dummy_return_one(x)
[11:47:30.888] [INFO] [run] subject=18, session=1, speed=7, trial=4, x__rid_x=34e2a7812b267e72: dummy_return_one(x)
[11:47:30.894] [INFO] [run] subject=18, session=1, speed=7, trial=5, x__rid_x=e942c83022ade96e: dummy_return_one(x)
[11:47:30.895] [INFO] [run] subject=18, session=1, speed=7, trial=6, x__rid_x=4a5cc942e90b736e: dummy_return_one(x)
[11:47:30.901] [INFO] [run] subject=18, session=1, speed=7, trial=7, x__rid_x=234f02596fb90e6a: dummy_return_one(x)
[11:47:30.902] [INFO] [run] subject=18, session=1, speed=8, trial=1, x__rid_x=47f8e84beb9464f6: dummy_return_one(x)
[11:47:30.909] [INFO] [run] subject=18, session=1, speed=8, trial=2, x__rid_x=54ecd8f123c03e6f: dummy_return_one(x)
[11:47:30.910] [INFO] [run] subject=18, session=1, speed=8, trial=3, x__rid_x=a091d81a6258365d: dummy_return_one(x)
[11:47:30.916] [INFO] [run] subject=18, session=1, speed=8, trial=4, x__rid_x=cea796190e29bad4: dummy_return_one(x)
[11:47:30.917] [INFO] [run] subject=18, session=1, speed=8, trial=5, x__rid_x=2281c86f41968080: dummy_return_one(x)
[11:47:30.924] [INFO] [run] subject=18, session=1, speed=8, trial=6, x__rid_x=53822c73a657d78d: dummy_return_one(x)
[11:47:30.925] [INFO] [run] subject=18, session=1, speed=8, trial=7, x__rid_x=51aa0bb1ad9b8dae: dummy_return_one(x)
[11:47:30.931] [INFO] [run] subject=18, session=1, speed=9, trial=1, x__rid_x=edaa172f07e1cf9b: dummy_return_one(x)
[11:47:30.933] [INFO] [run] subject=18, session=1, speed=9, trial=2, x__rid_x=6fe3e10681c517b9: dummy_return_one(x)
[11:47:30.939] [INFO] [run] subject=18, session=1, speed=9, trial=3, x__rid_x=12ef0cd02c424921: dummy_return_one(x)
[11:47:30.940] [INFO] [run] subject=18, session=1, speed=9, trial=4, x__rid_x=d54175a589e94a1c: dummy_return_one(x)
[11:47:30.946] [INFO] [run] subject=18, session=1, speed=9, trial=5, x__rid_x=13a89c47acbf5a89: dummy_return_one(x)
[11:47:30.948] [INFO] [run] subject=18, session=1, speed=9, trial=6, x__rid_x=ff91cda00d4c7196: dummy_return_one(x)
[11:47:30.954] [INFO] [run] subject=18, session=1, speed=9, trial=7, x__rid_x=cad830418e448e1f: dummy_return_one(x)
[11:47:30.955] [INFO] [run] subject=18, session=2, speed=1, trial=1, x__rid_x=cc7693a4d25505cc: dummy_return_one(x)
[11:47:30.962] [INFO] [run] subject=18, session=2, speed=1, trial=2, x__rid_x=83189a5de6297a14: dummy_return_one(x)
[11:47:30.963] [INFO] [run] subject=18, session=2, speed=1, trial=3, x__rid_x=d288f775163c9aed: dummy_return_one(x)
[11:47:30.969] [INFO] [run] subject=18, session=2, speed=1, trial=4, x__rid_x=daf0339bc14ec58e: dummy_return_one(x)
[11:47:30.970] [INFO] [run] subject=18, session=2, speed=1, trial=5, x__rid_x=3190942bb80cc4fc: dummy_return_one(x)
[11:47:30.977] [INFO] [run] subject=18, session=2, speed=1, trial=6, x__rid_x=f8cb448e2dfa8406: dummy_return_one(x)
[11:47:30.978] [INFO] [run] subject=18, session=2, speed=1, trial=7, x__rid_x=14151c049518837a: dummy_return_one(x)
[11:47:30.984] [INFO] [run] subject=18, session=2, speed=10, trial=1, x__rid_x=57d52537e4444f26: dummy_return_one(x)
[11:47:30.985] [INFO] [run] subject=18, session=2, speed=10, trial=2, x__rid_x=6adba44e1ab4a8d1: dummy_return_one(x)
[11:47:30.986] [INFO] [run] subject=18, session=2, speed=10, trial=3, x__rid_x=41c498bbee97ea6c: dummy_return_one(x)
[11:47:30.992] [INFO] [run] subject=18, session=2, speed=10, trial=4, x__rid_x=0b13d6b1947af265: dummy_return_one(x)
[11:47:30.994] [INFO] [run] subject=18, session=2, speed=10, trial=5, x__rid_x=057710c233fb7771: dummy_return_one(x)
[11:47:30.999] [INFO] [run] subject=18, session=2, speed=10, trial=6, x__rid_x=3e724b5f8706cce1: dummy_return_one(x)
[11:47:31.000] [INFO] [run] subject=18, session=2, speed=10, trial=7, x__rid_x=59b3fef9f4e318db: dummy_return_one(x)
[11:47:31.001] [INFO] [run] subject=18, session=2, speed=2, trial=1, x__rid_x=a6c355e164a37787: dummy_return_one(x)
[11:47:31.007] [INFO] [run] subject=18, session=2, speed=2, trial=2, x__rid_x=f413a7740d2a182c: dummy_return_one(x)
[11:47:31.009] [INFO] [run] subject=18, session=2, speed=2, trial=3, x__rid_x=2709261794883445: dummy_return_one(x)
[11:47:31.015] [INFO] [run] subject=18, session=2, speed=2, trial=4, x__rid_x=3f79fcc8326ef2e7: dummy_return_one(x)
[11:47:31.016] [INFO] [run] subject=18, session=2, speed=2, trial=5, x__rid_x=e4946604dadecba4: dummy_return_one(x)
[11:47:31.022] [INFO] [run] subject=18, session=2, speed=2, trial=6, x__rid_x=4089d69c522b0a2e: dummy_return_one(x)
[11:47:31.024] [INFO] [run] subject=18, session=2, speed=2, trial=7, x__rid_x=e2d7b521950f0545: dummy_return_one(x)
[11:47:31.030] [INFO] [run] subject=18, session=2, speed=3, trial=1, x__rid_x=46c7162363a8dfee: dummy_return_one(x)
[11:47:31.032] [INFO] [run] subject=18, session=2, speed=3, trial=2, x__rid_x=8daeafe12d1e234a: dummy_return_one(x)
[11:47:31.037] [INFO] [run] subject=18, session=2, speed=3, trial=3, x__rid_x=5cdefec890085f95: dummy_return_one(x)
[11:47:31.039] [INFO] [run] subject=18, session=2, speed=3, trial=4, x__rid_x=d84fa441194e8394: dummy_return_one(x)
[11:47:31.046] [INFO] [run] subject=18, session=2, speed=3, trial=5, x__rid_x=af3f98bb144a79b0: dummy_return_one(x)
[11:47:31.054] [INFO] [run] subject=18, session=2, speed=3, trial=6, x__rid_x=aac5a8132517a9ad: dummy_return_one(x)
[11:47:31.055] [INFO] [run] subject=18, session=2, speed=3, trial=7, x__rid_x=a06f02c11ee64031: dummy_return_one(x)
[11:47:31.062] [INFO] [run] subject=18, session=2, speed=4, trial=1, x__rid_x=9449bb752b534276: dummy_return_one(x)
[11:47:31.064] [INFO] [run] subject=18, session=2, speed=4, trial=2, x__rid_x=87c2f4e6cf42e4a2: dummy_return_one(x)
[11:47:31.070] [INFO] [run] subject=18, session=2, speed=4, trial=3, x__rid_x=50a30d8e3f215b0e: dummy_return_one(x)
[11:47:31.078] [INFO] [run] subject=18, session=2, speed=4, trial=4, x__rid_x=6c50cbd3c894edfb: dummy_return_one(x)
[11:47:31.080] [INFO] [run] subject=18, session=2, speed=4, trial=5, x__rid_x=5ee209a56ce495cb: dummy_return_one(x)
[11:47:31.086] [INFO] [run] subject=18, session=2, speed=4, trial=6, x__rid_x=90098828398af2a6: dummy_return_one(x)
[11:47:31.093] [INFO] [run] subject=18, session=2, speed=4, trial=7, x__rid_x=70528bb45386399c: dummy_return_one(x)
[11:47:31.095] [INFO] [run] subject=18, session=2, speed=5, trial=1, x__rid_x=dae9489fbaf42598: dummy_return_one(x)
[11:47:31.101] [INFO] [run] subject=18, session=2, speed=5, trial=2, x__rid_x=3dc2e59cd901167c: dummy_return_one(x)
[11:47:31.102] [INFO] [run] subject=18, session=2, speed=5, trial=3, x__rid_x=f9cd5ea00db37dda: dummy_return_one(x)
[11:47:31.103] [INFO] [run] subject=18, session=2, speed=5, trial=4, x__rid_x=eb4209a8bdd06376: dummy_return_one(x)
[11:47:31.109] [INFO] [run] subject=18, session=2, speed=5, trial=5, x__rid_x=6f659c3170b45d8b: dummy_return_one(x)
[11:47:31.110] [INFO] [run] subject=18, session=2, speed=5, trial=6, x__rid_x=b77b04a0c5ce47ca: dummy_return_one(x)
[11:47:31.116] [INFO] [run] subject=18, session=2, speed=5, trial=7, x__rid_x=3d5ddbacb815cce2: dummy_return_one(x)
[11:47:31.117] [INFO] [run] subject=18, session=2, speed=6, trial=1, x__rid_x=a585f66c66cf46e5: dummy_return_one(x)
[11:47:31.117] [INFO] [run] subject=18, session=2, speed=6, trial=2, x__rid_x=0eb62c6b7f6f0080: dummy_return_one(x)
[11:47:31.123] [INFO] [run] subject=18, session=2, speed=6, trial=3, x__rid_x=c4863f3b7f596d44: dummy_return_one(x)
[11:47:31.125] [INFO] [run] subject=18, session=2, speed=6, trial=4, x__rid_x=472b371292513c82: dummy_return_one(x)
[11:47:31.131] [INFO] [run] subject=18, session=2, speed=6, trial=5, x__rid_x=34ddab03a3a504bc: dummy_return_one(x)
[11:47:31.132] [INFO] [run] subject=18, session=2, speed=6, trial=6, x__rid_x=b2d38a8ea8f8cd96: dummy_return_one(x)
[11:47:31.132] [INFO] [run] subject=18, session=2, speed=6, trial=7, x__rid_x=65dc920cf4e94ad6: dummy_return_one(x)
[11:47:31.138] [INFO] [run] subject=18, session=2, speed=7, trial=1, x__rid_x=271a37931d0ccfa5: dummy_return_one(x)
[11:47:31.139] [INFO] [run] subject=18, session=2, speed=7, trial=2, x__rid_x=a45d4a8ffac25f50: dummy_return_one(x)
[11:47:31.140] [INFO] [run] subject=18, session=2, speed=7, trial=3, x__rid_x=1c3a20826f965cab: dummy_return_one(x)
[11:47:31.146] [INFO] [run] subject=18, session=2, speed=7, trial=4, x__rid_x=7661e265e72875fb: dummy_return_one(x)
[11:47:31.147] [INFO] [run] subject=18, session=2, speed=7, trial=5, x__rid_x=fe518b63dbb9161f: dummy_return_one(x)
[11:47:31.148] [INFO] [run] subject=18, session=2, speed=7, trial=6, x__rid_x=d08aee8f75dbfdf0: dummy_return_one(x)
[11:47:31.153] [INFO] [run] subject=18, session=2, speed=7, trial=7, x__rid_x=6e40f0a7d2e213d7: dummy_return_one(x)
[11:47:31.154] [INFO] [run] subject=18, session=2, speed=8, trial=1, x__rid_x=e58d06b05f69585c: dummy_return_one(x)
[11:47:31.155] [INFO] [run] subject=18, session=2, speed=8, trial=2, x__rid_x=6c2df1e0f5ec4a67: dummy_return_one(x)
[11:47:31.161] [INFO] [run] subject=18, session=2, speed=8, trial=3, x__rid_x=e8ad3f6ebdea58ee: dummy_return_one(x)
[11:47:31.162] [INFO] [run] subject=18, session=2, speed=8, trial=4, x__rid_x=8cade3d68e357b2d: dummy_return_one(x)
[11:47:31.168] [INFO] [run] subject=18, session=2, speed=8, trial=5, x__rid_x=83a9d2485e314c5b: dummy_return_one(x)
[11:47:31.169] [INFO] [run] subject=18, session=2, speed=8, trial=6, x__rid_x=6bd71acb09d4b650: dummy_return_one(x)
[11:47:31.169] [INFO] [run] subject=18, session=2, speed=8, trial=7, x__rid_x=bfa5b707186b9a0f: dummy_return_one(x)
[11:47:31.176] [INFO] [run] subject=18, session=2, speed=9, trial=1, x__rid_x=fe542f0e728a94f3: dummy_return_one(x)
[11:47:31.177] [INFO] [run] subject=18, session=2, speed=9, trial=2, x__rid_x=ee134cac2c8ecbd2: dummy_return_one(x)
[11:47:31.183] [INFO] [run] subject=18, session=2, speed=9, trial=3, x__rid_x=54dadd8d7009f459: dummy_return_one(x)
[11:47:31.184] [INFO] [run] subject=18, session=2, speed=9, trial=4, x__rid_x=aeb5c856d1e862f6: dummy_return_one(x)
[11:47:31.185] [INFO] [run] subject=18, session=2, speed=9, trial=5, x__rid_x=2afa7911ffee6080: dummy_return_one(x)
[11:47:31.190] [INFO] [run] subject=18, session=2, speed=9, trial=6, x__rid_x=f5e0f6b17084a710: dummy_return_one(x)
[11:47:31.192] [INFO] [run] subject=18, session=2, speed=9, trial=7, x__rid_x=6ca9026a81e52833: dummy_return_one(x)
[11:47:31.198] [INFO] [run] subject=18, session=3, speed=1, trial=1, x__rid_x=bfc1ba3e9116f803: dummy_return_one(x)
[11:47:31.199] [INFO] [run] subject=18, session=3, speed=1, trial=2, x__rid_x=4328f8c4c485be51: dummy_return_one(x)
[11:47:31.199] [INFO] [run] subject=18, session=3, speed=1, trial=3, x__rid_x=1914dc1f12776482: dummy_return_one(x)
[11:47:31.205] [INFO] [run] subject=18, session=3, speed=1, trial=4, x__rid_x=2d6474920f5db495: dummy_return_one(x)
[11:47:31.206] [INFO] [run] subject=18, session=3, speed=1, trial=5, x__rid_x=8f62a34cde6975ef: dummy_return_one(x)
[11:47:31.207] [INFO] [run] subject=18, session=3, speed=1, trial=6, x__rid_x=102436395a758344: dummy_return_one(x)
[11:47:31.213] [INFO] [run] subject=18, session=3, speed=1, trial=7, x__rid_x=ad9eed4c4c383307: dummy_return_one(x)
[11:47:31.214] [INFO] [run] subject=18, session=3, speed=10, trial=1, x__rid_x=0e90e958649e653d: dummy_return_one(x)
[11:47:31.220] [INFO] [run] subject=18, session=3, speed=10, trial=2, x__rid_x=6b30ff32db6b683b: dummy_return_one(x)
[11:47:31.221] [INFO] [run] subject=18, session=3, speed=10, trial=3, x__rid_x=9f6fc29cf6c3e790: dummy_return_one(x)
[11:47:31.222] [INFO] [run] subject=18, session=3, speed=10, trial=4, x__rid_x=38447fc00b9526f7: dummy_return_one(x)
[11:47:31.228] [INFO] [run] subject=18, session=3, speed=10, trial=5, x__rid_x=efa418812c9ead75: dummy_return_one(x)
[11:47:31.229] [INFO] [run] subject=18, session=3, speed=10, trial=6, x__rid_x=f4db1f392d6f0851: dummy_return_one(x)
[11:47:31.230] [INFO] [run] subject=18, session=3, speed=10, trial=7, x__rid_x=49521a2ae6492292: dummy_return_one(x)
[11:47:31.235] [INFO] [run] subject=18, session=3, speed=2, trial=1, x__rid_x=e6c7ad1724d1f574: dummy_return_one(x)
[11:47:31.236] [INFO] [run] subject=18, session=3, speed=2, trial=2, x__rid_x=283aa1184c20481f: dummy_return_one(x)
[11:47:31.237] [INFO] [run] subject=18, session=3, speed=2, trial=3, x__rid_x=2a3227e20411dc5f: dummy_return_one(x)
[11:47:31.243] [INFO] [run] subject=18, session=3, speed=2, trial=4, x__rid_x=e830e77e8f2e6df1: dummy_return_one(x)
[11:47:31.244] [INFO] [run] subject=18, session=3, speed=2, trial=5, x__rid_x=6ccb549448ffe66b: dummy_return_one(x)
[11:47:31.250] [INFO] [run] subject=18, session=3, speed=2, trial=6, x__rid_x=fe3d56bd5a5654d0: dummy_return_one(x)
[11:47:31.251] [INFO] [run] subject=18, session=3, speed=2, trial=7, x__rid_x=51d550da6713ff74: dummy_return_one(x)
[11:47:31.252] [INFO] [run] subject=18, session=3, speed=3, trial=1, x__rid_x=fc588c15e3a4114b: dummy_return_one(x)
[11:47:31.258] [INFO] [run] subject=18, session=3, speed=3, trial=2, x__rid_x=5c552bc0ffc03efb: dummy_return_one(x)
[11:47:31.259] [INFO] [run] subject=18, session=3, speed=3, trial=3, x__rid_x=345fcf4536074ed4: dummy_return_one(x)
[11:47:31.266] [INFO] [run] subject=18, session=3, speed=3, trial=4, x__rid_x=34ac3bc81c6f3ef9: dummy_return_one(x)
[11:47:31.266] [INFO] [run] subject=18, session=3, speed=3, trial=5, x__rid_x=51d5834a596af353: dummy_return_one(x)
[11:47:31.267] [INFO] [run] subject=18, session=3, speed=3, trial=6, x__rid_x=9dc4b22b7e23c98d: dummy_return_one(x)
[11:47:31.273] [INFO] [run] subject=18, session=3, speed=3, trial=7, x__rid_x=0fa0245eeb081720: dummy_return_one(x)
[11:47:31.274] [INFO] [run] subject=18, session=3, speed=4, trial=1, x__rid_x=bba7523ebc75e8ab: dummy_return_one(x)
[11:47:31.280] [INFO] [run] subject=18, session=3, speed=4, trial=2, x__rid_x=89e199f7f9776618: dummy_return_one(x)
[11:47:31.281] [INFO] [run] subject=18, session=3, speed=4, trial=3, x__rid_x=8825a70512e687af: dummy_return_one(x)
[11:47:31.282] [INFO] [run] subject=18, session=3, speed=4, trial=4, x__rid_x=4e67b8f065f2d08b: dummy_return_one(x)
[11:47:31.288] [INFO] [run] subject=18, session=3, speed=4, trial=5, x__rid_x=d972584224410e2c: dummy_return_one(x)
[11:47:31.289] [INFO] [run] subject=18, session=3, speed=4, trial=6, x__rid_x=b01268410b863e72: dummy_return_one(x)
[11:47:31.289] [INFO] [run] subject=18, session=3, speed=4, trial=7, x__rid_x=b5e0bd4ec9113d88: dummy_return_one(x)
[11:47:31.296] [INFO] [run] subject=18, session=3, speed=5, trial=1, x__rid_x=36c3da12d28e406e: dummy_return_one(x)
[11:47:31.297] [INFO] [run] subject=18, session=3, speed=5, trial=2, x__rid_x=8dc0030c75d8c61c: dummy_return_one(x)
[11:47:31.297] [INFO] [run] subject=18, session=3, speed=5, trial=3, x__rid_x=b5b8247e646c909d: dummy_return_one(x)
[11:47:31.303] [INFO] [run] subject=18, session=3, speed=5, trial=4, x__rid_x=816eb957843e4122: dummy_return_one(x)
[11:47:31.304] [INFO] [run] subject=18, session=3, speed=5, trial=5, x__rid_x=d954fb6426cf21be: dummy_return_one(x)
[11:47:31.304] [INFO] [run] subject=18, session=3, speed=5, trial=6, x__rid_x=ab39495d84683a29: dummy_return_one(x)
[11:47:31.311] [INFO] [run] subject=18, session=3, speed=5, trial=7, x__rid_x=dc26323ce2a07eff: dummy_return_one(x)
[11:47:31.312] [INFO] [run] subject=18, session=3, speed=6, trial=1, x__rid_x=dd85997f800dfcf3: dummy_return_one(x)
[11:47:31.318] [INFO] [run] subject=18, session=3, speed=6, trial=2, x__rid_x=2edb6216e3818d24: dummy_return_one(x)
[11:47:31.319] [INFO] [run] subject=18, session=3, speed=6, trial=3, x__rid_x=6d41d53b3c88995b: dummy_return_one(x)
[11:47:31.320] [INFO] [run] subject=18, session=3, speed=6, trial=4, x__rid_x=2924281b3fd04abe: dummy_return_one(x)
[11:47:31.326] [INFO] [run] subject=18, session=3, speed=6, trial=5, x__rid_x=199f3d144cff5d41: dummy_return_one(x)
[11:47:31.327] [INFO] [run] subject=18, session=3, speed=6, trial=6, x__rid_x=c773905f4217693c: dummy_return_one(x)
[11:47:31.333] [INFO] [run] subject=18, session=3, speed=6, trial=7, x__rid_x=b14d49b1edf30a48: dummy_return_one(x)
[11:47:31.335] [INFO] [run] subject=18, session=3, speed=7, trial=1, x__rid_x=128ec5b362e27fe6: dummy_return_one(x)
[11:47:31.341] [INFO] [run] subject=18, session=3, speed=7, trial=2, x__rid_x=c3e7c778a1e83c0f: dummy_return_one(x)
[11:47:31.342] [INFO] [run] subject=18, session=3, speed=7, trial=3, x__rid_x=de681a13be60d2db: dummy_return_one(x)
[11:47:31.349] [INFO] [run] subject=18, session=3, speed=7, trial=4, x__rid_x=6649292981cc5fea: dummy_return_one(x)
[11:47:31.349] [INFO] [run] subject=18, session=3, speed=7, trial=5, x__rid_x=a1fe1ff3c2979785: dummy_return_one(x)
[11:47:31.350] [INFO] [run] subject=18, session=3, speed=7, trial=6, x__rid_x=2f74b98d9000a7a8: dummy_return_one(x)
[11:47:31.356] [INFO] [run] subject=18, session=3, speed=7, trial=7, x__rid_x=9799f1eb86a27e82: dummy_return_one(x)
[11:47:31.357] [INFO] [run] subject=18, session=3, speed=8, trial=1, x__rid_x=08b903dc48635b44: dummy_return_one(x)
[11:47:31.358] [INFO] [run] subject=18, session=3, speed=8, trial=2, x__rid_x=d070b73bf656782e: dummy_return_one(x)
[11:47:31.364] [INFO] [run] subject=18, session=3, speed=8, trial=3, x__rid_x=85072779ee035055: dummy_return_one(x)
[11:47:31.364] [INFO] [run] subject=18, session=3, speed=8, trial=4, x__rid_x=b8d8e17319299160: dummy_return_one(x)
[11:47:31.365] [INFO] [run] subject=18, session=3, speed=8, trial=5, x__rid_x=221252236e108503: dummy_return_one(x)
[11:47:31.371] [INFO] [run] subject=18, session=3, speed=8, trial=6, x__rid_x=e02e2feacab916dc: dummy_return_one(x)
[11:47:31.372] [INFO] [run] subject=18, session=3, speed=8, trial=7, x__rid_x=538f20f9c2a509c8: dummy_return_one(x)
[11:47:31.373] [INFO] [run] subject=18, session=3, speed=9, trial=1, x__rid_x=d36c7f7915357e54: dummy_return_one(x)
[11:47:31.379] [INFO] [run] subject=18, session=3, speed=9, trial=2, x__rid_x=ea434234b33220e5: dummy_return_one(x)
[11:47:31.380] [INFO] [run] subject=18, session=3, speed=9, trial=3, x__rid_x=a15299fc74a93e33: dummy_return_one(x)
[11:47:31.381] [INFO] [run] subject=18, session=3, speed=9, trial=4, x__rid_x=44a1fc373827ffd0: dummy_return_one(x)
[11:47:31.386] [INFO] [run] subject=18, session=3, speed=9, trial=5, x__rid_x=ab52ddcf8e08435b: dummy_return_one(x)
[11:47:31.387] [INFO] [run] subject=18, session=3, speed=9, trial=6, x__rid_x=6ba8597f0879ac12: dummy_return_one(x)
[11:47:31.388] [INFO] [run] subject=18, session=3, speed=9, trial=7, x__rid_x=6645714b3451ce61: dummy_return_one(x)
[11:47:31.394] [INFO] [run] subject=18, session=4, speed=1, trial=1, x__rid_x=2d806e8ca882cf59: dummy_return_one(x)
[11:47:31.395] [INFO] [run] subject=18, session=4, speed=1, trial=2, x__rid_x=5a5968948b598206: dummy_return_one(x)
[11:47:31.401] [INFO] [run] subject=18, session=4, speed=1, trial=3, x__rid_x=953fbecacab0756a: dummy_return_one(x)
[11:47:31.402] [INFO] [run] subject=18, session=4, speed=1, trial=4, x__rid_x=7ed2c5aa7927cff6: dummy_return_one(x)
[11:47:31.403] [INFO] [run] subject=18, session=4, speed=1, trial=5, x__rid_x=2880a9eba66180bd: dummy_return_one(x)
[11:47:31.409] [INFO] [run] subject=18, session=4, speed=1, trial=6, x__rid_x=daa2360806232c73: dummy_return_one(x)
[11:47:31.411] [INFO] [run] subject=18, session=4, speed=1, trial=7, x__rid_x=3c6854e646cd1102: dummy_return_one(x)
[11:47:31.417] [INFO] [run] subject=18, session=4, speed=10, trial=1, x__rid_x=c978531aaedc662d: dummy_return_one(x)
[11:47:31.418] [INFO] [run] subject=18, session=4, speed=10, trial=2, x__rid_x=81d9eb7f7d2d7e31: dummy_return_one(x)
[11:47:31.418] [INFO] [run] subject=18, session=4, speed=10, trial=3, x__rid_x=a81e07d2e38759f9: dummy_return_one(x)
[11:47:31.425] [INFO] [run] subject=18, session=4, speed=10, trial=4, x__rid_x=b687115d83150f44: dummy_return_one(x)
[11:47:31.426] [INFO] [run] subject=18, session=4, speed=10, trial=5, x__rid_x=92d94bf6aea75e5f: dummy_return_one(x)
[11:47:31.432] [INFO] [run] subject=18, session=4, speed=10, trial=6, x__rid_x=537ecbb3ef603b81: dummy_return_one(x)
[11:47:31.433] [INFO] [run] subject=18, session=4, speed=10, trial=7, x__rid_x=e92a2ac4b82e84be: dummy_return_one(x)
[11:47:31.434] [INFO] [run] subject=18, session=4, speed=2, trial=1, x__rid_x=d4e46098dd085d16: dummy_return_one(x)
[11:47:31.440] [INFO] [run] subject=18, session=4, speed=2, trial=2, x__rid_x=ff4eaed478474a58: dummy_return_one(x)
[11:47:31.441] [INFO] [run] subject=18, session=4, speed=2, trial=3, x__rid_x=964e6fe505b8014d: dummy_return_one(x)
[11:47:31.447] [INFO] [run] subject=18, session=4, speed=2, trial=4, x__rid_x=6e6a79aa8a9f3601: dummy_return_one(x)
[11:47:31.448] [INFO] [run] subject=18, session=4, speed=2, trial=5, x__rid_x=96f974b02d047e85: dummy_return_one(x)
[11:47:31.449] [INFO] [run] subject=18, session=4, speed=2, trial=6, x__rid_x=e9c1105af4dfddf1: dummy_return_one(x)
[11:47:31.455] [INFO] [run] subject=18, session=4, speed=2, trial=7, x__rid_x=54c7945e1b85e5fd: dummy_return_one(x)
[11:47:31.456] [INFO] [run] subject=18, session=4, speed=3, trial=1, x__rid_x=32630c1a2f7a200b: dummy_return_one(x)
[11:47:31.457] [INFO] [run] subject=18, session=4, speed=3, trial=2, x__rid_x=fb275f61aee3e562: dummy_return_one(x)
[11:47:31.463] [INFO] [run] subject=18, session=4, speed=3, trial=3, x__rid_x=60444303a57978f4: dummy_return_one(x)
[11:47:31.463] [INFO] [run] subject=18, session=4, speed=3, trial=4, x__rid_x=6106b4e506ce6af4: dummy_return_one(x)
[11:47:31.464] [INFO] [run] subject=18, session=4, speed=3, trial=5, x__rid_x=45ea2e3a04f1a442: dummy_return_one(x)
[11:47:31.470] [INFO] [run] subject=18, session=4, speed=3, trial=6, x__rid_x=725fbe43d6268615: dummy_return_one(x)
[11:47:31.471] [INFO] [run] subject=18, session=4, speed=3, trial=7, x__rid_x=586d9ff4aca5a350: dummy_return_one(x)
[11:47:31.471] [INFO] [run] subject=18, session=4, speed=4, trial=1, x__rid_x=15708b02be096e9c: dummy_return_one(x)
[11:47:31.478] [INFO] [run] subject=18, session=4, speed=4, trial=2, x__rid_x=1c0e41260dc33868: dummy_return_one(x)
[11:47:31.479] [INFO] [run] subject=18, session=4, speed=4, trial=3, x__rid_x=7c94df3730992e2a: dummy_return_one(x)
[11:47:31.485] [INFO] [run] subject=18, session=4, speed=4, trial=4, x__rid_x=280b78a3cca6232b: dummy_return_one(x)
[11:47:31.486] [INFO] [run] subject=18, session=4, speed=4, trial=5, x__rid_x=6d5162a4460b7867: dummy_return_one(x)
[11:47:31.487] [INFO] [run] subject=18, session=4, speed=4, trial=6, x__rid_x=e8474d67918a0fff: dummy_return_one(x)
[11:47:31.493] [INFO] [run] subject=18, session=4, speed=4, trial=7, x__rid_x=46eef6119dd8603d: dummy_return_one(x)
[11:47:31.494] [INFO] [run] subject=18, session=4, speed=5, trial=1, x__rid_x=897a930696fd0cda: dummy_return_one(x)
[11:47:31.501] [INFO] [run] subject=18, session=4, speed=5, trial=2, x__rid_x=836474607b7b777c: dummy_return_one(x)
[11:47:31.502] [INFO] [run] subject=18, session=4, speed=5, trial=3, x__rid_x=45bad3ad710da648: dummy_return_one(x)
[11:47:31.503] [INFO] [run] subject=18, session=4, speed=5, trial=4, x__rid_x=40c5bc658fabe6b3: dummy_return_one(x)
[11:47:31.508] [INFO] [run] subject=18, session=4, speed=5, trial=5, x__rid_x=978d016eb7193a88: dummy_return_one(x)
[11:47:31.510] [INFO] [run] subject=18, session=4, speed=5, trial=6, x__rid_x=794173d7e02cf948: dummy_return_one(x)
[11:47:31.516] [INFO] [run] subject=18, session=4, speed=5, trial=7, x__rid_x=343fa9c68e09977d: dummy_return_one(x)
[11:47:31.517] [INFO] [run] subject=18, session=4, speed=6, trial=1, x__rid_x=5324a3e6ac2d438d: dummy_return_one(x)
[11:47:31.518] [INFO] [run] subject=18, session=4, speed=6, trial=2, x__rid_x=472c12084fdf81f0: dummy_return_one(x)
[11:47:31.524] [INFO] [run] subject=18, session=4, speed=6, trial=3, x__rid_x=633d72c0a258a5dc: dummy_return_one(x)
[11:47:31.525] [INFO] [run] subject=18, session=4, speed=6, trial=4, x__rid_x=d9ce7784a64ad6b4: dummy_return_one(x)
[11:47:31.531] [INFO] [run] subject=18, session=4, speed=6, trial=5, x__rid_x=c231244e3a3dce97: dummy_return_one(x)
[11:47:31.532] [INFO] [run] subject=18, session=4, speed=6, trial=6, x__rid_x=25a0014820baddb2: dummy_return_one(x)
[11:47:31.533] [INFO] [run] subject=18, session=4, speed=6, trial=7, x__rid_x=9004c44b9943a510: dummy_return_one(x)
[11:47:31.539] [INFO] [run] subject=18, session=4, speed=7, trial=1, x__rid_x=fd4f36eadc7c005f: dummy_return_one(x)
[11:47:31.540] [INFO] [run] subject=18, session=4, speed=7, trial=2, x__rid_x=1a448d1b42cf1a24: dummy_return_one(x)
[11:47:31.540] [INFO] [run] subject=18, session=4, speed=7, trial=3, x__rid_x=d4442bc9fdcf41d7: dummy_return_one(x)
[11:47:31.547] [INFO] [run] subject=18, session=4, speed=7, trial=4, x__rid_x=11b487b0366d5455: dummy_return_one(x)
[11:47:31.548] [INFO] [run] subject=18, session=4, speed=7, trial=5, x__rid_x=85867d035caea026: dummy_return_one(x)
[11:47:31.549] [INFO] [run] subject=18, session=4, speed=7, trial=6, x__rid_x=4980e5253dd9b338: dummy_return_one(x)
[11:47:31.554] [INFO] [run] subject=18, session=4, speed=7, trial=7, x__rid_x=e4540b541263396e: dummy_return_one(x)
[11:47:31.555] [INFO] [run] subject=18, session=4, speed=8, trial=1, x__rid_x=b0455a481734561b: dummy_return_one(x)
[11:47:31.556] [INFO] [run] subject=18, session=4, speed=8, trial=2, x__rid_x=7e5bc972641fb031: dummy_return_one(x)
[11:47:31.562] [INFO] [run] subject=18, session=4, speed=8, trial=3, x__rid_x=311051a87e0ced4f: dummy_return_one(x)
[11:47:31.563] [INFO] [run] subject=18, session=4, speed=8, trial=4, x__rid_x=591755735c2acc32: dummy_return_one(x)
[11:47:31.570] [INFO] [run] subject=18, session=4, speed=8, trial=5, x__rid_x=b980ecc1d647b116: dummy_return_one(x)
[11:47:31.571] [INFO] [run] subject=18, session=4, speed=8, trial=6, x__rid_x=17e4031cec1a5133: dummy_return_one(x)
[11:47:31.571] [INFO] [run] subject=18, session=4, speed=8, trial=7, x__rid_x=92f18c91b6453a1a: dummy_return_one(x)
[11:47:31.578] [INFO] [run] subject=18, session=4, speed=9, trial=1, x__rid_x=d9ce07bf91d5a820: dummy_return_one(x)
[11:47:31.579] [INFO] [run] subject=18, session=4, speed=9, trial=2, x__rid_x=7aafdfdf402b8fee: dummy_return_one(x)
[11:47:31.585] [INFO] [run] subject=18, session=4, speed=9, trial=3, x__rid_x=293658fdbfffbd02: dummy_return_one(x)
[11:47:31.586] [INFO] [run] subject=18, session=4, speed=9, trial=4, x__rid_x=891bc6ffd99f8fed: dummy_return_one(x)
[11:47:31.587] [INFO] [run] subject=18, session=4, speed=9, trial=5, x__rid_x=d537504f6ff460a9: dummy_return_one(x)
[11:47:31.593] [INFO] [run] subject=18, session=4, speed=9, trial=6, x__rid_x=8de5e1767d396f38: dummy_return_one(x)
[11:47:31.594] [INFO] [run] subject=18, session=4, speed=9, trial=7, x__rid_x=714de51ddca5b15e: dummy_return_one(x)
[11:47:31.595] [INFO] [run] subject=18, session=5, speed=1, trial=1, x__rid_x=d47fb0a2186995a2: dummy_return_one(x)
[11:47:31.601] [INFO] [run] subject=18, session=5, speed=1, trial=2, x__rid_x=d1d894ac9ff56fb4: dummy_return_one(x)
[11:47:31.602] [INFO] [run] subject=18, session=5, speed=1, trial=3, x__rid_x=f2b2babe8b10a1ab: dummy_return_one(x)
[11:47:31.602] [INFO] [run] subject=18, session=5, speed=1, trial=4, x__rid_x=0db8561934fe8659: dummy_return_one(x)
[11:47:31.609] [INFO] [run] subject=18, session=5, speed=1, trial=5, x__rid_x=8ea976008e8e6514: dummy_return_one(x)
[11:47:31.610] [INFO] [run] subject=18, session=5, speed=1, trial=6, x__rid_x=d0095efb0473e8bd: dummy_return_one(x)
[11:47:31.616] [INFO] [run] subject=18, session=5, speed=1, trial=7, x__rid_x=025a4e4b31cab2ff: dummy_return_one(x)
[11:47:31.617] [INFO] [run] subject=18, session=5, speed=10, trial=1, x__rid_x=f68ee8a35ab95f7f: dummy_return_one(x)
[11:47:31.618] [INFO] [run] subject=18, session=5, speed=10, trial=2, x__rid_x=2b25150a23abbd86: dummy_return_one(x)
[11:47:31.624] [INFO] [run] subject=18, session=5, speed=10, trial=3, x__rid_x=52db8cb4b46ed47d: dummy_return_one(x)
[11:47:31.625] [INFO] [run] subject=18, session=5, speed=10, trial=4, x__rid_x=3cca08359efede4f: dummy_return_one(x)
[11:47:31.632] [INFO] [run] subject=18, session=5, speed=10, trial=5, x__rid_x=8b1f0e0cb186be7c: dummy_return_one(x)
[11:47:31.633] [INFO] [run] subject=18, session=5, speed=10, trial=6, x__rid_x=251f96a9674647ff: dummy_return_one(x)
[11:47:31.633] [INFO] [run] subject=18, session=5, speed=10, trial=7, x__rid_x=73c0061ea3ee0200: dummy_return_one(x)
[11:47:31.640] [INFO] [run] subject=18, session=5, speed=2, trial=1, x__rid_x=772e90ef99d877f0: dummy_return_one(x)
[11:47:31.640] [INFO] [run] subject=18, session=5, speed=2, trial=2, x__rid_x=72c4ea4e26599cec: dummy_return_one(x)
[11:47:31.641] [INFO] [run] subject=18, session=5, speed=2, trial=3, x__rid_x=f8d94aa4b5d9a004: dummy_return_one(x)
[11:47:31.647] [INFO] [run] subject=18, session=5, speed=2, trial=4, x__rid_x=eedca16ffe34fc72: dummy_return_one(x)
[11:47:31.648] [INFO] [run] subject=18, session=5, speed=2, trial=5, x__rid_x=ef20b53be5c33896: dummy_return_one(x)
[11:47:31.649] [INFO] [run] subject=18, session=5, speed=2, trial=6, x__rid_x=3bd08e595d8df95f: dummy_return_one(x)
[11:47:31.655] [INFO] [run] subject=18, session=5, speed=2, trial=7, x__rid_x=bf924f306a5839c8: dummy_return_one(x)
[11:47:31.656] [INFO] [run] subject=18, session=5, speed=3, trial=1, x__rid_x=3b093dd30c86b11f: dummy_return_one(x)
[11:47:31.657] [INFO] [run] subject=18, session=5, speed=3, trial=2, x__rid_x=1d3d44081ab2a422: dummy_return_one(x)
[11:47:31.663] [INFO] [run] subject=18, session=5, speed=3, trial=3, x__rid_x=c8d4fa276d61424d: dummy_return_one(x)
[11:47:31.663] [INFO] [run] subject=18, session=5, speed=3, trial=4, x__rid_x=17d1283103f22eb5: dummy_return_one(x)
[11:47:31.664] [INFO] [run] subject=18, session=5, speed=3, trial=5, x__rid_x=0b2758dc4e831e09: dummy_return_one(x)
[11:47:31.670] [INFO] [run] subject=18, session=5, speed=3, trial=6, x__rid_x=ffe6b5fa99020e00: dummy_return_one(x)
[11:47:31.671] [INFO] [run] subject=18, session=5, speed=3, trial=7, x__rid_x=f79d88ab2c343ce3: dummy_return_one(x)
[11:47:31.672] [INFO] [run] subject=18, session=5, speed=4, trial=1, x__rid_x=fdb31ea478232e30: dummy_return_one(x)
[11:47:31.678] [INFO] [run] subject=18, session=5, speed=4, trial=2, x__rid_x=123ebeec780285a4: dummy_return_one(x)
[11:47:31.679] [INFO] [run] subject=18, session=5, speed=4, trial=3, x__rid_x=f0bcb089d07ecf01: dummy_return_one(x)
[11:47:31.680] [INFO] [run] subject=18, session=5, speed=4, trial=4, x__rid_x=57bd181ada99b3a0: dummy_return_one(x)
[11:47:31.686] [INFO] [run] subject=18, session=5, speed=4, trial=5, x__rid_x=7010447ec5957859: dummy_return_one(x)
[11:47:31.687] [INFO] [run] subject=18, session=5, speed=4, trial=6, x__rid_x=8481822396ec0b58: dummy_return_one(x)
[11:47:31.687] [INFO] [run] subject=18, session=5, speed=4, trial=7, x__rid_x=1c8d7cd7b460bbf5: dummy_return_one(x)
[11:47:31.694] [INFO] [run] subject=18, session=5, speed=5, trial=1, x__rid_x=17dcef820844f198: dummy_return_one(x)
[11:47:31.695] [INFO] [run] subject=18, session=5, speed=5, trial=2, x__rid_x=b83ff6bd0d18eb95: dummy_return_one(x)
[11:47:31.702] [INFO] [run] subject=18, session=5, speed=5, trial=3, x__rid_x=923942c8a61fe56f: dummy_return_one(x)
[11:47:31.703] [INFO] [run] subject=18, session=5, speed=5, trial=4, x__rid_x=bca2b480eb3a7748: dummy_return_one(x)
[11:47:31.709] [INFO] [run] subject=18, session=5, speed=5, trial=5, x__rid_x=5a0ab378010bb4e6: dummy_return_one(x)
[11:47:31.711] [INFO] [run] subject=18, session=5, speed=5, trial=6, x__rid_x=9bc9673945e1b845: dummy_return_one(x)
[11:47:31.717] [INFO] [run] subject=18, session=5, speed=5, trial=7, x__rid_x=b29a4801120afec5: dummy_return_one(x)
[11:47:31.718] [INFO] [run] subject=18, session=5, speed=6, trial=1, x__rid_x=47cfff25b1cfce6f: dummy_return_one(x)
[11:47:31.718] [INFO] [run] subject=18, session=5, speed=6, trial=2, x__rid_x=f67156602b9088c7: dummy_return_one(x)
[11:47:31.725] [INFO] [run] subject=18, session=5, speed=6, trial=3, x__rid_x=cc7b780ff27b1f2c: dummy_return_one(x)
[11:47:31.726] [INFO] [run] subject=18, session=5, speed=6, trial=4, x__rid_x=f753493f830d5847: dummy_return_one(x)
[11:47:31.727] [INFO] [run] subject=18, session=5, speed=6, trial=5, x__rid_x=83f74d7114467837: dummy_return_one(x)
[11:47:31.733] [INFO] [run] subject=18, session=5, speed=6, trial=6, x__rid_x=8d1596f97e2d95dd: dummy_return_one(x)
[11:47:31.734] [INFO] [run] subject=18, session=5, speed=6, trial=7, x__rid_x=026f6ec6373d576a: dummy_return_one(x)
[11:47:31.734] [INFO] [run] subject=18, session=5, speed=7, trial=1, x__rid_x=986d1b88e5d0c420: dummy_return_one(x)
[11:47:31.741] [INFO] [run] subject=18, session=5, speed=7, trial=2, x__rid_x=002e488982fc788d: dummy_return_one(x)
[11:47:31.742] [INFO] [run] subject=18, session=5, speed=7, trial=3, x__rid_x=012d81db55551153: dummy_return_one(x)
[11:47:31.748] [INFO] [run] subject=18, session=5, speed=7, trial=4, x__rid_x=4702e26ead1cb8c8: dummy_return_one(x)
[11:47:31.749] [INFO] [run] subject=18, session=5, speed=7, trial=5, x__rid_x=abec6145451df6c5: dummy_return_one(x)
[11:47:31.750] [INFO] [run] subject=18, session=5, speed=7, trial=6, x__rid_x=5f6ce3cad4e05757: dummy_return_one(x)
[11:47:31.756] [INFO] [run] subject=18, session=5, speed=7, trial=7, x__rid_x=d08bdfd029579a93: dummy_return_one(x)
[11:47:31.757] [INFO] [run] subject=18, session=5, speed=8, trial=1, x__rid_x=7d1ecab8eef598db: dummy_return_one(x)
[11:47:31.758] [INFO] [run] subject=18, session=5, speed=8, trial=2, x__rid_x=368c78daf9c95a93: dummy_return_one(x)
[11:47:31.764] [INFO] [run] subject=18, session=5, speed=8, trial=3, x__rid_x=14934419a47d24d4: dummy_return_one(x)
[11:47:31.765] [INFO] [run] subject=18, session=5, speed=8, trial=4, x__rid_x=f16f2cb835a8c5b7: dummy_return_one(x)
[11:47:31.765] [INFO] [run] subject=18, session=5, speed=8, trial=5, x__rid_x=90d96be76710125a: dummy_return_one(x)
[11:47:31.772] [INFO] [run] subject=18, session=5, speed=8, trial=6, x__rid_x=411b3f185c23322d: dummy_return_one(x)
[11:47:31.772] [INFO] [run] subject=18, session=5, speed=8, trial=7, x__rid_x=a40764faa972d8c3: dummy_return_one(x)
[11:47:31.773] [INFO] [run] subject=18, session=5, speed=9, trial=1, x__rid_x=49cc2cd4f0fdb197: dummy_return_one(x)
[11:47:31.779] [INFO] [run] subject=18, session=5, speed=9, trial=2, x__rid_x=49d0812c8f84bd87: dummy_return_one(x)
[11:47:31.780] [INFO] [run] subject=18, session=5, speed=9, trial=3, x__rid_x=36f88d7c37c4b097: dummy_return_one(x)
[11:47:31.781] [INFO] [run] subject=18, session=5, speed=9, trial=4, x__rid_x=9aea3db7ff9fc895: dummy_return_one(x)
[11:47:31.787] [INFO] [run] subject=18, session=5, speed=9, trial=5, x__rid_x=8b343c5c2b2195b8: dummy_return_one(x)
[11:47:31.788] [INFO] [run] subject=18, session=5, speed=9, trial=6, x__rid_x=5361521ee571280c: dummy_return_one(x)
[11:47:31.789] [INFO] [run] subject=18, session=5, speed=9, trial=7, x__rid_x=ee22ce12e6979a14: dummy_return_one(x)
[11:47:31.795] [INFO] [run] subject=19, session=1, speed=1, trial=1, x__rid_x=4a163a10e56c7530: dummy_return_one(x)
[11:47:31.796] [INFO] [run] subject=19, session=1, speed=1, trial=2, x__rid_x=a0c2c4f1f6446472: dummy_return_one(x)
[11:47:31.803] [INFO] [run] subject=19, session=1, speed=1, trial=3, x__rid_x=4e8b5281656c5509: dummy_return_one(x)
[11:47:31.804] [INFO] [run] subject=19, session=1, speed=1, trial=4, x__rid_x=754e7224162a156a: dummy_return_one(x)
[11:47:31.805] [INFO] [run] subject=19, session=1, speed=1, trial=5, x__rid_x=2c44663ab75d9baa: dummy_return_one(x)
[11:47:31.811] [INFO] [run] subject=19, session=1, speed=1, trial=6, x__rid_x=f7ba056bf465791f: dummy_return_one(x)
[11:47:31.812] [INFO] [run] subject=19, session=1, speed=1, trial=7, x__rid_x=2f09af149fdb13d1: dummy_return_one(x)
[11:47:31.819] [INFO] [run] subject=19, session=1, speed=10, trial=1, x__rid_x=58dd90a1526e2011: dummy_return_one(x)
[11:47:31.820] [INFO] [run] subject=19, session=1, speed=10, trial=2, x__rid_x=ccc48cc6e6846bd7: dummy_return_one(x)
[11:47:31.820] [INFO] [run] subject=19, session=1, speed=10, trial=3, x__rid_x=9779aa1da734944e: dummy_return_one(x)
[11:47:31.827] [INFO] [run] subject=19, session=1, speed=10, trial=4, x__rid_x=6b8c8670452e7af3: dummy_return_one(x)
[11:47:31.828] [INFO] [run] subject=19, session=1, speed=10, trial=5, x__rid_x=bfff9c9ac4b175de: dummy_return_one(x)
[11:47:31.835] [INFO] [run] subject=19, session=1, speed=10, trial=6, x__rid_x=d65128ef0ba1fa79: dummy_return_one(x)
[11:47:31.836] [INFO] [run] subject=19, session=1, speed=10, trial=7, x__rid_x=b03f0a43b031c3c2: dummy_return_one(x)
[11:47:31.837] [INFO] [run] subject=19, session=1, speed=2, trial=1, x__rid_x=368726d14e08a750: dummy_return_one(x)
[11:47:31.843] [INFO] [run] subject=19, session=1, speed=2, trial=2, x__rid_x=737c87534f9beaf1: dummy_return_one(x)
[11:47:31.844] [INFO] [run] subject=19, session=1, speed=2, trial=3, x__rid_x=6ba08b292683543d: dummy_return_one(x)
[11:47:31.850] [INFO] [run] subject=19, session=1, speed=2, trial=4, x__rid_x=5eda2ed4fa5c909d: dummy_return_one(x)
[11:47:31.851] [INFO] [run] subject=19, session=1, speed=2, trial=5, x__rid_x=49d7f215a924aa6f: dummy_return_one(x)
[11:47:31.852] [INFO] [run] subject=19, session=1, speed=2, trial=6, x__rid_x=913e7be90ab0810d: dummy_return_one(x)
[11:47:31.858] [INFO] [run] subject=19, session=1, speed=2, trial=7, x__rid_x=821655ddb188be69: dummy_return_one(x)
[11:47:31.859] [INFO] [run] subject=19, session=1, speed=3, trial=1, x__rid_x=ca9137612ad93af7: dummy_return_one(x)
[11:47:31.866] [INFO] [run] subject=19, session=1, speed=3, trial=2, x__rid_x=a6a88e794a5a320d: dummy_return_one(x)
[11:47:31.867] [INFO] [run] subject=19, session=1, speed=3, trial=3, x__rid_x=615a6440e547838d: dummy_return_one(x)
[11:47:31.867] [INFO] [run] subject=19, session=1, speed=3, trial=4, x__rid_x=5e46a3de39c5aa5e: dummy_return_one(x)
[11:47:31.874] [INFO] [run] subject=19, session=1, speed=3, trial=5, x__rid_x=b3320c3d7dfb7db7: dummy_return_one(x)
[11:47:31.875] [INFO] [run] subject=19, session=1, speed=3, trial=6, x__rid_x=5505fb031fc72474: dummy_return_one(x)
[11:47:31.881] [INFO] [run] subject=19, session=1, speed=3, trial=7, x__rid_x=b955193f0e29cc30: dummy_return_one(x)
[11:47:31.882] [INFO] [run] subject=19, session=1, speed=4, trial=1, x__rid_x=478f7c9f22cdd62c: dummy_return_one(x)
[11:47:31.883] [INFO] [run] subject=19, session=1, speed=4, trial=2, x__rid_x=13d34e4d388ee30d: dummy_return_one(x)
[11:47:31.889] [INFO] [run] subject=19, session=1, speed=4, trial=3, x__rid_x=9e675951e84bc6db: dummy_return_one(x)
[11:47:31.890] [INFO] [run] subject=19, session=1, speed=4, trial=4, x__rid_x=72ac2568f559d15c: dummy_return_one(x)
[11:47:31.891] [INFO] [run] subject=19, session=1, speed=4, trial=5, x__rid_x=47bd0fe9e1cece06: dummy_return_one(x)
[11:47:31.897] [INFO] [run] subject=19, session=1, speed=4, trial=6, x__rid_x=48e6644353492b55: dummy_return_one(x)
[11:47:31.898] [INFO] [run] subject=19, session=1, speed=4, trial=7, x__rid_x=2303d03d3024ff05: dummy_return_one(x)
[11:47:31.898] [INFO] [run] subject=19, session=1, speed=5, trial=1, x__rid_x=52a0ad4dd31cfa90: dummy_return_one(x)
[11:47:31.905] [INFO] [run] subject=19, session=1, speed=5, trial=2, x__rid_x=30bd7a2698004b0c: dummy_return_one(x)
[11:47:31.905] [INFO] [run] subject=19, session=1, speed=5, trial=3, x__rid_x=4543643b23150be0: dummy_return_one(x)
[11:47:31.906] [INFO] [run] subject=19, session=1, speed=5, trial=4, x__rid_x=493d4a487e5078eb: dummy_return_one(x)
[11:47:31.912] [INFO] [run] subject=19, session=1, speed=5, trial=5, x__rid_x=4b66171d523832db: dummy_return_one(x)
[11:47:31.914] [INFO] [run] subject=19, session=1, speed=5, trial=6, x__rid_x=44bd7bfa512a35a8: dummy_return_one(x)
[11:47:31.920] [INFO] [run] subject=19, session=1, speed=5, trial=7, x__rid_x=580be0a990179554: dummy_return_one(x)
[11:47:31.921] [INFO] [run] subject=19, session=1, speed=6, trial=1, x__rid_x=9ae60f5553751552: dummy_return_one(x)
[11:47:31.922] [INFO] [run] subject=19, session=1, speed=6, trial=2, x__rid_x=abd5cf883e5c8ffb: dummy_return_one(x)
[11:47:31.928] [INFO] [run] subject=19, session=1, speed=6, trial=3, x__rid_x=44bcdc231ea1d359: dummy_return_one(x)
[11:47:31.929] [INFO] [run] subject=19, session=1, speed=6, trial=4, x__rid_x=b841e86fc119800a: dummy_return_one(x)
[11:47:31.936] [INFO] [run] subject=19, session=1, speed=6, trial=5, x__rid_x=2e63d137e804b540: dummy_return_one(x)
[11:47:31.936] [INFO] [run] subject=19, session=1, speed=6, trial=6, x__rid_x=cc58e9e214c4ee56: dummy_return_one(x)
[11:47:31.937] [INFO] [run] subject=19, session=1, speed=6, trial=7, x__rid_x=105bb96e9ee6984e: dummy_return_one(x)
[11:47:31.943] [INFO] [run] subject=19, session=1, speed=7, trial=1, x__rid_x=cfa373ae2a44e038: dummy_return_one(x)
[11:47:31.945] [INFO] [run] subject=19, session=1, speed=7, trial=2, x__rid_x=b7993e8532dbc91a: dummy_return_one(x)
[11:47:31.951] [INFO] [run] subject=19, session=1, speed=7, trial=3, x__rid_x=b593ad353e43b53b: dummy_return_one(x)
[11:47:31.952] [INFO] [run] subject=19, session=1, speed=7, trial=4, x__rid_x=7c2edf37bc9f45c9: dummy_return_one(x)
[11:47:31.953] [INFO] [run] subject=19, session=1, speed=7, trial=5, x__rid_x=971a7edc437b5f8e: dummy_return_one(x)
[11:47:31.959] [INFO] [run] subject=19, session=1, speed=7, trial=6, x__rid_x=924d844c0b9525f4: dummy_return_one(x)
[11:47:31.960] [INFO] [run] subject=19, session=1, speed=7, trial=7, x__rid_x=0bbae877c90838ae: dummy_return_one(x)
[11:47:31.967] [INFO] [run] subject=19, session=1, speed=8, trial=1, x__rid_x=f70da750857aa095: dummy_return_one(x)
[11:47:31.968] [INFO] [run] subject=19, session=1, speed=8, trial=2, x__rid_x=6282b888f418446f: dummy_return_one(x)
[11:47:31.969] [INFO] [run] subject=19, session=1, speed=8, trial=3, x__rid_x=e31b2e08ae45fe55: dummy_return_one(x)
[11:47:31.975] [INFO] [run] subject=19, session=1, speed=8, trial=4, x__rid_x=38ebacaab953d10c: dummy_return_one(x)
[11:47:31.976] [INFO] [run] subject=19, session=1, speed=8, trial=5, x__rid_x=e2453749e7a9af7c: dummy_return_one(x)
[11:47:31.982] [INFO] [run] subject=19, session=1, speed=8, trial=6, x__rid_x=5059b632185bdf51: dummy_return_one(x)
[11:47:31.983] [INFO] [run] subject=19, session=1, speed=8, trial=7, x__rid_x=b1bed5c9d6ebe6cc: dummy_return_one(x)
[11:47:31.984] [INFO] [run] subject=19, session=1, speed=9, trial=1, x__rid_x=03d48c01f8188cbc: dummy_return_one(x)
[11:47:31.990] [INFO] [run] subject=19, session=1, speed=9, trial=2, x__rid_x=06fb0c5bf8e5e091: dummy_return_one(x)
[11:47:31.992] [INFO] [run] subject=19, session=1, speed=9, trial=3, x__rid_x=f7289b6e9fafd10e: dummy_return_one(x)
[11:47:31.998] [INFO] [run] subject=19, session=1, speed=9, trial=4, x__rid_x=9664ae34b583005a: dummy_return_one(x)
[11:47:31.999] [INFO] [run] subject=19, session=1, speed=9, trial=5, x__rid_x=0da077dd62c7161e: dummy_return_one(x)
[11:47:31.999] [INFO] [run] subject=19, session=1, speed=9, trial=6, x__rid_x=e153ce41703a63a9: dummy_return_one(x)
[11:47:32.006] [INFO] [run] subject=19, session=1, speed=9, trial=7, x__rid_x=740d6f2a246d4005: dummy_return_one(x)
[11:47:32.006] [INFO] [run] subject=19, session=2, speed=1, trial=1, x__rid_x=470d5e972924d88a: dummy_return_one(x)
[11:47:32.007] [INFO] [run] subject=19, session=2, speed=1, trial=2, x__rid_x=8a57837878138ef3: dummy_return_one(x)
[11:47:32.014] [INFO] [run] subject=19, session=2, speed=1, trial=3, x__rid_x=3d4d5582ce38b8e0: dummy_return_one(x)
[11:47:32.014] [INFO] [run] subject=19, session=2, speed=1, trial=4, x__rid_x=5568c3df3d1949f8: dummy_return_one(x)
[11:47:32.015] [INFO] [run] subject=19, session=2, speed=1, trial=5, x__rid_x=465c8aa2a70968d5: dummy_return_one(x)
[11:47:32.021] [INFO] [run] subject=19, session=2, speed=1, trial=6, x__rid_x=35715b94fac3608c: dummy_return_one(x)
[11:47:32.022] [INFO] [run] subject=19, session=2, speed=1, trial=7, x__rid_x=0656bf29a4a52831: dummy_return_one(x)
[11:47:32.023] [INFO] [run] subject=19, session=2, speed=10, trial=1, x__rid_x=1d244f06f952f193: dummy_return_one(x)
[11:47:32.029] [INFO] [run] subject=19, session=2, speed=10, trial=2, x__rid_x=d6d15eb13e4eef64: dummy_return_one(x)
[11:47:32.030] [INFO] [run] subject=19, session=2, speed=10, trial=3, x__rid_x=8250f64b20a33421: dummy_return_one(x)
[11:47:32.031] [INFO] [run] subject=19, session=2, speed=10, trial=4, x__rid_x=52720f207e1f1909: dummy_return_one(x)
[11:47:32.037] [INFO] [run] subject=19, session=2, speed=10, trial=5, x__rid_x=d4e4efedc990fc44: dummy_return_one(x)
[11:47:32.038] [INFO] [run] subject=19, session=2, speed=10, trial=6, x__rid_x=d20f50f6b5ced117: dummy_return_one(x)
[11:47:32.039] [INFO] [run] subject=19, session=2, speed=10, trial=7, x__rid_x=03dbea500ea7c61d: dummy_return_one(x)
[11:47:32.045] [INFO] [run] subject=19, session=2, speed=2, trial=1, x__rid_x=7cea180c11eeb3fe: dummy_return_one(x)
[11:47:32.046] [INFO] [run] subject=19, session=2, speed=2, trial=2, x__rid_x=5b6a874d9f1581ed: dummy_return_one(x)
[11:47:32.047] [INFO] [run] subject=19, session=2, speed=2, trial=3, x__rid_x=5b2f00fd66457e5e: dummy_return_one(x)
[11:47:32.053] [INFO] [run] subject=19, session=2, speed=2, trial=4, x__rid_x=e06e30af43abbbae: dummy_return_one(x)
[11:47:32.053] [INFO] [run] subject=19, session=2, speed=2, trial=5, x__rid_x=13a5c36d819238c8: dummy_return_one(x)
[11:47:32.054] [INFO] [run] subject=19, session=2, speed=2, trial=6, x__rid_x=d53a8bb1be95fbcd: dummy_return_one(x)
[11:47:32.061] [INFO] [run] subject=19, session=2, speed=2, trial=7, x__rid_x=b48942b2a87f40ba: dummy_return_one(x)
[11:47:32.062] [INFO] [run] subject=19, session=2, speed=3, trial=1, x__rid_x=ff33e0b5479b8017: dummy_return_one(x)
[11:47:32.068] [INFO] [run] subject=19, session=2, speed=3, trial=2, x__rid_x=4c29eb480751b4a9: dummy_return_one(x)
[11:47:32.069] [INFO] [run] subject=19, session=2, speed=3, trial=3, x__rid_x=9bc574bc08219e88: dummy_return_one(x)
[11:47:32.070] [INFO] [run] subject=19, session=2, speed=3, trial=4, x__rid_x=6640fe59f8ea2940: dummy_return_one(x)
[11:47:32.076] [INFO] [run] subject=19, session=2, speed=3, trial=5, x__rid_x=ec6d7d7eeb3d62ed: dummy_return_one(x)
[11:47:32.077] [INFO] [run] subject=19, session=2, speed=3, trial=6, x__rid_x=97090b6204b0fd9e: dummy_return_one(x)
[11:47:32.084] [INFO] [run] subject=19, session=2, speed=3, trial=7, x__rid_x=bac7f60d23941d3a: dummy_return_one(x)
[11:47:32.085] [INFO] [run] subject=19, session=2, speed=4, trial=1, x__rid_x=2609998647473387: dummy_return_one(x)
[11:47:32.086] [INFO] [run] subject=19, session=2, speed=4, trial=2, x__rid_x=f6fdbf857d3cdc45: dummy_return_one(x)
[11:47:32.092] [INFO] [run] subject=19, session=2, speed=4, trial=3, x__rid_x=43584f9d2da7466a: dummy_return_one(x)
[11:47:32.093] [INFO] [run] subject=19, session=2, speed=4, trial=4, x__rid_x=906e8748930dd82a: dummy_return_one(x)
[11:47:32.100] [INFO] [run] subject=19, session=2, speed=4, trial=5, x__rid_x=6feedabd1fb84bfc: dummy_return_one(x)
[11:47:32.100] [INFO] [run] subject=19, session=2, speed=4, trial=6, x__rid_x=ed85c5068dee4171: dummy_return_one(x)
[11:47:32.101] [INFO] [run] subject=19, session=2, speed=4, trial=7, x__rid_x=330db06839bae54c: dummy_return_one(x)
[11:47:32.107] [INFO] [run] subject=19, session=2, speed=5, trial=1, x__rid_x=48f5ee19a498ec7f: dummy_return_one(x)
[11:47:32.109] [INFO] [run] subject=19, session=2, speed=5, trial=2, x__rid_x=7dc2dd54525daa92: dummy_return_one(x)
[11:47:32.115] [INFO] [run] subject=19, session=2, speed=5, trial=3, x__rid_x=904cd81ba4cd235f: dummy_return_one(x)
[11:47:32.116] [INFO] [run] subject=19, session=2, speed=5, trial=4, x__rid_x=b2afe3299d88139a: dummy_return_one(x)
[11:47:32.117] [INFO] [run] subject=19, session=2, speed=5, trial=5, x__rid_x=2df32354ba4e127c: dummy_return_one(x)
[11:47:32.123] [INFO] [run] subject=19, session=2, speed=5, trial=6, x__rid_x=35c983553b662e90: dummy_return_one(x)
[11:47:32.124] [INFO] [run] subject=19, session=2, speed=5, trial=7, x__rid_x=1addac30b2389008: dummy_return_one(x)
[11:47:32.125] [INFO] [run] subject=19, session=2, speed=6, trial=1, x__rid_x=a7c4acb3f8581357: dummy_return_one(x)
[11:47:32.131] [INFO] [run] subject=19, session=2, speed=6, trial=2, x__rid_x=aef87d5adc275271: dummy_return_one(x)
[11:47:32.132] [INFO] [run] subject=19, session=2, speed=6, trial=3, x__rid_x=5fe802c5b19c5b28: dummy_return_one(x)
[11:47:32.133] [INFO] [run] subject=19, session=2, speed=6, trial=4, x__rid_x=01a323ffef0169fa: dummy_return_one(x)
[11:47:32.139] [INFO] [run] subject=19, session=2, speed=6, trial=5, x__rid_x=8269613b799f6d42: dummy_return_one(x)
[11:47:32.140] [INFO] [run] subject=19, session=2, speed=6, trial=6, x__rid_x=5a2718d06c53e854: dummy_return_one(x)
[11:47:32.141] [INFO] [run] subject=19, session=2, speed=6, trial=7, x__rid_x=4b144ab2b802dbb4: dummy_return_one(x)
[11:47:32.147] [INFO] [run] subject=19, session=2, speed=7, trial=1, x__rid_x=f110f61d7c66a005: dummy_return_one(x)
[11:47:32.155] [INFO] [run] subject=19, session=2, speed=7, trial=2, x__rid_x=560103927489bca0: dummy_return_one(x)
[11:47:32.156] [INFO] [run] subject=19, session=2, speed=7, trial=3, x__rid_x=9400d05a19103182: dummy_return_one(x)
[11:47:32.163] [INFO] [run] subject=19, session=2, speed=7, trial=4, x__rid_x=43076b00a2aff4d4: dummy_return_one(x)
[11:47:32.163] [INFO] [run] subject=19, session=2, speed=7, trial=5, x__rid_x=6de3c437fd4eb914: dummy_return_one(x)
[11:47:32.164] [INFO] [run] subject=19, session=2, speed=7, trial=6, x__rid_x=a1f9d100495e5961: dummy_return_one(x)
[11:47:32.170] [INFO] [run] subject=19, session=2, speed=7, trial=7, x__rid_x=e0340261d5aaaadd: dummy_return_one(x)
[11:47:32.171] [INFO] [run] subject=19, session=2, speed=8, trial=1, x__rid_x=3249802363a255d4: dummy_return_one(x)
[11:47:32.172] [INFO] [run] subject=19, session=2, speed=8, trial=2, x__rid_x=61f9525fa41a1094: dummy_return_one(x)
[11:47:32.178] [INFO] [run] subject=19, session=2, speed=8, trial=3, x__rid_x=b6818c3c0ea20907: dummy_return_one(x)
[11:47:32.180] [INFO] [run] subject=19, session=2, speed=8, trial=4, x__rid_x=bd214b7a15b2a01a: dummy_return_one(x)
[11:47:32.180] [INFO] [run] subject=19, session=2, speed=8, trial=5, x__rid_x=0a2a609aa5d3edae: dummy_return_one(x)
[11:47:32.187] [INFO] [run] subject=19, session=2, speed=8, trial=6, x__rid_x=a126734585c3c6af: dummy_return_one(x)
[11:47:32.188] [INFO] [run] subject=19, session=2, speed=8, trial=7, x__rid_x=b63dd67c743e3240: dummy_return_one(x)
[11:47:32.188] [INFO] [run] subject=19, session=2, speed=9, trial=1, x__rid_x=28fbd5bcd3abf184: dummy_return_one(x)
[11:47:32.195] [INFO] [run] subject=19, session=2, speed=9, trial=2, x__rid_x=0d98f20e2c6a2651: dummy_return_one(x)
[11:47:32.196] [INFO] [run] subject=19, session=2, speed=9, trial=3, x__rid_x=78bb66dd3437266e: dummy_return_one(x)
[11:47:32.203] [INFO] [run] subject=19, session=2, speed=9, trial=4, x__rid_x=dba6a9696142d1b6: dummy_return_one(x)
[11:47:32.204] [INFO] [run] subject=19, session=2, speed=9, trial=5, x__rid_x=2aaff79943143f0d: dummy_return_one(x)
[11:47:32.211] [INFO] [run] subject=19, session=2, speed=9, trial=6, x__rid_x=8ecf4af46bdec910: dummy_return_one(x)
[11:47:32.212] [INFO] [run] subject=19, session=2, speed=9, trial=7, x__rid_x=705098f727ed9382: dummy_return_one(x)
[11:47:32.218] [INFO] [run] subject=19, session=3, speed=1, trial=1, x__rid_x=55224abf224d9952: dummy_return_one(x)
[11:47:32.219] [INFO] [run] subject=19, session=3, speed=1, trial=2, x__rid_x=1e9e91725c8ed615: dummy_return_one(x)
[11:47:32.220] [INFO] [run] subject=19, session=3, speed=1, trial=3, x__rid_x=ca3b389f925b4c71: dummy_return_one(x)
[11:47:32.227] [INFO] [run] subject=19, session=3, speed=1, trial=4, x__rid_x=ae175d7ed1d4c019: dummy_return_one(x)
[11:47:32.228] [INFO] [run] subject=19, session=3, speed=1, trial=5, x__rid_x=d088e61f635b0bea: dummy_return_one(x)
[11:47:32.234] [INFO] [run] subject=19, session=3, speed=1, trial=6, x__rid_x=ad5d16237251dfbe: dummy_return_one(x)
[11:47:32.235] [INFO] [run] subject=19, session=3, speed=1, trial=7, x__rid_x=2bd5cbbfc2307246: dummy_return_one(x)
[11:47:32.236] [INFO] [run] subject=19, session=3, speed=10, trial=1, x__rid_x=91943ce201730d6e: dummy_return_one(x)
[11:47:32.242] [INFO] [run] subject=19, session=3, speed=10, trial=2, x__rid_x=ad468ec7d22ab7e3: dummy_return_one(x)
[11:47:32.244] [INFO] [run] subject=19, session=3, speed=10, trial=3, x__rid_x=a652e7a0abdd032d: dummy_return_one(x)
[11:47:32.250] [INFO] [run] subject=19, session=3, speed=10, trial=4, x__rid_x=374eef181615b290: dummy_return_one(x)
[11:47:32.251] [INFO] [run] subject=19, session=3, speed=10, trial=5, x__rid_x=3616c44c74a2d06d: dummy_return_one(x)
[11:47:32.252] [INFO] [run] subject=19, session=3, speed=10, trial=6, x__rid_x=e27543883b43297f: dummy_return_one(x)
[11:47:32.258] [INFO] [run] subject=19, session=3, speed=10, trial=7, x__rid_x=8db1a50f12a7e161: dummy_return_one(x)
[11:47:32.259] [INFO] [run] subject=19, session=3, speed=2, trial=1, x__rid_x=907c530fe7d73360: dummy_return_one(x)
[11:47:32.266] [INFO] [run] subject=19, session=3, speed=2, trial=2, x__rid_x=3e38ba83e32d9cc5: dummy_return_one(x)
[11:47:32.267] [INFO] [run] subject=19, session=3, speed=2, trial=3, x__rid_x=21159b8a57f35061: dummy_return_one(x)
[11:47:32.268] [INFO] [run] subject=19, session=3, speed=2, trial=4, x__rid_x=9cb4c035912fe58c: dummy_return_one(x)
[11:47:32.274] [INFO] [run] subject=19, session=3, speed=2, trial=5, x__rid_x=1fb564209a4884c8: dummy_return_one(x)
[11:47:32.275] [INFO] [run] subject=19, session=3, speed=2, trial=6, x__rid_x=9f76be449bbbe000: dummy_return_one(x)
[11:47:32.276] [INFO] [run] subject=19, session=3, speed=2, trial=7, x__rid_x=a16e1246c238af28: dummy_return_one(x)
[11:47:32.282] [INFO] [run] subject=19, session=3, speed=3, trial=1, x__rid_x=697e134621c739a7: dummy_return_one(x)
[11:47:32.283] [INFO] [run] subject=19, session=3, speed=3, trial=2, x__rid_x=99c7417d80f27f94: dummy_return_one(x)
[11:47:32.283] [INFO] [run] subject=19, session=3, speed=3, trial=3, x__rid_x=880d0f050ca68235: dummy_return_one(x)
[11:47:32.290] [INFO] [run] subject=19, session=3, speed=3, trial=4, x__rid_x=447466d58227fc83: dummy_return_one(x)
[11:47:32.291] [INFO] [run] subject=19, session=3, speed=3, trial=5, x__rid_x=2f97e74aab13e760: dummy_return_one(x)
[11:47:32.298] [INFO] [run] subject=19, session=3, speed=3, trial=6, x__rid_x=a80918cf1f7b1a55: dummy_return_one(x)
[11:47:32.299] [INFO] [run] subject=19, session=3, speed=3, trial=7, x__rid_x=2a3624612274c160: dummy_return_one(x)
[11:47:32.299] [INFO] [run] subject=19, session=3, speed=4, trial=1, x__rid_x=e79c8b9ae5e30b3e: dummy_return_one(x)
[11:47:32.306] [INFO] [run] subject=19, session=3, speed=4, trial=2, x__rid_x=797d20abdc08aff9: dummy_return_one(x)
[11:47:32.307] [INFO] [run] subject=19, session=3, speed=4, trial=3, x__rid_x=ffa9000cb5fbb72b: dummy_return_one(x)
[11:47:32.308] [INFO] [run] subject=19, session=3, speed=4, trial=4, x__rid_x=d478b88e17a90784: dummy_return_one(x)
[11:47:32.314] [INFO] [run] subject=19, session=3, speed=4, trial=5, x__rid_x=061b064338d8eca4: dummy_return_one(x)
[11:47:32.314] [INFO] [run] subject=19, session=3, speed=4, trial=6, x__rid_x=97a48d18ad899ae9: dummy_return_one(x)
[11:47:32.315] [INFO] [run] subject=19, session=3, speed=4, trial=7, x__rid_x=655c7fd7c2455796: dummy_return_one(x)
[11:47:32.322] [INFO] [run] subject=19, session=3, speed=5, trial=1, x__rid_x=8bbf6fb105eb80f2: dummy_return_one(x)
[11:47:32.322] [INFO] [run] subject=19, session=3, speed=5, trial=2, x__rid_x=8d55c0c88dcdafb5: dummy_return_one(x)
[11:47:32.323] [INFO] [run] subject=19, session=3, speed=5, trial=3, x__rid_x=10637fead7fec561: dummy_return_one(x)
[11:47:32.330] [INFO] [run] subject=19, session=3, speed=5, trial=4, x__rid_x=a149e8f31fd06f3e: dummy_return_one(x)
[11:47:32.330] [INFO] [run] subject=19, session=3, speed=5, trial=5, x__rid_x=1ad261f3c571f11f: dummy_return_one(x)
[11:47:32.331] [INFO] [run] subject=19, session=3, speed=5, trial=6, x__rid_x=2e93e2eca727dbc1: dummy_return_one(x)
[11:47:32.337] [INFO] [run] subject=19, session=3, speed=5, trial=7, x__rid_x=f9316cf6fb7ca5a2: dummy_return_one(x)
[11:47:32.338] [INFO] [run] subject=19, session=3, speed=6, trial=1, x__rid_x=ce7d2f53bf5b0bfb: dummy_return_one(x)
[11:47:32.339] [INFO] [run] subject=19, session=3, speed=6, trial=2, x__rid_x=456b02fec7762c04: dummy_return_one(x)
[11:47:32.346] [INFO] [run] subject=19, session=3, speed=6, trial=3, x__rid_x=90a4c90ace47b9b8: dummy_return_one(x)
[11:47:32.347] [INFO] [run] subject=19, session=3, speed=6, trial=4, x__rid_x=5372a2a251c96468: dummy_return_one(x)
[11:47:32.354] [INFO] [run] subject=19, session=3, speed=6, trial=5, x__rid_x=dedbe41f65d05c3f: dummy_return_one(x)
[11:47:32.354] [INFO] [run] subject=19, session=3, speed=6, trial=6, x__rid_x=71d776907f3637fc: dummy_return_one(x)
[11:47:32.355] [INFO] [run] subject=19, session=3, speed=6, trial=7, x__rid_x=00a5a62b9fd216d1: dummy_return_one(x)
[11:47:32.362] [INFO] [run] subject=19, session=3, speed=7, trial=1, x__rid_x=6d14b90e2964bd39: dummy_return_one(x)
[11:47:32.363] [INFO] [run] subject=19, session=3, speed=7, trial=2, x__rid_x=1a94b0c06f729781: dummy_return_one(x)
[11:47:32.370] [INFO] [run] subject=19, session=3, speed=7, trial=3, x__rid_x=6ddd1f7a93d7c3d7: dummy_return_one(x)
[11:47:32.371] [INFO] [run] subject=19, session=3, speed=7, trial=4, x__rid_x=fd78dec7f7b26e6a: dummy_return_one(x)
[11:47:32.371] [INFO] [run] subject=19, session=3, speed=7, trial=5, x__rid_x=d58e35806e91954f: dummy_return_one(x)
[11:47:32.378] [INFO] [run] subject=19, session=3, speed=7, trial=6, x__rid_x=34ac4c244759b925: dummy_return_one(x)
[11:47:32.379] [INFO] [run] subject=19, session=3, speed=7, trial=7, x__rid_x=f850fed61fbf9d62: dummy_return_one(x)
[11:47:32.386] [INFO] [run] subject=19, session=3, speed=8, trial=1, x__rid_x=21861b6a35b0beb5: dummy_return_one(x)
[11:47:32.386] [INFO] [run] subject=19, session=3, speed=8, trial=2, x__rid_x=04ed3d7a9ee81a86: dummy_return_one(x)
[11:47:32.387] [INFO] [run] subject=19, session=3, speed=8, trial=3, x__rid_x=d3d6539a8fde1c9a: dummy_return_one(x)
[11:47:32.394] [INFO] [run] subject=19, session=3, speed=8, trial=4, x__rid_x=e686d02ea6c6c5a8: dummy_return_one(x)
[11:47:32.395] [INFO] [run] subject=19, session=3, speed=8, trial=5, x__rid_x=90c34142cfbb0fcc: dummy_return_one(x)
[11:47:32.402] [INFO] [run] subject=19, session=3, speed=8, trial=6, x__rid_x=9ad17ce2d8a89e14: dummy_return_one(x)
[11:47:32.402] [INFO] [run] subject=19, session=3, speed=8, trial=7, x__rid_x=9eb5403bfb4bc2ba: dummy_return_one(x)
[11:47:32.403] [INFO] [run] subject=19, session=3, speed=9, trial=1, x__rid_x=1c8b9876eb0b8141: dummy_return_one(x)
[11:47:32.410] [INFO] [run] subject=19, session=3, speed=9, trial=2, x__rid_x=ac042f9a173ccd48: dummy_return_one(x)
[11:47:32.411] [INFO] [run] subject=19, session=3, speed=9, trial=3, x__rid_x=63010a1f6c7b201b: dummy_return_one(x)
[11:47:32.418] [INFO] [run] subject=19, session=3, speed=9, trial=4, x__rid_x=52d9fabf92c4d5f5: dummy_return_one(x)
[11:47:32.419] [INFO] [run] subject=19, session=3, speed=9, trial=5, x__rid_x=85d1b458b7abc9ff: dummy_return_one(x)
[11:47:32.419] [INFO] [run] subject=19, session=3, speed=9, trial=6, x__rid_x=845fa1fc83821cc2: dummy_return_one(x)
[11:47:32.426] [INFO] [run] subject=19, session=3, speed=9, trial=7, x__rid_x=a811753f1432e0a6: dummy_return_one(x)
[11:47:32.427] [INFO] [run] subject=19, session=4, speed=1, trial=1, x__rid_x=f243cf619f2ff462: dummy_return_one(x)
[11:47:32.434] [INFO] [run] subject=19, session=4, speed=1, trial=2, x__rid_x=38b629a0997f0a34: dummy_return_one(x)
[11:47:32.435] [INFO] [run] subject=19, session=4, speed=1, trial=3, x__rid_x=7e112bff8cad0cf2: dummy_return_one(x)
[11:47:32.442] [INFO] [run] subject=19, session=4, speed=1, trial=4, x__rid_x=30b60ee5389beae9: dummy_return_one(x)
[11:47:32.443] [INFO] [run] subject=19, session=4, speed=1, trial=5, x__rid_x=a75d23f4f4c54606: dummy_return_one(x)
[11:47:32.450] [INFO] [run] subject=19, session=4, speed=1, trial=6, x__rid_x=7c703e2ccf9eb3da: dummy_return_one(x)
[11:47:32.451] [INFO] [run] subject=19, session=4, speed=1, trial=7, x__rid_x=0affa7840c62c67a: dummy_return_one(x)
[11:47:32.452] [INFO] [run] subject=19, session=4, speed=10, trial=1, x__rid_x=06d8fcf42ce1db35: dummy_return_one(x)
[11:47:32.458] [INFO] [run] subject=19, session=4, speed=10, trial=2, x__rid_x=2a2a9eee8b2298a6: dummy_return_one(x)
[11:47:32.459] [INFO] [run] subject=19, session=4, speed=10, trial=3, x__rid_x=db71fa5a474dfcbe: dummy_return_one(x)
[11:47:32.466] [INFO] [run] subject=19, session=4, speed=10, trial=4, x__rid_x=ae61c36d829febfb: dummy_return_one(x)
[11:47:32.467] [INFO] [run] subject=19, session=4, speed=10, trial=5, x__rid_x=e3bbc0df8d7430c2: dummy_return_one(x)
[11:47:32.467] [INFO] [run] subject=19, session=4, speed=10, trial=6, x__rid_x=0b163e6974d65cd3: dummy_return_one(x)
[11:47:32.474] [INFO] [run] subject=19, session=4, speed=10, trial=7, x__rid_x=370dec0a74b19daa: dummy_return_one(x)
[11:47:32.475] [INFO] [run] subject=19, session=4, speed=2, trial=1, x__rid_x=f3027c2f08fbfa15: dummy_return_one(x)
[11:47:32.482] [INFO] [run] subject=19, session=4, speed=2, trial=2, x__rid_x=c0882acd236889e2: dummy_return_one(x)
[11:47:32.483] [INFO] [run] subject=19, session=4, speed=2, trial=3, x__rid_x=ed00afcc4cc54a42: dummy_return_one(x)
[11:47:32.484] [INFO] [run] subject=19, session=4, speed=2, trial=4, x__rid_x=94069b5bbd708180: dummy_return_one(x)
[11:47:32.490] [INFO] [run] subject=19, session=4, speed=2, trial=5, x__rid_x=397be692e4b7af7a: dummy_return_one(x)
[11:47:32.491] [INFO] [run] subject=19, session=4, speed=2, trial=6, x__rid_x=05404499107f6c55: dummy_return_one(x)
[11:47:32.498] [INFO] [run] subject=19, session=4, speed=2, trial=7, x__rid_x=c4513b0f4512ab39: dummy_return_one(x)
[11:47:32.499] [INFO] [run] subject=19, session=4, speed=3, trial=1, x__rid_x=16b5746635a5c036: dummy_return_one(x)
[11:47:32.500] [INFO] [run] subject=19, session=4, speed=3, trial=2, x__rid_x=a4b254a80a221727: dummy_return_one(x)
[11:47:32.506] [INFO] [run] subject=19, session=4, speed=3, trial=3, x__rid_x=055cd8d51c18ad77: dummy_return_one(x)
[11:47:32.507] [INFO] [run] subject=19, session=4, speed=3, trial=4, x__rid_x=80824d4b866d40a9: dummy_return_one(x)
[11:47:32.514] [INFO] [run] subject=19, session=4, speed=3, trial=5, x__rid_x=b48a203684464e44: dummy_return_one(x)
[11:47:32.515] [INFO] [run] subject=19, session=4, speed=3, trial=6, x__rid_x=7cef420471a0ee15: dummy_return_one(x)
[11:47:32.515] [INFO] [run] subject=19, session=4, speed=3, trial=7, x__rid_x=bfcf6a206c1cd01b: dummy_return_one(x)
[11:47:32.522] [INFO] [run] subject=19, session=4, speed=4, trial=1, x__rid_x=d68666b3f0810c29: dummy_return_one(x)
[11:47:32.523] [INFO] [run] subject=19, session=4, speed=4, trial=2, x__rid_x=930b650d47ab49db: dummy_return_one(x)
[11:47:32.523] [INFO] [run] subject=19, session=4, speed=4, trial=3, x__rid_x=5a120549d463785b: dummy_return_one(x)
[11:47:32.530] [INFO] [run] subject=19, session=4, speed=4, trial=4, x__rid_x=81eb41fa297bc559: dummy_return_one(x)
[11:47:32.531] [INFO] [run] subject=19, session=4, speed=4, trial=5, x__rid_x=e2d7ec9a77c2b9d4: dummy_return_one(x)
[11:47:32.532] [INFO] [run] subject=19, session=4, speed=4, trial=6, x__rid_x=049706e0d78481d0: dummy_return_one(x)
[11:47:32.538] [INFO] [run] subject=19, session=4, speed=4, trial=7, x__rid_x=907d82881409b04d: dummy_return_one(x)
[11:47:32.539] [INFO] [run] subject=19, session=4, speed=5, trial=1, x__rid_x=cfc0faeebbf95e1e: dummy_return_one(x)
[11:47:32.539] [INFO] [run] subject=19, session=4, speed=5, trial=2, x__rid_x=479b9fe372dbf4c2: dummy_return_one(x)
[11:47:32.546] [INFO] [run] subject=19, session=4, speed=5, trial=3, x__rid_x=388503e74b883e3a: dummy_return_one(x)
[11:47:32.547] [INFO] [run] subject=19, session=4, speed=5, trial=4, x__rid_x=97767a71ca3d24bc: dummy_return_one(x)
[11:47:32.548] [INFO] [run] subject=19, session=4, speed=5, trial=5, x__rid_x=8517b9c5bcc309c3: dummy_return_one(x)
[11:47:32.554] [INFO] [run] subject=19, session=4, speed=5, trial=6, x__rid_x=0b39fab92e515b87: dummy_return_one(x)
[11:47:32.555] [INFO] [run] subject=19, session=4, speed=5, trial=7, x__rid_x=8261fcb968bf8dbf: dummy_return_one(x)
[11:47:32.555] [INFO] [run] subject=19, session=4, speed=6, trial=1, x__rid_x=e138eba82894c1e4: dummy_return_one(x)
[11:47:32.562] [INFO] [run] subject=19, session=4, speed=6, trial=2, x__rid_x=567fc58fc0f76c7f: dummy_return_one(x)
[11:47:32.563] [INFO] [run] subject=19, session=4, speed=6, trial=3, x__rid_x=6c8b51bbe05df003: dummy_return_one(x)
[11:47:32.570] [INFO] [run] subject=19, session=4, speed=6, trial=4, x__rid_x=f653a5e59336da8e: dummy_return_one(x)
[11:47:32.571] [INFO] [run] subject=19, session=4, speed=6, trial=5, x__rid_x=f2c168ad7ffd15b6: dummy_return_one(x)
[11:47:32.572] [INFO] [run] subject=19, session=4, speed=6, trial=6, x__rid_x=7e4b9f02f834eb21: dummy_return_one(x)
[11:47:32.578] [INFO] [run] subject=19, session=4, speed=6, trial=7, x__rid_x=e83d89ffdf3dc1f8: dummy_return_one(x)
[11:47:32.579] [INFO] [run] subject=19, session=4, speed=7, trial=1, x__rid_x=fec86ad77150b24d: dummy_return_one(x)
[11:47:32.580] [INFO] [run] subject=19, session=4, speed=7, trial=2, x__rid_x=b4bd3f3a8f0deb2f: dummy_return_one(x)
[11:47:32.586] [INFO] [run] subject=19, session=4, speed=7, trial=3, x__rid_x=5f0c3c0e02a23872: dummy_return_one(x)
[11:47:32.587] [INFO] [run] subject=19, session=4, speed=7, trial=4, x__rid_x=1c70027687ee6ef0: dummy_return_one(x)
[11:47:32.587] [INFO] [run] subject=19, session=4, speed=7, trial=5, x__rid_x=a5bdf75ad8d561a5: dummy_return_one(x)
[11:47:32.594] [INFO] [run] subject=19, session=4, speed=7, trial=6, x__rid_x=5722b3c42f3a8c3e: dummy_return_one(x)
[11:47:32.596] [INFO] [run] subject=19, session=4, speed=7, trial=7, x__rid_x=8e600adbe36bc982: dummy_return_one(x)
[11:47:32.602] [INFO] [run] subject=19, session=4, speed=8, trial=1, x__rid_x=03829c5c92e6f63f: dummy_return_one(x)
[11:47:32.603] [INFO] [run] subject=19, session=4, speed=8, trial=2, x__rid_x=9a64c8d2fe428cd5: dummy_return_one(x)
[11:47:32.604] [INFO] [run] subject=19, session=4, speed=8, trial=3, x__rid_x=7fa61d8a66dd64b4: dummy_return_one(x)
[11:47:32.610] [INFO] [run] subject=19, session=4, speed=8, trial=4, x__rid_x=5f0545748898adca: dummy_return_one(x)
[11:47:32.612] [INFO] [run] subject=19, session=4, speed=8, trial=5, x__rid_x=79089347f92d9a06: dummy_return_one(x)
[11:47:32.619] [INFO] [run] subject=19, session=4, speed=8, trial=6, x__rid_x=72284d011a17d450: dummy_return_one(x)
[11:47:32.622] [INFO] [run] subject=19, session=4, speed=8, trial=7, x__rid_x=6cfeae95cf1491f8: dummy_return_one(x)
[11:47:32.633] [INFO] [run] subject=19, session=4, speed=9, trial=1, x__rid_x=6aa8910bbbe37519: dummy_return_one(x)
[11:47:32.634] [INFO] [run] subject=19, session=4, speed=9, trial=2, x__rid_x=e880765961a1c532: dummy_return_one(x)
[11:47:32.641] [INFO] [run] subject=19, session=4, speed=9, trial=3, x__rid_x=41ca98559ce57bdb: dummy_return_one(x)
[11:47:32.643] [INFO] [run] subject=19, session=4, speed=9, trial=4, x__rid_x=83381612f61b1a4b: dummy_return_one(x)
[11:47:32.650] [INFO] [run] subject=19, session=4, speed=9, trial=5, x__rid_x=4cc6b62e91c1af13: dummy_return_one(x)
[11:47:32.651] [INFO] [run] subject=19, session=4, speed=9, trial=6, x__rid_x=bde882a672a547b4: dummy_return_one(x)
[11:47:32.661] [INFO] [run] subject=19, session=4, speed=9, trial=7, x__rid_x=0ee2201899f0d347: dummy_return_one(x)
[11:47:32.667] [INFO] [run] subject=19, session=5, speed=1, trial=1, x__rid_x=29e5b604b1ba17f3: dummy_return_one(x)
[11:47:32.669] [INFO] [run] subject=19, session=5, speed=1, trial=2, x__rid_x=76b4aea6fdc03cec: dummy_return_one(x)
[11:47:32.676] [INFO] [run] subject=19, session=5, speed=1, trial=3, x__rid_x=9de9438fabe2996a: dummy_return_one(x)
[11:47:32.677] [INFO] [run] subject=19, session=5, speed=1, trial=4, x__rid_x=c348cca6cb3701b6: dummy_return_one(x)
[11:47:32.684] [INFO] [run] subject=19, session=5, speed=1, trial=5, x__rid_x=a10e1373d2468b8e: dummy_return_one(x)
[11:47:32.684] [INFO] [run] subject=19, session=5, speed=1, trial=6, x__rid_x=a0409b500e5630d5: dummy_return_one(x)
[11:47:32.685] [INFO] [run] subject=19, session=5, speed=1, trial=7, x__rid_x=f12c456ea362efc0: dummy_return_one(x)
[11:47:32.692] [INFO] [run] subject=19, session=5, speed=10, trial=1, x__rid_x=1e79585fb4f024e4: dummy_return_one(x)
[11:47:32.693] [INFO] [run] subject=19, session=5, speed=10, trial=2, x__rid_x=c56f4a9fc2e221eb: dummy_return_one(x)
[11:47:32.700] [INFO] [run] subject=19, session=5, speed=10, trial=3, x__rid_x=439cccf9f2c73a20: dummy_return_one(x)
[11:47:32.701] [INFO] [run] subject=19, session=5, speed=10, trial=4, x__rid_x=69b396e54f70e59b: dummy_return_one(x)
[11:47:32.701] [INFO] [run] subject=19, session=5, speed=10, trial=5, x__rid_x=469a7506d5667695: dummy_return_one(x)
[11:47:32.708] [INFO] [run] subject=19, session=5, speed=10, trial=6, x__rid_x=9f199882d20c4bf3: dummy_return_one(x)
[11:47:32.710] [INFO] [run] subject=19, session=5, speed=10, trial=7, x__rid_x=5255543babf1439a: dummy_return_one(x)
[11:47:32.716] [INFO] [run] subject=19, session=5, speed=2, trial=1, x__rid_x=0b70a37648e63b8b: dummy_return_one(x)
[11:47:32.717] [INFO] [run] subject=19, session=5, speed=2, trial=2, x__rid_x=d0bb3dfe7b899b0c: dummy_return_one(x)
[11:47:32.718] [INFO] [run] subject=19, session=5, speed=2, trial=3, x__rid_x=9bfc6fba047ffe1e: dummy_return_one(x)
[11:47:32.724] [INFO] [run] subject=19, session=5, speed=2, trial=4, x__rid_x=523c32ee646175e2: dummy_return_one(x)
[11:47:32.726] [INFO] [run] subject=19, session=5, speed=2, trial=5, x__rid_x=c569fcd0ed7d8c8f: dummy_return_one(x)
[11:47:32.733] [INFO] [run] subject=19, session=5, speed=2, trial=6, x__rid_x=39aa4ad071dd78d0: dummy_return_one(x)
[11:47:32.734] [INFO] [run] subject=19, session=5, speed=2, trial=7, x__rid_x=ae59bbff5fbaadb8: dummy_return_one(x)
[11:47:32.741] [INFO] [run] subject=19, session=5, speed=3, trial=1, x__rid_x=edd199276b67a70d: dummy_return_one(x)
[11:47:32.742] [INFO] [run] subject=19, session=5, speed=3, trial=2, x__rid_x=fc5b660828fc96fd: dummy_return_one(x)
[11:47:32.749] [INFO] [run] subject=19, session=5, speed=3, trial=3, x__rid_x=3b99dbfa27160557: dummy_return_one(x)
[11:47:32.750] [INFO] [run] subject=19, session=5, speed=3, trial=4, x__rid_x=d95c99547a69cc29: dummy_return_one(x)
[11:47:32.757] [INFO] [run] subject=19, session=5, speed=3, trial=5, x__rid_x=dc9695ab7b7ca0cd: dummy_return_one(x)
[11:47:32.759] [INFO] [run] subject=19, session=5, speed=3, trial=6, x__rid_x=3f00e7fc270e2d70: dummy_return_one(x)
[11:47:32.766] [INFO] [run] subject=19, session=5, speed=3, trial=7, x__rid_x=69fc8a82bc32e5c8: dummy_return_one(x)
[11:47:32.767] [INFO] [run] subject=19, session=5, speed=4, trial=1, x__rid_x=17e6768c358c2d68: dummy_return_one(x)
[11:47:32.774] [INFO] [run] subject=19, session=5, speed=4, trial=2, x__rid_x=8e386f4172a71ec0: dummy_return_one(x)
[11:47:32.775] [INFO] [run] subject=19, session=5, speed=4, trial=3, x__rid_x=9006d8b45caff16a: dummy_return_one(x)
[11:47:32.782] [INFO] [run] subject=19, session=5, speed=4, trial=4, x__rid_x=d8f2bccb004514ce: dummy_return_one(x)
[11:47:32.783] [INFO] [run] subject=19, session=5, speed=4, trial=5, x__rid_x=74fd3a5e065a480b: dummy_return_one(x)
[11:47:32.784] [INFO] [run] subject=19, session=5, speed=4, trial=6, x__rid_x=067458ad07dc12c1: dummy_return_one(x)
[11:47:32.790] [INFO] [run] subject=19, session=5, speed=4, trial=7, x__rid_x=14f0a4d4a7c65d32: dummy_return_one(x)
[11:47:32.792] [INFO] [run] subject=19, session=5, speed=5, trial=1, x__rid_x=62a2c389016529a1: dummy_return_one(x)
[11:47:32.798] [INFO] [run] subject=19, session=5, speed=5, trial=2, x__rid_x=4cf4d14fcaf46f61: dummy_return_one(x)
[11:47:32.799] [INFO] [run] subject=19, session=5, speed=5, trial=3, x__rid_x=ac58955be3f4bcf2: dummy_return_one(x)
[11:47:32.800] [INFO] [run] subject=19, session=5, speed=5, trial=4, x__rid_x=088d32a184448a81: dummy_return_one(x)
[11:47:32.807] [INFO] [run] subject=19, session=5, speed=5, trial=5, x__rid_x=4ef49b9a8a0a0892: dummy_return_one(x)
[11:47:32.808] [INFO] [run] subject=19, session=5, speed=5, trial=6, x__rid_x=f01f8ca6aacda487: dummy_return_one(x)
[11:47:32.815] [INFO] [run] subject=19, session=5, speed=5, trial=7, x__rid_x=e9bc59272bf34aef: dummy_return_one(x)
[11:47:32.816] [INFO] [run] subject=19, session=5, speed=6, trial=1, x__rid_x=e5be2c99faf6263d: dummy_return_one(x)
[11:47:32.816] [INFO] [run] subject=19, session=5, speed=6, trial=2, x__rid_x=ba662ae3fb457465: dummy_return_one(x)
[11:47:32.823] [INFO] [run] subject=19, session=5, speed=6, trial=3, x__rid_x=61abd80a57ab9ea3: dummy_return_one(x)
[11:47:32.824] [INFO] [run] subject=19, session=5, speed=6, trial=4, x__rid_x=6698a6e35200fbe9: dummy_return_one(x)
[11:47:32.831] [INFO] [run] subject=19, session=5, speed=6, trial=5, x__rid_x=aa686bbb2cc95ba5: dummy_return_one(x)
[11:47:32.832] [INFO] [run] subject=19, session=5, speed=6, trial=6, x__rid_x=aff45c25b462459f: dummy_return_one(x)
[11:47:32.833] [INFO] [run] subject=19, session=5, speed=6, trial=7, x__rid_x=313962e138fabfac: dummy_return_one(x)
[11:47:32.839] [INFO] [run] subject=19, session=5, speed=7, trial=1, x__rid_x=c9f01a8a380090f6: dummy_return_one(x)
[11:47:32.840] [INFO] [run] subject=19, session=5, speed=7, trial=2, x__rid_x=498b55f95af52dc1: dummy_return_one(x)
[11:47:32.841] [INFO] [run] subject=19, session=5, speed=7, trial=3, x__rid_x=9720bee37c259a2b: dummy_return_one(x)
[11:47:32.848] [INFO] [run] subject=19, session=5, speed=7, trial=4, x__rid_x=83fde363db2271cb: dummy_return_one(x)
[11:47:32.848] [INFO] [run] subject=19, session=5, speed=7, trial=5, x__rid_x=53c3565f495f80c5: dummy_return_one(x)
[11:47:32.849] [INFO] [run] subject=19, session=5, speed=7, trial=6, x__rid_x=9013edd29efe64a2: dummy_return_one(x)
[11:47:32.856] [INFO] [run] subject=19, session=5, speed=7, trial=7, x__rid_x=2f69fa9227172d18: dummy_return_one(x)
[11:47:32.856] [INFO] [run] subject=19, session=5, speed=8, trial=1, x__rid_x=dc7b2a4798e9c1c2: dummy_return_one(x)
[11:47:32.857] [INFO] [run] subject=19, session=5, speed=8, trial=2, x__rid_x=962e3c4a1ff7df80: dummy_return_one(x)
[11:47:32.864] [INFO] [run] subject=19, session=5, speed=8, trial=3, x__rid_x=d6c443a33c3e8884: dummy_return_one(x)
[11:47:32.865] [INFO] [run] subject=19, session=5, speed=8, trial=4, x__rid_x=4daba48bd226cfdd: dummy_return_one(x)
[11:47:32.866] [INFO] [run] subject=19, session=5, speed=8, trial=5, x__rid_x=c052f6de889f5327: dummy_return_one(x)
[11:47:32.872] [INFO] [run] subject=19, session=5, speed=8, trial=6, x__rid_x=414257f757e6ed16: dummy_return_one(x)
[11:47:32.873] [INFO] [run] subject=19, session=5, speed=8, trial=7, x__rid_x=5156f08db7e8cf79: dummy_return_one(x)
[11:47:32.874] [INFO] [run] subject=19, session=5, speed=9, trial=1, x__rid_x=433640e3e8fbc85d: dummy_return_one(x)
[11:47:32.880] [INFO] [run] subject=19, session=5, speed=9, trial=2, x__rid_x=f613fcd68699af75: dummy_return_one(x)
[11:47:32.881] [INFO] [run] subject=19, session=5, speed=9, trial=3, x__rid_x=9c0f0ca62f6a42fe: dummy_return_one(x)
[11:47:32.882] [INFO] [run] subject=19, session=5, speed=9, trial=4, x__rid_x=782cf07ffecd9cc8: dummy_return_one(x)
[11:47:32.889] [INFO] [run] subject=19, session=5, speed=9, trial=5, x__rid_x=277cd264dbefd677: dummy_return_one(x)
[11:47:32.889] [INFO] [run] subject=19, session=5, speed=9, trial=6, x__rid_x=307cf33edf5681a5: dummy_return_one(x)
[11:47:32.890] [INFO] [run] subject=19, session=5, speed=9, trial=7, x__rid_x=007cffc077d8ecf8: dummy_return_one(x)
[11:47:32.897] [INFO] [run] subject=2, session=1, speed=1, trial=1, x__rid_x=83c18f5152555f27: dummy_return_one(x)
[11:47:32.898] [INFO] [run] subject=2, session=1, speed=1, trial=2, x__rid_x=57ad4faa86e3434c: dummy_return_one(x)
[11:47:32.899] [INFO] [run] subject=2, session=1, speed=1, trial=3, x__rid_x=e825c650aeaa4e03: dummy_return_one(x)
[11:47:32.905] [INFO] [run] subject=2, session=1, speed=1, trial=4, x__rid_x=7981cb35187522be: dummy_return_one(x)
[11:47:32.906] [INFO] [run] subject=2, session=1, speed=1, trial=5, x__rid_x=d6248b6ac309304b: dummy_return_one(x)
[11:47:32.906] [INFO] [run] subject=2, session=1, speed=1, trial=6, x__rid_x=1b65a1b0ed35e2e2: dummy_return_one(x)
[11:47:32.913] [INFO] [run] subject=2, session=1, speed=1, trial=7, x__rid_x=dfa272c11c6abbf2: dummy_return_one(x)
[11:47:32.914] [INFO] [run] subject=2, session=1, speed=10, trial=1, x__rid_x=89ae0f221f0a3c4b: dummy_return_one(x)
[11:47:32.915] [INFO] [run] subject=2, session=1, speed=10, trial=2, x__rid_x=ae6c69cd7a943da2: dummy_return_one(x)
[11:47:32.922] [INFO] [run] subject=2, session=1, speed=10, trial=3, x__rid_x=f95ff10c4493654b: dummy_return_one(x)
[11:47:32.922] [INFO] [run] subject=2, session=1, speed=10, trial=4, x__rid_x=219bd7fed661c6df: dummy_return_one(x)
[11:47:32.923] [INFO] [run] subject=2, session=1, speed=10, trial=5, x__rid_x=e87b55c243a8b6cf: dummy_return_one(x)
[11:47:32.930] [INFO] [run] subject=2, session=1, speed=10, trial=6, x__rid_x=d9bed3025f2d91ff: dummy_return_one(x)
[11:47:32.931] [INFO] [run] subject=2, session=1, speed=10, trial=7, x__rid_x=a3b83a52187affb6: dummy_return_one(x)
[11:47:32.932] [INFO] [run] subject=2, session=1, speed=2, trial=1, x__rid_x=b7f05407e0b2f37f: dummy_return_one(x)
[11:47:32.938] [INFO] [run] subject=2, session=1, speed=2, trial=2, x__rid_x=d77df5954a52d61e: dummy_return_one(x)
[11:47:32.939] [INFO] [run] subject=2, session=1, speed=2, trial=3, x__rid_x=86e7d253d6f91bf8: dummy_return_one(x)
[11:47:32.939] [INFO] [run] subject=2, session=1, speed=2, trial=4, x__rid_x=33915cbfc82c8d24: dummy_return_one(x)
[11:47:32.940] [INFO] [run] subject=2, session=1, speed=2, trial=5, x__rid_x=f1fe1cdcbd6315bb: dummy_return_one(x)
[11:47:32.946] [INFO] [run] subject=2, session=1, speed=2, trial=6, x__rid_x=b96ce9cca3e3d94c: dummy_return_one(x)
[11:47:32.947] [INFO] [run] subject=2, session=1, speed=2, trial=7, x__rid_x=fc2bc775c840db58: dummy_return_one(x)
[11:47:32.948] [INFO] [run] subject=2, session=1, speed=3, trial=1, x__rid_x=7a1d1d28c4a8e28b: dummy_return_one(x)
[11:47:32.955] [INFO] [run] subject=2, session=1, speed=3, trial=2, x__rid_x=ecebbcd954cf1582: dummy_return_one(x)
[11:47:32.956] [INFO] [run] subject=2, session=1, speed=3, trial=3, x__rid_x=9f494dc05fc29c76: dummy_return_one(x)
[11:47:32.956] [INFO] [run] subject=2, session=1, speed=3, trial=4, x__rid_x=8e9ecb6ece75794a: dummy_return_one(x)
[11:47:32.963] [INFO] [run] subject=2, session=1, speed=3, trial=5, x__rid_x=560b065f14451568: dummy_return_one(x)
[11:47:32.964] [INFO] [run] subject=2, session=1, speed=3, trial=6, x__rid_x=bc088a155a6e020d: dummy_return_one(x)
[11:47:32.971] [INFO] [run] subject=2, session=1, speed=3, trial=7, x__rid_x=1f597ea35cf2a9c5: dummy_return_one(x)
[11:47:32.972] [INFO] [run] subject=2, session=1, speed=4, trial=1, x__rid_x=1460d6d6bafd381e: dummy_return_one(x)
[11:47:32.973] [INFO] [run] subject=2, session=1, speed=4, trial=2, x__rid_x=cc81ef091f443f1e: dummy_return_one(x)
[11:47:32.979] [INFO] [run] subject=2, session=1, speed=4, trial=3, x__rid_x=4f4a4b61fe497b82: dummy_return_one(x)
[11:47:32.980] [INFO] [run] subject=2, session=1, speed=4, trial=4, x__rid_x=ccdc89d89cb0a511: dummy_return_one(x)
[11:47:32.981] [INFO] [run] subject=2, session=1, speed=4, trial=5, x__rid_x=d4f9622549ba749c: dummy_return_one(x)
[11:47:32.988] [INFO] [run] subject=2, session=1, speed=4, trial=6, x__rid_x=07613e81ee613a4e: dummy_return_one(x)
[11:47:32.988] [INFO] [run] subject=2, session=1, speed=4, trial=7, x__rid_x=5b35354ed0e00fa2: dummy_return_one(x)
[11:47:32.989] [INFO] [run] subject=2, session=1, speed=5, trial=1, x__rid_x=46593db6dd37120c: dummy_return_one(x)
[11:47:32.989] [INFO] [run] subject=2, session=1, speed=5, trial=2, x__rid_x=8542a455c9f5cdcc: dummy_return_one(x)
[11:47:32.996] [INFO] [run] subject=2, session=1, speed=5, trial=3, x__rid_x=8aff6135cbb32aad: dummy_return_one(x)
[11:47:32.997] [INFO] [run] subject=2, session=1, speed=5, trial=4, x__rid_x=f294d91bf1498d92: dummy_return_one(x)
[11:47:32.998] [INFO] [run] subject=2, session=1, speed=5, trial=5, x__rid_x=ccf5cf5816d43dbf: dummy_return_one(x)
[11:47:33.004] [INFO] [run] subject=2, session=1, speed=5, trial=6, x__rid_x=48f1823191edab5c: dummy_return_one(x)
[11:47:33.005] [INFO] [run] subject=2, session=1, speed=5, trial=7, x__rid_x=cd7a6d0638c4b6d3: dummy_return_one(x)
[11:47:33.006] [INFO] [run] subject=2, session=1, speed=6, trial=1, x__rid_x=f59ec4fbc54bd862: dummy_return_one(x)
[11:47:33.013] [INFO] [run] subject=2, session=1, speed=6, trial=2, x__rid_x=08d29581d55110d8: dummy_return_one(x)
[11:47:33.014] [INFO] [run] subject=2, session=1, speed=6, trial=3, x__rid_x=d9b2b96e6b8073f1: dummy_return_one(x)
[11:47:33.014] [INFO] [run] subject=2, session=1, speed=6, trial=4, x__rid_x=c5e852fe627292d7: dummy_return_one(x)
[11:47:33.021] [INFO] [run] subject=2, session=1, speed=6, trial=5, x__rid_x=60d39b77ecd52ffa: dummy_return_one(x)
[11:47:33.022] [INFO] [run] subject=2, session=1, speed=6, trial=6, x__rid_x=c14b8da0643b8c19: dummy_return_one(x)
[11:47:33.022] [INFO] [run] subject=2, session=1, speed=6, trial=7, x__rid_x=45ce9ee8343ce7e4: dummy_return_one(x)
[11:47:33.029] [INFO] [run] subject=2, session=1, speed=7, trial=1, x__rid_x=9a74bc99c3e35158: dummy_return_one(x)
[11:47:33.030] [INFO] [run] subject=2, session=1, speed=7, trial=2, x__rid_x=3c5e894b0e8ff8f1: dummy_return_one(x)
[11:47:33.031] [INFO] [run] subject=2, session=1, speed=7, trial=3, x__rid_x=3cefb8a522a92337: dummy_return_one(x)
[11:47:33.037] [INFO] [run] subject=2, session=1, speed=7, trial=4, x__rid_x=15530b2acf67e9ec: dummy_return_one(x)
[11:47:33.038] [INFO] [run] subject=2, session=1, speed=7, trial=5, x__rid_x=78e47a6aa9562b05: dummy_return_one(x)
[11:47:33.039] [INFO] [run] subject=2, session=1, speed=7, trial=6, x__rid_x=4a3e8e0623c3fa7a: dummy_return_one(x)
[11:47:33.046] [INFO] [run] subject=2, session=1, speed=7, trial=7, x__rid_x=25a9c2d0236929ec: dummy_return_one(x)
[11:47:33.047] [INFO] [run] subject=2, session=1, speed=8, trial=1, x__rid_x=6dea6a1b45cc7acf: dummy_return_one(x)
[11:47:33.047] [INFO] [run] subject=2, session=1, speed=8, trial=2, x__rid_x=56c1a9096e0fe822: dummy_return_one(x)
[11:47:33.054] [INFO] [run] subject=2, session=1, speed=8, trial=3, x__rid_x=d5ee53c7ef5a2e04: dummy_return_one(x)
[11:47:33.054] [INFO] [run] subject=2, session=1, speed=8, trial=4, x__rid_x=d5efe82cc8ad436c: dummy_return_one(x)
[11:47:33.055] [INFO] [run] subject=2, session=1, speed=8, trial=5, x__rid_x=99339ac84147287b: dummy_return_one(x)
[11:47:33.062] [INFO] [run] subject=2, session=1, speed=8, trial=6, x__rid_x=02c2b23a3b1fc06c: dummy_return_one(x)
[11:47:33.063] [INFO] [run] subject=2, session=1, speed=8, trial=7, x__rid_x=25d9dfbd5bb7c200: dummy_return_one(x)
[11:47:33.064] [INFO] [run] subject=2, session=1, speed=9, trial=1, x__rid_x=26331d5110591d90: dummy_return_one(x)
[11:47:33.070] [INFO] [run] subject=2, session=1, speed=9, trial=2, x__rid_x=8269dfe66575d3ff: dummy_return_one(x)
[11:47:33.071] [INFO] [run] subject=2, session=1, speed=9, trial=3, x__rid_x=5a30513d3ea14487: dummy_return_one(x)
[11:47:33.071] [INFO] [run] subject=2, session=1, speed=9, trial=4, x__rid_x=b15030e1d815a760: dummy_return_one(x)
[11:47:33.072] [INFO] [run] subject=2, session=1, speed=9, trial=5, x__rid_x=a8c854392757dfd0: dummy_return_one(x)
[11:47:33.078] [INFO] [run] subject=2, session=1, speed=9, trial=6, x__rid_x=1de23db2ae8dc8c5: dummy_return_one(x)
[11:47:33.080] [INFO] [run] subject=2, session=1, speed=9, trial=7, x__rid_x=36d14bbc2ef12aa1: dummy_return_one(x)
[11:47:33.087] [INFO] [run] subject=2, session=2, speed=1, trial=1, x__rid_x=4ec2916308e722d9: dummy_return_one(x)
[11:47:33.087] [INFO] [run] subject=2, session=2, speed=1, trial=2, x__rid_x=562bd4e457a985ea: dummy_return_one(x)
[11:47:33.088] [INFO] [run] subject=2, session=2, speed=1, trial=3, x__rid_x=8e5a18b8a501e0d2: dummy_return_one(x)
[11:47:33.088] [INFO] [run] subject=2, session=2, speed=1, trial=4, x__rid_x=05fc2fc149bae6d3: dummy_return_one(x)
[11:47:33.095] [INFO] [run] subject=2, session=2, speed=1, trial=5, x__rid_x=1078040da83bb971: dummy_return_one(x)
[11:47:33.096] [INFO] [run] subject=2, session=2, speed=1, trial=6, x__rid_x=dd14e1d8527ac6b3: dummy_return_one(x)
[11:47:33.097] [INFO] [run] subject=2, session=2, speed=1, trial=7, x__rid_x=67caac49deadc977: dummy_return_one(x)
[11:47:33.103] [INFO] [run] subject=2, session=2, speed=10, trial=1, x__rid_x=fdefa81bc1ad8ea6: dummy_return_one(x)
[11:47:33.104] [INFO] [run] subject=2, session=2, speed=10, trial=2, x__rid_x=20f30e4ebe9737b3: dummy_return_one(x)
[11:47:33.105] [INFO] [run] subject=2, session=2, speed=10, trial=3, x__rid_x=22f69e94afbad48c: dummy_return_one(x)
[11:47:33.112] [INFO] [run] subject=2, session=2, speed=10, trial=4, x__rid_x=2b3955dd3d73995f: dummy_return_one(x)
[11:47:33.113] [INFO] [run] subject=2, session=2, speed=10, trial=5, x__rid_x=cf4bd951694e0341: dummy_return_one(x)
[11:47:33.114] [INFO] [run] subject=2, session=2, speed=10, trial=6, x__rid_x=5585a37ddc70b19b: dummy_return_one(x)
[11:47:33.120] [INFO] [run] subject=2, session=2, speed=10, trial=7, x__rid_x=011ec47ceb0af769: dummy_return_one(x)
[11:47:33.121] [INFO] [run] subject=2, session=2, speed=2, trial=1, x__rid_x=9f625c9ba6f7fc2e: dummy_return_one(x)
[11:47:33.121] [INFO] [run] subject=2, session=2, speed=2, trial=2, x__rid_x=7e111cd49a246511: dummy_return_one(x)
[11:47:33.128] [INFO] [run] subject=2, session=2, speed=2, trial=3, x__rid_x=0e860e7cf3c8518d: dummy_return_one(x)
[11:47:33.129] [INFO] [run] subject=2, session=2, speed=2, trial=4, x__rid_x=01929c8fa4e8f6e0: dummy_return_one(x)
[11:47:33.130] [INFO] [run] subject=2, session=2, speed=2, trial=5, x__rid_x=9e756284b8dadad5: dummy_return_one(x)
[11:47:33.137] [INFO] [run] subject=2, session=2, speed=2, trial=6, x__rid_x=65cdc16afe4047b5: dummy_return_one(x)
[11:47:33.137] [INFO] [run] subject=2, session=2, speed=2, trial=7, x__rid_x=7b7c211658aef686: dummy_return_one(x)
[11:47:33.138] [INFO] [run] subject=2, session=2, speed=3, trial=1, x__rid_x=bad5cd148732d8c5: dummy_return_one(x)
[11:47:33.138] [INFO] [run] subject=2, session=2, speed=3, trial=2, x__rid_x=88a014a2a4f1fcd7: dummy_return_one(x)
[11:47:33.145] [INFO] [run] subject=2, session=2, speed=3, trial=3, x__rid_x=004ec52ccd9857d1: dummy_return_one(x)
[11:47:33.146] [INFO] [run] subject=2, session=2, speed=3, trial=4, x__rid_x=2585acdbc095eca7: dummy_return_one(x)
[11:47:33.147] [INFO] [run] subject=2, session=2, speed=3, trial=5, x__rid_x=d57e220a53dd79e5: dummy_return_one(x)
[11:47:33.153] [INFO] [run] subject=2, session=2, speed=3, trial=6, x__rid_x=0fb589e8efbf6522: dummy_return_one(x)
[11:47:33.154] [INFO] [run] subject=2, session=2, speed=3, trial=7, x__rid_x=c76caab70c3986d6: dummy_return_one(x)
[11:47:33.155] [INFO] [run] subject=2, session=2, speed=4, trial=1, x__rid_x=27f64d306901cc1e: dummy_return_one(x)
[11:47:33.162] [INFO] [run] subject=2, session=2, speed=4, trial=2, x__rid_x=0815761297d81e9d: dummy_return_one(x)
[11:47:33.163] [INFO] [run] subject=2, session=2, speed=4, trial=3, x__rid_x=1869867ca5f7da84: dummy_return_one(x)
[11:47:33.164] [INFO] [run] subject=2, session=2, speed=4, trial=4, x__rid_x=6474493cd5e620ef: dummy_return_one(x)
[11:47:33.171] [INFO] [run] subject=2, session=2, speed=4, trial=5, x__rid_x=029123b9513fa495: dummy_return_one(x)
[11:47:33.172] [INFO] [run] subject=2, session=2, speed=4, trial=6, x__rid_x=6200273fb197f887: dummy_return_one(x)
[11:47:33.179] [INFO] [run] subject=2, session=2, speed=4, trial=7, x__rid_x=da4f9ef1c83c4ad3: dummy_return_one(x)
[11:47:33.181] [INFO] [run] subject=2, session=2, speed=5, trial=1, x__rid_x=2e7776021cfd6608: dummy_return_one(x)
[11:47:33.188] [INFO] [run] subject=2, session=2, speed=5, trial=2, x__rid_x=3420df3330e7cdc6: dummy_return_one(x)
[11:47:33.189] [INFO] [run] subject=2, session=2, speed=5, trial=3, x__rid_x=1bd4257db124cd83: dummy_return_one(x)
[11:47:33.196] [INFO] [run] subject=2, session=2, speed=5, trial=4, x__rid_x=c5a94a34fe36fcb1: dummy_return_one(x)
[11:47:33.197] [INFO] [run] subject=2, session=2, speed=5, trial=5, x__rid_x=48e6cd9613c9e96a: dummy_return_one(x)
[11:47:33.198] [INFO] [run] subject=2, session=2, speed=5, trial=6, x__rid_x=be9c47f57d3021da: dummy_return_one(x)
[11:47:33.205] [INFO] [run] subject=2, session=2, speed=5, trial=7, x__rid_x=0ecc67388e0c0023: dummy_return_one(x)
[11:47:33.205] [INFO] [run] subject=2, session=2, speed=6, trial=1, x__rid_x=f27f56104d6f947e: dummy_return_one(x)
[11:47:33.206] [INFO] [run] subject=2, session=2, speed=6, trial=2, x__rid_x=617c152644d100f3: dummy_return_one(x)
[11:47:33.207] [INFO] [run] subject=2, session=2, speed=6, trial=3, x__rid_x=2e99500429575d40: dummy_return_one(x)
[11:47:33.213] [INFO] [run] subject=2, session=2, speed=6, trial=4, x__rid_x=b85d24561fd84164: dummy_return_one(x)
[11:47:33.214] [INFO] [run] subject=2, session=2, speed=6, trial=5, x__rid_x=ae47f5b09cac9227: dummy_return_one(x)
[11:47:33.215] [INFO] [run] subject=2, session=2, speed=6, trial=6, x__rid_x=ca265da4538a4564: dummy_return_one(x)
[11:47:33.222] [INFO] [run] subject=2, session=2, speed=6, trial=7, x__rid_x=3e94d9ddd55053f2: dummy_return_one(x)
[11:47:33.222] [INFO] [run] subject=2, session=2, speed=7, trial=1, x__rid_x=adee6d49347a0ec5: dummy_return_one(x)
[11:47:33.223] [INFO] [run] subject=2, session=2, speed=7, trial=2, x__rid_x=d31573afe411572f: dummy_return_one(x)
[11:47:33.230] [INFO] [run] subject=2, session=2, speed=7, trial=3, x__rid_x=3479d87f00e376b7: dummy_return_one(x)
[11:47:33.231] [INFO] [run] subject=2, session=2, speed=7, trial=4, x__rid_x=b82074e6760f4f9a: dummy_return_one(x)
[11:47:33.232] [INFO] [run] subject=2, session=2, speed=7, trial=5, x__rid_x=7b2f55439832862a: dummy_return_one(x)
[11:47:33.238] [INFO] [run] subject=2, session=2, speed=7, trial=6, x__rid_x=a1601b581d069ba3: dummy_return_one(x)
[11:47:33.239] [INFO] [run] subject=2, session=2, speed=7, trial=7, x__rid_x=84e90f540b936610: dummy_return_one(x)
[11:47:33.240] [INFO] [run] subject=2, session=2, speed=8, trial=1, x__rid_x=0e73c0a83594de1f: dummy_return_one(x)
[11:47:33.247] [INFO] [run] subject=2, session=2, speed=8, trial=2, x__rid_x=3ee694d08cb72f29: dummy_return_one(x)
[11:47:33.248] [INFO] [run] subject=2, session=2, speed=8, trial=3, x__rid_x=d63814d6fc765401: dummy_return_one(x)
[11:47:33.248] [INFO] [run] subject=2, session=2, speed=8, trial=4, x__rid_x=93d1ebb3c602e0d8: dummy_return_one(x)
[11:47:33.255] [INFO] [run] subject=2, session=2, speed=8, trial=5, x__rid_x=328f5d4eb4d7d23a: dummy_return_one(x)
[11:47:33.256] [INFO] [run] subject=2, session=2, speed=8, trial=6, x__rid_x=2d257b9a8dea93c0: dummy_return_one(x)
[11:47:33.257] [INFO] [run] subject=2, session=2, speed=8, trial=7, x__rid_x=bd28e8caf33f24b2: dummy_return_one(x)
[11:47:33.264] [INFO] [run] subject=2, session=2, speed=9, trial=1, x__rid_x=10e2b6fee954db67: dummy_return_one(x)
[11:47:33.264] [INFO] [run] subject=2, session=2, speed=9, trial=2, x__rid_x=d0142544aae91bba: dummy_return_one(x)
[11:47:33.265] [INFO] [run] subject=2, session=2, speed=9, trial=3, x__rid_x=965c89394af7ff6b: dummy_return_one(x)
[11:47:33.272] [INFO] [run] subject=2, session=2, speed=9, trial=4, x__rid_x=35ef9a6faf418afd: dummy_return_one(x)
[11:47:33.273] [INFO] [run] subject=2, session=2, speed=9, trial=5, x__rid_x=a069bd971b7d6ac6: dummy_return_one(x)
[11:47:33.273] [INFO] [run] subject=2, session=2, speed=9, trial=6, x__rid_x=f2b65a7877440ca3: dummy_return_one(x)
[11:47:33.281] [INFO] [run] subject=2, session=2, speed=9, trial=7, x__rid_x=e9ce1913f6cb044b: dummy_return_one(x)
[11:47:33.282] [INFO] [run] subject=2, session=3, speed=1, trial=1, x__rid_x=b260054459530715: dummy_return_one(x)
[11:47:33.282] [INFO] [run] subject=2, session=3, speed=1, trial=2, x__rid_x=52098ed9bde81f68: dummy_return_one(x)
[11:47:33.289] [INFO] [run] subject=2, session=3, speed=1, trial=3, x__rid_x=55fd0a7a81bce4e4: dummy_return_one(x)
[11:47:33.290] [INFO] [run] subject=2, session=3, speed=1, trial=4, x__rid_x=324b765fc052b7c1: dummy_return_one(x)
[11:47:33.290] [INFO] [run] subject=2, session=3, speed=1, trial=5, x__rid_x=b673a3d8dad5f11f: dummy_return_one(x)
[11:47:33.297] [INFO] [run] subject=2, session=3, speed=1, trial=6, x__rid_x=f1bd4e22ce4faff9: dummy_return_one(x)
[11:47:33.298] [INFO] [run] subject=2, session=3, speed=1, trial=7, x__rid_x=5a39fc7d1f99e566: dummy_return_one(x)
[11:47:33.299] [INFO] [run] subject=2, session=3, speed=10, trial=1, x__rid_x=182cab443b1c262a: dummy_return_one(x)
[11:47:33.306] [INFO] [run] subject=2, session=3, speed=10, trial=2, x__rid_x=a4da1c76e47a0bc3: dummy_return_one(x)
[11:47:33.307] [INFO] [run] subject=2, session=3, speed=10, trial=3, x__rid_x=bb7d1150d8cf4e6c: dummy_return_one(x)
[11:47:33.307] [INFO] [run] subject=2, session=3, speed=10, trial=4, x__rid_x=080d2ccca419d82e: dummy_return_one(x)
[11:47:33.314] [INFO] [run] subject=2, session=3, speed=10, trial=5, x__rid_x=6729918aa30db6c0: dummy_return_one(x)
[11:47:33.315] [INFO] [run] subject=2, session=3, speed=10, trial=6, x__rid_x=12c92f6a25ed89a7: dummy_return_one(x)
[11:47:33.316] [INFO] [run] subject=2, session=3, speed=10, trial=7, x__rid_x=c0c57f9a550efbc9: dummy_return_one(x)
[11:47:33.323] [INFO] [run] subject=2, session=3, speed=2, trial=1, x__rid_x=e3505736e5d3ee8f: dummy_return_one(x)
[11:47:33.324] [INFO] [run] subject=2, session=3, speed=2, trial=2, x__rid_x=f178752aaf1d87e1: dummy_return_one(x)
[11:47:33.324] [INFO] [run] subject=2, session=3, speed=2, trial=3, x__rid_x=1278b48921ebf4f1: dummy_return_one(x)
[11:47:33.332] [INFO] [run] subject=2, session=3, speed=2, trial=4, x__rid_x=659a66e83e63f5c9: dummy_return_one(x)
[11:47:33.332] [INFO] [run] subject=2, session=3, speed=2, trial=5, x__rid_x=53849dbef545b765: dummy_return_one(x)
[11:47:33.333] [INFO] [run] subject=2, session=3, speed=2, trial=6, x__rid_x=fa67c00ba90df4b4: dummy_return_one(x)
[11:47:33.333] [INFO] [run] subject=2, session=3, speed=2, trial=7, x__rid_x=862f0d96bac6a803: dummy_return_one(x)
[11:47:33.340] [INFO] [run] subject=2, session=3, speed=3, trial=1, x__rid_x=8e4c1ae9d5a6c706: dummy_return_one(x)
[11:47:33.341] [INFO] [run] subject=2, session=3, speed=3, trial=2, x__rid_x=d16acd4b5bb25cdc: dummy_return_one(x)
[11:47:33.342] [INFO] [run] subject=2, session=3, speed=3, trial=3, x__rid_x=60c63b68aa9c4cc6: dummy_return_one(x)
[11:47:33.349] [INFO] [run] subject=2, session=3, speed=3, trial=4, x__rid_x=4e877b2ee24178e3: dummy_return_one(x)
[11:47:33.349] [INFO] [run] subject=2, session=3, speed=3, trial=5, x__rid_x=d324758763e2f4b1: dummy_return_one(x)
[11:47:33.350] [INFO] [run] subject=2, session=3, speed=3, trial=6, x__rid_x=5dfffb76f6056acc: dummy_return_one(x)
[11:47:33.350] [INFO] [run] subject=2, session=3, speed=3, trial=7, x__rid_x=640332f67c7852f0: dummy_return_one(x)
[11:47:33.357] [INFO] [run] subject=2, session=3, speed=4, trial=1, x__rid_x=65f184ad45ae6f90: dummy_return_one(x)
[11:47:33.358] [INFO] [run] subject=2, session=3, speed=4, trial=2, x__rid_x=620d7e677ba1c3d9: dummy_return_one(x)
[11:47:33.359] [INFO] [run] subject=2, session=3, speed=4, trial=3, x__rid_x=aba465058dffe229: dummy_return_one(x)
[11:47:33.366] [INFO] [run] subject=2, session=3, speed=4, trial=4, x__rid_x=33bfb50f204fe354: dummy_return_one(x)
[11:47:33.366] [INFO] [run] subject=2, session=3, speed=4, trial=5, x__rid_x=08a2345583a761c3: dummy_return_one(x)
[11:47:33.367] [INFO] [run] subject=2, session=3, speed=4, trial=6, x__rid_x=bbde95cc584c1f65: dummy_return_one(x)
[11:47:33.374] [INFO] [run] subject=2, session=3, speed=4, trial=7, x__rid_x=1ef6177bd7f365ce: dummy_return_one(x)
[11:47:33.375] [INFO] [run] subject=2, session=3, speed=5, trial=1, x__rid_x=4ede10cd0e008ae4: dummy_return_one(x)
[11:47:33.376] [INFO] [run] subject=2, session=3, speed=5, trial=2, x__rid_x=3496be0989b3de13: dummy_return_one(x)
[11:47:33.383] [INFO] [run] subject=2, session=3, speed=5, trial=3, x__rid_x=a6a30353c04af7e6: dummy_return_one(x)
[11:47:33.383] [INFO] [run] subject=2, session=3, speed=5, trial=4, x__rid_x=a3313255561cbf16: dummy_return_one(x)
[11:47:33.384] [INFO] [run] subject=2, session=3, speed=5, trial=5, x__rid_x=cf151283266b78f4: dummy_return_one(x)
[11:47:33.384] [INFO] [run] subject=2, session=3, speed=5, trial=6, x__rid_x=466aa405b8612d62: dummy_return_one(x)
[11:47:33.391] [INFO] [run] subject=2, session=3, speed=5, trial=7, x__rid_x=4961d167e243405f: dummy_return_one(x)
[11:47:33.392] [INFO] [run] subject=2, session=3, speed=6, trial=1, x__rid_x=912b338595763fba: dummy_return_one(x)
[11:47:33.393] [INFO] [run] subject=2, session=3, speed=6, trial=2, x__rid_x=0b4fd4f00defcbc3: dummy_return_one(x)
[11:47:33.400] [INFO] [run] subject=2, session=3, speed=6, trial=3, x__rid_x=e95ee827e9f137a2: dummy_return_one(x)
[11:47:33.401] [INFO] [run] subject=2, session=3, speed=6, trial=4, x__rid_x=8f78e070a9edf3a7: dummy_return_one(x)
[11:47:33.401] [INFO] [run] subject=2, session=3, speed=6, trial=5, x__rid_x=018f2e6f5988f21a: dummy_return_one(x)
[11:47:33.408] [INFO] [run] subject=2, session=3, speed=6, trial=6, x__rid_x=54ba4008809cb94e: dummy_return_one(x)
[11:47:33.410] [INFO] [run] subject=2, session=3, speed=6, trial=7, x__rid_x=c4bc866ba15147f4: dummy_return_one(x)
[11:47:33.417] [INFO] [run] subject=2, session=3, speed=7, trial=1, x__rid_x=6ed6312c192a3c26: dummy_return_one(x)
[11:47:33.417] [INFO] [run] subject=2, session=3, speed=7, trial=2, x__rid_x=1e33a2809f75c855: dummy_return_one(x)
[11:47:33.418] [INFO] [run] subject=2, session=3, speed=7, trial=3, x__rid_x=9217cc2accdcffad: dummy_return_one(x)
[11:47:33.425] [INFO] [run] subject=2, session=3, speed=7, trial=4, x__rid_x=777af2c66e4d2c00: dummy_return_one(x)
[11:47:33.426] [INFO] [run] subject=2, session=3, speed=7, trial=5, x__rid_x=63b8d813f2e737cb: dummy_return_one(x)
[11:47:33.427] [INFO] [run] subject=2, session=3, speed=7, trial=6, x__rid_x=3a76039b101a980e: dummy_return_one(x)
[11:47:33.434] [INFO] [run] subject=2, session=3, speed=7, trial=7, x__rid_x=5b56e1ce1cd1db15: dummy_return_one(x)
[11:47:33.434] [INFO] [run] subject=2, session=3, speed=8, trial=1, x__rid_x=a74c34d2f54f6b22: dummy_return_one(x)
[11:47:33.435] [INFO] [run] subject=2, session=3, speed=8, trial=2, x__rid_x=7127a08b2c9c4b83: dummy_return_one(x)
[11:47:33.436] [INFO] [run] subject=2, session=3, speed=8, trial=3, x__rid_x=10f84f6659b154eb: dummy_return_one(x)
[11:47:33.442] [INFO] [run] subject=2, session=3, speed=8, trial=4, x__rid_x=ac36365be81dd694: dummy_return_one(x)
[11:47:33.444] [INFO] [run] subject=2, session=3, speed=8, trial=5, x__rid_x=f9fbe0eef9b3c3a7: dummy_return_one(x)
[11:47:33.444] [INFO] [run] subject=2, session=3, speed=8, trial=6, x__rid_x=b29dc749538c8be0: dummy_return_one(x)
[11:47:33.451] [INFO] [run] subject=2, session=3, speed=8, trial=7, x__rid_x=f66ee6242eb77525: dummy_return_one(x)
[11:47:33.452] [INFO] [run] subject=2, session=3, speed=9, trial=1, x__rid_x=35ce9a128b26f960: dummy_return_one(x)
[11:47:33.452] [INFO] [run] subject=2, session=3, speed=9, trial=2, x__rid_x=ec044e99be84c4af: dummy_return_one(x)
[11:47:33.459] [INFO] [run] subject=2, session=3, speed=9, trial=3, x__rid_x=acc0d82d80f0ca99: dummy_return_one(x)
[11:47:33.461] [INFO] [run] subject=2, session=3, speed=9, trial=4, x__rid_x=26b6e0bc4334e2f2: dummy_return_one(x)
[11:47:33.461] [INFO] [run] subject=2, session=3, speed=9, trial=5, x__rid_x=30d5b48346480600: dummy_return_one(x)
[11:47:33.468] [INFO] [run] subject=2, session=3, speed=9, trial=6, x__rid_x=5d1ffb233544078a: dummy_return_one(x)
[11:47:33.468] [INFO] [run] subject=2, session=3, speed=9, trial=7, x__rid_x=63ef9f24b9f73184: dummy_return_one(x)
[11:47:33.469] [INFO] [run] subject=2, session=4, speed=1, trial=1, x__rid_x=5166ad0f77197dc9: dummy_return_one(x)
[11:47:33.470] [INFO] [run] subject=2, session=4, speed=1, trial=2, x__rid_x=067b27be62f9f93a: dummy_return_one(x)
[11:47:33.477] [INFO] [run] subject=2, session=4, speed=1, trial=3, x__rid_x=da5a63b9022d976c: dummy_return_one(x)
[11:47:33.478] [INFO] [run] subject=2, session=4, speed=1, trial=4, x__rid_x=074129eb3d1e28f9: dummy_return_one(x)
[11:47:33.485] [INFO] [run] subject=2, session=4, speed=1, trial=5, x__rid_x=2dade9cad4086e0e: dummy_return_one(x)
[11:47:33.486] [INFO] [run] subject=2, session=4, speed=1, trial=6, x__rid_x=e29a7d871eeac16f: dummy_return_one(x)
[11:47:33.487] [INFO] [run] subject=2, session=4, speed=1, trial=7, x__rid_x=ee93745b789a5a39: dummy_return_one(x)
[11:47:33.494] [INFO] [run] subject=2, session=4, speed=10, trial=1, x__rid_x=a8d101bf4837a7fc: dummy_return_one(x)
[11:47:33.495] [INFO] [run] subject=2, session=4, speed=10, trial=2, x__rid_x=3aec419378519d95: dummy_return_one(x)
[11:47:33.502] [INFO] [run] subject=2, session=4, speed=10, trial=3, x__rid_x=136dd6ff2e2758c5: dummy_return_one(x)
[11:47:33.503] [INFO] [run] subject=2, session=4, speed=10, trial=4, x__rid_x=6d43322ff5f543e5: dummy_return_one(x)
[11:47:33.503] [INFO] [run] subject=2, session=4, speed=10, trial=5, x__rid_x=ab7a8a3ec91f3267: dummy_return_one(x)
[11:47:33.511] [INFO] [run] subject=2, session=4, speed=10, trial=6, x__rid_x=ed6ddc2f7782b0bd: dummy_return_one(x)
[11:47:33.512] [INFO] [run] subject=2, session=4, speed=10, trial=7, x__rid_x=b6ddaad1fb87bcae: dummy_return_one(x)
[11:47:33.512] [INFO] [run] subject=2, session=4, speed=2, trial=1, x__rid_x=5026d988cbc5b700: dummy_return_one(x)
[11:47:33.519] [INFO] [run] subject=2, session=4, speed=2, trial=2, x__rid_x=871022db139fcda8: dummy_return_one(x)
[11:47:33.520] [INFO] [run] subject=2, session=4, speed=2, trial=3, x__rid_x=15546700c1058879: dummy_return_one(x)
[11:47:33.520] [INFO] [run] subject=2, session=4, speed=2, trial=4, x__rid_x=e5d4868286c6eacd: dummy_return_one(x)
[11:47:33.521] [INFO] [run] subject=2, session=4, speed=2, trial=5, x__rid_x=14c14d6d287c0d21: dummy_return_one(x)
[11:47:33.528] [INFO] [run] subject=2, session=4, speed=2, trial=6, x__rid_x=66257ba67d0d7d60: dummy_return_one(x)
[11:47:33.529] [INFO] [run] subject=2, session=4, speed=2, trial=7, x__rid_x=6d9a5a9b556aee83: dummy_return_one(x)
[11:47:33.536] [INFO] [run] subject=2, session=4, speed=3, trial=1, x__rid_x=6b83595893cad0ab: dummy_return_one(x)
[11:47:33.537] [INFO] [run] subject=2, session=4, speed=3, trial=2, x__rid_x=a377d1c3ce5a2e1c: dummy_return_one(x)
[11:47:33.537] [INFO] [run] subject=2, session=4, speed=3, trial=3, x__rid_x=1a09c84a83138d74: dummy_return_one(x)
[11:47:33.538] [INFO] [run] subject=2, session=4, speed=3, trial=4, x__rid_x=b21ea2cff53f6363: dummy_return_one(x)
[11:47:33.545] [INFO] [run] subject=2, session=4, speed=3, trial=5, x__rid_x=18343fb74c85a9e9: dummy_return_one(x)
[11:47:33.546] [INFO] [run] subject=2, session=4, speed=3, trial=6, x__rid_x=cc9e43ef887bf2a8: dummy_return_one(x)
[11:47:33.553] [INFO] [run] subject=2, session=4, speed=3, trial=7, x__rid_x=2d9aeb7c56c25663: dummy_return_one(x)
[11:47:33.554] [INFO] [run] subject=2, session=4, speed=4, trial=1, x__rid_x=aeb0cf79049157fd: dummy_return_one(x)
[11:47:33.555] [INFO] [run] subject=2, session=4, speed=4, trial=2, x__rid_x=57c1a75a971b6000: dummy_return_one(x)
[11:47:33.555] [INFO] [run] subject=2, session=4, speed=4, trial=3, x__rid_x=b033a8c264526ed2: dummy_return_one(x)
[11:47:33.562] [INFO] [run] subject=2, session=4, speed=4, trial=4, x__rid_x=a3ccf90ad79a0c76: dummy_return_one(x)
[11:47:33.563] [INFO] [run] subject=2, session=4, speed=4, trial=5, x__rid_x=cc875394cbc7e0c7: dummy_return_one(x)
[11:47:33.564] [INFO] [run] subject=2, session=4, speed=4, trial=6, x__rid_x=1c51c1a88258988b: dummy_return_one(x)
[11:47:33.570] [INFO] [run] subject=2, session=4, speed=4, trial=7, x__rid_x=896d11afbf7e0206: dummy_return_one(x)
[11:47:33.571] [INFO] [run] subject=2, session=4, speed=5, trial=1, x__rid_x=72cdb06dd932bd9f: dummy_return_one(x)
[11:47:33.572] [INFO] [run] subject=2, session=4, speed=5, trial=2, x__rid_x=ab345c42b7992489: dummy_return_one(x)
[11:47:33.579] [INFO] [run] subject=2, session=4, speed=5, trial=3, x__rid_x=55de2965cf317368: dummy_return_one(x)
[11:47:33.580] [INFO] [run] subject=2, session=4, speed=5, trial=4, x__rid_x=d866a1747413d1f1: dummy_return_one(x)
[11:47:33.581] [INFO] [run] subject=2, session=4, speed=5, trial=5, x__rid_x=30c56662930f512d: dummy_return_one(x)
[11:47:33.587] [INFO] [run] subject=2, session=4, speed=5, trial=6, x__rid_x=7eb8b55ad26de7ee: dummy_return_one(x)
[11:47:33.588] [INFO] [run] subject=2, session=4, speed=5, trial=7, x__rid_x=484fc66314a02a71: dummy_return_one(x)
[11:47:33.589] [INFO] [run] subject=2, session=4, speed=6, trial=1, x__rid_x=5ca4cc83be0a9894: dummy_return_one(x)
[11:47:33.596] [INFO] [run] subject=2, session=4, speed=6, trial=2, x__rid_x=338d342df450eff4: dummy_return_one(x)
[11:47:33.597] [INFO] [run] subject=2, session=4, speed=6, trial=3, x__rid_x=54fac8609d2ea4e3: dummy_return_one(x)
[11:47:33.605] [INFO] [run] subject=2, session=4, speed=6, trial=4, x__rid_x=037fc4c0cc99c1f0: dummy_return_one(x)
[11:47:33.605] [INFO] [run] subject=2, session=4, speed=6, trial=5, x__rid_x=8ddcd1501d39682f: dummy_return_one(x)
[11:47:33.606] [INFO] [run] subject=2, session=4, speed=6, trial=6, x__rid_x=d47fefe9a0c3e4fc: dummy_return_one(x)
[11:47:33.613] [INFO] [run] subject=2, session=4, speed=6, trial=7, x__rid_x=4c705d3a1adbdf09: dummy_return_one(x)
[11:47:33.614] [INFO] [run] subject=2, session=4, speed=7, trial=1, x__rid_x=c8688a4a9e75f8a0: dummy_return_one(x)
[11:47:33.615] [INFO] [run] subject=2, session=4, speed=7, trial=2, x__rid_x=4d39a5727d3d4881: dummy_return_one(x)
[11:47:33.622] [INFO] [run] subject=2, session=4, speed=7, trial=3, x__rid_x=cce4c6cdda47d675: dummy_return_one(x)
[11:47:33.622] [INFO] [run] subject=2, session=4, speed=7, trial=4, x__rid_x=2641079f232ae7d0: dummy_return_one(x)
[11:47:33.623] [INFO] [run] subject=2, session=4, speed=7, trial=5, x__rid_x=6cfcf4f7fe570ef0: dummy_return_one(x)
[11:47:33.624] [INFO] [run] subject=2, session=4, speed=7, trial=6, x__rid_x=8c6e30c64348aa4e: dummy_return_one(x)
[11:47:33.630] [INFO] [run] subject=2, session=4, speed=7, trial=7, x__rid_x=6e50cc47f2d9a470: dummy_return_one(x)
[11:47:33.631] [INFO] [run] subject=2, session=4, speed=8, trial=1, x__rid_x=526c1351ed9d94ab: dummy_return_one(x)
[11:47:33.632] [INFO] [run] subject=2, session=4, speed=8, trial=2, x__rid_x=2bcde6058a021cba: dummy_return_one(x)
[11:47:33.639] [INFO] [run] subject=2, session=4, speed=8, trial=3, x__rid_x=f44a36605ece9685: dummy_return_one(x)
[11:47:33.641] [INFO] [run] subject=2, session=4, speed=8, trial=4, x__rid_x=8df5b977eb1d6a62: dummy_return_one(x)
[11:47:33.648] [INFO] [run] subject=2, session=4, speed=8, trial=5, x__rid_x=1b0f8b032ed22d0b: dummy_return_one(x)
[11:47:33.649] [INFO] [run] subject=2, session=4, speed=8, trial=6, x__rid_x=7dd885c4335658f7: dummy_return_one(x)
[11:47:33.649] [INFO] [run] subject=2, session=4, speed=8, trial=7, x__rid_x=702e0c6fb2152d63: dummy_return_one(x)
[11:47:33.657] [INFO] [run] subject=2, session=4, speed=9, trial=1, x__rid_x=42fa740bd2224ea4: dummy_return_one(x)
[11:47:33.658] [INFO] [run] subject=2, session=4, speed=9, trial=2, x__rid_x=69cde143cd05d9a0: dummy_return_one(x)
[11:47:33.659] [INFO] [run] subject=2, session=4, speed=9, trial=3, x__rid_x=56b66bf620de7fab: dummy_return_one(x)
[11:47:33.666] [INFO] [run] subject=2, session=4, speed=9, trial=4, x__rid_x=703b7d386f952e77: dummy_return_one(x)
[11:47:33.667] [INFO] [run] subject=2, session=4, speed=9, trial=5, x__rid_x=00001762b1f3a01f: dummy_return_one(x)
[11:47:33.674] [INFO] [run] subject=2, session=4, speed=9, trial=6, x__rid_x=5bc3db679c8d18a6: dummy_return_one(x)
[11:47:33.676] [INFO] [run] subject=2, session=4, speed=9, trial=7, x__rid_x=e4e083489160977e: dummy_return_one(x)
[11:47:33.683] [INFO] [run] subject=2, session=5, speed=1, trial=1, x__rid_x=1af5f04d8d3926b9: dummy_return_one(x)
[11:47:33.684] [INFO] [run] subject=2, session=5, speed=1, trial=2, x__rid_x=8a849c43633d2199: dummy_return_one(x)
[11:47:33.684] [INFO] [run] subject=2, session=5, speed=1, trial=3, x__rid_x=6d80aefce1b15025: dummy_return_one(x)
[11:47:33.692] [INFO] [run] subject=2, session=5, speed=1, trial=4, x__rid_x=e7516d931ed73031: dummy_return_one(x)
[11:47:33.693] [INFO] [run] subject=2, session=5, speed=1, trial=5, x__rid_x=736b2cb1f5f94043: dummy_return_one(x)
[11:47:33.693] [INFO] [run] subject=2, session=5, speed=1, trial=6, x__rid_x=243ec30376e28dc7: dummy_return_one(x)
[11:47:33.700] [INFO] [run] subject=2, session=5, speed=1, trial=7, x__rid_x=0f4e95969da5fb11: dummy_return_one(x)
[11:47:33.701] [INFO] [run] subject=2, session=5, speed=10, trial=1, x__rid_x=fc681c0c37ffd5b3: dummy_return_one(x)
[11:47:33.702] [INFO] [run] subject=2, session=5, speed=10, trial=2, x__rid_x=d540e0093162cab4: dummy_return_one(x)
[11:47:33.709] [INFO] [run] subject=2, session=5, speed=10, trial=3, x__rid_x=93c2cd9f04fde472: dummy_return_one(x)
[11:47:33.710] [INFO] [run] subject=2, session=5, speed=10, trial=4, x__rid_x=64d0ece39e7baed3: dummy_return_one(x)
[11:47:33.711] [INFO] [run] subject=2, session=5, speed=10, trial=5, x__rid_x=ac426e7172353769: dummy_return_one(x)
[11:47:33.718] [INFO] [run] subject=2, session=5, speed=10, trial=6, x__rid_x=6e2aa599a4f27280: dummy_return_one(x)
[11:47:33.718] [INFO] [run] subject=2, session=5, speed=10, trial=7, x__rid_x=defd3bd723773f54: dummy_return_one(x)
[11:47:33.719] [INFO] [run] subject=2, session=5, speed=2, trial=1, x__rid_x=7197d08686de6841: dummy_return_one(x)
[11:47:33.727] [INFO] [run] subject=2, session=5, speed=2, trial=2, x__rid_x=2cd9b87a73d79990: dummy_return_one(x)
[11:47:33.728] [INFO] [run] subject=2, session=5, speed=2, trial=3, x__rid_x=b522eba843609648: dummy_return_one(x)
[11:47:33.736] [INFO] [run] subject=2, session=5, speed=2, trial=4, x__rid_x=579798cbd989f398: dummy_return_one(x)
[11:47:33.736] [INFO] [run] subject=2, session=5, speed=2, trial=5, x__rid_x=1ecb929ff1213d57: dummy_return_one(x)
[11:47:33.737] [INFO] [run] subject=2, session=5, speed=2, trial=6, x__rid_x=2015b2706e48f4cd: dummy_return_one(x)
[11:47:33.744] [INFO] [run] subject=2, session=5, speed=2, trial=7, x__rid_x=f9a1d4ed9d747f26: dummy_return_one(x)
[11:47:33.745] [INFO] [run] subject=2, session=5, speed=3, trial=1, x__rid_x=c95d2b339a6e9741: dummy_return_one(x)
[11:47:33.753] [INFO] [run] subject=2, session=5, speed=3, trial=2, x__rid_x=b4344eba7ace7a61: dummy_return_one(x)
[11:47:33.754] [INFO] [run] subject=2, session=5, speed=3, trial=3, x__rid_x=1b2f7e1f4c07ec7e: dummy_return_one(x)
[11:47:33.754] [INFO] [run] subject=2, session=5, speed=3, trial=4, x__rid_x=db559af7d6691f1c: dummy_return_one(x)
[11:47:33.762] [INFO] [run] subject=2, session=5, speed=3, trial=5, x__rid_x=9ad81d2c21dfbd50: dummy_return_one(x)
[11:47:33.763] [INFO] [run] subject=2, session=5, speed=3, trial=6, x__rid_x=e7c0079db5aa084b: dummy_return_one(x)
[11:47:33.770] [INFO] [run] subject=2, session=5, speed=3, trial=7, x__rid_x=392fdeaccf3152d7: dummy_return_one(x)
[11:47:33.771] [INFO] [run] subject=2, session=5, speed=4, trial=1, x__rid_x=5d36c6e9843fadf0: dummy_return_one(x)
[11:47:33.771] [INFO] [run] subject=2, session=5, speed=4, trial=2, x__rid_x=61a8ef7918808c2e: dummy_return_one(x)
[11:47:33.772] [INFO] [run] subject=2, session=5, speed=4, trial=3, x__rid_x=1d2f6c0e85a13cf8: dummy_return_one(x)
[11:47:33.779] [INFO] [run] subject=2, session=5, speed=4, trial=4, x__rid_x=5d453456afefd308: dummy_return_one(x)
[11:47:33.780] [INFO] [run] subject=2, session=5, speed=4, trial=5, x__rid_x=2ddae198bcbc06d9: dummy_return_one(x)
[11:47:33.787] [INFO] [run] subject=2, session=5, speed=4, trial=6, x__rid_x=b5842697d5f8ac29: dummy_return_one(x)
[11:47:33.788] [INFO] [run] subject=2, session=5, speed=4, trial=7, x__rid_x=ffee67b78500ae34: dummy_return_one(x)
[11:47:33.788] [INFO] [run] subject=2, session=5, speed=5, trial=1, x__rid_x=3b4bd6ef23a07172: dummy_return_one(x)
[11:47:33.789] [INFO] [run] subject=2, session=5, speed=5, trial=2, x__rid_x=37bc52e0205a8b81: dummy_return_one(x)
[11:47:33.796] [INFO] [run] subject=2, session=5, speed=5, trial=3, x__rid_x=93529b76f2472fae: dummy_return_one(x)
[11:47:33.797] [INFO] [run] subject=2, session=5, speed=5, trial=4, x__rid_x=a481b23d0bfb3e23: dummy_return_one(x)
[11:47:33.798] [INFO] [run] subject=2, session=5, speed=5, trial=5, x__rid_x=5d1bddd5cf236b9b: dummy_return_one(x)
[11:47:33.805] [INFO] [run] subject=2, session=5, speed=5, trial=6, x__rid_x=83885995f22a940c: dummy_return_one(x)
[11:47:33.806] [INFO] [run] subject=2, session=5, speed=5, trial=7, x__rid_x=27de58f1faf2d8e1: dummy_return_one(x)
[11:47:33.806] [INFO] [run] subject=2, session=5, speed=6, trial=1, x__rid_x=e3481cd804a8ebdd: dummy_return_one(x)
[11:47:33.814] [INFO] [run] subject=2, session=5, speed=6, trial=2, x__rid_x=07c356816f839a44: dummy_return_one(x)
[11:47:33.815] [INFO] [run] subject=2, session=5, speed=6, trial=3, x__rid_x=633f2cfa48770950: dummy_return_one(x)
[11:47:33.816] [INFO] [run] subject=2, session=5, speed=6, trial=4, x__rid_x=973a23a0b7f73899: dummy_return_one(x)
[11:47:33.823] [INFO] [run] subject=2, session=5, speed=6, trial=5, x__rid_x=60158b9b13e0c1ca: dummy_return_one(x)
[11:47:33.824] [INFO] [run] subject=2, session=5, speed=6, trial=6, x__rid_x=a5b2949a65ee484c: dummy_return_one(x)
[11:47:33.825] [INFO] [run] subject=2, session=5, speed=6, trial=7, x__rid_x=5793e2e339d63c84: dummy_return_one(x)
[11:47:33.832] [INFO] [run] subject=2, session=5, speed=7, trial=1, x__rid_x=be13d0dfbd66a1be: dummy_return_one(x)
[11:47:33.833] [INFO] [run] subject=2, session=5, speed=7, trial=2, x__rid_x=2458754314241cf2: dummy_return_one(x)
[11:47:33.834] [INFO] [run] subject=2, session=5, speed=7, trial=3, x__rid_x=4645dee7857ac7f9: dummy_return_one(x)
[11:47:33.841] [INFO] [run] subject=2, session=5, speed=7, trial=4, x__rid_x=b03b21bb269acb6e: dummy_return_one(x)
[11:47:33.842] [INFO] [run] subject=2, session=5, speed=7, trial=5, x__rid_x=1d959d9feb81f12e: dummy_return_one(x)
[11:47:33.843] [INFO] [run] subject=2, session=5, speed=7, trial=6, x__rid_x=71c20974690c01f4: dummy_return_one(x)
[11:47:33.850] [INFO] [run] subject=2, session=5, speed=7, trial=7, x__rid_x=1d14e85fcdbb7f3e: dummy_return_one(x)
[11:47:33.850] [INFO] [run] subject=2, session=5, speed=8, trial=1, x__rid_x=c7d1f9013e48a777: dummy_return_one(x)
[11:47:33.851] [INFO] [run] subject=2, session=5, speed=8, trial=2, x__rid_x=432c73e0bd89d808: dummy_return_one(x)
[11:47:33.858] [INFO] [run] subject=2, session=5, speed=8, trial=3, x__rid_x=46902938f6b62989: dummy_return_one(x)
[11:47:33.859] [INFO] [run] subject=2, session=5, speed=8, trial=4, x__rid_x=97c0e6c56f8f40d3: dummy_return_one(x)
[11:47:33.860] [INFO] [run] subject=2, session=5, speed=8, trial=5, x__rid_x=7728c84029744959: dummy_return_one(x)
[11:47:33.867] [INFO] [run] subject=2, session=5, speed=8, trial=6, x__rid_x=dfb997f9c85f5df3: dummy_return_one(x)
[11:47:33.868] [INFO] [run] subject=2, session=5, speed=8, trial=7, x__rid_x=5cdf22987152cb14: dummy_return_one(x)
[11:47:33.868] [INFO] [run] subject=2, session=5, speed=9, trial=1, x__rid_x=a413c7616a8aa924: dummy_return_one(x)
[11:47:33.876] [INFO] [run] subject=2, session=5, speed=9, trial=2, x__rid_x=d9877306885de5a5: dummy_return_one(x)
[11:47:33.877] [INFO] [run] subject=2, session=5, speed=9, trial=3, x__rid_x=0fef9c815f47dcd7: dummy_return_one(x)
[11:47:33.884] [INFO] [run] subject=2, session=5, speed=9, trial=4, x__rid_x=43ef95bede621d5e: dummy_return_one(x)
[11:47:33.885] [INFO] [run] subject=2, session=5, speed=9, trial=5, x__rid_x=50e9b4c71e7df0d3: dummy_return_one(x)
[11:47:33.886] [INFO] [run] subject=2, session=5, speed=9, trial=6, x__rid_x=79de55359e1514e4: dummy_return_one(x)
[11:47:33.893] [INFO] [run] subject=2, session=5, speed=9, trial=7, x__rid_x=3f0efb2b8256e95d: dummy_return_one(x)
[11:47:33.894] [INFO] [run] subject=20, session=1, speed=1, trial=1, x__rid_x=563eff2f014f3196: dummy_return_one(x)
[11:47:33.895] [INFO] [run] subject=20, session=1, speed=1, trial=2, x__rid_x=3c4c67af72083336: dummy_return_one(x)
[11:47:33.902] [INFO] [run] subject=20, session=1, speed=1, trial=3, x__rid_x=b8eb3479a901c3a9: dummy_return_one(x)
[11:47:33.902] [INFO] [run] subject=20, session=1, speed=1, trial=4, x__rid_x=ebbfd7ab21a1177c: dummy_return_one(x)
[11:47:33.903] [INFO] [run] subject=20, session=1, speed=1, trial=5, x__rid_x=a3d584684ed68e9c: dummy_return_one(x)
[11:47:33.911] [INFO] [run] subject=20, session=1, speed=1, trial=6, x__rid_x=43af70b8618e5204: dummy_return_one(x)
[11:47:33.912] [INFO] [run] subject=20, session=1, speed=1, trial=7, x__rid_x=349f3f5c6631b208: dummy_return_one(x)
[11:47:33.919] [INFO] [run] subject=20, session=1, speed=10, trial=1, x__rid_x=e3b7bdeb582515d0: dummy_return_one(x)
[11:47:33.920] [INFO] [run] subject=20, session=1, speed=10, trial=2, x__rid_x=b401dbeb9b9a2d36: dummy_return_one(x)
[11:47:33.921] [INFO] [run] subject=20, session=1, speed=10, trial=3, x__rid_x=61d654060c7eecf3: dummy_return_one(x)
[11:47:33.928] [INFO] [run] subject=20, session=1, speed=10, trial=4, x__rid_x=bc7b94513475402c: dummy_return_one(x)
[11:47:33.929] [INFO] [run] subject=20, session=1, speed=10, trial=5, x__rid_x=c5f6a2961a8aa8e9: dummy_return_one(x)
[11:47:33.936] [INFO] [run] subject=20, session=1, speed=10, trial=6, x__rid_x=4a4f988285f70298: dummy_return_one(x)
[11:47:33.937] [INFO] [run] subject=20, session=1, speed=10, trial=7, x__rid_x=b01d8283e45695e3: dummy_return_one(x)
[11:47:33.938] [INFO] [run] subject=20, session=1, speed=2, trial=1, x__rid_x=46d9d0eb4d574bda: dummy_return_one(x)
[11:47:33.945] [INFO] [run] subject=20, session=1, speed=2, trial=2, x__rid_x=455674afe6215b54: dummy_return_one(x)
[11:47:33.946] [INFO] [run] subject=20, session=1, speed=2, trial=3, x__rid_x=201f28ce184e35dc: dummy_return_one(x)
[11:47:33.947] [INFO] [run] subject=20, session=1, speed=2, trial=4, x__rid_x=be1e5a3e7573663b: dummy_return_one(x)
[11:47:33.954] [INFO] [run] subject=20, session=1, speed=2, trial=5, x__rid_x=bb6b3de7be0c3eeb: dummy_return_one(x)
[11:47:33.955] [INFO] [run] subject=20, session=1, speed=2, trial=6, x__rid_x=6a313bc5c5da088f: dummy_return_one(x)
[11:47:33.955] [INFO] [run] subject=20, session=1, speed=2, trial=7, x__rid_x=58db130c8281a6cd: dummy_return_one(x)
[11:47:33.963] [INFO] [run] subject=20, session=1, speed=3, trial=1, x__rid_x=ae5eb7ebafdebc13: dummy_return_one(x)
[11:47:33.964] [INFO] [run] subject=20, session=1, speed=3, trial=2, x__rid_x=cb6a0a3e2c12b5c9: dummy_return_one(x)
[11:47:33.971] [INFO] [run] subject=20, session=1, speed=3, trial=3, x__rid_x=f4c44e1a46c61df4: dummy_return_one(x)
[11:47:33.972] [INFO] [run] subject=20, session=1, speed=3, trial=4, x__rid_x=79b2242fd6962886: dummy_return_one(x)
[11:47:33.973] [INFO] [run] subject=20, session=1, speed=3, trial=5, x__rid_x=683642d70d74ca60: dummy_return_one(x)
[11:47:33.980] [INFO] [run] subject=20, session=1, speed=3, trial=6, x__rid_x=cdc7c2d6b5ab0cae: dummy_return_one(x)
[11:47:33.981] [INFO] [run] subject=20, session=1, speed=3, trial=7, x__rid_x=c36b0180341b9a9d: dummy_return_one(x)
[11:47:33.989] [INFO] [run] subject=20, session=1, speed=4, trial=1, x__rid_x=449efc26dbe9624a: dummy_return_one(x)
[11:47:33.990] [INFO] [run] subject=20, session=1, speed=4, trial=2, x__rid_x=7c392f1f27c68e14: dummy_return_one(x)
[11:47:33.998] [INFO] [run] subject=20, session=1, speed=4, trial=3, x__rid_x=f00193a91f30a8cd: dummy_return_one(x)
[11:47:33.998] [INFO] [run] subject=20, session=1, speed=4, trial=4, x__rid_x=b1072f7dc78e9b2e: dummy_return_one(x)
[11:47:33.999] [INFO] [run] subject=20, session=1, speed=4, trial=5, x__rid_x=38ab091e12e4bb8e: dummy_return_one(x)
[11:47:34.006] [INFO] [run] subject=20, session=1, speed=4, trial=6, x__rid_x=423772e7abe71384: dummy_return_one(x)
[11:47:34.007] [INFO] [run] subject=20, session=1, speed=4, trial=7, x__rid_x=eed53cfc4ff4a95e: dummy_return_one(x)
[11:47:34.015] [INFO] [run] subject=20, session=1, speed=5, trial=1, x__rid_x=109eb0f0e6b72639: dummy_return_one(x)
[11:47:34.016] [INFO] [run] subject=20, session=1, speed=5, trial=2, x__rid_x=75df046bc866c290: dummy_return_one(x)
[11:47:34.016] [INFO] [run] subject=20, session=1, speed=5, trial=3, x__rid_x=4d3eab5e83af824a: dummy_return_one(x)
[11:47:34.024] [INFO] [run] subject=20, session=1, speed=5, trial=4, x__rid_x=70821fe2bac97541: dummy_return_one(x)
[11:47:34.025] [INFO] [run] subject=20, session=1, speed=5, trial=5, x__rid_x=97f907a9ea7574b7: dummy_return_one(x)
[11:47:34.026] [INFO] [run] subject=20, session=1, speed=5, trial=6, x__rid_x=9d525e223f281e31: dummy_return_one(x)
[11:47:34.032] [INFO] [run] subject=20, session=1, speed=5, trial=7, x__rid_x=868009524ea903c8: dummy_return_one(x)
[11:47:34.033] [INFO] [run] subject=20, session=1, speed=6, trial=1, x__rid_x=b81ad8e45f50f231: dummy_return_one(x)
[11:47:34.034] [INFO] [run] subject=20, session=1, speed=6, trial=2, x__rid_x=e5c5e437e8d05730: dummy_return_one(x)
[11:47:34.041] [INFO] [run] subject=20, session=1, speed=6, trial=3, x__rid_x=5b3cd5194042d65b: dummy_return_one(x)
[11:47:34.042] [INFO] [run] subject=20, session=1, speed=6, trial=4, x__rid_x=0a1742f17f50f99d: dummy_return_one(x)
[11:47:34.050] [INFO] [run] subject=20, session=1, speed=6, trial=5, x__rid_x=1dce48cf9fed4fca: dummy_return_one(x)
[11:47:34.051] [INFO] [run] subject=20, session=1, speed=6, trial=6, x__rid_x=d8dad1c5d091364b: dummy_return_one(x)
[11:47:34.052] [INFO] [run] subject=20, session=1, speed=6, trial=7, x__rid_x=359e9fc7842e5712: dummy_return_one(x)
[11:47:34.059] [INFO] [run] subject=20, session=1, speed=7, trial=1, x__rid_x=51201c60f732f7ab: dummy_return_one(x)
[11:47:34.060] [INFO] [run] subject=20, session=1, speed=7, trial=2, x__rid_x=ad0d978a46bec389: dummy_return_one(x)
[11:47:34.067] [INFO] [run] subject=20, session=1, speed=7, trial=3, x__rid_x=2253a8de98d94e19: dummy_return_one(x)
[11:47:34.068] [INFO] [run] subject=20, session=1, speed=7, trial=4, x__rid_x=a7f686e72faf8b48: dummy_return_one(x)
[11:47:34.069] [INFO] [run] subject=20, session=1, speed=7, trial=5, x__rid_x=52eb61b8ff540299: dummy_return_one(x)
[11:47:34.076] [INFO] [run] subject=20, session=1, speed=7, trial=6, x__rid_x=083ffd7ffb2c86bf: dummy_return_one(x)
[11:47:34.078] [INFO] [run] subject=20, session=1, speed=7, trial=7, x__rid_x=a91c178f865e96c1: dummy_return_one(x)
[11:47:34.085] [INFO] [run] subject=20, session=1, speed=8, trial=1, x__rid_x=b133d1648c438ab7: dummy_return_one(x)
[11:47:34.086] [INFO] [run] subject=20, session=1, speed=8, trial=2, x__rid_x=ff74ca293fe4465d: dummy_return_one(x)
[11:47:34.086] [INFO] [run] subject=20, session=1, speed=8, trial=3, x__rid_x=66494868110e501f: dummy_return_one(x)
[11:47:34.094] [INFO] [run] subject=20, session=1, speed=8, trial=4, x__rid_x=ee6d35bb0391c1d7: dummy_return_one(x)
[11:47:34.095] [INFO] [run] subject=20, session=1, speed=8, trial=5, x__rid_x=ae5436a71d4a057f: dummy_return_one(x)
[11:47:34.102] [INFO] [run] subject=20, session=1, speed=8, trial=6, x__rid_x=d2e1401b56b4fcff: dummy_return_one(x)
[11:47:34.103] [INFO] [run] subject=20, session=1, speed=8, trial=7, x__rid_x=c69ffde2d8a9065f: dummy_return_one(x)
[11:47:34.104] [INFO] [run] subject=20, session=1, speed=9, trial=1, x__rid_x=5ba630e670893470: dummy_return_one(x)
[11:47:34.111] [INFO] [run] subject=20, session=1, speed=9, trial=2, x__rid_x=5e1ab90356f8db49: dummy_return_one(x)
[11:47:34.113] [INFO] [run] subject=20, session=1, speed=9, trial=3, x__rid_x=514818dae1a72e06: dummy_return_one(x)
[11:47:34.120] [INFO] [run] subject=20, session=1, speed=9, trial=4, x__rid_x=dc6d7578558ed1c2: dummy_return_one(x)
[11:47:34.121] [INFO] [run] subject=20, session=1, speed=9, trial=5, x__rid_x=6b0ac70bc6ffca0a: dummy_return_one(x)
[11:47:34.121] [INFO] [run] subject=20, session=1, speed=9, trial=6, x__rid_x=b063c9ec133a65f1: dummy_return_one(x)
[11:47:34.129] [INFO] [run] subject=20, session=1, speed=9, trial=7, x__rid_x=3175550f92e35cfd: dummy_return_one(x)
[11:47:34.130] [INFO] [run] subject=20, session=2, speed=1, trial=1, x__rid_x=0c10ec0f3006d501: dummy_return_one(x)
[11:47:34.138] [INFO] [run] subject=20, session=2, speed=1, trial=2, x__rid_x=1d953442a43be51c: dummy_return_one(x)
[11:47:34.138] [INFO] [run] subject=20, session=2, speed=1, trial=3, x__rid_x=1508f8864c7bc934: dummy_return_one(x)
[11:47:34.139] [INFO] [run] subject=20, session=2, speed=1, trial=4, x__rid_x=6a990cbe619a96f6: dummy_return_one(x)
[11:47:34.146] [INFO] [run] subject=20, session=2, speed=1, trial=5, x__rid_x=bca4f565b25eacb6: dummy_return_one(x)
[11:47:34.147] [INFO] [run] subject=20, session=2, speed=1, trial=6, x__rid_x=78434eaa5b79a935: dummy_return_one(x)
[11:47:34.148] [INFO] [run] subject=20, session=2, speed=1, trial=7, x__rid_x=0b0bbaf4e4b03d9f: dummy_return_one(x)
[11:47:34.155] [INFO] [run] subject=20, session=2, speed=10, trial=1, x__rid_x=74bbedffd2efd5cc: dummy_return_one(x)
[11:47:34.156] [INFO] [run] subject=20, session=2, speed=10, trial=2, x__rid_x=64d045d9c97140ba: dummy_return_one(x)
[11:47:34.157] [INFO] [run] subject=20, session=2, speed=10, trial=3, x__rid_x=971e6e19026c6d16: dummy_return_one(x)
[11:47:34.164] [INFO] [run] subject=20, session=2, speed=10, trial=4, x__rid_x=0dc99e1bd15c0feb: dummy_return_one(x)
[11:47:34.165] [INFO] [run] subject=20, session=2, speed=10, trial=5, x__rid_x=364c0bfcb6e2b6a1: dummy_return_one(x)
[11:47:34.166] [INFO] [run] subject=20, session=2, speed=10, trial=6, x__rid_x=50ac2ce49bdc6dcc: dummy_return_one(x)
[11:47:34.173] [INFO] [run] subject=20, session=2, speed=10, trial=7, x__rid_x=b4c06bf6ff55f02e: dummy_return_one(x)
[11:47:34.174] [INFO] [run] subject=20, session=2, speed=2, trial=1, x__rid_x=d5a4706c2d6261c9: dummy_return_one(x)
[11:47:34.175] [INFO] [run] subject=20, session=2, speed=2, trial=2, x__rid_x=1ab50e40c9290881: dummy_return_one(x)
[11:47:34.183] [INFO] [run] subject=20, session=2, speed=2, trial=3, x__rid_x=3399ac5191a85f62: dummy_return_one(x)
[11:47:34.195] [INFO] [run] subject=20, session=2, speed=2, trial=4, x__rid_x=4cbdc45089b3c200: dummy_return_one(x)
[11:47:34.197] [INFO] [run] subject=20, session=2, speed=2, trial=5, x__rid_x=c69ec9042bb28fe0: dummy_return_one(x)
[11:47:34.205] [INFO] [run] subject=20, session=2, speed=2, trial=6, x__rid_x=cb001db88270b982: dummy_return_one(x)
[11:47:34.224] [INFO] [run] subject=20, session=2, speed=2, trial=7, x__rid_x=afcb0e82ae5c814d: dummy_return_one(x)
[11:47:34.225] [INFO] [run] subject=20, session=2, speed=3, trial=1, x__rid_x=b25ae4a3c84078c3: dummy_return_one(x)
[11:47:34.233] [INFO] [run] subject=20, session=2, speed=3, trial=2, x__rid_x=382bde23bcdbd381: dummy_return_one(x)
[11:47:34.234] [INFO] [run] subject=20, session=2, speed=3, trial=3, x__rid_x=cf6364fbf0524f5b: dummy_return_one(x)
[11:47:34.242] [INFO] [run] subject=20, session=2, speed=3, trial=4, x__rid_x=d9d19473b7443d29: dummy_return_one(x)
[11:47:34.244] [INFO] [run] subject=20, session=2, speed=3, trial=5, x__rid_x=02ef312e423fd190: dummy_return_one(x)
[11:47:34.251] [INFO] [run] subject=20, session=2, speed=3, trial=6, x__rid_x=8981400373564e51: dummy_return_one(x)
[11:47:34.252] [INFO] [run] subject=20, session=2, speed=3, trial=7, x__rid_x=3d7147791519245b: dummy_return_one(x)
[11:47:34.253] [INFO] [run] subject=20, session=2, speed=4, trial=1, x__rid_x=e5e80cb80602ad9a: dummy_return_one(x)
[11:47:34.260] [INFO] [run] subject=20, session=2, speed=4, trial=2, x__rid_x=3ebc2f7d54fcdbe6: dummy_return_one(x)
[11:47:34.261] [INFO] [run] subject=20, session=2, speed=4, trial=3, x__rid_x=ab551b90d51e2bd7: dummy_return_one(x)
[11:47:34.269] [INFO] [run] subject=20, session=2, speed=4, trial=4, x__rid_x=d771807cb44eef07: dummy_return_one(x)
[11:47:34.270] [INFO] [run] subject=20, session=2, speed=4, trial=5, x__rid_x=b5d8f357895491e3: dummy_return_one(x)
[11:47:34.278] [INFO] [run] subject=20, session=2, speed=4, trial=6, x__rid_x=400e70e5a39595b6: dummy_return_one(x)
[11:47:34.279] [INFO] [run] subject=20, session=2, speed=4, trial=7, x__rid_x=9cf01a4417f130ef: dummy_return_one(x)
[11:47:34.286] [INFO] [run] subject=20, session=2, speed=5, trial=1, x__rid_x=a865d97cc93803e1: dummy_return_one(x)
[11:47:34.287] [INFO] [run] subject=20, session=2, speed=5, trial=2, x__rid_x=567b6913bc69cc00: dummy_return_one(x)
[11:47:34.288] [INFO] [run] subject=20, session=2, speed=5, trial=3, x__rid_x=22b140eadc4be7da: dummy_return_one(x)
[11:47:34.295] [INFO] [run] subject=20, session=2, speed=5, trial=4, x__rid_x=4514708d755b3a46: dummy_return_one(x)
[11:47:34.297] [INFO] [run] subject=20, session=2, speed=5, trial=5, x__rid_x=6f10961a6b100a17: dummy_return_one(x)
[11:47:34.304] [INFO] [run] subject=20, session=2, speed=5, trial=6, x__rid_x=fd060652edfcc9d5: dummy_return_one(x)
[11:47:34.305] [INFO] [run] subject=20, session=2, speed=5, trial=7, x__rid_x=221a248fd732b0dd: dummy_return_one(x)
[11:47:34.306] [INFO] [run] subject=20, session=2, speed=6, trial=1, x__rid_x=cae880ad20b646f7: dummy_return_one(x)
[11:47:34.313] [INFO] [run] subject=20, session=2, speed=6, trial=2, x__rid_x=adc6c1deb63862b5: dummy_return_one(x)
[11:47:34.314] [INFO] [run] subject=20, session=2, speed=6, trial=3, x__rid_x=1cae568e6d46be25: dummy_return_one(x)
[11:47:34.315] [INFO] [run] subject=20, session=2, speed=6, trial=4, x__rid_x=56aad5c5c0dca628: dummy_return_one(x)
[11:47:34.322] [INFO] [run] subject=20, session=2, speed=6, trial=5, x__rid_x=66fbf3c88f40b122: dummy_return_one(x)
[11:47:34.323] [INFO] [run] subject=20, session=2, speed=6, trial=6, x__rid_x=ab496b45dbd7a97a: dummy_return_one(x)
[11:47:34.331] [INFO] [run] subject=20, session=2, speed=6, trial=7, x__rid_x=bda3fbe9d4f53ece: dummy_return_one(x)
[11:47:34.332] [INFO] [run] subject=20, session=2, speed=7, trial=1, x__rid_x=7f9114b018ab8d29: dummy_return_one(x)
[11:47:34.333] [INFO] [run] subject=20, session=2, speed=7, trial=2, x__rid_x=d6f75a6788a670ff: dummy_return_one(x)
[11:47:34.341] [INFO] [run] subject=20, session=2, speed=7, trial=3, x__rid_x=1529dc39bdd88231: dummy_return_one(x)
[11:47:34.342] [INFO] [run] subject=20, session=2, speed=7, trial=4, x__rid_x=0d3502c87ba58ac9: dummy_return_one(x)
[11:47:34.350] [INFO] [run] subject=20, session=2, speed=7, trial=5, x__rid_x=fea32176fad653ae: dummy_return_one(x)
[11:47:34.351] [INFO] [run] subject=20, session=2, speed=7, trial=6, x__rid_x=965f51125ac69ba1: dummy_return_one(x)
[11:47:34.352] [INFO] [run] subject=20, session=2, speed=7, trial=7, x__rid_x=ad5225ad9bdc1370: dummy_return_one(x)
[11:47:34.359] [INFO] [run] subject=20, session=2, speed=8, trial=1, x__rid_x=5a5829c8cdde4999: dummy_return_one(x)
[11:47:34.360] [INFO] [run] subject=20, session=2, speed=8, trial=2, x__rid_x=e4c8646ae10e6f7a: dummy_return_one(x)
[11:47:34.368] [INFO] [run] subject=20, session=2, speed=8, trial=3, x__rid_x=1b9766aa50469cb4: dummy_return_one(x)
[11:47:34.369] [INFO] [run] subject=20, session=2, speed=8, trial=4, x__rid_x=449180b7645515bd: dummy_return_one(x)
[11:47:34.378] [INFO] [run] subject=20, session=2, speed=8, trial=5, x__rid_x=044cfe98682f6659: dummy_return_one(x)
[11:47:34.379] [INFO] [run] subject=20, session=2, speed=8, trial=6, x__rid_x=6fe6cada78d23bd0: dummy_return_one(x)
[11:47:34.387] [INFO] [run] subject=20, session=2, speed=8, trial=7, x__rid_x=0223fd29c01bea15: dummy_return_one(x)
[11:47:34.388] [INFO] [run] subject=20, session=2, speed=9, trial=1, x__rid_x=0327fa731d93cfc3: dummy_return_one(x)
[11:47:34.396] [INFO] [run] subject=20, session=2, speed=9, trial=2, x__rid_x=2579d90e7e779510: dummy_return_one(x)
[11:47:34.397] [INFO] [run] subject=20, session=2, speed=9, trial=3, x__rid_x=1ffcc54f1b7b805b: dummy_return_one(x)
[11:47:34.398] [INFO] [run] subject=20, session=2, speed=9, trial=4, x__rid_x=6e779fc9b23a8367: dummy_return_one(x)
[11:47:34.405] [INFO] [run] subject=20, session=2, speed=9, trial=5, x__rid_x=91390ef1422c3f73: dummy_return_one(x)
[11:47:34.407] [INFO] [run] subject=20, session=2, speed=9, trial=6, x__rid_x=28560f014f019ae0: dummy_return_one(x)
[11:47:34.414] [INFO] [run] subject=20, session=2, speed=9, trial=7, x__rid_x=56a5d15e9f3eef55: dummy_return_one(x)
[11:47:34.415] [INFO] [run] subject=20, session=3, speed=1, trial=1, x__rid_x=4f805b24894448aa: dummy_return_one(x)
[11:47:34.416] [INFO] [run] subject=20, session=3, speed=1, trial=2, x__rid_x=904c662472ad20ac: dummy_return_one(x)
[11:47:34.423] [INFO] [run] subject=20, session=3, speed=1, trial=3, x__rid_x=a1613cc7ba134973: dummy_return_one(x)
[11:47:34.425] [INFO] [run] subject=20, session=3, speed=1, trial=4, x__rid_x=70957d41150e8033: dummy_return_one(x)
[11:47:34.432] [INFO] [run] subject=20, session=3, speed=1, trial=5, x__rid_x=150b20224994f75c: dummy_return_one(x)
[11:47:34.433] [INFO] [run] subject=20, session=3, speed=1, trial=6, x__rid_x=a2ec0b1fdf333af5: dummy_return_one(x)
[11:47:34.434] [INFO] [run] subject=20, session=3, speed=1, trial=7, x__rid_x=d37f1891fd60fde0: dummy_return_one(x)
[11:47:34.442] [INFO] [run] subject=20, session=3, speed=10, trial=1, x__rid_x=b2613900e43578cc: dummy_return_one(x)
[11:47:34.444] [INFO] [run] subject=20, session=3, speed=10, trial=2, x__rid_x=c6cc260f10b2d733: dummy_return_one(x)
[11:47:34.451] [INFO] [run] subject=20, session=3, speed=10, trial=3, x__rid_x=c4ca0135f1a4b3b4: dummy_return_one(x)
[11:47:34.452] [INFO] [run] subject=20, session=3, speed=10, trial=4, x__rid_x=728b2d8c3a6a1c71: dummy_return_one(x)
[11:47:34.453] [INFO] [run] subject=20, session=3, speed=10, trial=5, x__rid_x=2ac3d3d890cd86e2: dummy_return_one(x)
[11:47:34.460] [INFO] [run] subject=20, session=3, speed=10, trial=6, x__rid_x=c6ccec79729dbd7b: dummy_return_one(x)
[11:47:34.462] [INFO] [run] subject=20, session=3, speed=10, trial=7, x__rid_x=de5982588b7b504e: dummy_return_one(x)
[11:47:34.469] [INFO] [run] subject=20, session=3, speed=2, trial=1, x__rid_x=35748f9a0e6caf8c: dummy_return_one(x)
[11:47:34.470] [INFO] [run] subject=20, session=3, speed=2, trial=2, x__rid_x=57544f920b3141ae: dummy_return_one(x)
[11:47:34.478] [INFO] [run] subject=20, session=3, speed=2, trial=3, x__rid_x=be834959b99e2d8f: dummy_return_one(x)
[11:47:34.480] [INFO] [run] subject=20, session=3, speed=2, trial=4, x__rid_x=5339ea5bba1b4e17: dummy_return_one(x)
[11:47:34.487] [INFO] [run] subject=20, session=3, speed=2, trial=5, x__rid_x=56cff24f9095e69d: dummy_return_one(x)
[11:47:34.488] [INFO] [run] subject=20, session=3, speed=2, trial=6, x__rid_x=31d2369629fa1a98: dummy_return_one(x)
[11:47:34.496] [INFO] [run] subject=20, session=3, speed=2, trial=7, x__rid_x=05f6d575c6a02ecc: dummy_return_one(x)
[11:47:34.498] [INFO] [run] subject=20, session=3, speed=3, trial=1, x__rid_x=30ba3e1c90ebeea0: dummy_return_one(x)
[11:47:34.505] [INFO] [run] subject=20, session=3, speed=3, trial=2, x__rid_x=af60c88308c8ca6e: dummy_return_one(x)
[11:47:34.506] [INFO] [run] subject=20, session=3, speed=3, trial=3, x__rid_x=9b73da91fca6dc6f: dummy_return_one(x)
[11:47:34.507] [INFO] [run] subject=20, session=3, speed=3, trial=4, x__rid_x=53773a22a72daaa9: dummy_return_one(x)
[11:47:34.515] [INFO] [run] subject=20, session=3, speed=3, trial=5, x__rid_x=081a83f09ac0691b: dummy_return_one(x)
[11:47:34.515] [INFO] [run] subject=20, session=3, speed=3, trial=6, x__rid_x=b7ad9ac0ef5e5014: dummy_return_one(x)
[11:47:34.516] [INFO] [run] subject=20, session=3, speed=3, trial=7, x__rid_x=de2cb72da13c08a7: dummy_return_one(x)
[11:47:34.524] [INFO] [run] subject=20, session=3, speed=4, trial=1, x__rid_x=dbe3930734382040: dummy_return_one(x)
[11:47:34.525] [INFO] [run] subject=20, session=3, speed=4, trial=2, x__rid_x=c67efa708c2a493b: dummy_return_one(x)
[11:47:34.533] [INFO] [run] subject=20, session=3, speed=4, trial=3, x__rid_x=cf18d8c9f57feac9: dummy_return_one(x)
[11:47:34.534] [INFO] [run] subject=20, session=3, speed=4, trial=4, x__rid_x=a9820b7c86943026: dummy_return_one(x)
[11:47:34.542] [INFO] [run] subject=20, session=3, speed=4, trial=5, x__rid_x=75a2c239ea2ce7dc: dummy_return_one(x)
[11:47:34.543] [INFO] [run] subject=20, session=3, speed=4, trial=6, x__rid_x=46a8a516dc4dae43: dummy_return_one(x)
[11:47:34.551] [INFO] [run] subject=20, session=3, speed=4, trial=7, x__rid_x=2c756195aaa675e0: dummy_return_one(x)
[11:47:34.552] [INFO] [run] subject=20, session=3, speed=5, trial=1, x__rid_x=1538e77e7fbbd12d: dummy_return_one(x)
[11:47:34.552] [INFO] [run] subject=20, session=3, speed=5, trial=2, x__rid_x=cc879370ca5dccb5: dummy_return_one(x)
[11:47:34.560] [INFO] [run] subject=20, session=3, speed=5, trial=3, x__rid_x=f29edc8344367cbc: dummy_return_one(x)
[11:47:34.561] [INFO] [run] subject=20, session=3, speed=5, trial=4, x__rid_x=41a69f87eb639bff: dummy_return_one(x)
[11:47:34.569] [INFO] [run] subject=20, session=3, speed=5, trial=5, x__rid_x=416934cac78b2d72: dummy_return_one(x)
[11:47:34.570] [INFO] [run] subject=20, session=3, speed=5, trial=6, x__rid_x=64f90de1de38fb23: dummy_return_one(x)
[11:47:34.570] [INFO] [run] subject=20, session=3, speed=5, trial=7, x__rid_x=5bedf11767a4c1f5: dummy_return_one(x)
[11:47:34.578] [INFO] [run] subject=20, session=3, speed=6, trial=1, x__rid_x=1f7e09a52f7f7ef8: dummy_return_one(x)
[11:47:34.580] [INFO] [run] subject=20, session=3, speed=6, trial=2, x__rid_x=05b3efcae11949cc: dummy_return_one(x)
[11:47:34.587] [INFO] [run] subject=20, session=3, speed=6, trial=3, x__rid_x=70152a4ea9c59184: dummy_return_one(x)
[11:47:34.588] [INFO] [run] subject=20, session=3, speed=6, trial=4, x__rid_x=7da717031e03eaa9: dummy_return_one(x)
[11:47:34.596] [INFO] [run] subject=20, session=3, speed=6, trial=5, x__rid_x=3aa3479f0602ede8: dummy_return_one(x)
[11:47:34.598] [INFO] [run] subject=20, session=3, speed=6, trial=6, x__rid_x=eb4f1ba11fd03715: dummy_return_one(x)
[11:47:34.605] [INFO] [run] subject=20, session=3, speed=6, trial=7, x__rid_x=d9f66fcecd2b80b2: dummy_return_one(x)
[11:47:34.606] [INFO] [run] subject=20, session=3, speed=7, trial=1, x__rid_x=0c5fa66d16bc6c39: dummy_return_one(x)
[11:47:34.607] [INFO] [run] subject=20, session=3, speed=7, trial=2, x__rid_x=c4bfc3fa110571fe: dummy_return_one(x)
[11:47:34.614] [INFO] [run] subject=20, session=3, speed=7, trial=3, x__rid_x=b6279b53a63e3681: dummy_return_one(x)
[11:47:34.615] [INFO] [run] subject=20, session=3, speed=7, trial=4, x__rid_x=a7a5d20b4a1d7b03: dummy_return_one(x)
[11:47:34.623] [INFO] [run] subject=20, session=3, speed=7, trial=5, x__rid_x=ad7ee4d922dc2461: dummy_return_one(x)
[11:47:34.625] [INFO] [run] subject=20, session=3, speed=7, trial=6, x__rid_x=63d67585d8ce84b2: dummy_return_one(x)
[11:47:34.632] [INFO] [run] subject=20, session=3, speed=7, trial=7, x__rid_x=57bf3f1e7b8b7bff: dummy_return_one(x)
[11:47:34.633] [INFO] [run] subject=20, session=3, speed=8, trial=1, x__rid_x=b17c19b987199f0f: dummy_return_one(x)
[11:47:34.634] [INFO] [run] subject=20, session=3, speed=8, trial=2, x__rid_x=d32358c68766e3ac: dummy_return_one(x)
[11:47:34.641] [INFO] [run] subject=20, session=3, speed=8, trial=3, x__rid_x=12fee3d2b297a583: dummy_return_one(x)
[11:47:34.643] [INFO] [run] subject=20, session=3, speed=8, trial=4, x__rid_x=0a262bdf65eb148c: dummy_return_one(x)
[11:47:34.650] [INFO] [run] subject=20, session=3, speed=8, trial=5, x__rid_x=ed89ada161216e38: dummy_return_one(x)
[11:47:34.651] [INFO] [run] subject=20, session=3, speed=8, trial=6, x__rid_x=8f4fff618242004c: dummy_return_one(x)
[11:47:34.652] [INFO] [run] subject=20, session=3, speed=8, trial=7, x__rid_x=e304e922e7fb6d95: dummy_return_one(x)
[11:47:34.660] [INFO] [run] subject=20, session=3, speed=9, trial=1, x__rid_x=cedfd0a9f3d80a79: dummy_return_one(x)
[11:47:34.661] [INFO] [run] subject=20, session=3, speed=9, trial=2, x__rid_x=77db726a58b9ce53: dummy_return_one(x)
[11:47:34.668] [INFO] [run] subject=20, session=3, speed=9, trial=3, x__rid_x=377482a9b440ad3f: dummy_return_one(x)
[11:47:34.670] [INFO] [run] subject=20, session=3, speed=9, trial=4, x__rid_x=07be199ac020d443: dummy_return_one(x)
[11:47:34.670] [INFO] [run] subject=20, session=3, speed=9, trial=5, x__rid_x=f4abe6222eed9939: dummy_return_one(x)
[11:47:34.678] [INFO] [run] subject=20, session=3, speed=9, trial=6, x__rid_x=30f269bd37cd466d: dummy_return_one(x)
[11:47:34.679] [INFO] [run] subject=20, session=3, speed=9, trial=7, x__rid_x=8c1770bf78a33671: dummy_return_one(x)
[11:47:34.687] [INFO] [run] subject=20, session=4, speed=1, trial=1, x__rid_x=56a1bda3e9099475: dummy_return_one(x)
[11:47:34.688] [INFO] [run] subject=20, session=4, speed=1, trial=2, x__rid_x=28a51a93bcd62ebb: dummy_return_one(x)
[11:47:34.696] [INFO] [run] subject=20, session=4, speed=1, trial=3, x__rid_x=7cb53a18310a000f: dummy_return_one(x)
[11:47:34.697] [INFO] [run] subject=20, session=4, speed=1, trial=4, x__rid_x=940c3603a35d0c41: dummy_return_one(x)
[11:47:34.705] [INFO] [run] subject=20, session=4, speed=1, trial=5, x__rid_x=2498a529b88ef886: dummy_return_one(x)
[11:47:34.706] [INFO] [run] subject=20, session=4, speed=1, trial=6, x__rid_x=f96fd735c76084dc: dummy_return_one(x)
[11:47:34.707] [INFO] [run] subject=20, session=4, speed=1, trial=7, x__rid_x=63a2b06c6bd4dbc3: dummy_return_one(x)
[11:47:34.714] [INFO] [run] subject=20, session=4, speed=10, trial=1, x__rid_x=45d6c28ffd7b1107: dummy_return_one(x)
[11:47:34.715] [INFO] [run] subject=20, session=4, speed=10, trial=2, x__rid_x=7cd15a857b717cf2: dummy_return_one(x)
[11:47:34.723] [INFO] [run] subject=20, session=4, speed=10, trial=3, x__rid_x=cec55cd8551320d7: dummy_return_one(x)
[11:47:34.725] [INFO] [run] subject=20, session=4, speed=10, trial=4, x__rid_x=f4d28e9425feceee: dummy_return_one(x)
[11:47:34.732] [INFO] [run] subject=20, session=4, speed=10, trial=5, x__rid_x=bc27336cec5c27fd: dummy_return_one(x)
[11:47:34.733] [INFO] [run] subject=20, session=4, speed=10, trial=6, x__rid_x=93e891ff531837a4: dummy_return_one(x)
[11:47:34.734] [INFO] [run] subject=20, session=4, speed=10, trial=7, x__rid_x=2a242d1a857014d5: dummy_return_one(x)
[11:47:34.741] [INFO] [run] subject=20, session=4, speed=2, trial=1, x__rid_x=60266edea7b9c449: dummy_return_one(x)
[11:47:34.743] [INFO] [run] subject=20, session=4, speed=2, trial=2, x__rid_x=b7830507db62b318: dummy_return_one(x)
[11:47:34.750] [INFO] [run] subject=20, session=4, speed=2, trial=3, x__rid_x=d1c06f1b025ae2b2: dummy_return_one(x)
[11:47:34.751] [INFO] [run] subject=20, session=4, speed=2, trial=4, x__rid_x=0225a9e1966976a1: dummy_return_one(x)
[11:47:34.752] [INFO] [run] subject=20, session=4, speed=2, trial=5, x__rid_x=f003047270f13c8b: dummy_return_one(x)
[11:47:34.760] [INFO] [run] subject=20, session=4, speed=2, trial=6, x__rid_x=70b622bfbd3576d5: dummy_return_one(x)
[11:47:34.761] [INFO] [run] subject=20, session=4, speed=2, trial=7, x__rid_x=2088bdbb29d93080: dummy_return_one(x)
[11:47:34.769] [INFO] [run] subject=20, session=4, speed=3, trial=1, x__rid_x=f9c33f4772269350: dummy_return_one(x)
[11:47:34.769] [INFO] [run] subject=20, session=4, speed=3, trial=2, x__rid_x=e066b777110e358f: dummy_return_one(x)
[11:47:34.778] [INFO] [run] subject=20, session=4, speed=3, trial=3, x__rid_x=1821e70468de5088: dummy_return_one(x)
[11:47:34.779] [INFO] [run] subject=20, session=4, speed=3, trial=4, x__rid_x=a64c660abd8b3996: dummy_return_one(x)
[11:47:34.788] [INFO] [run] subject=20, session=4, speed=3, trial=5, x__rid_x=6664247cb93f0e18: dummy_return_one(x)
[11:47:34.789] [INFO] [run] subject=20, session=4, speed=3, trial=6, x__rid_x=44b16f6a49fdc5e6: dummy_return_one(x)
[11:47:34.797] [INFO] [run] subject=20, session=4, speed=3, trial=7, x__rid_x=0835be5c8f3655a6: dummy_return_one(x)
[11:47:34.798] [INFO] [run] subject=20, session=4, speed=4, trial=1, x__rid_x=6ccc5998f9e138e0: dummy_return_one(x)
[11:47:34.806] [INFO] [run] subject=20, session=4, speed=4, trial=2, x__rid_x=8b6d3d89c392046b: dummy_return_one(x)
[11:47:34.807] [INFO] [run] subject=20, session=4, speed=4, trial=3, x__rid_x=44640a502c01375f: dummy_return_one(x)
[11:47:34.815] [INFO] [run] subject=20, session=4, speed=4, trial=4, x__rid_x=bc5355f46304cc12: dummy_return_one(x)
[11:47:34.817] [INFO] [run] subject=20, session=4, speed=4, trial=5, x__rid_x=7beaa69faf884591: dummy_return_one(x)
[11:47:34.825] [INFO] [run] subject=20, session=4, speed=4, trial=6, x__rid_x=9bf7b893010a286a: dummy_return_one(x)
[11:47:34.826] [INFO] [run] subject=20, session=4, speed=4, trial=7, x__rid_x=44a6c0dfdf31bb42: dummy_return_one(x)
[11:47:34.834] [INFO] [run] subject=20, session=4, speed=5, trial=1, x__rid_x=38d012841b925fcc: dummy_return_one(x)
[11:47:34.835] [INFO] [run] subject=20, session=4, speed=5, trial=2, x__rid_x=5eeeeb523c445190: dummy_return_one(x)
[11:47:34.843] [INFO] [run] subject=20, session=4, speed=5, trial=3, x__rid_x=0d6f4f6a17a068be: dummy_return_one(x)
[11:47:34.844] [INFO] [run] subject=20, session=4, speed=5, trial=4, x__rid_x=3e3927dbd72623f0: dummy_return_one(x)
[11:47:34.852] [INFO] [run] subject=20, session=4, speed=5, trial=5, x__rid_x=a5dd817c1e2fe5b1: dummy_return_one(x)
[11:47:34.853] [INFO] [run] subject=20, session=4, speed=5, trial=6, x__rid_x=a2e93f6a3e273e6d: dummy_return_one(x)
[11:47:34.853] [INFO] [run] subject=20, session=4, speed=5, trial=7, x__rid_x=1f5c4da8228abd40: dummy_return_one(x)
[11:47:34.861] [INFO] [run] subject=20, session=4, speed=6, trial=1, x__rid_x=6ad3ebbf7385fade: dummy_return_one(x)
[11:47:34.863] [INFO] [run] subject=20, session=4, speed=6, trial=2, x__rid_x=bb10077db263d788: dummy_return_one(x)
[11:47:34.870] [INFO] [run] subject=20, session=4, speed=6, trial=3, x__rid_x=27464ef34166b308: dummy_return_one(x)
[11:47:34.871] [INFO] [run] subject=20, session=4, speed=6, trial=4, x__rid_x=ade64391fbb6610c: dummy_return_one(x)
[11:47:34.880] [INFO] [run] subject=20, session=4, speed=6, trial=5, x__rid_x=c7c44a3ab6101b34: dummy_return_one(x)
[11:47:34.881] [INFO] [run] subject=20, session=4, speed=6, trial=6, x__rid_x=b9c5e70ef8073605: dummy_return_one(x)
[11:47:34.889] [INFO] [run] subject=20, session=4, speed=6, trial=7, x__rid_x=ef3827b2649548d6: dummy_return_one(x)
[11:47:34.889] [INFO] [run] subject=20, session=4, speed=7, trial=1, x__rid_x=68b30fa7dd6cc3c2: dummy_return_one(x)
[11:47:34.890] [INFO] [run] subject=20, session=4, speed=7, trial=2, x__rid_x=ad2bc03a6f0cb4ed: dummy_return_one(x)
[11:47:34.898] [INFO] [run] subject=20, session=4, speed=7, trial=3, x__rid_x=edb7763046327311: dummy_return_one(x)
[11:47:34.899] [INFO] [run] subject=20, session=4, speed=7, trial=4, x__rid_x=d307f8db7266884b: dummy_return_one(x)
[11:47:34.900] [INFO] [run] subject=20, session=4, speed=7, trial=5, x__rid_x=82a5c0eabdd3961c: dummy_return_one(x)
[11:47:34.907] [INFO] [run] subject=20, session=4, speed=7, trial=6, x__rid_x=e04ab671de97404e: dummy_return_one(x)
[11:47:34.909] [INFO] [run] subject=20, session=4, speed=7, trial=7, x__rid_x=6de19a9fede8d225: dummy_return_one(x)
[11:47:34.916] [INFO] [run] subject=20, session=4, speed=8, trial=1, x__rid_x=c2ef9abf502ccb84: dummy_return_one(x)
[11:47:34.917] [INFO] [run] subject=20, session=4, speed=8, trial=2, x__rid_x=c8297b981b128fe5: dummy_return_one(x)
[11:47:34.918] [INFO] [run] subject=20, session=4, speed=8, trial=3, x__rid_x=6072582e197f513d: dummy_return_one(x)
[11:47:34.926] [INFO] [run] subject=20, session=4, speed=8, trial=4, x__rid_x=e449ec269620b8af: dummy_return_one(x)
[11:47:34.927] [INFO] [run] subject=20, session=4, speed=8, trial=5, x__rid_x=84c793c211ddbe0b: dummy_return_one(x)
[11:47:34.935] [INFO] [run] subject=20, session=4, speed=8, trial=6, x__rid_x=a6c227c74b2d3c8f: dummy_return_one(x)
[11:47:34.936] [INFO] [run] subject=20, session=4, speed=8, trial=7, x__rid_x=0ed8a4ad7338ce9b: dummy_return_one(x)
[11:47:34.936] [INFO] [run] subject=20, session=4, speed=9, trial=1, x__rid_x=39d3f129dd6103c9: dummy_return_one(x)
[11:47:34.944] [INFO] [run] subject=20, session=4, speed=9, trial=2, x__rid_x=c64792a13f6db869: dummy_return_one(x)
[11:47:34.945] [INFO] [run] subject=20, session=4, speed=9, trial=3, x__rid_x=ca2113e867489b7e: dummy_return_one(x)
[11:47:34.946] [INFO] [run] subject=20, session=4, speed=9, trial=4, x__rid_x=75f34a676e3516d8: dummy_return_one(x)
[11:47:34.954] [INFO] [run] subject=20, session=4, speed=9, trial=5, x__rid_x=8f69bc4f7a09d3db: dummy_return_one(x)
[11:47:34.955] [INFO] [run] subject=20, session=4, speed=9, trial=6, x__rid_x=2258cba5b98a2f72: dummy_return_one(x)
[11:47:34.955] [INFO] [run] subject=20, session=4, speed=9, trial=7, x__rid_x=9aec80d1d6cfa0cc: dummy_return_one(x)
[11:47:34.963] [INFO] [run] subject=20, session=5, speed=1, trial=1, x__rid_x=fcd48d3d0aa1eb58: dummy_return_one(x)
[11:47:34.964] [INFO] [run] subject=20, session=5, speed=1, trial=2, x__rid_x=67fb158b1f8a5cbd: dummy_return_one(x)
[11:47:34.972] [INFO] [run] subject=20, session=5, speed=1, trial=3, x__rid_x=1ca0f50fa25e202d: dummy_return_one(x)
[11:47:34.973] [INFO] [run] subject=20, session=5, speed=1, trial=4, x__rid_x=5018100f19225f84: dummy_return_one(x)
[11:47:34.982] [INFO] [run] subject=20, session=5, speed=1, trial=5, x__rid_x=81640cfbba85a6ac: dummy_return_one(x)
[11:47:34.983] [INFO] [run] subject=20, session=5, speed=1, trial=6, x__rid_x=6e11347c82ac3192: dummy_return_one(x)
[11:47:34.991] [INFO] [run] subject=20, session=5, speed=1, trial=7, x__rid_x=6985b11c5cae4a5e: dummy_return_one(x)
[11:47:34.992] [INFO] [run] subject=20, session=5, speed=10, trial=1, x__rid_x=c26c5c86ae952bad: dummy_return_one(x)
[11:47:35.001] [INFO] [run] subject=20, session=5, speed=10, trial=2, x__rid_x=baaaf4147df445db: dummy_return_one(x)
[11:47:35.002] [INFO] [run] subject=20, session=5, speed=10, trial=3, x__rid_x=ed0814f73adaedc9: dummy_return_one(x)
[11:47:35.010] [INFO] [run] subject=20, session=5, speed=10, trial=4, x__rid_x=b1bbd4e5871e7373: dummy_return_one(x)
[11:47:35.012] [INFO] [run] subject=20, session=5, speed=10, trial=5, x__rid_x=fa2dead8d8b5b1e5: dummy_return_one(x)
[11:47:35.019] [INFO] [run] subject=20, session=5, speed=10, trial=6, x__rid_x=59734bb548ddacf6: dummy_return_one(x)
[11:47:35.021] [INFO] [run] subject=20, session=5, speed=10, trial=7, x__rid_x=98e84ffda390d46f: dummy_return_one(x)
[11:47:35.029] [INFO] [run] subject=20, session=5, speed=2, trial=1, x__rid_x=eaecbc1e36488c70: dummy_return_one(x)
[11:47:35.030] [INFO] [run] subject=20, session=5, speed=2, trial=2, x__rid_x=cb8337cf8c8338be: dummy_return_one(x)
[11:47:35.038] [INFO] [run] subject=20, session=5, speed=2, trial=3, x__rid_x=a5254a0c81751039: dummy_return_one(x)
[11:47:35.039] [INFO] [run] subject=20, session=5, speed=2, trial=4, x__rid_x=7a41310a96f53bcd: dummy_return_one(x)
[11:47:35.039] [INFO] [run] subject=20, session=5, speed=2, trial=5, x__rid_x=ad8a65354eed8cb4: dummy_return_one(x)
[11:47:35.047] [INFO] [run] subject=20, session=5, speed=2, trial=6, x__rid_x=2aff6106c0228f80: dummy_return_one(x)
[11:47:35.048] [INFO] [run] subject=20, session=5, speed=2, trial=7, x__rid_x=1e38a3ea6b336cb9: dummy_return_one(x)
[11:47:35.056] [INFO] [run] subject=20, session=5, speed=3, trial=1, x__rid_x=0244ab62cdc1f728: dummy_return_one(x)
[11:47:35.057] [INFO] [run] subject=20, session=5, speed=3, trial=2, x__rid_x=5b1f164b1255f43d: dummy_return_one(x)
[11:47:35.058] [INFO] [run] subject=20, session=5, speed=3, trial=3, x__rid_x=84936da68d9dd5e4: dummy_return_one(x)
[11:47:35.065] [INFO] [run] subject=20, session=5, speed=3, trial=4, x__rid_x=499c39cd2cb95bc5: dummy_return_one(x)
[11:47:35.066] [INFO] [run] subject=20, session=5, speed=3, trial=5, x__rid_x=e990d3622e385854: dummy_return_one(x)
[11:47:35.067] [INFO] [run] subject=20, session=5, speed=3, trial=6, x__rid_x=1a03b469e5ab9ffb: dummy_return_one(x)
[11:47:35.074] [INFO] [run] subject=20, session=5, speed=3, trial=7, x__rid_x=d942069ae4b886d5: dummy_return_one(x)
[11:47:35.076] [INFO] [run] subject=20, session=5, speed=4, trial=1, x__rid_x=cd62a2e91e0f6a5b: dummy_return_one(x)
[11:47:35.083] [INFO] [run] subject=20, session=5, speed=4, trial=2, x__rid_x=6f1e24a07ef7ecab: dummy_return_one(x)
[11:47:35.084] [INFO] [run] subject=20, session=5, speed=4, trial=3, x__rid_x=7eaa98fe3980680d: dummy_return_one(x)
[11:47:35.085] [INFO] [run] subject=20, session=5, speed=4, trial=4, x__rid_x=7a07ddb91c24d726: dummy_return_one(x)
[11:47:35.093] [INFO] [run] subject=20, session=5, speed=4, trial=5, x__rid_x=0c63ed3565520448: dummy_return_one(x)
[11:47:35.094] [INFO] [run] subject=20, session=5, speed=4, trial=6, x__rid_x=a4bbd85cafecebad: dummy_return_one(x)
[11:47:35.102] [INFO] [run] subject=20, session=5, speed=4, trial=7, x__rid_x=2d7870f3584c0104: dummy_return_one(x)
[11:47:35.102] [INFO] [run] subject=20, session=5, speed=5, trial=1, x__rid_x=a3ef29405102d827: dummy_return_one(x)
[11:47:35.103] [INFO] [run] subject=20, session=5, speed=5, trial=2, x__rid_x=337949255bfa43e2: dummy_return_one(x)
[11:47:35.111] [INFO] [run] subject=20, session=5, speed=5, trial=3, x__rid_x=51015b2b1a02e4ae: dummy_return_one(x)
[11:47:35.112] [INFO] [run] subject=20, session=5, speed=5, trial=4, x__rid_x=62f767c0f7df267a: dummy_return_one(x)
[11:47:35.120] [INFO] [run] subject=20, session=5, speed=5, trial=5, x__rid_x=d1270a15b6dd57df: dummy_return_one(x)
[11:47:35.121] [INFO] [run] subject=20, session=5, speed=5, trial=6, x__rid_x=48c7e0746d6a8ebd: dummy_return_one(x)
[11:47:35.121] [INFO] [run] subject=20, session=5, speed=5, trial=7, x__rid_x=0793ac11de963d54: dummy_return_one(x)
[11:47:35.129] [INFO] [run] subject=20, session=5, speed=6, trial=1, x__rid_x=fffebc599eb926d3: dummy_return_one(x)
[11:47:35.130] [INFO] [run] subject=20, session=5, speed=6, trial=2, x__rid_x=e657745a2359ef7c: dummy_return_one(x)
[11:47:35.138] [INFO] [run] subject=20, session=5, speed=6, trial=3, x__rid_x=6835d9ba0f21dde9: dummy_return_one(x)
[11:47:35.139] [INFO] [run] subject=20, session=5, speed=6, trial=4, x__rid_x=def7ce980cc3f4e0: dummy_return_one(x)
[11:47:35.147] [INFO] [run] subject=20, session=5, speed=6, trial=5, x__rid_x=f8188f91167904e2: dummy_return_one(x)
[11:47:35.148] [INFO] [run] subject=20, session=5, speed=6, trial=6, x__rid_x=fca819b935a12772: dummy_return_one(x)
[11:47:35.149] [INFO] [run] subject=20, session=5, speed=6, trial=7, x__rid_x=91bb6ef22b9a820f: dummy_return_one(x)
[11:47:35.157] [INFO] [run] subject=20, session=5, speed=7, trial=1, x__rid_x=6db6cc3c40402062: dummy_return_one(x)
[11:47:35.158] [INFO] [run] subject=20, session=5, speed=7, trial=2, x__rid_x=9fe97ca9f716a5dc: dummy_return_one(x)
[11:47:35.166] [INFO] [run] subject=20, session=5, speed=7, trial=3, x__rid_x=35e6fab2954cf2e3: dummy_return_one(x)
[11:47:35.167] [INFO] [run] subject=20, session=5, speed=7, trial=4, x__rid_x=c0aa376435cf53a0: dummy_return_one(x)
[11:47:35.167] [INFO] [run] subject=20, session=5, speed=7, trial=5, x__rid_x=eaca0d0ddc1c758d: dummy_return_one(x)
[11:47:35.175] [INFO] [run] subject=20, session=5, speed=7, trial=6, x__rid_x=bfa9887ce40a4234: dummy_return_one(x)
[11:47:35.176] [INFO] [run] subject=20, session=5, speed=7, trial=7, x__rid_x=20b0be2f0e7335a0: dummy_return_one(x)
[11:47:35.184] [INFO] [run] subject=20, session=5, speed=8, trial=1, x__rid_x=77de2c7cd766b201: dummy_return_one(x)
[11:47:35.185] [INFO] [run] subject=20, session=5, speed=8, trial=2, x__rid_x=37fb26f6159034e9: dummy_return_one(x)
[11:47:35.186] [INFO] [run] subject=20, session=5, speed=8, trial=3, x__rid_x=30d250171f58b397: dummy_return_one(x)
[11:47:35.193] [INFO] [run] subject=20, session=5, speed=8, trial=4, x__rid_x=80be748d8e283596: dummy_return_one(x)
[11:47:35.195] [INFO] [run] subject=20, session=5, speed=8, trial=5, x__rid_x=f5709d4b544b537b: dummy_return_one(x)
[11:47:35.202] [INFO] [run] subject=20, session=5, speed=8, trial=6, x__rid_x=3aaa4de456ab7644: dummy_return_one(x)
[11:47:35.203] [INFO] [run] subject=20, session=5, speed=8, trial=7, x__rid_x=88ec5e2543ef090f: dummy_return_one(x)
[11:47:35.204] [INFO] [run] subject=20, session=5, speed=9, trial=1, x__rid_x=a61763ca43b40da0: dummy_return_one(x)
[11:47:35.212] [INFO] [run] subject=20, session=5, speed=9, trial=2, x__rid_x=3718b8e63a924a66: dummy_return_one(x)
[11:47:35.213] [INFO] [run] subject=20, session=5, speed=9, trial=3, x__rid_x=a320476c30ca53d1: dummy_return_one(x)
[11:47:35.221] [INFO] [run] subject=20, session=5, speed=9, trial=4, x__rid_x=3db9ecf1cc30f7a5: dummy_return_one(x)
[11:47:35.222] [INFO] [run] subject=20, session=5, speed=9, trial=5, x__rid_x=f79be1531e91203a: dummy_return_one(x)
[11:47:35.222] [INFO] [run] subject=20, session=5, speed=9, trial=6, x__rid_x=3101618c64e8400d: dummy_return_one(x)
[11:47:35.230] [INFO] [run] subject=20, session=5, speed=9, trial=7, x__rid_x=d6522f8706e7c389: dummy_return_one(x)
[11:47:35.231] [INFO] [run] subject=3, session=1, speed=1, trial=1, x__rid_x=c473441feb1fec3c: dummy_return_one(x)
[11:47:35.232] [INFO] [run] subject=3, session=1, speed=1, trial=2, x__rid_x=5f7fbafc6552a079: dummy_return_one(x)
[11:47:35.239] [INFO] [run] subject=3, session=1, speed=1, trial=3, x__rid_x=fdae22ed0c47bb5c: dummy_return_one(x)
[11:47:35.240] [INFO] [run] subject=3, session=1, speed=1, trial=4, x__rid_x=5c888847cc7854f5: dummy_return_one(x)
[11:47:35.241] [INFO] [run] subject=3, session=1, speed=1, trial=5, x__rid_x=c08472748c592346: dummy_return_one(x)
[11:47:35.249] [INFO] [run] subject=3, session=1, speed=1, trial=6, x__rid_x=4ac0c61f2ed10ee6: dummy_return_one(x)
[11:47:35.249] [INFO] [run] subject=3, session=1, speed=1, trial=7, x__rid_x=a46d370a06256eb3: dummy_return_one(x)
[11:47:35.250] [INFO] [run] subject=3, session=1, speed=10, trial=1, x__rid_x=90bdf275523d37ff: dummy_return_one(x)
[11:47:35.258] [INFO] [run] subject=3, session=1, speed=10, trial=2, x__rid_x=593af168aac51bc7: dummy_return_one(x)
[11:47:35.259] [INFO] [run] subject=3, session=1, speed=10, trial=3, x__rid_x=318ece3d8a51b97d: dummy_return_one(x)
[11:47:35.267] [INFO] [run] subject=3, session=1, speed=10, trial=4, x__rid_x=4718254b5e38edc4: dummy_return_one(x)
[11:47:35.268] [INFO] [run] subject=3, session=1, speed=10, trial=5, x__rid_x=ec4343dfa61edbe6: dummy_return_one(x)
[11:47:35.268] [INFO] [run] subject=3, session=1, speed=10, trial=6, x__rid_x=cdc7d018a8a94cca: dummy_return_one(x)
[11:47:35.276] [INFO] [run] subject=3, session=1, speed=10, trial=7, x__rid_x=680ef752a7fc357f: dummy_return_one(x)
[11:47:35.277] [INFO] [run] subject=3, session=1, speed=2, trial=1, x__rid_x=a0e0ae54db547db6: dummy_return_one(x)
[11:47:35.285] [INFO] [run] subject=3, session=1, speed=2, trial=2, x__rid_x=74f1acc371e8e32a: dummy_return_one(x)
[11:47:35.286] [INFO] [run] subject=3, session=1, speed=2, trial=3, x__rid_x=0cbabf868c6800e6: dummy_return_one(x)
[11:47:35.287] [INFO] [run] subject=3, session=1, speed=2, trial=4, x__rid_x=683b3535a69dd437: dummy_return_one(x)
[11:47:35.295] [INFO] [run] subject=3, session=1, speed=2, trial=5, x__rid_x=af8610ebb7b5c9ef: dummy_return_one(x)
[11:47:35.296] [INFO] [run] subject=3, session=1, speed=2, trial=6, x__rid_x=47dc44a61eaba391: dummy_return_one(x)
[11:47:35.304] [INFO] [run] subject=3, session=1, speed=2, trial=7, x__rid_x=7368130919adf541: dummy_return_one(x)
[11:47:35.304] [INFO] [run] subject=3, session=1, speed=3, trial=1, x__rid_x=1be102f30471a00a: dummy_return_one(x)
[11:47:35.305] [INFO] [run] subject=3, session=1, speed=3, trial=2, x__rid_x=85638c64b8f988ea: dummy_return_one(x)
[11:47:35.305] [INFO] [run] subject=3, session=1, speed=3, trial=3, x__rid_x=86acf82b6200c595: dummy_return_one(x)
[11:47:35.313] [INFO] [run] subject=3, session=1, speed=3, trial=4, x__rid_x=5ae990bc0455029c: dummy_return_one(x)
[11:47:35.314] [INFO] [run] subject=3, session=1, speed=3, trial=5, x__rid_x=df5f2d1532fdac8b: dummy_return_one(x)
[11:47:35.314] [INFO] [run] subject=3, session=1, speed=3, trial=6, x__rid_x=5aa206b6bc36b639: dummy_return_one(x)
[11:47:35.322] [INFO] [run] subject=3, session=1, speed=3, trial=7, x__rid_x=8858abd3fcec5474: dummy_return_one(x)
[11:47:35.323] [INFO] [run] subject=3, session=1, speed=4, trial=1, x__rid_x=b3331190eb817f40: dummy_return_one(x)
[11:47:35.324] [INFO] [run] subject=3, session=1, speed=4, trial=2, x__rid_x=2766f4fb577c69ad: dummy_return_one(x)
[11:47:35.331] [INFO] [run] subject=3, session=1, speed=4, trial=3, x__rid_x=2d8ac6aebd20552c: dummy_return_one(x)
[11:47:35.332] [INFO] [run] subject=3, session=1, speed=4, trial=4, x__rid_x=93704de118fcf23f: dummy_return_one(x)
[11:47:35.333] [INFO] [run] subject=3, session=1, speed=4, trial=5, x__rid_x=f45474b958abd808: dummy_return_one(x)
[11:47:35.341] [INFO] [run] subject=3, session=1, speed=4, trial=6, x__rid_x=685f7830679d4fc0: dummy_return_one(x)
[11:47:35.342] [INFO] [run] subject=3, session=1, speed=4, trial=7, x__rid_x=78a85a0edf286987: dummy_return_one(x)
[11:47:35.343] [INFO] [run] subject=3, session=1, speed=5, trial=1, x__rid_x=925a028904216293: dummy_return_one(x)
[11:47:35.350] [INFO] [run] subject=3, session=1, speed=5, trial=2, x__rid_x=82c68ab5b677946d: dummy_return_one(x)
[11:47:35.351] [INFO] [run] subject=3, session=1, speed=5, trial=3, x__rid_x=6f02517e2c9a71e4: dummy_return_one(x)
[11:47:35.352] [INFO] [run] subject=3, session=1, speed=5, trial=4, x__rid_x=e38f56e40d4a4510: dummy_return_one(x)
[11:47:35.360] [INFO] [run] subject=3, session=1, speed=5, trial=5, x__rid_x=16396caaeb830286: dummy_return_one(x)
[11:47:35.361] [INFO] [run] subject=3, session=1, speed=5, trial=6, x__rid_x=1176ff3fe38d2c03: dummy_return_one(x)
[11:47:35.361] [INFO] [run] subject=3, session=1, speed=5, trial=7, x__rid_x=7dce042c83daa5b8: dummy_return_one(x)
[11:47:35.369] [INFO] [run] subject=3, session=1, speed=6, trial=1, x__rid_x=c009bb4b2a3b15f8: dummy_return_one(x)
[11:47:35.370] [INFO] [run] subject=3, session=1, speed=6, trial=2, x__rid_x=1b3cb27f8d6651f5: dummy_return_one(x)
[11:47:35.370] [INFO] [run] subject=3, session=1, speed=6, trial=3, x__rid_x=d09f4095169f59fc: dummy_return_one(x)
[11:47:35.378] [INFO] [run] subject=3, session=1, speed=6, trial=4, x__rid_x=6eeb29cb7305cad1: dummy_return_one(x)
[11:47:35.379] [INFO] [run] subject=3, session=1, speed=6, trial=5, x__rid_x=a782c2c3df45748f: dummy_return_one(x)
[11:47:35.380] [INFO] [run] subject=3, session=1, speed=6, trial=6, x__rid_x=7ff06c812d2fe0fb: dummy_return_one(x)
[11:47:35.387] [INFO] [run] subject=3, session=1, speed=6, trial=7, x__rid_x=7d6a35c38f9bfeae: dummy_return_one(x)
[11:47:35.388] [INFO] [run] subject=3, session=1, speed=7, trial=1, x__rid_x=8c07b5c48c4eddc7: dummy_return_one(x)
[11:47:35.389] [INFO] [run] subject=3, session=1, speed=7, trial=2, x__rid_x=77bcb9e87882e3b4: dummy_return_one(x)
[11:47:35.397] [INFO] [run] subject=3, session=1, speed=7, trial=3, x__rid_x=7c3bffade7029e55: dummy_return_one(x)
[11:47:35.398] [INFO] [run] subject=3, session=1, speed=7, trial=4, x__rid_x=5618e85d7369d9c7: dummy_return_one(x)
[11:47:35.399] [INFO] [run] subject=3, session=1, speed=7, trial=5, x__rid_x=aec46d4e3e7232d9: dummy_return_one(x)
[11:47:35.406] [INFO] [run] subject=3, session=1, speed=7, trial=6, x__rid_x=9189670e73bd6d76: dummy_return_one(x)
[11:47:35.407] [INFO] [run] subject=3, session=1, speed=7, trial=7, x__rid_x=961e4b980da66f61: dummy_return_one(x)
[11:47:35.408] [INFO] [run] subject=3, session=1, speed=8, trial=1, x__rid_x=150350b804764d51: dummy_return_one(x)
[11:47:35.415] [INFO] [run] subject=3, session=1, speed=8, trial=2, x__rid_x=a9c9b9848965db03: dummy_return_one(x)
[11:47:35.416] [INFO] [run] subject=3, session=1, speed=8, trial=3, x__rid_x=517cc6f8725e719c: dummy_return_one(x)
[11:47:35.417] [INFO] [run] subject=3, session=1, speed=8, trial=4, x__rid_x=00d576cc7b8c5de9: dummy_return_one(x)
[11:47:35.425] [INFO] [run] subject=3, session=1, speed=8, trial=5, x__rid_x=fce2d65d7dffc839: dummy_return_one(x)
[11:47:35.426] [INFO] [run] subject=3, session=1, speed=8, trial=6, x__rid_x=919b1d84d1a3fa85: dummy_return_one(x)
[11:47:35.427] [INFO] [run] subject=3, session=1, speed=8, trial=7, x__rid_x=6f1bf0af7b328637: dummy_return_one(x)
[11:47:35.435] [INFO] [run] subject=3, session=1, speed=9, trial=1, x__rid_x=a9b7b530290a248f: dummy_return_one(x)
[11:47:35.435] [INFO] [run] subject=3, session=1, speed=9, trial=2, x__rid_x=964da6ffbfb04e6a: dummy_return_one(x)
[11:47:35.436] [INFO] [run] subject=3, session=1, speed=9, trial=3, x__rid_x=5efb50ce5ea4fe15: dummy_return_one(x)
[11:47:35.444] [INFO] [run] subject=3, session=1, speed=9, trial=4, x__rid_x=0805b08dae813531: dummy_return_one(x)
[11:47:35.445] [INFO] [run] subject=3, session=1, speed=9, trial=5, x__rid_x=f45931aa6b26e184: dummy_return_one(x)
[11:47:35.453] [INFO] [run] subject=3, session=1, speed=9, trial=6, x__rid_x=07090997a2bf84f3: dummy_return_one(x)
[11:47:35.454] [INFO] [run] subject=3, session=1, speed=9, trial=7, x__rid_x=c7a72a6880fd0268: dummy_return_one(x)
[11:47:35.455] [INFO] [run] subject=3, session=2, speed=1, trial=1, x__rid_x=f030db07e030ee0c: dummy_return_one(x)
[11:47:35.455] [INFO] [run] subject=3, session=2, speed=1, trial=2, x__rid_x=5579ca466606abf6: dummy_return_one(x)
[11:47:35.463] [INFO] [run] subject=3, session=2, speed=1, trial=3, x__rid_x=41e0d7f7803beb04: dummy_return_one(x)
[11:47:35.464] [INFO] [run] subject=3, session=2, speed=1, trial=4, x__rid_x=8f53a7d74d80c081: dummy_return_one(x)
[11:47:35.464] [INFO] [run] subject=3, session=2, speed=1, trial=5, x__rid_x=5454a8d16650dc80: dummy_return_one(x)
[11:47:35.472] [INFO] [run] subject=3, session=2, speed=1, trial=6, x__rid_x=2aed07f7c5c45bee: dummy_return_one(x)
[11:47:35.473] [INFO] [run] subject=3, session=2, speed=1, trial=7, x__rid_x=db939d3a41ab0288: dummy_return_one(x)
[11:47:35.473] [INFO] [run] subject=3, session=2, speed=10, trial=1, x__rid_x=8615b73f98311de4: dummy_return_one(x)
[11:47:35.481] [INFO] [run] subject=3, session=2, speed=10, trial=2, x__rid_x=5561e3451da9ce9f: dummy_return_one(x)
[11:47:35.482] [INFO] [run] subject=3, session=2, speed=10, trial=3, x__rid_x=91d7923cfe7dfe3f: dummy_return_one(x)
[11:47:35.483] [INFO] [run] subject=3, session=2, speed=10, trial=4, x__rid_x=7f586513331ebadd: dummy_return_one(x)
[11:47:35.491] [INFO] [run] subject=3, session=2, speed=10, trial=5, x__rid_x=50e9bfa29eeac48f: dummy_return_one(x)
[11:47:35.492] [INFO] [run] subject=3, session=2, speed=10, trial=6, x__rid_x=886aeec55293c286: dummy_return_one(x)
[11:47:35.492] [INFO] [run] subject=3, session=2, speed=10, trial=7, x__rid_x=4b0deb2dff008c6e: dummy_return_one(x)
[11:47:35.500] [INFO] [run] subject=3, session=2, speed=2, trial=1, x__rid_x=2c4b75034e0e4dce: dummy_return_one(x)
[11:47:35.500] [INFO] [run] subject=3, session=2, speed=2, trial=2, x__rid_x=27e942b0a6fb7273: dummy_return_one(x)
[11:47:35.501] [INFO] [run] subject=3, session=2, speed=2, trial=3, x__rid_x=0d02ba03d0da0359: dummy_return_one(x)
[11:47:35.509] [INFO] [run] subject=3, session=2, speed=2, trial=4, x__rid_x=e00891a40db3df82: dummy_return_one(x)
[11:47:35.510] [INFO] [run] subject=3, session=2, speed=2, trial=5, x__rid_x=6264cec89d2de1f3: dummy_return_one(x)
[11:47:35.518] [INFO] [run] subject=3, session=2, speed=2, trial=6, x__rid_x=14e6430c2b8b6476: dummy_return_one(x)
[11:47:35.519] [INFO] [run] subject=3, session=2, speed=2, trial=7, x__rid_x=df23f19e85c373f9: dummy_return_one(x)
[11:47:35.520] [INFO] [run] subject=3, session=2, speed=3, trial=1, x__rid_x=6d7b3001f47b5a2b: dummy_return_one(x)
[11:47:35.528] [INFO] [run] subject=3, session=2, speed=3, trial=2, x__rid_x=b6f5935ca7a70455: dummy_return_one(x)
[11:47:35.529] [INFO] [run] subject=3, session=2, speed=3, trial=3, x__rid_x=d71574d7106d46f6: dummy_return_one(x)
[11:47:35.537] [INFO] [run] subject=3, session=2, speed=3, trial=4, x__rid_x=575d542166179194: dummy_return_one(x)
[11:47:35.538] [INFO] [run] subject=3, session=2, speed=3, trial=5, x__rid_x=1c019aeb8a90fe4f: dummy_return_one(x)
[11:47:35.538] [INFO] [run] subject=3, session=2, speed=3, trial=6, x__rid_x=e966433c253bc737: dummy_return_one(x)
[11:47:35.547] [INFO] [run] subject=3, session=2, speed=3, trial=7, x__rid_x=dc8798b127152290: dummy_return_one(x)
[11:47:35.548] [INFO] [run] subject=3, session=2, speed=4, trial=1, x__rid_x=65bfcdea1130642c: dummy_return_one(x)
[11:47:35.556] [INFO] [run] subject=3, session=2, speed=4, trial=2, x__rid_x=3be5d2f8f92057d5: dummy_return_one(x)
[11:47:35.557] [INFO] [run] subject=3, session=2, speed=4, trial=3, x__rid_x=ac05a27c9ad51327: dummy_return_one(x)
[11:47:35.558] [INFO] [run] subject=3, session=2, speed=4, trial=4, x__rid_x=c58bca97b919af27: dummy_return_one(x)
[11:47:35.565] [INFO] [run] subject=3, session=2, speed=4, trial=5, x__rid_x=bc16a15427725941: dummy_return_one(x)
[11:47:35.566] [INFO] [run] subject=3, session=2, speed=4, trial=6, x__rid_x=169734c8b616e749: dummy_return_one(x)
[11:47:35.567] [INFO] [run] subject=3, session=2, speed=4, trial=7, x__rid_x=c8dc1315931430e6: dummy_return_one(x)
[11:47:35.575] [INFO] [run] subject=3, session=2, speed=5, trial=1, x__rid_x=45537b4ffd80a2fb: dummy_return_one(x)
[11:47:35.576] [INFO] [run] subject=3, session=2, speed=5, trial=2, x__rid_x=df3786aaf7b020ff: dummy_return_one(x)
[11:47:35.577] [INFO] [run] subject=3, session=2, speed=5, trial=3, x__rid_x=ba25a1058ea1ffc1: dummy_return_one(x)
[11:47:35.584] [INFO] [run] subject=3, session=2, speed=5, trial=4, x__rid_x=371eb6ceed813885: dummy_return_one(x)
[11:47:35.585] [INFO] [run] subject=3, session=2, speed=5, trial=5, x__rid_x=4432c71b8a8c4a14: dummy_return_one(x)
[11:47:35.585] [INFO] [run] subject=3, session=2, speed=5, trial=6, x__rid_x=21879e9d69140baa: dummy_return_one(x)
[11:47:35.586] [INFO] [run] subject=3, session=2, speed=5, trial=7, x__rid_x=14d7c4312dd226df: dummy_return_one(x)
[11:47:35.594] [INFO] [run] subject=3, session=2, speed=6, trial=1, x__rid_x=df2abda1cb3d1c3a: dummy_return_one(x)
[11:47:35.595] [INFO] [run] subject=3, session=2, speed=6, trial=2, x__rid_x=fb3a6c1045b3e928: dummy_return_one(x)
[11:47:35.595] [INFO] [run] subject=3, session=2, speed=6, trial=3, x__rid_x=f6b838ebaa4cd043: dummy_return_one(x)
[11:47:35.603] [INFO] [run] subject=3, session=2, speed=6, trial=4, x__rid_x=bbee45eb828d62e1: dummy_return_one(x)
[11:47:35.603] [INFO] [run] subject=3, session=2, speed=6, trial=5, x__rid_x=eb9f778c13e934ec: dummy_return_one(x)
[11:47:35.604] [INFO] [run] subject=3, session=2, speed=6, trial=6, x__rid_x=74e1a96aaa328478: dummy_return_one(x)
[11:47:35.612] [INFO] [run] subject=3, session=2, speed=6, trial=7, x__rid_x=4ca529187b018d29: dummy_return_one(x)
[11:47:35.613] [INFO] [run] subject=3, session=2, speed=7, trial=1, x__rid_x=aae69a13de0c9112: dummy_return_one(x)
[11:47:35.621] [INFO] [run] subject=3, session=2, speed=7, trial=2, x__rid_x=0971eaefa7f7d8d6: dummy_return_one(x)
[11:47:35.622] [INFO] [run] subject=3, session=2, speed=7, trial=3, x__rid_x=8bcdc880c3d8c1c9: dummy_return_one(x)
[11:47:35.623] [INFO] [run] subject=3, session=2, speed=7, trial=4, x__rid_x=0dc75f8689a58705: dummy_return_one(x)
[11:47:35.631] [INFO] [run] subject=3, session=2, speed=7, trial=5, x__rid_x=1d17d802fdd7f44a: dummy_return_one(x)
[11:47:35.632] [INFO] [run] subject=3, session=2, speed=7, trial=6, x__rid_x=33dc2b64469077da: dummy_return_one(x)
[11:47:35.632] [INFO] [run] subject=3, session=2, speed=7, trial=7, x__rid_x=1caf4dfd2339a5ee: dummy_return_one(x)
[11:47:35.640] [INFO] [run] subject=3, session=2, speed=8, trial=1, x__rid_x=a2b6fe28a8b512e4: dummy_return_one(x)
[11:47:35.641] [INFO] [run] subject=3, session=2, speed=8, trial=2, x__rid_x=838b0541a7d01100: dummy_return_one(x)
[11:47:35.642] [INFO] [run] subject=3, session=2, speed=8, trial=3, x__rid_x=ae86b74c1e410f7a: dummy_return_one(x)
[11:47:35.650] [INFO] [run] subject=3, session=2, speed=8, trial=4, x__rid_x=e1118e199ddfc39f: dummy_return_one(x)
[11:47:35.650] [INFO] [run] subject=3, session=2, speed=8, trial=5, x__rid_x=5be8af42c9dc30a6: dummy_return_one(x)
[11:47:35.651] [INFO] [run] subject=3, session=2, speed=8, trial=6, x__rid_x=5d36d8cdabac0682: dummy_return_one(x)
[11:47:35.651] [INFO] [run] subject=3, session=2, speed=8, trial=7, x__rid_x=8955faccd6a3e550: dummy_return_one(x)
[11:47:35.659] [INFO] [run] subject=3, session=2, speed=9, trial=1, x__rid_x=3676b76bf210bd28: dummy_return_one(x)
[11:47:35.660] [INFO] [run] subject=3, session=2, speed=9, trial=2, x__rid_x=9276431b9b3fe5aa: dummy_return_one(x)
[11:47:35.668] [INFO] [run] subject=3, session=2, speed=9, trial=3, x__rid_x=215b672f83f72acc: dummy_return_one(x)
[11:47:35.669] [INFO] [run] subject=3, session=2, speed=9, trial=4, x__rid_x=1d74008ff62d9c55: dummy_return_one(x)
[11:47:35.670] [INFO] [run] subject=3, session=2, speed=9, trial=5, x__rid_x=939f71b747f84c7e: dummy_return_one(x)
[11:47:35.670] [INFO] [run] subject=3, session=2, speed=9, trial=6, x__rid_x=d678c7b7d6fe0281: dummy_return_one(x)
[11:47:35.678] [INFO] [run] subject=3, session=2, speed=9, trial=7, x__rid_x=9ace8d66233999fa: dummy_return_one(x)
[11:47:35.679] [INFO] [run] subject=3, session=3, speed=1, trial=1, x__rid_x=8cc7bca80ca0dc71: dummy_return_one(x)
[11:47:35.680] [INFO] [run] subject=3, session=3, speed=1, trial=2, x__rid_x=3acca395f3f166ce: dummy_return_one(x)
[11:47:35.687] [INFO] [run] subject=3, session=3, speed=1, trial=3, x__rid_x=4f4e20c730ed5060: dummy_return_one(x)
[11:47:35.688] [INFO] [run] subject=3, session=3, speed=1, trial=4, x__rid_x=2b4d3ff11e2ff1f6: dummy_return_one(x)
[11:47:35.689] [INFO] [run] subject=3, session=3, speed=1, trial=5, x__rid_x=9f082c9a4374eaed: dummy_return_one(x)
[11:47:35.697] [INFO] [run] subject=3, session=3, speed=1, trial=6, x__rid_x=d1b36342f6d5d95f: dummy_return_one(x)
[11:47:35.698] [INFO] [run] subject=3, session=3, speed=1, trial=7, x__rid_x=b80eba87f921c2cb: dummy_return_one(x)
[11:47:35.698] [INFO] [run] subject=3, session=3, speed=10, trial=1, x__rid_x=5680c901218a6fd4: dummy_return_one(x)
[11:47:35.706] [INFO] [run] subject=3, session=3, speed=10, trial=2, x__rid_x=2432a794f5f996c4: dummy_return_one(x)
[11:47:35.707] [INFO] [run] subject=3, session=3, speed=10, trial=3, x__rid_x=503b0aa173476682: dummy_return_one(x)
[11:47:35.708] [INFO] [run] subject=3, session=3, speed=10, trial=4, x__rid_x=d3a8fac76c9f57cb: dummy_return_one(x)
[11:47:35.716] [INFO] [run] subject=3, session=3, speed=10, trial=5, x__rid_x=10ceb67ae20a4ca3: dummy_return_one(x)
[11:47:35.717] [INFO] [run] subject=3, session=3, speed=10, trial=6, x__rid_x=7207d377b674e38b: dummy_return_one(x)
[11:47:35.717] [INFO] [run] subject=3, session=3, speed=10, trial=7, x__rid_x=49fd93d70b57c616: dummy_return_one(x)
[11:47:35.718] [INFO] [run] subject=3, session=3, speed=2, trial=1, x__rid_x=2dee6bf9f2c67f1a: dummy_return_one(x)
[11:47:35.725] [INFO] [run] subject=3, session=3, speed=2, trial=2, x__rid_x=2900b8053f2a07b6: dummy_return_one(x)
[11:47:35.726] [INFO] [run] subject=3, session=3, speed=2, trial=3, x__rid_x=1f50e3dc4892455b: dummy_return_one(x)
[11:47:35.727] [INFO] [run] subject=3, session=3, speed=2, trial=4, x__rid_x=477ba9f975b47d2c: dummy_return_one(x)
[11:47:35.735] [INFO] [run] subject=3, session=3, speed=2, trial=5, x__rid_x=83e148d9b09843c7: dummy_return_one(x)
[11:47:35.736] [INFO] [run] subject=3, session=3, speed=2, trial=6, x__rid_x=b4528e12fddb4e77: dummy_return_one(x)
[11:47:35.736] [INFO] [run] subject=3, session=3, speed=2, trial=7, x__rid_x=5053f99be585f99b: dummy_return_one(x)
[11:47:35.737] [INFO] [run] subject=3, session=3, speed=3, trial=1, x__rid_x=cc1c7c76876642ef: dummy_return_one(x)
[11:47:35.745] [INFO] [run] subject=3, session=3, speed=3, trial=2, x__rid_x=c4493f90b2a9d036: dummy_return_one(x)
[11:47:35.746] [INFO] [run] subject=3, session=3, speed=3, trial=3, x__rid_x=e8450d45c8266ccc: dummy_return_one(x)
[11:47:35.746] [INFO] [run] subject=3, session=3, speed=3, trial=4, x__rid_x=010bc3d44d8733c7: dummy_return_one(x)
[11:47:35.754] [INFO] [run] subject=3, session=3, speed=3, trial=5, x__rid_x=51292dc1d10b8272: dummy_return_one(x)
[11:47:35.754] [INFO] [run] subject=3, session=3, speed=3, trial=6, x__rid_x=1341cbf6560655d6: dummy_return_one(x)
[11:47:35.755] [INFO] [run] subject=3, session=3, speed=3, trial=7, x__rid_x=38fb18b5f447ba05: dummy_return_one(x)
[11:47:35.763] [INFO] [run] subject=3, session=3, speed=4, trial=1, x__rid_x=be103934ed06bc81: dummy_return_one(x)
[11:47:35.764] [INFO] [run] subject=3, session=3, speed=4, trial=2, x__rid_x=e2caafd2bc931fb6: dummy_return_one(x)
[11:47:35.765] [INFO] [run] subject=3, session=3, speed=4, trial=3, x__rid_x=dc2384ea1e0eeee8: dummy_return_one(x)
[11:47:35.773] [INFO] [run] subject=3, session=3, speed=4, trial=4, x__rid_x=af7c1b675ea83283: dummy_return_one(x)
[11:47:35.774] [INFO] [run] subject=3, session=3, speed=4, trial=5, x__rid_x=2092017446f1cf5a: dummy_return_one(x)
[11:47:35.775] [INFO] [run] subject=3, session=3, speed=4, trial=6, x__rid_x=1c22b1af9668e416: dummy_return_one(x)
[11:47:35.782] [INFO] [run] subject=3, session=3, speed=4, trial=7, x__rid_x=4acd165ee7ac8626: dummy_return_one(x)
[11:47:35.783] [INFO] [run] subject=3, session=3, speed=5, trial=1, x__rid_x=cb83e8cb4d4d6d61: dummy_return_one(x)
[11:47:35.783] [INFO] [run] subject=3, session=3, speed=5, trial=2, x__rid_x=19f5fd0885b50aa5: dummy_return_one(x)
[11:47:35.784] [INFO] [run] subject=3, session=3, speed=5, trial=3, x__rid_x=7aafe00c3e33e940: dummy_return_one(x)
[11:47:35.792] [INFO] [run] subject=3, session=3, speed=5, trial=4, x__rid_x=0ebc0b61e0e2b01c: dummy_return_one(x)
[11:47:35.793] [INFO] [run] subject=3, session=3, speed=5, trial=5, x__rid_x=37cb7da440af57ba: dummy_return_one(x)
[11:47:35.801] [INFO] [run] subject=3, session=3, speed=5, trial=6, x__rid_x=7be25dcd8696e9d4: dummy_return_one(x)
[11:47:35.802] [INFO] [run] subject=3, session=3, speed=5, trial=7, x__rid_x=4f6c2f4ef0cb232d: dummy_return_one(x)
[11:47:35.803] [INFO] [run] subject=3, session=3, speed=6, trial=1, x__rid_x=44c795970cea3021: dummy_return_one(x)
[11:47:35.811] [INFO] [run] subject=3, session=3, speed=6, trial=2, x__rid_x=6e963c59cf789228: dummy_return_one(x)
[11:47:35.812] [INFO] [run] subject=3, session=3, speed=6, trial=3, x__rid_x=62dd4a7686982c34: dummy_return_one(x)
[11:47:35.821] [INFO] [run] subject=3, session=3, speed=6, trial=4, x__rid_x=5ce269505be74384: dummy_return_one(x)
[11:47:35.822] [INFO] [run] subject=3, session=3, speed=6, trial=5, x__rid_x=6f280cc4e4bcd532: dummy_return_one(x)
[11:47:35.822] [INFO] [run] subject=3, session=3, speed=6, trial=6, x__rid_x=79e04b307eb45609: dummy_return_one(x)
[11:47:35.830] [INFO] [run] subject=3, session=3, speed=6, trial=7, x__rid_x=4c752fe60147ece6: dummy_return_one(x)
[11:47:35.831] [INFO] [run] subject=3, session=3, speed=7, trial=1, x__rid_x=ce6f4166b9076cc3: dummy_return_one(x)
[11:47:35.832] [INFO] [run] subject=3, session=3, speed=7, trial=2, x__rid_x=833bdf7003bbe917: dummy_return_one(x)
[11:47:35.840] [INFO] [run] subject=3, session=3, speed=7, trial=3, x__rid_x=b6913bfa15cb8515: dummy_return_one(x)
[11:47:35.841] [INFO] [run] subject=3, session=3, speed=7, trial=4, x__rid_x=fab0f49d3046bf7e: dummy_return_one(x)
[11:47:35.842] [INFO] [run] subject=3, session=3, speed=7, trial=5, x__rid_x=3af5aadbabe3cb50: dummy_return_one(x)
[11:47:35.850] [INFO] [run] subject=3, session=3, speed=7, trial=6, x__rid_x=85a25bdb6c3a23c4: dummy_return_one(x)
[11:47:35.851] [INFO] [run] subject=3, session=3, speed=7, trial=7, x__rid_x=d5f2a98123fcb144: dummy_return_one(x)
[11:47:35.852] [INFO] [run] subject=3, session=3, speed=8, trial=1, x__rid_x=50d2e8b620703e70: dummy_return_one(x)
[11:47:35.860] [INFO] [run] subject=3, session=3, speed=8, trial=2, x__rid_x=7a63a621c1ae6d49: dummy_return_one(x)
[11:47:35.861] [INFO] [run] subject=3, session=3, speed=8, trial=3, x__rid_x=61ac796149acb274: dummy_return_one(x)
[11:47:35.869] [INFO] [run] subject=3, session=3, speed=8, trial=4, x__rid_x=c702ac5398a52c1b: dummy_return_one(x)
[11:47:35.870] [INFO] [run] subject=3, session=3, speed=8, trial=5, x__rid_x=ad35baf56bb80e82: dummy_return_one(x)
[11:47:35.870] [INFO] [run] subject=3, session=3, speed=8, trial=6, x__rid_x=baaf082b988a1536: dummy_return_one(x)
[11:47:35.879] [INFO] [run] subject=3, session=3, speed=8, trial=7, x__rid_x=231c86c9fafe5529: dummy_return_one(x)
[11:47:35.880] [INFO] [run] subject=3, session=3, speed=9, trial=1, x__rid_x=61ff446ba3a6fc5c: dummy_return_one(x)
[11:47:35.880] [INFO] [run] subject=3, session=3, speed=9, trial=2, x__rid_x=5e716b4b1f64d3e7: dummy_return_one(x)
[11:47:35.888] [INFO] [run] subject=3, session=3, speed=9, trial=3, x__rid_x=656c7acda0412b28: dummy_return_one(x)
[11:47:35.889] [INFO] [run] subject=3, session=3, speed=9, trial=4, x__rid_x=d40d4d0f3eb054b3: dummy_return_one(x)
[11:47:35.889] [INFO] [run] subject=3, session=3, speed=9, trial=5, x__rid_x=77816feaf912a194: dummy_return_one(x)
[11:47:35.897] [INFO] [run] subject=3, session=3, speed=9, trial=6, x__rid_x=ec9c3d0601d15c01: dummy_return_one(x)
[11:47:35.898] [INFO] [run] subject=3, session=3, speed=9, trial=7, x__rid_x=4f4f4767352d8949: dummy_return_one(x)
[11:47:35.899] [INFO] [run] subject=3, session=4, speed=1, trial=1, x__rid_x=7fe6ab155609c7d0: dummy_return_one(x)
[11:47:35.907] [INFO] [run] subject=3, session=4, speed=1, trial=2, x__rid_x=683b2a6c8bcb6ab1: dummy_return_one(x)
[11:47:35.908] [INFO] [run] subject=3, session=4, speed=1, trial=3, x__rid_x=c32da01fae0e26e0: dummy_return_one(x)
[11:47:35.909] [INFO] [run] subject=3, session=4, speed=1, trial=4, x__rid_x=452e5219903e193c: dummy_return_one(x)
[11:47:35.916] [INFO] [run] subject=3, session=4, speed=1, trial=5, x__rid_x=78824eac2f67d59a: dummy_return_one(x)
[11:47:35.917] [INFO] [run] subject=3, session=4, speed=1, trial=6, x__rid_x=98793314219b869d: dummy_return_one(x)
[11:47:35.917] [INFO] [run] subject=3, session=4, speed=1, trial=7, x__rid_x=55681f5c583ad57d: dummy_return_one(x)
[11:47:35.918] [INFO] [run] subject=3, session=4, speed=10, trial=1, x__rid_x=494067ada9183ea3: dummy_return_one(x)
[11:47:35.926] [INFO] [run] subject=3, session=4, speed=10, trial=2, x__rid_x=eb982265fe375559: dummy_return_one(x)
[11:47:35.927] [INFO] [run] subject=3, session=4, speed=10, trial=3, x__rid_x=d9904f721cef8938: dummy_return_one(x)
[11:47:35.935] [INFO] [run] subject=3, session=4, speed=10, trial=4, x__rid_x=871cfecc4138fa7b: dummy_return_one(x)
[11:47:35.936] [INFO] [run] subject=3, session=4, speed=10, trial=5, x__rid_x=f3a578dea2efc12b: dummy_return_one(x)
[11:47:35.937] [INFO] [run] subject=3, session=4, speed=10, trial=6, x__rid_x=84cea46bfdf187ca: dummy_return_one(x)
[11:47:35.945] [INFO] [run] subject=3, session=4, speed=10, trial=7, x__rid_x=0cbaf4f4e509af64: dummy_return_one(x)
[11:47:35.946] [INFO] [run] subject=3, session=4, speed=2, trial=1, x__rid_x=00525872bed1c7cb: dummy_return_one(x)
[11:47:35.954] [INFO] [run] subject=3, session=4, speed=2, trial=2, x__rid_x=498fc5bb4aea7187: dummy_return_one(x)
[11:47:35.955] [INFO] [run] subject=3, session=4, speed=2, trial=3, x__rid_x=7343ec83da59aa81: dummy_return_one(x)
[11:47:35.956] [INFO] [run] subject=3, session=4, speed=2, trial=4, x__rid_x=e8993d041f41dc48: dummy_return_one(x)
[11:47:35.964] [INFO] [run] subject=3, session=4, speed=2, trial=5, x__rid_x=6ba5965689747dd1: dummy_return_one(x)
[11:47:35.965] [INFO] [run] subject=3, session=4, speed=2, trial=6, x__rid_x=ad051117fff1dd18: dummy_return_one(x)
[11:47:35.965] [INFO] [run] subject=3, session=4, speed=2, trial=7, x__rid_x=1e404cdb27f5914c: dummy_return_one(x)
[11:47:35.973] [INFO] [run] subject=3, session=4, speed=3, trial=1, x__rid_x=0aca42b3a114ff40: dummy_return_one(x)
[11:47:35.974] [INFO] [run] subject=3, session=4, speed=3, trial=2, x__rid_x=30967220fc856824: dummy_return_one(x)
[11:47:35.975] [INFO] [run] subject=3, session=4, speed=3, trial=3, x__rid_x=ca58f2c7678ce3f2: dummy_return_one(x)
[11:47:35.983] [INFO] [run] subject=3, session=4, speed=3, trial=4, x__rid_x=d0afaee055eb7f90: dummy_return_one(x)
[11:47:35.984] [INFO] [run] subject=3, session=4, speed=3, trial=5, x__rid_x=abb7fcd612c1c331: dummy_return_one(x)
[11:47:35.984] [INFO] [run] subject=3, session=4, speed=3, trial=6, x__rid_x=6aadafbb0695b883: dummy_return_one(x)
[11:47:35.992] [INFO] [run] subject=3, session=4, speed=3, trial=7, x__rid_x=864aef9827067dbd: dummy_return_one(x)
[11:47:35.994] [INFO] [run] subject=3, session=4, speed=4, trial=1, x__rid_x=69558970de6859de: dummy_return_one(x)
[11:47:36.002] [INFO] [run] subject=3, session=4, speed=4, trial=2, x__rid_x=d0dbc23e4c86dfd2: dummy_return_one(x)
[11:47:36.003] [INFO] [run] subject=3, session=4, speed=4, trial=3, x__rid_x=6507fba139f72bcd: dummy_return_one(x)
[11:47:36.003] [INFO] [run] subject=3, session=4, speed=4, trial=4, x__rid_x=34bcd03f416287b7: dummy_return_one(x)
[11:47:36.011] [INFO] [run] subject=3, session=4, speed=4, trial=5, x__rid_x=034e9c4a0da968f1: dummy_return_one(x)
[11:47:36.013] [INFO] [run] subject=3, session=4, speed=4, trial=6, x__rid_x=6dd72bdb4c71fee5: dummy_return_one(x)
[11:47:36.021] [INFO] [run] subject=3, session=4, speed=4, trial=7, x__rid_x=855109ef9640f062: dummy_return_one(x)
[11:47:36.021] [INFO] [run] subject=3, session=4, speed=5, trial=1, x__rid_x=663f7263a9e64849: dummy_return_one(x)
[11:47:36.022] [INFO] [run] subject=3, session=4, speed=5, trial=2, x__rid_x=f768ccf028c88da7: dummy_return_one(x)
[11:47:36.023] [INFO] [run] subject=3, session=4, speed=5, trial=3, x__rid_x=c6affaefa5780d5f: dummy_return_one(x)
[11:47:36.031] [INFO] [run] subject=3, session=4, speed=5, trial=4, x__rid_x=dab2168d1d7df11e: dummy_return_one(x)
[11:47:36.031] [INFO] [run] subject=3, session=4, speed=5, trial=5, x__rid_x=2fdefbbf3055340b: dummy_return_one(x)
[11:47:36.032] [INFO] [run] subject=3, session=4, speed=5, trial=6, x__rid_x=74adc1a07f4d0d49: dummy_return_one(x)
[11:47:36.040] [INFO] [run] subject=3, session=4, speed=5, trial=7, x__rid_x=1d594b1fb5f4b7fa: dummy_return_one(x)
[11:47:36.041] [INFO] [run] subject=3, session=4, speed=6, trial=1, x__rid_x=b2787e5cb6f618fe: dummy_return_one(x)
[11:47:36.042] [INFO] [run] subject=3, session=4, speed=6, trial=2, x__rid_x=c0759b629fbf07ca: dummy_return_one(x)
[11:47:36.050] [INFO] [run] subject=3, session=4, speed=6, trial=3, x__rid_x=15831cf932863317: dummy_return_one(x)
[11:47:36.050] [INFO] [run] subject=3, session=4, speed=6, trial=4, x__rid_x=e681c5648f76352d: dummy_return_one(x)
[11:47:36.051] [INFO] [run] subject=3, session=4, speed=6, trial=5, x__rid_x=ba3e1582e918a9fa: dummy_return_one(x)
[11:47:36.059] [INFO] [run] subject=3, session=4, speed=6, trial=6, x__rid_x=e70d95ecd521c75c: dummy_return_one(x)
[11:47:36.061] [INFO] [run] subject=3, session=4, speed=6, trial=7, x__rid_x=37c7cd47b3edeb90: dummy_return_one(x)
[11:47:36.069] [INFO] [run] subject=3, session=4, speed=7, trial=1, x__rid_x=8cabfb4de78e781d: dummy_return_one(x)
[11:47:36.069] [INFO] [run] subject=3, session=4, speed=7, trial=2, x__rid_x=42570067e95c32a2: dummy_return_one(x)
[11:47:36.070] [INFO] [run] subject=3, session=4, speed=7, trial=3, x__rid_x=11745e17fb096d61: dummy_return_one(x)
[11:47:36.078] [INFO] [run] subject=3, session=4, speed=7, trial=4, x__rid_x=e6fef7c1b5e0b27d: dummy_return_one(x)
[11:47:36.079] [INFO] [run] subject=3, session=4, speed=7, trial=5, x__rid_x=b621484ebf0af650: dummy_return_one(x)
[11:47:36.088] [INFO] [run] subject=3, session=4, speed=7, trial=6, x__rid_x=17a87f358a0f2c29: dummy_return_one(x)
[11:47:36.089] [INFO] [run] subject=3, session=4, speed=7, trial=7, x__rid_x=9e4da7b20e9d1eb9: dummy_return_one(x)
[11:47:36.089] [INFO] [run] subject=3, session=4, speed=8, trial=1, x__rid_x=83422ca398195496: dummy_return_one(x)
[11:47:36.097] [INFO] [run] subject=3, session=4, speed=8, trial=2, x__rid_x=81c30552b9b063bc: dummy_return_one(x)
[11:47:36.098] [INFO] [run] subject=3, session=4, speed=8, trial=3, x__rid_x=1f2ca5ce8c2eba7c: dummy_return_one(x)
[11:47:36.099] [INFO] [run] subject=3, session=4, speed=8, trial=4, x__rid_x=a902a222f591e661: dummy_return_one(x)
[11:47:36.107] [INFO] [run] subject=3, session=4, speed=8, trial=5, x__rid_x=4c94313f3811444a: dummy_return_one(x)
[11:47:36.108] [INFO] [run] subject=3, session=4, speed=8, trial=6, x__rid_x=dcaabbca436edb88: dummy_return_one(x)
[11:47:36.109] [INFO] [run] subject=3, session=4, speed=8, trial=7, x__rid_x=aebe35f2e5abd571: dummy_return_one(x)
[11:47:36.117] [INFO] [run] subject=3, session=4, speed=9, trial=1, x__rid_x=53608b780a6385a0: dummy_return_one(x)
[11:47:36.117] [INFO] [run] subject=3, session=4, speed=9, trial=2, x__rid_x=2154013ce639bb26: dummy_return_one(x)
[11:47:36.118] [INFO] [run] subject=3, session=4, speed=9, trial=3, x__rid_x=72aa8cf35c60eff8: dummy_return_one(x)
[11:47:36.118] [INFO] [run] subject=3, session=4, speed=9, trial=4, x__rid_x=73848001832d58c5: dummy_return_one(x)
[11:47:36.126] [INFO] [run] subject=3, session=4, speed=9, trial=5, x__rid_x=11c61365f458f883: dummy_return_one(x)
[11:47:36.127] [INFO] [run] subject=3, session=4, speed=9, trial=6, x__rid_x=a1960176ef54beb0: dummy_return_one(x)
[11:47:36.128] [INFO] [run] subject=3, session=4, speed=9, trial=7, x__rid_x=b44687729ef25a2c: dummy_return_one(x)
[11:47:36.136] [INFO] [run] subject=3, session=5, speed=1, trial=1, x__rid_x=36a209ff29311b60: dummy_return_one(x)
[11:47:36.136] [INFO] [run] subject=3, session=5, speed=1, trial=2, x__rid_x=397998e495504e71: dummy_return_one(x)
[11:47:36.137] [INFO] [run] subject=3, session=5, speed=1, trial=3, x__rid_x=42221025907edf9a: dummy_return_one(x)
[11:47:36.145] [INFO] [run] subject=3, session=5, speed=1, trial=4, x__rid_x=d43ad586c9c9bd10: dummy_return_one(x)
[11:47:36.146] [INFO] [run] subject=3, session=5, speed=1, trial=5, x__rid_x=2c55ed8e0c3d4aba: dummy_return_one(x)
[11:47:36.147] [INFO] [run] subject=3, session=5, speed=1, trial=6, x__rid_x=bcc9f4d223e2b86e: dummy_return_one(x)
[11:47:36.155] [INFO] [run] subject=3, session=5, speed=1, trial=7, x__rid_x=f47e3a2fad749022: dummy_return_one(x)
[11:47:36.156] [INFO] [run] subject=3, session=5, speed=10, trial=1, x__rid_x=916cead21576d158: dummy_return_one(x)
[11:47:36.156] [INFO] [run] subject=3, session=5, speed=10, trial=2, x__rid_x=2d606cf6c05d4be5: dummy_return_one(x)
[11:47:36.164] [INFO] [run] subject=3, session=5, speed=10, trial=3, x__rid_x=7545a74f4b42ee0e: dummy_return_one(x)
[11:47:36.165] [INFO] [run] subject=3, session=5, speed=10, trial=4, x__rid_x=b2c346cbb83b6111: dummy_return_one(x)
[11:47:36.166] [INFO] [run] subject=3, session=5, speed=10, trial=5, x__rid_x=08a4ff2cd3f270f2: dummy_return_one(x)
[11:47:36.174] [INFO] [run] subject=3, session=5, speed=10, trial=6, x__rid_x=5ecbd4ca71714b71: dummy_return_one(x)
[11:47:36.175] [INFO] [run] subject=3, session=5, speed=10, trial=7, x__rid_x=02b7bbf7aa30a511: dummy_return_one(x)
[11:47:36.176] [INFO] [run] subject=3, session=5, speed=2, trial=1, x__rid_x=8af2eff3581dbeca: dummy_return_one(x)
[11:47:36.184] [INFO] [run] subject=3, session=5, speed=2, trial=2, x__rid_x=5f8dd848333008ca: dummy_return_one(x)
[11:47:36.184] [INFO] [run] subject=3, session=5, speed=2, trial=3, x__rid_x=116eaae022d9e027: dummy_return_one(x)
[11:47:36.185] [INFO] [run] subject=3, session=5, speed=2, trial=4, x__rid_x=81727ef72c8cb178: dummy_return_one(x)
[11:47:36.185] [INFO] [run] subject=3, session=5, speed=2, trial=5, x__rid_x=6991ceb3e845acef: dummy_return_one(x)
[11:47:36.193] [INFO] [run] subject=3, session=5, speed=2, trial=6, x__rid_x=4ea334c50c8a04a4: dummy_return_one(x)
[11:47:36.194] [INFO] [run] subject=3, session=5, speed=2, trial=7, x__rid_x=de51184b7572a17e: dummy_return_one(x)
[11:47:36.195] [INFO] [run] subject=3, session=5, speed=3, trial=1, x__rid_x=67aa92093c698e50: dummy_return_one(x)
[11:47:36.203] [INFO] [run] subject=3, session=5, speed=3, trial=2, x__rid_x=1942c98dd5436788: dummy_return_one(x)
[11:47:36.204] [INFO] [run] subject=3, session=5, speed=3, trial=3, x__rid_x=5210e689ce28adad: dummy_return_one(x)
[11:47:36.204] [INFO] [run] subject=3, session=5, speed=3, trial=4, x__rid_x=adf339ba73bbae4b: dummy_return_one(x)
[11:47:36.205] [INFO] [run] subject=3, session=5, speed=3, trial=5, x__rid_x=476d0173057ac5d7: dummy_return_one(x)
[11:47:36.213] [INFO] [run] subject=3, session=5, speed=3, trial=6, x__rid_x=812255b65591be85: dummy_return_one(x)
[11:47:36.214] [INFO] [run] subject=3, session=5, speed=3, trial=7, x__rid_x=55944d771a2465b9: dummy_return_one(x)
[11:47:36.214] [INFO] [run] subject=3, session=5, speed=4, trial=1, x__rid_x=a8429766db723bec: dummy_return_one(x)
[11:47:36.222] [INFO] [run] subject=3, session=5, speed=4, trial=2, x__rid_x=d073d1d73d9d0a82: dummy_return_one(x)
[11:47:36.223] [INFO] [run] subject=3, session=5, speed=4, trial=3, x__rid_x=026dc312b1fbefef: dummy_return_one(x)
[11:47:36.224] [INFO] [run] subject=3, session=5, speed=4, trial=4, x__rid_x=3450bd70ad09e703: dummy_return_one(x)
[11:47:36.232] [INFO] [run] subject=3, session=5, speed=4, trial=5, x__rid_x=745d263e40c1f59b: dummy_return_one(x)
[11:47:36.233] [INFO] [run] subject=3, session=5, speed=4, trial=6, x__rid_x=a62689ce2c4e5e14: dummy_return_one(x)
[11:47:36.233] [INFO] [run] subject=3, session=5, speed=4, trial=7, x__rid_x=4d8158c8a59b0c7a: dummy_return_one(x)
[11:47:36.234] [INFO] [run] subject=3, session=5, speed=5, trial=1, x__rid_x=1c3191c588ff55f7: dummy_return_one(x)
[11:47:36.242] [INFO] [run] subject=3, session=5, speed=5, trial=2, x__rid_x=db372681b9fd2d77: dummy_return_one(x)
[11:47:36.243] [INFO] [run] subject=3, session=5, speed=5, trial=3, x__rid_x=92305add74a48f2f: dummy_return_one(x)
[11:47:36.244] [INFO] [run] subject=3, session=5, speed=5, trial=4, x__rid_x=c2a2ff12828ea8e2: dummy_return_one(x)
[11:47:36.251] [INFO] [run] subject=3, session=5, speed=5, trial=5, x__rid_x=1f2a861e42c90fd1: dummy_return_one(x)
[11:47:36.252] [INFO] [run] subject=3, session=5, speed=5, trial=6, x__rid_x=5b436b30f7ab9e10: dummy_return_one(x)
[11:47:36.253] [INFO] [run] subject=3, session=5, speed=5, trial=7, x__rid_x=2d3d197bca12fe37: dummy_return_one(x)
[11:47:36.261] [INFO] [run] subject=3, session=5, speed=6, trial=1, x__rid_x=9ae94f7e4caffe2d: dummy_return_one(x)
[11:47:36.262] [INFO] [run] subject=3, session=5, speed=6, trial=2, x__rid_x=0c99e9b7c20916fb: dummy_return_one(x)
[11:47:36.263] [INFO] [run] subject=3, session=5, speed=6, trial=3, x__rid_x=300f2cdd742fc0a6: dummy_return_one(x)
[11:47:36.271] [INFO] [run] subject=3, session=5, speed=6, trial=4, x__rid_x=138a0bc02e2db11c: dummy_return_one(x)
[11:47:36.271] [INFO] [run] subject=3, session=5, speed=6, trial=5, x__rid_x=c011ef59cc74c448: dummy_return_one(x)
[11:47:36.272] [INFO] [run] subject=3, session=5, speed=6, trial=6, x__rid_x=336c1d17fe12cd89: dummy_return_one(x)
[11:47:36.281] [INFO] [run] subject=3, session=5, speed=6, trial=7, x__rid_x=a0232214898f0cc8: dummy_return_one(x)
[11:47:36.282] [INFO] [run] subject=3, session=5, speed=7, trial=1, x__rid_x=d9ce8253924c0dba: dummy_return_one(x)
[11:47:36.282] [INFO] [run] subject=3, session=5, speed=7, trial=2, x__rid_x=bd9328aa9b2c70ad: dummy_return_one(x)
[11:47:36.290] [INFO] [run] subject=3, session=5, speed=7, trial=3, x__rid_x=473ffc596560c6d9: dummy_return_one(x)
[11:47:36.291] [INFO] [run] subject=3, session=5, speed=7, trial=4, x__rid_x=84df769b2853c862: dummy_return_one(x)
[11:47:36.292] [INFO] [run] subject=3, session=5, speed=7, trial=5, x__rid_x=f59bb1defd3a378e: dummy_return_one(x)
[11:47:36.300] [INFO] [run] subject=3, session=5, speed=7, trial=6, x__rid_x=e63bffb18460bb69: dummy_return_one(x)
[11:47:36.301] [INFO] [run] subject=3, session=5, speed=7, trial=7, x__rid_x=0a61c91ba427d4b9: dummy_return_one(x)
[11:47:36.301] [INFO] [run] subject=3, session=5, speed=8, trial=1, x__rid_x=77c8785d68cc90c3: dummy_return_one(x)
[11:47:36.302] [INFO] [run] subject=3, session=5, speed=8, trial=2, x__rid_x=e6665346bd35a1f0: dummy_return_one(x)
[11:47:36.310] [INFO] [run] subject=3, session=5, speed=8, trial=3, x__rid_x=6305bd85735bc209: dummy_return_one(x)
[11:47:36.311] [INFO] [run] subject=3, session=5, speed=8, trial=4, x__rid_x=66a7ef9ab31e07ee: dummy_return_one(x)
[11:47:36.319] [INFO] [run] subject=3, session=5, speed=8, trial=5, x__rid_x=8ee8dfe91141c329: dummy_return_one(x)
[11:47:36.320] [INFO] [run] subject=3, session=5, speed=8, trial=6, x__rid_x=2b325fca9fc2ba53: dummy_return_one(x)
[11:47:36.321] [INFO] [run] subject=3, session=5, speed=8, trial=7, x__rid_x=0f4e6e11a2dbcd2c: dummy_return_one(x)
[11:47:36.321] [INFO] [run] subject=3, session=5, speed=9, trial=1, x__rid_x=9bf0e1e9f8fd39c2: dummy_return_one(x)
[11:47:36.329] [INFO] [run] subject=3, session=5, speed=9, trial=2, x__rid_x=a41cfd8a12761f6c: dummy_return_one(x)
[11:47:36.331] [INFO] [run] subject=3, session=5, speed=9, trial=3, x__rid_x=52bd714e209af711: dummy_return_one(x)
[11:47:36.339] [INFO] [run] subject=3, session=5, speed=9, trial=4, x__rid_x=f733f4388559a125: dummy_return_one(x)
[11:47:36.340] [INFO] [run] subject=3, session=5, speed=9, trial=5, x__rid_x=352c1a39595f301a: dummy_return_one(x)
[11:47:36.341] [INFO] [run] subject=3, session=5, speed=9, trial=6, x__rid_x=3188712ffe17ddff: dummy_return_one(x)
[11:47:36.349] [INFO] [run] subject=3, session=5, speed=9, trial=7, x__rid_x=9b7c6b9ef1294db8: dummy_return_one(x)
[11:47:36.349] [INFO] [run] subject=4, session=1, speed=1, trial=1, x__rid_x=35ad0a697ede97b7: dummy_return_one(x)
[11:47:36.350] [INFO] [run] subject=4, session=1, speed=1, trial=2, x__rid_x=eecdea33347c09cd: dummy_return_one(x)
[11:47:36.358] [INFO] [run] subject=4, session=1, speed=1, trial=3, x__rid_x=1b9e2d5b73208054: dummy_return_one(x)
[11:47:36.360] [INFO] [run] subject=4, session=1, speed=1, trial=4, x__rid_x=92ba0155a8667867: dummy_return_one(x)
[11:47:36.368] [INFO] [run] subject=4, session=1, speed=1, trial=5, x__rid_x=6af0c8d27f6a403b: dummy_return_one(x)
[11:47:36.369] [INFO] [run] subject=4, session=1, speed=1, trial=6, x__rid_x=edad546fdd3bb8c4: dummy_return_one(x)
[11:47:36.369] [INFO] [run] subject=4, session=1, speed=1, trial=7, x__rid_x=1538f51a7309eeb0: dummy_return_one(x)
[11:47:36.378] [INFO] [run] subject=4, session=1, speed=10, trial=1, x__rid_x=3a8726bd0c588462: dummy_return_one(x)
[11:47:36.379] [INFO] [run] subject=4, session=1, speed=10, trial=2, x__rid_x=1c0e9be2640846d7: dummy_return_one(x)
[11:47:36.379] [INFO] [run] subject=4, session=1, speed=10, trial=3, x__rid_x=4d6f536e22845c3c: dummy_return_one(x)
[11:47:36.387] [INFO] [run] subject=4, session=1, speed=10, trial=4, x__rid_x=ae3947cfd4094562: dummy_return_one(x)
[11:47:36.388] [INFO] [run] subject=4, session=1, speed=10, trial=5, x__rid_x=e241682c809b692e: dummy_return_one(x)
[11:47:36.388] [INFO] [run] subject=4, session=1, speed=10, trial=6, x__rid_x=23273995f02d982c: dummy_return_one(x)
[11:47:36.397] [INFO] [run] subject=4, session=1, speed=10, trial=7, x__rid_x=8d006518313a3bda: dummy_return_one(x)
[11:47:36.398] [INFO] [run] subject=4, session=1, speed=2, trial=1, x__rid_x=01775c8089fd220f: dummy_return_one(x)
[11:47:36.399] [INFO] [run] subject=4, session=1, speed=2, trial=2, x__rid_x=5879d86693891c17: dummy_return_one(x)
[11:47:36.407] [INFO] [run] subject=4, session=1, speed=2, trial=3, x__rid_x=9f31b87bdb8ab3fa: dummy_return_one(x)
[11:47:36.408] [INFO] [run] subject=4, session=1, speed=2, trial=4, x__rid_x=d087e678e48288ba: dummy_return_one(x)
[11:47:36.417] [INFO] [run] subject=4, session=1, speed=2, trial=5, x__rid_x=a62c70ccc18528fb: dummy_return_one(x)
[11:47:36.417] [INFO] [run] subject=4, session=1, speed=2, trial=6, x__rid_x=207c6b56593a7537: dummy_return_one(x)
[11:47:36.418] [INFO] [run] subject=4, session=1, speed=2, trial=7, x__rid_x=6562ff2f366a2034: dummy_return_one(x)
[11:47:36.426] [INFO] [run] subject=4, session=1, speed=3, trial=1, x__rid_x=e2f226d7e86ae687: dummy_return_one(x)
[11:47:36.428] [INFO] [run] subject=4, session=1, speed=3, trial=2, x__rid_x=d55b6f4152e51be3: dummy_return_one(x)
[11:47:36.436] [INFO] [run] subject=4, session=1, speed=3, trial=3, x__rid_x=9924a4b30cc40f56: dummy_return_one(x)
[11:47:36.437] [INFO] [run] subject=4, session=1, speed=3, trial=4, x__rid_x=df391a50a9ed54c2: dummy_return_one(x)
[11:47:36.437] [INFO] [run] subject=4, session=1, speed=3, trial=5, x__rid_x=e7dfa7c607ed0945: dummy_return_one(x)
[11:47:36.438] [INFO] [run] subject=4, session=1, speed=3, trial=6, x__rid_x=634f9e7740e52a45: dummy_return_one(x)
[11:47:36.446] [INFO] [run] subject=4, session=1, speed=3, trial=7, x__rid_x=ccf5840ada66ef85: dummy_return_one(x)
[11:47:36.447] [INFO] [run] subject=4, session=1, speed=4, trial=1, x__rid_x=8b75336d39cd4f75: dummy_return_one(x)
[11:47:36.455] [INFO] [run] subject=4, session=1, speed=4, trial=2, x__rid_x=c96599eb7365e915: dummy_return_one(x)
[11:47:36.456] [INFO] [run] subject=4, session=1, speed=4, trial=3, x__rid_x=9522a77e59bd1bba: dummy_return_one(x)
[11:47:36.457] [INFO] [run] subject=4, session=1, speed=4, trial=4, x__rid_x=89a8682c12c703e3: dummy_return_one(x)
[11:47:36.465] [INFO] [run] subject=4, session=1, speed=4, trial=5, x__rid_x=53cd22e05d2dc956: dummy_return_one(x)
[11:47:36.466] [INFO] [run] subject=4, session=1, speed=4, trial=6, x__rid_x=d98f7a9b073a2d21: dummy_return_one(x)
[11:47:36.466] [INFO] [run] subject=4, session=1, speed=4, trial=7, x__rid_x=323656644eb1639b: dummy_return_one(x)
[11:47:36.467] [INFO] [run] subject=4, session=1, speed=5, trial=1, x__rid_x=f498be96695536f4: dummy_return_one(x)
[11:47:36.475] [INFO] [run] subject=4, session=1, speed=5, trial=2, x__rid_x=db6823e01f485101: dummy_return_one(x)
[11:47:36.477] [INFO] [run] subject=4, session=1, speed=5, trial=3, x__rid_x=a4fb0f2a7a81caf3: dummy_return_one(x)
[11:47:36.485] [INFO] [run] subject=4, session=1, speed=5, trial=4, x__rid_x=571f01f1f35c7935: dummy_return_one(x)
[11:47:36.486] [INFO] [run] subject=4, session=1, speed=5, trial=5, x__rid_x=a9af78a8bc6f8b99: dummy_return_one(x)
[11:47:36.486] [INFO] [run] subject=4, session=1, speed=5, trial=6, x__rid_x=6dfe70998c086013: dummy_return_one(x)
[11:47:36.495] [INFO] [run] subject=4, session=1, speed=5, trial=7, x__rid_x=d5e426687b419ab3: dummy_return_one(x)
[11:47:36.496] [INFO] [run] subject=4, session=1, speed=6, trial=1, x__rid_x=f2b710a23492a1e7: dummy_return_one(x)
[11:47:36.496] [INFO] [run] subject=4, session=1, speed=6, trial=2, x__rid_x=10afed2c56799852: dummy_return_one(x)
[11:47:36.504] [INFO] [run] subject=4, session=1, speed=6, trial=3, x__rid_x=a2373c57637dad2d: dummy_return_one(x)
[11:47:36.505] [INFO] [run] subject=4, session=1, speed=6, trial=4, x__rid_x=62e618de00c519aa: dummy_return_one(x)
[11:47:36.506] [INFO] [run] subject=4, session=1, speed=6, trial=5, x__rid_x=36569c55b3cec675: dummy_return_one(x)
[11:47:36.506] [INFO] [run] subject=4, session=1, speed=6, trial=6, x__rid_x=09502aaa32f30bf4: dummy_return_one(x)
[11:47:36.514] [INFO] [run] subject=4, session=1, speed=6, trial=7, x__rid_x=2a5743540106f76e: dummy_return_one(x)
[11:47:36.515] [INFO] [run] subject=4, session=1, speed=7, trial=1, x__rid_x=796762452d7d0db3: dummy_return_one(x)
[11:47:36.516] [INFO] [run] subject=4, session=1, speed=7, trial=2, x__rid_x=7b796a3e6ad5e761: dummy_return_one(x)
[11:47:36.524] [INFO] [run] subject=4, session=1, speed=7, trial=3, x__rid_x=f1ce56099d8b6982: dummy_return_one(x)
[11:47:36.525] [INFO] [run] subject=4, session=1, speed=7, trial=4, x__rid_x=ffcbe6fc9f398ff7: dummy_return_one(x)
[11:47:36.526] [INFO] [run] subject=4, session=1, speed=7, trial=5, x__rid_x=0bc58decbffebd47: dummy_return_one(x)
[11:47:36.534] [INFO] [run] subject=4, session=1, speed=7, trial=6, x__rid_x=567f2d9430e7ebe9: dummy_return_one(x)
[11:47:36.535] [INFO] [run] subject=4, session=1, speed=7, trial=7, x__rid_x=05a9744a3ac2bf8d: dummy_return_one(x)
[11:47:36.535] [INFO] [run] subject=4, session=1, speed=8, trial=1, x__rid_x=813d8e7186cad562: dummy_return_one(x)
[11:47:36.536] [INFO] [run] subject=4, session=1, speed=8, trial=2, x__rid_x=89eb1cc9d876520f: dummy_return_one(x)
[11:47:36.544] [INFO] [run] subject=4, session=1, speed=8, trial=3, x__rid_x=ae9459ea0a71c75f: dummy_return_one(x)
[11:47:36.545] [INFO] [run] subject=4, session=1, speed=8, trial=4, x__rid_x=05e0300b68e5af55: dummy_return_one(x)
[11:47:36.546] [INFO] [run] subject=4, session=1, speed=8, trial=5, x__rid_x=2c018fff9fc9b153: dummy_return_one(x)
[11:47:36.554] [INFO] [run] subject=4, session=1, speed=8, trial=6, x__rid_x=8b4e1ce977afbe78: dummy_return_one(x)
[11:47:36.554] [INFO] [run] subject=4, session=1, speed=8, trial=7, x__rid_x=c7fef3994217cb7c: dummy_return_one(x)
[11:47:36.555] [INFO] [run] subject=4, session=1, speed=9, trial=1, x__rid_x=21f17229b9648dfa: dummy_return_one(x)
[11:47:36.563] [INFO] [run] subject=4, session=1, speed=9, trial=2, x__rid_x=3530232562e920dc: dummy_return_one(x)
[11:47:36.564] [INFO] [run] subject=4, session=1, speed=9, trial=3, x__rid_x=a1239e48bd29d20d: dummy_return_one(x)
[11:47:36.565] [INFO] [run] subject=4, session=1, speed=9, trial=4, x__rid_x=09473dd9c9e236b4: dummy_return_one(x)
[11:47:36.573] [INFO] [run] subject=4, session=1, speed=9, trial=5, x__rid_x=ea4d7a9616784b42: dummy_return_one(x)
[11:47:36.574] [INFO] [run] subject=4, session=1, speed=9, trial=6, x__rid_x=1997a3c638c1ee26: dummy_return_one(x)
[11:47:36.575] [INFO] [run] subject=4, session=1, speed=9, trial=7, x__rid_x=c4789c960b09dd06: dummy_return_one(x)
[11:47:36.583] [INFO] [run] subject=4, session=2, speed=1, trial=1, x__rid_x=38858b083267cdbf: dummy_return_one(x)
[11:47:36.584] [INFO] [run] subject=4, session=2, speed=1, trial=2, x__rid_x=d76c5d59933a55e5: dummy_return_one(x)
[11:47:36.585] [INFO] [run] subject=4, session=2, speed=1, trial=3, x__rid_x=3ee9d2fb301db46f: dummy_return_one(x)
[11:47:36.593] [INFO] [run] subject=4, session=2, speed=1, trial=4, x__rid_x=dcca1e13fdb88836: dummy_return_one(x)
[11:47:36.594] [INFO] [run] subject=4, session=2, speed=1, trial=5, x__rid_x=7bb2d65ec7ec9c59: dummy_return_one(x)
[11:47:36.602] [INFO] [run] subject=4, session=2, speed=1, trial=6, x__rid_x=5c3a5ebdaca97f15: dummy_return_one(x)
[11:47:36.603] [INFO] [run] subject=4, session=2, speed=1, trial=7, x__rid_x=20f14ed9147c7eea: dummy_return_one(x)
[11:47:36.604] [INFO] [run] subject=4, session=2, speed=10, trial=1, x__rid_x=141d22146b973016: dummy_return_one(x)
[11:47:36.612] [INFO] [run] subject=4, session=2, speed=10, trial=2, x__rid_x=a94e800c92be0366: dummy_return_one(x)
[11:47:36.613] [INFO] [run] subject=4, session=2, speed=10, trial=3, x__rid_x=65bb5f2aab33e468: dummy_return_one(x)
[11:47:36.614] [INFO] [run] subject=4, session=2, speed=10, trial=4, x__rid_x=1f29844c5c3e711d: dummy_return_one(x)
[11:47:36.622] [INFO] [run] subject=4, session=2, speed=10, trial=5, x__rid_x=27852c965d2f6ea7: dummy_return_one(x)
[11:47:36.623] [INFO] [run] subject=4, session=2, speed=10, trial=6, x__rid_x=c81d05731d10d2c6: dummy_return_one(x)
[11:47:36.624] [INFO] [run] subject=4, session=2, speed=10, trial=7, x__rid_x=7984955282fffa67: dummy_return_one(x)
[11:47:36.632] [INFO] [run] subject=4, session=2, speed=2, trial=1, x__rid_x=59d559071e0847f2: dummy_return_one(x)
[11:47:36.633] [INFO] [run] subject=4, session=2, speed=2, trial=2, x__rid_x=8038c3887b628b65: dummy_return_one(x)
[11:47:36.633] [INFO] [run] subject=4, session=2, speed=2, trial=3, x__rid_x=c8961d13420b4157: dummy_return_one(x)
[11:47:36.642] [INFO] [run] subject=4, session=2, speed=2, trial=4, x__rid_x=addb75abbf6db278: dummy_return_one(x)
[11:47:36.643] [INFO] [run] subject=4, session=2, speed=2, trial=5, x__rid_x=ee2ce13204535276: dummy_return_one(x)
[11:47:36.644] [INFO] [run] subject=4, session=2, speed=2, trial=6, x__rid_x=878f22e359a6d9a8: dummy_return_one(x)
[11:47:36.652] [INFO] [run] subject=4, session=2, speed=2, trial=7, x__rid_x=96e36b54dbbf6e09: dummy_return_one(x)
[11:47:36.652] [INFO] [run] subject=4, session=2, speed=3, trial=1, x__rid_x=07ae8923a6adf537: dummy_return_one(x)
[11:47:36.653] [INFO] [run] subject=4, session=2, speed=3, trial=2, x__rid_x=f74345b0601f1f88: dummy_return_one(x)
[11:47:36.662] [INFO] [run] subject=4, session=2, speed=3, trial=3, x__rid_x=e0a2d26354ba8ab2: dummy_return_one(x)
[11:47:36.663] [INFO] [run] subject=4, session=2, speed=3, trial=4, x__rid_x=9f580dfc53b263f2: dummy_return_one(x)
[11:47:36.671] [INFO] [run] subject=4, session=2, speed=3, trial=5, x__rid_x=23606be454b5464e: dummy_return_one(x)
[11:47:36.672] [INFO] [run] subject=4, session=2, speed=3, trial=6, x__rid_x=05b254a79f6a7bfe: dummy_return_one(x)
[11:47:36.673] [INFO] [run] subject=4, session=2, speed=3, trial=7, x__rid_x=001c57f2d8feb06e: dummy_return_one(x)
[11:47:36.681] [INFO] [run] subject=4, session=2, speed=4, trial=1, x__rid_x=e8bbd76817a72c24: dummy_return_one(x)
[11:47:36.682] [INFO] [run] subject=4, session=2, speed=4, trial=2, x__rid_x=c802b3c7201dc554: dummy_return_one(x)
[11:47:36.683] [INFO] [run] subject=4, session=2, speed=4, trial=3, x__rid_x=b7c562dae501b950: dummy_return_one(x)
[11:47:36.691] [INFO] [run] subject=4, session=2, speed=4, trial=4, x__rid_x=415109f9fe9c070e: dummy_return_one(x)
[11:47:36.692] [INFO] [run] subject=4, session=2, speed=4, trial=5, x__rid_x=286f7d40409ee516: dummy_return_one(x)
[11:47:36.692] [INFO] [run] subject=4, session=2, speed=4, trial=6, x__rid_x=9ef34e3fcae7f65e: dummy_return_one(x)
[11:47:36.701] [INFO] [run] subject=4, session=2, speed=4, trial=7, x__rid_x=e32026719a8c880f: dummy_return_one(x)
[11:47:36.701] [INFO] [run] subject=4, session=2, speed=5, trial=1, x__rid_x=cbe8f614625bd006: dummy_return_one(x)
[11:47:36.702] [INFO] [run] subject=4, session=2, speed=5, trial=2, x__rid_x=d4f7e1e5bf972497: dummy_return_one(x)
[11:47:36.711] [INFO] [run] subject=4, session=2, speed=5, trial=3, x__rid_x=16ec284bd66f171b: dummy_return_one(x)
[11:47:36.712] [INFO] [run] subject=4, session=2, speed=5, trial=4, x__rid_x=42a020a3a766ae69: dummy_return_one(x)
[11:47:36.720] [INFO] [run] subject=4, session=2, speed=5, trial=5, x__rid_x=919e116ec0142fa4: dummy_return_one(x)
[11:47:36.721] [INFO] [run] subject=4, session=2, speed=5, trial=6, x__rid_x=5105b7a254bae578: dummy_return_one(x)
[11:47:36.722] [INFO] [run] subject=4, session=2, speed=5, trial=7, x__rid_x=1937cae776d192f7: dummy_return_one(x)
[11:47:36.730] [INFO] [run] subject=4, session=2, speed=6, trial=1, x__rid_x=17918a646ca43907: dummy_return_one(x)
[11:47:36.731] [INFO] [run] subject=4, session=2, speed=6, trial=2, x__rid_x=7f9547f107ae8489: dummy_return_one(x)
[11:47:36.732] [INFO] [run] subject=4, session=2, speed=6, trial=3, x__rid_x=fbc19791a5a77b2b: dummy_return_one(x)
[11:47:36.740] [INFO] [run] subject=4, session=2, speed=6, trial=4, x__rid_x=4101ec2bdfcb641f: dummy_return_one(x)
[11:47:36.741] [INFO] [run] subject=4, session=2, speed=6, trial=5, x__rid_x=cacf712c37426df1: dummy_return_one(x)
[11:47:36.742] [INFO] [run] subject=4, session=2, speed=6, trial=6, x__rid_x=f5a151d490d0b3d1: dummy_return_one(x)
[11:47:36.750] [INFO] [run] subject=4, session=2, speed=6, trial=7, x__rid_x=af434e22b05756ef: dummy_return_one(x)
[11:47:36.751] [INFO] [run] subject=4, session=2, speed=7, trial=1, x__rid_x=205818a2577f1023: dummy_return_one(x)
[11:47:36.751] [INFO] [run] subject=4, session=2, speed=7, trial=2, x__rid_x=98a0dc8730408cbb: dummy_return_one(x)
[11:47:36.752] [INFO] [run] subject=4, session=2, speed=7, trial=3, x__rid_x=3d725c47eca3124e: dummy_return_one(x)
[11:47:36.760] [INFO] [run] subject=4, session=2, speed=7, trial=4, x__rid_x=c12347011bb657c4: dummy_return_one(x)
[11:47:36.761] [INFO] [run] subject=4, session=2, speed=7, trial=5, x__rid_x=c4fd64c02334218e: dummy_return_one(x)
[11:47:36.762] [INFO] [run] subject=4, session=2, speed=7, trial=6, x__rid_x=37cad37a23b90f8a: dummy_return_one(x)
[11:47:36.770] [INFO] [run] subject=4, session=2, speed=7, trial=7, x__rid_x=e0dba56358063305: dummy_return_one(x)
[11:47:36.770] [INFO] [run] subject=4, session=2, speed=8, trial=1, x__rid_x=c4301acfdb9a0b3f: dummy_return_one(x)
[11:47:36.771] [INFO] [run] subject=4, session=2, speed=8, trial=2, x__rid_x=3de96e807b5a24e7: dummy_return_one(x)
[11:47:36.780] [INFO] [run] subject=4, session=2, speed=8, trial=3, x__rid_x=2123bc3a0b821406: dummy_return_one(x)
[11:47:36.781] [INFO] [run] subject=4, session=2, speed=8, trial=4, x__rid_x=104ce5e2c652210d: dummy_return_one(x)
[11:47:36.781] [INFO] [run] subject=4, session=2, speed=8, trial=5, x__rid_x=ddd1b9c847a0b33e: dummy_return_one(x)
[11:47:36.789] [INFO] [run] subject=4, session=2, speed=8, trial=6, x__rid_x=301bbb40f24423ec: dummy_return_one(x)
[11:47:36.790] [INFO] [run] subject=4, session=2, speed=8, trial=7, x__rid_x=798de1fd3dab47ea: dummy_return_one(x)
[11:47:36.791] [INFO] [run] subject=4, session=2, speed=9, trial=1, x__rid_x=39c4e09e41f278d0: dummy_return_one(x)
[11:47:36.799] [INFO] [run] subject=4, session=2, speed=9, trial=2, x__rid_x=f7d44dac7f2524d0: dummy_return_one(x)
[11:47:36.800] [INFO] [run] subject=4, session=2, speed=9, trial=3, x__rid_x=5ebdb4d53f00fe49: dummy_return_one(x)
[11:47:36.801] [INFO] [run] subject=4, session=2, speed=9, trial=4, x__rid_x=9da22c37fa636289: dummy_return_one(x)
[11:47:36.809] [INFO] [run] subject=4, session=2, speed=9, trial=5, x__rid_x=adb780dbf9f75fe9: dummy_return_one(x)
[11:47:36.811] [INFO] [run] subject=4, session=2, speed=9, trial=6, x__rid_x=1f0791e3d877c9db: dummy_return_one(x)
[11:47:36.820] [INFO] [run] subject=4, session=2, speed=9, trial=7, x__rid_x=3d4555e93eddad32: dummy_return_one(x)
[11:47:36.821] [INFO] [run] subject=4, session=3, speed=1, trial=1, x__rid_x=d4a61ee731fdc42a: dummy_return_one(x)
[11:47:36.821] [INFO] [run] subject=4, session=3, speed=1, trial=2, x__rid_x=e1aa2f6e06a76241: dummy_return_one(x)
[11:47:36.830] [INFO] [run] subject=4, session=3, speed=1, trial=3, x__rid_x=eaa23ca1716b60ef: dummy_return_one(x)
[11:47:36.831] [INFO] [run] subject=4, session=3, speed=1, trial=4, x__rid_x=79776ff0f1a0f113: dummy_return_one(x)
[11:47:36.831] [INFO] [run] subject=4, session=3, speed=1, trial=5, x__rid_x=b8f5c0a69bf93af6: dummy_return_one(x)
[11:47:36.839] [INFO] [run] subject=4, session=3, speed=1, trial=6, x__rid_x=a20703cd739854a9: dummy_return_one(x)
[11:47:36.841] [INFO] [run] subject=4, session=3, speed=1, trial=7, x__rid_x=9b2acd3e9cbb3a93: dummy_return_one(x)
[11:47:36.849] [INFO] [run] subject=4, session=3, speed=10, trial=1, x__rid_x=eecb7900962dfd8b: dummy_return_one(x)
[11:47:36.850] [INFO] [run] subject=4, session=3, speed=10, trial=2, x__rid_x=de450a1ebc0b54c0: dummy_return_one(x)
[11:47:36.851] [INFO] [run] subject=4, session=3, speed=10, trial=3, x__rid_x=2c2cc46461e26618: dummy_return_one(x)
[11:47:36.859] [INFO] [run] subject=4, session=3, speed=10, trial=4, x__rid_x=b09584d4fc03f89d: dummy_return_one(x)
[11:47:36.860] [INFO] [run] subject=4, session=3, speed=10, trial=5, x__rid_x=5a813cfb64a2da11: dummy_return_one(x)
[11:47:36.861] [INFO] [run] subject=4, session=3, speed=10, trial=6, x__rid_x=80b39cd5c1293424: dummy_return_one(x)
[11:47:36.869] [INFO] [run] subject=4, session=3, speed=10, trial=7, x__rid_x=2ca1796e578c9dcd: dummy_return_one(x)
[11:47:36.870] [INFO] [run] subject=4, session=3, speed=2, trial=1, x__rid_x=2e48a0d91c3eb610: dummy_return_one(x)
[11:47:36.870] [INFO] [run] subject=4, session=3, speed=2, trial=2, x__rid_x=cd1c4d8513185065: dummy_return_one(x)
[11:47:36.871] [INFO] [run] subject=4, session=3, speed=2, trial=3, x__rid_x=1ed231d17ce2691a: dummy_return_one(x)
[11:47:36.879] [INFO] [run] subject=4, session=3, speed=2, trial=4, x__rid_x=3599652fd94b3ea6: dummy_return_one(x)
[11:47:36.880] [INFO] [run] subject=4, session=3, speed=2, trial=5, x__rid_x=4a36e5ed9832d050: dummy_return_one(x)
[11:47:36.881] [INFO] [run] subject=4, session=3, speed=2, trial=6, x__rid_x=52da854f49daeb44: dummy_return_one(x)
[11:47:36.889] [INFO] [run] subject=4, session=3, speed=2, trial=7, x__rid_x=9a102089c2955dd2: dummy_return_one(x)
[11:47:36.890] [INFO] [run] subject=4, session=3, speed=3, trial=1, x__rid_x=c8a473d2f1e02716: dummy_return_one(x)
[11:47:36.899] [INFO] [run] subject=4, session=3, speed=3, trial=2, x__rid_x=70cd51c20af72690: dummy_return_one(x)
[11:47:36.900] [INFO] [run] subject=4, session=3, speed=3, trial=3, x__rid_x=5bd1a01808c31db6: dummy_return_one(x)
[11:47:36.900] [INFO] [run] subject=4, session=3, speed=3, trial=4, x__rid_x=ca8f38e1d0bdf568: dummy_return_one(x)
[11:47:36.901] [INFO] [run] subject=4, session=3, speed=3, trial=5, x__rid_x=0ff1ade6936356d1: dummy_return_one(x)
[11:47:36.909] [INFO] [run] subject=4, session=3, speed=3, trial=6, x__rid_x=94f69d7c1daa38fa: dummy_return_one(x)
[11:47:36.910] [INFO] [run] subject=4, session=3, speed=3, trial=7, x__rid_x=1d6f309e011d52a4: dummy_return_one(x)
[11:47:36.919] [INFO] [run] subject=4, session=3, speed=4, trial=1, x__rid_x=0dc3fc682eab0f77: dummy_return_one(x)
[11:47:36.919] [INFO] [run] subject=4, session=3, speed=4, trial=2, x__rid_x=339c8b813e803985: dummy_return_one(x)
[11:47:36.920] [INFO] [run] subject=4, session=3, speed=4, trial=3, x__rid_x=322ab8375addf355: dummy_return_one(x)
[11:47:36.921] [INFO] [run] subject=4, session=3, speed=4, trial=4, x__rid_x=56e4043a7327e9f0: dummy_return_one(x)
[11:47:36.929] [INFO] [run] subject=4, session=3, speed=4, trial=5, x__rid_x=3f39fc6a4c2d7cac: dummy_return_one(x)
[11:47:36.930] [INFO] [run] subject=4, session=3, speed=4, trial=6, x__rid_x=87c1da9f44d80fac: dummy_return_one(x)
[11:47:36.939] [INFO] [run] subject=4, session=3, speed=4, trial=7, x__rid_x=02d93a2d73d39feb: dummy_return_one(x)
[11:47:36.940] [INFO] [run] subject=4, session=3, speed=5, trial=1, x__rid_x=7761304f472e4458: dummy_return_one(x)
[11:47:36.940] [INFO] [run] subject=4, session=3, speed=5, trial=2, x__rid_x=d881d7f0656389f5: dummy_return_one(x)
[11:47:36.949] [INFO] [run] subject=4, session=3, speed=5, trial=3, x__rid_x=2b2a1ad767b0d087: dummy_return_one(x)
[11:47:36.949] [INFO] [run] subject=4, session=3, speed=5, trial=4, x__rid_x=8dbff9eeb561c1bf: dummy_return_one(x)
[11:47:36.950] [INFO] [run] subject=4, session=3, speed=5, trial=5, x__rid_x=ac116e46de3037b2: dummy_return_one(x)
[11:47:36.959] [INFO] [run] subject=4, session=3, speed=5, trial=6, x__rid_x=af285e09b1973826: dummy_return_one(x)
[11:47:36.960] [INFO] [run] subject=4, session=3, speed=5, trial=7, x__rid_x=88ff576cf4826f5c: dummy_return_one(x)
[11:47:36.960] [INFO] [run] subject=4, session=3, speed=6, trial=1, x__rid_x=fbd4ea34401e90d2: dummy_return_one(x)
[11:47:36.968] [INFO] [run] subject=4, session=3, speed=6, trial=2, x__rid_x=1201fdf8cd5ea329: dummy_return_one(x)
[11:47:36.969] [INFO] [run] subject=4, session=3, speed=6, trial=3, x__rid_x=71543edb86231743: dummy_return_one(x)
[11:47:36.970] [INFO] [run] subject=4, session=3, speed=6, trial=4, x__rid_x=486b12bd2947511f: dummy_return_one(x)
[11:47:36.978] [INFO] [run] subject=4, session=3, speed=6, trial=5, x__rid_x=42bac79954f160dd: dummy_return_one(x)
[11:47:36.980] [INFO] [run] subject=4, session=3, speed=6, trial=6, x__rid_x=dbe9e5b12a5c5823: dummy_return_one(x)
[11:47:36.980] [INFO] [run] subject=4, session=3, speed=6, trial=7, x__rid_x=267bc1b396fb121e: dummy_return_one(x)
[11:47:36.988] [INFO] [run] subject=4, session=3, speed=7, trial=1, x__rid_x=c925fdf06d3cd8bb: dummy_return_one(x)
[11:47:36.989] [INFO] [run] subject=4, session=3, speed=7, trial=2, x__rid_x=4ed7d8564b3570a1: dummy_return_one(x)
[11:47:36.990] [INFO] [run] subject=4, session=3, speed=7, trial=3, x__rid_x=6e7801b19336ffb4: dummy_return_one(x)
[11:47:36.998] [INFO] [run] subject=4, session=3, speed=7, trial=4, x__rid_x=97ef4e313873b0e4: dummy_return_one(x)
[11:47:36.999] [INFO] [run] subject=4, session=3, speed=7, trial=5, x__rid_x=07a4cf4742fdd6d4: dummy_return_one(x)
[11:47:37.000] [INFO] [run] subject=4, session=3, speed=7, trial=6, x__rid_x=9b1978ac99b578d6: dummy_return_one(x)
[11:47:37.008] [INFO] [run] subject=4, session=3, speed=7, trial=7, x__rid_x=b39e794139aa55fd: dummy_return_one(x)
[11:47:37.009] [INFO] [run] subject=4, session=3, speed=8, trial=1, x__rid_x=47757c497c201647: dummy_return_one(x)
[11:47:37.010] [INFO] [run] subject=4, session=3, speed=8, trial=2, x__rid_x=16b4946066024530: dummy_return_one(x)
[11:47:37.018] [INFO] [run] subject=4, session=3, speed=8, trial=3, x__rid_x=76259ab457f111ab: dummy_return_one(x)
[11:47:37.019] [INFO] [run] subject=4, session=3, speed=8, trial=4, x__rid_x=a1a7833495ca9c21: dummy_return_one(x)
[11:47:37.019] [INFO] [run] subject=4, session=3, speed=8, trial=5, x__rid_x=b4c7879afa80298c: dummy_return_one(x)
[11:47:37.020] [INFO] [run] subject=4, session=3, speed=8, trial=6, x__rid_x=b59f56bb1fedd24d: dummy_return_one(x)
[11:47:37.028] [INFO] [run] subject=4, session=3, speed=8, trial=7, x__rid_x=47b31d1fe506b71e: dummy_return_one(x)
[11:47:37.029] [INFO] [run] subject=4, session=3, speed=9, trial=1, x__rid_x=005fa0bad714db38: dummy_return_one(x)
[11:47:37.030] [INFO] [run] subject=4, session=3, speed=9, trial=2, x__rid_x=8e634c094096f727: dummy_return_one(x)
[11:47:37.038] [INFO] [run] subject=4, session=3, speed=9, trial=3, x__rid_x=bfade50dd0c903b0: dummy_return_one(x)
[11:47:37.039] [INFO] [run] subject=4, session=3, speed=9, trial=4, x__rid_x=cbdf6b876137c580: dummy_return_one(x)
[11:47:37.048] [INFO] [run] subject=4, session=3, speed=9, trial=5, x__rid_x=72587039435f5317: dummy_return_one(x)
[11:47:37.050] [INFO] [run] subject=4, session=3, speed=9, trial=6, x__rid_x=26fe95121269968c: dummy_return_one(x)
[11:47:37.050] [INFO] [run] subject=4, session=3, speed=9, trial=7, x__rid_x=4e3ac0837417aea7: dummy_return_one(x)
[11:47:37.058] [INFO] [run] subject=4, session=4, speed=1, trial=1, x__rid_x=4608e40debe90111: dummy_return_one(x)
[11:47:37.059] [INFO] [run] subject=4, session=4, speed=1, trial=2, x__rid_x=44c97d2ae26c6ba6: dummy_return_one(x)
[11:47:37.060] [INFO] [run] subject=4, session=4, speed=1, trial=3, x__rid_x=2e003c66501a55b5: dummy_return_one(x)
[11:47:37.068] [INFO] [run] subject=4, session=4, speed=1, trial=4, x__rid_x=33831a401d56f478: dummy_return_one(x)
[11:47:37.069] [INFO] [run] subject=4, session=4, speed=1, trial=5, x__rid_x=52119dce0b5de0ba: dummy_return_one(x)
[11:47:37.070] [INFO] [run] subject=4, session=4, speed=1, trial=6, x__rid_x=aa2e5045d83f7adf: dummy_return_one(x)
[11:47:37.078] [INFO] [run] subject=4, session=4, speed=1, trial=7, x__rid_x=71bcde760040a9ad: dummy_return_one(x)
[11:47:37.080] [INFO] [run] subject=4, session=4, speed=10, trial=1, x__rid_x=c3660f2720af7ddc: dummy_return_one(x)
[11:47:37.088] [INFO] [run] subject=4, session=4, speed=10, trial=2, x__rid_x=28e9a8f7a0980cc7: dummy_return_one(x)
[11:47:37.089] [INFO] [run] subject=4, session=4, speed=10, trial=3, x__rid_x=8c37e5438904beaa: dummy_return_one(x)
[11:47:37.090] [INFO] [run] subject=4, session=4, speed=10, trial=4, x__rid_x=7821e0df67f4c834: dummy_return_one(x)
[11:47:37.098] [INFO] [run] subject=4, session=4, speed=10, trial=5, x__rid_x=03cad926033268d9: dummy_return_one(x)
[11:47:37.099] [INFO] [run] subject=4, session=4, speed=10, trial=6, x__rid_x=ddbea15574c4a93e: dummy_return_one(x)
[11:47:37.100] [INFO] [run] subject=4, session=4, speed=10, trial=7, x__rid_x=b0f94f250131b1b0: dummy_return_one(x)
[11:47:37.108] [INFO] [run] subject=4, session=4, speed=2, trial=1, x__rid_x=80b67600c90dcfc9: dummy_return_one(x)
[11:47:37.110] [INFO] [run] subject=4, session=4, speed=2, trial=2, x__rid_x=a806ecdc0daf5b77: dummy_return_one(x)
[11:47:37.110] [INFO] [run] subject=4, session=4, speed=2, trial=3, x__rid_x=83376c15ddb7ad5b: dummy_return_one(x)
[11:47:37.119] [INFO] [run] subject=4, session=4, speed=2, trial=4, x__rid_x=bd453d6626aefbc8: dummy_return_one(x)
[11:47:37.119] [INFO] [run] subject=4, session=4, speed=2, trial=5, x__rid_x=4513c0775f48ffab: dummy_return_one(x)
[11:47:37.120] [INFO] [run] subject=4, session=4, speed=2, trial=6, x__rid_x=cfc215a2a0f36e39: dummy_return_one(x)
[11:47:37.129] [INFO] [run] subject=4, session=4, speed=2, trial=7, x__rid_x=61eeb6545f76c3c0: dummy_return_one(x)
[11:47:37.130] [INFO] [run] subject=4, session=4, speed=3, trial=1, x__rid_x=94c4df9af9767022: dummy_return_one(x)
[11:47:37.131] [INFO] [run] subject=4, session=4, speed=3, trial=2, x__rid_x=fb288dff78cb8cca: dummy_return_one(x)
[11:47:37.139] [INFO] [run] subject=4, session=4, speed=3, trial=3, x__rid_x=0e45d720ac474e87: dummy_return_one(x)
[11:47:37.140] [INFO] [run] subject=4, session=4, speed=3, trial=4, x__rid_x=1ca9655f3f95f69d: dummy_return_one(x)
[11:47:37.140] [INFO] [run] subject=4, session=4, speed=3, trial=5, x__rid_x=7d2a5a47091119bd: dummy_return_one(x)
[11:47:37.149] [INFO] [run] subject=4, session=4, speed=3, trial=6, x__rid_x=7d295602a5d663d3: dummy_return_one(x)
[11:47:37.150] [INFO] [run] subject=4, session=4, speed=3, trial=7, x__rid_x=d5d2d5575e55a8d5: dummy_return_one(x)
[11:47:37.150] [INFO] [run] subject=4, session=4, speed=4, trial=1, x__rid_x=c5a0fcd7790f8d15: dummy_return_one(x)
[11:47:37.159] [INFO] [run] subject=4, session=4, speed=4, trial=2, x__rid_x=a04dbcbcc31e6491: dummy_return_one(x)
[11:47:37.160] [INFO] [run] subject=4, session=4, speed=4, trial=3, x__rid_x=ae4125595912584e: dummy_return_one(x)
[11:47:37.161] [INFO] [run] subject=4, session=4, speed=4, trial=4, x__rid_x=df8f6f47d52ce2b7: dummy_return_one(x)
[11:47:37.169] [INFO] [run] subject=4, session=4, speed=4, trial=5, x__rid_x=109d9ea4f9e00f23: dummy_return_one(x)
[11:47:37.170] [INFO] [run] subject=4, session=4, speed=4, trial=6, x__rid_x=4cc3268a00ca56d5: dummy_return_one(x)
[11:47:37.170] [INFO] [run] subject=4, session=4, speed=4, trial=7, x__rid_x=8252d469f6cd2ba6: dummy_return_one(x)
[11:47:37.171] [INFO] [run] subject=4, session=4, speed=5, trial=1, x__rid_x=1df333d6e4c53f3a: dummy_return_one(x)
[11:47:37.179] [INFO] [run] subject=4, session=4, speed=5, trial=2, x__rid_x=1d3919eb151e2e22: dummy_return_one(x)
[11:47:37.180] [INFO] [run] subject=4, session=4, speed=5, trial=3, x__rid_x=b0dcb10be9f5eaa0: dummy_return_one(x)
[11:47:37.181] [INFO] [run] subject=4, session=4, speed=5, trial=4, x__rid_x=887bfbab6e4aa233: dummy_return_one(x)
[11:47:37.189] [INFO] [run] subject=4, session=4, speed=5, trial=5, x__rid_x=57880bf8d3efda56: dummy_return_one(x)
[11:47:37.191] [INFO] [run] subject=4, session=4, speed=5, trial=6, x__rid_x=4ed1021d34c27ce8: dummy_return_one(x)
[11:47:37.192] [INFO] [run] subject=4, session=4, speed=5, trial=7, x__rid_x=44917a4e3d029940: dummy_return_one(x)
[11:47:37.192] [INFO] [run] subject=4, session=4, speed=6, trial=1, x__rid_x=21e527bc9a340d61: dummy_return_one(x)
[11:47:37.193] [INFO] [run] subject=4, session=4, speed=6, trial=2, x__rid_x=5192105264c1f10f: dummy_return_one(x)
[11:47:37.194] [INFO] [run] subject=4, session=4, speed=6, trial=3, x__rid_x=cfbf37eeb6cd0041: dummy_return_one(x)
[11:47:37.194] [INFO] [run] subject=4, session=4, speed=6, trial=4, x__rid_x=25aa643d7f871a46: dummy_return_one(x)
[11:47:37.195] [INFO] [run] subject=4, session=4, speed=6, trial=5, x__rid_x=3fdbd3bef5aabc37: dummy_return_one(x)
[11:47:37.196] [INFO] [run] subject=4, session=4, speed=6, trial=6, x__rid_x=9766468c56ddd6db: dummy_return_one(x)
[11:47:37.197] [INFO] [run] subject=4, session=4, speed=6, trial=7, x__rid_x=a71ef2de45e8dd71: dummy_return_one(x)
[11:47:37.197] [INFO] [run] subject=4, session=4, speed=7, trial=1, x__rid_x=a566059b2cb54ca4: dummy_return_one(x)
[11:47:37.198] [INFO] [run] subject=4, session=4, speed=7, trial=2, x__rid_x=e841113483f9d3a9: dummy_return_one(x)
[11:47:37.199] [INFO] [run] subject=4, session=4, speed=7, trial=3, x__rid_x=e3e001e8e8b457f7: dummy_return_one(x)
[11:47:37.199] [INFO] [run] subject=4, session=4, speed=7, trial=4, x__rid_x=0b0a184a34c0e88a: dummy_return_one(x)
[11:47:37.200] [INFO] [run] subject=4, session=4, speed=7, trial=5, x__rid_x=a20fad4d4e831471: dummy_return_one(x)
[11:47:37.200] [INFO] [run] subject=4, session=4, speed=7, trial=6, x__rid_x=9f7ff9aeea0b8eab: dummy_return_one(x)
[11:47:37.201] [INFO] [run] subject=4, session=4, speed=7, trial=7, x__rid_x=6719534d015e479d: dummy_return_one(x)
[11:47:37.202] [INFO] [run] subject=4, session=4, speed=8, trial=1, x__rid_x=89202a0401d3651c: dummy_return_one(x)
[11:47:37.202] [INFO] [run] subject=4, session=4, speed=8, trial=2, x__rid_x=ddc67836492f8724: dummy_return_one(x)
[11:47:37.203] [INFO] [run] subject=4, session=4, speed=8, trial=3, x__rid_x=d5c63556ea0f085b: dummy_return_one(x)
[11:47:37.204] [INFO] [run] subject=4, session=4, speed=8, trial=4, x__rid_x=82280c0a511e73cb: dummy_return_one(x)
[11:47:37.204] [INFO] [run] subject=4, session=4, speed=8, trial=5, x__rid_x=b12b5cfb17d42c4b: dummy_return_one(x)
[11:47:37.205] [INFO] [run] subject=4, session=4, speed=8, trial=6, x__rid_x=32d11310ef8083b6: dummy_return_one(x)
[11:47:37.206] [INFO] [run] subject=4, session=4, speed=8, trial=7, x__rid_x=95e5737cf0a68a4b: dummy_return_one(x)
[11:47:37.207] [INFO] [run] subject=4, session=4, speed=9, trial=1, x__rid_x=c82e9b1db5354a09: dummy_return_one(x)
[11:47:37.207] [INFO] [run] subject=4, session=4, speed=9, trial=2, x__rid_x=deb78f76c069040d: dummy_return_one(x)
[11:47:37.208] [INFO] [run] subject=4, session=4, speed=9, trial=3, x__rid_x=7f88164f604c39eb: dummy_return_one(x)
[11:47:37.209] [INFO] [run] subject=4, session=4, speed=9, trial=4, x__rid_x=d88405cb02bdeaa7: dummy_return_one(x)
[11:47:37.209] [INFO] [run] subject=4, session=4, speed=9, trial=5, x__rid_x=253b41f78a9cb39e: dummy_return_one(x)
[11:47:37.210] [INFO] [run] subject=4, session=4, speed=9, trial=6, x__rid_x=d5fb143eedbaca9b: dummy_return_one(x)
[11:47:37.211] [INFO] [run] subject=4, session=4, speed=9, trial=7, x__rid_x=272c04d45ff0ec41: dummy_return_one(x)
[11:47:37.212] [INFO] [run] subject=4, session=5, speed=1, trial=1, x__rid_x=2a57771859153090: dummy_return_one(x)
[11:47:37.212] [INFO] [run] subject=4, session=5, speed=1, trial=2, x__rid_x=f9ae6cd9a2b01bec: dummy_return_one(x)
[11:47:37.213] [INFO] [run] subject=4, session=5, speed=1, trial=3, x__rid_x=d8566c034ad5ac8f: dummy_return_one(x)
[11:47:37.213] [INFO] [run] subject=4, session=5, speed=1, trial=4, x__rid_x=3b2607cf22b7ea70: dummy_return_one(x)
[11:47:37.214] [INFO] [run] subject=4, session=5, speed=1, trial=5, x__rid_x=5504d29b042e34d0: dummy_return_one(x)
[11:47:37.215] [INFO] [run] subject=4, session=5, speed=1, trial=6, x__rid_x=e38e087d8745cf0b: dummy_return_one(x)
[11:47:37.215] [INFO] [run] subject=4, session=5, speed=1, trial=7, x__rid_x=e721eca351983e52: dummy_return_one(x)
[11:47:37.216] [INFO] [run] subject=4, session=5, speed=10, trial=1, x__rid_x=9e6ef8dd8de63f6c: dummy_return_one(x)
[11:47:37.217] [INFO] [run] subject=4, session=5, speed=10, trial=2, x__rid_x=edd2beaaef9b8957: dummy_return_one(x)
[11:47:37.217] [INFO] [run] subject=4, session=5, speed=10, trial=3, x__rid_x=9d08631182c6ec8f: dummy_return_one(x)
[11:47:37.218] [INFO] [run] subject=4, session=5, speed=10, trial=4, x__rid_x=e0170354ddb2e575: dummy_return_one(x)
[11:47:37.218] [INFO] [run] subject=4, session=5, speed=10, trial=5, x__rid_x=7f83d8c5e84341ad: dummy_return_one(x)
[11:47:37.219] [INFO] [run] subject=4, session=5, speed=10, trial=6, x__rid_x=9f8fe670135fb9df: dummy_return_one(x)
[11:47:37.220] [INFO] [run] subject=4, session=5, speed=10, trial=7, x__rid_x=264068d18fdbc8d3: dummy_return_one(x)
[11:47:37.221] [INFO] [run] subject=4, session=5, speed=2, trial=1, x__rid_x=daf5a25f6f1a0d29: dummy_return_one(x)
[11:47:37.221] [INFO] [run] subject=4, session=5, speed=2, trial=2, x__rid_x=e2f3c2b29c8666ed: dummy_return_one(x)
[11:47:37.222] [INFO] [run] subject=4, session=5, speed=2, trial=3, x__rid_x=69c7b755065c1c84: dummy_return_one(x)
[11:47:37.223] [INFO] [run] subject=4, session=5, speed=2, trial=4, x__rid_x=a155958943a7c96b: dummy_return_one(x)
[11:47:37.223] [INFO] [run] subject=4, session=5, speed=2, trial=5, x__rid_x=c5d3fe85febcb0d4: dummy_return_one(x)
[11:47:37.224] [INFO] [run] subject=4, session=5, speed=2, trial=6, x__rid_x=17e2b45cbfb9fba5: dummy_return_one(x)
[11:47:37.225] [INFO] [run] subject=4, session=5, speed=2, trial=7, x__rid_x=e0194b00f4508be8: dummy_return_one(x)
[11:47:37.226] [INFO] [run] subject=4, session=5, speed=3, trial=1, x__rid_x=7c16629ddfcda5d2: dummy_return_one(x)
[11:47:37.226] [INFO] [run] subject=4, session=5, speed=3, trial=2, x__rid_x=3a4fe4120d384578: dummy_return_one(x)
[11:47:37.227] [INFO] [run] subject=4, session=5, speed=3, trial=3, x__rid_x=65d0fd29c4ce3666: dummy_return_one(x)
[11:47:37.228] [INFO] [run] subject=4, session=5, speed=3, trial=4, x__rid_x=4c6dba2890137c75: dummy_return_one(x)
[11:47:37.228] [INFO] [run] subject=4, session=5, speed=3, trial=5, x__rid_x=312debbb3357a480: dummy_return_one(x)
[11:47:37.229] [INFO] [run] subject=4, session=5, speed=3, trial=6, x__rid_x=8ac62d97630ac7eb: dummy_return_one(x)
[11:47:37.229] [INFO] [run] subject=4, session=5, speed=3, trial=7, x__rid_x=9d37ce991601eb9e: dummy_return_one(x)
[11:47:37.230] [INFO] [run] subject=4, session=5, speed=4, trial=1, x__rid_x=6ef44136fea10bf8: dummy_return_one(x)
[11:47:37.231] [INFO] [run] subject=4, session=5, speed=4, trial=2, x__rid_x=440e2ed75980fc77: dummy_return_one(x)
[11:47:37.231] [INFO] [run] subject=4, session=5, speed=4, trial=3, x__rid_x=c4ee5904679d4032: dummy_return_one(x)
[11:47:37.232] [INFO] [run] subject=4, session=5, speed=4, trial=4, x__rid_x=62519ce2ddfa8572: dummy_return_one(x)
[11:47:37.233] [INFO] [run] subject=4, session=5, speed=4, trial=5, x__rid_x=1e798b6c187d3ea7: dummy_return_one(x)
[11:47:37.233] [INFO] [run] subject=4, session=5, speed=4, trial=6, x__rid_x=98e9d478f536169c: dummy_return_one(x)
[11:47:37.234] [INFO] [run] subject=4, session=5, speed=4, trial=7, x__rid_x=1d8da2a419763e38: dummy_return_one(x)
[11:47:37.235] [INFO] [run] subject=4, session=5, speed=5, trial=1, x__rid_x=86a15f8c6c3a9b8b: dummy_return_one(x)
[11:47:37.235] [INFO] [run] subject=4, session=5, speed=5, trial=2, x__rid_x=8c8a5de1615890b7: dummy_return_one(x)
[11:47:37.236] [INFO] [run] subject=4, session=5, speed=5, trial=3, x__rid_x=c19a6150af2ce927: dummy_return_one(x)
[11:47:37.237] [INFO] [run] subject=4, session=5, speed=5, trial=4, x__rid_x=844037e5f11624b8: dummy_return_one(x)
[11:47:37.237] [INFO] [run] subject=4, session=5, speed=5, trial=5, x__rid_x=65e25ce1be648380: dummy_return_one(x)
[11:47:37.238] [INFO] [run] subject=4, session=5, speed=5, trial=6, x__rid_x=f4662d8a6a88d21e: dummy_return_one(x)
[11:47:37.239] [INFO] [run] subject=4, session=5, speed=5, trial=7, x__rid_x=06eb8f92acbef1af: dummy_return_one(x)
[11:47:37.240] [INFO] [run] subject=4, session=5, speed=6, trial=1, x__rid_x=c05b54e20fe57fae: dummy_return_one(x)
[11:47:37.241] [INFO] [run] subject=4, session=5, speed=6, trial=2, x__rid_x=b36d7fcad32ae706: dummy_return_one(x)
[11:47:37.241] [INFO] [run] subject=4, session=5, speed=6, trial=3, x__rid_x=12c75262c1eed5be: dummy_return_one(x)
[11:47:37.242] [INFO] [run] subject=4, session=5, speed=6, trial=4, x__rid_x=58f0107d7802eeb4: dummy_return_one(x)
[11:47:37.243] [INFO] [run] subject=4, session=5, speed=6, trial=5, x__rid_x=c5cce54bed8438d8: dummy_return_one(x)
[11:47:37.243] [INFO] [run] subject=4, session=5, speed=6, trial=6, x__rid_x=10d4b7989186dab8: dummy_return_one(x)
[11:47:37.244] [INFO] [run] subject=4, session=5, speed=6, trial=7, x__rid_x=0c3a8953ff1738f2: dummy_return_one(x)
[11:47:37.245] [INFO] [run] subject=4, session=5, speed=7, trial=1, x__rid_x=b8d6c0b4cb2af4ba: dummy_return_one(x)
[11:47:37.245] [INFO] [run] subject=4, session=5, speed=7, trial=2, x__rid_x=8bafb10e2940cc65: dummy_return_one(x)
[11:47:37.246] [INFO] [run] subject=4, session=5, speed=7, trial=3, x__rid_x=607fe75dceb02947: dummy_return_one(x)
[11:47:37.246] [INFO] [run] subject=4, session=5, speed=7, trial=4, x__rid_x=23de639c45f301b6: dummy_return_one(x)
[11:47:37.247] [INFO] [run] subject=4, session=5, speed=7, trial=5, x__rid_x=c25c35619e3d8deb: dummy_return_one(x)
[11:47:37.248] [INFO] [run] subject=4, session=5, speed=7, trial=6, x__rid_x=200c362118b1e168: dummy_return_one(x)
[11:47:37.249] [INFO] [run] subject=4, session=5, speed=7, trial=7, x__rid_x=3809635482ad2c1d: dummy_return_one(x)
[11:47:37.249] [INFO] [run] subject=4, session=5, speed=8, trial=1, x__rid_x=ad25a74800f30819: dummy_return_one(x)
[11:47:37.250] [INFO] [run] subject=4, session=5, speed=8, trial=2, x__rid_x=ee2246db09dd08da: dummy_return_one(x)
[11:47:37.251] [INFO] [run] subject=4, session=5, speed=8, trial=3, x__rid_x=c4eff459f00deb55: dummy_return_one(x)
[11:47:37.251] [INFO] [run] subject=4, session=5, speed=8, trial=4, x__rid_x=af4c285620fd049d: dummy_return_one(x)
[11:47:37.252] [INFO] [run] subject=4, session=5, speed=8, trial=5, x__rid_x=ee42cf4f524a0913: dummy_return_one(x)
[11:47:37.252] [INFO] [run] subject=4, session=5, speed=8, trial=6, x__rid_x=2492b4cafa1a7ea6: dummy_return_one(x)
[11:47:37.253] [INFO] [run] subject=4, session=5, speed=8, trial=7, x__rid_x=56e617962130fe48: dummy_return_one(x)
[11:47:37.254] [INFO] [run] subject=4, session=5, speed=9, trial=1, x__rid_x=cd538be21d1cb403: dummy_return_one(x)
[11:47:37.254] [INFO] [run] subject=4, session=5, speed=9, trial=2, x__rid_x=8f693f8ac76fa6c2: dummy_return_one(x)
[11:47:37.255] [INFO] [run] subject=4, session=5, speed=9, trial=3, x__rid_x=3cf51ec87f1003ca: dummy_return_one(x)
[11:47:37.256] [INFO] [run] subject=4, session=5, speed=9, trial=4, x__rid_x=3bd165bf9b1d85ba: dummy_return_one(x)
[11:47:37.256] [INFO] [run] subject=4, session=5, speed=9, trial=5, x__rid_x=2fba5ddbcebc1648: dummy_return_one(x)
[11:47:37.257] [INFO] [run] subject=4, session=5, speed=9, trial=6, x__rid_x=d3330e54a953f9f6: dummy_return_one(x)
[11:47:37.258] [INFO] [run] subject=4, session=5, speed=9, trial=7, x__rid_x=85ffaeb04a0648c9: dummy_return_one(x)
[11:47:37.259] [INFO] [run] subject=5, session=1, speed=1, trial=1, x__rid_x=139080d30cb1f003: dummy_return_one(x)
[11:47:37.259] [INFO] [run] subject=5, session=1, speed=1, trial=2, x__rid_x=67318ac92a86d4b2: dummy_return_one(x)
[11:47:37.260] [INFO] [run] subject=5, session=1, speed=1, trial=3, x__rid_x=aa4b57c926889cad: dummy_return_one(x)
[11:47:37.261] [INFO] [run] subject=5, session=1, speed=1, trial=4, x__rid_x=521abc18a68901ed: dummy_return_one(x)
[11:47:37.262] [INFO] [run] subject=5, session=1, speed=1, trial=5, x__rid_x=916105f398b5df7a: dummy_return_one(x)
[11:47:37.262] [INFO] [run] subject=5, session=1, speed=1, trial=6, x__rid_x=6a5c9568c86ac00c: dummy_return_one(x)
[11:47:37.263] [INFO] [run] subject=5, session=1, speed=1, trial=7, x__rid_x=e15308a5fd4db892: dummy_return_one(x)
[11:47:37.264] [INFO] [run] subject=5, session=1, speed=10, trial=1, x__rid_x=4dcfc5785c83f5ab: dummy_return_one(x)
[11:47:37.265] [INFO] [run] subject=5, session=1, speed=10, trial=2, x__rid_x=c3afdbcab981c73c: dummy_return_one(x)
[11:47:37.265] [INFO] [run] subject=5, session=1, speed=10, trial=3, x__rid_x=3c201a3e6609939f: dummy_return_one(x)
[11:47:37.266] [INFO] [run] subject=5, session=1, speed=10, trial=4, x__rid_x=8854aeb938e8e521: dummy_return_one(x)
[11:47:37.267] [INFO] [run] subject=5, session=1, speed=10, trial=5, x__rid_x=4c55fe29564017b5: dummy_return_one(x)
[11:47:37.267] [INFO] [run] subject=5, session=1, speed=10, trial=6, x__rid_x=3d8bf70ad91186df: dummy_return_one(x)
[11:47:37.268] [INFO] [run] subject=5, session=1, speed=10, trial=7, x__rid_x=cdf1956f1131e0a3: dummy_return_one(x)
[11:47:37.268] [INFO] [run] subject=5, session=1, speed=2, trial=1, x__rid_x=e5e80b0600f88b5d: dummy_return_one(x)
[11:47:37.269] [INFO] [run] subject=5, session=1, speed=2, trial=2, x__rid_x=cfd67faa5a71e2e3: dummy_return_one(x)
[11:47:37.270] [INFO] [run] subject=5, session=1, speed=2, trial=3, x__rid_x=37894778c5793c10: dummy_return_one(x)
[11:47:37.270] [INFO] [run] subject=5, session=1, speed=2, trial=4, x__rid_x=36e339886b9d2e29: dummy_return_one(x)
[11:47:37.271] [INFO] [run] subject=5, session=1, speed=2, trial=5, x__rid_x=bba566ce3cc9ef98: dummy_return_one(x)
[11:47:37.272] [INFO] [run] subject=5, session=1, speed=2, trial=6, x__rid_x=98545a70830086a0: dummy_return_one(x)
[11:47:37.272] [INFO] [run] subject=5, session=1, speed=2, trial=7, x__rid_x=2cc9938404d3006b: dummy_return_one(x)
[11:47:37.273] [INFO] [run] subject=5, session=1, speed=3, trial=1, x__rid_x=f2240bdc7e74e31b: dummy_return_one(x)
[11:47:37.274] [INFO] [run] subject=5, session=1, speed=3, trial=2, x__rid_x=475c549fbb0ae45f: dummy_return_one(x)
[11:47:37.274] [INFO] [run] subject=5, session=1, speed=3, trial=3, x__rid_x=25aa7d8a8f8c8ebb: dummy_return_one(x)
[11:47:37.275] [INFO] [run] subject=5, session=1, speed=3, trial=4, x__rid_x=ed943870c7f771de: dummy_return_one(x)
[11:47:37.276] [INFO] [run] subject=5, session=1, speed=3, trial=5, x__rid_x=088ae5b37080510c: dummy_return_one(x)
[11:47:37.276] [INFO] [run] subject=5, session=1, speed=3, trial=6, x__rid_x=daa2d0590c30d9dc: dummy_return_one(x)
[11:47:37.277] [INFO] [run] subject=5, session=1, speed=3, trial=7, x__rid_x=0852031d5f90cc26: dummy_return_one(x)
[11:47:37.278] [INFO] [run] subject=5, session=1, speed=4, trial=1, x__rid_x=b7669fa1c3a249a6: dummy_return_one(x)
[11:47:37.278] [INFO] [run] subject=5, session=1, speed=4, trial=2, x__rid_x=1a3b8751eb677444: dummy_return_one(x)
[11:47:37.279] [INFO] [run] subject=5, session=1, speed=4, trial=3, x__rid_x=abb03710a07b47f7: dummy_return_one(x)
[11:47:37.280] [INFO] [run] subject=5, session=1, speed=4, trial=4, x__rid_x=451ad4be94380cc1: dummy_return_one(x)
[11:47:37.280] [INFO] [run] subject=5, session=1, speed=4, trial=5, x__rid_x=7f85e3c5e489498c: dummy_return_one(x)
[11:47:37.281] [INFO] [run] subject=5, session=1, speed=4, trial=6, x__rid_x=2c2b3929aafdfcf4: dummy_return_one(x)
[11:47:37.282] [INFO] [run] subject=5, session=1, speed=4, trial=7, x__rid_x=4a84e9ed0a684644: dummy_return_one(x)
[11:47:37.282] [INFO] [run] subject=5, session=1, speed=5, trial=1, x__rid_x=0d06ae25454e9716: dummy_return_one(x)
[11:47:37.283] [INFO] [run] subject=5, session=1, speed=5, trial=2, x__rid_x=6aec54225ea84a15: dummy_return_one(x)
[11:47:37.283] [INFO] [run] subject=5, session=1, speed=5, trial=3, x__rid_x=350cce45c54d7d22: dummy_return_one(x)
[11:47:37.284] [INFO] [run] subject=5, session=1, speed=5, trial=4, x__rid_x=dee3b57358ce1cb1: dummy_return_one(x)
[11:47:37.285] [INFO] [run] subject=5, session=1, speed=5, trial=5, x__rid_x=90e890202482dc4c: dummy_return_one(x)
[11:47:37.285] [INFO] [run] subject=5, session=1, speed=5, trial=6, x__rid_x=7ed1f2de29ca5a88: dummy_return_one(x)
[11:47:37.286] [INFO] [run] subject=5, session=1, speed=5, trial=7, x__rid_x=4abb4682a14ac683: dummy_return_one(x)
[11:47:37.287] [INFO] [run] subject=5, session=1, speed=6, trial=1, x__rid_x=b1002ec1aebfd7c8: dummy_return_one(x)
[11:47:37.287] [INFO] [run] subject=5, session=1, speed=6, trial=2, x__rid_x=060d4f7e80473961: dummy_return_one(x)
[11:47:37.288] [INFO] [run] subject=5, session=1, speed=6, trial=3, x__rid_x=f28b634e8621694a: dummy_return_one(x)
[11:47:37.288] [INFO] [run] subject=5, session=1, speed=6, trial=4, x__rid_x=4ac10c9c225fa714: dummy_return_one(x)
[11:47:37.289] [INFO] [run] subject=5, session=1, speed=6, trial=5, x__rid_x=e29e550bdcf4f6aa: dummy_return_one(x)
[11:47:37.290] [INFO] [run] subject=5, session=1, speed=6, trial=6, x__rid_x=cc81f1d69e17e1d9: dummy_return_one(x)
[11:47:37.291] [INFO] [run] subject=5, session=1, speed=6, trial=7, x__rid_x=56731969585694e0: dummy_return_one(x)
[11:47:37.291] [INFO] [run] subject=5, session=1, speed=7, trial=1, x__rid_x=efc1dc9f91ee6f7a: dummy_return_one(x)
[11:47:37.292] [INFO] [run] subject=5, session=1, speed=7, trial=2, x__rid_x=f647703324e69f5d: dummy_return_one(x)
[11:47:37.293] [INFO] [run] subject=5, session=1, speed=7, trial=3, x__rid_x=7dd44d3825c10881: dummy_return_one(x)
[11:47:37.293] [INFO] [run] subject=5, session=1, speed=7, trial=4, x__rid_x=b53ef43f04b1d3ef: dummy_return_one(x)
[11:47:37.294] [INFO] [run] subject=5, session=1, speed=7, trial=5, x__rid_x=4c9fb8faba689de2: dummy_return_one(x)
[11:47:37.295] [INFO] [run] subject=5, session=1, speed=7, trial=6, x__rid_x=870847a9f2cb3ea7: dummy_return_one(x)
[11:47:37.295] [INFO] [run] subject=5, session=1, speed=7, trial=7, x__rid_x=002642acf25161af: dummy_return_one(x)
[11:47:37.296] [INFO] [run] subject=5, session=1, speed=8, trial=1, x__rid_x=9ac841a78d0983a0: dummy_return_one(x)
[11:47:37.296] [INFO] [run] subject=5, session=1, speed=8, trial=2, x__rid_x=4d09880a533a6b59: dummy_return_one(x)
[11:47:37.297] [INFO] [run] subject=5, session=1, speed=8, trial=3, x__rid_x=1f3539d4bbe0712a: dummy_return_one(x)
[11:47:37.298] [INFO] [run] subject=5, session=1, speed=8, trial=4, x__rid_x=6756c4882d1f7108: dummy_return_one(x)
[11:47:37.298] [INFO] [run] subject=5, session=1, speed=8, trial=5, x__rid_x=1767a9562a905f68: dummy_return_one(x)
[11:47:37.299] [INFO] [run] subject=5, session=1, speed=8, trial=6, x__rid_x=9dd272b9df28f812: dummy_return_one(x)
[11:47:37.300] [INFO] [run] subject=5, session=1, speed=8, trial=7, x__rid_x=36cbe99048e173d1: dummy_return_one(x)
[11:47:37.300] [INFO] [run] subject=5, session=1, speed=9, trial=1, x__rid_x=8edc9fb338d463de: dummy_return_one(x)
[11:47:37.301] [INFO] [run] subject=5, session=1, speed=9, trial=2, x__rid_x=455a42e88972ca1b: dummy_return_one(x)
[11:47:37.302] [INFO] [run] subject=5, session=1, speed=9, trial=3, x__rid_x=7f842309b603a920: dummy_return_one(x)
[11:47:37.302] [INFO] [run] subject=5, session=1, speed=9, trial=4, x__rid_x=ca88cffc883b0859: dummy_return_one(x)
[11:47:37.303] [INFO] [run] subject=5, session=1, speed=9, trial=5, x__rid_x=2dcfdf1a46fe41dc: dummy_return_one(x)
[11:47:37.303] [INFO] [run] subject=5, session=1, speed=9, trial=6, x__rid_x=1cbeeaefdef67aa9: dummy_return_one(x)
[11:47:37.304] [INFO] [run] subject=5, session=1, speed=9, trial=7, x__rid_x=e9c413d8e8b658b6: dummy_return_one(x)
[11:47:37.305] [INFO] [run] subject=5, session=2, speed=1, trial=1, x__rid_x=8516d74870be42e6: dummy_return_one(x)
[11:47:37.305] [INFO] [run] subject=5, session=2, speed=1, trial=2, x__rid_x=2a4481bca5490077: dummy_return_one(x)
[11:47:37.306] [INFO] [run] subject=5, session=2, speed=1, trial=3, x__rid_x=79619b561e4f7333: dummy_return_one(x)
[11:47:37.307] [INFO] [run] subject=5, session=2, speed=1, trial=4, x__rid_x=91b52f9b6170844c: dummy_return_one(x)
[11:47:37.308] [INFO] [run] subject=5, session=2, speed=1, trial=5, x__rid_x=78ecc3c2fe1d7354: dummy_return_one(x)
[11:47:37.308] [INFO] [run] subject=5, session=2, speed=1, trial=6, x__rid_x=11057ae3cd4a9470: dummy_return_one(x)
[11:47:37.309] [INFO] [run] subject=5, session=2, speed=1, trial=7, x__rid_x=66a12ffcc4f2b00c: dummy_return_one(x)
[11:47:37.310] [INFO] [run] subject=5, session=2, speed=10, trial=1, x__rid_x=8bd0a72973989077: dummy_return_one(x)
[11:47:37.310] [INFO] [run] subject=5, session=2, speed=10, trial=2, x__rid_x=5c042493f11b611b: dummy_return_one(x)
[11:47:37.311] [INFO] [run] subject=5, session=2, speed=10, trial=3, x__rid_x=d1ed6c306592b58a: dummy_return_one(x)
[11:47:37.312] [INFO] [run] subject=5, session=2, speed=10, trial=4, x__rid_x=f0f594c7a2013cfc: dummy_return_one(x)
[11:47:37.312] [INFO] [run] subject=5, session=2, speed=10, trial=5, x__rid_x=621860fefe7e267e: dummy_return_one(x)
[11:47:37.313] [INFO] [run] subject=5, session=2, speed=10, trial=6, x__rid_x=7a4ef9265db9a650: dummy_return_one(x)
[11:47:37.313] [INFO] [run] subject=5, session=2, speed=10, trial=7, x__rid_x=975c749bbbce2b19: dummy_return_one(x)
[11:47:37.314] [INFO] [run] subject=5, session=2, speed=2, trial=1, x__rid_x=6ce5b616681ded14: dummy_return_one(x)
[11:47:37.315] [INFO] [run] subject=5, session=2, speed=2, trial=2, x__rid_x=1fa09c8014e07652: dummy_return_one(x)
[11:47:37.315] [INFO] [run] subject=5, session=2, speed=2, trial=3, x__rid_x=15183ec5f491ca52: dummy_return_one(x)
[11:47:37.316] [INFO] [run] subject=5, session=2, speed=2, trial=4, x__rid_x=f5616ee229e6dca9: dummy_return_one(x)
[11:47:37.317] [INFO] [run] subject=5, session=2, speed=2, trial=5, x__rid_x=af75a1dd122c4420: dummy_return_one(x)
[11:47:37.317] [INFO] [run] subject=5, session=2, speed=2, trial=6, x__rid_x=e8aa73d7f019ce69: dummy_return_one(x)
[11:47:37.318] [INFO] [run] subject=5, session=2, speed=2, trial=7, x__rid_x=2cdb4ad2e0769d45: dummy_return_one(x)
[11:47:37.318] [INFO] [run] subject=5, session=2, speed=3, trial=1, x__rid_x=99e445abdfc5f158: dummy_return_one(x)
[11:47:37.319] [INFO] [run] subject=5, session=2, speed=3, trial=2, x__rid_x=fe7c21c8a545075d: dummy_return_one(x)
[11:47:37.320] [INFO] [run] subject=5, session=2, speed=3, trial=3, x__rid_x=17c78ebf0ea4101d: dummy_return_one(x)
[11:47:37.320] [INFO] [run] subject=5, session=2, speed=3, trial=4, x__rid_x=2e6d84620f607901: dummy_return_one(x)
[11:47:37.321] [INFO] [run] subject=5, session=2, speed=3, trial=5, x__rid_x=bde4e4affe0d6127: dummy_return_one(x)
[11:47:37.321] [INFO] [run] subject=5, session=2, speed=3, trial=6, x__rid_x=b7834b469f71018c: dummy_return_one(x)
[11:47:37.322] [INFO] [run] subject=5, session=2, speed=3, trial=7, x__rid_x=5ec763f1f14c3737: dummy_return_one(x)
[11:47:37.323] [INFO] [run] subject=5, session=2, speed=4, trial=1, x__rid_x=c5e93ce7de45d3c3: dummy_return_one(x)
[11:47:37.323] [INFO] [run] subject=5, session=2, speed=4, trial=2, x__rid_x=e9d55e891c75432f: dummy_return_one(x)
[11:47:37.324] [INFO] [run] subject=5, session=2, speed=4, trial=3, x__rid_x=d8c9779e910cc666: dummy_return_one(x)
[11:47:37.325] [INFO] [run] subject=5, session=2, speed=4, trial=4, x__rid_x=b5cde0d8738c78b4: dummy_return_one(x)
[11:47:37.326] [INFO] [run] subject=5, session=2, speed=4, trial=5, x__rid_x=9ea1610fb3f3df0d: dummy_return_one(x)
[11:47:37.326] [INFO] [run] subject=5, session=2, speed=4, trial=6, x__rid_x=a7d417f120543ba0: dummy_return_one(x)
[11:47:37.327] [INFO] [run] subject=5, session=2, speed=4, trial=7, x__rid_x=709d869023374cf2: dummy_return_one(x)
[11:47:37.327] [INFO] [run] subject=5, session=2, speed=5, trial=1, x__rid_x=4f346bbf6b06c2f9: dummy_return_one(x)
[11:47:37.328] [INFO] [run] subject=5, session=2, speed=5, trial=2, x__rid_x=9c4cde7bc9dc44d6: dummy_return_one(x)
[11:47:37.329] [INFO] [run] subject=5, session=2, speed=5, trial=3, x__rid_x=278bd6aecdcec565: dummy_return_one(x)
[11:47:37.329] [INFO] [run] subject=5, session=2, speed=5, trial=4, x__rid_x=5bb70a400494789f: dummy_return_one(x)
[11:47:37.330] [INFO] [run] subject=5, session=2, speed=5, trial=5, x__rid_x=f358da2758b8dc66: dummy_return_one(x)
[11:47:37.330] [INFO] [run] subject=5, session=2, speed=5, trial=6, x__rid_x=5884a03550806521: dummy_return_one(x)
[11:47:37.331] [INFO] [run] subject=5, session=2, speed=5, trial=7, x__rid_x=2ed3d11804ac7271: dummy_return_one(x)
[11:47:37.332] [INFO] [run] subject=5, session=2, speed=6, trial=1, x__rid_x=e9c80e3c9cbf18bb: dummy_return_one(x)
[11:47:37.332] [INFO] [run] subject=5, session=2, speed=6, trial=2, x__rid_x=de23edece0702a23: dummy_return_one(x)
[11:47:37.333] [INFO] [run] subject=5, session=2, speed=6, trial=3, x__rid_x=14327f06a963f2ea: dummy_return_one(x)
[11:47:37.334] [INFO] [run] subject=5, session=2, speed=6, trial=4, x__rid_x=78e9095a23843ed7: dummy_return_one(x)
[11:47:37.334] [INFO] [run] subject=5, session=2, speed=6, trial=5, x__rid_x=0bb762b0401172e3: dummy_return_one(x)
[11:47:37.335] [INFO] [run] subject=5, session=2, speed=6, trial=6, x__rid_x=4efee620eca75a6c: dummy_return_one(x)
[11:47:37.336] [INFO] [run] subject=5, session=2, speed=6, trial=7, x__rid_x=f25e96536b025ed9: dummy_return_one(x)
[11:47:37.336] [INFO] [run] subject=5, session=2, speed=7, trial=1, x__rid_x=527419ce0e18aa07: dummy_return_one(x)
[11:47:37.337] [INFO] [run] subject=5, session=2, speed=7, trial=2, x__rid_x=1c7a58a5624379c9: dummy_return_one(x)
[11:47:37.337] [INFO] [run] subject=5, session=2, speed=7, trial=3, x__rid_x=e551ae9cbf65eef7: dummy_return_one(x)
[11:47:37.338] [INFO] [run] subject=5, session=2, speed=7, trial=4, x__rid_x=cf37f16b77b363fe: dummy_return_one(x)
[11:47:37.339] [INFO] [run] subject=5, session=2, speed=7, trial=5, x__rid_x=deb68b85905166f5: dummy_return_one(x)
[11:47:37.339] [INFO] [run] subject=5, session=2, speed=7, trial=6, x__rid_x=893793ecdde2a6d8: dummy_return_one(x)
[11:47:37.340] [INFO] [run] subject=5, session=2, speed=7, trial=7, x__rid_x=13ba45fc8a67a07b: dummy_return_one(x)
[11:47:37.341] [INFO] [run] subject=5, session=2, speed=8, trial=1, x__rid_x=994fbe556c003b87: dummy_return_one(x)
[11:47:37.341] [INFO] [run] subject=5, session=2, speed=8, trial=2, x__rid_x=0086fa85312cc5d5: dummy_return_one(x)
[11:47:37.342] [INFO] [run] subject=5, session=2, speed=8, trial=3, x__rid_x=d6532323b83e0fc1: dummy_return_one(x)
[11:47:37.343] [INFO] [run] subject=5, session=2, speed=8, trial=4, x__rid_x=a4af6de425eea75c: dummy_return_one(x)
[11:47:37.343] [INFO] [run] subject=5, session=2, speed=8, trial=5, x__rid_x=06d86b27ee1e3ac6: dummy_return_one(x)
[11:47:37.344] [INFO] [run] subject=5, session=2, speed=8, trial=6, x__rid_x=adc77f4f80ae0332: dummy_return_one(x)
[11:47:37.345] [INFO] [run] subject=5, session=2, speed=8, trial=7, x__rid_x=a9993b6986eb21f5: dummy_return_one(x)
[11:47:37.345] [INFO] [run] subject=5, session=2, speed=9, trial=1, x__rid_x=73414797d65f0531: dummy_return_one(x)
[11:47:37.346] [INFO] [run] subject=5, session=2, speed=9, trial=2, x__rid_x=3782c442ed9c2db4: dummy_return_one(x)
[11:47:37.347] [INFO] [run] subject=5, session=2, speed=9, trial=3, x__rid_x=53b897772ee185ba: dummy_return_one(x)
[11:47:37.347] [INFO] [run] subject=5, session=2, speed=9, trial=4, x__rid_x=5481e74b2bfd8b89: dummy_return_one(x)
[11:47:37.348] [INFO] [run] subject=5, session=2, speed=9, trial=5, x__rid_x=38cff7a3c6365ccf: dummy_return_one(x)
[11:47:37.348] [INFO] [run] subject=5, session=2, speed=9, trial=6, x__rid_x=7622807788a78ea4: dummy_return_one(x)
[11:47:37.349] [INFO] [run] subject=5, session=2, speed=9, trial=7, x__rid_x=959966a121679f8b: dummy_return_one(x)
[11:47:37.350] [INFO] [run] subject=5, session=3, speed=1, trial=1, x__rid_x=2e2eabdced69d538: dummy_return_one(x)
[11:47:37.350] [INFO] [run] subject=5, session=3, speed=1, trial=2, x__rid_x=3f3b47ebb490ab3a: dummy_return_one(x)
[11:47:37.351] [INFO] [run] subject=5, session=3, speed=1, trial=3, x__rid_x=93d358ee478779f3: dummy_return_one(x)
[11:47:37.351] [INFO] [run] subject=5, session=3, speed=1, trial=4, x__rid_x=a1e87d9a32ba0d5e: dummy_return_one(x)
[11:47:37.352] [INFO] [run] subject=5, session=3, speed=1, trial=5, x__rid_x=a76dcecf33e9273b: dummy_return_one(x)
[11:47:37.353] [INFO] [run] subject=5, session=3, speed=1, trial=6, x__rid_x=46926a1531a5528d: dummy_return_one(x)
[11:47:37.353] [INFO] [run] subject=5, session=3, speed=1, trial=7, x__rid_x=9fbf09a0c73db933: dummy_return_one(x)
[11:47:37.354] [INFO] [run] subject=5, session=3, speed=10, trial=1, x__rid_x=60963e7433a932e8: dummy_return_one(x)
[11:47:37.355] [INFO] [run] subject=5, session=3, speed=10, trial=2, x__rid_x=e903aa59eeb42ed0: dummy_return_one(x)
[11:47:37.355] [INFO] [run] subject=5, session=3, speed=10, trial=3, x__rid_x=1f22d6e52c303449: dummy_return_one(x)
[11:47:37.356] [INFO] [run] subject=5, session=3, speed=10, trial=4, x__rid_x=c3cf574e36dd8658: dummy_return_one(x)
[11:47:37.357] [INFO] [run] subject=5, session=3, speed=10, trial=5, x__rid_x=8d4065b78de71827: dummy_return_one(x)
[11:47:37.358] [INFO] [run] subject=5, session=3, speed=10, trial=6, x__rid_x=46cde7ca35d0cfb3: dummy_return_one(x)
[11:47:37.358] [INFO] [run] subject=5, session=3, speed=10, trial=7, x__rid_x=353af407e79b46e4: dummy_return_one(x)
[11:47:37.359] [INFO] [run] subject=5, session=3, speed=2, trial=1, x__rid_x=75a58731d6d27d07: dummy_return_one(x)
[11:47:37.360] [INFO] [run] subject=5, session=3, speed=2, trial=2, x__rid_x=f9f855bef3d3e5db: dummy_return_one(x)
[11:47:37.360] [INFO] [run] subject=5, session=3, speed=2, trial=3, x__rid_x=243461da8705296c: dummy_return_one(x)
[11:47:37.361] [INFO] [run] subject=5, session=3, speed=2, trial=4, x__rid_x=7eda2c97dfb856b1: dummy_return_one(x)
[11:47:37.361] [INFO] [run] subject=5, session=3, speed=2, trial=5, x__rid_x=5d2c57068278e2b6: dummy_return_one(x)
[11:47:37.362] [INFO] [run] subject=5, session=3, speed=2, trial=6, x__rid_x=80ff3eedef1b3ac8: dummy_return_one(x)
[11:47:37.363] [INFO] [run] subject=5, session=3, speed=2, trial=7, x__rid_x=ea6bbd47372a58f9: dummy_return_one(x)
[11:47:37.363] [INFO] [run] subject=5, session=3, speed=3, trial=1, x__rid_x=8ab7608948feb6a8: dummy_return_one(x)
[11:47:37.364] [INFO] [run] subject=5, session=3, speed=3, trial=2, x__rid_x=8f2e99699f213986: dummy_return_one(x)
[11:47:37.365] [INFO] [run] subject=5, session=3, speed=3, trial=3, x__rid_x=c89f1b595f9feb0a: dummy_return_one(x)
[11:47:37.365] [INFO] [run] subject=5, session=3, speed=3, trial=4, x__rid_x=ea3a8bb067bdec81: dummy_return_one(x)
[11:47:37.366] [INFO] [run] subject=5, session=3, speed=3, trial=5, x__rid_x=3a95eb8f1a7a2f14: dummy_return_one(x)
[11:47:37.366] [INFO] [run] subject=5, session=3, speed=3, trial=6, x__rid_x=c4ebdc31a99aaaa3: dummy_return_one(x)
[11:47:37.367] [INFO] [run] subject=5, session=3, speed=3, trial=7, x__rid_x=11a095f46bd2e398: dummy_return_one(x)
[11:47:37.368] [INFO] [run] subject=5, session=3, speed=4, trial=1, x__rid_x=cf3e73f94ec1364b: dummy_return_one(x)
[11:47:37.368] [INFO] [run] subject=5, session=3, speed=4, trial=2, x__rid_x=3764d2a9cab45e3a: dummy_return_one(x)
[11:47:37.369] [INFO] [run] subject=5, session=3, speed=4, trial=3, x__rid_x=e58cef9a8de1a329: dummy_return_one(x)
[11:47:37.369] [INFO] [run] subject=5, session=3, speed=4, trial=4, x__rid_x=ce2d6b8084f26a8b: dummy_return_one(x)
[11:47:37.370] [INFO] [run] subject=5, session=3, speed=4, trial=5, x__rid_x=b2ffdbc55e676d34: dummy_return_one(x)
[11:47:37.371] [INFO] [run] subject=5, session=3, speed=4, trial=6, x__rid_x=d242f89df82c2b73: dummy_return_one(x)
[11:47:37.371] [INFO] [run] subject=5, session=3, speed=4, trial=7, x__rid_x=971c964ced49cd40: dummy_return_one(x)
[11:47:37.372] [INFO] [run] subject=5, session=3, speed=5, trial=1, x__rid_x=05e7ef9c61003023: dummy_return_one(x)
[11:47:37.373] [INFO] [run] subject=5, session=3, speed=5, trial=2, x__rid_x=a118df5d07c5cb51: dummy_return_one(x)
[11:47:37.374] [INFO] [run] subject=5, session=3, speed=5, trial=3, x__rid_x=4bef4634aaf11c7a: dummy_return_one(x)
[11:47:37.375] [INFO] [run] subject=5, session=3, speed=5, trial=4, x__rid_x=6ef8912c79104812: dummy_return_one(x)
[11:47:37.376] [INFO] [run] subject=5, session=3, speed=5, trial=5, x__rid_x=92b9147f026dea77: dummy_return_one(x)
[11:47:37.377] [INFO] [run] subject=5, session=3, speed=5, trial=6, x__rid_x=b07e473531b02e91: dummy_return_one(x)
[11:47:37.378] [INFO] [run] subject=5, session=3, speed=5, trial=7, x__rid_x=c7b8412b5870ed0d: dummy_return_one(x)
[11:47:37.378] [INFO] [run] subject=5, session=3, speed=6, trial=1, x__rid_x=fa2c15ef9baf9151: dummy_return_one(x)
[11:47:37.379] [INFO] [run] subject=5, session=3, speed=6, trial=2, x__rid_x=7f8689b7516b4be3: dummy_return_one(x)
[11:47:37.380] [INFO] [run] subject=5, session=3, speed=6, trial=3, x__rid_x=19f056d06ccfafcb: dummy_return_one(x)
[11:47:37.381] [INFO] [run] subject=5, session=3, speed=6, trial=4, x__rid_x=52eee6bfe7908c25: dummy_return_one(x)
[11:47:37.381] [INFO] [run] subject=5, session=3, speed=6, trial=5, x__rid_x=00a01d1f591113c2: dummy_return_one(x)
[11:47:37.382] [INFO] [run] subject=5, session=3, speed=6, trial=6, x__rid_x=57d4d392d45f3dc5: dummy_return_one(x)
[11:47:37.383] [INFO] [run] subject=5, session=3, speed=6, trial=7, x__rid_x=a5b3287ac3f345af: dummy_return_one(x)
[11:47:37.384] [INFO] [run] subject=5, session=3, speed=7, trial=1, x__rid_x=ade7c84b0dfdd860: dummy_return_one(x)
[11:47:37.384] [INFO] [run] subject=5, session=3, speed=7, trial=2, x__rid_x=4d2eb1aae29454a7: dummy_return_one(x)
[11:47:37.385] [INFO] [run] subject=5, session=3, speed=7, trial=3, x__rid_x=1a49d7926b00ce3f: dummy_return_one(x)
[11:47:37.386] [INFO] [run] subject=5, session=3, speed=7, trial=4, x__rid_x=c73881138624dbd0: dummy_return_one(x)
[11:47:37.388] [INFO] [run] subject=5, session=3, speed=7, trial=5, x__rid_x=4cda2ce9c8c799fc: dummy_return_one(x)
[11:47:37.389] [INFO] [run] subject=5, session=3, speed=7, trial=6, x__rid_x=fde38c36ac4c405a: dummy_return_one(x)
[11:47:37.400] [INFO] [run] subject=5, session=3, speed=7, trial=7, x__rid_x=251a369dd74e9d3e: dummy_return_one(x)
[11:47:37.401] [INFO] [run] subject=5, session=3, speed=8, trial=1, x__rid_x=d862e5303ebc22f9: dummy_return_one(x)
[11:47:37.402] [INFO] [run] subject=5, session=3, speed=8, trial=2, x__rid_x=085b122248c2960f: dummy_return_one(x)
[11:47:37.403] [INFO] [run] subject=5, session=3, speed=8, trial=3, x__rid_x=6f2143272c2b5647: dummy_return_one(x)
[11:47:37.404] [INFO] [run] subject=5, session=3, speed=8, trial=4, x__rid_x=ca34f82be85eb56f: dummy_return_one(x)
[11:47:37.405] [INFO] [run] subject=5, session=3, speed=8, trial=5, x__rid_x=78a0ea4c06597e3e: dummy_return_one(x)
[11:47:37.405] [INFO] [run] subject=5, session=3, speed=8, trial=6, x__rid_x=ec42480027823e38: dummy_return_one(x)
[11:47:37.406] [INFO] [run] subject=5, session=3, speed=8, trial=7, x__rid_x=ee4c750b19528f7b: dummy_return_one(x)
[11:47:37.407] [INFO] [run] subject=5, session=3, speed=9, trial=1, x__rid_x=88f9bfb29e7eca27: dummy_return_one(x)
[11:47:37.409] [INFO] [run] subject=5, session=3, speed=9, trial=2, x__rid_x=db6b9f6eb8197141: dummy_return_one(x)
[11:47:37.410] [INFO] [run] subject=5, session=3, speed=9, trial=3, x__rid_x=4dd62b2c6fc04105: dummy_return_one(x)
[11:47:37.411] [INFO] [run] subject=5, session=3, speed=9, trial=4, x__rid_x=71faafde2bde9669: dummy_return_one(x)
[11:47:37.412] [INFO] [run] subject=5, session=3, speed=9, trial=5, x__rid_x=ffac212f969c449e: dummy_return_one(x)
[11:47:37.413] [INFO] [run] subject=5, session=3, speed=9, trial=6, x__rid_x=df83062ad581d05c: dummy_return_one(x)
[11:47:37.413] [INFO] [run] subject=5, session=3, speed=9, trial=7, x__rid_x=abdc4801dd8cfe99: dummy_return_one(x)
[11:47:37.414] [INFO] [run] subject=5, session=4, speed=1, trial=1, x__rid_x=93b7e6bd7cd05940: dummy_return_one(x)
[11:47:37.415] [INFO] [run] subject=5, session=4, speed=1, trial=2, x__rid_x=8b3eb243c7b9008d: dummy_return_one(x)
[11:47:37.416] [INFO] [run] subject=5, session=4, speed=1, trial=3, x__rid_x=e49e833102cff966: dummy_return_one(x)
[11:47:37.416] [INFO] [run] subject=5, session=4, speed=1, trial=4, x__rid_x=ec36ef92217b1520: dummy_return_one(x)
[11:47:37.417] [INFO] [run] subject=5, session=4, speed=1, trial=5, x__rid_x=051bfbb9253734ec: dummy_return_one(x)
[11:47:37.418] [INFO] [run] subject=5, session=4, speed=1, trial=6, x__rid_x=bbeb2bbc1596dbaa: dummy_return_one(x)
[11:47:37.419] [INFO] [run] subject=5, session=4, speed=1, trial=7, x__rid_x=7bad76aac27a91e3: dummy_return_one(x)
[11:47:37.420] [INFO] [run] subject=5, session=4, speed=10, trial=1, x__rid_x=a090746a80dd8520: dummy_return_one(x)
[11:47:37.421] [INFO] [run] subject=5, session=4, speed=10, trial=2, x__rid_x=37ba28eaf8df7d9d: dummy_return_one(x)
[11:47:37.422] [INFO] [run] subject=5, session=4, speed=10, trial=3, x__rid_x=c282949e7a8c629b: dummy_return_one(x)
[11:47:37.422] [INFO] [run] subject=5, session=4, speed=10, trial=4, x__rid_x=a16bd5a0d0bfb7eb: dummy_return_one(x)
[11:47:37.424] [INFO] [run] subject=5, session=4, speed=10, trial=5, x__rid_x=8f4282a24882f4e2: dummy_return_one(x)
[11:47:37.425] [INFO] [run] subject=5, session=4, speed=10, trial=6, x__rid_x=5c5510c98cbf1f64: dummy_return_one(x)
[11:47:37.426] [INFO] [run] subject=5, session=4, speed=10, trial=7, x__rid_x=d35b4e2365fd5b82: dummy_return_one(x)
[11:47:37.427] [INFO] [run] subject=5, session=4, speed=2, trial=1, x__rid_x=2d83080f856e445d: dummy_return_one(x)
[11:47:37.427] [INFO] [run] subject=5, session=4, speed=2, trial=2, x__rid_x=ad812a49f8af39fe: dummy_return_one(x)
[11:47:37.428] [INFO] [run] subject=5, session=4, speed=2, trial=3, x__rid_x=78a47b38a6fbcf35: dummy_return_one(x)
[11:47:37.429] [INFO] [run] subject=5, session=4, speed=2, trial=4, x__rid_x=913fe27bf2f83c6b: dummy_return_one(x)
[11:47:37.430] [INFO] [run] subject=5, session=4, speed=2, trial=5, x__rid_x=934de8ff2fe2ed04: dummy_return_one(x)
[11:47:37.431] [INFO] [run] subject=5, session=4, speed=2, trial=6, x__rid_x=2a99b4107302b690: dummy_return_one(x)
[11:47:37.432] [INFO] [run] subject=5, session=4, speed=2, trial=7, x__rid_x=09d0bdc64916b7ea: dummy_return_one(x)
[11:47:37.433] [INFO] [run] subject=5, session=4, speed=3, trial=1, x__rid_x=af4ff84dcf522560: dummy_return_one(x)
[11:47:37.434] [INFO] [run] subject=5, session=4, speed=3, trial=2, x__rid_x=83b2cada1f49b017: dummy_return_one(x)
[11:47:37.435] [INFO] [run] subject=5, session=4, speed=3, trial=3, x__rid_x=14bd3a83d12f8ccf: dummy_return_one(x)
[11:47:37.436] [INFO] [run] subject=5, session=4, speed=3, trial=4, x__rid_x=5caa959c181f6175: dummy_return_one(x)
[11:47:37.437] [INFO] [run] subject=5, session=4, speed=3, trial=5, x__rid_x=bbf13f5226753d0f: dummy_return_one(x)
[11:47:37.437] [INFO] [run] subject=5, session=4, speed=3, trial=6, x__rid_x=b3620c337834f92e: dummy_return_one(x)
[11:47:37.438] [INFO] [run] subject=5, session=4, speed=3, trial=7, x__rid_x=776f88d0cd4385a0: dummy_return_one(x)
[11:47:37.439] [INFO] [run] subject=5, session=4, speed=4, trial=1, x__rid_x=760cf5c3a9445ac7: dummy_return_one(x)
[11:47:37.439] [INFO] [run] subject=5, session=4, speed=4, trial=2, x__rid_x=264af02b4d2391ae: dummy_return_one(x)
[11:47:37.440] [INFO] [run] subject=5, session=4, speed=4, trial=3, x__rid_x=d311c39700c08d23: dummy_return_one(x)
[11:47:37.442] [INFO] [run] subject=5, session=4, speed=4, trial=4, x__rid_x=3082698eabc0bf5c: dummy_return_one(x)
[11:47:37.442] [INFO] [run] subject=5, session=4, speed=4, trial=5, x__rid_x=895cd63001910d9c: dummy_return_one(x)
[11:47:37.443] [INFO] [run] subject=5, session=4, speed=4, trial=6, x__rid_x=1c30044a14f5ce57: dummy_return_one(x)
[11:47:37.444] [INFO] [run] subject=5, session=4, speed=4, trial=7, x__rid_x=5357641525d9beaa: dummy_return_one(x)
[11:47:37.445] [INFO] [run] subject=5, session=4, speed=5, trial=1, x__rid_x=816c202be7f3666d: dummy_return_one(x)
[11:47:37.446] [INFO] [run] subject=5, session=4, speed=5, trial=2, x__rid_x=a575fa3719e88031: dummy_return_one(x)
[11:47:37.446] [INFO] [run] subject=5, session=4, speed=5, trial=3, x__rid_x=ffc3cb3f433d41a5: dummy_return_one(x)
[11:47:37.447] [INFO] [run] subject=5, session=4, speed=5, trial=4, x__rid_x=26fca4b0afd90811: dummy_return_one(x)
[11:47:37.448] [INFO] [run] subject=5, session=4, speed=5, trial=5, x__rid_x=680c8602ede8b400: dummy_return_one(x)
[11:47:37.449] [INFO] [run] subject=5, session=4, speed=5, trial=6, x__rid_x=fb3d9fae29935bfc: dummy_return_one(x)
[11:47:37.450] [INFO] [run] subject=5, session=4, speed=5, trial=7, x__rid_x=b40d1e86932f4454: dummy_return_one(x)
[11:47:37.450] [INFO] [run] subject=5, session=4, speed=6, trial=1, x__rid_x=bfa5d98896aa91f2: dummy_return_one(x)
[11:47:37.451] [INFO] [run] subject=5, session=4, speed=6, trial=2, x__rid_x=b22632fcf8bd7e35: dummy_return_one(x)
[11:47:37.452] [INFO] [run] subject=5, session=4, speed=6, trial=3, x__rid_x=5a2c6cc3143361c7: dummy_return_one(x)
[11:47:37.452] [INFO] [run] subject=5, session=4, speed=6, trial=4, x__rid_x=d0f24ce68175dc15: dummy_return_one(x)
[11:47:37.453] [INFO] [run] subject=5, session=4, speed=6, trial=5, x__rid_x=7f1d3e40c725417b: dummy_return_one(x)
[11:47:37.454] [INFO] [run] subject=5, session=4, speed=6, trial=6, x__rid_x=dee675fc0caef9f7: dummy_return_one(x)
[11:47:37.455] [INFO] [run] subject=5, session=4, speed=6, trial=7, x__rid_x=4585a91b61cadc18: dummy_return_one(x)
[11:47:37.455] [INFO] [run] subject=5, session=4, speed=7, trial=1, x__rid_x=248dc90fc99bb6b7: dummy_return_one(x)
[11:47:37.456] [INFO] [run] subject=5, session=4, speed=7, trial=2, x__rid_x=b546335441d41067: dummy_return_one(x)
[11:47:37.457] [INFO] [run] subject=5, session=4, speed=7, trial=3, x__rid_x=9006a3b6a564b7f4: dummy_return_one(x)
[11:47:37.458] [INFO] [run] subject=5, session=4, speed=7, trial=4, x__rid_x=db6f918e2e9f8803: dummy_return_one(x)
[11:47:37.458] [INFO] [run] subject=5, session=4, speed=7, trial=5, x__rid_x=ff4e2431801cb0fe: dummy_return_one(x)
[11:47:37.459] [INFO] [run] subject=5, session=4, speed=7, trial=6, x__rid_x=0f1d244038c89486: dummy_return_one(x)
[11:47:37.460] [INFO] [run] subject=5, session=4, speed=7, trial=7, x__rid_x=5de48ae9833788c3: dummy_return_one(x)
[11:47:37.461] [INFO] [run] subject=5, session=4, speed=8, trial=1, x__rid_x=a0c24982dae59867: dummy_return_one(x)
[11:47:37.461] [INFO] [run] subject=5, session=4, speed=8, trial=2, x__rid_x=a60533b46e30c221: dummy_return_one(x)
[11:47:37.462] [INFO] [run] subject=5, session=4, speed=8, trial=3, x__rid_x=93e35bccfddcfd20: dummy_return_one(x)
[11:47:37.463] [INFO] [run] subject=5, session=4, speed=8, trial=4, x__rid_x=33fa45519045b6ac: dummy_return_one(x)
[11:47:37.463] [INFO] [run] subject=5, session=4, speed=8, trial=5, x__rid_x=5af01d67b5d6c7c1: dummy_return_one(x)
[11:47:37.464] [INFO] [run] subject=5, session=4, speed=8, trial=6, x__rid_x=239fced89dafa459: dummy_return_one(x)
[11:47:37.465] [INFO] [run] subject=5, session=4, speed=8, trial=7, x__rid_x=2a35b6e7b6d6fb6f: dummy_return_one(x)
[11:47:37.466] [INFO] [run] subject=5, session=4, speed=9, trial=1, x__rid_x=74451319130f1d9b: dummy_return_one(x)
[11:47:37.466] [INFO] [run] subject=5, session=4, speed=9, trial=2, x__rid_x=e6f4c61b8b435bcb: dummy_return_one(x)
[11:47:37.467] [INFO] [run] subject=5, session=4, speed=9, trial=3, x__rid_x=4c0e388e878480b6: dummy_return_one(x)
[11:47:37.468] [INFO] [run] subject=5, session=4, speed=9, trial=4, x__rid_x=4656606950be8c7a: dummy_return_one(x)
[11:47:37.468] [INFO] [run] subject=5, session=4, speed=9, trial=5, x__rid_x=14436f52c6b6a37e: dummy_return_one(x)
[11:47:37.469] [INFO] [run] subject=5, session=4, speed=9, trial=6, x__rid_x=f9121674191b5861: dummy_return_one(x)
[11:47:37.470] [INFO] [run] subject=5, session=4, speed=9, trial=7, x__rid_x=7727581d68f55724: dummy_return_one(x)
[11:47:37.470] [INFO] [run] subject=5, session=5, speed=1, trial=1, x__rid_x=5e0101d12b2d71b0: dummy_return_one(x)
[11:47:37.471] [INFO] [run] subject=5, session=5, speed=1, trial=2, x__rid_x=ab28b0a138222b72: dummy_return_one(x)
[11:47:37.472] [INFO] [run] subject=5, session=5, speed=1, trial=3, x__rid_x=a5c425f3f172412b: dummy_return_one(x)
[11:47:37.472] [INFO] [run] subject=5, session=5, speed=1, trial=4, x__rid_x=e131e701aa0fb4ed: dummy_return_one(x)
[11:47:37.473] [INFO] [run] subject=5, session=5, speed=1, trial=5, x__rid_x=9988c11cb817a607: dummy_return_one(x)
[11:47:37.474] [INFO] [run] subject=5, session=5, speed=1, trial=6, x__rid_x=0d56a4657f3c527f: dummy_return_one(x)
[11:47:37.475] [INFO] [run] subject=5, session=5, speed=1, trial=7, x__rid_x=dbe805fa53acbc7b: dummy_return_one(x)
[11:47:37.476] [INFO] [run] subject=5, session=5, speed=10, trial=1, x__rid_x=ce99f4b91c08df68: dummy_return_one(x)
[11:47:37.477] [INFO] [run] subject=5, session=5, speed=10, trial=2, x__rid_x=203cfded1ef5a3ed: dummy_return_one(x)
[11:47:37.477] [INFO] [run] subject=5, session=5, speed=10, trial=3, x__rid_x=bc570de06ac3613c: dummy_return_one(x)
[11:47:37.478] [INFO] [run] subject=5, session=5, speed=10, trial=4, x__rid_x=247976aa56c0743f: dummy_return_one(x)
[11:47:37.479] [INFO] [run] subject=5, session=5, speed=10, trial=5, x__rid_x=b814a55868d1cd08: dummy_return_one(x)
[11:47:37.480] [INFO] [run] subject=5, session=5, speed=10, trial=6, x__rid_x=ddaf72a9ac2ca956: dummy_return_one(x)
[11:47:37.480] [INFO] [run] subject=5, session=5, speed=10, trial=7, x__rid_x=f676f45a6f976fff: dummy_return_one(x)
[11:47:37.481] [INFO] [run] subject=5, session=5, speed=2, trial=1, x__rid_x=11c7753ce0526779: dummy_return_one(x)
[11:47:37.482] [INFO] [run] subject=5, session=5, speed=2, trial=2, x__rid_x=5e6701c07b41bb0a: dummy_return_one(x)
[11:47:37.482] [INFO] [run] subject=5, session=5, speed=2, trial=3, x__rid_x=46c1192dd26801e7: dummy_return_one(x)
[11:47:37.483] [INFO] [run] subject=5, session=5, speed=2, trial=4, x__rid_x=10e2799726e9f564: dummy_return_one(x)
[11:47:37.484] [INFO] [run] subject=5, session=5, speed=2, trial=5, x__rid_x=fb1834327b6df10e: dummy_return_one(x)
[11:47:37.484] [INFO] [run] subject=5, session=5, speed=2, trial=6, x__rid_x=75e00e082ac36342: dummy_return_one(x)
[11:47:37.485] [INFO] [run] subject=5, session=5, speed=2, trial=7, x__rid_x=3f295e95b63a1ba6: dummy_return_one(x)
[11:47:37.485] [INFO] [run] subject=5, session=5, speed=3, trial=1, x__rid_x=8c5193f8129faab7: dummy_return_one(x)
[11:47:37.486] [INFO] [run] subject=5, session=5, speed=3, trial=2, x__rid_x=de2153b1e0e10022: dummy_return_one(x)
[11:47:37.487] [INFO] [run] subject=5, session=5, speed=3, trial=3, x__rid_x=e5c5076718eb4140: dummy_return_one(x)
[11:47:37.488] [INFO] [run] subject=5, session=5, speed=3, trial=4, x__rid_x=c5fadd81361d7016: dummy_return_one(x)
[11:47:37.488] [INFO] [run] subject=5, session=5, speed=3, trial=5, x__rid_x=622cc3c9d6812a5b: dummy_return_one(x)
[11:47:37.489] [INFO] [run] subject=5, session=5, speed=3, trial=6, x__rid_x=38603bedc0076b73: dummy_return_one(x)
[11:47:37.490] [INFO] [run] subject=5, session=5, speed=3, trial=7, x__rid_x=e51a8652d47b1032: dummy_return_one(x)
[11:47:37.490] [INFO] [run] subject=5, session=5, speed=4, trial=1, x__rid_x=1e7c7da3799e6272: dummy_return_one(x)
[11:47:37.491] [INFO] [run] subject=5, session=5, speed=4, trial=2, x__rid_x=42b2d7d4c83cacbd: dummy_return_one(x)
[11:47:37.492] [INFO] [run] subject=5, session=5, speed=4, trial=3, x__rid_x=c90716f61097bf57: dummy_return_one(x)
[11:47:37.493] [INFO] [run] subject=5, session=5, speed=4, trial=4, x__rid_x=b1af02cefd2a50ad: dummy_return_one(x)
[11:47:37.493] [INFO] [run] subject=5, session=5, speed=4, trial=5, x__rid_x=faa88e8a6e4aab5c: dummy_return_one(x)
[11:47:37.494] [INFO] [run] subject=5, session=5, speed=4, trial=6, x__rid_x=948e171a8b37c25a: dummy_return_one(x)
[11:47:37.495] [INFO] [run] subject=5, session=5, speed=4, trial=7, x__rid_x=1e0aeba09c7d9f3f: dummy_return_one(x)
[11:47:37.495] [INFO] [run] subject=5, session=5, speed=5, trial=1, x__rid_x=7dc2d7257b50e8e8: dummy_return_one(x)
[11:47:37.496] [INFO] [run] subject=5, session=5, speed=5, trial=2, x__rid_x=bfcfa61ba569fd1a: dummy_return_one(x)
[11:47:37.497] [INFO] [run] subject=5, session=5, speed=5, trial=3, x__rid_x=f7fdeecf13e792cc: dummy_return_one(x)
[11:47:37.497] [INFO] [run] subject=5, session=5, speed=5, trial=4, x__rid_x=1ea5a5d9947971bf: dummy_return_one(x)
[11:47:37.498] [INFO] [run] subject=5, session=5, speed=5, trial=5, x__rid_x=11feeb02dcaefb0d: dummy_return_one(x)
[11:47:37.499] [INFO] [run] subject=5, session=5, speed=5, trial=6, x__rid_x=a8b06d008cf979c7: dummy_return_one(x)
[11:47:37.499] [INFO] [run] subject=5, session=5, speed=5, trial=7, x__rid_x=77cf541df04df7f1: dummy_return_one(x)
[11:47:37.500] [INFO] [run] subject=5, session=5, speed=6, trial=1, x__rid_x=d6ddfc5e9939ed8b: dummy_return_one(x)
[11:47:37.501] [INFO] [run] subject=5, session=5, speed=6, trial=2, x__rid_x=a31c668f056b8132: dummy_return_one(x)
[11:47:37.501] [INFO] [run] subject=5, session=5, speed=6, trial=3, x__rid_x=56fddd1ff41bd4e4: dummy_return_one(x)
[11:47:37.502] [INFO] [run] subject=5, session=5, speed=6, trial=4, x__rid_x=21b635ad7518686c: dummy_return_one(x)
[11:47:37.502] [INFO] [run] subject=5, session=5, speed=6, trial=5, x__rid_x=02f7b87ad7cbbdaa: dummy_return_one(x)
[11:47:37.503] [INFO] [run] subject=5, session=5, speed=6, trial=6, x__rid_x=566818d42852555a: dummy_return_one(x)
[11:47:37.504] [INFO] [run] subject=5, session=5, speed=6, trial=7, x__rid_x=dcc78f6d81ce7886: dummy_return_one(x)
[11:47:37.505] [INFO] [run] subject=5, session=5, speed=7, trial=1, x__rid_x=c4c8808f6d68d2a3: dummy_return_one(x)
[11:47:37.505] [INFO] [run] subject=5, session=5, speed=7, trial=2, x__rid_x=29aaa0d0b1a7ed08: dummy_return_one(x)
[11:47:37.506] [INFO] [run] subject=5, session=5, speed=7, trial=3, x__rid_x=097e2d9faf2215ae: dummy_return_one(x)
[11:47:37.507] [INFO] [run] subject=5, session=5, speed=7, trial=4, x__rid_x=99fd839a2872fa25: dummy_return_one(x)
[11:47:37.507] [INFO] [run] subject=5, session=5, speed=7, trial=5, x__rid_x=27dbe7800f8f1c01: dummy_return_one(x)
[11:47:37.508] [INFO] [run] subject=5, session=5, speed=7, trial=6, x__rid_x=0478b9075a2516fd: dummy_return_one(x)
[11:47:37.509] [INFO] [run] subject=5, session=5, speed=7, trial=7, x__rid_x=d4a8ea9789ed6b76: dummy_return_one(x)
[11:47:37.510] [INFO] [run] subject=5, session=5, speed=8, trial=1, x__rid_x=47d4a79ec6c63700: dummy_return_one(x)
[11:47:37.510] [INFO] [run] subject=5, session=5, speed=8, trial=2, x__rid_x=749b4d024116bab5: dummy_return_one(x)
[11:47:37.511] [INFO] [run] subject=5, session=5, speed=8, trial=3, x__rid_x=ea7174fcdddaf693: dummy_return_one(x)
[11:47:37.511] [INFO] [run] subject=5, session=5, speed=8, trial=4, x__rid_x=638809b964e15aed: dummy_return_one(x)
[11:47:37.512] [INFO] [run] subject=5, session=5, speed=8, trial=5, x__rid_x=9a50ece0c25e5dec: dummy_return_one(x)
[11:47:37.513] [INFO] [run] subject=5, session=5, speed=8, trial=6, x__rid_x=6f3624b1169642bb: dummy_return_one(x)
[11:47:37.513] [INFO] [run] subject=5, session=5, speed=8, trial=7, x__rid_x=a776b78ed340752a: dummy_return_one(x)
[11:47:37.514] [INFO] [run] subject=5, session=5, speed=9, trial=1, x__rid_x=17b717a76afe161d: dummy_return_one(x)
[11:47:37.515] [INFO] [run] subject=5, session=5, speed=9, trial=2, x__rid_x=13ee7db4499d991b: dummy_return_one(x)
[11:47:37.515] [INFO] [run] subject=5, session=5, speed=9, trial=3, x__rid_x=e92499f241f033c4: dummy_return_one(x)
[11:47:37.516] [INFO] [run] subject=5, session=5, speed=9, trial=4, x__rid_x=e2156bb3abd4d7eb: dummy_return_one(x)
[11:47:37.516] [INFO] [run] subject=5, session=5, speed=9, trial=5, x__rid_x=1c45f7d2b758c3fc: dummy_return_one(x)
[11:47:37.517] [INFO] [run] subject=5, session=5, speed=9, trial=6, x__rid_x=9f473aaebde80d79: dummy_return_one(x)
[11:47:37.518] [INFO] [run] subject=5, session=5, speed=9, trial=7, x__rid_x=3781a0842ea807a8: dummy_return_one(x)
[11:47:37.518] [INFO] [run] subject=6, session=1, speed=1, trial=1, x__rid_x=eee996c6dee0caab: dummy_return_one(x)
[11:47:37.519] [INFO] [run] subject=6, session=1, speed=1, trial=2, x__rid_x=eae0dfce394c0ddf: dummy_return_one(x)
[11:47:37.520] [INFO] [run] subject=6, session=1, speed=1, trial=3, x__rid_x=5220ef433045eed4: dummy_return_one(x)
[11:47:37.520] [INFO] [run] subject=6, session=1, speed=1, trial=4, x__rid_x=0a731bad95dcdc10: dummy_return_one(x)
[11:47:37.521] [INFO] [run] subject=6, session=1, speed=1, trial=5, x__rid_x=1943d297a9d390c9: dummy_return_one(x)
[11:47:37.521] [INFO] [run] subject=6, session=1, speed=1, trial=6, x__rid_x=b714ecc75ccb90dd: dummy_return_one(x)
[11:47:37.522] [INFO] [run] subject=6, session=1, speed=1, trial=7, x__rid_x=8a9524524972dbd4: dummy_return_one(x)
[11:47:37.523] [INFO] [run] subject=6, session=1, speed=10, trial=1, x__rid_x=f58f31f6ab1b4010: dummy_return_one(x)
[11:47:37.523] [INFO] [run] subject=6, session=1, speed=10, trial=2, x__rid_x=e1c2a3a10188a529: dummy_return_one(x)
[11:47:37.524] [INFO] [run] subject=6, session=1, speed=10, trial=3, x__rid_x=469c7933af50c02b: dummy_return_one(x)
[11:47:37.525] [INFO] [run] subject=6, session=1, speed=10, trial=4, x__rid_x=ad899f3fd9f6b3b9: dummy_return_one(x)
[11:47:37.526] [INFO] [run] subject=6, session=1, speed=10, trial=5, x__rid_x=ac94b11537779363: dummy_return_one(x)
[11:47:37.526] [INFO] [run] subject=6, session=1, speed=10, trial=6, x__rid_x=b59901a0cc2ffa64: dummy_return_one(x)
[11:47:37.527] [INFO] [run] subject=6, session=1, speed=10, trial=7, x__rid_x=0beb00af00779219: dummy_return_one(x)
[11:47:37.528] [INFO] [run] subject=6, session=1, speed=2, trial=1, x__rid_x=5cf84f2205ba6ce0: dummy_return_one(x)
[11:47:37.528] [INFO] [run] subject=6, session=1, speed=2, trial=2, x__rid_x=ac53f7f2cd769ee9: dummy_return_one(x)
[11:47:37.529] [INFO] [run] subject=6, session=1, speed=2, trial=3, x__rid_x=5c67d4b1cd914a11: dummy_return_one(x)
[11:47:37.529] [INFO] [run] subject=6, session=1, speed=2, trial=4, x__rid_x=16310f74f427616a: dummy_return_one(x)
[11:47:37.530] [INFO] [run] subject=6, session=1, speed=2, trial=5, x__rid_x=4666445f78969031: dummy_return_one(x)
[11:47:37.531] [INFO] [run] subject=6, session=1, speed=2, trial=6, x__rid_x=2ee875df1e75be5b: dummy_return_one(x)
[11:47:37.531] [INFO] [run] subject=6, session=1, speed=2, trial=7, x__rid_x=99f51835aaac7362: dummy_return_one(x)
[11:47:37.532] [INFO] [run] subject=6, session=1, speed=3, trial=1, x__rid_x=577e453a0afffe97: dummy_return_one(x)
[11:47:37.532] [INFO] [run] subject=6, session=1, speed=3, trial=2, x__rid_x=6b8716a880d79ae7: dummy_return_one(x)
[11:47:37.533] [INFO] [run] subject=6, session=1, speed=3, trial=3, x__rid_x=d16e2376a6252db3: dummy_return_one(x)
[11:47:37.534] [INFO] [run] subject=6, session=1, speed=3, trial=4, x__rid_x=8212d7b3184fa0ee: dummy_return_one(x)
[11:47:37.534] [INFO] [run] subject=6, session=1, speed=3, trial=5, x__rid_x=68cd82265a19dae7: dummy_return_one(x)
[11:47:37.535] [INFO] [run] subject=6, session=1, speed=3, trial=6, x__rid_x=57d3ca24432043d4: dummy_return_one(x)
[11:47:37.536] [INFO] [run] subject=6, session=1, speed=3, trial=7, x__rid_x=20d7317b64adcdbf: dummy_return_one(x)
[11:47:37.536] [INFO] [run] subject=6, session=1, speed=4, trial=1, x__rid_x=a845c52a29562f1e: dummy_return_one(x)
[11:47:37.537] [INFO] [run] subject=6, session=1, speed=4, trial=2, x__rid_x=4d6508a580bdd586: dummy_return_one(x)
[11:47:37.537] [INFO] [run] subject=6, session=1, speed=4, trial=3, x__rid_x=a1616c0cc6ad31ab: dummy_return_one(x)
[11:47:37.538] [INFO] [run] subject=6, session=1, speed=4, trial=4, x__rid_x=17cb4da48ad05127: dummy_return_one(x)
[11:47:37.539] [INFO] [run] subject=6, session=1, speed=4, trial=5, x__rid_x=efea40dc7d82e3f6: dummy_return_one(x)
[11:47:37.540] [INFO] [run] subject=6, session=1, speed=4, trial=6, x__rid_x=efa0df03248df168: dummy_return_one(x)
[11:47:37.540] [INFO] [run] subject=6, session=1, speed=4, trial=7, x__rid_x=354262677e4a58c7: dummy_return_one(x)
[11:47:37.541] [INFO] [run] subject=6, session=1, speed=5, trial=1, x__rid_x=b3ef1ae69f809f9c: dummy_return_one(x)
[11:47:37.542] [INFO] [run] subject=6, session=1, speed=5, trial=2, x__rid_x=0880d80855445c74: dummy_return_one(x)
[11:47:37.543] [INFO] [run] subject=6, session=1, speed=5, trial=3, x__rid_x=c8be1705a82941ce: dummy_return_one(x)
[11:47:37.544] [INFO] [run] subject=6, session=1, speed=5, trial=4, x__rid_x=9ce282f9d28c51cc: dummy_return_one(x)
[11:47:37.544] [INFO] [run] subject=6, session=1, speed=5, trial=5, x__rid_x=77659c74b0c51b79: dummy_return_one(x)
[11:47:37.545] [INFO] [run] subject=6, session=1, speed=5, trial=6, x__rid_x=00c076ca5a78400a: dummy_return_one(x)
[11:47:37.546] [INFO] [run] subject=6, session=1, speed=5, trial=7, x__rid_x=3aaf7e812d380d7e: dummy_return_one(x)
[11:47:37.546] [INFO] [run] subject=6, session=1, speed=6, trial=1, x__rid_x=82a189f6ae3d2dee: dummy_return_one(x)
[11:47:37.547] [INFO] [run] subject=6, session=1, speed=6, trial=2, x__rid_x=30dc02b04f300446: dummy_return_one(x)
[11:47:37.548] [INFO] [run] subject=6, session=1, speed=6, trial=3, x__rid_x=323ada79ab1257c4: dummy_return_one(x)
[11:47:37.548] [INFO] [run] subject=6, session=1, speed=6, trial=4, x__rid_x=e4fe92c88e8062dc: dummy_return_one(x)
[11:47:37.549] [INFO] [run] subject=6, session=1, speed=6, trial=5, x__rid_x=7988cdf6f7cb3d87: dummy_return_one(x)
[11:47:37.550] [INFO] [run] subject=6, session=1, speed=6, trial=6, x__rid_x=452597ad0f47b428: dummy_return_one(x)
[11:47:37.550] [INFO] [run] subject=6, session=1, speed=6, trial=7, x__rid_x=f2c1006bbef50465: dummy_return_one(x)
[11:47:37.551] [INFO] [run] subject=6, session=1, speed=7, trial=1, x__rid_x=a19340a4224dbc9d: dummy_return_one(x)
[11:47:37.552] [INFO] [run] subject=6, session=1, speed=7, trial=2, x__rid_x=bd0bc062f28cfaa3: dummy_return_one(x)
[11:47:37.552] [INFO] [run] subject=6, session=1, speed=7, trial=3, x__rid_x=f3aef3515c11e1e7: dummy_return_one(x)
[11:47:37.553] [INFO] [run] subject=6, session=1, speed=7, trial=4, x__rid_x=3a28926a09168204: dummy_return_one(x)
[11:47:37.554] [INFO] [run] subject=6, session=1, speed=7, trial=5, x__rid_x=f3bd0731a7ff565c: dummy_return_one(x)
[11:47:37.554] [INFO] [run] subject=6, session=1, speed=7, trial=6, x__rid_x=da42573360bc1113: dummy_return_one(x)
[11:47:37.555] [INFO] [run] subject=6, session=1, speed=7, trial=7, x__rid_x=8a2892f3fc8deb9c: dummy_return_one(x)
[11:47:37.556] [INFO] [run] subject=6, session=1, speed=8, trial=1, x__rid_x=813e2a01a581ddd0: dummy_return_one(x)
[11:47:37.556] [INFO] [run] subject=6, session=1, speed=8, trial=2, x__rid_x=37fe708652a65710: dummy_return_one(x)
[11:47:37.557] [INFO] [run] subject=6, session=1, speed=8, trial=3, x__rid_x=6dad60d09b7d0401: dummy_return_one(x)
[11:47:37.558] [INFO] [run] subject=6, session=1, speed=8, trial=4, x__rid_x=110bd158af29fc20: dummy_return_one(x)
[11:47:37.559] [INFO] [run] subject=6, session=1, speed=8, trial=5, x__rid_x=9de4a74e8b005be5: dummy_return_one(x)
[11:47:37.559] [INFO] [run] subject=6, session=1, speed=8, trial=6, x__rid_x=61c01431058ec99a: dummy_return_one(x)
[11:47:37.560] [INFO] [run] subject=6, session=1, speed=8, trial=7, x__rid_x=b8b93ce2ebd24dbb: dummy_return_one(x)
[11:47:37.561] [INFO] [run] subject=6, session=1, speed=9, trial=1, x__rid_x=85af649c4e91ae7d: dummy_return_one(x)
[11:47:37.561] [INFO] [run] subject=6, session=1, speed=9, trial=2, x__rid_x=da1b15a9aece5ba8: dummy_return_one(x)
[11:47:37.562] [INFO] [run] subject=6, session=1, speed=9, trial=3, x__rid_x=dbd9c1e15ddc7468: dummy_return_one(x)
[11:47:37.563] [INFO] [run] subject=6, session=1, speed=9, trial=4, x__rid_x=dc5d8cd5899f0153: dummy_return_one(x)
[11:47:37.563] [INFO] [run] subject=6, session=1, speed=9, trial=5, x__rid_x=312485f45744063e: dummy_return_one(x)
[11:47:37.564] [INFO] [run] subject=6, session=1, speed=9, trial=6, x__rid_x=6eeb72b763db47a4: dummy_return_one(x)
[11:47:37.565] [INFO] [run] subject=6, session=1, speed=9, trial=7, x__rid_x=db898cbd52745e28: dummy_return_one(x)
[11:47:37.565] [INFO] [run] subject=6, session=2, speed=1, trial=1, x__rid_x=193cc55fad437975: dummy_return_one(x)
[11:47:37.566] [INFO] [run] subject=6, session=2, speed=1, trial=2, x__rid_x=1b1729bbfcb7f6fa: dummy_return_one(x)
[11:47:37.566] [INFO] [run] subject=6, session=2, speed=1, trial=3, x__rid_x=b9083e430735eded: dummy_return_one(x)
[11:47:37.567] [INFO] [run] subject=6, session=2, speed=1, trial=4, x__rid_x=da5b0a092d0f3fbe: dummy_return_one(x)
[11:47:37.568] [INFO] [run] subject=6, session=2, speed=1, trial=5, x__rid_x=ea65866154a24afc: dummy_return_one(x)
[11:47:37.569] [INFO] [run] subject=6, session=2, speed=1, trial=6, x__rid_x=03f8e2c8576f8e6a: dummy_return_one(x)
[11:47:37.569] [INFO] [run] subject=6, session=2, speed=1, trial=7, x__rid_x=0b2499d4aba239fb: dummy_return_one(x)
[11:47:37.570] [INFO] [run] subject=6, session=2, speed=10, trial=1, x__rid_x=e7fd7800a53cffeb: dummy_return_one(x)
[11:47:37.571] [INFO] [run] subject=6, session=2, speed=10, trial=2, x__rid_x=c94cd4fc78813ef4: dummy_return_one(x)
[11:47:37.571] [INFO] [run] subject=6, session=2, speed=10, trial=3, x__rid_x=51049727040956a8: dummy_return_one(x)
[11:47:37.572] [INFO] [run] subject=6, session=2, speed=10, trial=4, x__rid_x=e23f9300ea8536df: dummy_return_one(x)
[11:47:37.572] [INFO] [run] subject=6, session=2, speed=10, trial=5, x__rid_x=9ba03c0882c6dda7: dummy_return_one(x)
[11:47:37.573] [INFO] [run] subject=6, session=2, speed=10, trial=6, x__rid_x=c1dd220ebb9a8027: dummy_return_one(x)
[11:47:37.574] [INFO] [run] subject=6, session=2, speed=10, trial=7, x__rid_x=8f29ab06da199bce: dummy_return_one(x)
[11:47:37.575] [INFO] [run] subject=6, session=2, speed=2, trial=1, x__rid_x=923773cf4569e8c7: dummy_return_one(x)
[11:47:37.576] [INFO] [run] subject=6, session=2, speed=2, trial=2, x__rid_x=213133e9728c02dc: dummy_return_one(x)
[11:47:37.576] [INFO] [run] subject=6, session=2, speed=2, trial=3, x__rid_x=ba80e3afc5bfa00e: dummy_return_one(x)
[11:47:37.577] [INFO] [run] subject=6, session=2, speed=2, trial=4, x__rid_x=2f9771fa40805801: dummy_return_one(x)
[11:47:37.578] [INFO] [run] subject=6, session=2, speed=2, trial=5, x__rid_x=8e765c17887fc525: dummy_return_one(x)
[11:47:37.578] [INFO] [run] subject=6, session=2, speed=2, trial=6, x__rid_x=0c775c3121581687: dummy_return_one(x)
[11:47:37.579] [INFO] [run] subject=6, session=2, speed=2, trial=7, x__rid_x=e925144ec8f8c70e: dummy_return_one(x)
[11:47:37.579] [INFO] [run] subject=6, session=2, speed=3, trial=1, x__rid_x=fdcbe9dbd1d46ced: dummy_return_one(x)
[11:47:37.580] [INFO] [run] subject=6, session=2, speed=3, trial=2, x__rid_x=db30edba79773849: dummy_return_one(x)
[11:47:37.581] [INFO] [run] subject=6, session=2, speed=3, trial=3, x__rid_x=ebfd220a30a8332f: dummy_return_one(x)
[11:47:37.581] [INFO] [run] subject=6, session=2, speed=3, trial=4, x__rid_x=6d60df5eae295f72: dummy_return_one(x)
[11:47:37.582] [INFO] [run] subject=6, session=2, speed=3, trial=5, x__rid_x=0cd0d5b7b33c47d2: dummy_return_one(x)
[11:47:37.582] [INFO] [run] subject=6, session=2, speed=3, trial=6, x__rid_x=bbb627b3508f2614: dummy_return_one(x)
[11:47:37.583] [INFO] [run] subject=6, session=2, speed=3, trial=7, x__rid_x=ee18e9b891cf3eb6: dummy_return_one(x)
[11:47:37.584] [INFO] [run] subject=6, session=2, speed=4, trial=1, x__rid_x=30e2f259ac11a721: dummy_return_one(x)
[11:47:37.584] [INFO] [run] subject=6, session=2, speed=4, trial=2, x__rid_x=8fe2a7bc52a8ecd2: dummy_return_one(x)
[11:47:37.585] [INFO] [run] subject=6, session=2, speed=4, trial=3, x__rid_x=0512ae63a2593d43: dummy_return_one(x)
[11:47:37.586] [INFO] [run] subject=6, session=2, speed=4, trial=4, x__rid_x=0aa11f6f014ee2ea: dummy_return_one(x)
[11:47:37.586] [INFO] [run] subject=6, session=2, speed=4, trial=5, x__rid_x=389e0f12ac1842f6: dummy_return_one(x)
[11:47:37.587] [INFO] [run] subject=6, session=2, speed=4, trial=6, x__rid_x=51ed155f8691aa9e: dummy_return_one(x)
[11:47:37.588] [INFO] [run] subject=6, session=2, speed=4, trial=7, x__rid_x=c50c26b44beb130c: dummy_return_one(x)
[11:47:37.588] [INFO] [run] subject=6, session=2, speed=5, trial=1, x__rid_x=81c2feedd4ea5982: dummy_return_one(x)
[11:47:37.589] [INFO] [run] subject=6, session=2, speed=5, trial=2, x__rid_x=a94e3f3637764fd3: dummy_return_one(x)
[11:47:37.590] [INFO] [run] subject=6, session=2, speed=5, trial=3, x__rid_x=972b2234b6a792d5: dummy_return_one(x)
[11:47:37.591] [INFO] [run] subject=6, session=2, speed=5, trial=4, x__rid_x=47f3fee7503c74d0: dummy_return_one(x)
[11:47:37.591] [INFO] [run] subject=6, session=2, speed=5, trial=5, x__rid_x=8eb1225bf35596da: dummy_return_one(x)
[11:47:37.592] [INFO] [run] subject=6, session=2, speed=5, trial=6, x__rid_x=890c93ad9218e349: dummy_return_one(x)
[11:47:37.593] [INFO] [run] subject=6, session=2, speed=5, trial=7, x__rid_x=66d439ace4f89ae2: dummy_return_one(x)
[11:47:37.594] [INFO] [run] subject=6, session=2, speed=6, trial=1, x__rid_x=237f52acf36461fa: dummy_return_one(x)
[11:47:37.594] [INFO] [run] subject=6, session=2, speed=6, trial=2, x__rid_x=4c51bcd9d923c646: dummy_return_one(x)
[11:47:37.595] [INFO] [run] subject=6, session=2, speed=6, trial=3, x__rid_x=1ca9eef9bff8ecdd: dummy_return_one(x)
[11:47:37.596] [INFO] [run] subject=6, session=2, speed=6, trial=4, x__rid_x=4de2ffa542a94ede: dummy_return_one(x)
[11:47:37.596] [INFO] [run] subject=6, session=2, speed=6, trial=5, x__rid_x=b51d798d1a370d31: dummy_return_one(x)
[11:47:37.597] [INFO] [run] subject=6, session=2, speed=6, trial=6, x__rid_x=1ec13526f6e8127f: dummy_return_one(x)
[11:47:37.598] [INFO] [run] subject=6, session=2, speed=6, trial=7, x__rid_x=2c5ca2f1aacac3bd: dummy_return_one(x)
[11:47:37.598] [INFO] [run] subject=6, session=2, speed=7, trial=1, x__rid_x=db9994e7851eadda: dummy_return_one(x)
[11:47:37.599] [INFO] [run] subject=6, session=2, speed=7, trial=2, x__rid_x=2f344d0e187d03fb: dummy_return_one(x)
[11:47:37.600] [INFO] [run] subject=6, session=2, speed=7, trial=3, x__rid_x=134c086d287cee52: dummy_return_one(x)
[11:47:37.600] [INFO] [run] subject=6, session=2, speed=7, trial=4, x__rid_x=289cb11d844e4dbf: dummy_return_one(x)
[11:47:37.601] [INFO] [run] subject=6, session=2, speed=7, trial=5, x__rid_x=32df1813b53b84eb: dummy_return_one(x)
[11:47:37.602] [INFO] [run] subject=6, session=2, speed=7, trial=6, x__rid_x=e3ceea169f4e57e7: dummy_return_one(x)
[11:47:37.603] [INFO] [run] subject=6, session=2, speed=7, trial=7, x__rid_x=14046a45cadcfdb4: dummy_return_one(x)
[11:47:37.604] [INFO] [run] subject=6, session=2, speed=8, trial=1, x__rid_x=38927b16be940002: dummy_return_one(x)
[11:47:37.604] [INFO] [run] subject=6, session=2, speed=8, trial=2, x__rid_x=6a4bd8970b2bc1c9: dummy_return_one(x)
[11:47:37.605] [INFO] [run] subject=6, session=2, speed=8, trial=3, x__rid_x=bae7f2d162309a23: dummy_return_one(x)
[11:47:37.606] [INFO] [run] subject=6, session=2, speed=8, trial=4, x__rid_x=2616198906d0c30b: dummy_return_one(x)
[11:47:37.607] [INFO] [run] subject=6, session=2, speed=8, trial=5, x__rid_x=22132247cc38666c: dummy_return_one(x)
[11:47:37.608] [INFO] [run] subject=6, session=2, speed=8, trial=6, x__rid_x=ee5677842de67ffa: dummy_return_one(x)
[11:47:37.608] [INFO] [run] subject=6, session=2, speed=8, trial=7, x__rid_x=d5ecac2ff472a08d: dummy_return_one(x)
[11:47:37.609] [INFO] [run] subject=6, session=2, speed=9, trial=1, x__rid_x=69a0da8f16350fb4: dummy_return_one(x)
[11:47:37.610] [INFO] [run] subject=6, session=2, speed=9, trial=2, x__rid_x=8698b5337b5696d3: dummy_return_one(x)
[11:47:37.611] [INFO] [run] subject=6, session=2, speed=9, trial=3, x__rid_x=cdba4b76ab0f060e: dummy_return_one(x)
[11:47:37.612] [INFO] [run] subject=6, session=2, speed=9, trial=4, x__rid_x=c21493dddbfc03d2: dummy_return_one(x)
[11:47:37.612] [INFO] [run] subject=6, session=2, speed=9, trial=5, x__rid_x=20e81c9a41da5ca3: dummy_return_one(x)
[11:47:37.613] [INFO] [run] subject=6, session=2, speed=9, trial=6, x__rid_x=a507f476b6b10c97: dummy_return_one(x)
[11:47:37.614] [INFO] [run] subject=6, session=2, speed=9, trial=7, x__rid_x=d19e56406de81f0b: dummy_return_one(x)
[11:47:37.614] [INFO] [run] subject=6, session=3, speed=1, trial=1, x__rid_x=092027902b7e41be: dummy_return_one(x)
[11:47:37.615] [INFO] [run] subject=6, session=3, speed=1, trial=2, x__rid_x=4328dcd1bda9c407: dummy_return_one(x)
[11:47:37.616] [INFO] [run] subject=6, session=3, speed=1, trial=3, x__rid_x=f366b5b07b8bcc7f: dummy_return_one(x)
[11:47:37.616] [INFO] [run] subject=6, session=3, speed=1, trial=4, x__rid_x=d6efccea5dcd91ea: dummy_return_one(x)
[11:47:37.617] [INFO] [run] subject=6, session=3, speed=1, trial=5, x__rid_x=4c39614a90bd7bdf: dummy_return_one(x)
[11:47:37.618] [INFO] [run] subject=6, session=3, speed=1, trial=6, x__rid_x=3efdcb4928b8026e: dummy_return_one(x)
[11:47:37.618] [INFO] [run] subject=6, session=3, speed=1, trial=7, x__rid_x=e82b3b9b866a936b: dummy_return_one(x)
[11:47:37.619] [INFO] [run] subject=6, session=3, speed=10, trial=1, x__rid_x=2f4914cef378ea14: dummy_return_one(x)
[11:47:37.620] [INFO] [run] subject=6, session=3, speed=10, trial=2, x__rid_x=c8a951bba7e1295e: dummy_return_one(x)
[11:47:37.620] [INFO] [run] subject=6, session=3, speed=10, trial=3, x__rid_x=af713ac64433b34f: dummy_return_one(x)
[11:47:37.621] [INFO] [run] subject=6, session=3, speed=10, trial=4, x__rid_x=7a1d6c71316fb1cd: dummy_return_one(x)
[11:47:37.622] [INFO] [run] subject=6, session=3, speed=10, trial=5, x__rid_x=fd4c22473abd8f91: dummy_return_one(x)
[11:47:37.622] [INFO] [run] subject=6, session=3, speed=10, trial=6, x__rid_x=6caaf4f4263dd8e0: dummy_return_one(x)
[11:47:37.623] [INFO] [run] subject=6, session=3, speed=10, trial=7, x__rid_x=933bbd44299a1728: dummy_return_one(x)
[11:47:37.624] [INFO] [run] subject=6, session=3, speed=2, trial=1, x__rid_x=6b2822da8234d5b6: dummy_return_one(x)
[11:47:37.624] [INFO] [run] subject=6, session=3, speed=2, trial=2, x__rid_x=ae9c27a28da8c32c: dummy_return_one(x)
[11:47:37.625] [INFO] [run] subject=6, session=3, speed=2, trial=3, x__rid_x=6a24f2db758527fb: dummy_return_one(x)
[11:47:37.626] [INFO] [run] subject=6, session=3, speed=2, trial=4, x__rid_x=98e2a60af6fc5487: dummy_return_one(x)
[11:47:37.626] [INFO] [run] subject=6, session=3, speed=2, trial=5, x__rid_x=3742f0ae0999922d: dummy_return_one(x)
[11:47:37.627] [INFO] [run] subject=6, session=3, speed=2, trial=6, x__rid_x=556dc1169f056321: dummy_return_one(x)
[11:47:37.628] [INFO] [run] subject=6, session=3, speed=2, trial=7, x__rid_x=6a967f563d23b28d: dummy_return_one(x)
[11:47:37.628] [INFO] [run] subject=6, session=3, speed=3, trial=1, x__rid_x=abc139a587ae2bc9: dummy_return_one(x)
[11:47:37.629] [INFO] [run] subject=6, session=3, speed=3, trial=2, x__rid_x=391b945fe888394e: dummy_return_one(x)
[11:47:37.630] [INFO] [run] subject=6, session=3, speed=3, trial=3, x__rid_x=9189d455bcd0990d: dummy_return_one(x)
[11:47:37.630] [INFO] [run] subject=6, session=3, speed=3, trial=4, x__rid_x=9e6879781f1b68a0: dummy_return_one(x)
[11:47:37.631] [INFO] [run] subject=6, session=3, speed=3, trial=5, x__rid_x=bbbb97cc27391e3c: dummy_return_one(x)
[11:47:37.632] [INFO] [run] subject=6, session=3, speed=3, trial=6, x__rid_x=8810a4429fa338ef: dummy_return_one(x)
[11:47:37.632] [INFO] [run] subject=6, session=3, speed=3, trial=7, x__rid_x=b87af0854eba0081: dummy_return_one(x)
[11:47:37.633] [INFO] [run] subject=6, session=3, speed=4, trial=1, x__rid_x=da4141a92f4059a4: dummy_return_one(x)
[11:47:37.633] [INFO] [run] subject=6, session=3, speed=4, trial=2, x__rid_x=b86bd6a4c43cc123: dummy_return_one(x)
[11:47:37.634] [INFO] [run] subject=6, session=3, speed=4, trial=3, x__rid_x=8425cc9c67d1bad1: dummy_return_one(x)
[11:47:37.635] [INFO] [run] subject=6, session=3, speed=4, trial=4, x__rid_x=aa78969ccf6db658: dummy_return_one(x)
[11:47:37.635] [INFO] [run] subject=6, session=3, speed=4, trial=5, x__rid_x=19dfe23bc6e5f3cf: dummy_return_one(x)
[11:47:37.636] [INFO] [run] subject=6, session=3, speed=4, trial=6, x__rid_x=4aa02e87a2c62f8b: dummy_return_one(x)
[11:47:37.637] [INFO] [run] subject=6, session=3, speed=4, trial=7, x__rid_x=59ec9da53ba29d77: dummy_return_one(x)
[11:47:37.638] [INFO] [run] subject=6, session=3, speed=5, trial=1, x__rid_x=6e597f9b679f1e72: dummy_return_one(x)
[11:47:37.638] [INFO] [run] subject=6, session=3, speed=5, trial=2, x__rid_x=51d4246eaac965c7: dummy_return_one(x)
[11:47:37.639] [INFO] [run] subject=6, session=3, speed=5, trial=3, x__rid_x=f58df960241e5c88: dummy_return_one(x)
[11:47:37.639] [INFO] [run] subject=6, session=3, speed=5, trial=4, x__rid_x=ba951f49df73b3fd: dummy_return_one(x)
[11:47:37.640] [INFO] [run] subject=6, session=3, speed=5, trial=5, x__rid_x=6a417ee96e0ea887: dummy_return_one(x)
[11:47:37.641] [INFO] [run] subject=6, session=3, speed=5, trial=6, x__rid_x=d7f81a1c16477edb: dummy_return_one(x)
[11:47:37.642] [INFO] [run] subject=6, session=3, speed=5, trial=7, x__rid_x=897dce587a2fab8f: dummy_return_one(x)
[11:47:37.643] [INFO] [run] subject=6, session=3, speed=6, trial=1, x__rid_x=fc9b4cf784492c7a: dummy_return_one(x)
[11:47:37.643] [INFO] [run] subject=6, session=3, speed=6, trial=2, x__rid_x=e8b8470504a1a958: dummy_return_one(x)
[11:47:37.644] [INFO] [run] subject=6, session=3, speed=6, trial=3, x__rid_x=daa754e023c6bcbf: dummy_return_one(x)
[11:47:37.644] [INFO] [run] subject=6, session=3, speed=6, trial=4, x__rid_x=ebf8ae11c6a143bc: dummy_return_one(x)
[11:47:37.645] [INFO] [run] subject=6, session=3, speed=6, trial=5, x__rid_x=58e57e8d65adf1cf: dummy_return_one(x)
[11:47:37.646] [INFO] [run] subject=6, session=3, speed=6, trial=6, x__rid_x=aa3f00b0be7cf064: dummy_return_one(x)
[11:47:37.646] [INFO] [run] subject=6, session=3, speed=6, trial=7, x__rid_x=a050a2758aad1d97: dummy_return_one(x)
[11:47:37.647] [INFO] [run] subject=6, session=3, speed=7, trial=1, x__rid_x=1c6ce3c17862edbb: dummy_return_one(x)
[11:47:37.648] [INFO] [run] subject=6, session=3, speed=7, trial=2, x__rid_x=fb1ecb6a99c6f41f: dummy_return_one(x)
[11:47:37.649] [INFO] [run] subject=6, session=3, speed=7, trial=3, x__rid_x=a01bc9551ce66182: dummy_return_one(x)
[11:47:37.649] [INFO] [run] subject=6, session=3, speed=7, trial=4, x__rid_x=53aaa37a859c1367: dummy_return_one(x)
[11:47:37.650] [INFO] [run] subject=6, session=3, speed=7, trial=5, x__rid_x=4f61309d47d01731: dummy_return_one(x)
[11:47:37.650] [INFO] [run] subject=6, session=3, speed=7, trial=6, x__rid_x=9e71e46f647d829a: dummy_return_one(x)
[11:47:37.651] [INFO] [run] subject=6, session=3, speed=7, trial=7, x__rid_x=b51dfa3fec55a202: dummy_return_one(x)
[11:47:37.652] [INFO] [run] subject=6, session=3, speed=8, trial=1, x__rid_x=f5fadad13014d624: dummy_return_one(x)
[11:47:37.652] [INFO] [run] subject=6, session=3, speed=8, trial=2, x__rid_x=02c16b84ec0c10c9: dummy_return_one(x)
[11:47:37.653] [INFO] [run] subject=6, session=3, speed=8, trial=3, x__rid_x=acff9467970990e8: dummy_return_one(x)
[11:47:37.654] [INFO] [run] subject=6, session=3, speed=8, trial=4, x__rid_x=d9d6ac33354d35b5: dummy_return_one(x)
[11:47:37.654] [INFO] [run] subject=6, session=3, speed=8, trial=5, x__rid_x=04e333983d32037d: dummy_return_one(x)
[11:47:37.655] [INFO] [run] subject=6, session=3, speed=8, trial=6, x__rid_x=6790f4f44da06e71: dummy_return_one(x)
[11:47:37.655] [INFO] [run] subject=6, session=3, speed=8, trial=7, x__rid_x=7ec65d3462eca81b: dummy_return_one(x)
[11:47:37.656] [INFO] [run] subject=6, session=3, speed=9, trial=1, x__rid_x=c777269cab8af79e: dummy_return_one(x)
[11:47:37.657] [INFO] [run] subject=6, session=3, speed=9, trial=2, x__rid_x=a315bfd189d3d783: dummy_return_one(x)
[11:47:37.657] [INFO] [run] subject=6, session=3, speed=9, trial=3, x__rid_x=bec497972e790edc: dummy_return_one(x)
[11:47:37.658] [INFO] [run] subject=6, session=3, speed=9, trial=4, x__rid_x=062063fdcc925bc6: dummy_return_one(x)
[11:47:37.659] [INFO] [run] subject=6, session=3, speed=9, trial=5, x__rid_x=524095c9294ad519: dummy_return_one(x)
[11:47:37.660] [INFO] [run] subject=6, session=3, speed=9, trial=6, x__rid_x=05a9ac850aa18f8e: dummy_return_one(x)
[11:47:37.660] [INFO] [run] subject=6, session=3, speed=9, trial=7, x__rid_x=970318eb481130a6: dummy_return_one(x)
[11:47:37.661] [INFO] [run] subject=6, session=4, speed=1, trial=1, x__rid_x=87282c9a82b87e52: dummy_return_one(x)
[11:47:37.662] [INFO] [run] subject=6, session=4, speed=1, trial=2, x__rid_x=f9234ac6b14074a0: dummy_return_one(x)
[11:47:37.662] [INFO] [run] subject=6, session=4, speed=1, trial=3, x__rid_x=8d7af6e1b6d2a25c: dummy_return_one(x)
[11:47:37.663] [INFO] [run] subject=6, session=4, speed=1, trial=4, x__rid_x=a41c5235ff99bfa9: dummy_return_one(x)
[11:47:37.664] [INFO] [run] subject=6, session=4, speed=1, trial=5, x__rid_x=6458fcbc5ee38cb9: dummy_return_one(x)
[11:47:37.664] [INFO] [run] subject=6, session=4, speed=1, trial=6, x__rid_x=8c92f1b56fd3c458: dummy_return_one(x)
[11:47:37.665] [INFO] [run] subject=6, session=4, speed=1, trial=7, x__rid_x=15c99a99aa15e544: dummy_return_one(x)
[11:47:37.666] [INFO] [run] subject=6, session=4, speed=10, trial=1, x__rid_x=870f2f2e73263a8c: dummy_return_one(x)
[11:47:37.666] [INFO] [run] subject=6, session=4, speed=10, trial=2, x__rid_x=6dee9e7b748bf596: dummy_return_one(x)
[11:47:37.667] [INFO] [run] subject=6, session=4, speed=10, trial=3, x__rid_x=4e55765a434ccc98: dummy_return_one(x)
[11:47:37.668] [INFO] [run] subject=6, session=4, speed=10, trial=4, x__rid_x=d5aac4c44f912e14: dummy_return_one(x)
[11:47:37.668] [INFO] [run] subject=6, session=4, speed=10, trial=5, x__rid_x=022e0a9fe58878f7: dummy_return_one(x)
[11:47:37.669] [INFO] [run] subject=6, session=4, speed=10, trial=6, x__rid_x=04334f07a9a52046: dummy_return_one(x)
[11:47:37.669] [INFO] [run] subject=6, session=4, speed=10, trial=7, x__rid_x=4cc82d19375cff47: dummy_return_one(x)
[11:47:37.670] [INFO] [run] subject=6, session=4, speed=2, trial=1, x__rid_x=0f27ce73069a64e6: dummy_return_one(x)
[11:47:37.671] [INFO] [run] subject=6, session=4, speed=2, trial=2, x__rid_x=971ef1ad5f6939f7: dummy_return_one(x)
[11:47:37.672] [INFO] [run] subject=6, session=4, speed=2, trial=3, x__rid_x=b2305df98113ca7b: dummy_return_one(x)
[11:47:37.672] [INFO] [run] subject=6, session=4, speed=2, trial=4, x__rid_x=461cff5bff8013d0: dummy_return_one(x)
[11:47:37.673] [INFO] [run] subject=6, session=4, speed=2, trial=5, x__rid_x=f73dc0759105625a: dummy_return_one(x)
[11:47:37.674] [INFO] [run] subject=6, session=4, speed=2, trial=6, x__rid_x=8799298f66ad851f: dummy_return_one(x)
[11:47:37.675] [INFO] [run] subject=6, session=4, speed=2, trial=7, x__rid_x=7ce303cfba12292d: dummy_return_one(x)
[11:47:37.675] [INFO] [run] subject=6, session=4, speed=3, trial=1, x__rid_x=11f951ca8de0cb97: dummy_return_one(x)
[11:47:37.676] [INFO] [run] subject=6, session=4, speed=3, trial=2, x__rid_x=8627da5a0cd7500d: dummy_return_one(x)
[11:47:37.677] [INFO] [run] subject=6, session=4, speed=3, trial=3, x__rid_x=e6a6719ca6118e58: dummy_return_one(x)
[11:47:37.677] [INFO] [run] subject=6, session=4, speed=3, trial=4, x__rid_x=410abeffd0c8d074: dummy_return_one(x)
[11:47:37.678] [INFO] [run] subject=6, session=4, speed=3, trial=5, x__rid_x=74d76a9840701a47: dummy_return_one(x)
[11:47:37.679] [INFO] [run] subject=6, session=4, speed=3, trial=6, x__rid_x=2e3618a5d472d5a7: dummy_return_one(x)
[11:47:37.679] [INFO] [run] subject=6, session=4, speed=3, trial=7, x__rid_x=753229bb21256c50: dummy_return_one(x)
[11:47:37.680] [INFO] [run] subject=6, session=4, speed=4, trial=1, x__rid_x=56c05d72c8184453: dummy_return_one(x)
[11:47:37.681] [INFO] [run] subject=6, session=4, speed=4, trial=2, x__rid_x=6ec31c417e12b49b: dummy_return_one(x)
[11:47:37.681] [INFO] [run] subject=6, session=4, speed=4, trial=3, x__rid_x=1e1dad861a065072: dummy_return_one(x)
[11:47:37.682] [INFO] [run] subject=6, session=4, speed=4, trial=4, x__rid_x=3a7e537c29691c1a: dummy_return_one(x)
[11:47:37.683] [INFO] [run] subject=6, session=4, speed=4, trial=5, x__rid_x=20f001c6b4e7c84b: dummy_return_one(x)
[11:47:37.683] [INFO] [run] subject=6, session=4, speed=4, trial=6, x__rid_x=5e4c8fd748d1662e: dummy_return_one(x)
[11:47:37.684] [INFO] [run] subject=6, session=4, speed=4, trial=7, x__rid_x=8a7b42bd08ec43e3: dummy_return_one(x)
[11:47:37.684] [INFO] [run] subject=6, session=4, speed=5, trial=1, x__rid_x=7cb58d8443479066: dummy_return_one(x)
[11:47:37.685] [INFO] [run] subject=6, session=4, speed=5, trial=2, x__rid_x=b0866a9c361a380b: dummy_return_one(x)
[11:47:37.686] [INFO] [run] subject=6, session=4, speed=5, trial=3, x__rid_x=1d2509f682bf7efe: dummy_return_one(x)
[11:47:37.687] [INFO] [run] subject=6, session=4, speed=5, trial=4, x__rid_x=4095c58f6600ddc9: dummy_return_one(x)
[11:47:37.687] [INFO] [run] subject=6, session=4, speed=5, trial=5, x__rid_x=ddb63c955fdf677d: dummy_return_one(x)
[11:47:37.688] [INFO] [run] subject=6, session=4, speed=5, trial=6, x__rid_x=786ce4da5000473e: dummy_return_one(x)
[11:47:37.688] [INFO] [run] subject=6, session=4, speed=5, trial=7, x__rid_x=a0298f63945aa255: dummy_return_one(x)
[11:47:37.689] [INFO] [run] subject=6, session=4, speed=6, trial=1, x__rid_x=43aebe3dd6f90a07: dummy_return_one(x)
[11:47:37.690] [INFO] [run] subject=6, session=4, speed=6, trial=2, x__rid_x=651a4be34ce02369: dummy_return_one(x)
[11:47:37.691] [INFO] [run] subject=6, session=4, speed=6, trial=3, x__rid_x=bf44a65903ff27f3: dummy_return_one(x)
[11:47:37.692] [INFO] [run] subject=6, session=4, speed=6, trial=4, x__rid_x=9cb9de94578b335d: dummy_return_one(x)
[11:47:37.692] [INFO] [run] subject=6, session=4, speed=6, trial=5, x__rid_x=8f19c5a9ff311d86: dummy_return_one(x)
[11:47:37.693] [INFO] [run] subject=6, session=4, speed=6, trial=6, x__rid_x=a210039f3a270b6f: dummy_return_one(x)
[11:47:37.694] [INFO] [run] subject=6, session=4, speed=6, trial=7, x__rid_x=a5ae6b3381b66fa7: dummy_return_one(x)
[11:47:37.694] [INFO] [run] subject=6, session=4, speed=7, trial=1, x__rid_x=aecc5db4d60e1b87: dummy_return_one(x)
[11:47:37.695] [INFO] [run] subject=6, session=4, speed=7, trial=2, x__rid_x=abcb2fb82520c7ff: dummy_return_one(x)
[11:47:37.696] [INFO] [run] subject=6, session=4, speed=7, trial=3, x__rid_x=8b155069a36b47da: dummy_return_one(x)
[11:47:37.696] [INFO] [run] subject=6, session=4, speed=7, trial=4, x__rid_x=533c6f96f7447fc5: dummy_return_one(x)
[11:47:37.697] [INFO] [run] subject=6, session=4, speed=7, trial=5, x__rid_x=2fdd360acea9a14a: dummy_return_one(x)
[11:47:37.698] [INFO] [run] subject=6, session=4, speed=7, trial=6, x__rid_x=13038fc3b98efb27: dummy_return_one(x)
[11:47:37.698] [INFO] [run] subject=6, session=4, speed=7, trial=7, x__rid_x=538607fa40c5dcc3: dummy_return_one(x)
[11:47:37.699] [INFO] [run] subject=6, session=4, speed=8, trial=1, x__rid_x=f0edcc0cda5c824b: dummy_return_one(x)
[11:47:37.700] [INFO] [run] subject=6, session=4, speed=8, trial=2, x__rid_x=b7fc78d158b76a91: dummy_return_one(x)
[11:47:37.700] [INFO] [run] subject=6, session=4, speed=8, trial=3, x__rid_x=ab7c2e9ef21d4b96: dummy_return_one(x)
[11:47:37.701] [INFO] [run] subject=6, session=4, speed=8, trial=4, x__rid_x=3c609d6cd43c5478: dummy_return_one(x)
[11:47:37.702] [INFO] [run] subject=6, session=4, speed=8, trial=5, x__rid_x=94b35c30664a2763: dummy_return_one(x)
[11:47:37.702] [INFO] [run] subject=6, session=4, speed=8, trial=6, x__rid_x=6f54f457e9a475f3: dummy_return_one(x)
[11:47:37.703] [INFO] [run] subject=6, session=4, speed=8, trial=7, x__rid_x=ba1604618b8bb981: dummy_return_one(x)
[11:47:37.704] [INFO] [run] subject=6, session=4, speed=9, trial=1, x__rid_x=f2acb041e2e87d47: dummy_return_one(x)
[11:47:37.704] [INFO] [run] subject=6, session=4, speed=9, trial=2, x__rid_x=d1b6d667ac4a71e4: dummy_return_one(x)
[11:47:37.705] [INFO] [run] subject=6, session=4, speed=9, trial=3, x__rid_x=c1e95b9ea19ca807: dummy_return_one(x)
[11:47:37.706] [INFO] [run] subject=6, session=4, speed=9, trial=4, x__rid_x=8a433a6a4639397d: dummy_return_one(x)
[11:47:37.707] [INFO] [run] subject=6, session=4, speed=9, trial=5, x__rid_x=557036d38f2469a6: dummy_return_one(x)
[11:47:37.707] [INFO] [run] subject=6, session=4, speed=9, trial=6, x__rid_x=7831ff966a0da58e: dummy_return_one(x)
[11:47:37.708] [INFO] [run] subject=6, session=4, speed=9, trial=7, x__rid_x=d486c13712c3de2e: dummy_return_one(x)
[11:47:37.709] [INFO] [run] subject=6, session=5, speed=1, trial=1, x__rid_x=11dc004b95366178: dummy_return_one(x)
[11:47:37.709] [INFO] [run] subject=6, session=5, speed=1, trial=2, x__rid_x=c9ec3a52c8087ca8: dummy_return_one(x)
[11:47:37.710] [INFO] [run] subject=6, session=5, speed=1, trial=3, x__rid_x=d0f198704f66e07e: dummy_return_one(x)
[11:47:37.711] [INFO] [run] subject=6, session=5, speed=1, trial=4, x__rid_x=10bd1a4e45a266e9: dummy_return_one(x)
[11:47:37.711] [INFO] [run] subject=6, session=5, speed=1, trial=5, x__rid_x=d9c0bdee7c8b24bb: dummy_return_one(x)
[11:47:37.712] [INFO] [run] subject=6, session=5, speed=1, trial=6, x__rid_x=f02fd4532906b12e: dummy_return_one(x)
[11:47:37.713] [INFO] [run] subject=6, session=5, speed=1, trial=7, x__rid_x=5ed3236298803b61: dummy_return_one(x)
[11:47:37.713] [INFO] [run] subject=6, session=5, speed=10, trial=1, x__rid_x=79acf2fc892853ae: dummy_return_one(x)
[11:47:37.714] [INFO] [run] subject=6, session=5, speed=10, trial=2, x__rid_x=d77c54b7db31d465: dummy_return_one(x)
[11:47:37.715] [INFO] [run] subject=6, session=5, speed=10, trial=3, x__rid_x=dbff4ca3cf4e1958: dummy_return_one(x)
[11:47:37.715] [INFO] [run] subject=6, session=5, speed=10, trial=4, x__rid_x=e08be01150b672db: dummy_return_one(x)
[11:47:37.716] [INFO] [run] subject=6, session=5, speed=10, trial=5, x__rid_x=887a431c7bf1361c: dummy_return_one(x)
[11:47:37.716] [INFO] [run] subject=6, session=5, speed=10, trial=6, x__rid_x=21d1b313cc88366d: dummy_return_one(x)
[11:47:37.717] [INFO] [run] subject=6, session=5, speed=10, trial=7, x__rid_x=a48d9c11d06be917: dummy_return_one(x)
[11:47:37.718] [INFO] [run] subject=6, session=5, speed=2, trial=1, x__rid_x=23b9cd4bcf48fa00: dummy_return_one(x)
[11:47:37.718] [INFO] [run] subject=6, session=5, speed=2, trial=2, x__rid_x=697260c151fdb528: dummy_return_one(x)
[11:47:37.719] [INFO] [run] subject=6, session=5, speed=2, trial=3, x__rid_x=01602338a580f848: dummy_return_one(x)
[11:47:37.720] [INFO] [run] subject=6, session=5, speed=2, trial=4, x__rid_x=3c51a9b5a3fb9c4f: dummy_return_one(x)
[11:47:37.720] [INFO] [run] subject=6, session=5, speed=2, trial=5, x__rid_x=52b7a10532064a11: dummy_return_one(x)
[11:47:37.721] [INFO] [run] subject=6, session=5, speed=2, trial=6, x__rid_x=12da056ff7f48e22: dummy_return_one(x)
[11:47:37.722] [INFO] [run] subject=6, session=5, speed=2, trial=7, x__rid_x=3605b61ce33d7feb: dummy_return_one(x)
[11:47:37.722] [INFO] [run] subject=6, session=5, speed=3, trial=1, x__rid_x=87a3bcad906a7075: dummy_return_one(x)
[11:47:37.723] [INFO] [run] subject=6, session=5, speed=3, trial=2, x__rid_x=9a99e16c4c3c8c66: dummy_return_one(x)
[11:47:37.724] [INFO] [run] subject=6, session=5, speed=3, trial=3, x__rid_x=457a332f8d9f7f03: dummy_return_one(x)
[11:47:37.726] [INFO] [run] subject=6, session=5, speed=3, trial=4, x__rid_x=84e3a702fce263f6: dummy_return_one(x)
[11:47:37.726] [INFO] [run] subject=6, session=5, speed=3, trial=5, x__rid_x=8070cabacbfb9666: dummy_return_one(x)
[11:47:37.727] [INFO] [run] subject=6, session=5, speed=3, trial=6, x__rid_x=ff13dd5f0965b00a: dummy_return_one(x)
[11:47:37.727] [INFO] [run] subject=6, session=5, speed=3, trial=7, x__rid_x=7079b5819cef35c4: dummy_return_one(x)
[11:47:37.728] [INFO] [run] subject=6, session=5, speed=4, trial=1, x__rid_x=ef9379af864aacee: dummy_return_one(x)
[11:47:37.729] [INFO] [run] subject=6, session=5, speed=4, trial=2, x__rid_x=f5d6d84cc8772dbc: dummy_return_one(x)
[11:47:37.729] [INFO] [run] subject=6, session=5, speed=4, trial=3, x__rid_x=17f5af056d97c91e: dummy_return_one(x)
[11:47:37.730] [INFO] [run] subject=6, session=5, speed=4, trial=4, x__rid_x=30744022b4f59a14: dummy_return_one(x)
[11:47:37.731] [INFO] [run] subject=6, session=5, speed=4, trial=5, x__rid_x=6e8e5a87566fb353: dummy_return_one(x)
[11:47:37.731] [INFO] [run] subject=6, session=5, speed=4, trial=6, x__rid_x=9f5dda5754ca6bb8: dummy_return_one(x)
[11:47:37.732] [INFO] [run] subject=6, session=5, speed=4, trial=7, x__rid_x=e5044e8ac143c5f4: dummy_return_one(x)
[11:47:37.733] [INFO] [run] subject=6, session=5, speed=5, trial=1, x__rid_x=6acbc1663f8ac5f4: dummy_return_one(x)
[11:47:37.733] [INFO] [run] subject=6, session=5, speed=5, trial=2, x__rid_x=50ad8691c0440282: dummy_return_one(x)
[11:47:37.734] [INFO] [run] subject=6, session=5, speed=5, trial=3, x__rid_x=b0f55396c085ab4c: dummy_return_one(x)
[11:47:37.735] [INFO] [run] subject=6, session=5, speed=5, trial=4, x__rid_x=0918bff6416ecac3: dummy_return_one(x)
[11:47:37.735] [INFO] [run] subject=6, session=5, speed=5, trial=5, x__rid_x=7680ceb8a2ce2565: dummy_return_one(x)
[11:47:37.736] [INFO] [run] subject=6, session=5, speed=5, trial=6, x__rid_x=76f3ab2c4bd28d8c: dummy_return_one(x)
[11:47:37.736] [INFO] [run] subject=6, session=5, speed=5, trial=7, x__rid_x=362c5fa4bcb911e6: dummy_return_one(x)
[11:47:37.737] [INFO] [run] subject=6, session=5, speed=6, trial=1, x__rid_x=bc35968621003d4c: dummy_return_one(x)
[11:47:37.738] [INFO] [run] subject=6, session=5, speed=6, trial=2, x__rid_x=7fd3eac11bb4dd73: dummy_return_one(x)
[11:47:37.738] [INFO] [run] subject=6, session=5, speed=6, trial=3, x__rid_x=74d2829b89fb85f6: dummy_return_one(x)
[11:47:37.739] [INFO] [run] subject=6, session=5, speed=6, trial=4, x__rid_x=328ad5777b7fe154: dummy_return_one(x)
[11:47:37.740] [INFO] [run] subject=6, session=5, speed=6, trial=5, x__rid_x=b5538f6237a51612: dummy_return_one(x)
[11:47:37.740] [INFO] [run] subject=6, session=5, speed=6, trial=6, x__rid_x=55340ceab0360e03: dummy_return_one(x)
[11:47:37.741] [INFO] [run] subject=6, session=5, speed=6, trial=7, x__rid_x=7bbbcdf5d76b42b3: dummy_return_one(x)
[11:47:37.742] [INFO] [run] subject=6, session=5, speed=7, trial=1, x__rid_x=f19fbe647cfa64b5: dummy_return_one(x)
[11:47:37.743] [INFO] [run] subject=6, session=5, speed=7, trial=2, x__rid_x=c7dc7a49c31bd995: dummy_return_one(x)
[11:47:37.743] [INFO] [run] subject=6, session=5, speed=7, trial=3, x__rid_x=9ee921b81ceada55: dummy_return_one(x)
[11:47:37.744] [INFO] [run] subject=6, session=5, speed=7, trial=4, x__rid_x=d83ea7a32088e022: dummy_return_one(x)
[11:47:37.745] [INFO] [run] subject=6, session=5, speed=7, trial=5, x__rid_x=d4bbcdb181f0f4fb: dummy_return_one(x)
[11:47:37.745] [INFO] [run] subject=6, session=5, speed=7, trial=6, x__rid_x=d1fc67f461763624: dummy_return_one(x)
[11:47:37.746] [INFO] [run] subject=6, session=5, speed=7, trial=7, x__rid_x=923bb6d4bab07f35: dummy_return_one(x)
[11:47:37.746] [INFO] [run] subject=6, session=5, speed=8, trial=1, x__rid_x=451a0a6b6eef17a4: dummy_return_one(x)
[11:47:37.747] [INFO] [run] subject=6, session=5, speed=8, trial=2, x__rid_x=be3f0a90e043a5dc: dummy_return_one(x)
[11:47:37.748] [INFO] [run] subject=6, session=5, speed=8, trial=3, x__rid_x=ee4d587e33dfe76a: dummy_return_one(x)
[11:47:37.748] [INFO] [run] subject=6, session=5, speed=8, trial=4, x__rid_x=29ed8d6f22b46693: dummy_return_one(x)
[11:47:37.749] [INFO] [run] subject=6, session=5, speed=8, trial=5, x__rid_x=a631f9aa9dbf47df: dummy_return_one(x)
[11:47:37.750] [INFO] [run] subject=6, session=5, speed=8, trial=6, x__rid_x=aa5c4426fe4e92e8: dummy_return_one(x)
[11:47:37.751] [INFO] [run] subject=6, session=5, speed=8, trial=7, x__rid_x=9f29c0c12346896b: dummy_return_one(x)
[11:47:37.751] [INFO] [run] subject=6, session=5, speed=9, trial=1, x__rid_x=630e67676d0a3027: dummy_return_one(x)
[11:47:37.752] [INFO] [run] subject=6, session=5, speed=9, trial=2, x__rid_x=ced3448edc5f2e96: dummy_return_one(x)
[11:47:37.752] [INFO] [run] subject=6, session=5, speed=9, trial=3, x__rid_x=dec5cc0dd3edaf71: dummy_return_one(x)
[11:47:37.753] [INFO] [run] subject=6, session=5, speed=9, trial=4, x__rid_x=a7fe9f496f3f4ec4: dummy_return_one(x)
[11:47:37.754] [INFO] [run] subject=6, session=5, speed=9, trial=5, x__rid_x=c39e1cd22b5c3197: dummy_return_one(x)
[11:47:37.755] [INFO] [run] subject=6, session=5, speed=9, trial=6, x__rid_x=3b0c2bc6e2959f84: dummy_return_one(x)
[11:47:37.755] [INFO] [run] subject=6, session=5, speed=9, trial=7, x__rid_x=52164516e5becaad: dummy_return_one(x)
[11:47:37.756] [INFO] [run] subject=7, session=1, speed=1, trial=1, x__rid_x=1bf523308113eb4b: dummy_return_one(x)
[11:47:37.757] [INFO] [run] subject=7, session=1, speed=1, trial=2, x__rid_x=ba058542650ffee2: dummy_return_one(x)
[11:47:37.757] [INFO] [run] subject=7, session=1, speed=1, trial=3, x__rid_x=dfec346f18c19544: dummy_return_one(x)
[11:47:37.758] [INFO] [run] subject=7, session=1, speed=1, trial=4, x__rid_x=8bcf50cbc6b24cbe: dummy_return_one(x)
[11:47:37.759] [INFO] [run] subject=7, session=1, speed=1, trial=5, x__rid_x=ddd34d271aee4ea4: dummy_return_one(x)
[11:47:37.759] [INFO] [run] subject=7, session=1, speed=1, trial=6, x__rid_x=3a4ab18eb8cff951: dummy_return_one(x)
[11:47:37.760] [INFO] [run] subject=7, session=1, speed=1, trial=7, x__rid_x=fac08719d7302325: dummy_return_one(x)
[11:47:37.761] [INFO] [run] subject=7, session=1, speed=10, trial=1, x__rid_x=12b7723571bf5ea1: dummy_return_one(x)
[11:47:37.761] [INFO] [run] subject=7, session=1, speed=10, trial=2, x__rid_x=76dc6a19661b206c: dummy_return_one(x)
[11:47:37.762] [INFO] [run] subject=7, session=1, speed=10, trial=3, x__rid_x=8f32488bca93bdbb: dummy_return_one(x)
[11:47:37.763] [INFO] [run] subject=7, session=1, speed=10, trial=4, x__rid_x=1eb5cba2f1deedea: dummy_return_one(x)
[11:47:37.763] [INFO] [run] subject=7, session=1, speed=10, trial=5, x__rid_x=0a157506e321730d: dummy_return_one(x)
[11:47:37.764] [INFO] [run] subject=7, session=1, speed=10, trial=6, x__rid_x=0266b348109f4b6c: dummy_return_one(x)
[11:47:37.765] [INFO] [run] subject=7, session=1, speed=10, trial=7, x__rid_x=5a0943633dab26ae: dummy_return_one(x)
[11:47:37.765] [INFO] [run] subject=7, session=1, speed=2, trial=1, x__rid_x=b1b639c9ae2e7dc0: dummy_return_one(x)
[11:47:37.766] [INFO] [run] subject=7, session=1, speed=2, trial=2, x__rid_x=d20aa2480caae17a: dummy_return_one(x)
[11:47:37.767] [INFO] [run] subject=7, session=1, speed=2, trial=3, x__rid_x=e56dac5e66068240: dummy_return_one(x)
[11:47:37.767] [INFO] [run] subject=7, session=1, speed=2, trial=4, x__rid_x=a0ba9456e7fda0e3: dummy_return_one(x)
[11:47:37.768] [INFO] [run] subject=7, session=1, speed=2, trial=5, x__rid_x=c8fc03d5fcf18ee5: dummy_return_one(x)
[11:47:37.769] [INFO] [run] subject=7, session=1, speed=2, trial=6, x__rid_x=38efefbb5e232fa0: dummy_return_one(x)
[11:47:37.769] [INFO] [run] subject=7, session=1, speed=2, trial=7, x__rid_x=f6e8ff1b3e6a16d1: dummy_return_one(x)
[11:47:37.770] [INFO] [run] subject=7, session=1, speed=3, trial=1, x__rid_x=7219bd548b593edb: dummy_return_one(x)
[11:47:37.771] [INFO] [run] subject=7, session=1, speed=3, trial=2, x__rid_x=a56c3669f25a65ba: dummy_return_one(x)
[11:47:37.771] [INFO] [run] subject=7, session=1, speed=3, trial=3, x__rid_x=80cc007cfd47ea8c: dummy_return_one(x)
[11:47:37.772] [INFO] [run] subject=7, session=1, speed=3, trial=4, x__rid_x=e78719b951643dbc: dummy_return_one(x)
[11:47:37.773] [INFO] [run] subject=7, session=1, speed=3, trial=5, x__rid_x=0b4658414bfdb7a9: dummy_return_one(x)
[11:47:37.773] [INFO] [run] subject=7, session=1, speed=3, trial=6, x__rid_x=2ca8c692c2fbe2ce: dummy_return_one(x)
[11:47:37.774] [INFO] [run] subject=7, session=1, speed=3, trial=7, x__rid_x=dfbfbb956da57d95: dummy_return_one(x)
[11:47:37.775] [INFO] [run] subject=7, session=1, speed=4, trial=1, x__rid_x=0b15140728055089: dummy_return_one(x)
[11:47:37.776] [INFO] [run] subject=7, session=1, speed=4, trial=2, x__rid_x=d99cc8d743df7a30: dummy_return_one(x)
[11:47:37.776] [INFO] [run] subject=7, session=1, speed=4, trial=3, x__rid_x=0e506541ec36dadf: dummy_return_one(x)
[11:47:37.777] [INFO] [run] subject=7, session=1, speed=4, trial=4, x__rid_x=b3fa1753ffb3f121: dummy_return_one(x)
[11:47:37.778] [INFO] [run] subject=7, session=1, speed=4, trial=5, x__rid_x=a2ef6943c322b3d7: dummy_return_one(x)
[11:47:37.778] [INFO] [run] subject=7, session=1, speed=4, trial=6, x__rid_x=913f81f701ce277f: dummy_return_one(x)
[11:47:37.779] [INFO] [run] subject=7, session=1, speed=4, trial=7, x__rid_x=48b7e5c2e539969a: dummy_return_one(x)
[11:47:37.780] [INFO] [run] subject=7, session=1, speed=5, trial=1, x__rid_x=c82a6c57098ed43f: dummy_return_one(x)
[11:47:37.780] [INFO] [run] subject=7, session=1, speed=5, trial=2, x__rid_x=2f9c5a51d66d35af: dummy_return_one(x)
[11:47:37.781] [INFO] [run] subject=7, session=1, speed=5, trial=3, x__rid_x=dcdb3b6254b5b7b8: dummy_return_one(x)
[11:47:37.782] [INFO] [run] subject=7, session=1, speed=5, trial=4, x__rid_x=dd13af75cb262932: dummy_return_one(x)
[11:47:37.782] [INFO] [run] subject=7, session=1, speed=5, trial=5, x__rid_x=d329bc5ee8e66d60: dummy_return_one(x)
[11:47:37.783] [INFO] [run] subject=7, session=1, speed=5, trial=6, x__rid_x=4eacfb01aaf89de2: dummy_return_one(x)
[11:47:37.784] [INFO] [run] subject=7, session=1, speed=5, trial=7, x__rid_x=1582f323989b5117: dummy_return_one(x)
[11:47:37.784] [INFO] [run] subject=7, session=1, speed=6, trial=1, x__rid_x=ba593e0b353951ac: dummy_return_one(x)
[11:47:37.785] [INFO] [run] subject=7, session=1, speed=6, trial=2, x__rid_x=b325a5b80e78eb49: dummy_return_one(x)
[11:47:37.785] [INFO] [run] subject=7, session=1, speed=6, trial=3, x__rid_x=e441cbd8ad2ee2b3: dummy_return_one(x)
[11:47:37.786] [INFO] [run] subject=7, session=1, speed=6, trial=4, x__rid_x=82e319f7443b8347: dummy_return_one(x)
[11:47:37.787] [INFO] [run] subject=7, session=1, speed=6, trial=5, x__rid_x=b2d78a94d7f49a82: dummy_return_one(x)
[11:47:37.787] [INFO] [run] subject=7, session=1, speed=6, trial=6, x__rid_x=100e4eead0431b16: dummy_return_one(x)
[11:47:37.788] [INFO] [run] subject=7, session=1, speed=6, trial=7, x__rid_x=8864247c978d6d59: dummy_return_one(x)
[11:47:37.788] [INFO] [run] subject=7, session=1, speed=7, trial=1, x__rid_x=3411530b20b03817: dummy_return_one(x)
[11:47:37.789] [INFO] [run] subject=7, session=1, speed=7, trial=2, x__rid_x=d0c626b02691e964: dummy_return_one(x)
[11:47:37.790] [INFO] [run] subject=7, session=1, speed=7, trial=3, x__rid_x=9b7d328c9fdb1dba: dummy_return_one(x)
[11:47:37.791] [INFO] [run] subject=7, session=1, speed=7, trial=4, x__rid_x=25df66f6ce97845d: dummy_return_one(x)
[11:47:37.792] [INFO] [run] subject=7, session=1, speed=7, trial=5, x__rid_x=02012dda9ddc0ec7: dummy_return_one(x)
[11:47:37.793] [INFO] [run] subject=7, session=1, speed=7, trial=6, x__rid_x=6f44d24a054d3fb0: dummy_return_one(x)
[11:47:37.794] [INFO] [run] subject=7, session=1, speed=7, trial=7, x__rid_x=65c67b146c2d456f: dummy_return_one(x)
[11:47:37.794] [INFO] [run] subject=7, session=1, speed=8, trial=1, x__rid_x=77ac1a0dc95ba4e0: dummy_return_one(x)
[11:47:37.795] [INFO] [run] subject=7, session=1, speed=8, trial=2, x__rid_x=085ad3f5a6f7f1f4: dummy_return_one(x)
[11:47:37.796] [INFO] [run] subject=7, session=1, speed=8, trial=3, x__rid_x=10401342f21cc6cd: dummy_return_one(x)
[11:47:37.797] [INFO] [run] subject=7, session=1, speed=8, trial=4, x__rid_x=cca05e1446c763f4: dummy_return_one(x)
[11:47:37.797] [INFO] [run] subject=7, session=1, speed=8, trial=5, x__rid_x=98615da692b81b2e: dummy_return_one(x)
[11:47:37.798] [INFO] [run] subject=7, session=1, speed=8, trial=6, x__rid_x=19950fa8afe3d255: dummy_return_one(x)
[11:47:37.799] [INFO] [run] subject=7, session=1, speed=8, trial=7, x__rid_x=29501a0b555402e2: dummy_return_one(x)
[11:47:37.799] [INFO] [run] subject=7, session=1, speed=9, trial=1, x__rid_x=ac5034dd6801a107: dummy_return_one(x)
[11:47:37.800] [INFO] [run] subject=7, session=1, speed=9, trial=2, x__rid_x=dd096e879cd256b8: dummy_return_one(x)
[11:47:37.801] [INFO] [run] subject=7, session=1, speed=9, trial=3, x__rid_x=e1faaaf3418ea38a: dummy_return_one(x)
[11:47:37.801] [INFO] [run] subject=7, session=1, speed=9, trial=4, x__rid_x=29b8444e5a391ed7: dummy_return_one(x)
[11:47:37.802] [INFO] [run] subject=7, session=1, speed=9, trial=5, x__rid_x=5550e72fe8d78fb2: dummy_return_one(x)
[11:47:37.803] [INFO] [run] subject=7, session=1, speed=9, trial=6, x__rid_x=3cbdbd4903c57991: dummy_return_one(x)
[11:47:37.803] [INFO] [run] subject=7, session=1, speed=9, trial=7, x__rid_x=3e4e4c3c9390723e: dummy_return_one(x)
[11:47:37.804] [INFO] [run] subject=7, session=2, speed=1, trial=1, x__rid_x=eb9be1b8b0609178: dummy_return_one(x)
[11:47:37.805] [INFO] [run] subject=7, session=2, speed=1, trial=2, x__rid_x=d340cb325bd82ba7: dummy_return_one(x)
[11:47:37.805] [INFO] [run] subject=7, session=2, speed=1, trial=3, x__rid_x=76a9b48737e7a0d1: dummy_return_one(x)
[11:47:37.806] [INFO] [run] subject=7, session=2, speed=1, trial=4, x__rid_x=5b7cc17f5a19b21c: dummy_return_one(x)
[11:47:37.807] [INFO] [run] subject=7, session=2, speed=1, trial=5, x__rid_x=f4cf6aceee7c7bab: dummy_return_one(x)
[11:47:37.808] [INFO] [run] subject=7, session=2, speed=1, trial=6, x__rid_x=7e43f858fa82f63c: dummy_return_one(x)
[11:47:37.809] [INFO] [run] subject=7, session=2, speed=1, trial=7, x__rid_x=7d2439d91d9edc68: dummy_return_one(x)
[11:47:37.809] [INFO] [run] subject=7, session=2, speed=10, trial=1, x__rid_x=c744236f4a615c68: dummy_return_one(x)
[11:47:37.810] [INFO] [run] subject=7, session=2, speed=10, trial=2, x__rid_x=5379a3e1f85b5e56: dummy_return_one(x)
[11:47:37.811] [INFO] [run] subject=7, session=2, speed=10, trial=3, x__rid_x=4686b0a75d43b900: dummy_return_one(x)
[11:47:37.811] [INFO] [run] subject=7, session=2, speed=10, trial=4, x__rid_x=41aae45548933988: dummy_return_one(x)
[11:47:37.812] [INFO] [run] subject=7, session=2, speed=10, trial=5, x__rid_x=cd031360ec701ffd: dummy_return_one(x)
[11:47:37.813] [INFO] [run] subject=7, session=2, speed=10, trial=6, x__rid_x=a8001b5a3ce16c89: dummy_return_one(x)
[11:47:37.813] [INFO] [run] subject=7, session=2, speed=10, trial=7, x__rid_x=2b5f926e495eca80: dummy_return_one(x)
[11:47:37.814] [INFO] [run] subject=7, session=2, speed=2, trial=1, x__rid_x=a88c6692e2ef124a: dummy_return_one(x)
[11:47:37.815] [INFO] [run] subject=7, session=2, speed=2, trial=2, x__rid_x=50cbeb33fe727e06: dummy_return_one(x)
[11:47:37.815] [INFO] [run] subject=7, session=2, speed=2, trial=3, x__rid_x=76a04cea78fc8097: dummy_return_one(x)
[11:47:37.816] [INFO] [run] subject=7, session=2, speed=2, trial=4, x__rid_x=9ffc9708dbc43049: dummy_return_one(x)
[11:47:37.817] [INFO] [run] subject=7, session=2, speed=2, trial=5, x__rid_x=1e1e14f8815e54eb: dummy_return_one(x)
[11:47:37.817] [INFO] [run] subject=7, session=2, speed=2, trial=6, x__rid_x=996b4b201d035a3b: dummy_return_one(x)
[11:47:37.818] [INFO] [run] subject=7, session=2, speed=2, trial=7, x__rid_x=797efc1b98aa1ea6: dummy_return_one(x)
[11:47:37.819] [INFO] [run] subject=7, session=2, speed=3, trial=1, x__rid_x=38b6bc479a5f4889: dummy_return_one(x)
[11:47:37.819] [INFO] [run] subject=7, session=2, speed=3, trial=2, x__rid_x=b58b076a15520852: dummy_return_one(x)
[11:47:37.820] [INFO] [run] subject=7, session=2, speed=3, trial=3, x__rid_x=4df9baad33094c1f: dummy_return_one(x)
[11:47:37.820] [INFO] [run] subject=7, session=2, speed=3, trial=4, x__rid_x=c483c239f83951a8: dummy_return_one(x)
[11:47:37.821] [INFO] [run] subject=7, session=2, speed=3, trial=5, x__rid_x=7f7e5e8b19975b93: dummy_return_one(x)
[11:47:37.822] [INFO] [run] subject=7, session=2, speed=3, trial=6, x__rid_x=fad36c7e307ad775: dummy_return_one(x)
[11:47:37.822] [INFO] [run] subject=7, session=2, speed=3, trial=7, x__rid_x=6ab184bfad6486c4: dummy_return_one(x)
[11:47:37.823] [INFO] [run] subject=7, session=2, speed=4, trial=1, x__rid_x=c2372ede21bc2d70: dummy_return_one(x)
[11:47:37.824] [INFO] [run] subject=7, session=2, speed=4, trial=2, x__rid_x=d5a9408c5cd64037: dummy_return_one(x)
[11:47:37.825] [INFO] [run] subject=7, session=2, speed=4, trial=3, x__rid_x=b371d977b18f35e7: dummy_return_one(x)
[11:47:37.826] [INFO] [run] subject=7, session=2, speed=4, trial=4, x__rid_x=e57be886738b1dcf: dummy_return_one(x)
[11:47:37.826] [INFO] [run] subject=7, session=2, speed=4, trial=5, x__rid_x=50f89a0ebfe506c8: dummy_return_one(x)
[11:47:37.827] [INFO] [run] subject=7, session=2, speed=4, trial=6, x__rid_x=15fcac6a2c80a802: dummy_return_one(x)
[11:47:37.828] [INFO] [run] subject=7, session=2, speed=4, trial=7, x__rid_x=921ebd6f97741410: dummy_return_one(x)
[11:47:37.828] [INFO] [run] subject=7, session=2, speed=5, trial=1, x__rid_x=bd46cd2f3c54d501: dummy_return_one(x)
[11:47:37.829] [INFO] [run] subject=7, session=2, speed=5, trial=2, x__rid_x=b22b8d1363416c8b: dummy_return_one(x)
[11:47:37.830] [INFO] [run] subject=7, session=2, speed=5, trial=3, x__rid_x=ba2fe15dc01dd622: dummy_return_one(x)
[11:47:37.830] [INFO] [run] subject=7, session=2, speed=5, trial=4, x__rid_x=59fa1cddd7d96566: dummy_return_one(x)
[11:47:37.831] [INFO] [run] subject=7, session=2, speed=5, trial=5, x__rid_x=cc9907247b4e3d3f: dummy_return_one(x)
[11:47:37.832] [INFO] [run] subject=7, session=2, speed=5, trial=6, x__rid_x=26b3d55d061e7ee6: dummy_return_one(x)
[11:47:37.832] [INFO] [run] subject=7, session=2, speed=5, trial=7, x__rid_x=0c6fa2f5c9c9f848: dummy_return_one(x)
[11:47:37.833] [INFO] [run] subject=7, session=2, speed=6, trial=1, x__rid_x=08bc16839ed760c4: dummy_return_one(x)
[11:47:37.834] [INFO] [run] subject=7, session=2, speed=6, trial=2, x__rid_x=acaaf64640cd4d4a: dummy_return_one(x)
[11:47:37.834] [INFO] [run] subject=7, session=2, speed=6, trial=3, x__rid_x=1daa76f636ad1e56: dummy_return_one(x)
[11:47:37.835] [INFO] [run] subject=7, session=2, speed=6, trial=4, x__rid_x=cff1a3a3b4bb0042: dummy_return_one(x)
[11:47:37.836] [INFO] [run] subject=7, session=2, speed=6, trial=5, x__rid_x=5fde5e64c49647ed: dummy_return_one(x)
[11:47:37.836] [INFO] [run] subject=7, session=2, speed=6, trial=6, x__rid_x=b6cb4009b37fd8cf: dummy_return_one(x)
[11:47:37.837] [INFO] [run] subject=7, session=2, speed=6, trial=7, x__rid_x=70bc3e81eb1ecea4: dummy_return_one(x)
[11:47:37.838] [INFO] [run] subject=7, session=2, speed=7, trial=1, x__rid_x=e6856dd62abde74e: dummy_return_one(x)
[11:47:37.838] [INFO] [run] subject=7, session=2, speed=7, trial=2, x__rid_x=c18ca371b2cbcda9: dummy_return_one(x)
[11:47:37.839] [INFO] [run] subject=7, session=2, speed=7, trial=3, x__rid_x=7f4f4c14980ead0e: dummy_return_one(x)
[11:47:37.840] [INFO] [run] subject=7, session=2, speed=7, trial=4, x__rid_x=4233595d046de44a: dummy_return_one(x)
[11:47:37.840] [INFO] [run] subject=7, session=2, speed=7, trial=5, x__rid_x=816b2e59174e7c71: dummy_return_one(x)
[11:47:37.841] [INFO] [run] subject=7, session=2, speed=7, trial=6, x__rid_x=84c45d964a42232a: dummy_return_one(x)
[11:47:37.842] [INFO] [run] subject=7, session=2, speed=7, trial=7, x__rid_x=3ecbc382e023ecec: dummy_return_one(x)
[11:47:37.843] [INFO] [run] subject=7, session=2, speed=8, trial=1, x__rid_x=4676545d38923c75: dummy_return_one(x)
[11:47:37.843] [INFO] [run] subject=7, session=2, speed=8, trial=2, x__rid_x=6090d623b140062f: dummy_return_one(x)
[11:47:37.844] [INFO] [run] subject=7, session=2, speed=8, trial=3, x__rid_x=7dc94fae643ca232: dummy_return_one(x)
[11:47:37.845] [INFO] [run] subject=7, session=2, speed=8, trial=4, x__rid_x=3b7960edfe0d72f3: dummy_return_one(x)
[11:47:37.845] [INFO] [run] subject=7, session=2, speed=8, trial=5, x__rid_x=8b5b247969cc940f: dummy_return_one(x)
[11:47:37.846] [INFO] [run] subject=7, session=2, speed=8, trial=6, x__rid_x=7cd379957f30874c: dummy_return_one(x)
[11:47:37.847] [INFO] [run] subject=7, session=2, speed=8, trial=7, x__rid_x=f32286bae3f476ad: dummy_return_one(x)
[11:47:37.847] [INFO] [run] subject=7, session=2, speed=9, trial=1, x__rid_x=bc7359352659b7e4: dummy_return_one(x)
[11:47:37.848] [INFO] [run] subject=7, session=2, speed=9, trial=2, x__rid_x=a903135906702672: dummy_return_one(x)
[11:47:37.849] [INFO] [run] subject=7, session=2, speed=9, trial=3, x__rid_x=dccc764a40ceef94: dummy_return_one(x)
[11:47:37.849] [INFO] [run] subject=7, session=2, speed=9, trial=4, x__rid_x=8940cfa1c20925d8: dummy_return_one(x)
[11:47:37.850] [INFO] [run] subject=7, session=2, speed=9, trial=5, x__rid_x=e06cb8341b9b66e4: dummy_return_one(x)
[11:47:37.851] [INFO] [run] subject=7, session=2, speed=9, trial=6, x__rid_x=56d844b93a73f390: dummy_return_one(x)
[11:47:37.851] [INFO] [run] subject=7, session=2, speed=9, trial=7, x__rid_x=31803ba979bfa63e: dummy_return_one(x)
[11:47:37.852] [INFO] [run] subject=7, session=3, speed=1, trial=1, x__rid_x=a3401b78ad494afe: dummy_return_one(x)
[11:47:37.853] [INFO] [run] subject=7, session=3, speed=1, trial=2, x__rid_x=b2ebae246f0cd802: dummy_return_one(x)
[11:47:37.853] [INFO] [run] subject=7, session=3, speed=1, trial=3, x__rid_x=e005527644ad3350: dummy_return_one(x)
[11:47:37.854] [INFO] [run] subject=7, session=3, speed=1, trial=4, x__rid_x=3b1684719e741609: dummy_return_one(x)
[11:47:37.854] [INFO] [run] subject=7, session=3, speed=1, trial=5, x__rid_x=01c5d1f684497438: dummy_return_one(x)
[11:47:37.855] [INFO] [run] subject=7, session=3, speed=1, trial=6, x__rid_x=72d10d29958f3b37: dummy_return_one(x)
[11:47:37.856] [INFO] [run] subject=7, session=3, speed=1, trial=7, x__rid_x=2c3bb3b7a9d2f6ec: dummy_return_one(x)
[11:47:37.856] [INFO] [run] subject=7, session=3, speed=10, trial=1, x__rid_x=82b2e3f4ed73b082: dummy_return_one(x)
[11:47:37.857] [INFO] [run] subject=7, session=3, speed=10, trial=2, x__rid_x=c0ce250440c7578c: dummy_return_one(x)
[11:47:37.858] [INFO] [run] subject=7, session=3, speed=10, trial=3, x__rid_x=fa7bc5d5f4e4f6bf: dummy_return_one(x)
[11:47:37.859] [INFO] [run] subject=7, session=3, speed=10, trial=4, x__rid_x=a2f149fac1d55b1b: dummy_return_one(x)
[11:47:37.859] [INFO] [run] subject=7, session=3, speed=10, trial=5, x__rid_x=0e32834cb348e8f8: dummy_return_one(x)
[11:47:37.860] [INFO] [run] subject=7, session=3, speed=10, trial=6, x__rid_x=3135c6932754be89: dummy_return_one(x)
[11:47:37.861] [INFO] [run] subject=7, session=3, speed=10, trial=7, x__rid_x=1347593a4eb49a0e: dummy_return_one(x)
[11:47:37.861] [INFO] [run] subject=7, session=3, speed=2, trial=1, x__rid_x=d05b1c6d016f8049: dummy_return_one(x)
[11:47:37.862] [INFO] [run] subject=7, session=3, speed=2, trial=2, x__rid_x=ed36281f472e4073: dummy_return_one(x)
[11:47:37.863] [INFO] [run] subject=7, session=3, speed=2, trial=3, x__rid_x=5705aec9c45fbd57: dummy_return_one(x)
[11:47:37.863] [INFO] [run] subject=7, session=3, speed=2, trial=4, x__rid_x=9c97bd6ae9026f73: dummy_return_one(x)
[11:47:37.864] [INFO] [run] subject=7, session=3, speed=2, trial=5, x__rid_x=1592bd09c63ca560: dummy_return_one(x)
[11:47:37.865] [INFO] [run] subject=7, session=3, speed=2, trial=6, x__rid_x=be1759a54c854ed7: dummy_return_one(x)
[11:47:37.866] [INFO] [run] subject=7, session=3, speed=2, trial=7, x__rid_x=179a28d3f859aa0d: dummy_return_one(x)
[11:47:37.866] [INFO] [run] subject=7, session=3, speed=3, trial=1, x__rid_x=4c62feb7d27e750e: dummy_return_one(x)
[11:47:37.867] [INFO] [run] subject=7, session=3, speed=3, trial=2, x__rid_x=70c9edab441ddaa1: dummy_return_one(x)
[11:47:37.867] [INFO] [run] subject=7, session=3, speed=3, trial=3, x__rid_x=f06e904918e2fb32: dummy_return_one(x)
[11:47:37.868] [INFO] [run] subject=7, session=3, speed=3, trial=4, x__rid_x=722e32c161157cc8: dummy_return_one(x)
[11:47:37.869] [INFO] [run] subject=7, session=3, speed=3, trial=5, x__rid_x=75686b3dde0cc0b8: dummy_return_one(x)
[11:47:37.870] [INFO] [run] subject=7, session=3, speed=3, trial=6, x__rid_x=35fb2a263d97b874: dummy_return_one(x)
[11:47:37.870] [INFO] [run] subject=7, session=3, speed=3, trial=7, x__rid_x=e9d654375b460eb5: dummy_return_one(x)
[11:47:37.871] [INFO] [run] subject=7, session=3, speed=4, trial=1, x__rid_x=612d3573415e5958: dummy_return_one(x)
[11:47:37.872] [INFO] [run] subject=7, session=3, speed=4, trial=2, x__rid_x=93c4646d87acece5: dummy_return_one(x)
[11:47:37.872] [INFO] [run] subject=7, session=3, speed=4, trial=3, x__rid_x=74ba727ef031a495: dummy_return_one(x)
[11:47:37.873] [INFO] [run] subject=7, session=3, speed=4, trial=4, x__rid_x=b1cdeaed25ea0e18: dummy_return_one(x)
[11:47:37.874] [INFO] [run] subject=7, session=3, speed=4, trial=5, x__rid_x=275f7f9c0efc1538: dummy_return_one(x)
[11:47:37.875] [INFO] [run] subject=7, session=3, speed=4, trial=6, x__rid_x=bf151e9fc0835e76: dummy_return_one(x)
[11:47:37.876] [INFO] [run] subject=7, session=3, speed=4, trial=7, x__rid_x=1cb61a57eca65386: dummy_return_one(x)
[11:47:37.877] [INFO] [run] subject=7, session=3, speed=5, trial=1, x__rid_x=a8f8a2dcaf4b7d68: dummy_return_one(x)
[11:47:37.877] [INFO] [run] subject=7, session=3, speed=5, trial=2, x__rid_x=f89a110040ef34e5: dummy_return_one(x)
[11:47:37.878] [INFO] [run] subject=7, session=3, speed=5, trial=3, x__rid_x=6521271c457e0b60: dummy_return_one(x)
[11:47:37.879] [INFO] [run] subject=7, session=3, speed=5, trial=4, x__rid_x=bd04bd40d2a20199: dummy_return_one(x)
[11:47:37.880] [INFO] [run] subject=7, session=3, speed=5, trial=5, x__rid_x=1cdf8095cb933973: dummy_return_one(x)
[11:47:37.880] [INFO] [run] subject=7, session=3, speed=5, trial=6, x__rid_x=fdff713a9905c2a8: dummy_return_one(x)
[11:47:37.881] [INFO] [run] subject=7, session=3, speed=5, trial=7, x__rid_x=3eab4a3e1fa8e7f8: dummy_return_one(x)
[11:47:37.882] [INFO] [run] subject=7, session=3, speed=6, trial=1, x__rid_x=4865aeacbe7ff4a7: dummy_return_one(x)
[11:47:37.883] [INFO] [run] subject=7, session=3, speed=6, trial=2, x__rid_x=634d41f327ff17e7: dummy_return_one(x)
[11:47:37.883] [INFO] [run] subject=7, session=3, speed=6, trial=3, x__rid_x=6889b62e0f943f81: dummy_return_one(x)
[11:47:37.884] [INFO] [run] subject=7, session=3, speed=6, trial=4, x__rid_x=819614051a6aeae4: dummy_return_one(x)
[11:47:37.884] [INFO] [run] subject=7, session=3, speed=6, trial=5, x__rid_x=ca7dfff9f974546c: dummy_return_one(x)
[11:47:37.885] [INFO] [run] subject=7, session=3, speed=6, trial=6, x__rid_x=29cb0ab72e540f1f: dummy_return_one(x)
[11:47:37.886] [INFO] [run] subject=7, session=3, speed=6, trial=7, x__rid_x=3a9e62721dd25e13: dummy_return_one(x)
[11:47:37.887] [INFO] [run] subject=7, session=3, speed=7, trial=1, x__rid_x=8f97aa1fd9ae00e7: dummy_return_one(x)
[11:47:37.887] [INFO] [run] subject=7, session=3, speed=7, trial=2, x__rid_x=cff6c116ad4ec7ae: dummy_return_one(x)
[11:47:37.888] [INFO] [run] subject=7, session=3, speed=7, trial=3, x__rid_x=bf90a945f38cd919: dummy_return_one(x)
[11:47:37.888] [INFO] [run] subject=7, session=3, speed=7, trial=4, x__rid_x=009cf841952b7f03: dummy_return_one(x)
[11:47:37.889] [INFO] [run] subject=7, session=3, speed=7, trial=5, x__rid_x=67d7293bae3d7917: dummy_return_one(x)
[11:47:37.890] [INFO] [run] subject=7, session=3, speed=7, trial=6, x__rid_x=15159ee7f01ee4d5: dummy_return_one(x)
[11:47:37.891] [INFO] [run] subject=7, session=3, speed=7, trial=7, x__rid_x=ce9961605b3625e3: dummy_return_one(x)
[11:47:37.892] [INFO] [run] subject=7, session=3, speed=8, trial=1, x__rid_x=0e9739e668c67ca0: dummy_return_one(x)
[11:47:37.892] [INFO] [run] subject=7, session=3, speed=8, trial=2, x__rid_x=c348287bf6b0b66c: dummy_return_one(x)
[11:47:37.893] [INFO] [run] subject=7, session=3, speed=8, trial=3, x__rid_x=195a116e6296ad28: dummy_return_one(x)
[11:47:37.894] [INFO] [run] subject=7, session=3, speed=8, trial=4, x__rid_x=6480c98d61bfae35: dummy_return_one(x)
[11:47:37.894] [INFO] [run] subject=7, session=3, speed=8, trial=5, x__rid_x=cf7294d54dabc00e: dummy_return_one(x)
[11:47:37.895] [INFO] [run] subject=7, session=3, speed=8, trial=6, x__rid_x=4c4634ad127b025d: dummy_return_one(x)
[11:47:37.896] [INFO] [run] subject=7, session=3, speed=8, trial=7, x__rid_x=f738479b0a932c05: dummy_return_one(x)
[11:47:37.896] [INFO] [run] subject=7, session=3, speed=9, trial=1, x__rid_x=de9405c1b9eec0e4: dummy_return_one(x)
[11:47:37.897] [INFO] [run] subject=7, session=3, speed=9, trial=2, x__rid_x=87c2bfb4c9925c34: dummy_return_one(x)
[11:47:37.898] [INFO] [run] subject=7, session=3, speed=9, trial=3, x__rid_x=576d50c06b5284cd: dummy_return_one(x)
[11:47:37.898] [INFO] [run] subject=7, session=3, speed=9, trial=4, x__rid_x=ad9c534abfb53bd0: dummy_return_one(x)
[11:47:37.899] [INFO] [run] subject=7, session=3, speed=9, trial=5, x__rid_x=e9ea40fb67a52e82: dummy_return_one(x)
[11:47:37.900] [INFO] [run] subject=7, session=3, speed=9, trial=6, x__rid_x=78b503590a8383fd: dummy_return_one(x)
[11:47:37.900] [INFO] [run] subject=7, session=3, speed=9, trial=7, x__rid_x=431ec37309c833a4: dummy_return_one(x)
[11:47:37.901] [INFO] [run] subject=7, session=4, speed=1, trial=1, x__rid_x=37e2b2f6d03c0918: dummy_return_one(x)
[11:47:37.902] [INFO] [run] subject=7, session=4, speed=1, trial=2, x__rid_x=fd024599a18244c3: dummy_return_one(x)
[11:47:37.903] [INFO] [run] subject=7, session=4, speed=1, trial=3, x__rid_x=4f7c8456b11528aa: dummy_return_one(x)
[11:47:37.903] [INFO] [run] subject=7, session=4, speed=1, trial=4, x__rid_x=a59928cff5fd6d33: dummy_return_one(x)
[11:47:37.904] [INFO] [run] subject=7, session=4, speed=1, trial=5, x__rid_x=3adbaaba569af8dd: dummy_return_one(x)
[11:47:37.905] [INFO] [run] subject=7, session=4, speed=1, trial=6, x__rid_x=65519daaba41a89a: dummy_return_one(x)
[11:47:37.905] [INFO] [run] subject=7, session=4, speed=1, trial=7, x__rid_x=56b9805ccd0ad824: dummy_return_one(x)
[11:47:37.906] [INFO] [run] subject=7, session=4, speed=10, trial=1, x__rid_x=f6d3646852e800ff: dummy_return_one(x)
[11:47:37.907] [INFO] [run] subject=7, session=4, speed=10, trial=2, x__rid_x=df5fdc3a632671f3: dummy_return_one(x)
[11:47:37.908] [INFO] [run] subject=7, session=4, speed=10, trial=3, x__rid_x=b4ee21b652f88b11: dummy_return_one(x)
[11:47:37.908] [INFO] [run] subject=7, session=4, speed=10, trial=4, x__rid_x=828d8aaf7e8a34b6: dummy_return_one(x)
[11:47:37.909] [INFO] [run] subject=7, session=4, speed=10, trial=5, x__rid_x=6442ec9e7e6e1b76: dummy_return_one(x)
[11:47:37.910] [INFO] [run] subject=7, session=4, speed=10, trial=6, x__rid_x=0363ecf28201b342: dummy_return_one(x)
[11:47:37.910] [INFO] [run] subject=7, session=4, speed=10, trial=7, x__rid_x=05c9607fdbcebbf4: dummy_return_one(x)
[11:47:37.911] [INFO] [run] subject=7, session=4, speed=2, trial=1, x__rid_x=6323cf1c51558bfc: dummy_return_one(x)
[11:47:37.912] [INFO] [run] subject=7, session=4, speed=2, trial=2, x__rid_x=71ddcd426b3fe3e1: dummy_return_one(x)
[11:47:37.913] [INFO] [run] subject=7, session=4, speed=2, trial=3, x__rid_x=290168a73f599f8b: dummy_return_one(x)
[11:47:37.913] [INFO] [run] subject=7, session=4, speed=2, trial=4, x__rid_x=00f79e2bf8bfadd9: dummy_return_one(x)
[11:47:37.914] [INFO] [run] subject=7, session=4, speed=2, trial=5, x__rid_x=15b8bffc7aa57bd8: dummy_return_one(x)
[11:47:37.914] [INFO] [run] subject=7, session=4, speed=2, trial=6, x__rid_x=d162895fcab5a109: dummy_return_one(x)
[11:47:37.915] [INFO] [run] subject=7, session=4, speed=2, trial=7, x__rid_x=cde6628367f3f8ad: dummy_return_one(x)
[11:47:37.916] [INFO] [run] subject=7, session=4, speed=3, trial=1, x__rid_x=0f6fe3fd41fa4c4e: dummy_return_one(x)
[11:47:37.916] [INFO] [run] subject=7, session=4, speed=3, trial=2, x__rid_x=766f1f8b52821800: dummy_return_one(x)
[11:47:37.917] [INFO] [run] subject=7, session=4, speed=3, trial=3, x__rid_x=7bea9fcbc9997693: dummy_return_one(x)
[11:47:37.918] [INFO] [run] subject=7, session=4, speed=3, trial=4, x__rid_x=f21090cc3df58d38: dummy_return_one(x)
[11:47:37.919] [INFO] [run] subject=7, session=4, speed=3, trial=5, x__rid_x=f1e5f3b19370cefe: dummy_return_one(x)
[11:47:37.919] [INFO] [run] subject=7, session=4, speed=3, trial=6, x__rid_x=e0ea7256b69dd856: dummy_return_one(x)
[11:47:37.920] [INFO] [run] subject=7, session=4, speed=3, trial=7, x__rid_x=4c53462b1d04d001: dummy_return_one(x)
[11:47:37.920] [INFO] [run] subject=7, session=4, speed=4, trial=1, x__rid_x=b567d92a91e55367: dummy_return_one(x)
[11:47:37.921] [INFO] [run] subject=7, session=4, speed=4, trial=2, x__rid_x=466791cee24c5149: dummy_return_one(x)
[11:47:37.922] [INFO] [run] subject=7, session=4, speed=4, trial=3, x__rid_x=f509529f260e2476: dummy_return_one(x)
[11:47:37.922] [INFO] [run] subject=7, session=4, speed=4, trial=4, x__rid_x=889ae23ede4c76f6: dummy_return_one(x)
[11:47:37.923] [INFO] [run] subject=7, session=4, speed=4, trial=5, x__rid_x=91d995a5c66fc093: dummy_return_one(x)
[11:47:37.924] [INFO] [run] subject=7, session=4, speed=4, trial=6, x__rid_x=87495b60003b788e: dummy_return_one(x)
[11:47:37.925] [INFO] [run] subject=7, session=4, speed=4, trial=7, x__rid_x=5d47a25752315907: dummy_return_one(x)
[11:47:37.926] [INFO] [run] subject=7, session=4, speed=5, trial=1, x__rid_x=124abc822a832067: dummy_return_one(x)
[11:47:37.926] [INFO] [run] subject=7, session=4, speed=5, trial=2, x__rid_x=66ed7d703ad32eb9: dummy_return_one(x)
[11:47:37.927] [INFO] [run] subject=7, session=4, speed=5, trial=3, x__rid_x=4d800cecea7616e0: dummy_return_one(x)
[11:47:37.928] [INFO] [run] subject=7, session=4, speed=5, trial=4, x__rid_x=d7667e0c43484842: dummy_return_one(x)
[11:47:37.928] [INFO] [run] subject=7, session=4, speed=5, trial=5, x__rid_x=607c0130b99a3422: dummy_return_one(x)
[11:47:37.929] [INFO] [run] subject=7, session=4, speed=5, trial=6, x__rid_x=a5fd5df30e3ab2ae: dummy_return_one(x)
[11:47:37.930] [INFO] [run] subject=7, session=4, speed=5, trial=7, x__rid_x=47462ab54b549601: dummy_return_one(x)
[11:47:37.931] [INFO] [run] subject=7, session=4, speed=6, trial=1, x__rid_x=2da38167045051e1: dummy_return_one(x)
[11:47:37.931] [INFO] [run] subject=7, session=4, speed=6, trial=2, x__rid_x=f0d05c3560e91397: dummy_return_one(x)
[11:47:37.932] [INFO] [run] subject=7, session=4, speed=6, trial=3, x__rid_x=2cce18b9122528bc: dummy_return_one(x)
[11:47:37.933] [INFO] [run] subject=7, session=4, speed=6, trial=4, x__rid_x=f3d7c11b40c15eef: dummy_return_one(x)
[11:47:37.933] [INFO] [run] subject=7, session=4, speed=6, trial=5, x__rid_x=c55815d7d69e1102: dummy_return_one(x)
[11:47:37.934] [INFO] [run] subject=7, session=4, speed=6, trial=6, x__rid_x=311b1c3f0d43f805: dummy_return_one(x)
[11:47:37.935] [INFO] [run] subject=7, session=4, speed=6, trial=7, x__rid_x=bb7f91a87a574451: dummy_return_one(x)
[11:47:37.935] [INFO] [run] subject=7, session=4, speed=7, trial=1, x__rid_x=2104ed88676ee6e4: dummy_return_one(x)
[11:47:37.936] [INFO] [run] subject=7, session=4, speed=7, trial=2, x__rid_x=435a0bc82fb1bd83: dummy_return_one(x)
[11:47:37.937] [INFO] [run] subject=7, session=4, speed=7, trial=3, x__rid_x=cf906bbe3477638a: dummy_return_one(x)
[11:47:37.937] [INFO] [run] subject=7, session=4, speed=7, trial=4, x__rid_x=649beb7f40a31f3c: dummy_return_one(x)
[11:47:37.938] [INFO] [run] subject=7, session=4, speed=7, trial=5, x__rid_x=eab3f6478977ed70: dummy_return_one(x)
[11:47:37.939] [INFO] [run] subject=7, session=4, speed=7, trial=6, x__rid_x=6caacfae1212de4e: dummy_return_one(x)
[11:47:37.939] [INFO] [run] subject=7, session=4, speed=7, trial=7, x__rid_x=0f9432ea76172ba4: dummy_return_one(x)
[11:47:37.940] [INFO] [run] subject=7, session=4, speed=8, trial=1, x__rid_x=7da2bebae5b66b4d: dummy_return_one(x)
[11:47:37.941] [INFO] [run] subject=7, session=4, speed=8, trial=2, x__rid_x=90f2b9a5847ebff6: dummy_return_one(x)
[11:47:37.942] [INFO] [run] subject=7, session=4, speed=8, trial=3, x__rid_x=ad7c3f5574927549: dummy_return_one(x)
[11:47:37.942] [INFO] [run] subject=7, session=4, speed=8, trial=4, x__rid_x=3c636d3cba33f97b: dummy_return_one(x)
[11:47:37.943] [INFO] [run] subject=7, session=4, speed=8, trial=5, x__rid_x=11acac9c49895cc4: dummy_return_one(x)
[11:47:37.944] [INFO] [run] subject=7, session=4, speed=8, trial=6, x__rid_x=33346c150b87fa14: dummy_return_one(x)
[11:47:37.944] [INFO] [run] subject=7, session=4, speed=8, trial=7, x__rid_x=8b127a59733e8e8b: dummy_return_one(x)
[11:47:37.945] [INFO] [run] subject=7, session=4, speed=9, trial=1, x__rid_x=0e1c4a1e9551d711: dummy_return_one(x)
[11:47:37.946] [INFO] [run] subject=7, session=4, speed=9, trial=2, x__rid_x=150f83c2ac259aab: dummy_return_one(x)
[11:47:37.946] [INFO] [run] subject=7, session=4, speed=9, trial=3, x__rid_x=be477e0dad0ec32d: dummy_return_one(x)
[11:47:37.947] [INFO] [run] subject=7, session=4, speed=9, trial=4, x__rid_x=1be30ec91d49bc79: dummy_return_one(x)
[11:47:37.948] [INFO] [run] subject=7, session=4, speed=9, trial=5, x__rid_x=f51016a3136bf9c0: dummy_return_one(x)
[11:47:37.949] [INFO] [run] subject=7, session=4, speed=9, trial=6, x__rid_x=e213f2b038005b74: dummy_return_one(x)
[11:47:37.949] [INFO] [run] subject=7, session=4, speed=9, trial=7, x__rid_x=d3c80e5fefad9602: dummy_return_one(x)
[11:47:37.950] [INFO] [run] subject=7, session=5, speed=1, trial=1, x__rid_x=0c38839a094e14ff: dummy_return_one(x)
[11:47:37.951] [INFO] [run] subject=7, session=5, speed=1, trial=2, x__rid_x=86274e66625969d4: dummy_return_one(x)
[11:47:37.952] [INFO] [run] subject=7, session=5, speed=1, trial=3, x__rid_x=91829cbc23b14278: dummy_return_one(x)
[11:47:37.952] [INFO] [run] subject=7, session=5, speed=1, trial=4, x__rid_x=d0e1544ebf7875fa: dummy_return_one(x)
[11:47:37.953] [INFO] [run] subject=7, session=5, speed=1, trial=5, x__rid_x=8274b1fd9338e0e0: dummy_return_one(x)
[11:47:37.954] [INFO] [run] subject=7, session=5, speed=1, trial=6, x__rid_x=eb29745ff2e28737: dummy_return_one(x)
[11:47:37.954] [INFO] [run] subject=7, session=5, speed=1, trial=7, x__rid_x=c8592b6fce7e43e7: dummy_return_one(x)
[11:47:37.955] [INFO] [run] subject=7, session=5, speed=10, trial=1, x__rid_x=a8b2f6a6cc1387f7: dummy_return_one(x)
[11:47:37.956] [INFO] [run] subject=7, session=5, speed=10, trial=2, x__rid_x=947199fb2e349cc3: dummy_return_one(x)
[11:47:37.957] [INFO] [run] subject=7, session=5, speed=10, trial=3, x__rid_x=d8627be30a723d1e: dummy_return_one(x)
[11:47:37.957] [INFO] [run] subject=7, session=5, speed=10, trial=4, x__rid_x=2a7f7f29e5835a2c: dummy_return_one(x)
[11:47:37.958] [INFO] [run] subject=7, session=5, speed=10, trial=5, x__rid_x=9ca2bb863b07afd6: dummy_return_one(x)
[11:47:37.959] [INFO] [run] subject=7, session=5, speed=10, trial=6, x__rid_x=d31734b86a695ad1: dummy_return_one(x)
[11:47:37.960] [INFO] [run] subject=7, session=5, speed=10, trial=7, x__rid_x=8c9dfa7f2ba43a4b: dummy_return_one(x)
[11:47:37.960] [INFO] [run] subject=7, session=5, speed=2, trial=1, x__rid_x=55916effb314804c: dummy_return_one(x)
[11:47:37.961] [INFO] [run] subject=7, session=5, speed=2, trial=2, x__rid_x=05eab785f7e84365: dummy_return_one(x)
[11:47:37.962] [INFO] [run] subject=7, session=5, speed=2, trial=3, x__rid_x=17f003ab67b48141: dummy_return_one(x)
[11:47:37.962] [INFO] [run] subject=7, session=5, speed=2, trial=4, x__rid_x=f6a9a117f70ac37b: dummy_return_one(x)
[11:47:37.963] [INFO] [run] subject=7, session=5, speed=2, trial=5, x__rid_x=15e3ad463449483d: dummy_return_one(x)
[11:47:37.964] [INFO] [run] subject=7, session=5, speed=2, trial=6, x__rid_x=eb8c7c8cd01ec854: dummy_return_one(x)
[11:47:37.964] [INFO] [run] subject=7, session=5, speed=2, trial=7, x__rid_x=dde82ea764d7517e: dummy_return_one(x)
[11:47:37.965] [INFO] [run] subject=7, session=5, speed=3, trial=1, x__rid_x=b0850a0f5be39cc7: dummy_return_one(x)
[11:47:37.966] [INFO] [run] subject=7, session=5, speed=3, trial=2, x__rid_x=c99a98a8754e9c06: dummy_return_one(x)
[11:47:37.967] [INFO] [run] subject=7, session=5, speed=3, trial=3, x__rid_x=acdc4dd7e124819b: dummy_return_one(x)
[11:47:37.967] [INFO] [run] subject=7, session=5, speed=3, trial=4, x__rid_x=5b3bc0b23f34deaa: dummy_return_one(x)
[11:47:37.968] [INFO] [run] subject=7, session=5, speed=3, trial=5, x__rid_x=c316c2804d918daf: dummy_return_one(x)
[11:47:37.968] [INFO] [run] subject=7, session=5, speed=3, trial=6, x__rid_x=6e36dbe8a1034fee: dummy_return_one(x)
[11:47:37.969] [INFO] [run] subject=7, session=5, speed=3, trial=7, x__rid_x=9954e45307332b3e: dummy_return_one(x)
[11:47:37.970] [INFO] [run] subject=7, session=5, speed=4, trial=1, x__rid_x=8a5d0e858766a9cd: dummy_return_one(x)
[11:47:37.971] [INFO] [run] subject=7, session=5, speed=4, trial=2, x__rid_x=3b1bc089398c1909: dummy_return_one(x)
[11:47:37.972] [INFO] [run] subject=7, session=5, speed=4, trial=3, x__rid_x=049d827f0ddf001b: dummy_return_one(x)
[11:47:37.973] [INFO] [run] subject=7, session=5, speed=4, trial=4, x__rid_x=89018ab9f59bd647: dummy_return_one(x)
[11:47:37.974] [INFO] [run] subject=7, session=5, speed=4, trial=5, x__rid_x=c0a981065af7c0e8: dummy_return_one(x)
[11:47:37.974] [INFO] [run] subject=7, session=5, speed=4, trial=6, x__rid_x=ec1a96933814f5f2: dummy_return_one(x)
[11:47:37.975] [INFO] [run] subject=7, session=5, speed=4, trial=7, x__rid_x=cd9c1c9f80c91876: dummy_return_one(x)
[11:47:37.976] [INFO] [run] subject=7, session=5, speed=5, trial=1, x__rid_x=cd471124e9501b4f: dummy_return_one(x)
[11:47:37.976] [INFO] [run] subject=7, session=5, speed=5, trial=2, x__rid_x=3312551b367d871a: dummy_return_one(x)
[11:47:37.977] [INFO] [run] subject=7, session=5, speed=5, trial=3, x__rid_x=ea003e165c57caa4: dummy_return_one(x)
[11:47:37.978] [INFO] [run] subject=7, session=5, speed=5, trial=4, x__rid_x=3de219ab9df01c5b: dummy_return_one(x)
[11:47:37.978] [INFO] [run] subject=7, session=5, speed=5, trial=5, x__rid_x=312671cfd48f3ed8: dummy_return_one(x)
[11:47:37.979] [INFO] [run] subject=7, session=5, speed=5, trial=6, x__rid_x=cf254788251a2415: dummy_return_one(x)
[11:47:37.980] [INFO] [run] subject=7, session=5, speed=5, trial=7, x__rid_x=915dd16e77333a56: dummy_return_one(x)
[11:47:37.980] [INFO] [run] subject=7, session=5, speed=6, trial=1, x__rid_x=125f524bbe5a6c97: dummy_return_one(x)
[11:47:37.981] [INFO] [run] subject=7, session=5, speed=6, trial=2, x__rid_x=ae7e7502fdac472c: dummy_return_one(x)
[11:47:37.982] [INFO] [run] subject=7, session=5, speed=6, trial=3, x__rid_x=3a9b6c868f73ec9e: dummy_return_one(x)
[11:47:37.982] [INFO] [run] subject=7, session=5, speed=6, trial=4, x__rid_x=7a687d51623bfcc2: dummy_return_one(x)
[11:47:37.983] [INFO] [run] subject=7, session=5, speed=6, trial=5, x__rid_x=f59e2d17e153db1c: dummy_return_one(x)
[11:47:37.984] [INFO] [run] subject=7, session=5, speed=6, trial=6, x__rid_x=1db11e313a1013b0: dummy_return_one(x)
[11:47:37.984] [INFO] [run] subject=7, session=5, speed=6, trial=7, x__rid_x=f7882c46790935de: dummy_return_one(x)
[11:47:37.985] [INFO] [run] subject=7, session=5, speed=7, trial=1, x__rid_x=a3e5871bef3079e4: dummy_return_one(x)
[11:47:37.986] [INFO] [run] subject=7, session=5, speed=7, trial=2, x__rid_x=0581f05d9fba458e: dummy_return_one(x)
[11:47:37.986] [INFO] [run] subject=7, session=5, speed=7, trial=3, x__rid_x=8e8274e0f0d88dc9: dummy_return_one(x)
[11:47:37.987] [INFO] [run] subject=7, session=5, speed=7, trial=4, x__rid_x=5e52770391088543: dummy_return_one(x)
[11:47:37.988] [INFO] [run] subject=7, session=5, speed=7, trial=5, x__rid_x=db041041741a42de: dummy_return_one(x)
[11:47:37.988] [INFO] [run] subject=7, session=5, speed=7, trial=6, x__rid_x=7c4d05a344dbb117: dummy_return_one(x)
[11:47:37.989] [INFO] [run] subject=7, session=5, speed=7, trial=7, x__rid_x=fa5269a75572adc5: dummy_return_one(x)
[11:47:37.990] [INFO] [run] subject=7, session=5, speed=8, trial=1, x__rid_x=59a9efcc43e9c3bf: dummy_return_one(x)
[11:47:37.990] [INFO] [run] subject=7, session=5, speed=8, trial=2, x__rid_x=8f5d432888564ee2: dummy_return_one(x)
[11:47:37.991] [INFO] [run] subject=7, session=5, speed=8, trial=3, x__rid_x=5b59046fcbc2ecc6: dummy_return_one(x)
[11:47:37.992] [INFO] [run] subject=7, session=5, speed=8, trial=4, x__rid_x=ba24e616b5c1ce30: dummy_return_one(x)
[11:47:37.993] [INFO] [run] subject=7, session=5, speed=8, trial=5, x__rid_x=a3d7252659c1ab60: dummy_return_one(x)
[11:47:37.993] [INFO] [run] subject=7, session=5, speed=8, trial=6, x__rid_x=0e9d1587f764f0f0: dummy_return_one(x)
[11:47:37.994] [INFO] [run] subject=7, session=5, speed=8, trial=7, x__rid_x=9914697e14ec7a83: dummy_return_one(x)
[11:47:37.995] [INFO] [run] subject=7, session=5, speed=9, trial=1, x__rid_x=d03cbf946dd1eaa8: dummy_return_one(x)
[11:47:37.995] [INFO] [run] subject=7, session=5, speed=9, trial=2, x__rid_x=3dff4693a360041d: dummy_return_one(x)
[11:47:37.996] [INFO] [run] subject=7, session=5, speed=9, trial=3, x__rid_x=ad5f49e6e4477e05: dummy_return_one(x)
[11:47:37.996] [INFO] [run] subject=7, session=5, speed=9, trial=4, x__rid_x=43014559a5d2ba81: dummy_return_one(x)
[11:47:37.997] [INFO] [run] subject=7, session=5, speed=9, trial=5, x__rid_x=89691e2bb036ed20: dummy_return_one(x)
[11:47:37.998] [INFO] [run] subject=7, session=5, speed=9, trial=6, x__rid_x=dfc2aaad3b6bca3f: dummy_return_one(x)
[11:47:37.999] [INFO] [run] subject=7, session=5, speed=9, trial=7, x__rid_x=dc3f84a76202c42b: dummy_return_one(x)
[11:47:37.999] [INFO] [run] subject=8, session=1, speed=1, trial=1, x__rid_x=fe692a70d67b85f6: dummy_return_one(x)
[11:47:38.000] [INFO] [run] subject=8, session=1, speed=1, trial=2, x__rid_x=f9f8f23fa975bb75: dummy_return_one(x)
[11:47:38.000] [INFO] [run] subject=8, session=1, speed=1, trial=3, x__rid_x=393d91c5f6b95248: dummy_return_one(x)
[11:47:38.001] [INFO] [run] subject=8, session=1, speed=1, trial=4, x__rid_x=9f522f55ee8b7293: dummy_return_one(x)
[11:47:38.002] [INFO] [run] subject=8, session=1, speed=1, trial=5, x__rid_x=c88b72b60681c1a5: dummy_return_one(x)
[11:47:38.002] [INFO] [run] subject=8, session=1, speed=1, trial=6, x__rid_x=6a2356d9f7aaaf21: dummy_return_one(x)
[11:47:38.003] [INFO] [run] subject=8, session=1, speed=1, trial=7, x__rid_x=46a3b97bfa8af084: dummy_return_one(x)
[11:47:38.003] [INFO] [run] subject=8, session=1, speed=10, trial=1, x__rid_x=2bb65284d2e58cba: dummy_return_one(x)
[11:47:38.004] [INFO] [run] subject=8, session=1, speed=10, trial=2, x__rid_x=3ab3174c85d7e968: dummy_return_one(x)
[11:47:38.005] [INFO] [run] subject=8, session=1, speed=10, trial=3, x__rid_x=8db8217615c1fcac: dummy_return_one(x)
[11:47:38.005] [INFO] [run] subject=8, session=1, speed=10, trial=4, x__rid_x=1a9d34ae58f73a24: dummy_return_one(x)
[11:47:38.006] [INFO] [run] subject=8, session=1, speed=10, trial=5, x__rid_x=8625891c6f101151: dummy_return_one(x)
[11:47:38.007] [INFO] [run] subject=8, session=1, speed=10, trial=6, x__rid_x=6bfa8e7fed3db821: dummy_return_one(x)
[11:47:38.008] [INFO] [run] subject=8, session=1, speed=10, trial=7, x__rid_x=8a6b2afe7e2800de: dummy_return_one(x)
[11:47:38.009] [INFO] [run] subject=8, session=1, speed=2, trial=1, x__rid_x=3fc9f69e3fede50f: dummy_return_one(x)
[11:47:38.009] [INFO] [run] subject=8, session=1, speed=2, trial=2, x__rid_x=c79e9c440bfba021: dummy_return_one(x)
[11:47:38.010] [INFO] [run] subject=8, session=1, speed=2, trial=3, x__rid_x=86ff9fbf04cc3d77: dummy_return_one(x)
[11:47:38.011] [INFO] [run] subject=8, session=1, speed=2, trial=4, x__rid_x=9a922686a9a060ca: dummy_return_one(x)
[11:47:38.011] [INFO] [run] subject=8, session=1, speed=2, trial=5, x__rid_x=6ad9ee6aa0fae01e: dummy_return_one(x)
[11:47:38.012] [INFO] [run] subject=8, session=1, speed=2, trial=6, x__rid_x=0a7333d9b97bd832: dummy_return_one(x)
[11:47:38.013] [INFO] [run] subject=8, session=1, speed=2, trial=7, x__rid_x=5828ec63668c1701: dummy_return_one(x)
[11:47:38.013] [INFO] [run] subject=8, session=1, speed=3, trial=1, x__rid_x=b726b7bc3a16234d: dummy_return_one(x)
[11:47:38.014] [INFO] [run] subject=8, session=1, speed=3, trial=2, x__rid_x=409f54ed6c8d1114: dummy_return_one(x)
[11:47:38.014] [INFO] [run] subject=8, session=1, speed=3, trial=3, x__rid_x=b42c8d5f1fdbe914: dummy_return_one(x)
[11:47:38.015] [INFO] [run] subject=8, session=1, speed=3, trial=4, x__rid_x=fcc6295cfca20196: dummy_return_one(x)
[11:47:38.016] [INFO] [run] subject=8, session=1, speed=3, trial=5, x__rid_x=048f699f69b6b81a: dummy_return_one(x)
[11:47:38.017] [INFO] [run] subject=8, session=1, speed=3, trial=6, x__rid_x=385dc954a1d68d32: dummy_return_one(x)
[11:47:38.017] [INFO] [run] subject=8, session=1, speed=3, trial=7, x__rid_x=76d3ec3d3d3c608a: dummy_return_one(x)
[11:47:38.018] [INFO] [run] subject=8, session=1, speed=4, trial=1, x__rid_x=f3223e5f4a58cc15: dummy_return_one(x)
[11:47:38.019] [INFO] [run] subject=8, session=1, speed=4, trial=2, x__rid_x=7c67562f34f745fc: dummy_return_one(x)
[11:47:38.019] [INFO] [run] subject=8, session=1, speed=4, trial=3, x__rid_x=d22987591e558a73: dummy_return_one(x)
[11:47:38.020] [INFO] [run] subject=8, session=1, speed=4, trial=4, x__rid_x=47c60031b80a96c6: dummy_return_one(x)
[11:47:38.021] [INFO] [run] subject=8, session=1, speed=4, trial=5, x__rid_x=aae26a94289443d6: dummy_return_one(x)
[11:47:38.021] [INFO] [run] subject=8, session=1, speed=4, trial=6, x__rid_x=93f5c6fd856f6468: dummy_return_one(x)
[11:47:38.022] [INFO] [run] subject=8, session=1, speed=4, trial=7, x__rid_x=7973c9798075ddc2: dummy_return_one(x)
[11:47:38.023] [INFO] [run] subject=8, session=1, speed=5, trial=1, x__rid_x=592d8e5dc0a655a5: dummy_return_one(x)
[11:47:38.024] [INFO] [run] subject=8, session=1, speed=5, trial=2, x__rid_x=588d83314485f348: dummy_return_one(x)
[11:47:38.025] [INFO] [run] subject=8, session=1, speed=5, trial=3, x__rid_x=c7185d4b471fec52: dummy_return_one(x)
[11:47:38.025] [INFO] [run] subject=8, session=1, speed=5, trial=4, x__rid_x=cea800fc3bbace75: dummy_return_one(x)
[11:47:38.026] [INFO] [run] subject=8, session=1, speed=5, trial=5, x__rid_x=c5f2efaa1f9e893d: dummy_return_one(x)
[11:47:38.027] [INFO] [run] subject=8, session=1, speed=5, trial=6, x__rid_x=e2ee9d2c7cb13fba: dummy_return_one(x)
[11:47:38.027] [INFO] [run] subject=8, session=1, speed=5, trial=7, x__rid_x=f5495f1eb439791b: dummy_return_one(x)
[11:47:38.028] [INFO] [run] subject=8, session=1, speed=6, trial=1, x__rid_x=0bfeeb115d663cc3: dummy_return_one(x)
[11:47:38.029] [INFO] [run] subject=8, session=1, speed=6, trial=2, x__rid_x=69464744cf05302b: dummy_return_one(x)
[11:47:38.030] [INFO] [run] subject=8, session=1, speed=6, trial=3, x__rid_x=2a501152767973ea: dummy_return_one(x)
[11:47:38.030] [INFO] [run] subject=8, session=1, speed=6, trial=4, x__rid_x=0adc157421745e2d: dummy_return_one(x)
[11:47:38.031] [INFO] [run] subject=8, session=1, speed=6, trial=5, x__rid_x=249f84d999d0d985: dummy_return_one(x)
[11:47:38.032] [INFO] [run] subject=8, session=1, speed=6, trial=6, x__rid_x=27a1a4c3303b5ae1: dummy_return_one(x)
[11:47:38.032] [INFO] [run] subject=8, session=1, speed=6, trial=7, x__rid_x=7f56e11df2985393: dummy_return_one(x)
[11:47:38.033] [INFO] [run] subject=8, session=1, speed=7, trial=1, x__rid_x=81a35f79ae8aa342: dummy_return_one(x)
[11:47:38.034] [INFO] [run] subject=8, session=1, speed=7, trial=2, x__rid_x=72dca9cd0057a0b3: dummy_return_one(x)
[11:47:38.034] [INFO] [run] subject=8, session=1, speed=7, trial=3, x__rid_x=0f313880d01984be: dummy_return_one(x)
[11:47:38.035] [INFO] [run] subject=8, session=1, speed=7, trial=4, x__rid_x=8da8e0a13c6e2967: dummy_return_one(x)
[11:47:38.036] [INFO] [run] subject=8, session=1, speed=7, trial=5, x__rid_x=7ce4c6aad261e06c: dummy_return_one(x)
[11:47:38.036] [INFO] [run] subject=8, session=1, speed=7, trial=6, x__rid_x=f16e977cdf8732e5: dummy_return_one(x)
[11:47:38.037] [INFO] [run] subject=8, session=1, speed=7, trial=7, x__rid_x=6414d66ccca486b5: dummy_return_one(x)
[11:47:38.038] [INFO] [run] subject=8, session=1, speed=8, trial=1, x__rid_x=817181cc0ca8412f: dummy_return_one(x)
[11:47:38.038] [INFO] [run] subject=8, session=1, speed=8, trial=2, x__rid_x=9045cdd9d0d15aad: dummy_return_one(x)
[11:47:38.039] [INFO] [run] subject=8, session=1, speed=8, trial=3, x__rid_x=4e8986d11b688719: dummy_return_one(x)
[11:47:38.040] [INFO] [run] subject=8, session=1, speed=8, trial=4, x__rid_x=0c86555b74d7086f: dummy_return_one(x)
[11:47:38.040] [INFO] [run] subject=8, session=1, speed=8, trial=5, x__rid_x=d3039575ccbce0b5: dummy_return_one(x)
[11:47:38.041] [INFO] [run] subject=8, session=1, speed=8, trial=6, x__rid_x=e63e5cdff9c24fbe: dummy_return_one(x)
[11:47:38.042] [INFO] [run] subject=8, session=1, speed=8, trial=7, x__rid_x=e90edb775f9bed4e: dummy_return_one(x)
[11:47:38.043] [INFO] [run] subject=8, session=1, speed=9, trial=1, x__rid_x=75484667c9ba9084: dummy_return_one(x)
[11:47:38.043] [INFO] [run] subject=8, session=1, speed=9, trial=2, x__rid_x=8cb1bee8952eca6a: dummy_return_one(x)
[11:47:38.044] [INFO] [run] subject=8, session=1, speed=9, trial=3, x__rid_x=123b6f8e200e2b7c: dummy_return_one(x)
[11:47:38.045] [INFO] [run] subject=8, session=1, speed=9, trial=4, x__rid_x=319375fb331289ea: dummy_return_one(x)
[11:47:38.045] [INFO] [run] subject=8, session=1, speed=9, trial=5, x__rid_x=47b06e24918f87ef: dummy_return_one(x)
[11:47:38.046] [INFO] [run] subject=8, session=1, speed=9, trial=6, x__rid_x=148b4886c8b471b3: dummy_return_one(x)
[11:47:38.047] [INFO] [run] subject=8, session=1, speed=9, trial=7, x__rid_x=2923e9357b633db7: dummy_return_one(x)
[11:47:38.047] [INFO] [run] subject=8, session=2, speed=1, trial=1, x__rid_x=829b041616301f30: dummy_return_one(x)
[11:47:38.048] [INFO] [run] subject=8, session=2, speed=1, trial=2, x__rid_x=39fd1a21b800c536: dummy_return_one(x)
[11:47:38.049] [INFO] [run] subject=8, session=2, speed=1, trial=3, x__rid_x=c6057c31f94edc84: dummy_return_one(x)
[11:47:38.049] [INFO] [run] subject=8, session=2, speed=1, trial=4, x__rid_x=daad3e0d64c45cd0: dummy_return_one(x)
[11:47:38.050] [INFO] [run] subject=8, session=2, speed=1, trial=5, x__rid_x=12a9985d6004b9a2: dummy_return_one(x)
[11:47:38.050] [INFO] [run] subject=8, session=2, speed=1, trial=6, x__rid_x=6cedbd24afab670e: dummy_return_one(x)
[11:47:38.051] [INFO] [run] subject=8, session=2, speed=1, trial=7, x__rid_x=01b329163c47b6a7: dummy_return_one(x)
[11:47:38.052] [INFO] [run] subject=8, session=2, speed=10, trial=1, x__rid_x=178e5e70825532da: dummy_return_one(x)
[11:47:38.052] [INFO] [run] subject=8, session=2, speed=10, trial=2, x__rid_x=8e1267a43be3ce65: dummy_return_one(x)
[11:47:38.053] [INFO] [run] subject=8, session=2, speed=10, trial=3, x__rid_x=d06312724e3890f1: dummy_return_one(x)
[11:47:38.054] [INFO] [run] subject=8, session=2, speed=10, trial=4, x__rid_x=3a7fd88e8de18203: dummy_return_one(x)
[11:47:38.055] [INFO] [run] subject=8, session=2, speed=10, trial=5, x__rid_x=a48ee91cff46a7a5: dummy_return_one(x)
[11:47:38.055] [INFO] [run] subject=8, session=2, speed=10, trial=6, x__rid_x=b795dc74eab411b0: dummy_return_one(x)
[11:47:38.056] [INFO] [run] subject=8, session=2, speed=10, trial=7, x__rid_x=ca153533dd72aecb: dummy_return_one(x)
[11:47:38.057] [INFO] [run] subject=8, session=2, speed=2, trial=1, x__rid_x=9aaeed49da8d2253: dummy_return_one(x)
[11:47:38.057] [INFO] [run] subject=8, session=2, speed=2, trial=2, x__rid_x=740aa7e6a0a2a47e: dummy_return_one(x)
[11:47:38.058] [INFO] [run] subject=8, session=2, speed=2, trial=3, x__rid_x=1ac7019018579048: dummy_return_one(x)
[11:47:38.059] [INFO] [run] subject=8, session=2, speed=2, trial=4, x__rid_x=7f567741a5fcbf53: dummy_return_one(x)
[11:47:38.060] [INFO] [run] subject=8, session=2, speed=2, trial=5, x__rid_x=d4da324d3a783264: dummy_return_one(x)
[11:47:38.060] [INFO] [run] subject=8, session=2, speed=2, trial=6, x__rid_x=745c40280c5f59e4: dummy_return_one(x)
[11:47:38.061] [INFO] [run] subject=8, session=2, speed=2, trial=7, x__rid_x=6b7b3d145fe8fa34: dummy_return_one(x)
[11:47:38.062] [INFO] [run] subject=8, session=2, speed=3, trial=1, x__rid_x=359def4f0b57b789: dummy_return_one(x)
[11:47:38.062] [INFO] [run] subject=8, session=2, speed=3, trial=2, x__rid_x=6a331dd6339e79e1: dummy_return_one(x)
[11:47:38.063] [INFO] [run] subject=8, session=2, speed=3, trial=3, x__rid_x=5024953175eaf8d0: dummy_return_one(x)
[11:47:38.064] [INFO] [run] subject=8, session=2, speed=3, trial=4, x__rid_x=6a72edc5a946b4fa: dummy_return_one(x)
[11:47:38.064] [INFO] [run] subject=8, session=2, speed=3, trial=5, x__rid_x=e3cf2daec8c51c6d: dummy_return_one(x)
[11:47:38.065] [INFO] [run] subject=8, session=2, speed=3, trial=6, x__rid_x=fb670d594588ce17: dummy_return_one(x)
[11:47:38.066] [INFO] [run] subject=8, session=2, speed=3, trial=7, x__rid_x=8a9ee2e2c4b4f7a0: dummy_return_one(x)
[11:47:38.066] [INFO] [run] subject=8, session=2, speed=4, trial=1, x__rid_x=aa53839726df6d32: dummy_return_one(x)
[11:47:38.067] [INFO] [run] subject=8, session=2, speed=4, trial=2, x__rid_x=31222553fee14898: dummy_return_one(x)
[11:47:38.067] [INFO] [run] subject=8, session=2, speed=4, trial=3, x__rid_x=a77540a2fc0fd5da: dummy_return_one(x)
[11:47:38.068] [INFO] [run] subject=8, session=2, speed=4, trial=4, x__rid_x=d3c1c2e3c90f1bbe: dummy_return_one(x)
[11:47:38.069] [INFO] [run] subject=8, session=2, speed=4, trial=5, x__rid_x=84435829ed73bec1: dummy_return_one(x)
[11:47:38.069] [INFO] [run] subject=8, session=2, speed=4, trial=6, x__rid_x=6b3a5a30a4d7639d: dummy_return_one(x)
[11:47:38.070] [INFO] [run] subject=8, session=2, speed=4, trial=7, x__rid_x=d5626cf9a1dec808: dummy_return_one(x)
[11:47:38.071] [INFO] [run] subject=8, session=2, speed=5, trial=1, x__rid_x=3609300df146bf7d: dummy_return_one(x)
[11:47:38.072] [INFO] [run] subject=8, session=2, speed=5, trial=2, x__rid_x=2794e08e381a70a1: dummy_return_one(x)
[11:47:38.072] [INFO] [run] subject=8, session=2, speed=5, trial=3, x__rid_x=ff8486b1d3da34b9: dummy_return_one(x)
[11:47:38.073] [INFO] [run] subject=8, session=2, speed=5, trial=4, x__rid_x=2a679a4f8d250f96: dummy_return_one(x)
[11:47:38.074] [INFO] [run] subject=8, session=2, speed=5, trial=5, x__rid_x=5a2e1cc55b3910e7: dummy_return_one(x)
[11:47:38.075] [INFO] [run] subject=8, session=2, speed=5, trial=6, x__rid_x=27762a3c70ab82c6: dummy_return_one(x)
[11:47:38.075] [INFO] [run] subject=8, session=2, speed=5, trial=7, x__rid_x=5127a557f1b2dc2b: dummy_return_one(x)
[11:47:38.076] [INFO] [run] subject=8, session=2, speed=6, trial=1, x__rid_x=9d5c2b34ee2d6f09: dummy_return_one(x)
[11:47:38.077] [INFO] [run] subject=8, session=2, speed=6, trial=2, x__rid_x=54e9d5973cebd718: dummy_return_one(x)
[11:47:38.077] [INFO] [run] subject=8, session=2, speed=6, trial=3, x__rid_x=91aa8444ccb757b2: dummy_return_one(x)
[11:47:38.078] [INFO] [run] subject=8, session=2, speed=6, trial=4, x__rid_x=d75b84d30705f86c: dummy_return_one(x)
[11:47:38.079] [INFO] [run] subject=8, session=2, speed=6, trial=5, x__rid_x=740667f97c7af5e8: dummy_return_one(x)
[11:47:38.080] [INFO] [run] subject=8, session=2, speed=6, trial=6, x__rid_x=4cdad7bffeb275fb: dummy_return_one(x)
[11:47:38.080] [INFO] [run] subject=8, session=2, speed=6, trial=7, x__rid_x=d5e647b47ec84ba8: dummy_return_one(x)
[11:47:38.081] [INFO] [run] subject=8, session=2, speed=7, trial=1, x__rid_x=a73ce500d192f517: dummy_return_one(x)
[11:47:38.082] [INFO] [run] subject=8, session=2, speed=7, trial=2, x__rid_x=71d75b506926ec74: dummy_return_one(x)
[11:47:38.082] [INFO] [run] subject=8, session=2, speed=7, trial=3, x__rid_x=804ed0dc629c3d3f: dummy_return_one(x)
[11:47:38.083] [INFO] [run] subject=8, session=2, speed=7, trial=4, x__rid_x=9d717eaab74b13fa: dummy_return_one(x)
[11:47:38.084] [INFO] [run] subject=8, session=2, speed=7, trial=5, x__rid_x=89d654105c7fb2d2: dummy_return_one(x)
[11:47:38.084] [INFO] [run] subject=8, session=2, speed=7, trial=6, x__rid_x=a50969fcab1496fc: dummy_return_one(x)
[11:47:38.085] [INFO] [run] subject=8, session=2, speed=7, trial=7, x__rid_x=f84ee1754dea7852: dummy_return_one(x)
[11:47:38.085] [INFO] [run] subject=8, session=2, speed=8, trial=1, x__rid_x=3984f23b52f79e5b: dummy_return_one(x)
[11:47:38.086] [INFO] [run] subject=8, session=2, speed=8, trial=2, x__rid_x=ea74f3e4ce5d4e31: dummy_return_one(x)
[11:47:38.087] [INFO] [run] subject=8, session=2, speed=8, trial=3, x__rid_x=fe1be0363a1a2264: dummy_return_one(x)
[11:47:38.087] [INFO] [run] subject=8, session=2, speed=8, trial=4, x__rid_x=7897570f0c3fda5e: dummy_return_one(x)
[11:47:38.088] [INFO] [run] subject=8, session=2, speed=8, trial=5, x__rid_x=bf85712b21df7740: dummy_return_one(x)
[11:47:38.089] [INFO] [run] subject=8, session=2, speed=8, trial=6, x__rid_x=bd05afd3b4ea9e37: dummy_return_one(x)
[11:47:38.089] [INFO] [run] subject=8, session=2, speed=8, trial=7, x__rid_x=c8d6d39062f126b2: dummy_return_one(x)
[11:47:38.090] [INFO] [run] subject=8, session=2, speed=9, trial=1, x__rid_x=0d288fe81ed6e758: dummy_return_one(x)
[11:47:38.091] [INFO] [run] subject=8, session=2, speed=9, trial=2, x__rid_x=910e872b62eb42fb: dummy_return_one(x)
[11:47:38.092] [INFO] [run] subject=8, session=2, speed=9, trial=3, x__rid_x=b7f1a1493a940c8c: dummy_return_one(x)
[11:47:38.092] [INFO] [run] subject=8, session=2, speed=9, trial=4, x__rid_x=0fc98b8aa4ad90e5: dummy_return_one(x)
[11:47:38.093] [INFO] [run] subject=8, session=2, speed=9, trial=5, x__rid_x=26ea380f62508c00: dummy_return_one(x)
[11:47:38.094] [INFO] [run] subject=8, session=2, speed=9, trial=6, x__rid_x=cf522e5f009d86df: dummy_return_one(x)
[11:47:38.095] [INFO] [run] subject=8, session=2, speed=9, trial=7, x__rid_x=ed61972285156116: dummy_return_one(x)
[11:47:38.095] [INFO] [run] subject=8, session=3, speed=1, trial=1, x__rid_x=a2dafcf708b1f4e0: dummy_return_one(x)
[11:47:38.096] [INFO] [run] subject=8, session=3, speed=1, trial=2, x__rid_x=a2f5bd5993febee9: dummy_return_one(x)
[11:47:38.097] [INFO] [run] subject=8, session=3, speed=1, trial=3, x__rid_x=1310250fc6e3ba65: dummy_return_one(x)
[11:47:38.097] [INFO] [run] subject=8, session=3, speed=1, trial=4, x__rid_x=06e14e730e85ebc3: dummy_return_one(x)
[11:47:38.098] [INFO] [run] subject=8, session=3, speed=1, trial=5, x__rid_x=9f3fa27cadece338: dummy_return_one(x)
[11:47:38.099] [INFO] [run] subject=8, session=3, speed=1, trial=6, x__rid_x=5f9177d50571d044: dummy_return_one(x)
[11:47:38.099] [INFO] [run] subject=8, session=3, speed=1, trial=7, x__rid_x=bb28a9a5a9fb867d: dummy_return_one(x)
[11:47:38.100] [INFO] [run] subject=8, session=3, speed=10, trial=1, x__rid_x=1aa9f0eef8372c0a: dummy_return_one(x)
[11:47:38.101] [INFO] [run] subject=8, session=3, speed=10, trial=2, x__rid_x=aae655f8cdd75535: dummy_return_one(x)
[11:47:38.102] [INFO] [run] subject=8, session=3, speed=10, trial=3, x__rid_x=42178ddc39612f41: dummy_return_one(x)
[11:47:38.102] [INFO] [run] subject=8, session=3, speed=10, trial=4, x__rid_x=7a0d78890277e30b: dummy_return_one(x)
[11:47:38.103] [INFO] [run] subject=8, session=3, speed=10, trial=5, x__rid_x=5ebfe5c79f8474af: dummy_return_one(x)
[11:47:38.103] [INFO] [run] subject=8, session=3, speed=10, trial=6, x__rid_x=d39744285630f6aa: dummy_return_one(x)
[11:47:38.104] [INFO] [run] subject=8, session=3, speed=10, trial=7, x__rid_x=79bd418df76c70bd: dummy_return_one(x)
[11:47:38.105] [INFO] [run] subject=8, session=3, speed=2, trial=1, x__rid_x=60d9d055a7097786: dummy_return_one(x)
[11:47:38.106] [INFO] [run] subject=8, session=3, speed=2, trial=2, x__rid_x=0edbdd9bcf449fb0: dummy_return_one(x)
[11:47:38.106] [INFO] [run] subject=8, session=3, speed=2, trial=3, x__rid_x=598e79a23212e00c: dummy_return_one(x)
[11:47:38.107] [INFO] [run] subject=8, session=3, speed=2, trial=4, x__rid_x=198734c37a7bb0bd: dummy_return_one(x)
[11:47:38.108] [INFO] [run] subject=8, session=3, speed=2, trial=5, x__rid_x=f502a0b17d725f8a: dummy_return_one(x)
[11:47:38.109] [INFO] [run] subject=8, session=3, speed=2, trial=6, x__rid_x=17fb021e947f0390: dummy_return_one(x)
[11:47:38.109] [INFO] [run] subject=8, session=3, speed=2, trial=7, x__rid_x=626cb65292fd6296: dummy_return_one(x)
[11:47:38.110] [INFO] [run] subject=8, session=3, speed=3, trial=1, x__rid_x=aabee74e768ac4fb: dummy_return_one(x)
[11:47:38.111] [INFO] [run] subject=8, session=3, speed=3, trial=2, x__rid_x=a681408e19abf9a4: dummy_return_one(x)
[11:47:38.112] [INFO] [run] subject=8, session=3, speed=3, trial=3, x__rid_x=8ee3b95a4dc82265: dummy_return_one(x)
[11:47:38.112] [INFO] [run] subject=8, session=3, speed=3, trial=4, x__rid_x=55d55002588fb5f2: dummy_return_one(x)
[11:47:38.113] [INFO] [run] subject=8, session=3, speed=3, trial=5, x__rid_x=66fc9a7bf87d25f7: dummy_return_one(x)
[11:47:38.114] [INFO] [run] subject=8, session=3, speed=3, trial=6, x__rid_x=65ee908f32e4fb31: dummy_return_one(x)
[11:47:38.114] [INFO] [run] subject=8, session=3, speed=3, trial=7, x__rid_x=ad5019b42adb829f: dummy_return_one(x)
[11:47:38.115] [INFO] [run] subject=8, session=3, speed=4, trial=1, x__rid_x=04dff5591ea39609: dummy_return_one(x)
[11:47:38.116] [INFO] [run] subject=8, session=3, speed=4, trial=2, x__rid_x=81ce486e368df9f1: dummy_return_one(x)
[11:47:38.117] [INFO] [run] subject=8, session=3, speed=4, trial=3, x__rid_x=52726929c9ad2ba5: dummy_return_one(x)
[11:47:38.118] [INFO] [run] subject=8, session=3, speed=4, trial=4, x__rid_x=62954f4bd372e1dd: dummy_return_one(x)
[11:47:38.118] [INFO] [run] subject=8, session=3, speed=4, trial=5, x__rid_x=c51088a8273f44f6: dummy_return_one(x)
[11:47:38.119] [INFO] [run] subject=8, session=3, speed=4, trial=6, x__rid_x=8ef3411cce725b3e: dummy_return_one(x)
[11:47:38.120] [INFO] [run] subject=8, session=3, speed=4, trial=7, x__rid_x=ebba55bcf0b29a35: dummy_return_one(x)
[11:47:38.121] [INFO] [run] subject=8, session=3, speed=5, trial=1, x__rid_x=c110ba1be8ed110f: dummy_return_one(x)
[11:47:38.122] [INFO] [run] subject=8, session=3, speed=5, trial=2, x__rid_x=8a7e931cd8c0a4f2: dummy_return_one(x)
[11:47:38.122] [INFO] [run] subject=8, session=3, speed=5, trial=3, x__rid_x=1a48b25f110ac0ab: dummy_return_one(x)
[11:47:38.123] [INFO] [run] subject=8, session=3, speed=5, trial=4, x__rid_x=059297036f723a4b: dummy_return_one(x)
[11:47:38.124] [INFO] [run] subject=8, session=3, speed=5, trial=5, x__rid_x=4a3e61810346ffc2: dummy_return_one(x)
[11:47:38.125] [INFO] [run] subject=8, session=3, speed=5, trial=6, x__rid_x=69f3dac72cbacfe6: dummy_return_one(x)
[11:47:38.125] [INFO] [run] subject=8, session=3, speed=5, trial=7, x__rid_x=1d335c9c05d94a25: dummy_return_one(x)
[11:47:38.126] [INFO] [run] subject=8, session=3, speed=6, trial=1, x__rid_x=b1982d4afffb577c: dummy_return_one(x)
[11:47:38.127] [INFO] [run] subject=8, session=3, speed=6, trial=2, x__rid_x=fb44662fa3f8b731: dummy_return_one(x)
[11:47:38.127] [INFO] [run] subject=8, session=3, speed=6, trial=3, x__rid_x=49559fd544dd9eca: dummy_return_one(x)
[11:47:38.128] [INFO] [run] subject=8, session=3, speed=6, trial=4, x__rid_x=f69570cc0b32d25b: dummy_return_one(x)
[11:47:38.129] [INFO] [run] subject=8, session=3, speed=6, trial=5, x__rid_x=151bb0ae8ada30a1: dummy_return_one(x)
[11:47:38.129] [INFO] [run] subject=8, session=3, speed=6, trial=6, x__rid_x=c84a263d62e4b79f: dummy_return_one(x)
[11:47:38.130] [INFO] [run] subject=8, session=3, speed=6, trial=7, x__rid_x=364115170dcee0b3: dummy_return_one(x)
[11:47:38.131] [INFO] [run] subject=8, session=3, speed=7, trial=1, x__rid_x=3eff6aa8c2b38d76: dummy_return_one(x)
[11:47:38.131] [INFO] [run] subject=8, session=3, speed=7, trial=2, x__rid_x=5b677fd93a9a458a: dummy_return_one(x)
[11:47:38.132] [INFO] [run] subject=8, session=3, speed=7, trial=3, x__rid_x=1c3753685bc5a291: dummy_return_one(x)
[11:47:38.132] [INFO] [run] subject=8, session=3, speed=7, trial=4, x__rid_x=710fbd4b7fe6f15e: dummy_return_one(x)
[11:47:38.133] [INFO] [run] subject=8, session=3, speed=7, trial=5, x__rid_x=5190028cac7ac0a1: dummy_return_one(x)
[11:47:38.134] [INFO] [run] subject=8, session=3, speed=7, trial=6, x__rid_x=949ab48b4140dc5e: dummy_return_one(x)
[11:47:38.134] [INFO] [run] subject=8, session=3, speed=7, trial=7, x__rid_x=9d14dd343343e1dd: dummy_return_one(x)
[11:47:38.135] [INFO] [run] subject=8, session=3, speed=8, trial=1, x__rid_x=8a4d8c8d1779f968: dummy_return_one(x)
[11:47:38.136] [INFO] [run] subject=8, session=3, speed=8, trial=2, x__rid_x=60bddd3707c39920: dummy_return_one(x)
[11:47:38.137] [INFO] [run] subject=8, session=3, speed=8, trial=3, x__rid_x=c1313bca1765ec67: dummy_return_one(x)
[11:47:38.137] [INFO] [run] subject=8, session=3, speed=8, trial=4, x__rid_x=f88f8956b9c87977: dummy_return_one(x)
[11:47:38.138] [INFO] [run] subject=8, session=3, speed=8, trial=5, x__rid_x=34faf0bed2f7dfe4: dummy_return_one(x)
[11:47:38.139] [INFO] [run] subject=8, session=3, speed=8, trial=6, x__rid_x=b32f84af5ea6e19a: dummy_return_one(x)
[11:47:38.139] [INFO] [run] subject=8, session=3, speed=8, trial=7, x__rid_x=3478002b3c60ec50: dummy_return_one(x)
[11:47:38.140] [INFO] [run] subject=8, session=3, speed=9, trial=1, x__rid_x=60a40060447c5d5b: dummy_return_one(x)
[11:47:38.141] [INFO] [run] subject=8, session=3, speed=9, trial=2, x__rid_x=91504a0b857e5322: dummy_return_one(x)
[11:47:38.142] [INFO] [run] subject=8, session=3, speed=9, trial=3, x__rid_x=94883e30bdcc3f7d: dummy_return_one(x)
[11:47:38.142] [INFO] [run] subject=8, session=3, speed=9, trial=4, x__rid_x=9cada9a2d068fff4: dummy_return_one(x)
[11:47:38.143] [INFO] [run] subject=8, session=3, speed=9, trial=5, x__rid_x=c231fcaeeb52da16: dummy_return_one(x)
[11:47:38.144] [INFO] [run] subject=8, session=3, speed=9, trial=6, x__rid_x=9ae17b60370cab9d: dummy_return_one(x)
[11:47:38.145] [INFO] [run] subject=8, session=3, speed=9, trial=7, x__rid_x=6675299050afa8f3: dummy_return_one(x)
[11:47:38.145] [INFO] [run] subject=8, session=4, speed=1, trial=1, x__rid_x=69cf62d5d16aa4f2: dummy_return_one(x)
[11:47:38.146] [INFO] [run] subject=8, session=4, speed=1, trial=2, x__rid_x=4ce4ea8eb17487e9: dummy_return_one(x)
[11:47:38.146] [INFO] [run] subject=8, session=4, speed=1, trial=3, x__rid_x=6225ff342d936b0d: dummy_return_one(x)
[11:47:38.147] [INFO] [run] subject=8, session=4, speed=1, trial=4, x__rid_x=5b3556bf2acab666: dummy_return_one(x)
[11:47:38.148] [INFO] [run] subject=8, session=4, speed=1, trial=5, x__rid_x=d08b080704919ae3: dummy_return_one(x)
[11:47:38.148] [INFO] [run] subject=8, session=4, speed=1, trial=6, x__rid_x=30ff0b75fdd3cf4c: dummy_return_one(x)
[11:47:38.149] [INFO] [run] subject=8, session=4, speed=1, trial=7, x__rid_x=2d84fea29a305617: dummy_return_one(x)
[11:47:38.150] [INFO] [run] subject=8, session=4, speed=10, trial=1, x__rid_x=86d9b4c86d412a7e: dummy_return_one(x)
[11:47:38.150] [INFO] [run] subject=8, session=4, speed=10, trial=2, x__rid_x=affba5e600992e89: dummy_return_one(x)
[11:47:38.151] [INFO] [run] subject=8, session=4, speed=10, trial=3, x__rid_x=e6b76c0e0990a21e: dummy_return_one(x)
[11:47:38.152] [INFO] [run] subject=8, session=4, speed=10, trial=4, x__rid_x=cf7a2b12af984def: dummy_return_one(x)
[11:47:38.152] [INFO] [run] subject=8, session=4, speed=10, trial=5, x__rid_x=ad2fe2f84c68dc11: dummy_return_one(x)
[11:47:38.153] [INFO] [run] subject=8, session=4, speed=10, trial=6, x__rid_x=3189173ce1648f7b: dummy_return_one(x)
[11:47:38.154] [INFO] [run] subject=8, session=4, speed=10, trial=7, x__rid_x=a466bc5e293be273: dummy_return_one(x)
[11:47:38.154] [INFO] [run] subject=8, session=4, speed=2, trial=1, x__rid_x=0a507b0ef95af585: dummy_return_one(x)
[11:47:38.155] [INFO] [run] subject=8, session=4, speed=2, trial=2, x__rid_x=cbe973d0003b67ad: dummy_return_one(x)
[11:47:38.156] [INFO] [run] subject=8, session=4, speed=2, trial=3, x__rid_x=0c04e8c275af0efc: dummy_return_one(x)
[11:47:38.157] [INFO] [run] subject=8, session=4, speed=2, trial=4, x__rid_x=db89bfd6db401e96: dummy_return_one(x)
[11:47:38.157] [INFO] [run] subject=8, session=4, speed=2, trial=5, x__rid_x=8eb0f51e45259f3a: dummy_return_one(x)
[11:47:38.158] [INFO] [run] subject=8, session=4, speed=2, trial=6, x__rid_x=5c4e72f515c7133b: dummy_return_one(x)
[11:47:38.159] [INFO] [run] subject=8, session=4, speed=2, trial=7, x__rid_x=1cf303f6954af30a: dummy_return_one(x)
[11:47:38.159] [INFO] [run] subject=8, session=4, speed=3, trial=1, x__rid_x=57a008763aa9f39b: dummy_return_one(x)
[11:47:38.160] [INFO] [run] subject=8, session=4, speed=3, trial=2, x__rid_x=cc18108f61b2f697: dummy_return_one(x)
[11:47:38.161] [INFO] [run] subject=8, session=4, speed=3, trial=3, x__rid_x=94749de36686390f: dummy_return_one(x)
[11:47:38.161] [INFO] [run] subject=8, session=4, speed=3, trial=4, x__rid_x=9da788157106c5ac: dummy_return_one(x)
[11:47:38.162] [INFO] [run] subject=8, session=4, speed=3, trial=5, x__rid_x=ea99c96b9581d867: dummy_return_one(x)
[11:47:38.163] [INFO] [run] subject=8, session=4, speed=3, trial=6, x__rid_x=e80cd5cc280ac1fe: dummy_return_one(x)
[11:47:38.164] [INFO] [run] subject=8, session=4, speed=3, trial=7, x__rid_x=b6a891b21c354e08: dummy_return_one(x)
[11:47:38.164] [INFO] [run] subject=8, session=4, speed=4, trial=1, x__rid_x=a1eb66b037ce92b4: dummy_return_one(x)
[11:47:38.165] [INFO] [run] subject=8, session=4, speed=4, trial=2, x__rid_x=ea5eb2d73b80c3ad: dummy_return_one(x)
[11:47:38.165] [INFO] [run] subject=8, session=4, speed=4, trial=3, x__rid_x=da6d408848e13d7d: dummy_return_one(x)
[11:47:38.166] [INFO] [run] subject=8, session=4, speed=4, trial=4, x__rid_x=5fa8f6aee3651923: dummy_return_one(x)
[11:47:38.167] [INFO] [run] subject=8, session=4, speed=4, trial=5, x__rid_x=cc422a79f0003279: dummy_return_one(x)
[11:47:38.167] [INFO] [run] subject=8, session=4, speed=4, trial=6, x__rid_x=bf4d942c4c1724af: dummy_return_one(x)
[11:47:38.168] [INFO] [run] subject=8, session=4, speed=4, trial=7, x__rid_x=35c1c798b91c28ab: dummy_return_one(x)
[11:47:38.169] [INFO] [run] subject=8, session=4, speed=5, trial=1, x__rid_x=d1905bca9c31d18b: dummy_return_one(x)
[11:47:38.170] [INFO] [run] subject=8, session=4, speed=5, trial=2, x__rid_x=8fb816b2358ed632: dummy_return_one(x)
[11:47:38.170] [INFO] [run] subject=8, session=4, speed=5, trial=3, x__rid_x=ef98e5bc88c1ece3: dummy_return_one(x)
[11:47:38.171] [INFO] [run] subject=8, session=4, speed=5, trial=4, x__rid_x=2e126d4f0ed90832: dummy_return_one(x)
[11:47:38.172] [INFO] [run] subject=8, session=4, speed=5, trial=5, x__rid_x=11fd356413043138: dummy_return_one(x)
[11:47:38.172] [INFO] [run] subject=8, session=4, speed=5, trial=6, x__rid_x=30607b55e054c2eb: dummy_return_one(x)
[11:47:38.173] [INFO] [run] subject=8, session=4, speed=5, trial=7, x__rid_x=466a677bf17f718c: dummy_return_one(x)
[11:47:38.174] [INFO] [run] subject=8, session=4, speed=6, trial=1, x__rid_x=c3fc3eb0018bd9be: dummy_return_one(x)
[11:47:38.175] [INFO] [run] subject=8, session=4, speed=6, trial=2, x__rid_x=436abbb4b6df164f: dummy_return_one(x)
[11:47:38.176] [INFO] [run] subject=8, session=4, speed=6, trial=3, x__rid_x=fff0f22b4732dd25: dummy_return_one(x)
[11:47:38.176] [INFO] [run] subject=8, session=4, speed=6, trial=4, x__rid_x=ffb861bab84fc0c9: dummy_return_one(x)
[11:47:38.177] [INFO] [run] subject=8, session=4, speed=6, trial=5, x__rid_x=d5aa81c7a9c7b93d: dummy_return_one(x)
[11:47:38.177] [INFO] [run] subject=8, session=4, speed=6, trial=6, x__rid_x=4b270d4d1e2c9e92: dummy_return_one(x)
[11:47:38.178] [INFO] [run] subject=8, session=4, speed=6, trial=7, x__rid_x=b20412419a069d07: dummy_return_one(x)
[11:47:38.179] [INFO] [run] subject=8, session=4, speed=7, trial=1, x__rid_x=d4990f09d8f704f7: dummy_return_one(x)
[11:47:38.180] [INFO] [run] subject=8, session=4, speed=7, trial=2, x__rid_x=deb25e1cec517f76: dummy_return_one(x)
[11:47:38.180] [INFO] [run] subject=8, session=4, speed=7, trial=3, x__rid_x=e91e05a8e3c56487: dummy_return_one(x)
[11:47:38.181] [INFO] [run] subject=8, session=4, speed=7, trial=4, x__rid_x=787336d0689b5fd7: dummy_return_one(x)
[11:47:38.181] [INFO] [run] subject=8, session=4, speed=7, trial=5, x__rid_x=43b58d9b81ea6d74: dummy_return_one(x)
[11:47:38.182] [INFO] [run] subject=8, session=4, speed=7, trial=6, x__rid_x=0bf09af087a1c49a: dummy_return_one(x)
[11:47:38.183] [INFO] [run] subject=8, session=4, speed=7, trial=7, x__rid_x=ac711fb5eb063815: dummy_return_one(x)
[11:47:38.184] [INFO] [run] subject=8, session=4, speed=8, trial=1, x__rid_x=97972b82327f6d1b: dummy_return_one(x)
[11:47:38.184] [INFO] [run] subject=8, session=4, speed=8, trial=2, x__rid_x=1b09ab8b644a3c8b: dummy_return_one(x)
[11:47:38.185] [INFO] [run] subject=8, session=4, speed=8, trial=3, x__rid_x=ebc9fe753d0cd227: dummy_return_one(x)
[11:47:38.186] [INFO] [run] subject=8, session=4, speed=8, trial=4, x__rid_x=eaa34e8870ae18ff: dummy_return_one(x)
[11:47:38.187] [INFO] [run] subject=8, session=4, speed=8, trial=5, x__rid_x=bb9d539acfa6f0f8: dummy_return_one(x)
[11:47:38.187] [INFO] [run] subject=8, session=4, speed=8, trial=6, x__rid_x=718fdffcae96db82: dummy_return_one(x)
[11:47:38.188] [INFO] [run] subject=8, session=4, speed=8, trial=7, x__rid_x=79821669f352063e: dummy_return_one(x)
[11:47:38.189] [INFO] [run] subject=8, session=4, speed=9, trial=1, x__rid_x=5327ced51dd7edae: dummy_return_one(x)
[11:47:38.189] [INFO] [run] subject=8, session=4, speed=9, trial=2, x__rid_x=e88c0d20b7a05ab8: dummy_return_one(x)
[11:47:38.190] [INFO] [run] subject=8, session=4, speed=9, trial=3, x__rid_x=ac1ab3547d51095d: dummy_return_one(x)
[11:47:38.191] [INFO] [run] subject=8, session=4, speed=9, trial=4, x__rid_x=261f21bcf48b49d0: dummy_return_one(x)
[11:47:38.192] [INFO] [run] subject=8, session=4, speed=9, trial=5, x__rid_x=afa93fe14e710929: dummy_return_one(x)
[11:47:38.192] [INFO] [run] subject=8, session=4, speed=9, trial=6, x__rid_x=89aa7966a3e8435f: dummy_return_one(x)
[11:47:38.193] [INFO] [run] subject=8, session=4, speed=9, trial=7, x__rid_x=09ef47cdfd9e0648: dummy_return_one(x)
[11:47:38.194] [INFO] [run] subject=8, session=5, speed=1, trial=1, x__rid_x=6cefb14b534f90dc: dummy_return_one(x)
[11:47:38.194] [INFO] [run] subject=8, session=5, speed=1, trial=2, x__rid_x=44a5a79671c814e0: dummy_return_one(x)
[11:47:38.195] [INFO] [run] subject=8, session=5, speed=1, trial=3, x__rid_x=31a1ac2d2757b41f: dummy_return_one(x)
[11:47:38.196] [INFO] [run] subject=8, session=5, speed=1, trial=4, x__rid_x=906006418dd0349f: dummy_return_one(x)
[11:47:38.196] [INFO] [run] subject=8, session=5, speed=1, trial=5, x__rid_x=9e799d6076484362: dummy_return_one(x)
[11:47:38.197] [INFO] [run] subject=8, session=5, speed=1, trial=6, x__rid_x=31af69bd29ee798e: dummy_return_one(x)
[11:47:38.198] [INFO] [run] subject=8, session=5, speed=1, trial=7, x__rid_x=c20cea32a635c95b: dummy_return_one(x)
[11:47:38.198] [INFO] [run] subject=8, session=5, speed=10, trial=1, x__rid_x=5fa75327441f5860: dummy_return_one(x)
[11:47:38.199] [INFO] [run] subject=8, session=5, speed=10, trial=2, x__rid_x=e9c44725dcb9bf41: dummy_return_one(x)
[11:47:38.200] [INFO] [run] subject=8, session=5, speed=10, trial=3, x__rid_x=556d37874c223abc: dummy_return_one(x)
[11:47:38.200] [INFO] [run] subject=8, session=5, speed=10, trial=4, x__rid_x=ee92e1f70389d155: dummy_return_one(x)
[11:47:38.201] [INFO] [run] subject=8, session=5, speed=10, trial=5, x__rid_x=96d2f88aba74f98f: dummy_return_one(x)
[11:47:38.202] [INFO] [run] subject=8, session=5, speed=10, trial=6, x__rid_x=5eed3c2de1434d8c: dummy_return_one(x)
[11:47:38.202] [INFO] [run] subject=8, session=5, speed=10, trial=7, x__rid_x=72e209fbb844bb5c: dummy_return_one(x)
[11:47:38.203] [INFO] [run] subject=8, session=5, speed=2, trial=1, x__rid_x=d0556e3064d7f8d3: dummy_return_one(x)
[11:47:38.204] [INFO] [run] subject=8, session=5, speed=2, trial=2, x__rid_x=a0ae58ecef2b28ac: dummy_return_one(x)
[11:47:38.204] [INFO] [run] subject=8, session=5, speed=2, trial=3, x__rid_x=f07d0b450a9485b5: dummy_return_one(x)
[11:47:38.205] [INFO] [run] subject=8, session=5, speed=2, trial=4, x__rid_x=3ecf45155a755d2a: dummy_return_one(x)
[11:47:38.205] [INFO] [run] subject=8, session=5, speed=2, trial=5, x__rid_x=16f6defa37e8aa0d: dummy_return_one(x)
[11:47:38.206] [INFO] [run] subject=8, session=5, speed=2, trial=6, x__rid_x=7f268dd16c1b30a9: dummy_return_one(x)
[11:47:38.207] [INFO] [run] subject=8, session=5, speed=2, trial=7, x__rid_x=0e9bba8ddf12a5aa: dummy_return_one(x)
[11:47:38.208] [INFO] [run] subject=8, session=5, speed=3, trial=1, x__rid_x=25fa831a319613ef: dummy_return_one(x)
[11:47:38.208] [INFO] [run] subject=8, session=5, speed=3, trial=2, x__rid_x=ebbfb1ef19a59c81: dummy_return_one(x)
[11:47:38.209] [INFO] [run] subject=8, session=5, speed=3, trial=3, x__rid_x=5a4239ba435cfd63: dummy_return_one(x)
[11:47:38.210] [INFO] [run] subject=8, session=5, speed=3, trial=4, x__rid_x=6526e22b3b8ec29d: dummy_return_one(x)
[11:47:38.210] [INFO] [run] subject=8, session=5, speed=3, trial=5, x__rid_x=ec39fa63e86285c7: dummy_return_one(x)
[11:47:38.211] [INFO] [run] subject=8, session=5, speed=3, trial=6, x__rid_x=9d507057c4bc79aa: dummy_return_one(x)
[11:47:38.212] [INFO] [run] subject=8, session=5, speed=3, trial=7, x__rid_x=bd0ad98aa4ec9e1a: dummy_return_one(x)
[11:47:38.213] [INFO] [run] subject=8, session=5, speed=4, trial=1, x__rid_x=65da3d3d8e9db6d5: dummy_return_one(x)
[11:47:38.213] [INFO] [run] subject=8, session=5, speed=4, trial=2, x__rid_x=387d9e7fce874939: dummy_return_one(x)
[11:47:38.214] [INFO] [run] subject=8, session=5, speed=4, trial=3, x__rid_x=a3cb9554f8120069: dummy_return_one(x)
[11:47:38.215] [INFO] [run] subject=8, session=5, speed=4, trial=4, x__rid_x=919b3234fce58471: dummy_return_one(x)
[11:47:38.215] [INFO] [run] subject=8, session=5, speed=4, trial=5, x__rid_x=86fb11cddf7a366c: dummy_return_one(x)
[11:47:38.216] [INFO] [run] subject=8, session=5, speed=4, trial=6, x__rid_x=ff4136b0a14a3adf: dummy_return_one(x)
[11:47:38.217] [INFO] [run] subject=8, session=5, speed=4, trial=7, x__rid_x=ba7d8177c36e44a5: dummy_return_one(x)
[11:47:38.217] [INFO] [run] subject=8, session=5, speed=5, trial=1, x__rid_x=e571dfef5c6a58ab: dummy_return_one(x)
[11:47:38.218] [INFO] [run] subject=8, session=5, speed=5, trial=2, x__rid_x=cb84bb1a86c61d36: dummy_return_one(x)
[11:47:38.219] [INFO] [run] subject=8, session=5, speed=5, trial=3, x__rid_x=ea14da886e8e9df7: dummy_return_one(x)
[11:47:38.219] [INFO] [run] subject=8, session=5, speed=5, trial=4, x__rid_x=dd5c8749f07cf1e8: dummy_return_one(x)
[11:47:38.220] [INFO] [run] subject=8, session=5, speed=5, trial=5, x__rid_x=d56fa230639d8d16: dummy_return_one(x)
[11:47:38.221] [INFO] [run] subject=8, session=5, speed=5, trial=6, x__rid_x=bb7ab6ed6bd63df0: dummy_return_one(x)
[11:47:38.221] [INFO] [run] subject=8, session=5, speed=5, trial=7, x__rid_x=13e3000dbde82fe7: dummy_return_one(x)
[11:47:38.222] [INFO] [run] subject=8, session=5, speed=6, trial=1, x__rid_x=106971056a51bf19: dummy_return_one(x)
[11:47:38.222] [INFO] [run] subject=8, session=5, speed=6, trial=2, x__rid_x=516cd7d2450cc4d9: dummy_return_one(x)
[11:47:38.223] [INFO] [run] subject=8, session=5, speed=6, trial=3, x__rid_x=5d820375a6a42369: dummy_return_one(x)
[11:47:38.224] [INFO] [run] subject=8, session=5, speed=6, trial=4, x__rid_x=f399907a864e395b: dummy_return_one(x)
[11:47:38.225] [INFO] [run] subject=8, session=5, speed=6, trial=5, x__rid_x=b0667c8e25dd8b47: dummy_return_one(x)
[11:47:38.226] [INFO] [run] subject=8, session=5, speed=6, trial=6, x__rid_x=c098362262786efc: dummy_return_one(x)
[11:47:38.226] [INFO] [run] subject=8, session=5, speed=6, trial=7, x__rid_x=7839423511022ff8: dummy_return_one(x)
[11:47:38.227] [INFO] [run] subject=8, session=5, speed=7, trial=1, x__rid_x=51af4fdb9cada113: dummy_return_one(x)
[11:47:38.228] [INFO] [run] subject=8, session=5, speed=7, trial=2, x__rid_x=97cf90833572b3e8: dummy_return_one(x)
[11:47:38.228] [INFO] [run] subject=8, session=5, speed=7, trial=3, x__rid_x=7621e5ce57d592e0: dummy_return_one(x)
[11:47:38.229] [INFO] [run] subject=8, session=5, speed=7, trial=4, x__rid_x=3ab8b7b845c8e8f5: dummy_return_one(x)
[11:47:38.230] [INFO] [run] subject=8, session=5, speed=7, trial=5, x__rid_x=897f2adb8565f969: dummy_return_one(x)
[11:47:38.230] [INFO] [run] subject=8, session=5, speed=7, trial=6, x__rid_x=5acd8627ffa913bd: dummy_return_one(x)
[11:47:38.231] [INFO] [run] subject=8, session=5, speed=7, trial=7, x__rid_x=271b5485028a7dbf: dummy_return_one(x)
[11:47:38.231] [INFO] [run] subject=8, session=5, speed=8, trial=1, x__rid_x=0752adba3fd48493: dummy_return_one(x)
[11:47:38.232] [INFO] [run] subject=8, session=5, speed=8, trial=2, x__rid_x=755ef14faf574ecc: dummy_return_one(x)
[11:47:38.233] [INFO] [run] subject=8, session=5, speed=8, trial=3, x__rid_x=b48aae0c95a6b0f9: dummy_return_one(x)
[11:47:38.233] [INFO] [run] subject=8, session=5, speed=8, trial=4, x__rid_x=9842fdc7da028498: dummy_return_one(x)
[11:47:38.234] [INFO] [run] subject=8, session=5, speed=8, trial=5, x__rid_x=c98ac0afe5769647: dummy_return_one(x)
[11:47:38.235] [INFO] [run] subject=8, session=5, speed=8, trial=6, x__rid_x=bca950a7a8920841: dummy_return_one(x)
[11:47:38.235] [INFO] [run] subject=8, session=5, speed=8, trial=7, x__rid_x=e4df9f25e95811fd: dummy_return_one(x)
[11:47:38.236] [INFO] [run] subject=8, session=5, speed=9, trial=1, x__rid_x=0807fdc078d27e78: dummy_return_one(x)
[11:47:38.236] [INFO] [run] subject=8, session=5, speed=9, trial=2, x__rid_x=e3deb34b51ad0622: dummy_return_one(x)
[11:47:38.237] [INFO] [run] subject=8, session=5, speed=9, trial=3, x__rid_x=e781c373cbd3f157: dummy_return_one(x)
[11:47:38.238] [INFO] [run] subject=8, session=5, speed=9, trial=4, x__rid_x=c2f90d3f654fa4c2: dummy_return_one(x)
[11:47:38.239] [INFO] [run] subject=8, session=5, speed=9, trial=5, x__rid_x=6a9ea1bd45f5fd6c: dummy_return_one(x)
[11:47:38.239] [INFO] [run] subject=8, session=5, speed=9, trial=6, x__rid_x=f9c906dd93d744f7: dummy_return_one(x)
[11:47:38.240] [INFO] [run] subject=8, session=5, speed=9, trial=7, x__rid_x=6cc7932ff3b94c5b: dummy_return_one(x)
[11:47:38.241] [INFO] [run] subject=9, session=1, speed=1, trial=1, x__rid_x=4b87c09ba5d5be1f: dummy_return_one(x)
[11:47:38.242] [INFO] [run] subject=9, session=1, speed=1, trial=2, x__rid_x=b4a5650f1e0fc4b4: dummy_return_one(x)
[11:47:38.243] [INFO] [run] subject=9, session=1, speed=1, trial=3, x__rid_x=35b07c251dc6fd09: dummy_return_one(x)
[11:47:38.243] [INFO] [run] subject=9, session=1, speed=1, trial=4, x__rid_x=79bfa9816bcdd630: dummy_return_one(x)
[11:47:38.244] [INFO] [run] subject=9, session=1, speed=1, trial=5, x__rid_x=f70044ff4fffbb3b: dummy_return_one(x)
[11:47:38.245] [INFO] [run] subject=9, session=1, speed=1, trial=6, x__rid_x=ff3abd0e114409dc: dummy_return_one(x)
[11:47:38.246] [INFO] [run] subject=9, session=1, speed=1, trial=7, x__rid_x=9654238cd647d627: dummy_return_one(x)
[11:47:38.246] [INFO] [run] subject=9, session=1, speed=10, trial=1, x__rid_x=669cb544c50d2779: dummy_return_one(x)
[11:47:38.247] [INFO] [run] subject=9, session=1, speed=10, trial=2, x__rid_x=e6c8ddc6d844676a: dummy_return_one(x)
[11:47:38.248] [INFO] [run] subject=9, session=1, speed=10, trial=3, x__rid_x=5961abde6130b3bf: dummy_return_one(x)
[11:47:38.248] [INFO] [run] subject=9, session=1, speed=10, trial=4, x__rid_x=8c1934043870c4e0: dummy_return_one(x)
[11:47:38.249] [INFO] [run] subject=9, session=1, speed=10, trial=5, x__rid_x=39002f8f4799ed83: dummy_return_one(x)
[11:47:38.250] [INFO] [run] subject=9, session=1, speed=10, trial=6, x__rid_x=8029cb19a5d0b640: dummy_return_one(x)
[11:47:38.250] [INFO] [run] subject=9, session=1, speed=10, trial=7, x__rid_x=13e858b3dd033cb2: dummy_return_one(x)
[11:47:38.251] [INFO] [run] subject=9, session=1, speed=2, trial=1, x__rid_x=127df1b9b105121f: dummy_return_one(x)
[11:47:38.251] [INFO] [run] subject=9, session=1, speed=2, trial=2, x__rid_x=37fbde1a29f16edb: dummy_return_one(x)
[11:47:38.252] [INFO] [run] subject=9, session=1, speed=2, trial=3, x__rid_x=83d404c1ad56d7e7: dummy_return_one(x)
[11:47:38.253] [INFO] [run] subject=9, session=1, speed=2, trial=4, x__rid_x=36da06852ad8a02b: dummy_return_one(x)
[11:47:38.253] [INFO] [run] subject=9, session=1, speed=2, trial=5, x__rid_x=2b36a9c012a426d3: dummy_return_one(x)
[11:47:38.254] [INFO] [run] subject=9, session=1, speed=2, trial=6, x__rid_x=2388d79dee0d51aa: dummy_return_one(x)
[11:47:38.255] [INFO] [run] subject=9, session=1, speed=2, trial=7, x__rid_x=9f692298fee46c52: dummy_return_one(x)
[11:47:38.256] [INFO] [run] subject=9, session=1, speed=3, trial=1, x__rid_x=05b9c876d90f4186: dummy_return_one(x)
[11:47:38.256] [INFO] [run] subject=9, session=1, speed=3, trial=2, x__rid_x=9b686624ae5ee717: dummy_return_one(x)
[11:47:38.257] [INFO] [run] subject=9, session=1, speed=3, trial=3, x__rid_x=be45db9d42404d35: dummy_return_one(x)
[11:47:38.258] [INFO] [run] subject=9, session=1, speed=3, trial=4, x__rid_x=3ddf3330a2d65a22: dummy_return_one(x)
[11:47:38.259] [INFO] [run] subject=9, session=1, speed=3, trial=5, x__rid_x=fe895bfad846869b: dummy_return_one(x)
[11:47:38.260] [INFO] [run] subject=9, session=1, speed=3, trial=6, x__rid_x=93b066793ddb8b1c: dummy_return_one(x)
[11:47:38.260] [INFO] [run] subject=9, session=1, speed=3, trial=7, x__rid_x=ab01db92d2121810: dummy_return_one(x)
[11:47:38.261] [INFO] [run] subject=9, session=1, speed=4, trial=1, x__rid_x=fdbfbe74184830ce: dummy_return_one(x)
[11:47:38.262] [INFO] [run] subject=9, session=1, speed=4, trial=2, x__rid_x=a6285aa3551d8cc7: dummy_return_one(x)
[11:47:38.263] [INFO] [run] subject=9, session=1, speed=4, trial=3, x__rid_x=17c3700d699a701f: dummy_return_one(x)
[11:47:38.263] [INFO] [run] subject=9, session=1, speed=4, trial=4, x__rid_x=51473ca31c7da530: dummy_return_one(x)
[11:47:38.264] [INFO] [run] subject=9, session=1, speed=4, trial=5, x__rid_x=7fdeb29e0df41602: dummy_return_one(x)
[11:47:38.264] [INFO] [run] subject=9, session=1, speed=4, trial=6, x__rid_x=edd2f449e229c1fe: dummy_return_one(x)
[11:47:38.265] [INFO] [run] subject=9, session=1, speed=4, trial=7, x__rid_x=8267ee6f3fb8805d: dummy_return_one(x)
[11:47:38.266] [INFO] [run] subject=9, session=1, speed=5, trial=1, x__rid_x=0c7cb493bda76457: dummy_return_one(x)
[11:47:38.266] [INFO] [run] subject=9, session=1, speed=5, trial=2, x__rid_x=efe8d0fbbb643c83: dummy_return_one(x)
[11:47:38.267] [INFO] [run] subject=9, session=1, speed=5, trial=3, x__rid_x=6daf44fcd5e4a7e6: dummy_return_one(x)
[11:47:38.268] [INFO] [run] subject=9, session=1, speed=5, trial=4, x__rid_x=07a8f51c140aeec8: dummy_return_one(x)
[11:47:38.268] [INFO] [run] subject=9, session=1, speed=5, trial=5, x__rid_x=d120d3e9972748f8: dummy_return_one(x)
[11:47:38.269] [INFO] [run] subject=9, session=1, speed=5, trial=6, x__rid_x=14b661fba4b94fed: dummy_return_one(x)
[11:47:38.270] [INFO] [run] subject=9, session=1, speed=5, trial=7, x__rid_x=68a03ec722ca90b2: dummy_return_one(x)
[11:47:38.271] [INFO] [run] subject=9, session=1, speed=6, trial=1, x__rid_x=300baf1d761bc6fd: dummy_return_one(x)
[11:47:38.271] [INFO] [run] subject=9, session=1, speed=6, trial=2, x__rid_x=438e972759dbb8e8: dummy_return_one(x)
[11:47:38.272] [INFO] [run] subject=9, session=1, speed=6, trial=3, x__rid_x=620bb1be1d820561: dummy_return_one(x)
[11:47:38.273] [INFO] [run] subject=9, session=1, speed=6, trial=4, x__rid_x=a50553afb220c5b1: dummy_return_one(x)
[11:47:38.274] [INFO] [run] subject=9, session=1, speed=6, trial=5, x__rid_x=970b0ec694acf420: dummy_return_one(x)
[11:47:38.275] [INFO] [run] subject=9, session=1, speed=6, trial=6, x__rid_x=83a3c9899270bdd1: dummy_return_one(x)
[11:47:38.275] [INFO] [run] subject=9, session=1, speed=6, trial=7, x__rid_x=073d646f5ccdceb3: dummy_return_one(x)
[11:47:38.276] [INFO] [run] subject=9, session=1, speed=7, trial=1, x__rid_x=e29d470254d0dd4a: dummy_return_one(x)
[11:47:38.277] [INFO] [run] subject=9, session=1, speed=7, trial=2, x__rid_x=ba7f99c16bd12515: dummy_return_one(x)
[11:47:38.277] [INFO] [run] subject=9, session=1, speed=7, trial=3, x__rid_x=fdf57f886943d177: dummy_return_one(x)
[11:47:38.278] [INFO] [run] subject=9, session=1, speed=7, trial=4, x__rid_x=20b90c51c7a08146: dummy_return_one(x)
[11:47:38.279] [INFO] [run] subject=9, session=1, speed=7, trial=5, x__rid_x=65cf4d1f1136ee61: dummy_return_one(x)
[11:47:38.279] [INFO] [run] subject=9, session=1, speed=7, trial=6, x__rid_x=55c06c82887e6917: dummy_return_one(x)
[11:47:38.280] [INFO] [run] subject=9, session=1, speed=7, trial=7, x__rid_x=187aad002e9891f3: dummy_return_one(x)
[11:47:38.281] [INFO] [run] subject=9, session=1, speed=8, trial=1, x__rid_x=0a77c429c81ce3a0: dummy_return_one(x)
[11:47:38.281] [INFO] [run] subject=9, session=1, speed=8, trial=2, x__rid_x=cade3488bc4ff991: dummy_return_one(x)
[11:47:38.282] [INFO] [run] subject=9, session=1, speed=8, trial=3, x__rid_x=43e4dd9daedb9ef8: dummy_return_one(x)
[11:47:38.282] [INFO] [run] subject=9, session=1, speed=8, trial=4, x__rid_x=cdca040f08fe2a22: dummy_return_one(x)
[11:47:38.283] [INFO] [run] subject=9, session=1, speed=8, trial=5, x__rid_x=96ccd6859444c942: dummy_return_one(x)
[11:47:38.284] [INFO] [run] subject=9, session=1, speed=8, trial=6, x__rid_x=217dceccc4040dcf: dummy_return_one(x)
[11:47:38.285] [INFO] [run] subject=9, session=1, speed=8, trial=7, x__rid_x=d74d1741567290c5: dummy_return_one(x)
[11:47:38.285] [INFO] [run] subject=9, session=1, speed=9, trial=1, x__rid_x=31e3909a1b318ca0: dummy_return_one(x)
[11:47:38.286] [INFO] [run] subject=9, session=1, speed=9, trial=2, x__rid_x=410059ff51c97976: dummy_return_one(x)
[11:47:38.287] [INFO] [run] subject=9, session=1, speed=9, trial=3, x__rid_x=d887f9c2c8b70d58: dummy_return_one(x)
[11:47:38.288] [INFO] [run] subject=9, session=1, speed=9, trial=4, x__rid_x=7914f001811ccc6e: dummy_return_one(x)
[11:47:38.288] [INFO] [run] subject=9, session=1, speed=9, trial=5, x__rid_x=9daacf49b1f3fd9d: dummy_return_one(x)
[11:47:38.289] [INFO] [run] subject=9, session=1, speed=9, trial=6, x__rid_x=3511572e4772d256: dummy_return_one(x)
[11:47:38.290] [INFO] [run] subject=9, session=1, speed=9, trial=7, x__rid_x=f92fae64d42aa6cf: dummy_return_one(x)
[11:47:38.291] [INFO] [run] subject=9, session=2, speed=1, trial=1, x__rid_x=11ef8998900e88f7: dummy_return_one(x)
[11:47:38.291] [INFO] [run] subject=9, session=2, speed=1, trial=2, x__rid_x=c1b5c31f9e683e73: dummy_return_one(x)
[11:47:38.292] [INFO] [run] subject=9, session=2, speed=1, trial=3, x__rid_x=32f983cb2c85d7a9: dummy_return_one(x)
[11:47:38.293] [INFO] [run] subject=9, session=2, speed=1, trial=4, x__rid_x=00eb17f2bfb489a2: dummy_return_one(x)
[11:47:38.294] [INFO] [run] subject=9, session=2, speed=1, trial=5, x__rid_x=7d92cbed45f9c2e0: dummy_return_one(x)
[11:47:38.295] [INFO] [run] subject=9, session=2, speed=1, trial=6, x__rid_x=6b7268bb25107507: dummy_return_one(x)
[11:47:38.295] [INFO] [run] subject=9, session=2, speed=1, trial=7, x__rid_x=7682f433476c05b1: dummy_return_one(x)
[11:47:38.296] [INFO] [run] subject=9, session=2, speed=10, trial=1, x__rid_x=27478d0203cdaf3f: dummy_return_one(x)
[11:47:38.296] [INFO] [run] subject=9, session=2, speed=10, trial=2, x__rid_x=06694ceaf6c103ed: dummy_return_one(x)
[11:47:38.297] [INFO] [run] subject=9, session=2, speed=10, trial=3, x__rid_x=69ba0035f290404b: dummy_return_one(x)
[11:47:38.298] [INFO] [run] subject=9, session=2, speed=10, trial=4, x__rid_x=51cd6e91802bc1f8: dummy_return_one(x)
[11:47:38.298] [INFO] [run] subject=9, session=2, speed=10, trial=5, x__rid_x=c88fdeaa2b9e27e8: dummy_return_one(x)
[11:47:38.299] [INFO] [run] subject=9, session=2, speed=10, trial=6, x__rid_x=c3b49f2ee3a7127e: dummy_return_one(x)
[11:47:38.300] [INFO] [run] subject=9, session=2, speed=10, trial=7, x__rid_x=4032781e7337e54d: dummy_return_one(x)
[11:47:38.301] [INFO] [run] subject=9, session=2, speed=2, trial=1, x__rid_x=f512dae21dc48a9c: dummy_return_one(x)
[11:47:38.301] [INFO] [run] subject=9, session=2, speed=2, trial=2, x__rid_x=e76c8115a08ad392: dummy_return_one(x)
[11:47:38.302] [INFO] [run] subject=9, session=2, speed=2, trial=3, x__rid_x=524b43b5313dbec3: dummy_return_one(x)
[11:47:38.303] [INFO] [run] subject=9, session=2, speed=2, trial=4, x__rid_x=6aae5be120c25928: dummy_return_one(x)
[11:47:38.303] [INFO] [run] subject=9, session=2, speed=2, trial=5, x__rid_x=41e3efd3763ecbe2: dummy_return_one(x)
[11:47:38.304] [INFO] [run] subject=9, session=2, speed=2, trial=6, x__rid_x=f14e20900b919841: dummy_return_one(x)
[11:47:38.305] [INFO] [run] subject=9, session=2, speed=2, trial=7, x__rid_x=f677366c6dcbf477: dummy_return_one(x)
[11:47:38.306] [INFO] [run] subject=9, session=2, speed=3, trial=1, x__rid_x=7ee8d4941aa77962: dummy_return_one(x)
[11:47:38.306] [INFO] [run] subject=9, session=2, speed=3, trial=2, x__rid_x=c044dd81fd47aa85: dummy_return_one(x)
[11:47:38.307] [INFO] [run] subject=9, session=2, speed=3, trial=3, x__rid_x=f9c91517d5807d20: dummy_return_one(x)
[11:47:38.308] [INFO] [run] subject=9, session=2, speed=3, trial=4, x__rid_x=de51260286f223e3: dummy_return_one(x)
[11:47:38.309] [INFO] [run] subject=9, session=2, speed=3, trial=5, x__rid_x=662552be4580ff50: dummy_return_one(x)
[11:47:38.309] [INFO] [run] subject=9, session=2, speed=3, trial=6, x__rid_x=f4185671315eb217: dummy_return_one(x)
[11:47:38.310] [INFO] [run] subject=9, session=2, speed=3, trial=7, x__rid_x=b5e12246b7ffcb7b: dummy_return_one(x)
[11:47:38.311] [INFO] [run] subject=9, session=2, speed=4, trial=1, x__rid_x=aacd63131208969c: dummy_return_one(x)
[11:47:38.311] [INFO] [run] subject=9, session=2, speed=4, trial=2, x__rid_x=4150a23d19b76ed4: dummy_return_one(x)
[11:47:38.312] [INFO] [run] subject=9, session=2, speed=4, trial=3, x__rid_x=7f1f3ce741333ffd: dummy_return_one(x)
[11:47:38.313] [INFO] [run] subject=9, session=2, speed=4, trial=4, x__rid_x=0f61958c50838fa5: dummy_return_one(x)
[11:47:38.314] [INFO] [run] subject=9, session=2, speed=4, trial=5, x__rid_x=e17d6f31b0d116aa: dummy_return_one(x)
[11:47:38.314] [INFO] [run] subject=9, session=2, speed=4, trial=6, x__rid_x=ef4f02e2cf17d16b: dummy_return_one(x)
[11:47:38.315] [INFO] [run] subject=9, session=2, speed=4, trial=7, x__rid_x=727b742e4e46b741: dummy_return_one(x)
[11:47:38.316] [INFO] [run] subject=9, session=2, speed=5, trial=1, x__rid_x=d191389a3174cfb3: dummy_return_one(x)
[11:47:38.316] [INFO] [run] subject=9, session=2, speed=5, trial=2, x__rid_x=74024ac8c6298018: dummy_return_one(x)
[11:47:38.317] [INFO] [run] subject=9, session=2, speed=5, trial=3, x__rid_x=0aa548f5d0f10387: dummy_return_one(x)
[11:47:38.317] [INFO] [run] subject=9, session=2, speed=5, trial=4, x__rid_x=c3d7942f98b30577: dummy_return_one(x)
[11:47:38.318] [INFO] [run] subject=9, session=2, speed=5, trial=5, x__rid_x=8d021a0487e8fd6b: dummy_return_one(x)
[11:47:38.319] [INFO] [run] subject=9, session=2, speed=5, trial=6, x__rid_x=52c11843b4090cd5: dummy_return_one(x)
[11:47:38.320] [INFO] [run] subject=9, session=2, speed=5, trial=7, x__rid_x=9068e2781aab85d1: dummy_return_one(x)
[11:47:38.320] [INFO] [run] subject=9, session=2, speed=6, trial=1, x__rid_x=b713f6f6c0bcb759: dummy_return_one(x)
[11:47:38.321] [INFO] [run] subject=9, session=2, speed=6, trial=2, x__rid_x=e59eafb3c1ecb350: dummy_return_one(x)
[11:47:38.321] [INFO] [run] subject=9, session=2, speed=6, trial=3, x__rid_x=3c5d2c22ab9f84b2: dummy_return_one(x)
[11:47:38.322] [INFO] [run] subject=9, session=2, speed=6, trial=4, x__rid_x=95264f2178f5e9d3: dummy_return_one(x)
[11:47:38.323] [INFO] [run] subject=9, session=2, speed=6, trial=5, x__rid_x=05d84523d0244ae5: dummy_return_one(x)
[11:47:38.324] [INFO] [run] subject=9, session=2, speed=6, trial=6, x__rid_x=f79ce326f2bdaa2d: dummy_return_one(x)
[11:47:38.324] [INFO] [run] subject=9, session=2, speed=6, trial=7, x__rid_x=15ffd81195e1b932: dummy_return_one(x)
[11:47:38.325] [INFO] [run] subject=9, session=2, speed=7, trial=1, x__rid_x=7edf87e9caaed066: dummy_return_one(x)
[11:47:38.326] [INFO] [run] subject=9, session=2, speed=7, trial=2, x__rid_x=15332236715a724f: dummy_return_one(x)
[11:47:38.327] [INFO] [run] subject=9, session=2, speed=7, trial=3, x__rid_x=dae3d9452d17bc7f: dummy_return_one(x)
[11:47:38.327] [INFO] [run] subject=9, session=2, speed=7, trial=4, x__rid_x=2797faf9b406522b: dummy_return_one(x)
[11:47:38.328] [INFO] [run] subject=9, session=2, speed=7, trial=5, x__rid_x=0e9545bc6b6259c1: dummy_return_one(x)
[11:47:38.328] [INFO] [run] subject=9, session=2, speed=7, trial=6, x__rid_x=f4e602ad8f94442a: dummy_return_one(x)
[11:47:38.329] [INFO] [run] subject=9, session=2, speed=7, trial=7, x__rid_x=2f7717b18bb8a7c5: dummy_return_one(x)
[11:47:38.330] [INFO] [run] subject=9, session=2, speed=8, trial=1, x__rid_x=d06b1109ab68fd47: dummy_return_one(x)
[11:47:38.330] [INFO] [run] subject=9, session=2, speed=8, trial=2, x__rid_x=1375732ef3426e66: dummy_return_one(x)
[11:47:38.331] [INFO] [run] subject=9, session=2, speed=8, trial=3, x__rid_x=37af879d2b7e00f5: dummy_return_one(x)
[11:47:38.332] [INFO] [run] subject=9, session=2, speed=8, trial=4, x__rid_x=5acb5771c748cf5e: dummy_return_one(x)
[11:47:38.332] [INFO] [run] subject=9, session=2, speed=8, trial=5, x__rid_x=3fd4c07f31a8ee4a: dummy_return_one(x)
[11:47:38.333] [INFO] [run] subject=9, session=2, speed=8, trial=6, x__rid_x=9956ba6b89f28c66: dummy_return_one(x)
[11:47:38.334] [INFO] [run] subject=9, session=2, speed=8, trial=7, x__rid_x=338f291866d89d39: dummy_return_one(x)
[11:47:38.334] [INFO] [run] subject=9, session=2, speed=9, trial=1, x__rid_x=8baeaf45fd9522f0: dummy_return_one(x)
[11:47:38.335] [INFO] [run] subject=9, session=2, speed=9, trial=2, x__rid_x=0c0217083deaee73: dummy_return_one(x)
[11:47:38.336] [INFO] [run] subject=9, session=2, speed=9, trial=3, x__rid_x=0e04d6f2d21c802f: dummy_return_one(x)
[11:47:38.336] [INFO] [run] subject=9, session=2, speed=9, trial=4, x__rid_x=b80fc936d162b3a2: dummy_return_one(x)
[11:47:38.337] [INFO] [run] subject=9, session=2, speed=9, trial=5, x__rid_x=3c2af45bbad83efc: dummy_return_one(x)
[11:47:38.337] [INFO] [run] subject=9, session=2, speed=9, trial=6, x__rid_x=925971a3be264aec: dummy_return_one(x)
[11:47:38.338] [INFO] [run] subject=9, session=2, speed=9, trial=7, x__rid_x=9a95eaf707db6705: dummy_return_one(x)
[11:47:38.339] [INFO] [run] subject=9, session=3, speed=1, trial=1, x__rid_x=26cd55217edadcbc: dummy_return_one(x)
[11:47:38.339] [INFO] [run] subject=9, session=3, speed=1, trial=2, x__rid_x=65e2550670d93eda: dummy_return_one(x)
[11:47:38.340] [INFO] [run] subject=9, session=3, speed=1, trial=3, x__rid_x=a88c02b34a714ed0: dummy_return_one(x)
[11:47:38.341] [INFO] [run] subject=9, session=3, speed=1, trial=4, x__rid_x=bf86089e9a4e6751: dummy_return_one(x)
[11:47:38.342] [INFO] [run] subject=9, session=3, speed=1, trial=5, x__rid_x=9c60e23bb4c016ca: dummy_return_one(x)
[11:47:38.343] [INFO] [run] subject=9, session=3, speed=1, trial=6, x__rid_x=c0f761eeb745d7ac: dummy_return_one(x)
[11:47:38.343] [INFO] [run] subject=9, session=3, speed=1, trial=7, x__rid_x=2bbc4bed572e5f1b: dummy_return_one(x)
[11:47:38.344] [INFO] [run] subject=9, session=3, speed=10, trial=1, x__rid_x=7081d5b4daa5c03d: dummy_return_one(x)
[11:47:38.345] [INFO] [run] subject=9, session=3, speed=10, trial=2, x__rid_x=0a8ed69054f1fa41: dummy_return_one(x)
[11:47:38.345] [INFO] [run] subject=9, session=3, speed=10, trial=3, x__rid_x=37d2dc7fc2ef41f2: dummy_return_one(x)
[11:47:38.346] [INFO] [run] subject=9, session=3, speed=10, trial=4, x__rid_x=f85f0fd0f110c0de: dummy_return_one(x)
[11:47:38.347] [INFO] [run] subject=9, session=3, speed=10, trial=5, x__rid_x=071656f068575e95: dummy_return_one(x)
[11:47:38.348] [INFO] [run] subject=9, session=3, speed=10, trial=6, x__rid_x=fa8408854b338b6f: dummy_return_one(x)
[11:47:38.348] [INFO] [run] subject=9, session=3, speed=10, trial=7, x__rid_x=397c911e997d3ae8: dummy_return_one(x)
[11:47:38.349] [INFO] [run] subject=9, session=3, speed=2, trial=1, x__rid_x=33b5c3512d1311e3: dummy_return_one(x)
[11:47:38.350] [INFO] [run] subject=9, session=3, speed=2, trial=2, x__rid_x=0a83516d5d81e192: dummy_return_one(x)
[11:47:38.350] [INFO] [run] subject=9, session=3, speed=2, trial=3, x__rid_x=0faa164caf47e1ab: dummy_return_one(x)
[11:47:38.351] [INFO] [run] subject=9, session=3, speed=2, trial=4, x__rid_x=24395510d018c1d4: dummy_return_one(x)
[11:47:38.352] [INFO] [run] subject=9, session=3, speed=2, trial=5, x__rid_x=c99f199f5551ed99: dummy_return_one(x)
[11:47:38.352] [INFO] [run] subject=9, session=3, speed=2, trial=6, x__rid_x=c3352a41bae08d9c: dummy_return_one(x)
[11:47:38.353] [INFO] [run] subject=9, session=3, speed=2, trial=7, x__rid_x=b1cc06d54dd85678: dummy_return_one(x)
[11:47:38.354] [INFO] [run] subject=9, session=3, speed=3, trial=1, x__rid_x=1c87d6c511d12f85: dummy_return_one(x)
[11:47:38.354] [INFO] [run] subject=9, session=3, speed=3, trial=2, x__rid_x=6fdb99423ccf1ec5: dummy_return_one(x)
[11:47:38.355] [INFO] [run] subject=9, session=3, speed=3, trial=3, x__rid_x=536cc78a82da53b8: dummy_return_one(x)
[11:47:38.356] [INFO] [run] subject=9, session=3, speed=3, trial=4, x__rid_x=a3ff49948d31fd52: dummy_return_one(x)
[11:47:38.356] [INFO] [run] subject=9, session=3, speed=3, trial=5, x__rid_x=48317d46e93d21c9: dummy_return_one(x)
[11:47:38.357] [INFO] [run] subject=9, session=3, speed=3, trial=6, x__rid_x=375d065686e66317: dummy_return_one(x)
[11:47:38.358] [INFO] [run] subject=9, session=3, speed=3, trial=7, x__rid_x=90ea3b2aba06b88f: dummy_return_one(x)
[11:47:38.359] [INFO] [run] subject=9, session=3, speed=4, trial=1, x__rid_x=8206ded52443e0ba: dummy_return_one(x)
[11:47:38.359] [INFO] [run] subject=9, session=3, speed=4, trial=2, x__rid_x=e90f5f0f319f7395: dummy_return_one(x)
[11:47:38.360] [INFO] [run] subject=9, session=3, speed=4, trial=3, x__rid_x=7a0f6a79effebf58: dummy_return_one(x)
[11:47:38.361] [INFO] [run] subject=9, session=3, speed=4, trial=4, x__rid_x=6f94abde90db05cd: dummy_return_one(x)
[11:47:38.361] [INFO] [run] subject=9, session=3, speed=4, trial=5, x__rid_x=01981619e50069d7: dummy_return_one(x)
[11:47:38.362] [INFO] [run] subject=9, session=3, speed=4, trial=6, x__rid_x=121147db396226ab: dummy_return_one(x)
[11:47:38.363] [INFO] [run] subject=9, session=3, speed=4, trial=7, x__rid_x=99a6be6de6201d2e: dummy_return_one(x)
[11:47:38.363] [INFO] [run] subject=9, session=3, speed=5, trial=1, x__rid_x=23175386ee7adae8: dummy_return_one(x)
[11:47:38.364] [INFO] [run] subject=9, session=3, speed=5, trial=2, x__rid_x=de34493b577b5247: dummy_return_one(x)
[11:47:38.365] [INFO] [run] subject=9, session=3, speed=5, trial=3, x__rid_x=aba5c5b8871728af: dummy_return_one(x)
[11:47:38.366] [INFO] [run] subject=9, session=3, speed=5, trial=4, x__rid_x=f76e8edea3300adf: dummy_return_one(x)
[11:47:38.366] [INFO] [run] subject=9, session=3, speed=5, trial=5, x__rid_x=dfe6b1de5d3d093e: dummy_return_one(x)
[11:47:38.367] [INFO] [run] subject=9, session=3, speed=5, trial=6, x__rid_x=a93df3edda59efb4: dummy_return_one(x)
[11:47:38.367] [INFO] [run] subject=9, session=3, speed=5, trial=7, x__rid_x=d60da4657af15899: dummy_return_one(x)
[11:47:38.368] [INFO] [run] subject=9, session=3, speed=6, trial=1, x__rid_x=324716fc00a6d5df: dummy_return_one(x)
[11:47:38.369] [INFO] [run] subject=9, session=3, speed=6, trial=2, x__rid_x=cf381d104fcece90: dummy_return_one(x)
[11:47:38.370] [INFO] [run] subject=9, session=3, speed=6, trial=3, x__rid_x=fcbdf28815f99a50: dummy_return_one(x)
[11:47:38.371] [INFO] [run] subject=9, session=3, speed=6, trial=4, x__rid_x=aaf3132486c30507: dummy_return_one(x)
[11:47:38.371] [INFO] [run] subject=9, session=3, speed=6, trial=5, x__rid_x=bc925339511246ff: dummy_return_one(x)
[11:47:38.372] [INFO] [run] subject=9, session=3, speed=6, trial=6, x__rid_x=12585ae3518e6aac: dummy_return_one(x)
[11:47:38.373] [INFO] [run] subject=9, session=3, speed=6, trial=7, x__rid_x=ad7f92baa4244bf9: dummy_return_one(x)
[11:47:38.374] [INFO] [run] subject=9, session=3, speed=7, trial=1, x__rid_x=e8dc69012c4b81e2: dummy_return_one(x)
[11:47:38.374] [INFO] [run] subject=9, session=3, speed=7, trial=2, x__rid_x=7b01596e887ca680: dummy_return_one(x)
[11:47:38.375] [INFO] [run] subject=9, session=3, speed=7, trial=3, x__rid_x=baf59035adbc4a20: dummy_return_one(x)
[11:47:38.376] [INFO] [run] subject=9, session=3, speed=7, trial=4, x__rid_x=bdc64a10acb19aa8: dummy_return_one(x)
[11:47:38.376] [INFO] [run] subject=9, session=3, speed=7, trial=5, x__rid_x=436fa2c640d0d61a: dummy_return_one(x)
[11:47:38.377] [INFO] [run] subject=9, session=3, speed=7, trial=6, x__rid_x=c27da81c284d276d: dummy_return_one(x)
[11:47:38.378] [INFO] [run] subject=9, session=3, speed=7, trial=7, x__rid_x=d30bef3abd87e077: dummy_return_one(x)
[11:47:38.379] [INFO] [run] subject=9, session=3, speed=8, trial=1, x__rid_x=771abdd036dbd237: dummy_return_one(x)
[11:47:38.379] [INFO] [run] subject=9, session=3, speed=8, trial=2, x__rid_x=87e669058aedb83f: dummy_return_one(x)
[11:47:38.380] [INFO] [run] subject=9, session=3, speed=8, trial=3, x__rid_x=79bacf3150d541ef: dummy_return_one(x)
[11:47:38.381] [INFO] [run] subject=9, session=3, speed=8, trial=4, x__rid_x=939252f1c0680ad0: dummy_return_one(x)
[11:47:38.381] [INFO] [run] subject=9, session=3, speed=8, trial=5, x__rid_x=0f49c122bece5a4c: dummy_return_one(x)
[11:47:38.382] [INFO] [run] subject=9, session=3, speed=8, trial=6, x__rid_x=86318480407e0d48: dummy_return_one(x)
[11:47:38.383] [INFO] [run] subject=9, session=3, speed=8, trial=7, x__rid_x=a84082c6903f57b2: dummy_return_one(x)
[11:47:38.383] [INFO] [run] subject=9, session=3, speed=9, trial=1, x__rid_x=2f140fd5a4113643: dummy_return_one(x)
[11:47:38.384] [INFO] [run] subject=9, session=3, speed=9, trial=2, x__rid_x=0b99d82c6764b042: dummy_return_one(x)
[11:47:38.385] [INFO] [run] subject=9, session=3, speed=9, trial=3, x__rid_x=490921ae956d6320: dummy_return_one(x)
[11:47:38.385] [INFO] [run] subject=9, session=3, speed=9, trial=4, x__rid_x=2b694aee7c7441ad: dummy_return_one(x)
[11:47:38.386] [INFO] [run] subject=9, session=3, speed=9, trial=5, x__rid_x=254cb2280fa36926: dummy_return_one(x)
[11:47:38.387] [INFO] [run] subject=9, session=3, speed=9, trial=6, x__rid_x=580a97405e493ddb: dummy_return_one(x)
[11:47:38.387] [INFO] [run] subject=9, session=3, speed=9, trial=7, x__rid_x=8f92bfa5891ca75a: dummy_return_one(x)
[11:47:38.388] [INFO] [run] subject=9, session=4, speed=1, trial=1, x__rid_x=bc1d0cc7f228e1b2: dummy_return_one(x)
[11:47:38.389] [INFO] [run] subject=9, session=4, speed=1, trial=2, x__rid_x=c06e5b40be0eacc2: dummy_return_one(x)
[11:47:38.390] [INFO] [run] subject=9, session=4, speed=1, trial=3, x__rid_x=c3c57415fdf2dc39: dummy_return_one(x)
[11:47:38.391] [INFO] [run] subject=9, session=4, speed=1, trial=4, x__rid_x=f9713db834e460e8: dummy_return_one(x)
[11:47:38.391] [INFO] [run] subject=9, session=4, speed=1, trial=5, x__rid_x=24ed2c5e18fdc8c4: dummy_return_one(x)
[11:47:38.392] [INFO] [run] subject=9, session=4, speed=1, trial=6, x__rid_x=a1599f7422be610c: dummy_return_one(x)
[11:47:38.393] [INFO] [run] subject=9, session=4, speed=1, trial=7, x__rid_x=7e441dd43e9b9a74: dummy_return_one(x)
[11:47:38.394] [INFO] [run] subject=9, session=4, speed=10, trial=1, x__rid_x=fa0a546a8e6a3793: dummy_return_one(x)
[11:47:38.395] [INFO] [run] subject=9, session=4, speed=10, trial=2, x__rid_x=c5694a86ac7ca8f5: dummy_return_one(x)
[11:47:38.395] [INFO] [run] subject=9, session=4, speed=10, trial=3, x__rid_x=d33b60f10c0df0aa: dummy_return_one(x)
[11:47:38.396] [INFO] [run] subject=9, session=4, speed=10, trial=4, x__rid_x=b2c67a8bc5ba91ec: dummy_return_one(x)
[11:47:38.397] [INFO] [run] subject=9, session=4, speed=10, trial=5, x__rid_x=64210880209955fb: dummy_return_one(x)
[11:47:38.397] [INFO] [run] subject=9, session=4, speed=10, trial=6, x__rid_x=ebbdd0ba340d8264: dummy_return_one(x)
[11:47:38.398] [INFO] [run] subject=9, session=4, speed=10, trial=7, x__rid_x=a9d2a230c2f2e0c2: dummy_return_one(x)
[11:47:38.399] [INFO] [run] subject=9, session=4, speed=2, trial=1, x__rid_x=850c1e798e1bd609: dummy_return_one(x)
[11:47:38.399] [INFO] [run] subject=9, session=4, speed=2, trial=2, x__rid_x=273f91b4e171a4f2: dummy_return_one(x)
[11:47:38.400] [INFO] [run] subject=9, session=4, speed=2, trial=3, x__rid_x=12f3fbb0be6ccbbf: dummy_return_one(x)
[11:47:38.401] [INFO] [run] subject=9, session=4, speed=2, trial=4, x__rid_x=97cf2ae550774df9: dummy_return_one(x)
[11:47:38.401] [INFO] [run] subject=9, session=4, speed=2, trial=5, x__rid_x=3f4964185800c355: dummy_return_one(x)
[11:47:38.402] [INFO] [run] subject=9, session=4, speed=2, trial=6, x__rid_x=94aa0420d596cb2c: dummy_return_one(x)
[11:47:38.403] [INFO] [run] subject=9, session=4, speed=2, trial=7, x__rid_x=38e204b2f0b9f91d: dummy_return_one(x)
[11:47:38.404] [INFO] [run] subject=9, session=4, speed=3, trial=1, x__rid_x=8dce7d2cbd08db4d: dummy_return_one(x)
[11:47:38.405] [INFO] [run] subject=9, session=4, speed=3, trial=2, x__rid_x=da2665beb36e9e11: dummy_return_one(x)
[11:47:38.405] [INFO] [run] subject=9, session=4, speed=3, trial=3, x__rid_x=5853c6209f827c9f: dummy_return_one(x)
[11:47:38.406] [INFO] [run] subject=9, session=4, speed=3, trial=4, x__rid_x=30d3cdd7c6a327eb: dummy_return_one(x)
[11:47:38.407] [INFO] [run] subject=9, session=4, speed=3, trial=5, x__rid_x=a93beb5797f66ee5: dummy_return_one(x)
[11:47:38.408] [INFO] [run] subject=9, session=4, speed=3, trial=6, x__rid_x=0d643ae38be9f39b: dummy_return_one(x)
[11:47:38.409] [INFO] [run] subject=9, session=4, speed=3, trial=7, x__rid_x=110260028ffee03e: dummy_return_one(x)
[11:47:38.410] [INFO] [run] subject=9, session=4, speed=4, trial=1, x__rid_x=c57f59619205c00b: dummy_return_one(x)
[11:47:38.410] [INFO] [run] subject=9, session=4, speed=4, trial=2, x__rid_x=c65b6da81eedb68e: dummy_return_one(x)
[11:47:38.411] [INFO] [run] subject=9, session=4, speed=4, trial=3, x__rid_x=18d231c3a85eaf9c: dummy_return_one(x)
[11:47:38.412] [INFO] [run] subject=9, session=4, speed=4, trial=4, x__rid_x=d8f0a5afdb2b0e12: dummy_return_one(x)
[11:47:38.412] [INFO] [run] subject=9, session=4, speed=4, trial=5, x__rid_x=1114a0ea24458af0: dummy_return_one(x)
[11:47:38.413] [INFO] [run] subject=9, session=4, speed=4, trial=6, x__rid_x=7bc04978a2b3d418: dummy_return_one(x)
[11:47:38.414] [INFO] [run] subject=9, session=4, speed=4, trial=7, x__rid_x=29ae5f418acdcf17: dummy_return_one(x)
[11:47:38.414] [INFO] [run] subject=9, session=4, speed=5, trial=1, x__rid_x=37e9034029fb5e23: dummy_return_one(x)
[11:47:38.415] [INFO] [run] subject=9, session=4, speed=5, trial=2, x__rid_x=e0cee80fa1fec721: dummy_return_one(x)
[11:47:38.416] [INFO] [run] subject=9, session=4, speed=5, trial=3, x__rid_x=169d2fd2542c866f: dummy_return_one(x)
[11:47:38.416] [INFO] [run] subject=9, session=4, speed=5, trial=4, x__rid_x=fccb54cd677d3c97: dummy_return_one(x)
[11:47:38.417] [INFO] [run] subject=9, session=4, speed=5, trial=5, x__rid_x=5ceda5f58b19b479: dummy_return_one(x)
[11:47:38.418] [INFO] [run] subject=9, session=4, speed=5, trial=6, x__rid_x=0bd2dea3dffa3e1e: dummy_return_one(x)
[11:47:38.418] [INFO] [run] subject=9, session=4, speed=5, trial=7, x__rid_x=b78423c3688c57fc: dummy_return_one(x)
[11:47:38.419] [INFO] [run] subject=9, session=4, speed=6, trial=1, x__rid_x=c605b897cf5f48eb: dummy_return_one(x)
[11:47:38.420] [INFO] [run] subject=9, session=4, speed=6, trial=2, x__rid_x=c1290d4358cb328f: dummy_return_one(x)
[11:47:38.420] [INFO] [run] subject=9, session=4, speed=6, trial=3, x__rid_x=e20c05ae21b33444: dummy_return_one(x)
[11:47:38.421] [INFO] [run] subject=9, session=4, speed=6, trial=4, x__rid_x=622f705c8ef9e109: dummy_return_one(x)
[11:47:38.422] [INFO] [run] subject=9, session=4, speed=6, trial=5, x__rid_x=022ebfa73eb698ae: dummy_return_one(x)
[11:47:38.422] [INFO] [run] subject=9, session=4, speed=6, trial=6, x__rid_x=957d71f4b9759955: dummy_return_one(x)
[11:47:38.423] [INFO] [run] subject=9, session=4, speed=6, trial=7, x__rid_x=ffc305d57293a2b6: dummy_return_one(x)
[11:47:38.424] [INFO] [run] subject=9, session=4, speed=7, trial=1, x__rid_x=a3b3d79699d4c698: dummy_return_one(x)
[11:47:38.425] [INFO] [run] subject=9, session=4, speed=7, trial=2, x__rid_x=c99d92174ae2763f: dummy_return_one(x)
[11:47:38.426] [INFO] [run] subject=9, session=4, speed=7, trial=3, x__rid_x=d6932e042dfc5aa5: dummy_return_one(x)
[11:47:38.427] [INFO] [run] subject=9, session=4, speed=7, trial=4, x__rid_x=b707d8f912f6fe9f: dummy_return_one(x)
[11:47:38.427] [INFO] [run] subject=9, session=4, speed=7, trial=5, x__rid_x=6e33060a851ac1d7: dummy_return_one(x)
[11:47:38.428] [INFO] [run] subject=9, session=4, speed=7, trial=6, x__rid_x=8f9b4fecd790f074: dummy_return_one(x)
[11:47:38.429] [INFO] [run] subject=9, session=4, speed=7, trial=7, x__rid_x=251a805a40cc155d: dummy_return_one(x)
[11:47:38.429] [INFO] [run] subject=9, session=4, speed=8, trial=1, x__rid_x=0d63cf6af56c4e13: dummy_return_one(x)
[11:47:38.430] [INFO] [run] subject=9, session=4, speed=8, trial=2, x__rid_x=c81509ceb42bf5d4: dummy_return_one(x)
[11:47:38.431] [INFO] [run] subject=9, session=4, speed=8, trial=3, x__rid_x=802e452563694e9c: dummy_return_one(x)
[11:47:38.432] [INFO] [run] subject=9, session=4, speed=8, trial=4, x__rid_x=47d7cf661a704e53: dummy_return_one(x)
[11:47:38.432] [INFO] [run] subject=9, session=4, speed=8, trial=5, x__rid_x=8ab1f03c95ec1131: dummy_return_one(x)
[11:47:38.433] [INFO] [run] subject=9, session=4, speed=8, trial=6, x__rid_x=f975b07cb66a8edf: dummy_return_one(x)
[11:47:38.434] [INFO] [run] subject=9, session=4, speed=8, trial=7, x__rid_x=c834846b2112bf1e: dummy_return_one(x)
[11:47:38.434] [INFO] [run] subject=9, session=4, speed=9, trial=1, x__rid_x=7c7522d5eb301b99: dummy_return_one(x)
[11:47:38.435] [INFO] [run] subject=9, session=4, speed=9, trial=2, x__rid_x=d44f7820b67ac68c: dummy_return_one(x)
[11:47:38.435] [INFO] [run] subject=9, session=4, speed=9, trial=3, x__rid_x=38ee0862d3a513ff: dummy_return_one(x)
[11:47:38.436] [INFO] [run] subject=9, session=4, speed=9, trial=4, x__rid_x=fa066893d40e8e51: dummy_return_one(x)
[11:47:38.437] [INFO] [run] subject=9, session=4, speed=9, trial=5, x__rid_x=9a805130f7ad3eac: dummy_return_one(x)
[11:47:38.437] [INFO] [run] subject=9, session=4, speed=9, trial=6, x__rid_x=81e7c913ae7b759b: dummy_return_one(x)
[11:47:38.438] [INFO] [run] subject=9, session=4, speed=9, trial=7, x__rid_x=cbdcaba00a61b42e: dummy_return_one(x)
[11:47:38.439] [INFO] [run] subject=9, session=5, speed=1, trial=1, x__rid_x=eda1641b839cb61b: dummy_return_one(x)
[11:47:38.439] [INFO] [run] subject=9, session=5, speed=1, trial=2, x__rid_x=fdfd9900c748b382: dummy_return_one(x)
[11:47:38.440] [INFO] [run] subject=9, session=5, speed=1, trial=3, x__rid_x=880087b815201d8c: dummy_return_one(x)
[11:47:38.441] [INFO] [run] subject=9, session=5, speed=1, trial=4, x__rid_x=2a8af763a8cd2936: dummy_return_one(x)
[11:47:38.442] [INFO] [run] subject=9, session=5, speed=1, trial=5, x__rid_x=7ce8dbb968dbb162: dummy_return_one(x)
[11:47:38.443] [INFO] [run] subject=9, session=5, speed=1, trial=6, x__rid_x=9307352a5ba8bf43: dummy_return_one(x)
[11:47:38.444] [INFO] [run] subject=9, session=5, speed=1, trial=7, x__rid_x=92a98686ab6915ab: dummy_return_one(x)
[11:47:38.444] [INFO] [run] subject=9, session=5, speed=10, trial=1, x__rid_x=2a1a7659cfd72db7: dummy_return_one(x)
[11:47:38.445] [INFO] [run] subject=9, session=5, speed=10, trial=2, x__rid_x=c57cf6824139378d: dummy_return_one(x)
[11:47:38.446] [INFO] [run] subject=9, session=5, speed=10, trial=3, x__rid_x=b2535f3568a7a321: dummy_return_one(x)
[11:47:38.446] [INFO] [run] subject=9, session=5, speed=10, trial=4, x__rid_x=43bfeaaaeea2c2d9: dummy_return_one(x)
[11:47:38.447] [INFO] [run] subject=9, session=5, speed=10, trial=5, x__rid_x=8b7b578ce5cc643b: dummy_return_one(x)
[11:47:38.448] [INFO] [run] subject=9, session=5, speed=10, trial=6, x__rid_x=8e82e63de163d223: dummy_return_one(x)
[11:47:38.448] [INFO] [run] subject=9, session=5, speed=10, trial=7, x__rid_x=8630aa0e508176cd: dummy_return_one(x)
[11:47:38.449] [INFO] [run] subject=9, session=5, speed=2, trial=1, x__rid_x=df5f57dc6f42df2c: dummy_return_one(x)
[11:47:38.450] [INFO] [run] subject=9, session=5, speed=2, trial=2, x__rid_x=69dabe5f233b349e: dummy_return_one(x)
[11:47:38.450] [INFO] [run] subject=9, session=5, speed=2, trial=3, x__rid_x=f1e2af90f10492cc: dummy_return_one(x)
[11:47:38.451] [INFO] [run] subject=9, session=5, speed=2, trial=4, x__rid_x=2ea97c5902952db9: dummy_return_one(x)
[11:47:38.452] [INFO] [run] subject=9, session=5, speed=2, trial=5, x__rid_x=3eb2337af0278a1f: dummy_return_one(x)
[11:47:38.453] [INFO] [run] subject=9, session=5, speed=2, trial=6, x__rid_x=117533516bf3c3ac: dummy_return_one(x)
[11:47:38.453] [INFO] [run] subject=9, session=5, speed=2, trial=7, x__rid_x=d5335928a9ad72d9: dummy_return_one(x)
[11:47:38.454] [INFO] [run] subject=9, session=5, speed=3, trial=1, x__rid_x=854a05e50c26a013: dummy_return_one(x)
[11:47:38.454] [INFO] [run] subject=9, session=5, speed=3, trial=2, x__rid_x=7dcc7a05614a7811: dummy_return_one(x)
[11:47:38.455] [INFO] [run] subject=9, session=5, speed=3, trial=3, x__rid_x=6ee57b1ab40c9981: dummy_return_one(x)
[11:47:38.456] [INFO] [run] subject=9, session=5, speed=3, trial=4, x__rid_x=fb7da2a036aa7438: dummy_return_one(x)
[11:47:38.457] [INFO] [run] subject=9, session=5, speed=3, trial=5, x__rid_x=d51c7895fa86c7d2: dummy_return_one(x)
[11:47:38.458] [INFO] [run] subject=9, session=5, speed=3, trial=6, x__rid_x=f655d2b4c6f03a6d: dummy_return_one(x)
[11:47:38.459] [INFO] [run] subject=9, session=5, speed=3, trial=7, x__rid_x=b7e0905fecb1da13: dummy_return_one(x)
[11:47:38.459] [INFO] [run] subject=9, session=5, speed=4, trial=1, x__rid_x=281178bfdd6df6d1: dummy_return_one(x)
[11:47:38.460] [INFO] [run] subject=9, session=5, speed=4, trial=2, x__rid_x=86b086d40d7f4ac0: dummy_return_one(x)
[11:47:38.461] [INFO] [run] subject=9, session=5, speed=4, trial=3, x__rid_x=7be2336185f05131: dummy_return_one(x)
[11:47:38.462] [INFO] [run] subject=9, session=5, speed=4, trial=4, x__rid_x=6dedd1bc46ef8c5f: dummy_return_one(x)
[11:47:38.462] [INFO] [run] subject=9, session=5, speed=4, trial=5, x__rid_x=3f2eab14462a4c17: dummy_return_one(x)
[11:47:38.463] [INFO] [run] subject=9, session=5, speed=4, trial=6, x__rid_x=6bb2cacf9b4205b5: dummy_return_one(x)
[11:47:38.463] [INFO] [run] subject=9, session=5, speed=4, trial=7, x__rid_x=1fd22c324d77f05e: dummy_return_one(x)
[11:47:38.464] [INFO] [run] subject=9, session=5, speed=5, trial=1, x__rid_x=a65e7f5504343727: dummy_return_one(x)
[11:47:38.465] [INFO] [run] subject=9, session=5, speed=5, trial=2, x__rid_x=08985dcc402e3940: dummy_return_one(x)
[11:47:38.466] [INFO] [run] subject=9, session=5, speed=5, trial=3, x__rid_x=0dfa020e91e49006: dummy_return_one(x)
[11:47:38.467] [INFO] [run] subject=9, session=5, speed=5, trial=4, x__rid_x=d4a148ec1c9f0adf: dummy_return_one(x)
[11:47:38.467] [INFO] [run] subject=9, session=5, speed=5, trial=5, x__rid_x=4ccbe659bc515f53: dummy_return_one(x)
[11:47:38.468] [INFO] [run] subject=9, session=5, speed=5, trial=6, x__rid_x=ecb7a12bededb4c5: dummy_return_one(x)
[11:47:38.469] [INFO] [run] subject=9, session=5, speed=5, trial=7, x__rid_x=28309f90ac36a3f1: dummy_return_one(x)
[11:47:38.469] [INFO] [run] subject=9, session=5, speed=6, trial=1, x__rid_x=85dd4fa08f322c1b: dummy_return_one(x)
[11:47:38.470] [INFO] [run] subject=9, session=5, speed=6, trial=2, x__rid_x=863da71a7110df97: dummy_return_one(x)
[11:47:38.471] [INFO] [run] subject=9, session=5, speed=6, trial=3, x__rid_x=00b76c2279b97407: dummy_return_one(x)
[11:47:38.471] [INFO] [run] subject=9, session=5, speed=6, trial=4, x__rid_x=3529646b1a7d9ef9: dummy_return_one(x)
[11:47:38.472] [INFO] [run] subject=9, session=5, speed=6, trial=5, x__rid_x=1404b8ae19c2f74b: dummy_return_one(x)
[11:47:38.473] [INFO] [run] subject=9, session=5, speed=6, trial=6, x__rid_x=ed5f860ee50e861e: dummy_return_one(x)
[11:47:38.474] [INFO] [run] subject=9, session=5, speed=6, trial=7, x__rid_x=558154d991950ca5: dummy_return_one(x)
[11:47:38.475] [INFO] [run] subject=9, session=5, speed=7, trial=1, x__rid_x=8cb9fed5565c3cda: dummy_return_one(x)
[11:47:38.475] [INFO] [run] subject=9, session=5, speed=7, trial=2, x__rid_x=879ca41567e4d656: dummy_return_one(x)
[11:47:38.476] [INFO] [run] subject=9, session=5, speed=7, trial=3, x__rid_x=e55dd85dafe99f8b: dummy_return_one(x)
[11:47:38.477] [INFO] [run] subject=9, session=5, speed=7, trial=4, x__rid_x=af6d29f1d50a10c6: dummy_return_one(x)
[11:47:38.477] [INFO] [run] subject=9, session=5, speed=7, trial=5, x__rid_x=c386caae66b62750: dummy_return_one(x)
[11:47:38.478] [INFO] [run] subject=9, session=5, speed=7, trial=6, x__rid_x=6cd98026f9c1f901: dummy_return_one(x)
[11:47:38.479] [INFO] [run] subject=9, session=5, speed=7, trial=7, x__rid_x=5397020718decb9c: dummy_return_one(x)
[11:47:38.479] [INFO] [run] subject=9, session=5, speed=8, trial=1, x__rid_x=860c8ef55649c7ad: dummy_return_one(x)
[11:47:38.480] [INFO] [run] subject=9, session=5, speed=8, trial=2, x__rid_x=6182f5dfbdb8ec05: dummy_return_one(x)
[11:47:38.481] [INFO] [run] subject=9, session=5, speed=8, trial=3, x__rid_x=1953681e78c6cf34: dummy_return_one(x)
[11:47:38.481] [INFO] [run] subject=9, session=5, speed=8, trial=4, x__rid_x=373283f597c3d1e5: dummy_return_one(x)
[11:47:38.482] [INFO] [run] subject=9, session=5, speed=8, trial=5, x__rid_x=1142795e36702f40: dummy_return_one(x)
[11:47:38.482] [INFO] [run] subject=9, session=5, speed=8, trial=6, x__rid_x=63e71733bc87c39a: dummy_return_one(x)
[11:47:38.483] [INFO] [run] subject=9, session=5, speed=8, trial=7, x__rid_x=2ee74676808c5c81: dummy_return_one(x)
[11:47:38.484] [INFO] [run] subject=9, session=5, speed=9, trial=1, x__rid_x=58d18ba0d759e55f: dummy_return_one(x)
[11:47:38.484] [INFO] [run] subject=9, session=5, speed=9, trial=2, x__rid_x=ba5730ff812bb994: dummy_return_one(x)
[11:47:38.485] [INFO] [run] subject=9, session=5, speed=9, trial=3, x__rid_x=9b72baf5e51bae3a: dummy_return_one(x)
[11:47:38.486] [INFO] [run] subject=9, session=5, speed=9, trial=4, x__rid_x=3cff70162ec57c72: dummy_return_one(x)
[11:47:38.486] [INFO] [run] subject=9, session=5, speed=9, trial=5, x__rid_x=d97b37ff1c4803aa: dummy_return_one(x)
[11:47:38.487] [INFO] [run] subject=9, session=5, speed=9, trial=6, x__rid_x=d052451cac17f695: dummy_return_one(x)
[11:47:38.488] [INFO] [run] subject=9, session=5, speed=9, trial=7, x__rid_x=1f152096a80d4b4c: dummy_return_one(x)
[11:47:38.490] [INFO] ----------------------------------------------------------------
[11:47:38.491] [INFO] for_each(dummy_return_one) done: completed=7000, skipped=0, total=7000
[11:47:38.491] [INFO] ================================================================
[11:47:38.704] [INFO] [bridge] for_each_save: handle=85, result_tbl shape=(7000, 6), columns=['subject', 'session', 'speed', 'trial', '__rid_x', 'DummyOut']
[11:47:38.705] [INFO] [scidb] Step 18: restoring scifor schema to 4 keys (removing 1 rid keys)
[11:47:38.705] [INFO] [scidb] Step 19: saving 7000 result row(s) for 1 output(s)
[11:47:38.705] [INFO] [batch_save] Preparing 7000 result row(s) for batch save
[11:47:38.740] [INFO] [batch_save] Preparation complete in 0.035s: 1 batch group(s), 0 generates_file item(s)
[11:47:38.740] [INFO] [batch_save] Saving 7000 record(s) for DummyOut (normal path)
[11:47:38.740] [INFO] save_batch(DummyOut): 7000 items, mode=single_column, data: float, DuckDB columns: [value: DOUBLE]
[11:47:42.706] [INFO] [timing] save_batch(DummyOut): 7000 items (7000 new rows, 7000 total storage rows), 7000 schemas, 3.966s
[11:47:42.706] [DEBUG]   save_batch 1_setup                        0.003s
[11:47:42.706] [DEBUG]   save_batch 2_split_metadata               0.033s
[11:47:42.706] [DEBUG]   save_batch 3_schema_resolution            0.020s
[11:47:42.706] [DEBUG]   save_batch 4_per_row_hashing              0.132s
[11:47:42.707] [DEBUG]   save_batch 4a_canonical_hash              0.011s
[11:47:42.707] [DEBUG]   save_batch 4b_record_id                   0.108s
[11:47:42.707] [DEBUG]   save_batch 4c_storage_row                 0.003s
[11:47:42.707] [DEBUG]   save_batch 4d_meta_row                    0.000s
[11:47:42.707] [DEBUG]   save_batch 5_dedup_check                  0.000s
[11:47:42.707] [DEBUG]   save_batch 6a_data_df_create              0.001s
[11:47:42.707] [DEBUG]   save_batch 6b_data_insert                 0.004s
[11:47:42.707] [DEBUG]   save_batch 6c_meta_insert                 3.593s
[11:47:42.707] [DEBUG]   save_batch 6d_variables_upsert            0.002s
[11:47:42.707] [DEBUG]   save_batch 6e_commit                      0.177s
[11:47:42.707] [DEBUG]   save_batch 6_batch_inserts                3.778s
[11:47:42.707] [DEBUG]   save_batch total                          3.966s
[11:47:42.727] [INFO] [save] subject=1, session=1, speed=1, trial=1: DummyOut -> record_id=9e4d134e9385 (float)
[11:47:42.727] [INFO] [save] subject=1, session=1, speed=1, trial=2: DummyOut -> record_id=4d17f332afb0 (float)
[11:47:42.727] [INFO] [save] subject=1, session=1, speed=1, trial=3: DummyOut -> record_id=08b8ab272981 (float)
[11:47:42.727] [INFO] [save] ... and 6997 more record(s)
[11:47:42.727] [INFO] [batch_save] Completed 7000 save(s) for DummyOut in 3.969s (1763.5 records/s)
[11:47:59.991] [INFO] [provenance] recorded run_id=fdde38056d0d4eaa for 7000 record(s) of fn=dummy_return_one
[11:47:59.992] [INFO] [batch_save] Total: saved 7000 record(s) in 21.287s (328.8 records/s)
[11:47:59.995] [INFO] [scidb] Step 19 complete: saved 7000 result(s) in 21.290s
[11:48:00.008] [INFO] for_each_save returned in 21.303s
[11:48:01.224] [INFO] ===== for_each(dummy_return_one) done =====
[11:48:01.284] [INFO] load(DummyOut): metadata={}
[11:48:01.297] [DEBUG] _find_record(DummyOut): SQL returned 7000 records, version_id=all
[11:48:01.311] [INFO] [timing] _find_record(DummyOut, version_id='all'): total=0.026s, sql=0.012s (7000 rows), collapse=0.000s, vk_filter=0.000s, bp_filter=0.000s, sort=0.013s, returned=7000 rows
[11:48:01.311] [INFO] load(DummyOut): found 7000 record(s)
[11:48:01.424] [INFO] [timing] load(DummyOut): pre-yield setup: find=0.026s, dtype_lookup=0.000s, chunks_total=0.112s (sql=0.069s, deserialize=0.044s, n_chunks=14, mode=single_column)
[11:48:12.216] [INFO] [timing] load(DummyOut): TOTAL=10.932s (find=0.026s, chunks=0.112s, yield_body=10.763s for 7000 records, caller_overhead~=0.030s)
