[12:08:27.774] [INFO] configure_database: path=/private/var/folders/hx/ql6ztbg12wg_5d8k27g3wxq40000gn/T/tp3eadac09_8b19_4fbe_89ce_3f7390615b06/test.duckdb, schema_keys=['subject', 'session', 'speed', 'trial']
[12:08:27.777] [INFO] MATLAB: configure_database — DuckDB lock ACQUIRED: /private/var/folders/hx/ql6ztbg12wg_5d8k27g3wxq40000gn/T/tp3eadac09_8b19_4fbe_89ce_3f7390615b06/test.duckdb
[12:08:40.773] [INFO] [timing] save_from_table(DummyMixed): data_convert=2.345s, mode=vertcat, n=7000
[12:08:40.962] [DEBUG] [timing] save_batch_bridge(DummyMixed): n=7000, mode=vertcat_df, split=0.175s, assembly=0.003s
[12:08:40.963] [INFO] save_batch(DummyMixed): 7000 items, mode=dataframe, data: DataFrame 1x54 cols=['dbl_01', 'dbl_02', 'dbl_03', 'dbl_04', 'dbl_05', 'dbl_06', 'dbl_07', 'dbl_08', 'dbl_09', 'dbl_10', 'dbl_11', 'dbl_12', 'dbl_13', 'dbl_14', 'dbl_15', 'dbl_16', 'dbl_17', 'dbl_18', 'dbl_19', 'dbl_20', 'dbl_21', 'dbl_22', 'dbl_23', 'dbl_24', 'dbl_25', 'dbl_26', 'dbl_27', 'arr_01', 'arr_02', 'arr_03', 'arr_04', 'arr_05', 'arr_06', 'arr_07', 'arr_08', 'arr_09', 'arr_10', 'arr_11', 'arr_12', 'arr_13', 'arr_14', 'arr_15', 'arr_16', 'arr_17', 'arr_18', 'arr_19', 'arr_20', 'arr_21', 'arr_22', 'arr_23', 'arr_24', 'arr_25', 'json_01', 'json_02'], DuckDB columns: [dbl_01: DOUBLE, dbl_02: DOUBLE, dbl_03: DOUBLE, dbl_04: DOUBLE, dbl_05: DOUBLE, dbl_06: DOUBLE, dbl_07: DOUBLE, dbl_08: DOUBLE, dbl_09: DOUBLE, dbl_10: DOUBLE, dbl_11: DOUBLE, dbl_12: DOUBLE, dbl_13: DOUBLE, dbl_14: DOUBLE, dbl_15: DOUBLE, dbl_16: DOUBLE, dbl_17: DOUBLE, dbl_18: DOUBLE, dbl_19: DOUBLE, dbl_20: DOUBLE, dbl_21: DOUBLE, dbl_22: DOUBLE, dbl_23: DOUBLE, dbl_24: DOUBLE, dbl_25: DOUBLE, dbl_26: DOUBLE, dbl_27: DOUBLE, arr_01: DOUBLE[], arr_02: DOUBLE[], arr_03: DOUBLE[], arr_04: DOUBLE[], arr_05: DOUBLE[], arr_06: DOUBLE[], arr_07: DOUBLE[], arr_08: DOUBLE[], arr_09: DOUBLE[], arr_10: DOUBLE[], arr_11: DOUBLE[], arr_12: DOUBLE[], arr_13: DOUBLE[], arr_14: DOUBLE[], arr_15: DOUBLE[], arr_16: DOUBLE[], arr_17: DOUBLE[], arr_18: DOUBLE[], arr_19: DOUBLE[], arr_20: DOUBLE[], arr_21: DOUBLE[], arr_22: DOUBLE[], arr_23: DOUBLE[], arr_24: DOUBLE[], arr_25: DOUBLE[], json_01: JSON, json_02: JSON]
[12:08:45.977] [INFO] [timing] save_batch(DummyMixed): 7000 items (7000 new rows, 7000 total storage rows), 7000 schemas, 5.015s
[12:08:45.983] [DEBUG]   save_batch 1_setup                        0.003s
[12:08:45.984] [DEBUG]   save_batch 2_split_metadata               0.017s
[12:08:45.984] [DEBUG]   save_batch 3_schema_resolution            0.027s
[12:08:45.985] [DEBUG]   save_batch 4_per_row_hashing              0.644s
[12:08:45.985] [DEBUG]   save_batch 4a_canonical_hash              0.352s
[12:08:45.985] [DEBUG]   save_batch 4b_record_id                   0.076s
[12:08:45.985] [DEBUG]   save_batch 4c_storage_row                 0.198s
[12:08:45.985] [DEBUG]   save_batch 4d_meta_row                    0.001s
[12:08:45.985] [DEBUG]   save_batch 5_dedup_check                  0.053s
[12:08:45.988] [DEBUG]   save_batch 6a_data_df_create              0.016s
[12:08:45.988] [DEBUG]   save_batch 6b_data_insert                 0.133s
[12:08:45.988] [DEBUG]   save_batch 6c_meta_insert                 3.939s
[12:08:45.989] [DEBUG]   save_batch 6d_variables_upsert            0.002s
[12:08:45.989] [DEBUG]   save_batch 6e_commit                      0.182s
[12:08:45.989] [DEBUG]   save_batch 6_batch_inserts                4.271s
[12:08:45.989] [DEBUG]   save_batch total                          5.015s
[12:08:45.997] [INFO] [timing] save_batch_bridge(DummyMixed): n=7000, mode=vertcat_df, split=0.175s, total=5.214s
[12:08:46.047] [INFO] load(DummyMixed): metadata={'subject': 1, 'session': 1, 'speed': 1, 'trial': 1}
[12:08:46.050] [DEBUG] _find_record(DummyMixed): SQL returned 1 records, version_id=latest
[12:08:46.055] [INFO] [timing] _find_record(DummyMixed, version_id='latest'): total=0.008s, sql=0.003s (1 rows), collapse=0.004s, vk_filter=0.000s, bp_filter=0.000s, sort=0.001s, returned=1 rows
[12:08:46.055] [INFO] load(DummyMixed): found 1 record(s)
[12:08:46.059] [INFO] [timing] load(DummyMixed): pre-yield setup: find=0.008s, dtype_lookup=0.000s, chunks_total=0.003s (sql=0.002s, deserialize=0.002s, n_chunks=1, mode=dataframe)
[12:08:46.060] [INFO] [timing] load(DummyMixed): TOTAL=0.013s (find=0.008s, chunks=0.003s, yield_body=0.001s for 1 records, caller_overhead~=0.001s)
[12:08:46.061] [DEBUG] wrap_batch_bridge: found 27 object-dtype columns to check
[12:08:46.061] [DEBUG] wrap_batch_bridge: column "arr_01" first value type: ndarray
[12:08:46.061] [DEBUG] wrap_batch_bridge: flattening column "arr_01"...
[12:08:46.061] [DEBUG] wrap_batch_bridge: column "arr_01" flattened: 10 total elements in 1 arrays
[12:08:46.061] [DEBUG] wrap_batch_bridge: column "arr_02" first value type: ndarray
[12:08:46.061] [DEBUG] wrap_batch_bridge: flattening column "arr_02"...
[12:08:46.061] [DEBUG] wrap_batch_bridge: column "arr_02" flattened: 10 total elements in 1 arrays
[12:08:46.061] [DEBUG] wrap_batch_bridge: column "arr_03" first value type: ndarray
[12:08:46.061] [DEBUG] wrap_batch_bridge: flattening column "arr_03"...
[12:08:46.061] [DEBUG] wrap_batch_bridge: column "arr_03" flattened: 10 total elements in 1 arrays
[12:08:46.061] [DEBUG] wrap_batch_bridge: column "arr_04" first value type: ndarray
[12:08:46.061] [DEBUG] wrap_batch_bridge: flattening column "arr_04"...
[12:08:46.062] [DEBUG] wrap_batch_bridge: column "arr_04" flattened: 10 total elements in 1 arrays
[12:08:46.062] [DEBUG] wrap_batch_bridge: column "arr_05" first value type: ndarray
[12:08:46.062] [DEBUG] wrap_batch_bridge: flattening column "arr_05"...
[12:08:46.062] [DEBUG] wrap_batch_bridge: column "arr_05" flattened: 10 total elements in 1 arrays
[12:08:46.062] [DEBUG] wrap_batch_bridge: column "arr_06" first value type: ndarray
[12:08:46.062] [DEBUG] wrap_batch_bridge: flattening column "arr_06"...
[12:08:46.062] [DEBUG] wrap_batch_bridge: column "arr_06" flattened: 10 total elements in 1 arrays
[12:08:46.062] [DEBUG] wrap_batch_bridge: column "arr_07" first value type: ndarray
[12:08:46.062] [DEBUG] wrap_batch_bridge: flattening column "arr_07"...
[12:08:46.062] [DEBUG] wrap_batch_bridge: column "arr_07" flattened: 10 total elements in 1 arrays
[12:08:46.062] [DEBUG] wrap_batch_bridge: column "arr_08" first value type: ndarray
[12:08:46.062] [DEBUG] wrap_batch_bridge: flattening column "arr_08"...
[12:08:46.062] [DEBUG] wrap_batch_bridge: column "arr_08" flattened: 10 total elements in 1 arrays
[12:08:46.062] [DEBUG] wrap_batch_bridge: column "arr_09" first value type: ndarray
[12:08:46.062] [DEBUG] wrap_batch_bridge: flattening column "arr_09"...
[12:08:46.062] [DEBUG] wrap_batch_bridge: column "arr_09" flattened: 10 total elements in 1 arrays
[12:08:46.062] [DEBUG] wrap_batch_bridge: column "arr_10" first value type: ndarray
[12:08:46.063] [DEBUG] wrap_batch_bridge: flattening column "arr_10"...
[12:08:46.063] [DEBUG] wrap_batch_bridge: column "arr_10" flattened: 10 total elements in 1 arrays
[12:08:46.063] [DEBUG] wrap_batch_bridge: column "arr_11" first value type: ndarray
[12:08:46.063] [DEBUG] wrap_batch_bridge: flattening column "arr_11"...
[12:08:46.063] [DEBUG] wrap_batch_bridge: column "arr_11" flattened: 10 total elements in 1 arrays
[12:08:46.063] [DEBUG] wrap_batch_bridge: column "arr_12" first value type: ndarray
[12:08:46.063] [DEBUG] wrap_batch_bridge: flattening column "arr_12"...
[12:08:46.063] [DEBUG] wrap_batch_bridge: column "arr_12" flattened: 10 total elements in 1 arrays
[12:08:46.063] [DEBUG] wrap_batch_bridge: column "arr_13" first value type: ndarray
[12:08:46.063] [DEBUG] wrap_batch_bridge: flattening column "arr_13"...
[12:08:46.063] [DEBUG] wrap_batch_bridge: column "arr_13" flattened: 10 total elements in 1 arrays
[12:08:46.063] [DEBUG] wrap_batch_bridge: column "arr_14" first value type: ndarray
[12:08:46.063] [DEBUG] wrap_batch_bridge: flattening column "arr_14"...
[12:08:46.063] [DEBUG] wrap_batch_bridge: column "arr_14" flattened: 10 total elements in 1 arrays
[12:08:46.063] [DEBUG] wrap_batch_bridge: column "arr_15" first value type: ndarray
[12:08:46.063] [DEBUG] wrap_batch_bridge: flattening column "arr_15"...
[12:08:46.063] [DEBUG] wrap_batch_bridge: column "arr_15" flattened: 10 total elements in 1 arrays
[12:08:46.063] [DEBUG] wrap_batch_bridge: column "arr_16" first value type: ndarray
[12:08:46.064] [DEBUG] wrap_batch_bridge: flattening column "arr_16"...
[12:08:46.064] [DEBUG] wrap_batch_bridge: column "arr_16" flattened: 10 total elements in 1 arrays
[12:08:46.064] [DEBUG] wrap_batch_bridge: column "arr_17" first value type: ndarray
[12:08:46.064] [DEBUG] wrap_batch_bridge: flattening column "arr_17"...
[12:08:46.064] [DEBUG] wrap_batch_bridge: column "arr_17" flattened: 10 total elements in 1 arrays
[12:08:46.064] [DEBUG] wrap_batch_bridge: column "arr_18" first value type: ndarray
[12:08:46.064] [DEBUG] wrap_batch_bridge: flattening column "arr_18"...
[12:08:46.064] [DEBUG] wrap_batch_bridge: column "arr_18" flattened: 10 total elements in 1 arrays
[12:08:46.064] [DEBUG] wrap_batch_bridge: column "arr_19" first value type: ndarray
[12:08:46.064] [DEBUG] wrap_batch_bridge: flattening column "arr_19"...
[12:08:46.064] [DEBUG] wrap_batch_bridge: column "arr_19" flattened: 10 total elements in 1 arrays
[12:08:46.064] [DEBUG] wrap_batch_bridge: column "arr_20" first value type: ndarray
[12:08:46.064] [DEBUG] wrap_batch_bridge: flattening column "arr_20"...
[12:08:46.064] [DEBUG] wrap_batch_bridge: column "arr_20" flattened: 10 total elements in 1 arrays
[12:08:46.064] [DEBUG] wrap_batch_bridge: column "arr_21" first value type: ndarray
[12:08:46.064] [DEBUG] wrap_batch_bridge: flattening column "arr_21"...
[12:08:46.064] [DEBUG] wrap_batch_bridge: column "arr_21" flattened: 10 total elements in 1 arrays
[12:08:46.064] [DEBUG] wrap_batch_bridge: column "arr_22" first value type: ndarray
[12:08:46.065] [DEBUG] wrap_batch_bridge: flattening column "arr_22"...
[12:08:46.065] [DEBUG] wrap_batch_bridge: column "arr_22" flattened: 10 total elements in 1 arrays
[12:08:46.065] [DEBUG] wrap_batch_bridge: column "arr_23" first value type: ndarray
[12:08:46.065] [DEBUG] wrap_batch_bridge: flattening column "arr_23"...
[12:08:46.065] [DEBUG] wrap_batch_bridge: column "arr_23" flattened: 10 total elements in 1 arrays
[12:08:46.065] [DEBUG] wrap_batch_bridge: column "arr_24" first value type: ndarray
[12:08:46.065] [DEBUG] wrap_batch_bridge: flattening column "arr_24"...
[12:08:46.065] [DEBUG] wrap_batch_bridge: column "arr_24" flattened: 10 total elements in 1 arrays
[12:08:46.065] [DEBUG] wrap_batch_bridge: column "arr_25" first value type: ndarray
[12:08:46.065] [DEBUG] wrap_batch_bridge: flattening column "arr_25"...
[12:08:46.065] [DEBUG] wrap_batch_bridge: column "arr_25" flattened: 10 total elements in 1 arrays
[12:08:46.065] [DEBUG] wrap_batch_bridge: column "json_01" first value type: dict
[12:08:46.065] [DEBUG] wrap_batch_bridge: column "json_01" contains dicts, serializing to JSON...
[12:08:46.065] [DEBUG] wrap_batch_bridge: column "json_01" serialized to JSON strings
[12:08:46.065] [DEBUG] wrap_batch_bridge: column "json_02" first value type: dict
[12:08:46.065] [DEBUG] wrap_batch_bridge: column "json_02" contains dicts, serializing to JSON...
[12:08:46.065] [DEBUG] wrap_batch_bridge: column "json_02" serialized to JSON strings
[12:08:46.065] [INFO] wrap_batch_bridge: optimized 27 array columns for MATLAB transfer: ['arr_01', 'arr_02', 'arr_03', 'arr_04', 'arr_05']
[12:08:46.751] [INFO] wrap_py_vars_batch: reconstructed 25 flattened array columns
[12:08:46.779] [INFO] wrap_py_vars_batch: parsed 2 JSON columns to structs
[12:08:46.925] [INFO] ===== for_each(dummy_return_one) start =====
[12:08:47.090] [INFO] [scidb] entry: metadata_iterables keys=['subject', 'session', 'speed', 'trial'], types=['list', 'list', 'list', 'list'], lens=[0, 0, 0, 0], user_explicit_keys=[]
[12:08:47.091] [INFO] [scidb] Step 2: resolving 4 empty list(s) from database: ['subject', 'session', 'speed', 'trial']
[12:08:47.093] [INFO] [scidb] resolved 'subject' from database: 20 values
[12:08:47.095] [INFO] [scidb] resolved 'session' from database: 5 values
[12:08:47.096] [INFO] [scidb] resolved 'speed' from database: 10 values
[12:08:47.097] [INFO] [scidb] resolved 'trial' from database: 7 values
[12:08:47.097] [INFO] [scidb] Step 3: no PathInput detected, skipping filesystem discovery
[12:08:47.097] [INFO] [scidb] Step 4: propagating schema keys to scifor
[12:08:47.098] [INFO] [scidb] Step 5: stringifying metadata iterable values for schema keys
[12:08:47.098] [INFO] [scidb] stringified 4 schema key iterable(s)
[12:08:47.098] [INFO] [scidb] Step 6: resolved 1 output name(s): ['DummyOut']
[12:08:47.098] [INFO] [scidb] Step 8: building ForEachConfig version keys
[12:08:47.099] [INFO] [scidb] ForEachConfig: call_id=94295c89bb0d82bf, version_keys=['__fn', '__fn_hash', '__inputs', '__constants', '__as_table']
[12:08:47.099] [INFO] [scidb] Step 9: pre-filtering combos to only existing schema combinations
[12:08:47.114] [INFO] [scidb] all 7000 combos exist in database
[12:08:47.115] [INFO] [scidb] Step 10: loading 1 input(s) into DataFrames
[12:08:47.126] [DEBUG] _find_record(DummyMixed): SQL returned 7000 records, version_id=latest
[12:08:50.991] [INFO] [timing] _find_record(DummyMixed, version_id='latest'): total=3.875s, sql=0.010s (7000 rows), collapse=3.853s, vk_filter=0.000s, bp_filter=0.000s, sort=0.012s, returned=7000 rows
[12:08:56.385] [INFO] [timing] load_all_as_df(DummyMixed): 7000 records, layout='spread', sql=0.330s, total=9.269s
[12:08:56.389] [INFO] [timing] _load_var_type_as_spread(DummyMixed): 7000 rows x 60 cols in 9.274s (fast path)
[12:08:56.389] [INFO] input 'x': loaded DummyMixed -> 7000 rows, 60 cols in 9.274s
[12:08:56.389] [INFO] loaded 1 inputs in 9.274s
[12:08:56.389] [INFO] [scidb] loaded 1 DataFrame input(s), 0 other(s)
[12:08:56.389] [INFO] [scidb] Step 11: building variant tracking (rid->branch_params mapping)
[12:08:56.399] [INFO] [scidb] variant tracking: 7000 record_id(s) mapped, 1 rid key(s): ['__rid_x'], 0 fixed input rid(s): []
[12:08:56.402] [INFO] [scidb] Step 12: expanding combos with record-ID variants
[12:08:56.402] [INFO] [scidb] Step 12: all_combos=7000, _discovered_combos=None
[12:08:56.402] [INFO] [scidb] full iteration mode: all schema keys being iterated
[12:08:56.511] [DEBUG] expanding combos: 7000 base combos, 1 rid dimensions
[12:08:56.519] [DEBUG] 7000 combos (no rid expansion needed)
[12:08:56.519] [INFO] [scidb] Step 14: no pre-combo hook provided, skipping
[12:08:56.519] [INFO] [scidb] Step 15: extending scifor schema from 4 to 5 keys (added 1 rid keys)
[12:08:56.530] [INFO] [bridge] for_each_prepare returning: full_combos=7000, extended_metadata_iterables keys=['subject', 'session', 'speed', 'trial', 'x__rid_x'], meta sizes=[20, 5, 10, 7, 7000]
[12:08:56.532] [INFO] for_each_prepare returned in 9.441s
[12:09:46.623] [INFO] ================================================================
[12:09:46.625] [INFO] for_each(dummy_return_one) — 7000 iterations
[12:09:46.625] [INFO] subject=[20 values], session=[5 values], speed=[10 values], trial=[7 values], x__rid_x=[7000 values]
[12:09:46.625] [INFO] ================================================================
[12:09:46.628] [INFO] inputs: {x: <table 7000x59>}
[12:09:46.632] [INFO] subject=[1, 10, 11, 12, 13, 14, 15, 16, 17, 18, 19, 2, 20, 3, 4, 5, 6, 7, 8, 9]
[12:09:46.634] [INFO] session=[1, 2, 3, 4, 5]
[12:09:46.635] [INFO] speed=[1, 10, 2, 3, 4, 5, 6, 7, 8, 9]
[12:09:46.636] [INFO] trial=[1, 2, 3, 4, 5, 6, 7]
[12:09:46.645] [INFO] x__rid_x=[1ea4320e845f8c35, 7df3dcf6441f110b, 4c9270dbc1db7abe, 44ce6825a4daa4d5, 210be81a237710f1, a5ce99233b88b922, a4d3864f0f5396fc, 9576430bc9349663, 3ad85ef929f012c9, a769fd4b2a5af4d3, bfb968eb207cc06b, a0ba8a5fdec82790, ab31e07492862935, 1551ee0381dc367d, 3e05e5d210500a82, 74293f9ddc8f1c72, bf6819089c5c1c68, 185f260e7963e7a5, 244bec00f409c411, b297ba6cf6cc8fd4, bff553536682ff49, bb26f90df0b00411, 982250bfcefae5ef, e5e3b3fcf5f0b8e2, 146e76f03d7ca8fb, 7023c410dcbb18fc, f4352539c244d07c, c1c11a0065b17963, f7bf8aba71a4272d, 546390e8cbbd69aa, 6dc1194860e0ab30, 655dab6fafbbae2f, b8e6f9f71c658b12, 2972edcd70371c75, 847db4a6deb8ea00, e48d325887150308, 161e8a5dc9d5ceca, a9af9fad29dc5e3a, 0d2c430676064069, 6728806db49b21fb, fd731a2e0117a4f7, 758784befbaa6cf4, 289f1b33b2e5ef5e, dc30899a71e6d8fe, 61ba064e6265ecff, ca39df04bb0c109e, 0da6cb2e6698bcf9, f96c53d205ee1aac, f1d230e97b17927c, f73384b2a2b2364b, 8eaeb07c7f08cabe, 88e945b5bec8ceeb, 39e39e36931cffdb, 9a2833d3196cbb3b, 1df677e205510b7b, 7468deba54155cf9, b77c7173103e942a, 773c02a1c5a06193, e80fc89dc7bce3ae, 5e7fb58de97dfd23, fab2e6b53fc2e3c6, 09b975d0064e64c2, a6f1d6ae8b74dbfe, 35b9162d99d89926, 3db343f71da3e47b, 769bfbae459a1537, bdb0f486362bd2b7, c03c1bdd7a588f62, 6ff79bceea620362, 3bd04cf524bf912a, 7b0bec3d2b1e51ca, 11d4a54814572244, 467a94cc9492571f, 1af15ee1672f4697, f64e1db905ede07b, e48bb614bfbfd9cd, 281988499471ca0f, 3272941a7a0b1419, 4428f67e44383eab, 81a9dc0a072a351f, 9a1fd13f19728b07, b36dfc2b603c3683, 58baf6896a34171c, cc646618ab374d28, 38754b020c754d8d, 7bf53837f08cc37a, 604f9fc6c6f87a34, 677197165084b49e, 9849df22f825f809, 41a6db0051307e0a, bd925306d4af6593, 2d5ae6181c08e6ac, e584294f60fe1959, 55f6bd85a1249d37, 7bb230d7b90a0c78, 664478e4d1913e6e, c5fd367ff49f6fb9, 60f2af4faf38f837, 52523c12a735de5c, 8048aa0aebdf42d9, 6edf29124d558ca8, 10e0934c2daf517b, 9ba0db6c272f3ac6, 1882df923e47cd49, 68db120f0a23542e, d91b6aaa6c3b5538, 70336d89a76bf9e7, e675a8b20e70778a, 7e7d467f5eefd3ef, 48495cdddb1db380, 6f9c4a447dcabb38, 0300f2d7bbc55b37, 710a13f6cc83ff00, 07a3b0202f1726c0, 2e0271f9e0c45373, dbc80c323d6e9018, 64591bee08693dce, 65ee82c6872a9673, fcde73a13060896b, 0cfd490a053279da, 869d1d3b73f72b9a, 221fb9dd2fc8e33a, 158ec916745d853e, b62c0a764744d071, 26bda2c7f6bf41a9, 4bdb3af6429f4da5, ec2fee604df96305, f0bdeaee45181692, 28c67f3671b3f5cb, 1c6be291758e7208, 4ddbc0b3996dbf18, b9f0e3b4e82ca1cc, 10048dc0f5d60677, 4584314091b59b86, 202c0321961ab1fd, 5caa1e253e480c80, 367128645edbfc8e, 5a79bd515cea110c, 3d4486550733fe16, 80a2c3e4c47119e5, de19244846a86495, d0667318aef08857, 13d05d899111c69b, 05ac6e22e2743509, 268897a2bd3bc9df, 4f623205e988a077, 02f6a7a3dd29ba9f, cfbf2f67f935c03e, e3a225dc915b0600, 07b39ecfeca18a7e, 9eeaac2af10a4b97, 33c36d73b8d49937, 3e0f2f3151cccfbf, 5ce005e342ebfc6b, 874772192dff9491, cabfa22a045a9c25, a5bdac39255df871, c77d9b713ee70c38, 54803d840af34133, 296b861c68a52880, df81e5ec43ef71f1, d60bbc026c2381eb, 53b82f4dcf4d6163, ab4e5094d5a60311, ab26b8d6bc55d78f, b168d2e1e001318f, b70f0f3daf3bc086, 8c7c6cced53253f9, 93a4a375f35515d5, becd364a8d62fce3, 6b69e5d54291a204, c74b90b3717c1040, 591d0a0c59536d1b, 638a704cc992d21b, 81343c2854fed60b, 67d5cea553827eb5, 6e72155d8376e500, d622f59984d04820, abdfdc838b996bb8, a08b8b940a633226, 47f22b5a535b8bbf, 4ccc1445077b64f4, 9f742aa630dd9ee9, 264bbba373cb24c0, 4a9417fc0833cfe8, c6c2ff014f18a2a2, 0f1b8839b3e96cb6, 243de52e707a5627, 5512f7740f78509f, eb479dcc306d408b, 797efc8bfabf88f3, 28bf20df57749b0b, d7c4188cfcfdb5bd, 441af8dbd175ce44, d367f23a944135c2, 57cdc991b9c29146, c81a07d9eb484188, ae7d2129c8fe8ebd, 8b31eaf1cb842f14, ba757d6eb6c2fc76, 6a1ab5f342533bbc, 5a2f47b77ae9522b, f72317664223a298, 61946d5a62dc263a, b6a965f344bcfbae, b2f0fcee8fc3e7f8, f748bbee97c66a0f, 257b6c238a871e5e, ea98e16743e306b7, 26832a361be0fc56, 078c8d939c3765a3, e093743b958f35b3, 9eed77fd4de1dcab, 43fa3eabc56c4475, ea9ae504db4f8218, 10ec76ca71eefdcf, 67e13c35d9d9c3a5, 7a74f90155bb4330, 7ebc8cdd7b30f77d, a11a4f6667ad72f6, 07668c9cd2137e46, 8116d24fc69f9396, 610c398b16339fab, 5141d4759d07e74b, 55279c88bf39a5a1, 8dcf50eb96959a1f, fbfc8a01a8fc7524, 7691a141a878ecc9, b1b7293a2d3c3444, 51d0d2bff9f1f918, 5dd416f4db266efa, b8b12c764471bded, cada39c0dffb075f, 6c6c6426e61b1d60, 705a77d2e7ef3c61, 96521f9ba1da67e0, 2cc35e96d5a12b10, 0258527406831244, 84ced1056d6bfd9d, a02e288cb22027ad, 6c4ceadb0706ac9d, bce7b3b90d369911, 2bcf53d3670e35ad, 4492c6766b1cb3f8, 569f047a8e1c1fb2, 638ede028ed08053, 76947d17f80f0a62, 17078ef2904a8341, c97b62e8f2736c77, 71568840b68fa692, 60d7ecd702e91d6d, 76604b32c546cdae, 21704eaad34f9206, 69affa291288b5c8, 97344810b1c0574c, b36c067f05128759, 84fe9d6338ae1121, 7cc12da7008dd4ef, 3b7fdfa60a2eaac6, 2d2df12db165ca69, 2af9cc0dabf1140e, 4e260c6164b0ac20, 739f93efd10c81fa, c09d6ada8313f327, 4ee29aa955c740fe, 57a491cd3adb6420, 8ec8b5b5157f7133, 68019682bb02dc00, 77c3c9f14341e6fc, 4a7fb5f807c322d0, 1341593cbe41f182, b5a50f3da63a5c83, 1a3d1d8e069d4d13, 2f39a1e0e76a89cb, 7125ae31d89b7ba1, ef4878e5d04ed332, 175c32ba2b8dc6c7, 235e51fc9bf3a7b4, 4c421424bad9d825, 917aeefbeda7f117, 3a67f911c1970f91, 67f3889411cb8bbf, 5e4dce7e020f97d5, d10b8eed45a53a97, 48e3eae5581c312e, cdd891cb61fb1392, 3b1ed1c7c77d2825, 51123e07fd1b47bd, ce28b1c1c6962495, fffd969bc408ef07, ce9f65039c0c7d38, 7a5e0f1146adbb77, f4c5913b856f1833, cc4132d0311c2907, 3694cf0ac2957c0e, 3b4e176a31084500, d735c87ad5563df0, 746ad5161f59677b, ae10cc367b076557, 3ea88b8ce2c89c0f, 3ef9e33d0f2e2067, 4c59148e9f45b559, 50989e8e948e0d48, fc61c19636a66ca9, aeeec6dc81aff36e, dcc96b297f34f707, bfc13430dc773569, a15c0e6a3d21d180, ccbe2d04d8f1cc45, 3c5efc73e98b89fc, 58cf0ac8da70b227, 6537f9dbab5bbc94, d5344322095592e4, a0e6020573c0e76f, 887ae973374dd998, ce1a66dcb49d3f35, b7651ce2a69acbfd, 2f98dee498aeb9f2, 8d40fde85d1a6a4a, 54e5ac703f8b72d5, 8c7ee909d3a76dd1, b069469808a55c40, 900edaf457c4c93c, ac582f72596808fb, ef319a3cbe87ada1, cc848cfdae74eb84, 0b72cb911806792a, a9aad36e16b977ea, 12851dca14e2e62e, db5290d898289d58, 415365d4ccceba0d, 5c3c2f2a3303a4a4, 2251717f9d9fda62, e2f6b0079170e563, 64207034ae1cf265, 5ab8865e08f36b9a, 069173467d7551a2, a0fb617942c93bb2, 59689c703de0615a, 1120c78759ee170f, d260516fe98fcd7c, f8645f2eb4ccc198, 693f39d813f928f0, 83c05025b858d157, dab8f7189a208bfb, c848301ee9be2c8e, e4c07c0f06ebfeab, d7adbcbd169b7bc9, 32fa2411f5da4fd9, a62aefb9f5d8b423, 288c19a06f06fb90, 75b64fd307361124, 454961a10a6173fd, 6191087ef1669297, 66ac13e4e220aeb1, aa473c1f6e31e90a, b37009f3ce9cfcdd, f8bb04e034b273fe, 6fe780790f78249b, cf53ab19b763074c, 69d1531f74dc51a0, fb2fb304f2dbc9ac, d7fd67a39dc756e3, 0145d884c94c943a, 812b5bd87f5aad2a, 90a108faab4be888, 26f3b0dbf8de2bf2, c0da940c31b66b6b, 9b6853ed1f2755ca, 1071d7a2f01a0205, 82dc6f140e43255d, a633522ab82c6fc8, 30623c2b8bcc71b1, 7efb36cca78a046a, 42d6a5e81b469c70, aba24784c2e8edfa, 86433441ecdc7176, d1f7bf072abce60d, 98716d826e8f1604, c9c78435ee03bbe4, a7979f146cea27c5, efd64db615a96e77, 1012e002bb16627c, b64bdcdcf29e7c38, fcfa0ba7c39c5647, 77c88a7dbbd0aa23, 7d0e09fcc896807d, 571a01bbcd463a9c, 276cd6e4cb990f0f, f40cb5e22890033f, 8b6e9bb42a11240c, 2fc78206c08893b4, c19f780bf3b8c571, fd22494232c15778, 7fd7d481757aa71f, 57245b2dfa362dce, 38e90bebc87a4634, 768fa50429730e8c, c06fde9b3adad31c, 614b40dfc9100bac, 1783cbb79633861b, 5140d6c4c284d44d, 2ab471f422c492bf, a043fd2a05fdad1a, b7df93a278393077, a324c10c9ca902af, cb2e36aad900256c, 36bea9cec656bdd1, 7c29b23be2516e66, ece381c142317093, 91bcd437849346d0, 8a854f9e94bbb0eb, 359cd7c717b8bff3, c65259eab1b312c5, c38086a5de7d4e9d, 613b6c494ff4f97b, 7342206af2c78648, 9c2c173b6ff93aa4, 23049a57a3087bfd, c79abe7ef13f33c2, 6ee6d81e77417f1c, 2c8417c79ede8a5a, 8a7aa8cf2732cda3, 5e6638958c81ab91, 9e71dd899787bf3e, 1220897f7f153117, 8b4e8ced976b81a3, faff5ef3b48a8988, 5d3c947714317474, 456a2cfbfd509325, bc0265cd4b698442, 98d655684ce5145c, 030f34e39cd4506e, 25f7470cf30a6205, 607b40602b73686b, e059cc035baf6cda, 7f9ed5febbc736ab, 8821a4c133bdcc13, 7c1f9683c61e40ad, f6f27981428dfff3, 6e4811581dd8bdb1, b9e33ad2ae1be9a9, e3af995a8933beba, 25b82d0fac3ecfc0, 470798055d7ebf7e, cd10670c0aa5d538, 3272f68e6eecd17a, 54bf7c207d16888f, 8197189f2f69794b, 516e00f0c237ba0e, 51471ddf315c5f68, 61be876a0678200d, ae2c9c6b9abc7390, 6967c74de84f2478, d5026c772ca15f29, 78c293840846ecd1, 3cdc6c835ab5818a, 4f2d85f6c1011bd5, 974b146b2964f0fb, 4e4d921c965452a3, d16bf150a6476813, 85b4bd232bd047ff, 170c30d2a59bda8e, 14e4e329a94fa848, 3ebb36ef10bd7776, b8f2345f3f511d84, 847fa519ad6df3b1, e7c45c20083f726a, ea568a16825179f1, e32b62ec24aaadfa, 46421802cb13fa1e, eb81144599e4139b, 8e58e0cee468dd4b, e8b1d8a437f88ab4, 1eb2d012f5eef117, d5de3772690cc380, 1e4d05ac31b73362, adf258183beaffe9, 17fe50efd07d2436, 915bcfa6135be27b, c09a1ee1ca6132db, 5273c52798ac3ed0, 43b527df440c40e2, a83462151dfa4f8b, 1858ad3b4369711d, 1b6f81a582d36623, 86f9275a16193780, 183796be2698ec0f, a4a4b7d5f4e26331, 8dbbfcde7ecf704d, d26b5a818623f5f9, 39a17a75cc45b628, deb98ad5704eecc5, 9c90710a15ace667, e972e1b4615c022b, e1c21786760f006c, 17e1982b33b7c2a8, 0749af8827602424, 3a53b7f0fb660f2a, c58431c668b3646d, 95e0c4f3632bbe02, 2101459bb475a429, 2b21740813aa6a61, 26b50cbfb0aab228, 362e6b8fbd429638, 484119607681e185, e1d3e8a8a55f9e60, 471973f7dbaefa3a, de2ea09a67407816, 10e35559b1db9bad, e9fc76cf872f8871, e15efe7763085752, 1272a21c72990ebe, 95e6f5d7889dac23, 7fedf1d1cefde452, 2b697ac36ee75d7f, 751d7857bf52ef7a, 7925e5413a556342, 4a5730176ebd48c9, caf320e3530718e8, 34715c8e18b0cd50, 9d2b028f923b3bcf, 5f639e275825573a, e4282b826f76a53d, 26afdc8b9ca03dfc, d158eee440b2a70f, 2417836f8e9f89b9, 6e1b2eab330c0f0c, 120862776e22e475, 19d58b23b60bcba9, dd4c037968d11509, df31637693077a1d, ebc6db71656f73d2, 2466be58fe86f789, ed53543b39b2b800, f384f0f40ab10903, 13a63f3e70a4c377, 9860dd40a5e66b1a, 07bf1d68bb70ea08, fb791fdaeb79b005, 334c596bd782da19, beb89e860daee85c, a41891f3b1e81b80, 3107eeb1659900be, 1d1350dcac07be8c, db11cd9bd1dd36a6, b5767e6831d7878a, ba416ff0b231484b, 4d9f9041a1860fd4, 59bbffab00d0eb03, 84447fe90c08b200, f139774ee794defa, 61431b404e9dfd1d, 1b1a76265a599bbf, 8e4d6fd2dfb5e176, b2d066875cc34345, fda8882ee0b2c079, 23b73e10bebd5bc0, d81d45a8769885aa, d1e64faf870873fd, 312c3342fc47027c, 4ad56ffbbf108255, f2f29e045d055d51, e16e590b21d24dc3, 1fc24464770e1467, cf2145a9ab71bacb, 189025a7cb0cbec0, 4815c8ecd5b6c9dc, 6760923a79eba200, 47e871e601a291d7, 2d495ac351a4f1d4, 5545a54ca304c160, 2bdc452c9ece6ef1, f9d3e79b7426faa4, 483741c5214ed4d5, 10fa7bc6bdc2dc01, 98519a655e3e4d5e, cffcdb44096060bc, 76463abe68c17774, dc107abe67c8f870, 1993727d11888ec3, 4f1216d794a83a5b, 2c89a5c35294c4c4, 83b3c8daf6a0b183, 107eee1d2e1840d3, a59ff2129fa10ade, 78df053d8350a21a, 00b122a4b66606ca, 4da10f01f3225466, a6d49b95e4d06ddc, e92f8406c3c4b4d6, e31a767070b755e0, bfdd60b9ed6ded18, f2398c7448c5bf3d, a8d17f6188f0e3d7, 1d80de145edf4f96, 2c2577dc305c32ff, 1801cc5e7adc224f, 4daa7fba68aec959, b818fa5792d8e51a, e9020278c8be9d08, 0395dacf5e90a8f6, b5bae0ae4be3b05e, 49d80c138233f6eb, 72676f3ba70bc22a, 14ebcb81fe371cba, c70f3b5b8d0cdffc, d641921a1e279e3c, 23cd4805310ab52c, 563eca5fce650c29, 399d10f0d8175fb9, 4064c9fad8ce7c0f, b171b541b0393438, 5d3c59886afd0bc4, 8fda28fa7f554b7e, 2e97bd704717337f, c56273e1d629f851, 75b57f84094ba017, 2259c98f61aac0b1, 16c46561b22a5a96, ea9fc7bd55e18040, 911f84b594b27502, 00db35f1778ac405, 5ee1fc9d871c1cb0, ca27e570ccdb4963, 72adfc894195e875, 2654994f2397d672, 7106353df23df2bc, 43f29d113be570e1, 5a0aa775beb34524, 57a5bbbcf89b9989, 43d0378b40a6af22, 678351d7da644e4b, 76d7c7407b33c68b, 15c31fc88ed01f3f, f2655df200dde736, 14dda2706c6fb732, 490a771f0548d624, 14c46952bb4d8784, f6997a54a115a00e, 6f1d5736ebbe4463, cb21283ee70db0d0, 31febea0c3004d48, aa25182f0d72cd9e, 9db88966316b61dd, 07419b117e955b08, 34b3980af783284c, 520fadf2b9c97c0e, 572f5256472c1397, eecd59f162e894d4, 1f207ba8d2e4986d, 1fdc642a940f014e, ef02056a0d205eb1, f2fc4c60e9a22a67, 7ecf0529582f76de, ae9837b68581c60d, 9aa45f4015cb30fa, 7a7d0e7b53a0fe42, e133f0496b46c263, 97d79f1a14ff889f, 25498eee6d38c420, 87a87f6a42793fe0, 9c08edc883e7a6d5, 67ef59d72b45bbaa, ff5c6c56e14d4773, 505e12fac75e9978, 491a9e55c4061a9d, f14c88c24fb06c5f, e4dfa39405cbd232, c9d881b81aef0f2b, 437ced1f8f774af1, ddd4b2e18b8d167f, 735ee07cccaaa6f1, 2e0b1cac9174f4ab, 17ab0de0561f5c39, 879e3d0af7525d56, cea99cc7508bb9d3, 2e69494ebdeedd4d, 173d49ae57c1b736, baebb7adf83d9144, 306bea855eb7d1fd, 42a43b7fe4de559c, 86d2d9e19bba46ca, f4438b9ff02845a3, 061743868231cb82, d75a8c0f19a590ed, e7f230d9cc6c9327, 4e21e196bb035d6a, 03a1bacd3f95a362, a5c2d1eac68fface, 307efd5be0db44b5, 8c28bb5bd9547b46, 30c08bd17293daf5, d60526a0cdd43b51, ce91e3c4014b1acd, 099d32457c97058d, 6d3dc197ebce1462, b9e2b6d2ca7c0c07, 94b75eadb91ad0d5, 58f5ce831b65818c, 145c71517bb4693c, eb035f2bbebadbd4, 81da51983a518f86, 786498fe5ab0fd2e, cbd32a5e35b0230b, 319f4ea8cb4f6c11, 55c5750b76bb686c, 0a72e8a33dc543b1, d1c5fc7d9675456d, 8b067c6792431c95, cc7924fcc1cb079a, bf6e0e52e5034b7f, 31631e00f5ac491a, 000309fbf8b115c2, c42db38e5bf1e3e1, e5a1d460099f3c69, 538642484a942554, 79de26f4505f532b, b8caadd33432a649, a4dfce098a05f526, 375ce26aaaa2ab3a, 17b2deaec248e4f2, 536b80a325508dd3, 6a76fc7d5611d039, 16f438612ebc0e8a, 273986b83950c3d4, 00207bbf9a39885e, 2644820a9309894c, 0b918895fa24eaea, 9b131ac17389f7dc, 4169d4f9025ae6cc, 5e6c85f73b827abd, efe98fb2048996f9, 579435ee9338a42e, 073ffb58ff808b9e, f57abc25366b14e7, ecc6935c3e36d224, 5b84ea33cd70e961, 28998f937879c7ce, ef0402ed8f53b278, fd3b0e652e85b1db, fc2a1a5f9ac6e8ac, 9cc2162ee75f7d21, 043ea57e99f12713, 04a6bf4efa6b903c, 6fc1022bc4763e95, e85dedc1cfa9b0e8, 5eb449465e7af4cd, c5a5b34c38c7bac2, cffa8979e7d1a7b5, 47dc134d02e69a6b, 7d0c714887f66579, f40e6426522684a6, dd6bb35b15efed81, 05ec40c6bc78a2dd, 55876b8d33f10bd3, d30281ddd3183daf, ad1e867d9c2de53e, 29dfb80be1da74a4, 47578c440f3d4433, c51f20f6fee14bef, 1baaddf2b68c7b5c, ab27ba7df099fd03, 1e83e8e486211725, 3431435ae8dd2526, d4ecb10134869897, a946ea8ece7de193, d3fc713b498ba84d, 2aa8a77092333714, 9bf9101f63e6d74a, 6d444f45335f69ff, ba7a9e5f909e8a38, 1dc3e25fa52614e5, 4b1025b49c934081, 1f16f3b4362ece56, 7b0ae48dc1e03d60, c20e291dd737d4b2, ac0b78c26db155a5, 71ef3afb3b3e3cf8, 3d7330d5c04d7f6a, c6ac247f09a5c651, 966f9a5c62872603, 4e5a3f83540db3b9, b159f1f7f39c613e, d4101c7c6dedcc73, 910d5ce26613a083, d6246683c32852c1, e4f71fd485b59c4c, ddce70a6e86628bc, aaaaf43e65ab71b7, 88efc53276f52aa9, 4a8ba626d7e907c7, efdf61e19182bf85, 579c998630cb1964, f6d2ad796edccee0, 1e93748543d70261, 1df0937e9cfdc244, 8312590496ac7fa7, 6e6bb7d896f3bb36, ed81d14ba0822d00, 1162f9a628861673, 832f263103f1139f, 06b221a7e7bdaa76, 1f5dbbe94ff4f560, f7e5665ee8746f79, 01db72b4587c3a20, 16bc656ff7220533, a001167ca13592b1, 098641920fde4387, 6db2cc7b4abd7e75, dd8d1ab89735cb16, 5ba1c4f7b512a4f6, 834509624775681f, cc7536fa40bb4e79, 9c9cd3775c4c808f, d42d36200629cc60, c1c898542619bf9f, 6be7daec92d954f0, ddf7da8c1dafdae5, daa46e81be5c8a57, 1cde7bd4b9f0802d, 4d45a850f353c4c2, 28ed4788268a03b8, f3575bef305ef4ae, 43215b9a6a1a0450, 8515b37623d9c3a9, 655981edb009f521, 45dbf337c7473c51, 4c3a2e00019818b5, 5e65d6603d3e5c05, 63b5328e1e3dcc70, 1a246793604e1557, aef6aa93b608ead1, d46af1e412e49d22, dcb80136f21ed0f4, 0de350a333074b63, 077ea28284c299b0, c3aeb45b0167f02c, b3b91e9951ca5394, 510b4941bc011824, 42a50cb307c0dbfe, d7d4b374f1c2606e, 9b01e5b7f71116ae, 7849264b164eac85, 49280add0cc21678, 94dbeb110c1872e9, 0f80344cdd32096d, 94ae98fe735af869, 1027c4b27b92a56e, d7c4380d8da9a51a, 97cf583baa507254, 88669ba1197f4198, c6f3c1258fdf997a, 4ec0ccad57f3198e, c75000a72b40d6d4, d3d18083863f1663, 120005cb4175bf2f, e034d499cbe22b47, 3e074a6911d0f9df, c928cf8e01e557c9, 8f2ad0c2b1aff7b3, cf48f5904bd36353, 2bd766f978a8b808, 3614bd4056c45ea5, 64a0c56c933a0baf, 71f6fe2f75cf6b8c, 980284091f21f0cc, a1329150872ade3b, e753177808570e52, 87d3276828dad299, e6491b9705e145bc, 1f83744c63b00a83, 2a7f9579d9ae328c, a8430fd84e9c50ce, a46e0ffc0752a436, d1cc659cd27012b2, 4d422d5c7583b936, c82a804fa5fa04fa, 1f6d257006cb75f0, 7cd2ecf2633b701c, c799f3a8bb02cb17, cb0b5e39d8f5aa7b, 7e949c72720183b0, 76f8e85684ab6952, 9dc1906eba737d2d, 2d5101bdfa716cdb, d5e9d06b9f2cf004, c701e289c46aa0e3, 3aed34aec527ac1f, 1d2d20b4822d615b, 08988fc18f8d7ddd, 3c40721f9998985f, 2da5c3207fa868ff, 9103880e01c0a538, 7154b730be021106, e945d435ea334fe8, 2e3871c5886f821e, 5f12ea3bf90355d1, df9eff9cf97a85d3, 99bcf2f0a99e9b40, fb350d97f2abe9e1, be038551d6f85134, a91163f847cc6eb4, c66cb6651565ffe5, 04d699509c9dfb75, b6d2d35bc99191d8, eabd3ab19abdca5d, 2d288e77aae3559a, 05167be7004f6785, 38abc7575d399c7b, a9cd177d9f379e3d, 51e4b9802efd0b5b, 28595baa03a5a297, 89f77622791536bb, 93bbb0156fb856e0, e15f3c9df92a1cdc, 274dd7b33524bb38, dad037ffeff3f304, 411771551c6ee0be, 6897b346fda7ef41, 724459cd673d5ea1, f52a27fd9a0ce443, cdac738980b392c6, a5b6c54ccf318ec7, 2a6052e1cafd1f97, 9bfcfba8ff46356e, 546b9689bca4ec28, f786de6b7438db87, e5e399d40a7e0415, 9a61b5159df44cf6, 9019318e423288de, b3b6b87e8a91810e, 666d0ad2634d89d4, b5e0ffba6908ce5c, f226b9f6bdfcafab, 811203e6cac83677, 9db2223a579d856d, ce92db525e774d11, 6a49e1562a230d5d, 7aea55324209283c, 20e090734b81e08d, eb3015ea99bdf335, 8d43ed83b41ae649, 3864224fc06508d6, 7b96999641e3f520, 253e3261f64277f0, fa5749beff72914f, 58ec5eb7b3da5f57, 60ec9fcb70f25d05, 80a7f24c973ac4e5, 69fe374e439c8838, fbe45644e8ca16ca, 84a8de9d447982a9, 56e4ad9e43eac11a, d503718f4b0d9db7, b4fb39596052ea56, dfb4a9f53a1a2341, 092606b051ca9c4a, 8e3f383105eb3989, ec60e3b5e12c870f, ce815161a919a140, eff690c1189b3011, 607c42d0f213c185, cb30371a187578bc, a2623ce3e857227b, 8984caf700507ab4, 009951f5ad934a90, b08216558556bb41, e7549204b542551d, e32bb287ff1411ed, 33bed3dd3a541f31, e7ac8e5ce6cd0d88, f49a35bb4e5142ed, 37816de647280dd4, bb63bdb81b4e17ee, fe85f294eb45cf69, dff424dfdd4834dd, 1f7151898105f13a, 3b42bde99b3b57d7, 7247282b327a3eb8, 62ea7b9b00e95433, 0a952b8d0ae93d27, 5f29890cf585e45b, ea0784cfd74891dc, 6edb38072ea5c03c, 415c38d4325026b0, 310007cb84ad868b, 726bbf7f60173537, e1bf8b99048eaea9, 0ffbe4574c1529d3, 7baef852bc24dfc8, 371df57ebbe79049, eaa4b6566513cb2e, 6d954d4c97cfeba6, 37af5db8379dbb9b, 65bad4c9177e8794, 72e4f96fdce91f64, 8d21decab6e2d486, 0a4752be5782c0f6, 2bb666465b5ee8e8, de931f2d681003fe, a5698cc7d163036e, fc1558b318799818, 54fcc79611f7675c, 0b49fe402afab73d, fd3db5b2ca8fd8a6, 950de770af159133, 5a2a0082f19bfdb5, 8ad561dab362be09, 12b0464cc8c4c815, 0bd013ddae59d232, 8c1cf5e2d2bc1ac2, 3ba1c5e262c0a97d, 66346a8a62ded248, d930eeaf152395eb, e6e24800a7ca90e1, 394091aea322d0bc, 43e20a8385e486f3, 47bed6fc42ce12ed, 178a41dab7b3a450, f8ae3fc08b68bc2a, 8fe0751d0ef60bc9, 3599d26c747b5c9e, eaa6a736fc21269c, ee64c064dd811022, 5c5d1271e7172b44, 1f1fcda8bec830db, a29f18bd0a3725a0, 454043036e9090e2, 1696eb83d855a977, 6377b72b132f7bd6, d98cc2c75c0ceb87, 0a1aa99b7b8984a9, 67fd9fe26378f438, 95c9bbd9566f8d57, 3d4393c0ee05a64c, 8ca8abee01df0354, 101469b107fa96a3, e505152670e927b5, b773241184f5cfcd, 07bbe8d7d0b795c6, 303d9ab7c0d1e152, 21bc46b989d707a8, 52a3e9180a2e39da, 814474be4a2d95bb, fc8fc1c86425b04c, bc850dfa2807a614, 3552b239e4e4e618, 01f008121190f5d0, 7eee2cce6a99bb06, 345bbf7ecdc7a505, 44b981b9b873ad3f, 77a6acaafe2c8dd0, e83d5d5d065b748d, 442333aea13c4799, 266594ab166e5aee, fb78c123a1a94417, 29d5142c3463b2b9, 7de290e7e004b7d9, cd3b6856a360161b, f4a9be3435d3d87b, db042d400ffbe451, 5cdf813258404f06, 673f9cbb5b50a9b9, 5d4567e4324f6966, 3fe5b53ff1425d75, 4eee9e97e96c279d, ff5e3b1e9894c3e7, 63d41bc27c106978, 1068a67f7b31df4e, 44ef3d50db22f416, 274b969cb06ee836, 4434df735fda8399, 6f92a631654bc396, 8d8aa35ce19132b5, ecc956dc4312a9d9, 702be89955312a5b, 858bb300366e09f2, f769aab991aef552, 6c3fec444a5c44d5, b5bb7faed6333eff, 1144283b686f125c, 764cce660f25a998, 69b29cbb5edaa579, daa89ea6849bee24, bef88e98072ef15b, 4a6fa19de79aff50, 0d02ea23544cc23b, f12a61a8de4579f3, 6458a5576f88684f, e9f247e773a4c446, b8e4071743d9599b, 2b14930e6b5c8637, ae91434845fc640d, 9aa8039c46148bc8, 67595ffe8aa02b94, 1989c9d2087e2185, 1c20b7d93b4b7c91, 1ce8d29dac45ce4b, 5f4aa964d7a20caf, e360a9e57fc23120, 0f9a8a4085a4accd, 82531e9a28362b73, 7f291254e8a68aa1, a9ea47008bcdda0a, 4bb9235130b8f8af, 7c7f6c4b76adf3cf, a0292ccfe08c6970, 98414cd6a690874c, d40acbde57e02ff6, 9ffe101015d363ba, fd4a3d4de57b965e, 24bb3909be57cee8, 4928648918d196e0, 561259f90eb9af2d, 39bf1902136a8d70, f371f9920b058fc0, 928aa085fe466005, db25870d0536500a, 6f948e726c7e0043, 990ccade314c8af1, e58fd57d1d763d17, 7de78bbddf461bb3, 69820bee5e498692, 35700dab97b7ffb1, c0b395c76e99ebfc, 84e9d2d27807e278, 3ac35674325e3336, 7387dc1a397cdf8e, 50a761a4a64589d3, d1cf9af0c3be1505, 1331dfdc5029f20e, 65b948ae3701b10c, c0aca5b8a1aa794e, bf4900ff6b0fe9a6, c241befa1abe249d, 47c452ddbd6f0075, beb8de7b3e1384d7, 2d68543864846042, 4034d9e18fdb4e21, 8a6246922d7f51b9, e9346b3258eb2eb7, b239b88cef43df83, 9db40f754e66ab0e, abb16b8c0418a8f4, 9831a682273dd8ac, 7f668e2e8007b6e6, 20b3dee152457829, ecc43b9ea3bb7deb, 969db13d7d780cf8, 8eb10e77947b347d, 81964926ba9d53b8, 49d18022d7967927, e2f445f3fe170536, c9a91d37b2546a15, d2e5a681442dd3d1, 0f4bf3bdce7c374f, 77e0c6c7d42d045d, 26cc927b6e67d202, 78b54fbb38ca3331, 71f312847be80b53, 77217ef6f8cff497, afd87eb7d797fe0c, 4e324ede30675bda, 4e1caa7f0a2955be, c61958b1b26d0b38, 80e11681c00c9be5, c6a7a111b4d2448d, 910de535f58edc0a, b914db9f5f3a0739, 7f664314f8bcf7be, 22bff8ee13efed39, 0a2cc6bb17e5af21, e241a2106adf0eb4, 01cc9fd2dfc42b80, 7a6c2fa89158b127, cc703c45821be2a2, 387ccc7ad6a851ed, 2cc0ab966aa54211, bf4e493013f418a0, 02bb11a9ba888d79, 0dcc35ec2834a56c, ca9903a68da35653, 6d28b39612f13cb8, c19d5c8d85b6d3eb, ba47f0f95a27e9f6, f742fceb8dd15105, a65b9c294a50e55e, bc7f58c03ca93eec, b974f3e07cd80229, 10986889dd1730cd, caa062a307ae0112, 44f4f760a8aa9710, a71e858560c38f75, 8cc4bc3c5a0adb50, 68292499d72fa480, c2524c081daf3ac5, aaf3728e92028667, b4a71b8951e59a58, 9d734c3b28fba8ba, 8f48c1a731fd8a88, 65061cf1e531e77d, 4519a69c6903d55f, 64adef6312822a53, 4275729252cc2915, a938d46a8a85758e, fe1c52cce1daa2ec, 63f0b5ea1c6cf970, c2f341601f96c7cc, 71eac1f30808370f, dd3ff68eef41f830, a052f6aa7b322398, 154f29f758ed2760, 70e48d9a971890b6, b2892b80c4858546, 447b0ba5ebd7d9fa, bf547bcaa143de89, e8bb66232fcee59f, 4e1d1a7f7b5f096f, 80b2930212ca1dfb, 319482dd08d11044, 848f55f48e16d469, 6f1d2abf95e34d6d, 3af370f9f515be8d, 8fd835f549968618, a86a3755b473e23f, a1d7ce2de578efeb, c3bea590d9e75e88, a291193bd1754c93, 2d999300283b3e61, 7ad27e4b68e5c988, 1c2c824c6c9d7dde, e411519360ee5e0f, e8dd8e46c9dc3ad7, 5690492ae2e82001, c0a3a8f5b7b42bfc, 6297e6e0c659849f, a5136627d4004701, 3faea96171aaa694, d466a5a907f00136, 1b16d546fcd89343, 8ec98aa89f3c579c, 1d6d4cebb45429f8, 7ce4fb0f27bca7d3, 270e81f4b78b492b, 5f1d62e37836ba82, 4aba78c010ac6137, c508a194c722a603, c97a24e783974683, 71e46f2458569ef5, 057f84134995f5a0, ba55371ac9968f1c, 292c1e3e77765111, ff11a32c09e2db9f, 300c4f356d47fbdd, 9cbddf60fb775acf, 2291de8a9f0a16a1, 135236cce8aed911, dabaa687e0bc4a87, cf0f77eeefe21e52, 08fab4b43410a705, 3ee2a06d7d877c4d, 64b6de9fa840ad00, fa0885221a22b0fb, 32d60714f20025bb, da3cd7d4306fef5f, fc12ddb156b5d0f3, dbba01531a5f9332, 31b22eac9de7aeea, 53a3c942e68aa36f, 30cf26bc981361e3, 828e8d3392c915b7, 4c6d12c74043e762, 23b0f4363b4a458f, 4c5432dff84b807e, 0fa2b21df1fd3a3b, 0a91ae3e29750239, 714530435c2a4b91, de6e4209d0eedc87, 3cc47ed3d131c387, 9d10bd3dc4ff5638, 676df6e01001e050, cc3825d3225b8443, 36349c171c06995f, 6ed2634a9bf08872, f3540d7538776ecd, 750ca599bad3e814, 419b78ac108461f9, ef21ff32a5e0af55, c6770c51aadbeaf3, 444ddb32f681400f, 5893d88eb02d84f6, fff77f0dbc6384ed, 971063a8eda8e9fa, 64fd9418f472512c, 13be0fe486d279ee, 394078b1511ce44f, cbe31837fb021159, 0855dce756b594c4, a4d1d8127d40cdc7, b48d67ff4a9ffa60, 9e8aadb599c9fa48, b3087ea02299afd4, 263ab21d90f96dfb, faff201346161dd5, d98a545c7ff10307, ced90071c75a58e0, 9f744fec4e6e3fb9, e56c9a4286b75535, f88cb30ca3da681b, 2ebba73f6e2201b1, 8827f29e9d398b16, dde91a3b89f93595, 6742e70f67bdfcd3, e749f33a9bdcbde4, 5b9b37316c09d78e, 65d969d04b3b4b3a, 6641e0a46f4e92dc, 118d2b5f92b94909, 452b7f133f1c6ef1, 2f0206c305736c47, e4c13a716b12958d, 618b771245c61bf1, 4be6ef42be9edfc3, a72d258ad53052b9, 49c6c5290f5937cc, a0b60e21e3d63d97, 808e8ca6ac39f1d5, b11d4376b301c909, a6adff6cfba8efe3, 48ec9eb77a80eb44, 83fbdedd122caaa8, 8d68accf78e293eb, 7804914d51bf814b, 67a9818cced3e27f, 96e40c2920b77205, e1d4b4c8883d1453, 0942e55e6bfd5cc1, f4863007088c7e93, 9049ca75e1f17546, 204a1ebbee3f3d15, 2de9ac56556b95bd, de834e6072537f55, 50ea7ed7e03c5b44, 406745be4d047e10, 3f4c1882a7bd58cb, 02b5678e57c5ac72, ad295d57f239ea4d, 7a0f004d154e31e4, cc4ffe08478c6abe, 01c0954aa71dbdc8, dcbc6cefe6d4f21f, 67d9e3084cc1cf55, 58ddf9769ef6e962, 65de0e0c8d43121a, 73b745cab9d8204c, 1184f72a3c3ba755, 493be93439a04652, 9da07388f43c3e8c, 21f7c96f9ef8f66c, 0166145c4549ef8d, 9bdb56414b568671, 7218a780116d2c24, 5ac06a7019412b3f, 47faf622948db76d, a135cd9fb4d1b13f, 6b9b2f6f568e3ea4, b114feabba712a4b, d41b57b42aa99545, a70513906a832cc2, d82c56f84d299601, bbfdb2789cbc78f7, ca39fcf8cfd56a9d, e39c5ff171ead92c, 02a719a2fa84843b, 79931294492e0227, dd3e74d8f4b1d546, 545c769f38a302fa, 8fdb1730676280c1, 12dbdceef54ca44c, ab8a2db4c1dcf16d, d4e1287e7181e943, 7dcd7099e13b38cb, 2e2ee2398f78bd6c, f414377fbd89a723, 284d09d9e570064f, 79565288df877316, 77d2297733ced7c1, 345a133dda832470, 96f0a3a0619f727e, 490a3e8e96d4283d, d153c2e3d49c1ee7, 05a9d7f2f1d30381, d19fba005a4bd794, 445e1b779e97c761, cd79a4eb73724902, 80ad7daa0c5c4f3d, 58c05653b63f5aca, 184ffc9d66a986bb, feaa6f00a26c1d21, 3d307e4804e771ef, 356bfe425638db14, 8090e4445c36635f, 6c656661675bff53, e900914eb1d2931f, 1ec9e3b346c19a4c, b5645a18f5795104, dae016bfa472860e, 4309db0e7c774270, 7f8b11e16d749668, d5dbe65b53a1ad11, 970615df35917875, 41c200199dd19e0e, 7e51ee6f5ee28cf8, e7dbabb902816eae, 6f7976bbee48c298, 58127603a9328309, 05b69cb9e1678e8d, 3c80e9f546cddf21, c4624243867a2cf3, 5064ec8a52ee8503, d93568b48ec71db9, 7964630cbe0f0d6a, a020bbae68006317, b501656357d501b4, 17b56d165bb9a046, b6a487a6a74a9187, 17d40907014e3d67, 6796ac50c6e00d89, ba6cde9771fd4041, 3b446ba581a73425, 1a2f771b0b82243d, 50423342ae899e56, e6e1eb34fa6304e5, dc9d97883ae6d154, bea89cd2aa0d581b, e14c7388c81b5b95, 18f5a6b064d25ed8, 315475a815753e81, a1ef93e229f9cf3c, 7e40922f9d8913f8, 06914e6da48e1c71, d13bc2958ad73932, 65ccbcd329646370, ec8f8b9e74c129f5, 89d633c6bc1a03ff, f2308fbe6764b2a1, 5cf86086e81c4cfd, a25b3599a3dccb58, 5acfec36c525b2fb, 0121ebdafe87344f, 7026ff44d93d9a53, c225cc1b11ca95ba, 15c2f3c35de1db3a, 42fc53f3655e97b6, 6df7a322e683ba24, 7de0d3ac54a0e37d, 15c2e5fb03db40f0, db02b0dc9e369a6d, 16a2177fe3289249, 17db2595c95a13b4, b8d3121685047b98, a93dc84e33254f7c, 45c9a22906c928da, 0f9dd8c17fe1a05f, 76f5e17bf65b1881, 93ce404f2a8cc625, 02792cee8035fe23, a8869dd1736928ab, f58d7f3febb8e19f, 62dea29793e94e34, bb90fc75cb6b6651, 2448b86726f3d1ee, b27c39359fc46dd7, c4fa75cb406ce9c4, fede94c003c3895e, 057fbbc6880415e5, 01936755ad8a84b5, 03e9b40b4d44163d, fb2ff24a68b3488a, 8a4adcca1782759c, 90b440ac1706f7f8, d50409b4af9ceade, 1af406e6d3894379, 2d0e0634b88956ec, b4bcdcef59253f45, 511f8f99fcc0bb66, 80b14dce85c97717, f2ad289e1239ed29, 269bcc047c3d71ca, 20cfce340ab6af35, 8d86ceac380a45af, 31d7da5bc34132e2, 8c0954285318713e, 47ce8853754a28ea, 9ce88f88340ee8d2, 1147c886cc3b3695, 219c5d0f1208a7c2, 3f1df4ef0735fcb7, 03d0b87e0263386b, 9ee8d285447fb44e, 2f034bc96c6df8a0, 31661ca09160688a, 43c2cbf64cd34c79, ae1ca6065b6e87aa, f2008ae3f6146832, 903c6ffad315f074, 65043ca95abdec83, e96fbbfd19d7e29a, 81d87311752a3152, 3ca6beaea5847dc8, f04da93a6db5321a, 159cd0ca7b9585fc, a747535272dbbd76, fc562b832f1b3b1e, 6e52d4238918320e, 2cade567c6bd62f2, c58dfbf2fe445b9a, 0ca3cdc2bba94b60, e3424c2319a2f232, c125b2068ba1d1eb, b2f81be978c5c326, bfb4bc16c8a31181, f63565460e766c26, e83c4ef35373ced6, 41f21e3ebff1a805, d909ad19933df7a8, 3eb6a2621e428941, c1b8a3116434ab7a, 46e6ffb14de42a87, bbdb926ec71a4970, 321521a7157a898d, ede9cdac4cfccab3, 54efbfabc7fae648, 908c3d25278f2ca0, 08f8e33e3de87f3e, 81adc7d9e9a0f275, a8d58032c8a1cd69, 4db688cbec029d33, 4f4485bbc1318d94, 0af86c0482a4d285, c923e049964f1faf, 818cbf08648e863e, b460f53bdc6a52cf, 039c9c43d33b45dd, 6b38e63a8bc509fb, 00e1be1366dc928d, e85dcd4bfc531a72, 5d584f59886f52da, 307299fc8c101c7b, 09e9275299df0bc1, 1576d4c8fd048db4, fc8dbe6366716426, e13a7c913d74542c, 5c27c2ae2d4bebb3, fa14220e8ad13321, 7033fc83a87be713, 5d2d5964166d1d41, c72639326f2643c8, 65d052b4f1a72f47, 0f67a1fd11902d94, d522bb49714d30dd, 7b9c0b0e5fbf5992, 9b26cb2bca7a54b7, 869865546e8f1943, 1b2571c4ddde9192, 3b5f4531d83d3096, 75d1760ce7b8fe0b, 3dbdf599a4111fbe, 576a35e49f69ad3f, 4ea5fa340ba91251, fccf2e6f19244f3c, 6bacff25514b30e4, 96f7412526b01ef3, 7cfc20e423736997, 8e265fb09c1c16a5, e32f878842588b13, 0885a69a2453a001, 8077a6308a59e2db, 0fab3d77b10ce15a, 251e7b61cb3761bf, a30136d2489ef8d0, 5b2179dcdb7b605d, 093a9575dcc84d03, cb352441c47659d8, f08ec2ab71d1f093, 6822652423b9fa5d, 942b90eeb7224de7, b2c106b62cb66966, cab50a404f8114b6, b72acf3d3bfa1c7c, 41918d09f19b3eba, 8a13456967e2bc70, 845fc766f9aeb018, 803447aa192afb90, 07e23230f4e0f7cb, f2fc42605d8c9ba2, 2d53e5c01f58957f, 1b0f569210690831, 284325464bd92932, 5163383cc7bd8937, 35442c68739391b6, 7cacb68a35341ba5, e42370f7f4614a4e, 9d333285d3f01bee, 257fa6bf09d5cbe8, 86e512c7c228cedd, 4827f7062099bbe9, 93e3a3b4b08f9d75, 7eead7879618c218, ac1fda3277b7cf14, c9770b4ec3536af4, 352af763fcb74603, 980924d0745438a8, 06a6898983b16c24, 45fb438a911165c0, dc8d324aa4cdd7fb, adc8ab92e58dcc6d, f755a4861eb3966f, 97ca0a3444fa8a0a, bfa9142d7a32dcf9, d562206d5ad98bf5, 17bfacf781356902, d53a0e7e2b414587, 03155ef9fcbc1900, 0d59972a554bbc93, eff3ee8908a0df4e, 562c7d23eb20ae11, 6928d8ac4d01310b, 6d3283e4222fc1ca, 5dd61c8f8e5adc21, f0f52a508111d7d0, 70a762d4d8b33138, 7dca804b4f50a367, b39d8d8e8c81930c, 1c897e2e8fb9b40c, 586eb548dc67ce96, 1027bd221c984b0e, c29c9ccffc8330c2, 9f2198b389320d72, f941379cad814f63, f99aef03f5595c1f, 3eae684088bc5670, 3a6c393628974742, 9199807464fb3904, 8001939f5f564616, 36c471817018c605, ebd7bceb01b5c511, 8566a2a21461e8ad, f0075a88656abedd, 98872a1ef88c9479, a8c9e151ef1f1017, 9443f45768791113, 6aea810234afbeb5, 886e369b01f06b73, e011852eb4f69e02, 20aa6b84b3b23633, 3b722cc3e8413768, 2e2f5f3e4672d8e8, 911b0613152fb7c1, 083add7a68135b34, 347650bbf8d0af2e, 13efa61f4213cff4, 6266e40f9b42112b, 62e3bb1ea5e793a1, 21ebc7a66007a68a, eb43cb4a298807a3, 5c4508a7930e559e, 8e357cd46d44a9bf, cf38a9b677896c31, 218450f131995f7d, 46119726d2d70d31, b1ff309382a12e28, 311a34f907c986e3, e4924841ee7a7dac, 3a2a1231d8a460bc, 74d8cef39a54a721, ac9bae746b234520, 77b07f916060c242, 4556382b31ed050e, 53f36ac1d2dd69fd, bd398c5264825f01, e3ef0d1f8f01b74d, 139a5aae382765a4, 0c146348a91ea2d3, 1ba00254ec871c7b, 085eafa2d69d4eac, ed621a9f7d281a6e, 450b6611ee62b389, 65bdcae1c0c2d8ab, b325c2f351374d26, 89fd18d20af3d018, a7c28106d2179ac1, 89e4062acc534a4d, 31e86837a9324abd, 65da7f37b5b567b3, 6265eec01d306b9c, 63454ae8cf03b35c, bd87c3b3dde1010a, bb7ee3f077950fe8, a9a66faf7fe3fef9, bd449b4c985f4b79, ddd60c4704f13a8c, 07e4a5597eea161b, f198e62f34166511, f024d3698a809499, d998234b66fd0223, 56e48691bf174ba2, 82bbf0adef76ebc2, 36f9027b7b727e7b, 32c9ed916c91f563, c189935f0e630702, c1aa6dfd60560173, 3473153fabebb6fe, aacfb149f446e07f, ffd199727302826a, e70d9a3e82519915, 7589ea9b14d28025, 3ef8029414a9b18b, b5c457a9b14748c3, f6c5365fafbbc704, a36e23c45692d377, 77a8693cfbdaf732, 80de34f289085b82, 7bb95513defde61a, 4a62ba86cc7e5c8c, 3d440db5021b0210, 58834de8f947be73, 98fc57d3648239fc, 377ffa28cd6a8270, c51609cc40adfe2d, d09df9f132b42c17, c834c6a3753270ad, 633e99f73b6ac925, 48f2ab4050843178, 5792e1063457c242, e81fe40431fd4b8c, 66186f3115c39c75, c2e09ef48c805ee6, 1bf827765a553412, 109d2fbf697cd698, 82c8097e5ca1516f, 05bbe5947aad259b, c9fa2992f6d9fa4f, 9936092d82e9f316, 223f437e91366b82, 11f2df6723916667, 324d2a229d57defe, 70f12e83e970ecdb, 2b0dd8ea9a3c8b7a, c2ad5ecc43f28c66, a96f3627ca738e22, 44bd71d13b164a26, 3076a8fd9e975826, 003ad1807ede71f6, 9effd1ea93662ae7, 67658c4a3f5a1145, a659467f0c996b4b, 497307247ff253ed, 16a584298ab75398, 6fb8cec8accfe074, 28ef93281e2af74e, 8681cf346cc942c0, 5b3f6cb2e9d61537, 63e869959c9b6b67, 34b23bd1ea1e9bea, 16c0e5a774aaf295, 4fd3f666a65ed1cc, 4787bb159f2a8820, 4bdfce5ad26ef378, f76241044fe5857c, f279f2d5a8ba1c96, 5b26a6b10b6167d8, b128c976675e0911, fefc6b4b88782d70, bb2d5bf767852853, 94734334ae4ea711, 6c7472aaabda3dbf, 8073e0deb1c4e2c4, 72212ddc640f0ceb, d9605613a320605a, 9aa8fec7021eed77, 5baa951aa89ee851, 185023bfa917490a, 2e034425ab622ce3, 7007803d9d6cb476, 0b80c8364fa42e5c, 4d23d3cc59a43c0e, 9ff808ea6e8f7f1f, 55b26c96b5b78aea, 8c08a62d12550788, 11a640431b517389, 2d30cccc6a0c5c89, 6d45329e658ba8fc, f616912279f7e35c, c4ba0189cf848628, 8aadcab23c022513, 5d0496aacca0545f, 1b17b44c1d8d2615, 7c1bfd3d8a60dfb9, 9c924a9db730e65a, cda81c5072d0d15d, 231703ad93bee6d2, 365c51b5c5760241, 90f96bd4742751e9, fdfafba41d30e7ba, a757699831969dc5, a3e0fd8ebecb1f98, 30ce8444006cd4b7, 1703073455592fee, 7da6e63274b01ae8, 177ac4ef27c1a77b, 4458fcd9d5ebd886, 441cbca732c054c6, 3a00d8c16fbb55c3, 4f744c48044c6e55, 0e31669e50e3c377, 2247ba1a1618d484, 41c951c8cc3aa416, 73d5f8b0245550a5, e35d613a19a180f7, c1837d75058c0c97, 5d69c63769610af0, 9b8cebc9bcadd8f7, 84358ea8ce60f732, e3a568c9f08e0822, b47cd9a6ea5f83ce, 490b2b6281c72308, f4c6a15694636667, 497f72701a24b384, 6041677362ffd15f, ca5c54bb5b8d73fc, 3ca3c39584b2f8a6, aeb1754406ef7dfe, 0dcb0229de2ed711, 8bf19a3777695389, 05198af854e68796, 9d97605cd54f9cde, 7053b1a7171c590e, 1d2c22cf59a20254, d7df1b8d445c1ec2, 73ec5443741ebf06, 1b5c5b2995abf5b5, 214a4311fe9d23e9, 9d09083be2e29792, cb2f9526687bc3ad, d95182a40bf97975, 97b873ce130ac018, a041d80b4177519a, cdcb41fa7624b680, 81ea6ab044200c74, d4a873d9c99a6dde, 2848fe69edfe0f15, d771836576391eba, 864b9991900bd46d, 0b1e746d39895513, 656e8ecbd6e39d6c, b8eda67bb8b8a47c, ab9dec5b7da69302, a799b8de13e03b33, 121fe95d4762966d, 402abc996a2311bf, 2f5c330279f7631a, d15d2dcfa1acdb77, 0ea22a4c3584b02b, 3366c1470b0a2b95, d8bc6160196363b5, 8ba6f1eac6d2c172, 82783b9ffbedf24e, e98344e29e1b7a99, 8f5ed961c78e0304, a7bcab8c820b64fb, f0b24d21a7f6598d, fea3d9065dbba8c0, 65e36f8359e30c0b, 08d5f99af83d215d, 93a17c345ed132cb, 9b9701d0273bc014, c765ea6c1e778f78, f552056ebfadda8b, af77e687763d6463, f1b8e85a06886d69, cacceff1311c56ec, a55fc22eaade8ce2, ecf20e3434ce2cea, 570190018fb4a3f7, 3cb2e8008baaf51a, d10c2d406fddc9fb, c31086baa4f35bf4, 1b5985c9b76df226, a08b3cf3defb826e, ef2dbf576b0777bd, 151b234bc84521fc, b3bc4643bf0726b2, c8ca3c36a06bf228, b53a511123248622, d42001eb401337ea, 96b7a63aae8a0ddb, 53050ca903fae244, 89ad8f327121717a, 832e7fcf9f2bf59a, 1c993190a9ff447b, 488886f368116d80, 7431a05bf51b6b1d, 80e66498d0badff8, 967386d3e762a6fc, ad87e98ff2466124, 16906cae6c47baf2, 344f91794bc19f39, a0034090380de486, 0a4abdeb6ea35070, f4ffe49e158fe302, 82fabc5bcc67ab1a, d8edd16f949f56ae, 26231655d5e966c4, c13d933024a5587a, ff048070aac1354c, c173ccb630dd37cf, db38a61542dc1626, 26d388fbb7043d78, b269b360321d4edc, 106345b96461f003, c20a0f32b973e2c3, bcc3a2d345fab64f, d2746646e65883ca, 8504b80dda4d26ec, e1b3f28d912c540a, 53dfdaa8c0cd056b, f79ba95318683292, fc32eb03ca2f2b57, 39a31ebc7395d042, fe1b37bf2dbfca42, a7810169311d41cb, 846da8caac732c08, b6da3850755d1cc4, 8e61971ee60fe886, 4124ee5f949bbf1e, a9c5c770cae27102, 3a1583a229b9badb, 50340db73b79c3fe, acee63efe9876db7, 081e607c2544c8a7, 9bb326e66912578e, a2fc5d4915ec2421, 9f7354404d4a6144, 3e08299da5156000, bfe8faeff7313657, 246cd29465626792, 7282572ca18c0b4f, 48c6396e26fa185a, 1a2c74640125dc99, 17c1ca565b0bf05d, 2e4566373a534155, 6fca138c1f796996, 2fd265d78b28728b, c9c50f6e99a69c46, 9a258b11d18d5fb8, 79f81b49a898dc83, 35d78b883852b429, a021d798a0d39072, 25d1901f2dc833d3, 1bb0b7d93db55d4c, f7e9722ae9eaf88b, 5d3f422e70f7ad9f, b89d880f24f04460, bc0dfc13a8adc217, ad9931f3237ad178, 1d3951282cdb6adf, fb381b6814b050ae, a3c6ad0a98170d87, 6f83c7596f5a4dfe, 7e530150b19f8f5a, 3342466ee58fc4f5, 73864a538e7acdcc, 7ba22d8279e7a780, 33f0414d639274e7, 0a53df914ba01e69, 5359e250bd103a5e, b039bf1b00c3dda9, f09f342081362296, 5ceb862aaa6a027f, 402696ebf544771c, 21bb9b8b88d56c78, 41f0b71dffb58219, 002c193525745f80, 0cbe9e3c82a87406, 69d18e900cc95d55, 65b2749c4a1995df, bb6c1969e9cc401d, 266b3967f7fcf17b, 0a0916be935135ca, eea8ec60c57276ba, 3b9fd50497d23e59, 61384f4ede3da4fa, d4b187df3c48a967, cf03ab0f5f41249c, 99a1339081ac3eb2, 23bb8189dc0c1fef, 628958a71c247050, 4fe9e5ca26721f82, baac91d535040d5c, 5c0ea8626b2179af, 555314506fe8a730, d542d0a81a879097, 4da017909f4296ba, 2df62848dcc5387a, ad3e45af23306858, 891fe1526b94bcbe, eaa4e1056001c707, d1ab6b62d3f0956f, 8e28b5ea9baa3ae6, 4510c04aac3f7d43, 05017a5515b27bdb, f100e867efc316d0, 700fc7c1153b8396, b01293c99db68f31, eea1dbf9213807ab, 36f843a38df3ecbe, 9e8801b7e9a74207, f05816178d052e97, 3d465e41e3f6ce19, 4d71c30ae467f93a, 137534a8b1b97726, 5d846618bb6f2245, d5afb45171792b59, 0c669dcf4c308470, d9315d6ac14d9c5c, 7edbfae6a669db8b, 4476ec4fa95e70fa, 68ad2c6e568ff1bb, 7eae952b11ee0ac7, 7384538952e08688, 401fe4df05118507, df4922ce78a4e8aa, 8a74887f325b53f5, c9b23a4d6d0da0d1, ae623cd2175e92b1, ec97d2f87bede29a, 2cfc72b78e9dd70c, 24731f52f84d2d39, 662693b952ff0932, 9eea8963bafed9ba, 7acaed77ce956c2b, fd40449c7488d590, 4f2f91e5f1163c92, bb2bc77e8791df62, 6f01b89a7b0387a6, 73c3de180581b121, 6564b8b0379228fc, 4b9b0cb840b914b6, f05b5485a8533798, f094662a5fcb8d0a, d507128f8833bb86, 3cdbb670619eff08, 715bbe09cd2aa78b, 30f1f0f8293d72c4, 226aa4f39b4e19b2, a3574ac8451d52f7, c4d2f47ce0023ed3, fbad628187e08b5f, dc7aa5cac2752f1b, 64a601c18353c09e, cf20e458ebbe3919, fcf9152c3c7ff5a1, 7926a2766f472e7f, 2b50d974bd6b79a7, 85b3cc04f11302b4, ba88c5190a435066, bc047e37a97ab9e7, 361062edf1045e20, 8381a08f2e57c17a, 4df1582b7ead1a74, 4f3d241aa48ef7a7, 0e78272e55207f12, 04635331954176a8, d56b4d773b256302, 31e88fd11da6b8ea, 9a2265cb1886f867, bdcee8fe4c72cfa8, 78d1357844e53cd3, c3c1a265ba23bc05, dd858e14142b3188, e7e81010ca516b64, 3320b48c36c1a9be, 0d99673241f09544, 5079f455a663a96f, ffc9f2f8be9aaa17, 8c7aa73efa8a5d36, cabcce1d1b4dca8a, aef195edee778579, 7c8867e92d795655, 2aa6c179bbe965c4, 0d0e357de9bda736, 614966a3f31ff6dc, 4e5eef2128c6eb82, d4551eacf5322e63, f856521ee1b5685d, 91cdb6d05d8db491, 30995c34810111fb, 6abca6ee50ca648d, 3fc023e4b04af8cf, 39e668e6297c4488, 7d37f505582acefb, 431be15b6184c5b9, cd30234a77109690, 133ac793b3d44f98, f3a2d80e9382b574, 862fd510bc06b705, 83b837503fc703eb, e038ace0c4e1341a, a161e6d68db76815, 77798043cfe88e6a, 196a522bab97e6ec, ad7a63e88b9febab, 2435cc76a4f7ba10, 4287ce0cbc048987, ab944320b56238ff, 9a6d0f5b862c1b49, 8eb45bbee607e697, aaac7edc6a3763e9, ce1d2a5b1a8825d5, 80a705d7ae7a17d6, 705984b54f7a8a9f, 65f43ad7f1a53f7a, fc0f554b5b85a1d4, 97fed2d9c440e308, 536ec925196ba4e1, b3726b64943b22ce, 2a59aca9d0af8a4a, 86059b8c5337cd95, ea8caef646379ebd, 5dd06a2eaa6d2f0e, 6bbfaf5fa5702062, 46bb1df2b4e6230b, 1e1d8677bf00653b, efce2fb4eb87143a, 85a6f616f547dca2, 690755c613e6519b, 4c3ecebbe52c50bc, 219c9f18c68ae5b8, cc2478d2b273a027, a71232e8136d2160, 3e9ef02154705ffd, fb70bcaf3aa95775, 9ded373b5b60730e, a0ff505822dd122e, d22b78dc63db4902, bf16726748567ec9, cd0cbfab3be7cae8, 7ca4b772891962c2, 97b49faaedf22410, b4da3851e2ccb371, 11946a6bf31ff028, a3ae194a9b1d9970, 0e92ab86de56b2cb, e5aec501cb99969c, ad9fcd8d45a31fd0, 88b88c243b1b61ab, afeb99079722eeab, a4722662eed65a2e, 982741179c35f0f3, 03a3f43ae25939c4, 242cc76d9365fdd9, 2a949523c5f12db0, 31f8b5d14c5acd42, ddd71e9bd578c56f, 8e1f772c621a1038, da0487e57b66fbb1, 39cdd51649c6c89b, 9a35b21827923d98, 280706ce93e62ac4, d1053303e6d5f70c, 0be138441ffee4b4, d8dc97ba42d628bb, a933aa1e7873218e, c50403818ffeb9e8, 1cb2406e52b89f2b, d31a59ff410fa2e2, 03d54d2f3c622761, ad37ce7dcec8beb5, 0b81f7df0d821209, 26f419ede71e6680, 993a53e3cb3a97f6, bad5e279cb11d986, 984ed6ceafe3dc93, 572a2dda214a3715, 9c7eae51139157df, d9d8b4663953b6e6, 6516117d2d1c1e90, 12d9353194ac7e49, 1cfc41efaa0327ec, 358099449fc4fab3, 251a517f81653d38, 449b830709446505, 9e76871f96901523, ce70b06f94af20b1, dd3d29a5a725ed33, 14c36ce8740b330a, f557e66e41a58e5d, d5b656f47e927ad4, 9f2b05f877d70515, 7fea640cb7bf6e35, 5f8aa3f9a475cb6d, 3f1cdf62e2cd400d, da496f7d5912c25e, 773355882f391536, 7bab0c2b50ed0a2d, ae2eb2bac0915b90, bcd181370e1c269f, 21af3d6ea2e9424d, 250150cc8ac08801, 66ff2fd4ba57bd66, 1351e927e7e40730, 59c9b97cfc517fc7, 610a135b2ffab6c9, 8aa5e729aa285579, a3ab0d5b5c38fcab, 829aee6f6ce84f0b, 764b7a055e1a025b, 082110db00c07d8d, 9e71515fde3d62c6, e1babcb78460b10f, 8a4dac9d3deb91c2, 609bc503813a312d, bac2bd92a9ad1e95, a218710a111bcaa3, d8d3c17ea639bdef, 75fb234ceb256599, 3f302022b5d8183a, 56ebf51fb084b795, faae4962ba834ba0, 75bffa09d67d9af2, c42a895a706e51f9, 58c6573499b3d784, c6a4d3f0eb9668de, 10bdd36e00f8cdf0, eb2b83eea26a7479, 5285b05d19ad4a00, 68f48c8defa0ed73, 625d27f8a90377cc, aa55c2380b6aefa7, 452199480c440404, 64387e533d433304, 3905b997908eeb51, e7aea6711fbd0c95, c5976c395db4bd44, 45f73068a6969a98, 1422c95605287ef4, 15c8f6cd22dbcd9d, 9edeb67b406bb3f1, 7a01bc633405fac5, aa9ed126ae2332f9, 59a17302d8b03078, 1bf4a3e6ed1f2a3f, 91059f865bc15c0f, 16f9d66995751467, 5b3998c6034d4875, 65ade89ba34cfa2b, 4876ae441f944899, 2d4bc72137f8eec9, 007c8e5e9f4278cc, 1e3b07263a9e31a6, 5a4f0a459e85d972, 7b0796b73ae4e38d, ec7141180da12019, 9d588dc3b917050e, 468e6000c8a6a28c, 17448adee5a104ab, 456000495d307cfe, bcfb030279366964, bedfb1800a3d3362, 35f97cfdf507ca58, d5a05621235c289e, 3e3df5f6a3a2ea75, 6215e3414294f5dd, 8027c645d975847e, 1308aa18485a1ee2, 6265d4b4fe756d18, 6289cc046876bbb5, 2ebef8b7011fece4, d4455dccb237c2f1, a46808f763f50bc3, 4ce5d14543cba45f, 478cc84386d57af3, b453c1478c7cacb9, bd9620bc15f254ae, 70f88217b400998d, 3e14f289af4b031e, 578cdc766da82960, 66bf3c0584c69462, c489e273fb229a91, 6eda6a0ef16bb642, 4254e9c65ae3a35d, fa183ee7b311ed2a, 058d10cf464fd603, 479899cb9c1301f0, 179e17ed185a45d2, 5dd58f5e4a968a90, 9543fa07908efbc1, 259a62747526b5ae, 25840285e23c637b, bb51e055438a4f99, 37b685567894acd1, ac225583e84dd2f8, 5542e8cfdbcb4317, 0bb6ee2fdf73b5b6, 70a3436842ed5bd0, 660b2109c9595a9d, 8389920765d4d295, 04bcffb47c9510bf, 35410e108929aead, 25aad482060e4631, 5b150019570f9cea, f3286d18ded9e9a1, 862bffd677136bee, 7620807cf4c0bdc1, 2795d926572d0d70, 168edf3d101421c9, fb2fca6653d79525, 78dfcf143e79c6df, 42e0248f9e3b2112, baa7fc2b421ba91c, 7f9be44bd27eaa03, 08495b53e60b0bc6, 4e794016a1fc3aaf, 6656f45cd930fb9c, b01ef5a710f3e10e, 657cbd869239d43f, b7e09f64279627f0, 5023610c4f24c251, 50ae4c69e3d67e36, d5eb76968d029fca, 82762f934dfc7e32, c8176a205294a6fe, 58515ffffb6e4a07, 7015598941655e7f, 99c005ea697b1eb5, 506fd9dcd488c67a, 269a28a4ae4200c6, 13907162847d53ea, a2595d60ea3f1660, f6b22c4f2869bd3d, 3448b9db11d77361, 3a3f2d37986b7698, f1b4925b61d9a2da, f93a8a27072937cb, 2df21e8690258723, b56ec54c06ef4f1b, a243bcd6b0d7e5b5, 2ed65f8451caecee, 74e1789a8081d7b6, d87dc32b1f064fbc, 9fae1aefa4c8b9b0, db7c1f6501249dcb, acc14295b7df2b10, 5da207adb80fe4c1, 5f27e222732097e7, 7ffec6b2d90e8b6e, 941e7e64423ac42a, 27ce649d68bbd34d, 90a29119ce480a8f, 069e9beb2e99a1f6, dcda49a7eaf0662e, 5e71a9066e0b42aa, c275cdacdc217704, 6fe2e0846dedc93c, 8eb3ed0dc5651119, d357edb4e8832433, 3354da85ea66f139, 6545642b6c29137c, 1767afbf7a2870a4, 1f5300ebcd9721e8, 1bcb4c73a0303a20, 13ea7df0cfab4d80, cd9055233e4af50d, 06f0e6741308ec94, eedf5fdf4606ba23, 8b67076ad4846403, 6eca93a89006954a, a4d52cf10fe4e045, 41a32139a2af5418, 046aee5fde05ca76, 3158a79df61de3f1, 28e010757f6dc79c, 444b5fbfdcb71590, 131e2abd9a3a8f19, e355d9e12793362b, 805a3be657f6cb16, c1cd33c6fcd47818, d58344557ad78015, 6a135d3d0291d20d, befc62198f3c5891, c43d58f878c233b3, 0a16f550f6c20a53, a2568fd9d741ae80, 557ff1f6d8ab38f6, 1663df29622d1727, 7835c41a9cec6bc3, 955d3b94b7940045, 59470dfc6f9522dd, 1c6e09c8ab49afe5, 45be2dfd5fba311b, b9184d450fa7859f, 28c262e535b73018, f7b346fff8f242a8, b3d92e4525690bcb, 6bb1a8f247e84ac9, 0b88fda334e053fd, ba22b412f4c7cd46, 27cc6b4a93c58f3f, 5b058cce239bb28d, 10d85e93f0e9ac78, d12ac7ffaa5e4d59, 813b60f9077d850f, 314e7ad04211cba2, 120f3373a309dd00, 2dd8f3a55dc217e0, 4deed4c360bee107, 4827931a893e9961, 8481e84e32cd1bfc, 90568e0a0395820d, 5c1454625e13376a, dece1c5ab965b808, 9c2382734614147d, 96d3261d977c561a, f06415024681e425, f33614733fb74aa7, 2e471de76c884815, 6265df927fd50ee9, ce4163dbd38eec56, 803619aa74dc9161, 761046fed95a74ac, 691906a206016e60, 9e7598393ee0b8da, 1501783184d86762, 7811e085772ae211, 06b1c0f6927eaf2e, 447b4a9fa136de4b, c44086c9c366076c, 6e5e07a57cfe6aa2, 231ebd0e931b77fb, 07a33c1eb65698a3, 5f5a7b95544eb5c7, 9ff2cd821b47eef5, 885ed6021f60eb64, 4c8efe972fa8fe5e, a957783e5105441a, 668265f7ff05c8ab, a098cf9b9b2540f1, d3789fe0517067ac, a7d4ff653327bad0, ae3a9ef018d54aa4, 56d4c32463ec053d, 0f3dea572aae6207, bb6fa0cb0d1a37e0, fbfeb6966bee976a, 60ee2c29b5a7d92f, f67f83322495c428, 6a6816de5e98dab0, 29ef2c5d66062986, 91dc2dd8d1d5fdf3, 45f82aa6e5bd0fed, 3e38eeb45aaf596e, 8354a7f8879cb5d7, 6570c7fcd37c76e3, 37e327e14f84184f, 6af5aa4ab9aef80e, b15b472389721ba0, 8e12e615641de0c8, 4a3d16465d269def, c88e195c55cba7d5, 2c562076ed669a0b, 64b45ad19a28df22, 21cac787a917fca0, 5592bef508ac68d5, 8249f4f7aa197839, c084918b9d50412e, 579c4f4a38a5febc, 7b8bc6e5b8247874, b8b643b59435645d, 852601cfbf91fdf4, 69a92d73b31b2f39, f912fb54d080e14b, 01c9f0aaca041fac, b780efaef29d11a3, 3fee60f800bee3e0, aab37e805c31963e, c27a4037c7fca6de, 1500424c77a7521f, b0a7fc61582113e7, 98c33e67c59a0206, 903c8923e02f06e4, 393a491661683b1a, c5ceb9ec7b4283ea, e79251006a994db3, 91b2009f8d1ec2f1, ace3fa55176fe22e, c7d09977126064b9, b3e1ac98d727614e, 2f47e2487b7e0cff, aff4682df546c96c, 4dc5525699fbef16, d219e1a717bc83a3, dd1e1bc8d8598ff1, 4a07bf187e116a9d, c084a8b71b9e59b1, b26ff9dc13a3eb78, 88f4b50dd4da391e, 200b4a5a64b02dd6, 363b4b8dba15a06c, 2a1730cabeeabc03, b14d903fdea22b5e, ed1cd5931692ff05, a18c494d5d970c20, 853e2b7944f9fdfc, 91770bef7e355451, 864dac9848d6248b, bba7000f52b48a29, 43a2e205c52417d5, fdce616c24bbc479, 6abef38cfc421fc6, 901af4248d5a8b51, e171e5198dad70c8, dadf2886fb080a66, c786453f1b60afd3, 3c15751c811ef631, 8094a2d46c30cbcc, 0bcea43a065f0295, 0f7e6a62facbc133, 202b1514310e866e, 0ceba6e209e41317, e85352ac85c93f16, 9bad548dd9aa966f, e3d6eb51315348ad, d8a8571b1cda4b71, 72b89b7ffb4f3f09, 94986027fa88c8cf, 02aec6847e526ea1, f7d0c5f7ffc1f4af, 35701b866f54c778, 7f07cda0693a0aac, fb10d2951b241efa, 2d21da79db746c5d, 688af437c87c6d6c, 923c81c196e77862, dfb1c79019e6263a, 7c93764d0758e2cb, 9e37db6c4ec529e9, dc56dd982f583592, e5b0021a13609161, 2c7aa1fac4a6874e, 4fbd4f631aeb045d, 38258640dbefe31f, 683ee91b885c9c67, 1f48c48e7c991c74, 19c9c2fcdb9f60b4, fcef9ff5e974ea39, 6283a8529c72277d, 3b1f4463d96fc205, e5d401ca389680a9, 05aa9966b716776d, aec19fa928b4d149, 4a578194531a726a, a82ff7dd5a5c94ab, 1fe89854ccd2a10a, dde818d4f61c2699, 39da69d25f292c25, 5c801441a3cf716b, eee80531386c884f, 48313be6fd5593e3, bd31f2a4c3533fba, 04ccf50bd542c301, 01095cc734ddd39b, 28b3165cfddfa62d, ed28a5caadbee518, 969e72c91873f094, 1ceda16298f16f7e, fd8cf840b49a6ef1, 29a9d6a3190b36ef, dc22a08c77dc53ea, 1975fddf8126b44e, 7689f90263423c2d, 491fd61b29eb316a, 7b29553a05b1df1b, 51e78a17f8788f7c, 034561c79155d352, 61c69b9ac9d7b002, 962c9f0629927284, 722d2442f7393f9a, ca8f2c0287e6d649, 60955e93bd917302, dd62a43446a8760b, 842a79435e5145d3, 95c087b9868d6c5f, 96e9fb408ab9bf20, afc730a6ed91e8bc, de326b2b997a73f2, ba632134b4d4201a, c210419ddfae53df, 982f0631108ac737, bffb4e25dc5a9b13, c37c310a76df5767, d1ecf9cab2ed65d6, 08be7ccdc85e2e18, 0f2fdec03a81864d, a2adf1858d9decc2, a178447c3ea9ccf0, 12e0916bb0eaaa99, 8f7fcaf6cb0d8f7c, 9e0721b6d08869cd, f83dc533e6b94b37, 8d8a0fbecd2a7642, 9e0f5fe90e9c6bc2, a49e2664077ee845, 746745a175c3b953, dea6ab46374f378d, ca142fe3dcbdb489, d81bb79d60682912, a29c55dad550237a, 112b405ef4ba6462, 2720b96ed6125d32, 4255e77f4ab32e72, 4286014ec0c36e1c, cc28e1c6c646cebb, 28d5758fe69cbe5c, 08233eb3ca611f88, df99c65cf2d6fb65, a68ad59f84870e22, 8ab90b8e412c7243, b5d9af1f6f9cadb4, 60b92dcf0d99b120, 9fc11f72ea7de1ae, 94ff1057d96e0949, 08002f018187575b, cc692c3ad9adccf9, 88ece46214e8845d, b8163bd34e77d566, b36d9f62575e8aaa, 91807d65af119a96, 112803f3dc147036, 9a59aeef147dbdff, a333b3756e86f9bc, 9ef7eac3b0369804, 68eb25242118b729, 922dc1ac37d7e0bf, 6f483dc1c56f13a6, f336252b9f155bef, 531257792aaba2f4, de083ee099d21592, c497fea7959da02b, 43ba4cf229ac6d99, 5fe32a33bd86dbef, 448734cae1427c08, 3474a74abc230af1, ad41711214e42e1f, 3c6cfefb00ba31dd, bf4d61eb00dd8e35, f77bedc7956f8980, b45b209f9ac5f33f, 88b8c25f66e6fb67, 248d5bae7c6380ab, dbce34f24acc1577, 02203999653cd2ff, 88b648e5c975e4cf, cf12408290221ab8, 8e66f26c051822fa, 0c445206e46e972e, db4e63fac7d196da, dfbbf2db9492f457, ea2140c3102874b3, 0e6fbd26fef8cba0, 9d732c3e1780fcff, 3577f48656fd0959, a6b6856cd0a2ef35, a653acf9380968f9, c46c183da65cc07c, a8d844b2c6d92278, 9679a433a5b14aec, 7091333b2c754524, abd35734224bcbe7, dc3d6b334891db49, 033bcd8c4691ac43, 682782d02693df29, 8ec6eb12c3c80f7e, 0e7577c844604cac, 214dab84419dda7b, 28089d79255c498e, afcd02f5dc21735a, fd85550d6280932f, 759cf0937f6df69d, 25f670a2575e4a2f, 80daaf96dd6a2c04, 263a516a35d8803e, 6f8ae842c3a1d81e, 7374ffaad32e0232, 04de40df305f8739, 5e0f1e38feda9bc2, afa1767c601229f4, 01d0274fca702b19, e848b656d98b7f30, a8b321df19cdaecd, ca46425dc17be361, 3dabec1f710c5762, fc8631cae5f7d956, ebab8427a3e26e67, 67f5162569c61df1, c39b3b60454711a5, 29a4464db87975e4, 83a2a9559d407126, 26c115db8916d59b, 7cef904d95dbe4b5, 8e5305a69ca31cc8, 12a6faaca2003fab, eb08f35e7cb8ee17, 3704510bf10ddfe3, 5e99b6e6fa52d5db, eb0bf2a2bee4f5b8, d0cc95b4b17fe0b8, 1b7c9a000d389a9f, 6cb81fba1368f3d2, 62065a2f92bba5b8, c636ff3237d4ea9e, 0e890eb1aec1ef47, 12b577516ca5f2d8, 28b18b241236e78c, 51baa7cbc4c0366a, 168052717403d61f, fad28216a56e28f3, 1b04dacb6ab11d8f, 9d8925e76ad1f5ad, 47237f40879ef8ce, 6a9cb360f1e613c8, bb0dcec4d7dfd1cd, 04eadca6daa286ef, 4e574cfa8f4eaea2, 5f16864fc4518bc0, 50cc44891abcc1e0, 05254f92aee5e6be, a66c62f1d337587e, 3efa7c015a8d1b62, c41ebc91213fa8a4, ca22587b8546411c, a47fa8dcfa9cebec, 7ec2406439d7b3a4, b79149dcc642d26f, 9175f7effb957230, 8b408bece9faad3a, 1c13818418c9cade, 6ac1c7ba27593467, 8eebcdffa8376152, f977449b2c3ac6a0, d5ba1b252273ff13, b45d10fcf61dde6e, 0ee0aa15433f8f83, c1b3e63f9e1aa57a, bc551dad23c6b892, 5cfd1265ca97425d, 7fd3840298f03b2b, a59a876857792ca9, f033cdd3d24a7356, 4bb7e6c90063c367, 6fc6bca2527ffd93, 05c51a87a9958d90, db5ad51e4698042e, d099cbd510777a48, 0d979a4cd6acfa39, dc09104bc27b67da, f617bcf184ab6197, bf7d2476a17cf48f, 5a9b606654fcc694, 98a2d2fec77efba3, 94321e75cf232b57, b8cecd7e7e000a00, 783b00e8f40b2910, c9cd8f5ef23fd11c, c279183e6482d4e6, 7b001b083c79199d, 3caad28b0a01e6e4, 44ab7df10e5b6c1e, 4f3de9c78ee58674, 771900380441d94a, 80e49efc84b8af0d, 6ef3ceea051dc1d0, 247405f211a9dadc, 77985a1656a51f4f, 4ef85e4f956da98b, d7d81e6740c928c1, aa15cac98bcb4a30, fe80d197650e48a5, d0c057706d061565, 6c6da34041576104, bcbfeeb79736ae5a, ad6e1dd39fa01edd, bdeb5230446127fe, 1ca93de33572e11e, 14dcacfef2faf364, 670073a70f9d5635, f3492681edc6b369, 1470d6705f28c7fd, 57769459eb66ad4a, 22665eb0a4bfec6c, 1f4f4b5d58a4e849, 25618d19c9077519, 7d36e92cca51139f, 9543d928060d8f1d, 732de141b68d09fb, 275d8d8ad34ef710, aded81e521bda4c3, 8b6b79377bb3a49f, 4cae2192c13b2062, c8e587e5851b482c, 0ba52dcd70c0ef79, 97baff871f0a565f, 75218892b1657395, bc5a95e10ef8046b, d07878e2f6432b9a, a3ea4897575bb936, 82dcdb2ab7ebc41f, 14cf19fc4e490734, 80ae9af4be67445e, 6155f00b688bbafb, bffc3bcb1191bf1c, ccd53e50387d4a04, 611f0581a9dd716f, bbfd124454b17b8f, 270aafd67a6f99db, bdd21580258cfc6f, 8429a27e5b62a374, 7f4893078842a30b, 0e03e18639b10d6a, 130b0938158cc3d2, 56fbe9b064d7284e, 2d735862bd02598f, 424a6ebb204f89fb, b0d53e38faa82eee, 18967dad7808eae6, 4e0d8b5b7fa0eb9b, 223839e982f36456, ba01d3aadec74d32, 90ca5e2960a87e32, a630a80756e4b4a2, badfc7765e9bfd60, 5c3f4e4cb7b4f6d4, fcd86e7833fd8683, e2b1b1c039cf11ef, fc99c73a1ec6f0cf, 5b4b30f05c38be83, e3fe901408e1f742, 2f1a230359f29b6e, 71a2776c7e278c5b, 16f5a05d16555dc1, 455566971f409b94, 93271acbd796bbf6, 9038f5ecd96bc3ec, 380767def7495400, d109f4e4b9a1e9c2, 56b3c468c7af6c98, e74f19a655662ba6, d23b5e7f06a7bd32, 90294c6fbfb7ede8, 1033339dbded0856, 6f10cc6f72ec6d96, d723625c6365c9bc, fb407e4e0292f73a, 9b179090bd6725a6, b924af7765476249, c664bf6ce9b6d46e, 1ccb2f1bd56863fa, bf7e9abae51ea818, 7441cb0c16ce2c30, bda98854f2d8a8c3, 30f08086dee4df99, 5c99cfb7492b2f00, 022ad726908752a3, 86d1db94fb3e81f2, 7aae91e48f5b3c06, 32f5e7e390aff7a8, a2145aa08bff30cf, a03addb411764488, 7f1c0933bad85c08, 290acd82b6f29a5a, 980216fdc0e34449, 8f455ab1d4006c0e, a723633e4fde1e6c, 24655041b9cc9925, 1bf137e7b49e69aa, d95bb1230daefa5e, 7029321a22bb91c8, a2f598e1f73eb6ae, a83a40243053c301, 6f7fd994a3d345a7, ac8f6efb4374e7c6, ae18a15671050049, 472cd84654875b57, 0a6ddcb7cc3022b6, f45e6fd2e4bc0372, 776a69bfa3543e3e, 336dcf0ed0b73aa0, 43a4be69eed2e0fd, 8ad5aeb33912da02, 83ddc9c9d7d603cc, f8317fe7f0ac6d2d, 3a91120a4629e318, c3d6b56ca13c5203, be78078600b34725, 9b7029ceed527685, 5f329f71974ff2d1, bf7e25fefc281c59, f0439452ddfd52ea, 6e9aa7f7e11815de, 99d917146f59b9aa, cb420d46a4bdd2ac, 15bd5c850b89d0a1, c4af270d2c9152fc, 3ee0a78f939246d6, 9fba9383ad4ded38, a20c6c41108c5cba, 64f446c3a0d88af3, 016a4709f8816af8, dc990cd463d0dc59, d41236f01304d5f7, 2371dc70d2a23869, 6ebe135db1ae1ce9, 70254e001140cd65, 00d8dd991c307086, 2fbf2bd29274d003, 4d37189c4a5c904e, dd8324fe831aefc5, adaa51ed646c5329, e1deb12f4dc05c3a, cfe7b5fcc3f01e60, 38b9a38c0f072342, 84eda91175b3d9b2, 9e2733dd9fc71930, 75cdd74765420242, 0eb66d9ccc9dfed1, e596c66fae868607, 2c481fc9c49542b4, 89096826a71c9fd3, 0c1888a89a245399, e15eb738df1a28ab, e3c3f37d2098f268, 184493a66ce62b4a, 8d8f267e2a59e014, c2ed2bd68f7e46eb, 6cba6a32916d3583, c62825f4aa9bfd32, 62f3ba4cdf103633, dfcaeaa5e938b1ce, 430e5be0aaadc44c, 69ff4b655e6461a6, db97e5f9fcd4e34f, 98616f172844feb7, ff91eeadd9cf95ed, 71ead2dbdfa265e1, ca8a343176529d11, 037e7c0b89cce055, 62360e915e045e67, f0ed3f5912e0a885, bd9eab2e0bf26095, 2f6128f17d57e6d4, 8c56a20e01353f78, 3ee6047971482a48, cf5b5114a0cbeb94, 41a793c5b0d5f6da, 0e58ade048303228, 358883ddb12723a5, aca5cd2fa2c63939, 8e27d78d1b5b43aa, 455df449bda25728, aaf890de1335db14, 7bccfe071946bdf1, a7563886607caec4, 689519665e47df10, f413edef6d611c84, 2651089cc4fbc6cb, 3a62f795d689cfd0, 46d50b57b7805f34, eec70d6294f406b2, 2a25e2dbcdbbd91f, fa175f803d3e003e, 6f38f6fc11399999, 0960590947ba74ff, c639ee59f2490bd9, 7ef75dcd24f34067, a2d44fcc57dfcd0a, 03e86f9c157425ff, a92273760dd3f303, eb41e8374d6a1187, 0d41bd3bed5c45e6, cd638b9a133f82ce, 1fc741bc0a2ec550, 80daa04dfdeb587b, 6028ea8543d9db5a, 2a571abda6f033b1, b3390abdd07bd10a, ecb36da98ab3f136, 8e545feadcc4fdd4, 859ed0849fc0369f, f55f56df00939aa1, 2dcc69a6c754dadd, ab9d290bc471580e, cd504be4b31fea78, 614d942c2295b5e3, 5aa72d47767b12f2, bf5ebdce688a0b7f, 215d54785970e065, e3e23886dca2c719, 187758a1d7a8c111, c95fc3ea0ff67150, a0304ffd1b64da29, 3411262552033d26, e4af832af6cab25b, 96555ed12b620c27, 162fc5cd06234696, a2ab5e08b336b710, 01feba5575caff15, 0abb15ef3448b835, cc11569380cc0c53, ea5fee2ac3d460b0, fda9df4ab0aa0b97, 5d1e9c6ed8864f39, 014af0399fffb7a7, 54ff64465b175f33, 87f612f88970b28f, e72584e82d2a270d, fa0a156825c5a1a1, 6e366be9c8808753, 7d2d162018ac2f4f, 0d1c502b49c48b25, 0e8f2472e033e86b, ecd306cf667782f7, f9fd8e1089f596f3, 7909abd8d044da49, 4b460c34eaa499e9, 297e6f0ce6476f1e, 2ee40b57495196c3, 77a0ec42de3a1a10, e275276414dae35b, cfa64c3a78713cf9, 36aca2983adc9a9b, 62328ec44af9fbed, e407924076512925, 2b3404fb2bc6bf78, abbbd8a93db6bd5f, 67ccf6f03657e56e, b446ccff7f6fcbdd, f004dbb616fbe41a, aa8b41e0db7a201d, a9642eaa87ad3c6c, 96d6af3495e204c7, 84ae24da9f15ba03, dd278ac4adec07da, 92c72f9ad6e01d8d, bb93d6861dcfcd71, 5dc068b62de09289, 1ef8dc2e27b5bc5c, a21c1574d6a1869f, b7f66e0caede66bb, 07590dd8712b4c53, 7dc2f4da69a7715d, 091edbf184374e1b, f0c499c3441c3d9a, 6fc38b38c34b1a88, fc98b18df68aafa0, 67f2ae9aa4780ff0, 1f0d8a7df73287ac, fbf85fa604bb20f4, dce38a4c49da537a, f0d33eb10b25dce8, b9f6822684800462, a06e0a26ee36e6fe, 3455866a1df2cbd6, b907d42d38d4981b, 02a50428c7355050, 4b9fc84e364a66f6, 374140e376af12b4, 4da6674e8482e8a6, fba80d3b765419f2, 77f206898924eef5, 830cc2c365369ead, af9c51ece732c9eb, e5a98c38c9618b3c, a4a78d44329eaad5, c0a5138aadd948d9, 728f19e428e11896, 8c50df5bd6c7eb27, 7aa0c8ae60ed5916, fdd4f9e7a9b7619b, 6cbde3148647adaa, edc365fa623b61a8, 4847e1e62a310c41, a4656041131043a0, ff6a8b2f8d710bfa, 2612efa044b16377, 35fc43dcbcf32ec3, e27005706b8e48dd, 9863867fcce70494, 1ef84f0af845c359, 8c9a99e0cf4474ff, cf00b67279407aa1, 57a566e0267c5685, a8d773d725e6986f, de31bdcd16404a0b, c1a81e96c814d5dc, ce027a9cec6f69f0, 4eb8811f88b876d5, b8e47dff889345cb, 6bcd0fea8ae34bba, 0f4192db04995d02, fa16df62043a5dd8, 2422715cf1dd57ba, b1e7b43dc39bd1ff, 0ad200aa13ce4a1b, 3161ed3ad2d754ed, 6e7dac43ce55605e, 12e345ffa0def59a, e76d31933fe0ffa5, df3923d6f8084cbd, 0f9dc33e99a19e5d, f9afe227d09719a9, 6a403bd0a9f0ca65, a1cd00f8d97edb4c, 1865728932df02ae, a43cc2fca34b2e52, 0a5778a7423ca533, 633cecc5d1ac7d90, d47f58ea793d7f5d, d4ebbee1e61e09c7, a8f0997fd0455185, ba392acad14a1ddd, 6d1aedd3bf0f6243, 8f3a9cd8e3d1b1d5, 23797c104edab55e, fee4f6ed75b7b8a4, e4a82b928bc45575, 05396f187aa7fddb, cf311052fdd0eea2, 952be8b04f141e86, cf7437915baea81c, e6412aa30bab7fc2, 7de651aa0e88b28f, da8b5d06a10cffde, 196ea3d6e1f8c17b, f632d9b3586874bf, 22fcd9687c5ff3b5, 79af55718da07d36, 2b147e2a66a4696d, 21166269ea068f77, 368e6f9fbebcc744, 0f712582bd8c4a88, ce22c89db47b13a6, c93294dc355c1d19, f16a7328e4e43dc3, 4b4f1189fbcf3f3a, 6660de62a28c3b0b, 21aec0f3d760eaea, a3c42106b87956a6, f669ab06b5bb2e56, 5b9bd1ff28e5f31d, 4c45a56828b71efa, 7096d54e5d8da9fc, bc79ddcdb77a5e9c, 6797d6224f875bd7, 1af0121334d9bd77, fbdfabebff1ecdea, f6e09fecf2a8842b, d4cc3f41a2f7e149, baf59b313e8c95f1, a073950f58c2fd96, 381a20d6d5495708, 3394ccb1647c66e4, 1112128235ea15b8, 4ca653b1b568c123, 61c9733572400bab, aa796c8b72aace19, 8c82bc53e1e368fe, 66a20d1b3fadeb72, 38ecc7736415b9b2, 419df5c6799c60ff, 43fd680e34c0ac64, 4d2c4a4261a17dc0, 3d6ec0bdbcc1e99c, 5e12b6fa33aac81e, 31f64a3d2a5e3039, c7590b37092f6b32, 8abdcb8a1eb8e66c, 3be6eaf2ff65a7f7, 1479c087c58df2cb, 9ffbb791f96be355, bc846d49bdd8e179, 1f23cbe85872003e, 9b54dfb10e3e7a9d, 56bc1752ebf3bc67, 936cb2f23f805c82, f7b79bd6294e8cb1, caa9b13167857ea9, edf1bbca5a3f7824, 464f8c92524c5ffe, a6e21125df3db4ad, 8fcc3ad305039822, 7703409d72df08bf, 2fe2ba2f4aecd4a2, 25c7c5582758405d, a20a93e5e8030148, ec09cc96a7ac53d9, b5d0a1e20a960264, 0ac68f045beaa9fe, 28ae2c3e3de9f954, d5e18db709e884a1, 8c11c0981a0dfa8f, 4dc729b973117245, 3dfb607b9827f771, 18f48809c0943ff2, 9cbde5c561b67864, 59990e5e1349f217, f9c4f57f74be18d9, 6aa231dd3b46fd70, ed883739798a1c5f, b2c9794e499aa0fd, 41ba8fecc1e24f1f, f487d7003f3fb888, 8229815aded88ade, 57291251b9f30f9a, 1a63d3fd980cb7de, 5919febaae8e5b2c, ab8b70dcc3e0402f, b9746e7cf6fcbd7c, efd496d72826a0a4, 5e5d8be874d27a3e, 57b8f29626d69cee, 5c743a21d7c6cb70, ae72571b97bf58aa, 134a698cdc9d1b4b, 1a55b1837d8c9bbd, 2fe1346785ba9ebf, c030c005b7565c5d, 19c474c8b149e6f1, dee266353302198b, 10dae0f694f60dcc, 0a9913f4a2ea1c43, b4359cd2c5855314, 148cf8826b068383, f89b4f49a2c61157, f023d7c6ce755f34, a4e902305dddcf99, 18c0cdac33f88f18, f45a527568f915d6, d5d48b3881405a39, a19a8ced3a5669ed, dd5c8a55a698631a, 8a030d4d5d44f55b, 1c8bbec77ecdc383, 976abebaf2f7dd68, 4582a7152f2ded77, 20d6651dc89ce7bc, f3b121b733dc0e64, 8f9b2e93af00a1fd, 2585a000e1f66415, a86b560ec9d5e3d8, 5f68c2fd8ebc5bb6, 869ec39b934efd52, a11ff3727aac9ada, aeb904053c98292d, 5d5f5b83639cc0da, 6e8aa263678fdc87, b8127452949f050f, d603783062045dec, a81bc7410bd476f1, ada9a0ca42c48d3a, e58cbdd4a5da199d, 378a7e0c81170782, e9e8a689a346a713, 411d41f6b749518e, 780bc398c9cb14ce, 7fb4dd6d4bf75238, a8a469c7a7c4106e, fbf37e0314f2b239, b8a93b025bc16e35, 8e1241706b86a689, d3f5aa0f37613deb, adfdad56424f6a86, 0aa7a14be4b2930c, bb5bbc359df5bb0f, e7e8b2bd6822ebe0, a45207f8f6aba15c, 266e8246ac58261f, f88bfccfb0d746fd, e068998e92525c0d, 3c2dd1fa02db6338, 5d5457cdf87aa4e7, 88851dc4b7888bd9, 7dae7c0e9d4fea80, 45fff6c2bc1ae62c, 5c8dad39f716dbd2, 6845d91c0b82a468, 5bcf254285fd1196, a31b0a42d0da29c7, 9e690d405cebc67e, 0f2e4ddd96d7a624, 033d277d843d6375, 2cf38ba7ae674daf, 229cb1e6edee123a, 1618a0eba4cf7bc1, 3045bda272d53c77, 265a5846487d6abc, 00f04eb276184298, 6c77c7486f4815e1, 2e92ffc0da1e372c, d429d46de8d6fd54, cf46bf981905fb4e, eb0b4ae14b1357c7, 14a81be94ff0abab, b1528d29c76b4fd2, 7bc33c4b3092ac7e, 292a9a13694212af, 4802311d074dac34, f09d21551766beea, b9323582a50dc7e0, cdde759ba271182e, 683876f87719c07a, 59ff3f7e385587e5, 857db83c88da11c6, 1bf583c6a1a316fc, 3521c76f4cbcb7b2, c1ff512c8b1e44a0, 6baceba9900ef27a, 8cd6983eab2262d9, a4c4a497e0ae9896, aabeb82c08eb5381, 2b15de696ccd024c, 9ee67fcf407509c1, 44e23f96e7c9953c, b6b12649e7264ac4, cfc7188f78b6164a, c735106516d1547b, 32b394766ac1524e, 77f570d127f1a25e, 8bd921209e6dadca, c6d1147d323c0a35, b38e73e3058654aa, c15332fbe51da661, 3434dd95437901fd, 9b85e4efede7f7a9, 6085e985f2ea654d, 862f92e9f17fe8af, 10f75937a7989655, e0c0d2eeb58d5fe8, 64a50b9a2b954292, c113174ad748d2bb, 30607c8bd719dfb6, 60c8a7212511ea1c, 53d6439f4c933e85, b0379438f6d80a64, ef8c4d74712a776c, e476e06a54bcb2ed, de6d74ae40b6b4e6, ae9da50b9e2b93a1, 7be935e0d62624d4, 126326ccda598a59, 31293f573e3ab8a8, 01e92aaa92f03dce, a262d402969d6e54, b9c2e8e3daf07f25, c62d8e2568d5c06d, 47b62a3bcd151eb2, 980c59f82b5aa556, adad7b964084a736, e9412918e12117be, 4a8018628982f5ac, 76221f0e6114f3ea, 2ef43d94b5c93272, 4ca70cc0782ee414, 21b8570cfa301623, bd7440168244f8ff, 58106618d64389ab, ae67039e4810b326, dd3c650ecc9f9bc1, 835231c3c309ed41, a104c56d4043678a, a0abb0041f01e10e, 82f172c1e727364d, 6b7d368cf81e20f1, fd074ca9973f71a7, e321e8edc1a5c6f3, 9fd3c096f49f0931, d67af1fd69207e8b, 9cc2cb3d66393395, 40a3e719eba0114e, ed6f00448f49172e, 7bbda4f4fa3f77da, ae14e4dde6d0b534, 07bfcd694682910b, e2c7ff46a41c0918, 020b416882846dcf, 35bbc3a520ea6648, a279bc56023a0435, bb9577eaa5a49a12, e71555872520d81e, 6cd04f142f383322, ecaf6fbf017cdb3e, 42b2a72f2020f703, d5033da6ba0aafa1, b99f9fb0a059342b, e8eaa22079966487, f9cb4beb743fb48e, 7b248ae36a2a02a6, ba480cda011d8bba, 328da6de7394cc0a, 69ffbe43b88558d6, 17e66b7dccafb8fe, 31427bbf9a326915, 24a53535411b38f7, 6402f3fd63a5f73a, b5b62bc4e5cd1993, 95de7d89555376f4, 98808f6dd5ec0ed3, 9d33d4e8b0fc3e87, f6e13422d323c20c, ef3631392ffca5c7, cba322194de222e6, d3eb5805ac249a0d, 2cadf930e20d9ef6, b1554a89d199c6d8, 64d46dbcdd45560f, 08e647f7b6cb24d2, 1a62e106e6e7c277, 0229980c8de340e1, 9ddf95cec9cea98c, c99e261ccf9bec61, 74b510a2b5ba3902, 0f6d3fd11cf2f840, 71ce4e926a476f43, d3dfdd4e1d7d94e1, 1e0ae40d7099168b, 14b6adba937d8ee6, 5f0d5c00e8bfa8f4, 77c181add0859441, c199702b97e6898f, 3f42e50f05b0e290, aec76a82ca7904de, 799f494f9a07da83, 09e6f6b676c17d0a, a03eacd68d8b7e17, 9552925f9c306072, 301df5f13302e426, e28a78f251795358, b5b819a641bcafb1, 65a9970b78c14a05, d58fec549182e242, 9c07678dc2ec6f72, 8624dc54d0683051, 3d00a33dafddd4c8, 9b57a6bbae08511d, 9aa34982987c58e4, 8183110ee8bc68c0, 03e32694526717db, 236256193a75e333, 3173a7cc25392448, 05e97fca1926e692, a4696a73503b4b5a, 0d4177d32d8d5e8f, c410131510143171, e96e670c75b10f13, 9bef569c1551a3ec, 051c2ba9d9e80098, b9944406f8223598, 1c6a55ee8e006d4b, 1671c5909e9e7f1f, 8af7a2447689cd2e, 8d709b3b393d4710, 9f70b96c1fe02426, 40d724beceaca259, 337342c49b0ea02d, 4da711ab4ffad20f, 9071cecdff7e68cb, 4827bdef9789a294, 5811e8083ca281fb, 69bd8fb5ded2d197, 859ab40fb5febb09, c96569c1b809e604, eaccc3c6fa07df3f, def6b83acc66002c, 654ad19561a8c999, 01f54b94b18ac026, 7cb1d40848c35e91, b74b94e5ff34d0df, 0309050da515991d, 5abc6d3a0b4d8ea9, 70d8eafefb72a4c9, 4132767beb6b0767, 098a38cee8b15b6b, 3c6786976dcc660c, 4fff56e1f66bd7dd, edbe6fad66b9d768, aac2612a90f28d84, 9311c4dd7d4c0cf4, f9fd6804bb850669, dac826f2df7ea72b, eecdd36bec6dff51, 41a68424dbe228b7, 36527788f10b6726, a3bad23676b30692, 3460d47f80a18f57, 266076b7607f159d, 1ef964f4572e3c47, 4b9d308ada7e770c, 543da8951b331caf, 42e9bc13c07b01bf, 6a53aa2fdbb7be36, f46ce87768306a48, ee5e351288511ec3, d9dc7bd6f598a474, a60941bb0e9aeeb3, bcd1a6da20a51530, cb99b3fe9785e8f3, 8d7fa2268028679c, f6e85e2f50edb5cd, eaf63d9730acd75e, b1cb673c1bdc5696, 4c32d97b107246ea, cf0119f8bfc7c80f, 53a83b0e54f23c40, 80b6d242ebd3e4ce, 634e885c14b96cb0, 6a9939dd7ca2c7f1, 95cc46e760b9439a, ea37c57fd95b418d, e9bbec2af53f8554, 14ec4a7186cf6867, 4dd7b03ca6ef0d4b, 1f7f3f5bda9acf4a, 389c6ae73801e201, 1fab8c701863e542, 1a03871a84deda25, da4e8a97b1213117, 416a56b65d5427a7, 8e8a21daecb21ead, 709a90c6905f6b30, 92bafd4a3749b22b, d850aacd463d08bd, 6ea98662da137576, 9d698f06d98da0a1, 551bbcf1ea2bf9d6, 0d422355f0a23e8a, de43dfaa7e5fe9b2, 80015bd5a0b9285d, 5b834c6c35a19bc6, 3a60fa9f810485dd, b2a0b526f3e4106c, 9ca95e4a8335734d, 2b3140a94785c3ef, e55906a417b0bd2a, b2e4c07efde66d53, bfa44391d52ef7c7, 8eb417f0234ddd23, 2c67a28fce219fbf, 140edc00ccaf37be, fce317ddc28346e0, 626bfde62d8ae3d8, 759706a6c75e66ee, fabda753771407d1, 1470769113376060, fa2a498ba7f0d185, 485a3e3a39ed20c4, 062a0975825dcbc6, f075d6f1958ed366, 51a33ee82ea856d8, 5ccda86b78a595df, 36366876d6b2ca8c, 6460ae4259a8137f, 544da885c8d2c4de, 70c2abc5649187dc, 935cab5671018766, 739e244ea1947b68, dc43dd047b70f39d, 84080ee1e80cd0f3, 4b1489f5189a8861, 8b26643b19c19acb, 9624b8307ff46400, 32b105b4cec9ab7a, fa9ed74e40cbeba7, aff101ab5b2e2c0a, fa7b950ce1555e7d, ab922e19b230fc11, 043847b8ee123f7e, 3a44fe3c85cd7022, ff79808b0b608fae, c6989b39146786c0, f53dcfa663055132, fb2b8745dba5f84b, 1527fd33f789f0ca, 77a001c5e30248d5, d4a7bf1a0d6f7e09, 4af3d393f62bfd01, 760bd94a61875686, addb3bd0d9970ef2, a308bdd6948b7b4e, 6057e7b0e941b25a, eb2764f547bb615e, 6290f1dbe7b68d3d, c5afeb2c84f3f3bd, 540fdbbf07f48548, b02defafc3cbc894, f52cefd66617432e, 4b48240f29e692a3, ed7bbf3cff0984ca, a123ec585a559a51, d4660a067f185010, 62d156d42d6d4672, 77c70c861692612c, dfa22283dc445074, 045cbc7b3012c096, 34b0a376dae19f09, 53840f9b8ab04ec2, 53754782cf683f6f, 8336798ad4474cfb, f007d2faf6164b57, e7329719b41c025c, d22a675780673ecf, aec6a6f4986210a6, 2171e74b5332fca1, a866c192cd5239d6, 9c3d9fdce62d37f7, ab75aa9662669a22, df1e3fc3c3d228fb, 1c6e24be880e06bd, 1a416aeaef0196e0, a1e18be9073c78b5, 2cb468d652454fe6, d493772ac8c4688b, 783a844bdbf29bc8, 1476a2b1c25f9baa, 6e96b3d0e2997585, b091c990d1239be8, b8a80a6fde912b0a, d2a45a484471ce96, 35f97de9e8adbdbb, 56340559afd5bec6, c27a9368a2e1262e, 9d0f32ea84edd7e4, 3c02819365cd4014, 8337e0146d0bb661, 93b299a9cc963db6, f6e2b5be629fae92, fc514edfe70e8480, 9128bd9f2f6d82eb, a8bbd0ef72f5bf9c, 8d8cc624a54c365b, aacbf308f30dbaac, 596574b811c9b8d4, 1f04955e7d1d06cb, 403627e276b7fd49, 62137bf28af8ab2f, 94c041abd03a1cb2, e8d7e90093e03e3d, 22d768729eb3c079, 6ffccb1b6cf2bcd8, d29cd6236da95fee, 0e2abf55c5488451, 4521df9fbeff3fe2, dcb2a0f2beee7805, 4bda9be0eeafde18, b6c13fd3c359665f, c5a188101896ef8a, 2a77410a264f4dfb, 728d47fee5fe845b, d98159c87af84620, e75c55084883e953, 800d94bad6ec3745, 742c28217573b66b, dfb0a93f9dfa0185, 1d4df759bf32fdbb, aee12b03d2a43439, 54546caa8f97d70b, a43070a799bacba6, da3919305b689632, 5818222a5824d4a7, c33cc80b49c2b024, 99e97435b7260cd0, aba3e6bbfc53b831, 89b824003e8b1e5d, 85dde893af6f3966, 502498fe09c7fb7c, 19604c414b8c2520, 6c574dda4a47b33a, 1269667d403347d9, 65402ecc4ccacb2b, a6a9b8677fa7fd8b, 33c9d86eeb252cf5, 64a9c124111cb0c8, 5339dcfb3d0b6431, a7d04ac10bd0046e, 525bb5e8d662253e, cfc61cf51c2f0b34, 7138e43a50e71bfe, 6e4f4d496b586ab1, e2cf922436e66282, a9cfcb9320fc32fa, d160c0d528768217, 5e2609f85250834a, 1581d5e3ec6cd202, 09fe2258e282783a, 03cb24fe62ea4895, 8bc88c420abe38d5, 334c4a4162a9bb8c, f246b904932c4500, 6bd890216ddb9598, 119d22558d3fe3af, 44078f7ebd21456d, b260e7d3eefe0f25, 414758f06ed7bfde, eb2b480de3c2dcc7, 9d45a8faf238926e, 83173637c221ddfb, ab23bb54c109c33d, 7d52ec62a0d64144, 1f1d0c11ad03f1bd, 1588943f90dbc118, fbfc4fdfd76a59e3, 03a0b913b7938aca, 9cd0c8e1595bea25, b9ba8cb92819f3be, 67480802c2f8ab59, 741f1dded30c06ee, fedd436f31a19579, fa60fe56fb9c6818, 9a281b30e91d6aa1, 1f7d4a222cbeccdb, 5c2775fa7a20be08, c6e1742ddc06c14b, 843e5576937b040b, 1391d233483d4535, 3801e61331c59e9b, addb4e022f349820, 74cbe47c55865dce, 341f3dc995ce89ec, 5970ac112ada0e4b, fc814a211d6463b2, 592fb37e3fef7b7d, 540c9db277629683, 89ef73b0bce5094e, f1184b03f1e3b268, 5d457f17979add0b, 26f8837359f938e2, 8f6bb31664d30eb3, 3e08fe9f87386b19, c45ac3ff21545f60, 2603017d6c642632, 0f6e9bc9b3f1d406, 633e10ad0869bdfc, 594b8939e9fc480a, 4f65e3236110656a, 6460404db677ac6f, 82638ca8638e9f57, 4eb54091e6e50a30, 65c33d0e42872aa0, 2bcc71dec617091c, 19363fe0a23a4703, 6a297b141561056a, 2eb905051b332245, fab2942544fce482, ad2fd8e32071b1d0, d1ce138b46efce13, cd2e47d9c9120a8f, 328115f8c37bc6bb, c7acd72d616df5ff, 309533e9c003bfec, 59b56fecba44af4e, f994469161ce897b, e2f6d5c2206138a3, a3bd8f2777252ca9, e23e02b6be3ea48a, 3a8765b133bd9074, f46024e2bc70252f, c727623c4a949f29, b8073be83c061693, ae1d807fd2756243, 719219c0516bfdd4, 141a03067219b549, dee68df939158438, 0acb616b93bab31c, 22fc7792d758e66b, e278346c01b8e342, e5b5c2e387753164, ce3796707590bc32, 30212d8abcb176d8, ab066b016621096b, 9214ad88ddc93893, f23ae32bf556c88e, 0e1783c1186328ad, 821eeff253deecc8, f0c0c391cd1eecb1, a3afc9bb27f3b58a, 4922d1237b5a562a, c66bae9fbce1d3be, 2b10244e358fe7ff, a0604f8af2d59f0d, f49f8a137823d23b, f87b0bb021628cd2, bfd0daf40a84a8be, 732066181469b43a, 6c913ea70bb7516b, d06241948231743f, 044cfb6c9f039ee8, 96ba2504d66665c3, 2a9c261605d2d5dd, 42040dd56ecbb87d, 8f5aeb6f52081bce, ce90cf34b5d727a7, 91d13d1e42904d0e, 6446c09c0e7345be, 9a7bfd1adae60db1, 13c5c201315e58f7, 7afa6a059f925b67, 8d7288f750e427fc, 332282d76240a941, 08cc92ca79e6edb2, eed04d543aa63d3b, 19eacad7ac1e0271, a2241ce9f8c1b6dd, d20145bf4b28e654, 8a8d42e6d28d622b, 690ad6e578e8dd82, 997e19ecd5b195e9, 483cc4ef4ae14610, 352cec16f7b93d64, 619994be89c139d4, 60ddce912a2886ef, 65c31f259bcf4811, 99750d62530a1f88, b0acc368a2e626f7, e963fe5679fa9c00, fe91845eadfd2527, 2a923a39ebb7c255, ee082b640cad6e20, 08ac8cf6774cf548, 91a7dfb2c118fc25, 29177fa72eac0230, 9ad4a98f16bf64bc, 2a54fc6eb33b13bf, afa4e75262f0ee2c, b7d92cc842576b51, 3400c4d4ea17a0da, 7faeb692cd363e23, 52071fe4729a5154, 93bf4938ad0428cf, 56ded85bbf150a6e, f08851aae899336f, a54c0c8e8a99e00f, f82f3134cc5a965c, 51a2e2ef7e0dba25, ea9e26ae0769715d, 8facbafdc8b029dd, 3457c24512e429b4, a613085ddc6e2ca1, 4e233242c8ccc849, e13ce99cedb6b89c, dd611f7c9c6b9c0f, fe01e40ea39059ae, 0dbcbbca38e421a0, 69b9e86f9dc6307e, cb6ca9874d496acd, e2f8f1ab7c3fd900, 80ede14437dabf43, 7a5a15f355d9ac7c, 22fbe15504ef244b, 95aa45897235856d, 7172508cfb4fe50d, 7748fb79ddad628c, 536f3815d8992c4a, a39dcd6bbacb9530, 479fe20cbe308684, 81c1bd97dcdf6028, 67905341e6e0390e, 10ae3d22fca0cd2e, e7dc63b602bd794a, f44e307fbfc3a350, 5906c739ca87ced6, cac01f78a5703e39, b71b203d77e69116, 133dfbe2a5220717, 44a55505aa5fefbb, 2f6a87e2d2aff9f7, f5ab60dac2ef56bf, 613cdc8ed0212c5c, 675c08086c9f0a5a, 3c1e5b50aee91ff7, 11983e4fe621150f, d78198f46629e8b2, 8670749b1a615778, f4ea2eda06cd39bc, 8b6cd197f0cfd046, 0c7f12c3f3c4e6db, ab9d94e8afb8e5b3, 46545fb70f3f1dab, 55290a88b8d990d2, 6d0ff137f173805e, dda3257d8e218992, a31c6bb52f139f75, 170dcecab470ff75, 34ae5a4b5eee03e2, c8b87ed7800b9f1c, d2f7feb77e3b8e3f, 833ee14345032c55, 345577843f4bb314, 0578b215df6d90a0, b068cffd1b6a263a, 8c98455ee5fb84df, 2bc3687b527ab94d, 3665139145273d06, 872d5ebe0372fe29, ed058e0ad9e99dbc, 61526cf6e6849fbd, 2050944e0d712f3b, ec453fc282b544c7, ed7144efb18801ed, 429981a397568f08, 549a5682e30f328c, 7b2ceaf161def81e, 372dfa9df95fdcb6, 738a0ab9a26a7ad7, 179b8fff53f1fc1c, 1f013715818ddacc, 3a8b611f1638f9b5, ee4ab106800794c0, 75eb809ab535d715, 02d238bfc63213e2, 396865fa629fbbec, ec282a37d3327905, 3a6e6220bcce0a0a, 88df181e440202d1, fb7c57e38850fc39, 25b45efd5fd7d4c7, de07bf6e11b0b758, c737d30717b0552e, 2db8cf19a10ed60e, 618345542e33d69a, f5ec4dbf20032e7b, 267cbc0d73fa7820, c1926a07321cfd44, 3a69b3209ad28154, 0ee8bfdb6b235c3e, 79e434b47eded70c, 88263a660bfabd19, fe7c254992810c9b, 6d6a8823a129be50, f72ce5621a12872c, 035b319d02daf6d4, a653ddaf2ffb42fd, 7a6d410fc964a22d, 9fbabb2a464e4cda, df9bb7973520ad0e, 3136661cb78edca0, 21e2238ed90934ce, 87306211a00e6c3e, 220a463243f97720, 104a616b72e02f11, dd759dd3a54c8944, 124389643202fe6a, fc5cf6b48fc27644, f6f4d8e7bdc393ef, 9b9b4ca189b4f64f, ece2ae045773f6a0, 114ec4cbc959d3ad, ee7f8680a66df0a6, e197679abde17fe3, 23e8df2610067ed6, 2adfac44f56a1c74, fe90dbc89b8b004c, d9408ed66c94479a, 74337eb44b5c5b37, 206e6e6da20d1789, 8afdc61ba5fbe58c, 1359f5ceebad5f88, f14ac45d90260b3f, b97006b07d91fa30, 093f1db164d0a510, fa3b6c9e264bea61, 554e3b7b7d36c477, 0f2d6370345bd9bb, 295d86a420c3fb96, 5177205d5d46a85b, c95b102764db2c86, 7cb9f2069e028806, 2f2785119a62bacb, 766932ad2066a962, 6ae01f29f83ea2a7, 70aa2456b16669a1, b49266ccec6d5d6d, 4bf2105cbbe94d87, 4934e69e531267f8, 6e6a5599b38bfbbc, 26e17733c61cc36f, a14d25d9e4349120, e8a66332a116900d, dddb6187aef9b5d7, 88ada78470f9e1e1, a59461707570994d, 8822c79e7db94db9, 73df15c9278d1d34, 13c46332f1ea5626, 28e6ac7e228478da, 368ff404ecc950aa, ffb4734f7516e2a4, b366ce932d522a14, 7f52bce1a6c10d52, 729840644ad95787, 3aef7d166ba8dd34, e983176413b585c7, 3727ab51b163af06, a0db634086ed2599, 9c63f247e496ade5, 2dfa0d325c24c8c2, bc9da57693eab4c5, ec73cee0f1e3b516, d6969529c80b2c90, d0e06c0e5b5471d1, c9b06a5f1954b610, fb15eb099a12c90d, 3b37190b1655f2cd, b177030cf28f8ac0, e5d4c68e60f2e2c2, a3a84a279325c708, 7a11db34cf094351, dc01c9c8d24af0ac, 050b282bbfc16f0c, 3e464b0099d958fa, 31acb8d89d537275, 1c5b2a6f2a7430ba, e729a4b360bc11ab, 9b2e1fda95010329, b52cd0aeff560939, bdb3595e5e706a63, e943c64109c00e73, 7c3e3496ec881c78, b0946c176865a339, 79d0d56bb2321e76, 769545a2ec3af142, 8c8f711a9ab9013e, 6aef85513081a75b, 4d1e6072cb7e9575, a9257b9cd0cafb70, 1515e3b49a662e49, 5584c9bc76c218d3, 98a7374dc96c349d, 84777ad2436110fc, d55cd279d132751b, e0a8bb80e202f293, 3d66d5d32b84b38c, af9911aba03f914b, d9b0711b6234f317, e1e5462c540016d5, d2c329c8a7733168, e0061e3e0febb9e3, b0c0b57ad7700535, f02be1d617a72062, 4c2883e727ff1557, fd806f6f6f1f9acd, a9de62d097eb95a9, 6b958cf6bee5884e, 3748b5a8b15b5777, 83eea4ab1e634c4f, 4e45892a702fa179, cbb4e1518e9eb47b, a8ed8d3669b56492, f714c8113c59d173, d89976de5815a042, 96e04f6414496120, 1384410d56b8d0de, 00d3011ff8a3a3b6, 8ff8cd5cf015327a, 5e1e9694731a9218, bc8db68e9839881a, 141bdbc6cf5081e9, 6d7d3399ae72dec7, 3b9301f2d0b352cb, 92431e681227dc93, 412fe2c79ca97165, feb57005cc031f29, fe49603d4566d27f, 1c9cb4c35161ca7d, ac6bf91154392944, 405ae600caf9126e, fba0fcffb4cbba93, cd69e25fe51871b9, 5a5acb2c40ca8ca4, 34df65c706ada79b, 24e3a29a20194403, bb7f87fbfb64da35, 6c419fc8bf06fc66, fb0fa6cf9fb7dd74, d63bc3af161b17cf, 4d3aa6c249924fd5, 1fd889b548673196, 7ec01485db66bb1c, dc4bf61dd467ff67, c9afd231541bc856, 6d0778bda473b30f, 02a91292ff18cf02, 7e36750ef031aed3, d07303a3457e8265, 8af8223c845972d7, 5ee97e3e7fa093ea, 05e03e03c0875c68, 3cd89130a570e924, 37399c8c7a24b497, 2e7027a2fa086085, dd3b904448807c9b, 46c4da92dc2109e4, f4a78e942dcc36e6, 65f41efb1761f681, 9656ea5c52f22241, e415b11be51ae472, c6051e876b8e7dd1, 00e5a8a8c8b18352, 10c3c64c39816554, 54b796b425432790, 31548583feba20e1, 10800caa6e80b492, 1e9a7da9345fe1d2, c3da3984bcbc7dc0, 282ed27a75aceb85, 20ea0b27168f75d4, 90d7bb4a14cd776b, 9a3f8965897fd049, ce37d00038b62900, 60e538b548990875, 37e89086c99c5e11, 5a74febd49cf3c9d, 7fa69b9ae39f6f65, 14bc52915e7e95a4, 6e3d6450c401585d, 8e80efb366be59da, 657f639517016cc3, af9bdb5f512ef504, c37479425dfc04c7, 0179d0a20e1495b9, dd346209deea32b5, dbdf2b55dbb60e38, 65627ab3bc415459, 206b35981bb38a58, 8111715c8ecda1c7, 6a2340ed79bdaecc, cadbe39a986a2d18, 9c1adcbcc8158474, 8c79ff6d1222136f, 4e4b046909d3082e, fb27a181d35ffedb, f3f7334b09847523, 3cf74015b5ead130, 33aa480be5308180, 23b32ddf21576138, 4e5d0e337d6bb753, 20f57fb870495224, 8aa10c97619ea62e, 663f718b5655d310, 5e96769716000f4e, 46b857f9ed16c578, b1098faccb82d0ff, daecfcc305530683, 0a147dc30c81b4f4, ea5c249c3ce74a00, 3ebd0c9f39bf5d04, 8640661abdf21023, 8c4e0190bd61d488, a54ed179ffe6a312, 9c0ad935be3aac02, 2693fe659cca1794, 9b4e4857cd5bfb64, 62b6b3030b5e6db3, 6772d3efb663246b, 84030e6696915ee8, ebcffb43195b2dfa, 7c27d94346fdaec6, 5edbde930c4efe43, 0af18f4ed42c08ee, 5fffe6fb217a5165, 7a204fd84d1cb495, 36951e14a8363008, 5d3359a3d7e23b1f, d1966b1920c4e735, ed0a883e5c7d8190, 6c89504d91cc4bee, 4cbcf95c5e13a304, e1d049d448384ba1, ddf87c5bc5d03761, 63b2d7d40bdd6452, 7aa52846d8860c0e, 981ea12e6f329758, 85a38db3bf1a68ff, 35e17d42da0d3df1, e9bcb600fc0209d5, b594ca549fb1f2ad, 61944cee3de14a9d, 354fb900c71bd6e2, 7ca6a1a75539faff, 46c571e9cdbf5e56, f3ec32bf10adebd8, 6cdf4e71087af27a, 894505268ff92a2f, 5ed685fb706f256b, e80d7677621adbc0, 19672ef7edfe0350, 6ef97c7843c8b546, ce6f2ddb20241cc0, 0648e84e5074ccba, f30e32dfa85585b7, 9738cad84ba9675e, f460dbf05903e797, 34854811bc7a6221, 31678e9356dbf2dd, 8c1806b393fda4e0, ab6a072bb340d336, 83590fcd99fa2326, 7cd6255d9d916f81, 2ac44a594b51947b, 7d81e239b4bf5a1c, 37399255a784f41e, 8e4526ed3d1b26b2, 67daa38c8a266c81, ef5ddb49a70cac94, 4f82493d2dfe0d7b, 3b71ffa71b5c6885, dde54b62595f3102, 57e95e46562dc438, 0a1c31158f24ad1f, c027f5e67380e6ae, 938daf61c68c651f, d13cf3073ba6a7d5, cc164ba5fd3e8be5, 0d9296e5ccc908d8, 3895e205e21d7aba, 00fb251377c66024, 89ab62ffea138470, dd2edd61f3a1af7c, 2aa6f23a6c1c186c, 9d9c98e6bdc3ef88, ab715051e017ef68, 7eefe3ba5c88a18e, d21c53617e30f36b, e0a4feafb4ae6fc9, 4829ba4d43eb1b77, c051fa2138bf9e4f, cf15c80d18c14e2b, 008244ae89973ab0, ada3207815bff1d5, a2374826327da6e1, dd45a88a0e8d5342, f014c532ec01405e, ced51757d1ed97b2, a9a2648a764fffba, c2e6f998491f8a9f, 2ec9b3bd84007f2b, 7613045f5bb04c44, 07fb53a420be1699, 17f4f2bf0f37dbd9, 40681f6008184c88, 17971e33de52f09b, cfb988fe70365511, a582fae081bb70f6, 66a5c0d732efc97d, 2004ad96df93bf1c, bdb1ba58eed636a6, b0709a2054611131, 768b0c5565ac6e71, 5fad787a6135c5eb, 15b26b730a803a26, d96794a92c495bbd, af43915e19eecba9, 53bd8d3a1e7f98b9, 37209cf2c6d1fd40, 971107873f18bde7, 4bdf6583e39ac955, cd396504024f9166, a89fcfef228a2f9b, c83b5d2154d0d983, 12f0183ffe4a59d6, 04fac0f57c2577d6, ace196ac71871e0a, d13284b8109a603f, 2e96af3d2a6882e6, 7406cfe7e179558c, 896dfd0b3cfb7409, 3d30b98c27d0d544, 1b7445d6a333d240, 5c5695cff171cd25, 3c56d3c836fe1527, 748e8d458a334151, f782d51cc09da97f, 7088aefabb59d07d, d36f868789fe8bb3, 9ce5923d05726ff8, 842d64268bbf50b9, 0e34e9d0182df062, 5ce4f1f703564776, 86eb8bcfcf446155, cd635169d3757259, 8b699f22f57daaf0, d99889bf0225dfc8, 4e5012ec68738493, 55fe5cfff506ec58, ad6276ddbbd7a45f, f78e38a04212ab0f, 597a953ee9c366c8, 677627dd1f83b4bf, c0897e3ebf16ce4f, 4969b2022d8167ee, 85080a1b3fac7af9, a1cbbb5d4a47891d, f971de6d95475c9c, d64be9678a403b90, f727807adf35313a, 96142b6638c76abf, a2d3beab0592d65c, 2151bb3a1d7bc93e, 60000d1cc416d838, d8e690956866c134, 504fa8b9549a62c3, 4f882c640eac1398, 0f53ec983fa0f153, 61e91a2354e4637f, 970eac696d4833ea, 5332744168109564, 54fa2275778ed06a, 99044737047c9506, 225ae49fc135b640, 78892cd5a198cb7e, fcdf31932922e41d, b70e343aa92b43f1, 86656eba5a734d87, b7f1c99d9a89dfa3, d1eca335222dfc6f, abb391a711edd7f0, 78988179689f4c9f, 639ee33401466318, 2b23a026203289e3, ff0f2f5a7df34e2f, 359febba18ff9b14, a3d721334d171ef5, 6af63bab722da9a4, 3e20e83d1a96b2a6, 3096f94151b7523b, a262a253cc2b1e13, cb00ab4f62044a6a, 15185bae0eb3c451, e084ba13d820fcf4, 158f717a185d0b76, 4cd543024f511b1d, 95a936046938132a, 4549f7e10763560e, f8a5f0b5aaed4fa1, c1efcc358755aef0, d4585445d861a188, c0ce03ba4fbcb40d, fadb372c9d822df0, de61805df580d186, 5e681b3030ca43b5, 76af3429d275e839, 4aaee8ddae0b4882, 27126bbdf8aa4fcf, fbb769d35b96949d, 9d0d3d24b1119992, faf1d8338ac6a7e0, bd2fea9638ff6e4f, 7573e7e0f9226540, f31bbdd1358166cc, 84a6801b3a5ed695, 3d234e1af8de609d, c55fe50d2e3ea02e, 82a898584c356514, 01d3cc643de2e47b, 34098be5aedab9de, 93972ecce221d2d3, 94da0c3e8877be3f, 87b35de6db8c2f1e, 62c22a3d8469bd54, 72319ad19bd3ecd9, b8e8f24878337057, ad51bafb0169ade4, 323267287206598b, 5e5fb8ca03e0d163, 8bbb0a8c4a982257, 574f6d5feaff0ffe, 42d6225ea6dcaac7, 92929b0c3fff4750, 8281a1dcafc5fc39, 2c3fcd8253316e36, 61ad6312dc213165, 8482236d4514a630, e8488130f42bfd9e, 2e7c213f2415ca52, a3e83b1ac8e92466, a51a75a51cf7a712, 4ac339feac047b0b, 9ed3e96df043bd26, 1115044e4f5c5b39, 0e3a1913760f2c55, d22e07c75bcd3263, 3e0a7e53bf498848, 1f3b0e1f17e44f93, 45ec8d9365f4be30, 7e095d6d3d3c4d4a, b0557a47b6751c2f, 608946412aa6f767, 744b61cb92b2ba2a, 40f29342f60f23f0, 78e600b5871884b8, d8bab2eb5bb51e2f, 3d6bdef6a1b85146, 8e79faf415fcd91a, c6f75dc424256f31, b0de76c9600bcc41, 1d167537be4a7b9e, 4f27ba210f558fcd, 673fe77993f95389, e48f3e2074514195, 182111b447f8a4a6, b1bdbe158f246a11, d77039a77c0c3442, 9e8f4f5b47cbc621, bf87fac29a1d54f8, 62508dec410eb0f7, 42f16ca3c424ddc1, 9ed5185a5c68246c, e4cc049848aff63e, 975b20e73500802c, 62baa72a6c130c18, be4c8f36e98cf2d0, 4032613c85d8615a, 273e94ef4b313a2d, ae7fb261470ce7de, dff71639d8cc445d, c818c82809b2dea6, b3cdeb3ca3ef36ae, 56b3929bbb7d2fe3, 2a37a7b60e4951f0, 445d789c6449140f, 9078b13c28a58325, 3e649d350620fbae, 26b627618f18c1ae, 38b7fba6cfa0d5f1, a452bfad62b9fba0, 4d3018e89a8a45d2, dd28bcfb8a6721e9, d02b818b5ea42288, 60a601c9e54e6ec0, 9246fcd834db517e, 5039ddee7500503e, d23d1bb8d1b1c9b5, 96b373371d422bde, 40f9246a24b0e470, 68cb7fb0a4d607ee, 64de833c5acb09a0, 6f3c54f44f1a25cf, b65fe3e24cfc46bb, 37e0601b7841f1ed, 1e93cdfcf6831a63, 4a37b4f2c3268ca8, dda3ec086769ff8f, f83a14ccb9e205ef, b1204a21b1d2a2e2, f3ccb2cc3f056dec, 0b5888bfd8be0a6c, f45144ca311accd6, c7b4de623f0120ef, c050d9f4162a03c3, b99b9a58dd358471, cd70c360854d6c4e, 50755c9391c30ca6, ee5fb4356c974e47, 33de465af136d434, d463571d41812d84, 0b4572e80fa8f476, 237dcb0bbb56c7db, 39d61e91bd442398, 3785288a839d273e, c71dacb0ad65ba6e, b528295872058f2a, 491f46ce86cca023, eb9677b62f401734, 4267d52b309deb85, 7730fe88f82751f7, 7b5b5172d6f4403f, 316bd23b0b00a599, fa5a37bdd704b86f, d1b52e8798d8ef5d, 2cbf7b0157ae5182, b443da921b0fed99, 115e82075d02e3fe, eca69bdbbee74a79, 6efc014d9756a821, 3df7213cab763f18, b1959f36b6dfe9f5, 968b1364411d925d, dc2c8182f77ea358, fcd6de1bb245f6d2, e2214fa8ca6928e6, 35fb4e56a4b7dd5b, 400367c2af071891, d5ea09448c252d26, febbfa7e5e97bf55, 290a64cadd07b081, 37d2818959a7c4dd, 9fc99589f720ba8a, c794796b7f3f47d1, 3577b57335216aa9, 3336a35548bc605c, cd62f4879bb0189e, 60dfd0c82fb4f956, 8f1e8f7a5160d8f2, 494348664902aca8, 7b8eef97d2cde40d, 23c66d1323957473, a639690b2209f66f, 586114fbfd5743a7, e59cc0d3823486ef, 21f491a7fb8571fd, c03c6419120f232e, e9b05c73c34e3ce4, 7f5867fe9d463777, 133482d3dcbd292d, 77d69ec6a15d7a8d, cec4cfad56c6e26e, d3a1ad7417f4749a, 4d724f9711d7f6d7, 4510481ca21fead3, 055a900a72eb10b7, e1f0c3f075802011, 969b13b4334ff035, 4506c3fb1f0a6a0f, c685ffaf70b5f8f4, c32269111adcda8d, 8c0fe0f728ad1feb, d473addd87b1e346, f5e6c7f31364ffe6, 68321c3849c107a7, 3228c6c2bfed0842, 26679c4612ff49f7, cc54ae1d5345f769, 6b4cba9893b103b1, b73d1d4677bd1f8b, 5f27c33cac7923ab, 99122e254ec5d188, fd14cfb4269502ba, 3b7f0d11ba68635e, fb4527f9a64e2625, c1c9cd176139bec3, 1203a0e3df733337, 10e7c9136f332271, 978a78d1dbfed8b9, bd739b9e669f4f89, 1e2d1d42f8e3c231, 1f38905a7e49575f, 20fad3afffb759ed, ff9cef072c82b52f, 9a0542858bbedfe2, c91a480eecfbe0ac, f10f3ce6b67434c6, b835e1b5746f38b9, a1a7cf2d091265b2, 4e28737cee827dcc, 7b343f880b23faae, cdc731093afa1471, 69127fa433823a32, 1ff9dc2202f937ab, e59b448e106d1391, 4b52cae0c72b047f, 72be347d12f9af24, 13411386a7bd3974, 2fccf4dcc74a85e9, eca6d462be1628ad, 616f09762c151d4a, cc2248aeb090f221, 3e9ca26d359b5ab4, 3b40f50af3201a1f, 893d8e38fd66318b, d268149d612e6da5, 4d4664c25dd73913, 2e7551d9c5a32f2f, fa1c6f3772f40211, 6deb325029f6e4ad, 8ae378a92d021de2, 2bff19c568500748, ebb8e13015a0185d, 1f0293fc5cb80053, adcfb7a4fa097c5b, 0d6bfc02b97c050e, 94a1218f39c0d7e9, 635115fa4602b11b, 701d7ebd6b4c2753, 717b5f9b792e74e3, 4e6531e4b26007ac, b5aa13902d869455, 25821b884d339972, 383d4de10a3e4642, cb0eda4e9f7b196d, ce55f2e700bd9fd6, 3127111b7d25b608, cf0a1e782d19f003, b98f51bc768ca28f, 3c138cb5839b2c0a, ed20c5f3b2d9f0c5, 9ac9f78469938a35, 75fae6a020526f00, e7be18a60e98faff, 1e1b6a4f48a20b08, 6690aa49f4261f33, 5d9aa2e2f260d5a0, c261331e899bcf89, 4b5f06dc6ba70a3b, 88f3b887f06b82d3, bc5ac253378980d8, 81f477445a7d6632, 8c63e1af60681926, 8b3650e1797be732, 3c8c581399937728, 2a3da4e086bc69b6, c7b25f7a21831d1d, aa10b4ff5eb74ca0, db8f47d95fc0939f, 2fcee4c862177ce2, 97ca27ba1c1a02ea, bed0c7abb37bbc85, 94395a64d33e79b7, f9ec0c8d459c3ba0, b10752e12265193c, eff20a99d4261bb0, 78415fcadb0cb3e9, b0c4c063ec48a6ed, 1d5653e8bbd7c564, 9f76dd3de2f775d2, d0ea7cf6b990d802, 8a4dafdf3c419ae8, 0ef327924526cc70, 25a6803897617276, cb41a438124d26c3, 591672dc1f5f8aa7, 809da71501f4f104, ff104e7a90f46732, c99ce42664d0e9b6, d1e168be1e0e706a, 2b00e39324796c18, fb51858862578d17, 7fe35e80ced6695d, b2a02209e99232d4, 9d6cc3b98ba581e1, 9d0bfee8c4041673, b003bf5d3f5c7a87, 0f5a4e7f7eeb4b21, 0f5565faafee4da5, 60ebddadfcbd9874, ac592bddaa9aa823, 315cb22a009b0229, 320f1e7ee2f23771, 4e12f5e62a1ab99a, cd04fbab575d834a, ae2fdb4421969333, 7ed0c6b20aaef5bd, 8f866e7f7ec97d9e, 4d6b96c9daf2f564, 5e7aac8547a0d0d6, 63c39b0200d6ed27, c095840a35fc5dc9, c4e3313f002f74ae, 46ddaed4c2a6c381, ffc2a468440e0a27, 4c30d8e4b1ba46ed, b9e2d47063253773, 298781f22b11076f, 94f9b3f7ac9cb75b, d23bfd5d6f1fb818, 1a49c00ad8d472db, 4d22c17c367cc515, 7addc6f839fd741f, ec3c1a3306eb0983, a7738dbe05027ed6, a47690b700191f30, 4313032c16e0174c, 5f9dbbf436092a9d, a2d5d00377a4716d, 238ac179ec8b5fa8, 436961a84bdf9fa5, 3bfebea3836ee10e, 31af81bafe85ea56, 728cf625af5bf471, 085b4311a032bb97, 78f548f05f26d5b6, a5af9fe073676c03, 0b458bba249b54ae, f3a4936c492d82d7, 56fbb27db578fdae, 2ed2a5cb0c2bf539, e2ee1c9fe3f3575e, 4bd0f68d96ca2bab, 0ca9abce82437580, 275c9c9426f83c49, 9781a0c75f31d8b7, 97d8f6f7cbcab651, 7b4fa63463a71b29, e98c5658d3acc77f, 32d5d50c8019a631, 458dad8889e50dff, 141f493ceef13a8d, c4e942fd0531958a, 5124f2ee3c378c95, 527d23004911513c, 29c1c0ce06923eb4, cca6ab988a0f9e3c, a09eaf19710a1834, ac1de1343de2208e, b5149da7e1d4ea4c, 6f70e714f90ce540, 1edd2c98435fe1c7, 270dbaa5bf1ff80e, dd9d7850a2b800bf, 873c745fbac7727a, db93114f14375b25, 7f420c9e06e3117e, f638d3b86b5b1dd3, 0bd4e74da50477ae, 4fcbd56a78a8b504, e19af687b6796f90, c661eea1d7677d8d, 6667da0bcee977f4, c4e09f4a82285be8, 17e27ad9d51cbf04, 77d5d4de14a775ac, 2e610e54ea8feeb2, 4a244d759793db6e, 0b9148c04ca79975, c95c3f521d497c87, 37e29ad8637b8d7c, ba9f5c1c863ce44a, d2392ed5c8f5abe8, f8e0249c14eb5950, 5414931f5bd891b4, 0aef65317d6d24d5, 57dc7d36ae942397, 65ce1ccc966e7ebf, 37818b5c631f91ba, ea456a5c05fb79d4, 90cdb0350c8c8322, 9e53957e6c0009df, a0108831896f2a91, 61b10a221951f4b5, 33c84372914402c5, cbdc4d40e1468dbf, d31d4d4c98cc6999, bda7f2dcbb954163, 08c539f3b2e2a8ac, 78bdad249cef932e, 8f9134f27563702e, b35197ceb08a3ba0, 92791e6a878f15d4, 5f48a0b59e09ab72, 52f0f7dd504fc31a, 5d88c57a7220ad5e, 2bf843e8b0efb036, 069a96fe33186c1e, f4b61adf11f5b8b0, aae115f2c7b44e54, 32ffef73fead3b24, 8645d27105d3560b, f89bd7ca1f205d80, a543d9389820c617, 5bed82db78974286, 884c501407c6b4dd, a4cef380e076b8f9, 5a3e5436d4390dec, 91542c96c44f566a, 8590c2c5d2d4565c, e23bbdd3d14d1508, 3febd2067d95663a, dd632d7094e7a28a, e546b6a1d3dd0cd6, 0a0caa6256d676a8, 2ccc27b8d1ce3084, 41694a4b65dd2d95, 4bf5e0ab40af8f4d, 4af9b6f647b0eab7, 15f8504ca9048e98, e0d5020485fc4d53, 0fb7b879f3f547d0, ccead582e064c87b, e91ee09503861334, 24a34f2eb5b3a18a, fa627cc7013f62af, ff4868cadc67dea6, cd1b5201b7ccb41f, dd85869287a13a8e, e61a45b353c85a5d, 594f78815d19d35c, 7f20cbda5f99c373, 0aef9b194762a19e, 075adf61e6981eaf, 46ae5379be1acab4, 26c0a8e7152e6300, 96aa3a456674dffa, b2f58f9944f95eeb, 7c12349595a49537, fad8cbb7817a4cd9, cda186750563e19c, 71b44ade39fbf546, cadfa40d14eca7c0, 6b14d57f92ee4099, 70e449fd2aabc9e9, aaea4b5632fbcfb2, bc023f912852840a, 88f42541a7db6baa, eb6fb32a8c83eb2e, 595b07b21ae19d67, 501fdbff1fb645b8, 7c91a6efefd05bdc, 3b21a930ea7e1598, fb4a27f8b50f2378, 6b49ab259e8a8703, d0639d20fb9bf653, d5ac797ad22a3c79, 84c8191f4c2ad8d8, 48b227d43001dcd6, 5b519ae3b28584ce, 4f5da1da6ca2d019, ca2c9988b97cc8f6, 9db4290f12184235, 56a1cf7241dad59c, 7b5f4695c11596f2, 70f7e4a88319a66c, a51e6beb55283340, 0a75613bdb3a2b89, 35253dfbaf524717, df0ffe5dad6d2f4b, 42ed4a86d9400ff8, 72ded9d5fa2ee319, d92ad99a29b88e6e, 5ae3adf5126298a5, d12e7b2c3ef6bf38, dae136b0cedd4e10, 3ff5f4f2deef8979, 6b26db1b8ddc4e89, 91e889b14754457f, ce157200065857bf, 079da88358f6eb5f, 02e593540e1e284d, f7d7228bda52bca6, a9542a59bacac0e7, ff947b370a037759, ad2ed2dc0e625e44, 34f0bb9a46348601, 47ea3ab46e9e340d, 07ef990c4a938f9b, 32d80609fe6823cd, 5c388c9d6b4e0dab, 0ae0633c3137d78b, 34b1218a848a7949, e2ae7a2279c7ebcb, 3d720efe04038c3c, fb2a9a6879cebb91, 750f472d67406e4d, e30de04d316bf6b5, a0bc8466a6626a03, b115953994b0b0dc, 3a3be8d8aee8cae3, 3571a24584ae5ae9, 0528e483f9b5cc5e, 364f07875ba535dc, 034201a821f9ef5a, 4c2f08193a8635ba, bbfac97378613d4a, b5586b00a4d821fb, 6ae6ec93df776d07, e331208681986c77, e737d1ffe2f13e04, 847a7452e01177b3, 52635aa359720508, 510e3ed87b7079ee, 4eb2fe419a8ee781, 6e632d4521bb2d0d, 8f7e393dccb6b633, 90d67d512d95c2f0, d659ac6ce092f6a6, 9cd0da92130d7c1a, 4a6133c44b22cc67, e83a66eb308342f3, 6fcfca181883f3a3, 5ec39530265312c6, f20794f76f48c846, 41e8bab74321d33a, 22d620a9637ec087, 243a709813f71e78, ef765e84a80f0190, 64e8c7814439e8a1, 453bd41d7784b695, dba17564f9ef21db, 017085027102ada1, 162b398b5ae908cc, c7f41821c344a49d, f9e6adf7c5e6bef3, 06f55ee8bf317c07, dd1c3433a8ad5002, 0e249379a1ee2472, dc8ab1aeb5d000f0, 4004f6842d2f68d9, b18ee9c0de7e15b8, e1ee1da4301b2914, 9e083506b113448d, 70a8b806fc3a71a4, b5eee91b44663f7f, 0cbe658dbfce4699, 6796fd7b19f044ff, fdd4f85e6bf5b731, 2762356064243ca7, 329cb111516c8372, cc5fb9c27d990d6d, 2f8808dacc549170, 7c395ecbe6a1f79a, 867559abc5ef7e76, ccc28875157fa3fb, c484a1bff079ac91, 7de57765177af7a4, 9bfa5f9a7b3754c9, ed854bf7da7279df, c7ab2767f78fe62b, 4b42a089e40b8207, b4602653ca722b16, 0e8761e4e4a017ab, 49350d06b02160b0, 2faef3cd98177f63, 01e533014d4c9fbd, c119e40415a585d3, f3ae3e77c61254f2, ba851a1a07a01caf, c2639e06290a4873, d7d8c56bee66b7f9, 5b5085ad225d6039, 43a4db6a09524468, dc55a3a5b76e176b, 48ce3c5030a0a307, 9748ac0da7c53298, 3a482def3b26d20a, 46c8921ef682d98c, 0eb4ec0ef25afac9, c512abe5d06c97d3, 11469b5af5c5bc6a, 7132eb65711a9633, 73e483a2de8b8775, cc02d82054bab053, 1166f5854b3a1d9e, df15ab56b37af987, a8cc262cafbdf13a, 70d708666652be44, bed01f03d128546c, 82104fed9fd2a2ce, d0abf0c8dda5fb2a, a2600427349e3a72, 1ac48004ece376a7, e81b5d823fc93628, bac825343f7cb050, ca3c2905595aa37b, e405a74623832049, 358124cd127dfc56, d9453a9e6c3b39f4, 84334293c66ded05, eb32d10702eae651, 78d581c148bb1236, 138513b866b5a5d5, a8356a074fe912f0, b1e78585d67d4fd2, 4481afc7dde94607, 24919b7481de5e83, b33f7f7564f35bab, 0e702111834c380d, 6f5fbf7bbc840ff9, 1a56892c10a99adc, 7e429204f1b6e480, 3bee10c3117ff23b, d09eb5db51e8b8c0, 3aae224cd84afc3f, 562f3e72125d9f2e, 6d9213dfe5b8773c, e99fa2267b840f55, c159ab79ede4ec96, c3a5be292d9f32f6, 90d123561ef8b47d, b93cd58c52c5c9e0, 90d40336759480ba, 109da1dfb0acde06, c732f0c209b8ee64, fff009fa17e3f1fb, bd357168d95301d0, 88efe7a9a8f18e3b, 29b1c5ea6396b70f, 252d4791cc99d5f6, 728a4acbe378ccfb, e9c6c9d10fcd888a, c88bc4e0b91a2e22, c7f889f0db3c61ed, d53f535947d99368, 50b7701ceb5dd7e6, 59e37ce407b4ee2f, d677884213882b5b, 55e95fb8c1623c0e, 1d3add57d00320d5, 71a9b6d6b8ff4064, 918dc8d8f2df81ae, e2af5321fa2e3d1a, 3851a79d78600dfb, 2867feac669f74b3, d61128c640048a14, faec6200b54f58bb, 210c431931327210, 6fb93d65f2f2fe0b, 41255e530b3438ca, 00ff401702067a20, 6c16cbbd08fa3a12, fc6dd79719b06b1b, 93497cd95dcdde86, f0d9c416964854f5, 3dfddabe8251794d, b379bf6a7027aace, 0ac311e149cd16e6, fc78200958b5af75, f6155fd2791e47ca, 1a0a94e0328508d4, 90a35e85110ac366, 5264324908c559a9, 5c268ec08656f54c, bf7ad5251b361862, 5100d0ff1afdcdd1, 75ff9bc162b9ca41, d687d362aa6de21f, fc7bfe5d33f14b37, d5dd9124640410ad, 1dd94d961a29ec8c, 8ffdcec87d8360a7, 145d0252f54a5f6c, b597f3d9cf409ff7, 79968c70db3db47b, 8c53bf87c046b1f6, 4780395f92d29df7, 22b7ba60a6fbeb5a, 820ee244e7c5db66, 5189553606ff3afe, 952fed3a2d07fb5b, 1162dc6887e29c81, 3164e42e0492ba8f, 61ba8a4523e9c43f, d44f77a385a5c7dc, 3fbfd6cf3b20260e, 875c090a58a2174b, dda3cb722c6664ca, c0780e161dd8a2c0, f0c6204df86c3fde, 8f3e844eb4d67587, 2e30d205c02b9dc0, 3b5cb8403d10efdf, 9b3218c73fe1aa78, b72d585cf9585ab8, 9e33804e2faedeb8, 4aa221392bfee2e2, 2df96e31a83198dd, 23c7978330cf8f89, 15dae23ea7dad8df, 04eadbe64c9a8ee0, cb7e3edb65439ae0, cc825255898dd4c2, a5ac3e7f7dc148c5, 70e8ac9e2a2b1185, c21cc0176434c650, f7bffb75e085a569, e78ef6e954303eb4, 015e80b6230e9770, 4844a68b9c373bab, be17cbe3ebc7fccc, 7fc28d32c400a41c, 82ca7779999c3e35, 56b83d193911ce7a, 9ecfed4b65a11866, 43045c7f6a9140ed, dd795ca2f7a858a2, 34e88fd0da717f24, d34d349a7b6f3b4d, e5fbdd04702217b3, 9581d5e790d3b9c6, 95553a4cb641fc4c, e91ccc660788aba2, 42f9dcd9a4b93567, 14be21c12b3b5d50, 253f1a56cb518ee3, f84fa5b2a0b91f8a, 8cd5307de02bcd64, 229690c3d02ad8fe, d98ef66e40cb9b98, b217cdef873f8875, a40a2bc11072ff24, 6ea858ff3f2d994a, 4c52490ae16c43a1, 6737df33921bb930, fb4744510809e18a, 9bfbe845c89ffc9c, 10b35692c22474b5, 816f07614ab4b73c, 54b938abf99ba180, 0cca54a71977769e, e45093f2622db715, c40db72cd8b754a4, ac30a9f86e93f21b, c843873d9d7f1c0f, d1d024eb2bf2650f, c90c5731b93bc82c, 6aa00f362f9b631d, e73c15af77dcf3f8, eabf90edbdb12328, 4e35ee4397cbb749, 8703f1cc551854f4, 6957c04b880647ec, 84a850e62e4b817b, ab59267092e7cc61, 22e4111bdadbf75d, f3106ee412fcf167, 981c59c443111f99, 3d543857eb4d5597, fe7242887135a9d5, ccb864bcd72d7c86, 3fee24e9bfa12bb0, e545d76d0008aaa1, bea54f0ee3c3ec6a, 713d1d5372404e3b, 7ab9807134280cd4, 3368a862073c0f7c, 03ece623ba3f82b1, 43f3d53212f5bfbd, 6dd4b2f54838627f, 76d60c3ea70a76fb, 41a26d7844005b6c, 0dcb1cab702d6620, 72a28a3dd1ec0957, 5c5e68ab48b6d429, a0e978b9b076d7a0, 3dda63c3a039d863, cb8ed5222e6fbe91, eee682d6255da57e, 1f73b12dd4c70839, 5b3a7551249445f2, 3d51cb115a48edf5, 57c0b1afb84bce1c, 628a21047607356e, e90aeab404c30421, afb5ae0d6e0c605d, 9061f839068f2af3, 1d1c05d4d2ae8f80, 8fa3d62ff9aaec2a, 71bb90133f750e4f, 58baa02cb17b3392, 7f2288dec2292d48, 6a86489ad787b793, 602aaba4ff4930cc, 4f09b898d1765c82, 0cb86e30f013df03, f4e0a869c083fb27, 58d27ff54f6951c3, bbb78b9066b5a999, 9fccc5cc5e0c3f09, fa42181ccc6a4fd4, 0edae015aafc6416, 6d1f476e2b96d810, 7297ad4de5561d42, 775e2b3cfd190ea7, d0c4d6920b7378fc, a167178eb27ff6da, bd0ea0c0fb0c7cd9, cbb385d14d9dd2ea, 9eb2a9c6017e4254, e521b19554cd7a64, f13cda8941edbb10, 32eb18eee1bf4d83, 9cae318deddc6f20, 0a361973b246c667, 0692bf695c3a8f06, 3986e309571e55f4, d595284c1c4b7621, 03c91b5a3339e453, 0d64c19f69db977a, daed5249f2e8cff7, d831b423d7c60935, 9dfd0c890e231500, d9b27722bff18ac3, fa2fb6efffcab91a, 458fe2214be68513, 6d386de0dbf5cbba, 1d7c13615432119e, 92642f5ec2daa982, 0498dfced388aad6, 59a88797f7e1e3e4, af722fba8eb1e3dc, 6b072670918c03af, 6d78c47979580c37, edf41ebd9afe8f11, 9ed0ebd7849b7c2a, 7a16fcd02f55d708, 8961646e8f04bb7d, 3981c4acae1dd60c, 03356c655758fa0f, e9f1fd771485cf6b, 8403285c77e15103, a1f6432b673b6eb5, a7d865b520fc1a2f, fefd2f864b006121, 9bd87ab5c0ce741c, 1044851439109e0f, 1b8ddd42d1b77509, c8afc7daa0a053c0, 22215e891d21919e, 5f02760acf589575, a5397240196be03c, 7c27a886a1dea9b8, 0275c19fe4540d47, 46a86ce65db974c9, cb2cf57f31af0415, 28e151bb38130792, 7053113f691c9ed5, 668bdc6678822b75, e073bc01f87409cd, 8d6901a54afccbea, 3e2cc64c922aac41, 2cfaa71a7c6175a4, 6d913208e4ad643b, ad670a1b86099c32, 0f030be095243ac5, 47f8a53f09f851da, fe65e945192d787f, 7d55b552691d8e6d, 9a07fed20b60eedd, cbac216f622d7b7f, 213feb2c465850a4, b6f148e34c641cea, 07c6fd331b9eb5c2, 8c13f5e138c8213f, 36d81eb065781cff, a83fbe36cd84d6b9, 9aaa24bba5908895, 6df6efc36d48ab95, 0e8ed5638efa99b7, fe46d339f1db47ee, 808eee39a32edad2, d37452652e26aa7c, 280ef4ad6f0005f1, eb203d713c3214cd, 2d063fa0f29400b6, 50aa9ecddb8f30b8, cf34a1f81706c5ba, 40c4bca0032cdeb1, 507fd9aed84623d5, 20dc703566fe6a2c, 1ae2e0995a067125, 172eb52ae63e1679, 9dac65ac89ea783c, 32159fa06c9e1a1a, d6098453f480ba38, 0d9a5f2b8887c7ee, da0a45661338c852, 37ed6273ea2f1704, 1d758c13b0c954ba, 8ef65aea0fcc0a7f, 355ba2c82e0dcd2f, 1617d0f8ae28515c, ff4ac961df63ae55, ff3f92b6d4432b1a, a6a182ce14d885dc, 3de9ce8e7805ef2b, 4e294e2ad81872d9, 5fc922eccc83f217, 436f6fbf7ad9e391, 181d1ad63e2ae965, 8cba271bbff66731, 23b017fdf11497ac, 16460b47baf1d341, 91c9d761573d239b, 601b1d19d32be8d7, dbbe088ce90098a9, ee61509a4d7cf9ca, 5ac8c73f5a97892d, a43012fe35475dca, 5202ab81533f6f45, 71c0726ec8836f3a, 220d1bc530601d63, ff63034f24f64b38, 43c8f5fe19616bd3, e9d14b4c0ef54033, 5b5f1bedd7163875, e9f4c1d7d3cb7c32, d9d863b5ed2052b1, 9db73cf5e0fcdf8f, 31dc60023bcd07a9, f15b819570d1d830, be0927aa095ba37e, e377ae85e68a4c46, 9c187b72de27478e, c787afe4ade88ccf, 08ae433d6ddb2ab7, fbc4483ce88ec9c0, 3384410982ed1b91, e983ea79c6bf47f3, da0b34d6543e2112, a5577566553de9ac, 766d152625588ed3, 615c5961f868c678, 88a55de87249ca86, 469aada5abf4b0ec, 5b8c4a7ab36e6820, 6c2d637263bd7613, 4adb9751689a40cc, cb3b43159c7323aa, f21e6df6b6d89b75, 9fb371f0273fbbde, c6e09648dd5ca2b9, 2ce96bc54faddd97, 8bf4e970b36ff7fe, 5d631c87591d4f61, fa6cf1513fcff354, cb285aa23bd74b5a, 2d3632dc2c628dfc, 15a1c6e2b76f46f6, c527790baa3605a5, 3baf001f157b8ac9, 57b858356caea1e6, 763fa20456b6dea7, 3add8804153d32cf, 3fa5db4ded2e3a9d, 033497dbf1be8f9c, f3d372fae104712d, ddfeae965e1d0878, 091eb2d5e3c1a3d4, 4e62bc03f7968a52, 6e2941deab768491, 8cb29a31fc8fbad9, 5c39f6b428c19813, 04954b3e967039b8, 3481d69655a39252, 21f5e38872933540, bc5565d7036d53fd, db20795a016647cd, fcb51089080d422e, 5c03afea8d0f347f, 1d1b7d1b3d05d74e, e6c3bb2ac8913f13, f76822d31797361c, 52cf5734bfa2070a, 51725756c61304f0, fcaf82857387d164, c0ac2481b6cff69f, 04acbe7d2c7daebf, a3a7ac2a02b94485, 7f94ed65c61fa376, 686971336613cfb8, 0093b066016bc0ef, 5c9de33bfb8371ea, dee0147028490867, a024c9e5918c424e, 39925a67f8b597e4, aa30d5380008d896, 588523983dcd30a3, e7b5977e874f5ed1, 2b4d9f63dac73edc, 87ea3928b5673232, 777384ca84510af1, 3def05d858940a8d, 9f78bd40132a6800, d0b04b8fce0a25c2, 1a2f1ff6ed3e7f2f, fd262b5c396032c7, 50e8ecad7e08c762, 2d9bb16d45e94dbd, 934f1bd8d84ceddc, fc442e24eb603836, 21bc3c9e6fa016f4, 75c4e93fde6ebba3, ee54a5cdf779f05e, cac83ca2bec6b550, 910b0e15db940f96, b688f44a41e02fe5, 2e1e35b93c92f268, 25f57368fcced906, c1ce1cb071210b0d, fc6ce1b23e8c55c3, 6e1d1c19babec520, ff0713411d1638c4, 36ec9372546cffc9, 3cca6905cb50db44, 48f472c41c9e203b, 1209cedb05fe4445, 35f9a265f55f8550, 907aa2a9ece66074, 03b029eae9369de9, 58237691af3b16b6, 8e1b475542dc8398, c6ec8e90e0f6da46, a2e96a86905348f7, bb9a08851db02bc8, 3f47bf4636a2dbad, 3e7c01abee732224, 52c294d5714ffd82, e060d7047d3e5854, 283f9600c0b5fa3a, 711c8394a2e42ba0, 4e700d784b33b5b1, 280c630d18139d13, b66dee68ece267c4, 53b1f0d94621a77b, 5a6f0df92906f284, f7b7c7bf29f05e75, f5451897d0052ddc, 3624892eadfca035, 260a4213b276a857, ba4ad7e177e1a2c2, 85c622896493f354, 4010d076383201ad, 7d5505a6d3e19c76, 8bce4c12a806a71f, 383a73168094263e, 2d1f0a4b245fa74d, e4d2b87d545280d7, 8be1ec210c3afaf1, f1f4259a9b9453ac, fe7c84554bb5220b, cf6334e8d9fc3b5c, de245817724590d7, 2e827359adf897a9, 2dbca3846b55c2d0, d88a56fdf60e1c40, 2e35206b07847610, b294851a37932cbb, 352de296d6991580, 92548388ad525efc, 7b39155d3754f877, f703e815b3e6647f, 986edee1baf9284c, d2a0458ca2542890, a7b147c27a11cb92, 9f2fe6d23f8ff2c2, aef2986c8dac1ce9, 247bf4a25744094e, 31b991e746d62989, d9fe3c5210e402a9, 2dcc09aec85f04ad, e8e5ea4e4805ac1a, 63501602f9120657, 586c5ca06e86e270, a728c36e8ee633eb, 5893d4f63f35bc64, 1fd91eb32c6b04c0, 17d96a53cc087ba3, 6cdbeabb63eee4d1, 075b11e6d8faf741, ec390eec86052f6b, 5fb723a993a01fae, c2fd3f6aeac4c6e8, 578f37a46a599df5, 35e09ad1d83dc107, ca04970a4c018b09, cf0c7df631d3bd53, 37f35b12effdd822, 6cac790c159d293d, dc372a2ab6afbdee, 9dec19f2c28ae861, 4f55878043e4b330, d20f25ae5e06570f, ee4d65a87c556385, a7f4eac55f4f03fa, 94dbf61fd97ea947, fc83f9aaed23086a, 78eee4b9270c7b35, d3a6fd7b62e6221a, 906f535e16fad224, 76f8fc7205397021, 5c2443998c619072, a24805387000770b, db9dcde79724a9f3, 4772a10336958387, 707c28b5fe7d6d6b, 70e832cb035e4852, c1d368173a37967c, 560db442636cd114, 8d16c8619260a2db, 923ea0b11d087a66, d80578adfb7625a1, b9bc5763e72f2255, 6206b738c3f6d8c2, 3aa4c50ff17cadb1, f771d75698690125, 29285dec1f19d128, 4fc4926436fc8c34, 60f9772222002447, 9be6b49ae2e3e63a, 808753028b4aa731, 57e4d8d70bfe0aff, 608b562a713b8f05, 76a5f94d60888a92, 2c041d3f091eb99a, ebac2b907a615e2e, c9659ad6af42f359, e1c4ea50843543db, 19255080e4d8db79, 11a5a9e3115893eb, 326dd898927dc7b1, d386e33a5e2c2932, d71ce079d3160c58, cfe9d4cfc5a776f2, 4ab75c491590f1c5, 0958ede2ba0e0866, 3aa60476a9b6e205, fbc6f987b335a5ed, 09ab7d6c2399a24f, 03d74ec07d7067c3, 5a075a6988f20a11, b8b9ca233eb699bd, 1de8300e97381486, 6ea5aa76210e99a5, 9fa52814ad6976a7, 8f9570a366ef5d97, 79b29cc26d0fada1, ca2b54c85bd0a80c, 442b5eabc042eff5, a075b58c222002b8, 1e5ead70a31b83ee, ba6795a3e3a5e8f5, 393f2bc5199f7628, f6c990662c2f6ac6, 9cb69d983b29e905, 022d8d0947a0f72b, cd5dda259becefd9, d3f7dd5b5c31ce00, c0de046125089b0f, 88a78d7b2b1039aa, 91472399f728a423, e63422711a4910eb, 059c2397e8a754f0, 0dbd996ae69c939f, 31228016c6f8f9e8, 18ba68f270083417, 9fdc1d44b05b6ecc, fe63a7a8b117b49f, 49eac9b1c6fb54df, 83180124e7c4de83, df18312a8d074cdb, 920cd09a37955ef9, 06da1bb2aa87bb82, 9b164b124de59375, 418f9e57d5cf393a, 354e2743250f78a6, 0ac49559971cf963, ac46f48fe49fcfc7, b0b7840d3c97fa1e, b6991c533e718672, 0bb8a56773b560eb, 78abb209192ecb7f, e3f1da5b4aa3a7bb, 0081909ae0ea8f9d, a9fc48c78c42c70b, 039569196a354f2a, 725dc92cdc380dc2, c0b10f9cd48f4bf7, 9d592caf98592298, f9247edef4ef6649, 404479ac63351b70, 206b7636e30bd189, 4399623014b56365, 046ac1750e7a0ca7, a1f118b74d3a4b63, ed48a83010a7f011, 1b68afe16ea7856d, a715e2eae1615320, 8ecfb192e5b24e91, 5563746e2f219b9f, 83e231999cbfcaf3, a8aef43ad2788233, a8b8037f4ad47caf, e1c094891c342aa7, 159adec39b9a68c5, e3c57fd54d25483c, 67e5707908cb041f, 5170a9abaa32e858, 72653a2524f22175, 3a5ca55a7b20f76a, 2ad0824008e1954d, c34705706e8636a3, c10efba2def51d0b, 824eda63c0c0ddbc, 66b76cc50b456a30, d738e098c0caa5b1, 26c7d1f6170d1233, cae059b84cc259c5, f24bbcb59cab080c, 076c3e1b90db56c9, 40b62761c86be546, c6c142d518729f19, 1919e16535d70af7, efecba697774d3f5, 593ad1887b69daad, 4a59ce6b82fdf063, 9f3327d1680f1482, 1f6cef93bdad1f29, 3ca191a852df2504, 65a33362474671c3, 1ce937bfb80d1e02, e787532aadb7fde8, 3a67e51733cb234b, a40b5f318c61607f, 058f67998ddf90a4, 02168b6c0c46ab5f, 8f35b6f9d698fc95, aac65f87d2283a6c, 0a8d421e263f525c, b7c94c4f9204626a, bef3b823c00906c9, 4f2f89e96d87f812, fa9090ce90d56fe5, 04bc36105472c6c4, 1b2106796a341a57, 0e30e800427b4e76, 45a4be70687e77f0, 47d95b640e908666, 9b9d15fdd6cc76bc, 1bf8fe8b8e65a9f6, 9a4c78a3867eac90, 6e33084a5e82bd49, f5fc3fe99e75fddf, 7fb3d3f31957b623, 953a9314490b4b0a, 5394e7be09bff22e, 9bd28d6ee33b2f41, ced11cc497585d8b, df4f589c21f25ca8, f9a67ff3b0eb05e3, f6064e711141f136, 25daa5f6a10bc4c8, 3d401a5169ec68d4, cd650b0c3b67e749, b6df809c35571662, 7e2f73ca84bd4d0d, 38b3de5288f147f0, ed1131f01ea35897, 7b6ca166d364b798, f973d74d09304d26, b51edebe713812ac, 990ac907534bf91d, 557c261d001705d7, 973074238555f490, 4c5ae27d7004b0f1, debd7474f23fddb8, 84ee5b111275ff90, f16793e41efe0065, d1797cc917bec035, 64f488183b43de51, ebe41b60715cf628, a2bb4f7f277030c7, 4c98480f244c3c42, 3ffe33015f1468e4, 375f8cb4c7959344, 84e4e67b09cc9052, 64a86708b741ffcb, 7de264aa4a386575, 6694d37f0f87b5b6, 952fa1c6474c228e, 81d0c3b9a79e06b1, 4c4c46b55507b54d, 6c123dc4f43345e0, 1bfbc736f62f650c, a034f378a97647b5, 61ec0a65c18474be, 667475d0995faa37, 287962bab6463392, 29fcc23ccd92bc7f, 110f327ba006c72a, 7e0b35769e231f59, 83d487c5f3177ca4, 15f4d1a595cdf3d7, fd49f0052d47b8bd, a55526faa443b682, ee3b1031268e15c9, 41adb7a9e31dc82c, 198fedf57f16b7c3, bf75b90c110ab15f, 700f0118d7371cdb, 2a4350d90d2ca56a, bbe471d6b50d71a5, 8a23df2816043a30, eaf86e0d221369d9, 7dbc6a2bf0d42f82, d24473f1ac94527d, 07ebd795ca6fd621, 3947323ed4978cd7, f5df67d5e4d86d74, 4e51bfc7c3d95f10, 48dca8b82b07253c, 2e77b1626ac9084c, 462a0f0a56b092cc, 3bbb7b8c8395ae7a, 7091de69b599b56a, 59ad838153418967, 4bee1547eecac75f, e41ddc9be00a1160, ce95d8bd6bf1dfe3, 92970f90506ea947, 5eacd424321eed55, 2d739a2a3637c894, 749ff055c355e5c1, aa22678e06f4a102, 9e7ebb34a7319a08, b7182a03678657a9, d7f8c3d058b43555, e6e72f171d9f791d, 8f003543e9ec67bd, 7f91044ac4253828, 00137ecb2348dddb, 6f2b1596917f76f9, e65c88a3c7d6934d, b50cf94d8a45818c, bdad2bbc2e80c8e7, 303b504871660dd5, 2959f0deae391c75, 42a88eb34fadd93f, 25cb38d0ef369d29, 0824ba0a47bdef5c, a96f13a207e506e2, ee4448ad0dc5d3eb, dca0493de6b34a1a, abd4b2df7ddf5c66, a20fc91ac83b3f15, d8a5283f8bccd3bb, 6555d678f0a46f73, 527054cd05f24573, 256ea8d2a0095f91, de374e877108f22e, 5ceeba8e3a5650ff, 182006d27903344b, 50284690812f05fe, e158ecaf45803e17, 32b3f885df52b213, 91e1d5ebbd2204f8, a2384c855bf8e3ea, 1c28d66a6bf50fcb, eb50e60a396ef66d, 6e95b20ccb1a6a8f, a6e7107dfbed847d, 84a9cb04db8a5c7e, b1d619d79e1177d5, 760c9af8c8a0e3c1, 1f61e3cde31bdae6, abf68466c628bb2a, 4efe7c5b0894a549, 8e68ce34f1cd636d, 5cc126ded4581468, 626daab383e0a26a, 97eb1a093b0b01b1, b30d8d1be675c2a2, 0e2872b8da8b5b1b, cffc9ea4762e9ce8, 630a34904d0e7015, ffd201b01a99e6a0, d19576e5455d2636, c524755258482921, 5391f2280976ffad, 89b0a89869717669, c7a6d2e9993e3b24, b7df4b5ad86769b6, ec5688fed713d0f3, d541ecbdb194a244, 513ded3e608a0565, 54268205211f0919, 60d6e9972735b643, d70c0e39c29e5814, 58bf72514becabf7, 2bfb3c17774a1e4d, ef0d3ae3f87cebe7, ae170bf2cd73c502, d39fad4ef7695d54, 27ae76e7fca1026e, 6037f75f65783939, a88b68aba3fd9c7c, e9d9bee0a59a8e7b, 0aff09f1fc75bd2c, adf48c05d64d542a, 714d40f60f2964a1, 1cd2d4bf69c702df, eeadcef2ab00db9b, f80ca6d491e4d204, 43f37da287d17669, 1b7182babd06ce4d, 502b14334a186db9, 75424934fa698fc1, 77cabeba2d56631f, 43c832f2499254bb, 2c6d41bae723e9c9, f50399e83da83d12, c8026163aaa7f3e2, 3a50aabf3127b05c, 075c3237a7e4545a, 48b78b6b787203f6, 1a1bd494b40dfbec, e3c1178d9e8003c5, 78c76e51862bc183, e7a11d70218bfa00, 61f5f1198514d233, ea74e23b9b3b7e57, fedf2a34b0af118a, c7d22e08824680e2, 596ab0964cd84424, 3c8ae71bd368512a, c411dd85d6068185, e93a54131a5802f5, 2163dc8a3722d1a2, a94cb7bc4a09a9a9, 5dd2979b70827abc, 4982e33c8ffd1318, df06e82c54d9b241, 02c8663fa8402c84, f2b0ab821892c564, cad7930187c8798e, ae8bdf911d1f3690, e9e1572e330b839b, c4b490f0026838c1, 6277053c8c4b5662, e907c6fe5e36c3b1, 912b6d4ef90af27d, 7cfc67fe8f698bfa, 4a4b2c3111069fd5, 9ae95cac18410cb0, f8018584049022cc, 4fd76a452dc6f37d, 437bd5c7f856aa43, 2f49248f7a80a94d, 32911706b38cff19, 859c2850b471da51, d0ab66e539e1fa44, 6cb9541537afd302, 44680d457b4262ba, c65c328dc8798e4b, ca1c50bbdec62623, ffd1b566cda943bb, 424084893bbf71ed, 03cfa781d6aa55cd, 4155d50d9a224019, 92c3864270ddf031, 76cf4a17506414fd, 25dedcc52c3a41b0, d2a678b51980f93b, bd279709a5f92d72, 99b087b2b53b603b, d8a52d772c30fa33, 442848af33f921d5, 436603c129ae9c3a, 8a66426364934cc1, 69dc7514554ec291, f7e4b74fe91276f2, 40eb9838da8bcaf9, e08c8f058433f173, a3d4de6daa2d0643, 1e7d984de5b3c01d, bde6a4009bfdbdaf, 1f8e64c4f6eaf409, c79350646db8aac1, ac868fdda9ba4378, ae6c1adf082e5a0e, 61f40d9a2fa6a110, c86bed7a3c53a382, 924ff2b545dcbc1a, 2851786f231718d9, 7d8fa52f770f0fe3, 15b0c57311bb4be8, 7ae5e8b1b8273eef, 5165db12f0d9ede9, b442c8619b76d9b2, d5aa3f2deba61110, 712c9c3dedf15c50, f117a8bccdfdb2ac, 276f4d75a76f3452, f38c3bb2e554c215, cca9d5b872693470, 6ea1531d25cf4271, ae29bb5cdbc103ad, d3458da90248a226, b878db6a5c058e9e, 9552b13a767db8bd, 537b175233f6779c, 24fb795f71d045cc, 4621f3b95cc8e8cc, 31918512c0b28c2d, 1e13e703b99132a4, dbfe8f51b1ca47ee, f5c2d7484a6b2627, 95a7f84a9c314535, 30fca7771c39c924, 04580bd894e1e5a1, 2cb2d5f1c519cfe4, 88b59880be1a09f4, 982bc965c011a24a, 7f5a477dd589200e, 8716905f89dcc53f, c66e74418ca5eb3c, aeb8ec5df9fe5099, 4c1d3eeb8e226437, a7cc56b4941f0af2, 14a22672799b2ca6, d35b7c4f2ac15316, 1843d1edbb95f092, 54a6476c69a40cce, 4105a4fd925a7164, 121e74e1b53ed87c, 91ea7eaa3f5466df, fd6fd04cf4925aea, 47e977d1ba5e20af, e0d43cb53c3d080d, 30c91a1256ef109a, 8c584384262db2b1, 373cb725d5379793, 9054dc16abdb6166, 8f77b92f853dcd89, 7658987ca722abf9, aaf63b3a81f18390, add4ccf4f75437d5, c9280cc6714b0c39, 8aa2136853a1734a, ca3a3e3836bf4610, 91690387abaed383, 0fc0d8342acc235f, b1b0f76f928396f0, dcad975da881be62, 426ec454c62fa48a, 38b1102ddaf8ad21, e00e5daab74e304b, b410a4eadd792b7e, b3ba1b899ed5ffcb, 8c8d6bb3e20fc7a2, c6540dcb81cf7146, f6635f6fb8cb88d4, 4bb5e4dc8ba7df25, d8ad7657051803af, 71a17030aec763e8, b41715e87496452b, 75c8694065976747, daf9e1058c0f9a48, 37d58074e96ed4ae, 61a1c7afdd6bec98, c5173836d1670510, 425a187d261ba7ac, 56b416ad4513baa4, df881a4a0412975c, 4eaedc5ca96bdd1a, 97886c2cf8130ed6, 8883b257c438b7ec, 8f06c144cefa329b, 028df131d13a5322, 25a252b5b00eab39, 5ecaa90eeb40271a, fed3df6893a7fcf4, 7cf9eb4151027539, 3cec7b880159f6bc, f87d041cc50d5596, f159d7fbda611821, 8d473f294392d1eb, a90ade9155e5a1f5, 27ccd7a93c2b5558, 91fd3f5397249d27, 60a31644081852ce, f98e53acb0d282f6, 34dba15c20344dbf, cb6e528ba2836539, 8f8fc10802e2a28f, da49ff42c94832ec, 5e9575d4bae5b2fa, a9d6323771d04afd, 032d24b983e95ca6, f019f40cf33b2d62, 721b8590d8f2db1d, 23fd3a00ba742a98, 9a40cec5863252c9, 2c76f4728e4724ba, 9e5812daf48b1aa8, f14fb486093921c5, 08150ffc3025d200, 4bc7157af13f2daa, 9a79098be0aefa8b, 71bed6934262d2a4, 714e26a55febffbb, 72336107a1f49106, 87309ccf8dba6940, 975756b7d3cc8d37, f1b5836fd40ed37f, 875a487e0782d872, 8079da95893c9ca1, 03321f1d8633f3bd, 790a261a6a110327, 4e7826675994acc0, ef9702e8fe3d778b, 727b8f8715ac7db4, 2a4bb4cca1795ad3, 3430bfeb33dfc99c, c6a772cd88d7ecae, 6f9826c1e9a30090, 511aca093e4126ed, bda16d835785f71f, edf8ac9465f7fa01, 49b147ba3661b93e, efdf0a2ddad1fb45, 175498302df80c64, 19df768e7e6d36d0, b06339fb123a3e60, 8a101561172b4ef6, b323e75d18e8142b, 6911ef53cfb26529, 3766c5d9f8c364a3, 8be3b4ff0ef17f3f, 340b046ae0a900cb, e0a12d04b63eb7c1, 16e5897ab4b878f3, c8e442ea77072fbd, 2c1217e4fdacff70, 8a2303e2068d4704, 580c5383b3702e00, 4ad9e2323dbd51e8, c5d1fc848bcb3c40, e33a513c58c2c5f8, 0b0efa512f4df0d0, a8ddae0192efa14a, 5c066734b3d1467a, b4cb8bf8caee823a, 9c757903ebfddd69, 8f18ca9151437a1a, 61004a9402698c98, 69236784eab8ca91, a53b2d86026504d3, 399aba76907fc389, 24c1bd4f960b5ad5, d989b39b5f12847d, 06f93c9fa6f7c92b, 47c0b5b36f66469b, bb776272f3cbc64f, 432419b47979c07e, 54b40469475bc8c5, 59280f0e3cd5fd7a, 9a2dc78a16cc695a, 8e96a3473db98cee, a20ad59bfe9efa9b, 944f0c13a097c855, 6afdb5b961df69be, ab540ad9ed6b6567, ec942614886ad024, 7639cb52b989633a, 63bef4c8fd882c42, fdcdfb815f6747c7, d8e6b4a0af2a826d, 092f33532bad81ed, 84e513f6e28cc647, 0cdba65708aca995, 1dec58c1885a869c, 7dbecfca06f20842, d25bd353addaf473, 56c576151695318d, d6796b292e5e2e11, ed5cc557667fb2d6, 0bd75844b5cc82a9, fbc110cce052d54a, 486e3dbc82daf537, dad8840cfadef870, f9600c06a41d1b68, e31e2e49e135f013, 80124e737f48b7b4, 77c41a0ab0f59b47, b44b956de22a3637, 87f9ec63c32126a9, 53d0a91520a3f536, 6e4d070d4310fe0a, 966324e49266b9ba, 13f534f87f3f0071, c3627959716f6bc8, fd6c22b6a02f8290, f73b41b9641171b0, d0edb338a569e9ea, 0f86da703ec60934, 62f1cb31e1ea5ae3, 516451f31b9eca7a, 62f4d889f4ada414, d0986d5150245a86, 960b04234268dfcd, f502595f113181fb, 34d1ea6cc272d34f, f889d447606c104b, d5c5294a8167ca00, 4bfc0dd7d8e0ac57, 81415ff169581ffa, f32db46d33c46ebb, 7a65d1d32aa98f17, 0e52e416fcd8feed, aba09ea8d79529b9, 4db5ace5f9375bc3, 026be08497e274eb, 8035f35f27a0fc20, e78103630d5b6238, 2a26b030223b7372, e724a73c2d6ee87d, 076f4a92a737dbe3, 39f09424e5a1d4cc, 642d6bd1ee16fa49, d78d7841c0de2e88, b7f709b2ca989dd0, 21497b3d7622eec9, 12e227f33e512006, ea79f4abcd4bcae8, 2b680bb875cb4f5b, 2990d599f22990aa, f28841a39c4b1d43, 0ea47afb458617e3, 17cd64493040a121, ad947c476e8ec5b1, 6a2b3fec7c6c785b, 0ff41688b45ce8de, 075bb037eae62d87, de7c0fc202f2bd6e, cc86ef335a91fbb6, 5843d42dd26a4ab3, 78199e9f75affffb, 65e5707f9d4d83cd, eeab898124c2ea7d, c39c1c02d9176e9a, fda3ccfeda98d744, 626a185cd83cbb7e, cabdd090b578793c, 008c21493dd2c4d0, 17663ce8249e0c9b, 366a596579d332d5, e84de4506f66570b, e847400524d0e37c, cf550ededc636d88, 357d9a5084b90bd0, 3b308aa77610c1bf, 18c7487f4ef3969d, e1579cb6001af83a, c90fdaf3fa64f7cb, 90f88d3d40d96a6f, 9824c13857b58c9e, 0ad226952acbaef8, cea6703eb817680e, c51c76e952275b09, a1a4935df54f2856, bf0ce4dce7d3a196, 99b2e8170932a92e, 3656c52fb7dda84a, a8eeb01179ed2fce, 65893077993c7036, 54a180a1c778a470, f04cf2249dfec6a1, c9b598c792a1b397, 953a873a11a086c5, d81c8e46f502dfc0, 2ce34633d69c10a3, 4661eb01d6fd84d1, 8fec1e8c3fa9edf6, f91e081a236746ba, d4734f022d567897, 9fa6ea6527cc5b50, c8c5fc460af4906e, 2d8baf14a867b785, 14c0ce17a082a2f9, 6e95f76c476481a4, 31c67579f042b4c9, 57764cb5cc92d5fc, 7993216ec5188ebb, 87f315be6636466c, c5c0d44cdbc04472, c71145d1b8e5f77a, d0846febfe5e11fc, 302128a2547f9f30, 04f8c2f5980b083e, b2af1dd4f5b266e4, 0626487f1cb830ef, 3140ca1a8814b8b1, 9189af628c09301d, 0c31ae245b2d9102, 4a5c79f73a8210dd, fcb6546726d3af26, d4f007dc534383ac, 3043f7fef91f04e2, 68eded817f0ef545, d5c016fcd28bd1ed, 573acd42e9aa428b, 10693d597623c312, caf3206cca67e369, 8b82fb3369cbc3cd, 0d301721af67e853, c1fd7ed45827a5a9, 596f59776d08f129, b3f35104aeac3831, e57e765ba79992f4, f2dd4c42cae74c1e, ba50bf44ffda51fa, afb985d29ca38fdf, 1287049ffbb226ed, 53e9ca4a56edc791, 097aa474817293ae, 0641ac9f09f13ac0, 4fa7560527194a2d, e678f571bbd4dfcb, 294553a7bd8e3e9a, b2f78a17bc858a3e, c0010c74bbba73de, d48d1cc03fb3d36f, c466d2aebc3b05dc, 11439ed328d27299, fc3aa737a77c4aef, 91683b7da5657bbf, 68deaef78fdd380b, ff477f76c7674797, 470c84c6b50b4dd6, d839d45c3a2104eb, d130c885528443f8, ab7d5d44888f26c1, 53463422179f3fba, 01822dd962e64832, b779e5f5f7e9f75a, 1459934866c6d409, bad648ad18048e08, 35d64e230b2882b3, fd9ed56521269a3d, f9968690f3a698c4, ad6944f5e16be258, 7ff3c79e6554665f, c8f6eb59f35b5a1d, 157489fa8f23da64, 468dcc0976c70196, e224265a6fd8d048, 5eb7d83775e7b1b7, e0d078f4170a7d94, 426beeb7ea9d3bef, 7f97acd4483f68db, cef341b8c6853c83, 5e3e172e29d11ea8, e2f326c133dfcdf8, 4cbc0ac4f27c9bca, d26dab71f6e9f1ad, f745ac3c55792ee3, 568cdd73d7e029dc, 9ec31260fd588708, 8c3d14c52a41dd26, 0ff193c5f0da8fcb, 6cc87701d963c3b6, 492d25139c57edc2, 64984fef6e38fc60, 91f1f699e3711c58, 7f4ed55c365ac2c3, 84f12ae1243e91a0, df2f67997f928761, 489afda73e6ed434, 489358a01a0b47ec, 691d08647ef00819, 5b433b61d3ab0e3b, a99172e549a70d65, d45a24c3491b40a2, 511aa7cfcb52c9a6, 92f594126d174303, ed80efddcf6dd3c7, c757a75b5cb1b356, 3c301d46e4d5c731, ca7b0764d5fefc06, 6702bb5db21f2d5a, ff27066b99b66e45, c0e8a4a37ac408e0, f7b303db9ac5038c, e786f35cad3540d3, c1788ad8946043b4, d85a41cd6768ff70, c18bd1f4f027628b, 4fab768dec026378, 7450e5bf0af1d7d2, e7ae40f25057a4ac, bd30d0402acb009c, ae10210a1113d0b5, 9ae00d62bb1cd653, 648a48f3762f3888, e78371b7a0f8adf6, 67601154f05cd4dd, 9c3aeead2559b187, 35caeb1dd144c2cb, cfc4a3fd3be74b2a, b1cd4c0fe6e6c2bb, 38dc0d90a0b33b7a, 597251b787623d4d, ab0325b06c8a797e, 6561537b0752c653, d44594f083a134e5, a1bfd4f388740ab6, faeca1962148171a, a6b15edf0c8209ae, 6183145edbaa4b42, 416d9968d3b930b1, f91e2b017084f11b, 1be4d15183c86b82, c4df0a65be345e5c, f1b66be86a4cd33e, e43c5a400ce5beb0, 0960b2879cce98f0, 0ce8c9bf6341f203, 65e21d1a1d68f1fe, 9332000c84fe3426, 5b25899daf49655c, 7aa8cfc78371807c, 8d3beccb52c35d61, 3e4cdedc336d003b, b88a0bebb71e636d, 5efb517b60785d56, 92affbf44d708aaf, ec22dfb552fcc2f9, 86911ae3cbba87b5, 05b5f92c2f317725, db017eab982aefb1, 8712a7e19f6bad3b, b2b9d3898476ceb1, ea0c94ff73c9ac3f, 7608558472f34458, b903460ee6ba1779, 0d0f4cbab62eeecf, 9b82bbcebe40449d, 846b95550bea4fb8, a652019f249f449b, 91ce9de1649cf60d, 82436d61e411e5aa, f4ea9208a8adac67, e6ab8dbf1d49d4e8, 0fec50dbc0e64021, 49a2aed8bc7ff688, ab2a1421fb165d80, f97b19801b747ae3, 3734974228d9aac5, c78304ac9331d886, 5b3c5c5c8e9c1e99, fac9fd768660e032, e2922dd364dba5b8, 41a5e42cf35c2d45, 8062f13cb3910525, 92d4fdd812448cd2, 9a6af77b6bd8302d, 246be48d5d733b89, c19a94481fc5fe7c, ede07d9770a839fb, 59ee0af86d387683, eea0332c87311d30, 6ab0c33d14ac6792, 48b55a42f1a8be5c, f06e246d7c643b5a, 22c0ea1eb3ac9d75, 372d3ce28accd437, 7f4d5bd39f436d04, 470d6cbbc80a78e3, 3fc11fcd9282badf, 7c49646be8b7d810, c0ecf348948775e8, 92e7f1de285da4c5, de3453b972627f57, 5d116a2da9de1347, 2252f54710ba0c15, 214d6f81fd411f23, d1e14cbc806ee9b1, a6812ba549dbd47e, 0c461358f9494ef6, d2716c79e70619ff, 7748c26791e93fb7, c245bc205adcab5b, dc75c737ef117f3b, 85f7bc9e6c8d3dcb, acc34f9c4ab0a643, 98fdeea8e93226fa, f2db02cc4a1eb5f3, 8efffb9b5af12bb2, 3cc10df480e7a575, 849d764699d5a5f0, 9df387e57148b911, 62ada1abe21a227b, 429a5701561d416d, 5948138f977ac7a3, d3735aae11a30530, 153d0dbbe7d9462e, f869d22d69bbe4be, ccc5c68047755f0f, 04fd3d77be9004ed, 2bbf5418111a11e6, f8bb6159451fe72b, a81233b95e1cdd75, 03289d835067d0cb, e1c7d290ef9c21fe, 356bee24aa69b1b1, 1738d5fb87827a9a, 21df0a46c60b2071, 02ba8252b5736502, 8f46943ab2130a6c, 7b31fe170fb2db1f, 3fcf4a5aef0b01d3, f5cb53d4ba0eb804, 6f20f5e6f1d729d9, a7ee53358a0e7b7d, afb65f9b5aaa9c80, 9e7cd8836cfa468f, 35f4d0c41dff6feb, 6e55ecd1806a6135, 73141997702ebc7b, 2fa97676a372e267, 06d2fd8de57df82f, a76848a7746b08d1, 8f20038ac4a0c594, 5fc1b29c22dbadaf, c6a588ab841e16a2, e60f1736bb65d032, bc7689ae111512b6, d375c2888b7bd4de, 2e2169914cff38ed, aa09eb93990fe9bb, cd5056d7e23b1752, 5bd90310c7be8e96, 8c4b147f9e4cc62f, 3a8b0b867e4b4d03, 744adc7c7ccb7654, 4a2578e06be0748b, e86ca2ac9b3ecdd5, 2a2f0eb60bb47947, eb951502417299cb, e7170a723235e1fc, 675d825190caa929, aaef826576031712, 77163550329bc41f, dbf265ce3ba4caaa, 1d09bcaa460010f7, d45fa8a8e3d16a1a, 4011ae5ab09bd69c, 1905d93e5faa74d1, ddbafb806b780c90, a70433931fc08c76, ac153735db7a40fa, eedfeffe718d373e, d8250bbafaa8a1c2, 75dab8594f9c6b6e, c7dc1323200b49db, 9085f30daf626315, 68bb2df4403b1dd6, 9faea37957a1b69c, 5177a1a258257c5f, 4a0a8897f36d9187, f7d8ce59d961a929, 0b298edd9d4c7d87, eb309bd6511a8d69, 215e04dc84cf01ab, 9a0ecfb936e22be8, 38690d083a76457d, d1a4699b6e95eea9, c12f9e808e8af187, 8267ebbfaac214ae, 282f0e6e707440ba, b7dd40c3e5fec1e6, 67c34e2c34d6c36f, 37287a29e4f1682a, b7d6b47cf2f91f53, 29210685c2832243, 1e7233cf038fc608, 9e1d26eeb1541d2e, 2d3e82e901fc7924, bde361c68875953b, 04e18333830add71, 2c6fb7138e8f4195, db7bdcfbb17c8479, 8a6516cfd138dfce, 0eae7376ae9cc938, 22c4dff0529788b4, 2e35278dad43acb0, 549495b7424828f7, 36894795bfa13f75, 06bb208d1ab6e854, 06fe7efa40fafb93, 28d1d081cb2bca2c, 941ee6855021210c, 6cf09d38137f74fb, 24a597a019c8829f, 77be142d72ef53ae, 1c4ecb438a320e49, 6382d943821a1c66, 57d3dcc013fedc38, 2e1dfefd447cb25b, 4344d33db5b1d2b9, 1e329d3016efe52b, fd21be5aa1b391d9, 2fe60c1de4839ca7, ee82cb522326d771, a606a00d3278e485, 056350d11c9bd792, b2a5a0f11cef00dc, 340f6d9f30ad465e, 1fed2fc1a5c70a8b, 217cbceb4bc84c70, 0d058f85d77651d7, ccf09ae2c37b88bf, 0fb209b9c31ba84a, f1a6ae1f6e767c3c, e7fbe20c0663be15, 09dae7347b7f3dd3, cd7dbbf845fbab0b, 97b4d257983a8d4b, c83e197210419968, 67e260396094288f, a9fd7112ec57a694, 389c17bb59d37d43, ed6a9ee9ca914e51, 607a8830336796dc, aaf40610ef58917d, e31eb275a3549c36, d114bccac445130d, 85127024112dacbd, d07d3597fa5c42c9, 6ffcc05325ab602b, d01a5da15a44da8e, 2b38f301718794d2, f3462213c2a5b46f, f33c528b4987d141, 17528f428ab1ef3c, 3845e844e1854afb, c4673cb80dd75bc5, d729ef83e463ebf6, 49fc8ea4e8dba6fb, 65a713ee814eedb2, fede0d312055de75, 4fc2204a96c514ac, 121ea7461179e2e4, 264412d690c6d2c7, 88979b6718d17bc7, f854d26ab2594d0b, 3d49f752be68cc96, 59462bd0eb2ed6dd, 3405bb8b97eed53e, b9103c26123566f5, 2d070288aa105ddf, bd839e1e1d0fb40c, 68ee9e77054afcc3, 52af6b2e9b3d276e, 8adefd87bb40ff74, 2699c9ef30d4ac55, 3ac2bb232eaedab7, 2e8bf70d0c15a6f6, 12b0b4782963d26e, c0c7fc102032cd29, 68ec3a0a578d7959, e8f34882e9ef731a, c34bc26d5193052d, de595e7cc930a4de, 311e06b3c2a7d728, 34fee4ccd1520b8c, 1d3c0ad6b3128f8b, 5f13a8752a6a11be, 5c94322b68f8d73e, 0bcd836fd1bfe335, af3740d2415afcaf, c9e454339b49254c, cd5c857c218de252, 969369a47c8ba12c, cec0c747c572effb, 8ebd81580ea401ed, 71ed97103bd53000, df270e8cc595c7e9, 1745b27b2af93312, e0c59ad8b6082b27, cfc17b18dcefc26a, 1060928606defb9a, 6cf4f2b5a5035f5d, 60311ddaae4954c0, bb1dc56a1767e29b, 3e47fe5189ed5cf0, 5723e7cb4618ec9a, 139cfdd475e990b0, 7bafbae7705d8a5f, 9704e562e3f0e4e7, 9db7aac949c9d766, 5587247a553bb392, d905f5f34f40ee01, 085a0beed92e91f4, 55da6657398ca7f4, dd6b1d24b3b7e59b, 7ee0b1ef16a76b3a, ca17c685b4772e28, be1980eb5e957960, f34f1b8dd8837a55, 86ecabc6fa596afe, d0ea21ee00dfd849, 47bf34f23bc49a82, 20aee19726e95a1c, c3da9384f6134025, 434baea9dcda7cbf, f953a866c6a74977, 3fefdd7cf6b0a1ba, efd159e11926c8e4, f2cf6df1189b52c7, dbed6bf1ed88cd9d, 39314f831e4fa327, be5e36ddb87d99bd, 7f3eda07af324d80, 1dcea29b930fa8fd, 0ad860f796fcc123, 062b2a7c84ac8311, 0d7e242b367a1a75, 78a3cd154ce4aeae, 2ac8adbac42918e6, 0b31493ff8b33bc9, 4a13dff923627de0, cbdcae59db404b71, 3fff4c8afe149a13, de9e7bc54602b0d4, 5d400fee29efd7f6, 4213230c77858883, 1bc2c791fb44f8da, 4877a654eff2f251, 2baa48c7c2c84c4c, ff7762ce2aa533bf, b43c3cc4fbfddf92, 3cb9e8be4db73a2c, 32d3346c54c64909, 5a2dbf004d0d266c, 6a02788fb98ed052, a1c0114ba3eefa59, e24b1858044168f7, 32316e331f9cabde, 354f64779c623423, 8ef749d296db6d20, c567f6da2f9dfcef, edd9d17713f089de, 78c412c616dbe216, a4aa8c4ee85a6098, 8ffb0ca642c50c81, 50cdc314848cb0d5, 656931e4bdccc563, 3951422c06e6d0ee, 686dbe054aa7d5a3, 735bcfc9c282d42c, 5f865f878a09ec39, 04eaea3d013fa5c2, e5c2c27f548f64d2, d10fc4fb761dcd90, 7086a9e80055763b, 82a5ec63c2296358, 3f15893f487fc3fd, 52a125d4f0626d40, f5ecf7ac2804e588, 04463980af682afc, 85d59a2fd3752c25, 0891202517efda0e, 9234c03d02158dca, a95e02c29928007c, b0ccd08369e090f6, 653eca6cd1440b4b, 1e234571041a8f9f, 61f4e1252cad92d7, 8367def1a2d5bb1b, c92e02811877c7cf, 992e955bd504c82f, d64f73dd684d5b53, 3267a8383165c925, e17621a9af62fa21, 1286c2e50da7461e, 4c487731c53eb5cb, 3d955c979d4eea76, 1a9c8691c663b7cd, 775feae448afdd12, b14300d87b19a850, 40f613b148c3c484, a3ccaaaee6ca272b, 442e3b624262934b, 1b0de4aec81b9c31, 355b1b87dcb20196, 62f58739f16e5311, 5a206e8c00f726fa, c00312dfca237045, 8510db0c25927e10, 1499dba15a8d57f4, 90707629f4f20dcc, ddbd0707701f4682, 46cc4857b8b41642, 2e048cbaef64332e, d0c03e193d89500f, 114c212d3ac49284, 420f08869322af25, b026ff7e2bdce01b, eee2d18899ebae40, c167333a38f2e3fe, e26a1cc5d38b8cb8, 5e3456ef9e9f1605, 493b16ee3626530e, a4442d4c42ffd0e2, ebe24486443ddbf0, 328373e3978928c7, 3e14207496768354, fbc9b3b97a37f221, 5eb800c17aa41629, 95b4e2d835247f6f, 753da6354a14f794, 0b1921e4fbba989d, d89c98b7a760f14b, 8c72c93c6ba7956e, 1bce1abd9da73469, 383940a0c8e5465d, fc626d98af861be7, 0dffb4c6d36bb42b, 4fdf780418349ce8, cf8abd0a61fe123f, d6eb666ef1f77023, 632769f85fbb7051, 9982c2580215d759, ce45efe34d160a6b, 3dbd08ddd77529b8, 9373af48c14cc06a, 4cc64619fed1e0fe, a2c078bf40dea095, df37ad2bd148390d, 2e615a21e9bc4bd0, 76ac7851a65e71fe, 10244b283dcab21f, 423bb08201dc3feb, 851c6dd20d41a770, d67b521d4f71f97e, 9de156f147088f22, 2f1d1a0d334b8b5d, fc5afa0978d02b3c, 48760e38d8a2ec97, 77343d6a7224f49e, 31a1cac1e18e8d9f, 3deb3445e2a3827f, 4b86a5d34af1ebda, b3ec3c97aa32d518, 73afb4c909f44872, 785a057ed247749d, affa8415b0c44100, a4c3a9209843988f, 51697a92835f6dfb, ad4f0a81bca09a67, 34ffacf22769240b, 8c50f73025a6f8bb, 87f98c3956b40bb2, d1588e3e1a858b04, bd333d839ad0c787, 9de3e35fdc0d7eae, 4e031a7bb55f8991, bfcde9797397aa84, 3587f2e1281b8341, 8e3a04cb6b7be547, caba60363ca3c41d, f6c359774652919a, c22c1cfde8eb1dc9, d320abd1fbcbb03a, db551cfeead3f957, 4e50c4f0a8a572ee, b5c4503f00465d35, 81106aa5edd6eece, 06ccc8c7cec71460, 0b1d55b9fbcbab98, d1a1a21240e935a0, a8b7b1dd9fa078d6, d8ac4d90bab04108, 94fcd9f98fcce6c0, ed9692688a2f7ca6, 6fd7db2ff9b8dec7, 52208fb3286609a5, f66d86248e7f7bd5, 5101b5cfb500750f, 0d0c093df07bfa2b, aad1cfd16ffd2590, 5f269a3e88d7a0fe, 46c11c76c18c391e, 96a715bddebf5315, e24f7bb0fbc65b46, ff2304211ff1b1a0, 806abeca00852616, 2c8e96d4657a8493, ec6ba85c8eddf7e7, ce80e6d03c9b6409, b93a87841afa7965, 0931665c34a8cb96, 2b7cbd51e33a686a, 6dbb48614ee07077, 2b069ef390663eb8, fd3203f60b234101, 2d761708f53250c5, f88d885064ba83b5, 35e2bce9946ab889, ff1253b2fe784ae6, 6bf7f5e017a08912, 3ec39205bdca5dde, 91ca5452694fa9d7, 128b2f98f1a9a9d0, 8ef20c5c7582d5ef, 2967c919a7a83eb0, d6d376573172eebb, ad9e59c8ad9b9490, 902838ef53ff9a06, 2593e51f6d747c3a, 9569257c1fc8b898, bdba64c33f57c71f, bba6e1ccc3417b4c, 9ece9fd9772e3e91, 28996c8818672442, 25a9c939746ed302, 36c588b2022a9057, c92bca22a5cc3fde, 9f1f1ba039246689, 43f2fe4de0a62959, 4ad404d963b7f62d, 0071560513cfa6f0, 3664c9d0183fae5c, 1389fd09400ebcd9, 3df954d5e0ac6513, 70c75f7d7c9fccb0, c3478ed141f5d260, 26c3c90ab9c83e7d, 217151ba87a53ce9, 22488c944ec3cdba, 18ca01e9ff5a8fd9, 0ac0750ba4a344ce, cf347fe891aefce5, 6cbd901678aeef76, 4cb2bc6ea04a4f7a, 4fe739a05947069b, cf57a7510de2ffe0, 6583d4b4aafa6200, daeaaafbbce9f19b, bc9c84c80eb9fb12, 7e2fb46796b8573c, e42c46c1c71285c4, 6468cc866c01f3ad, 59736821b1c6a7b3, 514c403ea5776245, 2733b86a46d8e3fc, 1ef1041bdd9cdc4e, a22e940ebaef17b6, 34845dde22a6fcee, 2c3733ed9d1fc078, 5cdd36fb422eb600, 7a5b146ef3998620, 6e3eaa5aea0c7982, 18e7eb7f17d52131, 6904f60bd91efafd, fcb7bfb735aea676, 09cad89454fed455, f01b8d5fc8ea00a4, 428a8fb21632204f, 4bf1deb246b88a13, 04f275c329a3427c, 493065a19800d98d, 1e4c05256b97b82e, 567a7c05c2676b38, 24a8af9ebab69c30, fff40df59cf17eaf, 816b8a3208190602, 3042c1c36fdffd12, f90cd1badd55db56, 02e4ebda902fcc61, d7389586046bf7b6, 1214e1af4c9c255b, b9d35bb407fbdb04, f805c04298a1c4ed, 99acbe1b5c3cf753, a756c385bfe3b23c, b860638dd08d6e08, 83f22df33f515892, f0bae53ca643a9d2, 66578dc31961116d, d5280b22d5d10a38, fdda45d91ac35430, 1410dce70ee6a939, a711622681a87f5d, 887dd1ff03b8d245, 87501b7524d9c970, b2cca48c59012a09, 88738752aa3b3c83, fd7f0f01504edbf5, 2bc34547c5f985e4, 9a06d6139b9e73dd, e72972817eacf638, 897bf290db7597b3, 0a35f2263ab21ea4, 9fa78d40957a5c98, f2449ca4985f2745, 627e226c55fb38ae, cd793b7ab2b42c5e, 67aa9fa3ddb8a2fb, 5cad3a45e88d9ad7, 9ad925238de724a3, 066ee21ea1c658af, cef955f606c00781, 603c07003e740901, f7572fea9f12d49e, 8db517530150dd33, 6a34f32d07ec6d77, 7241201ef14e05a7, 8a88dece82ed55bc, ff13851e4f0fa7f7, 2207ad1f681d977d, a49ebf19e6fb98b3, 1b72d05dc442cbf3, febab51a0bafc11c, a78082595ef93478, b79ef3cfee7fd88d, b37659ac8fcb9b20, c79e8f118532909d, 4cc4d277d3507626, 226330392e53dc38, 710f6e2df044c28e, 1c22191b58f4eb91, 3869b3277eb33cee, 274f72e442b7f168, e10a3f64725c20ec, 33e650c31f2b5a4c, 5ac9caa0ffe10541, a1558bc2d7f1e4f3, 1b711854e4eb4baa, 0b4c082de9a880a0, 92340a32c1a9cfb7, 9de7aa6217e2f666, aba552d17b482669, 4a3b88774d29685a, 7ce3c87879751e4e, eedcdca63b5771bb, 3b0daa12c76fa6d4, fd1ee244500a6fc1, 3e55b37d76feb502, b10c49825de4460e, 715a67b7642b63d1, 095da9cb0e937dd0, 65ce4ad09ad75b2a, 4076bfb5f3766933, 7249720b7fa8b285, c952b7122c6b257c, a72e71bcbb83c140, 0b77b6c143495b1d, 948bcc56ff3099f7, 31d3561a159d252b, a87123ecb6ca399d, c139c28e9e75df18, 2240d94666af66d8, ce8cc9459a106173, 3992186efb75641b, e4c6fa810cd3c60c, 98c98e013b932aaa, 44d2bd46aa8338bb, e14dabcf840ed1fd, c843578a38daf7d6, 8ecad84b73bfbf8d, 83ba97db832a5c96, 11930c5ce297c41c, 2af52c175afaa5e3, 962b8b3ffba47cef, 67364d173c900031, 8854c7dcc6f6f81c, ce70c43b81c19096, 76db7980831401ef, a9b35055fa925aa9, 29a5792d7819fa05, 59b3375ef93ece59, 07f97fd3db12f34b, 84fa3cb83590bfe7, ce90fcd7ac8130f4, ffe29f14a558779c, 4f3dc0bec176d86c, 1c7ce1ec60f4aef9, 1cda5ed3df767d20, c76faa0323e906fb, 92b87ef9f8c3ae57, d662d746f93324dd, 1daed190a749527a, 0b940b18bb6106f1, b2fca81dd4b7ccc9, f2713bdd8dd0d05f, d459d10b5279e66d, 4f6b4bb189cf0608, 0ece03fe9d4daa9a, a70c9bb9766558d6, 16fa186fa45bd56a, a06cd2d216b8ca57, a985d1976601f0d2, 3a0e86010cba9cf6, f3cdd92c64cb76a0, bf3520a1cae6852e, aa9ba4510ab6d8d3, 0d3910af297963d6, 3d121edfc48b7da4, 8f44c1b1cf1a5908, 4ed74d3a9fa1c35c, b15e6355a3fd0bcc, ae428d20a29c96a0, 53f55c813bedc22c, fca37cdc4363f247, 9f39ea2621028ae8, 8f4caca09a0a296f, 5b537de8b2120e15, 392b794611f2ad83, c700c93a7e3f216e, cd7ffc49b4607e1d, efa1dc0736912c3d, 82edb82d04149541, d1e2acb16829b9fd]
[12:09:46.647] [INFO] options: as_table=true
[12:09:46.668] [INFO] [run] subject=1, session=1, speed=1, trial=1, x__rid_x=1ea4320e845f8c35: dummy_return_one(x)
[12:09:46.683] [INFO] [run] subject=1, session=1, speed=1, trial=2, x__rid_x=7df3dcf6441f110b: dummy_return_one(x)
[12:09:46.687] [INFO] [run] subject=1, session=1, speed=1, trial=3, x__rid_x=4c9270dbc1db7abe: dummy_return_one(x)
[12:09:46.690] [INFO] [run] subject=1, session=1, speed=1, trial=4, x__rid_x=44ce6825a4daa4d5: dummy_return_one(x)
[12:09:46.692] [INFO] [run] subject=1, session=1, speed=1, trial=5, x__rid_x=210be81a237710f1: dummy_return_one(x)
[12:09:46.694] [INFO] [run] subject=1, session=1, speed=1, trial=6, x__rid_x=a5ce99233b88b922: dummy_return_one(x)
[12:09:46.697] [INFO] [run] subject=1, session=1, speed=1, trial=7, x__rid_x=a4d3864f0f5396fc: dummy_return_one(x)
[12:09:46.699] [INFO] [run] subject=1, session=1, speed=10, trial=1, x__rid_x=35b9162d99d89926: dummy_return_one(x)
[12:09:46.702] [INFO] [run] subject=1, session=1, speed=10, trial=2, x__rid_x=3db343f71da3e47b: dummy_return_one(x)
[12:09:46.703] [INFO] [run] subject=1, session=1, speed=10, trial=3, x__rid_x=769bfbae459a1537: dummy_return_one(x)
[12:09:46.704] [INFO] [run] subject=1, session=1, speed=10, trial=4, x__rid_x=bdb0f486362bd2b7: dummy_return_one(x)
[12:09:46.705] [INFO] [run] subject=1, session=1, speed=10, trial=5, x__rid_x=c03c1bdd7a588f62: dummy_return_one(x)
[12:09:46.707] [INFO] [run] subject=1, session=1, speed=10, trial=6, x__rid_x=6ff79bceea620362: dummy_return_one(x)
[12:09:46.708] [INFO] [run] subject=1, session=1, speed=10, trial=7, x__rid_x=3bd04cf524bf912a: dummy_return_one(x)
[12:09:46.710] [INFO] [run] subject=1, session=1, speed=2, trial=1, x__rid_x=9576430bc9349663: dummy_return_one(x)
[12:09:46.712] [INFO] [run] subject=1, session=1, speed=2, trial=2, x__rid_x=3ad85ef929f012c9: dummy_return_one(x)
[12:09:46.713] [INFO] [run] subject=1, session=1, speed=2, trial=3, x__rid_x=a769fd4b2a5af4d3: dummy_return_one(x)
[12:09:46.714] [INFO] [run] subject=1, session=1, speed=2, trial=4, x__rid_x=bfb968eb207cc06b: dummy_return_one(x)
[12:09:46.716] [INFO] [run] subject=1, session=1, speed=2, trial=5, x__rid_x=a0ba8a5fdec82790: dummy_return_one(x)
[12:09:46.717] [INFO] [run] subject=1, session=1, speed=2, trial=6, x__rid_x=ab31e07492862935: dummy_return_one(x)
[12:09:46.719] [INFO] [run] subject=1, session=1, speed=2, trial=7, x__rid_x=1551ee0381dc367d: dummy_return_one(x)
[12:09:46.720] [INFO] [run] subject=1, session=1, speed=3, trial=1, x__rid_x=3e05e5d210500a82: dummy_return_one(x)
[12:09:46.721] [INFO] [run] subject=1, session=1, speed=3, trial=2, x__rid_x=74293f9ddc8f1c72: dummy_return_one(x)
[12:09:46.722] [INFO] [run] subject=1, session=1, speed=3, trial=3, x__rid_x=bf6819089c5c1c68: dummy_return_one(x)
[12:09:46.724] [INFO] [run] subject=1, session=1, speed=3, trial=4, x__rid_x=185f260e7963e7a5: dummy_return_one(x)
[12:09:46.727] [INFO] [run] subject=1, session=1, speed=3, trial=5, x__rid_x=244bec00f409c411: dummy_return_one(x)
[12:09:46.730] [INFO] [run] subject=1, session=1, speed=3, trial=6, x__rid_x=b297ba6cf6cc8fd4: dummy_return_one(x)
[12:09:46.732] [INFO] [run] subject=1, session=1, speed=3, trial=7, x__rid_x=bff553536682ff49: dummy_return_one(x)
[12:09:46.734] [INFO] [run] subject=1, session=1, speed=4, trial=1, x__rid_x=bb26f90df0b00411: dummy_return_one(x)
[12:09:46.735] [INFO] [run] subject=1, session=1, speed=4, trial=2, x__rid_x=982250bfcefae5ef: dummy_return_one(x)
[12:09:46.736] [INFO] [run] subject=1, session=1, speed=4, trial=3, x__rid_x=e5e3b3fcf5f0b8e2: dummy_return_one(x)
[12:09:46.737] [INFO] [run] subject=1, session=1, speed=4, trial=4, x__rid_x=146e76f03d7ca8fb: dummy_return_one(x)
[12:09:46.738] [INFO] [run] subject=1, session=1, speed=4, trial=5, x__rid_x=7023c410dcbb18fc: dummy_return_one(x)
[12:09:46.739] [INFO] [run] subject=1, session=1, speed=4, trial=6, x__rid_x=f4352539c244d07c: dummy_return_one(x)
[12:09:46.740] [INFO] [run] subject=1, session=1, speed=4, trial=7, x__rid_x=c1c11a0065b17963: dummy_return_one(x)
[12:09:46.741] [INFO] [run] subject=1, session=1, speed=5, trial=1, x__rid_x=f7bf8aba71a4272d: dummy_return_one(x)
[12:09:46.741] [INFO] [run] subject=1, session=1, speed=5, trial=2, x__rid_x=546390e8cbbd69aa: dummy_return_one(x)
[12:09:46.742] [INFO] [run] subject=1, session=1, speed=5, trial=3, x__rid_x=6dc1194860e0ab30: dummy_return_one(x)
[12:09:46.743] [INFO] [run] subject=1, session=1, speed=5, trial=4, x__rid_x=655dab6fafbbae2f: dummy_return_one(x)
[12:09:46.745] [INFO] [run] subject=1, session=1, speed=5, trial=5, x__rid_x=b8e6f9f71c658b12: dummy_return_one(x)
[12:09:46.746] [INFO] [run] subject=1, session=1, speed=5, trial=6, x__rid_x=2972edcd70371c75: dummy_return_one(x)
[12:09:46.748] [INFO] [run] subject=1, session=1, speed=5, trial=7, x__rid_x=847db4a6deb8ea00: dummy_return_one(x)
[12:09:46.750] [INFO] [run] subject=1, session=1, speed=6, trial=1, x__rid_x=e48d325887150308: dummy_return_one(x)
[12:09:46.753] [INFO] [run] subject=1, session=1, speed=6, trial=2, x__rid_x=161e8a5dc9d5ceca: dummy_return_one(x)
[12:09:46.757] [INFO] [run] subject=1, session=1, speed=6, trial=3, x__rid_x=a9af9fad29dc5e3a: dummy_return_one(x)
[12:09:46.760] [INFO] [run] subject=1, session=1, speed=6, trial=4, x__rid_x=0d2c430676064069: dummy_return_one(x)
[12:09:46.763] [INFO] [run] subject=1, session=1, speed=6, trial=5, x__rid_x=6728806db49b21fb: dummy_return_one(x)
[12:09:46.766] [INFO] [run] subject=1, session=1, speed=6, trial=6, x__rid_x=fd731a2e0117a4f7: dummy_return_one(x)
[12:09:46.769] [INFO] [run] subject=1, session=1, speed=6, trial=7, x__rid_x=758784befbaa6cf4: dummy_return_one(x)
[12:09:46.771] [INFO] [run] subject=1, session=1, speed=7, trial=1, x__rid_x=289f1b33b2e5ef5e: dummy_return_one(x)
[12:09:46.772] [INFO] [run] subject=1, session=1, speed=7, trial=2, x__rid_x=dc30899a71e6d8fe: dummy_return_one(x)
[12:09:46.774] [INFO] [run] subject=1, session=1, speed=7, trial=3, x__rid_x=61ba064e6265ecff: dummy_return_one(x)
[12:09:46.775] [INFO] [run] subject=1, session=1, speed=7, trial=4, x__rid_x=ca39df04bb0c109e: dummy_return_one(x)
[12:09:46.776] [INFO] [run] subject=1, session=1, speed=7, trial=5, x__rid_x=0da6cb2e6698bcf9: dummy_return_one(x)
[12:09:46.777] [INFO] [run] subject=1, session=1, speed=7, trial=6, x__rid_x=f96c53d205ee1aac: dummy_return_one(x)
[12:09:46.778] [INFO] [run] subject=1, session=1, speed=7, trial=7, x__rid_x=f1d230e97b17927c: dummy_return_one(x)
[12:09:46.779] [INFO] [run] subject=1, session=1, speed=8, trial=1, x__rid_x=f73384b2a2b2364b: dummy_return_one(x)
[12:09:46.781] [INFO] [run] subject=1, session=1, speed=8, trial=2, x__rid_x=8eaeb07c7f08cabe: dummy_return_one(x)
[12:09:46.782] [INFO] [run] subject=1, session=1, speed=8, trial=3, x__rid_x=88e945b5bec8ceeb: dummy_return_one(x)
[12:09:46.784] [INFO] [run] subject=1, session=1, speed=8, trial=4, x__rid_x=39e39e36931cffdb: dummy_return_one(x)
[12:09:46.786] [INFO] [run] subject=1, session=1, speed=8, trial=5, x__rid_x=9a2833d3196cbb3b: dummy_return_one(x)
[12:09:46.787] [INFO] [run] subject=1, session=1, speed=8, trial=6, x__rid_x=1df677e205510b7b: dummy_return_one(x)
[12:09:46.788] [INFO] [run] subject=1, session=1, speed=8, trial=7, x__rid_x=7468deba54155cf9: dummy_return_one(x)
[12:09:46.789] [INFO] [run] subject=1, session=1, speed=9, trial=1, x__rid_x=b77c7173103e942a: dummy_return_one(x)
[12:09:46.790] [INFO] [run] subject=1, session=1, speed=9, trial=2, x__rid_x=773c02a1c5a06193: dummy_return_one(x)
[12:09:46.790] [INFO] [run] subject=1, session=1, speed=9, trial=3, x__rid_x=e80fc89dc7bce3ae: dummy_return_one(x)
[12:09:46.792] [INFO] [run] subject=1, session=1, speed=9, trial=4, x__rid_x=5e7fb58de97dfd23: dummy_return_one(x)
[12:09:46.795] [INFO] [run] subject=1, session=1, speed=9, trial=5, x__rid_x=fab2e6b53fc2e3c6: dummy_return_one(x)
[12:09:46.797] [INFO] [run] subject=1, session=1, speed=9, trial=6, x__rid_x=09b975d0064e64c2: dummy_return_one(x)
[12:09:46.798] [INFO] [run] subject=1, session=1, speed=9, trial=7, x__rid_x=a6f1d6ae8b74dbfe: dummy_return_one(x)
[12:09:46.799] [INFO] [run] subject=1, session=2, speed=1, trial=1, x__rid_x=7b0bec3d2b1e51ca: dummy_return_one(x)
[12:09:46.800] [INFO] [run] subject=1, session=2, speed=1, trial=2, x__rid_x=11d4a54814572244: dummy_return_one(x)
[12:09:46.801] [INFO] [run] subject=1, session=2, speed=1, trial=3, x__rid_x=467a94cc9492571f: dummy_return_one(x)
[12:09:46.802] [INFO] [run] subject=1, session=2, speed=1, trial=4, x__rid_x=1af15ee1672f4697: dummy_return_one(x)
[12:09:46.802] [INFO] [run] subject=1, session=2, speed=1, trial=5, x__rid_x=f64e1db905ede07b: dummy_return_one(x)
[12:09:46.804] [INFO] [run] subject=1, session=2, speed=1, trial=6, x__rid_x=e48bb614bfbfd9cd: dummy_return_one(x)
[12:09:46.805] [INFO] [run] subject=1, session=2, speed=1, trial=7, x__rid_x=281988499471ca0f: dummy_return_one(x)
[12:09:46.805] [INFO] [run] subject=1, session=2, speed=10, trial=1, x__rid_x=4584314091b59b86: dummy_return_one(x)
[12:09:46.806] [INFO] [run] subject=1, session=2, speed=10, trial=2, x__rid_x=202c0321961ab1fd: dummy_return_one(x)
[12:09:46.807] [INFO] [run] subject=1, session=2, speed=10, trial=3, x__rid_x=5caa1e253e480c80: dummy_return_one(x)
[12:09:46.808] [INFO] [run] subject=1, session=2, speed=10, trial=4, x__rid_x=367128645edbfc8e: dummy_return_one(x)
[12:09:46.810] [INFO] [run] subject=1, session=2, speed=10, trial=5, x__rid_x=5a79bd515cea110c: dummy_return_one(x)
[12:09:46.810] [INFO] [run] subject=1, session=2, speed=10, trial=6, x__rid_x=3d4486550733fe16: dummy_return_one(x)
[12:09:46.811] [INFO] [run] subject=1, session=2, speed=10, trial=7, x__rid_x=80a2c3e4c47119e5: dummy_return_one(x)
[12:09:46.812] [INFO] [run] subject=1, session=2, speed=2, trial=1, x__rid_x=3272941a7a0b1419: dummy_return_one(x)
[12:09:46.814] [INFO] [run] subject=1, session=2, speed=2, trial=2, x__rid_x=4428f67e44383eab: dummy_return_one(x)
[12:09:46.815] [INFO] [run] subject=1, session=2, speed=2, trial=3, x__rid_x=81a9dc0a072a351f: dummy_return_one(x)
[12:09:46.816] [INFO] [run] subject=1, session=2, speed=2, trial=4, x__rid_x=9a1fd13f19728b07: dummy_return_one(x)
[12:09:46.816] [INFO] [run] subject=1, session=2, speed=2, trial=5, x__rid_x=b36dfc2b603c3683: dummy_return_one(x)
[12:09:46.817] [INFO] [run] subject=1, session=2, speed=2, trial=6, x__rid_x=58baf6896a34171c: dummy_return_one(x)
[12:09:46.818] [INFO] [run] subject=1, session=2, speed=2, trial=7, x__rid_x=cc646618ab374d28: dummy_return_one(x)
[12:09:46.819] [INFO] [run] subject=1, session=2, speed=3, trial=1, x__rid_x=38754b020c754d8d: dummy_return_one(x)
[12:09:46.820] [INFO] [run] subject=1, session=2, speed=3, trial=2, x__rid_x=7bf53837f08cc37a: dummy_return_one(x)
[12:09:46.821] [INFO] [run] subject=1, session=2, speed=3, trial=3, x__rid_x=604f9fc6c6f87a34: dummy_return_one(x)
[12:09:46.822] [INFO] [run] subject=1, session=2, speed=3, trial=4, x__rid_x=677197165084b49e: dummy_return_one(x)
[12:09:46.823] [INFO] [run] subject=1, session=2, speed=3, trial=5, x__rid_x=9849df22f825f809: dummy_return_one(x)
[12:09:46.824] [INFO] [run] subject=1, session=2, speed=3, trial=6, x__rid_x=41a6db0051307e0a: dummy_return_one(x)
[12:09:46.825] [INFO] [run] subject=1, session=2, speed=3, trial=7, x__rid_x=bd925306d4af6593: dummy_return_one(x)
[12:09:46.826] [INFO] [run] subject=1, session=2, speed=4, trial=1, x__rid_x=2d5ae6181c08e6ac: dummy_return_one(x)
[12:09:46.827] [INFO] [run] subject=1, session=2, speed=4, trial=2, x__rid_x=e584294f60fe1959: dummy_return_one(x)
[12:09:46.828] [INFO] [run] subject=1, session=2, speed=4, trial=3, x__rid_x=55f6bd85a1249d37: dummy_return_one(x)
[12:09:46.829] [INFO] [run] subject=1, session=2, speed=4, trial=4, x__rid_x=7bb230d7b90a0c78: dummy_return_one(x)
[12:09:46.830] [INFO] [run] subject=1, session=2, speed=4, trial=5, x__rid_x=664478e4d1913e6e: dummy_return_one(x)
[12:09:46.831] [INFO] [run] subject=1, session=2, speed=4, trial=6, x__rid_x=c5fd367ff49f6fb9: dummy_return_one(x)
[12:09:46.832] [INFO] [run] subject=1, session=2, speed=4, trial=7, x__rid_x=60f2af4faf38f837: dummy_return_one(x)
[12:09:46.833] [INFO] [run] subject=1, session=2, speed=5, trial=1, x__rid_x=52523c12a735de5c: dummy_return_one(x)
[12:09:46.834] [INFO] [run] subject=1, session=2, speed=5, trial=2, x__rid_x=8048aa0aebdf42d9: dummy_return_one(x)
[12:09:46.835] [INFO] [run] subject=1, session=2, speed=5, trial=3, x__rid_x=6edf29124d558ca8: dummy_return_one(x)
[12:09:46.836] [INFO] [run] subject=1, session=2, speed=5, trial=4, x__rid_x=10e0934c2daf517b: dummy_return_one(x)
[12:09:46.837] [INFO] [run] subject=1, session=2, speed=5, trial=5, x__rid_x=9ba0db6c272f3ac6: dummy_return_one(x)
[12:09:46.837] [INFO] [run] subject=1, session=2, speed=5, trial=6, x__rid_x=1882df923e47cd49: dummy_return_one(x)
[12:09:46.839] [INFO] [run] subject=1, session=2, speed=5, trial=7, x__rid_x=68db120f0a23542e: dummy_return_one(x)
[12:09:46.840] [INFO] [run] subject=1, session=2, speed=6, trial=1, x__rid_x=d91b6aaa6c3b5538: dummy_return_one(x)
[12:09:46.840] [INFO] [run] subject=1, session=2, speed=6, trial=2, x__rid_x=70336d89a76bf9e7: dummy_return_one(x)
[12:09:46.842] [INFO] [run] subject=1, session=2, speed=6, trial=3, x__rid_x=e675a8b20e70778a: dummy_return_one(x)
[12:09:46.843] [INFO] [run] subject=1, session=2, speed=6, trial=4, x__rid_x=7e7d467f5eefd3ef: dummy_return_one(x)
[12:09:46.843] [INFO] [run] subject=1, session=2, speed=6, trial=5, x__rid_x=48495cdddb1db380: dummy_return_one(x)
[12:09:46.845] [INFO] [run] subject=1, session=2, speed=6, trial=6, x__rid_x=6f9c4a447dcabb38: dummy_return_one(x)
[12:09:46.845] [INFO] [run] subject=1, session=2, speed=6, trial=7, x__rid_x=0300f2d7bbc55b37: dummy_return_one(x)
[12:09:46.847] [INFO] [run] subject=1, session=2, speed=7, trial=1, x__rid_x=710a13f6cc83ff00: dummy_return_one(x)
[12:09:46.849] [INFO] [run] subject=1, session=2, speed=7, trial=2, x__rid_x=07a3b0202f1726c0: dummy_return_one(x)
[12:09:46.850] [INFO] [run] subject=1, session=2, speed=7, trial=3, x__rid_x=2e0271f9e0c45373: dummy_return_one(x)
[12:09:46.851] [INFO] [run] subject=1, session=2, speed=7, trial=4, x__rid_x=dbc80c323d6e9018: dummy_return_one(x)
[12:09:46.852] [INFO] [run] subject=1, session=2, speed=7, trial=5, x__rid_x=64591bee08693dce: dummy_return_one(x)
[12:09:46.853] [INFO] [run] subject=1, session=2, speed=7, trial=6, x__rid_x=65ee82c6872a9673: dummy_return_one(x)
[12:09:46.854] [INFO] [run] subject=1, session=2, speed=7, trial=7, x__rid_x=fcde73a13060896b: dummy_return_one(x)
[12:09:46.855] [INFO] [run] subject=1, session=2, speed=8, trial=1, x__rid_x=0cfd490a053279da: dummy_return_one(x)
[12:09:46.856] [INFO] [run] subject=1, session=2, speed=8, trial=2, x__rid_x=869d1d3b73f72b9a: dummy_return_one(x)
[12:09:46.857] [INFO] [run] subject=1, session=2, speed=8, trial=3, x__rid_x=221fb9dd2fc8e33a: dummy_return_one(x)
[12:09:46.857] [INFO] [run] subject=1, session=2, speed=8, trial=4, x__rid_x=158ec916745d853e: dummy_return_one(x)
[12:09:46.859] [INFO] [run] subject=1, session=2, speed=8, trial=5, x__rid_x=b62c0a764744d071: dummy_return_one(x)
[12:09:46.860] [INFO] [run] subject=1, session=2, speed=8, trial=6, x__rid_x=26bda2c7f6bf41a9: dummy_return_one(x)
[12:09:46.860] [INFO] [run] subject=1, session=2, speed=8, trial=7, x__rid_x=4bdb3af6429f4da5: dummy_return_one(x)
[12:09:46.862] [INFO] [run] subject=1, session=2, speed=9, trial=1, x__rid_x=ec2fee604df96305: dummy_return_one(x)
[12:09:46.862] [INFO] [run] subject=1, session=2, speed=9, trial=2, x__rid_x=f0bdeaee45181692: dummy_return_one(x)
[12:09:46.863] [INFO] [run] subject=1, session=2, speed=9, trial=3, x__rid_x=28c67f3671b3f5cb: dummy_return_one(x)
[12:09:46.865] [INFO] [run] subject=1, session=2, speed=9, trial=4, x__rid_x=1c6be291758e7208: dummy_return_one(x)
[12:09:46.865] [INFO] [run] subject=1, session=2, speed=9, trial=5, x__rid_x=4ddbc0b3996dbf18: dummy_return_one(x)
[12:09:46.866] [INFO] [run] subject=1, session=2, speed=9, trial=6, x__rid_x=b9f0e3b4e82ca1cc: dummy_return_one(x)
[12:09:46.868] [INFO] [run] subject=1, session=2, speed=9, trial=7, x__rid_x=10048dc0f5d60677: dummy_return_one(x)
[12:09:46.868] [INFO] [run] subject=1, session=3, speed=1, trial=1, x__rid_x=de19244846a86495: dummy_return_one(x)
[12:09:46.869] [INFO] [run] subject=1, session=3, speed=1, trial=2, x__rid_x=d0667318aef08857: dummy_return_one(x)
[12:09:46.870] [INFO] [run] subject=1, session=3, speed=1, trial=3, x__rid_x=13d05d899111c69b: dummy_return_one(x)
[12:09:46.871] [INFO] [run] subject=1, session=3, speed=1, trial=4, x__rid_x=05ac6e22e2743509: dummy_return_one(x)
[12:09:46.872] [INFO] [run] subject=1, session=3, speed=1, trial=5, x__rid_x=268897a2bd3bc9df: dummy_return_one(x)
[12:09:46.873] [INFO] [run] subject=1, session=3, speed=1, trial=6, x__rid_x=4f623205e988a077: dummy_return_one(x)
[12:09:46.874] [INFO] [run] subject=1, session=3, speed=1, trial=7, x__rid_x=02f6a7a3dd29ba9f: dummy_return_one(x)
[12:09:46.875] [INFO] [run] subject=1, session=3, speed=10, trial=1, x__rid_x=61946d5a62dc263a: dummy_return_one(x)
[12:09:46.876] [INFO] [run] subject=1, session=3, speed=10, trial=2, x__rid_x=b6a965f344bcfbae: dummy_return_one(x)
[12:09:46.877] [INFO] [run] subject=1, session=3, speed=10, trial=3, x__rid_x=b2f0fcee8fc3e7f8: dummy_return_one(x)
[12:09:46.878] [INFO] [run] subject=1, session=3, speed=10, trial=4, x__rid_x=f748bbee97c66a0f: dummy_return_one(x)
[12:09:46.878] [INFO] [run] subject=1, session=3, speed=10, trial=5, x__rid_x=257b6c238a871e5e: dummy_return_one(x)
[12:09:46.879] [INFO] [run] subject=1, session=3, speed=10, trial=6, x__rid_x=ea98e16743e306b7: dummy_return_one(x)
[12:09:46.880] [INFO] [run] subject=1, session=3, speed=10, trial=7, x__rid_x=26832a361be0fc56: dummy_return_one(x)
[12:09:46.881] [INFO] [run] subject=1, session=3, speed=2, trial=1, x__rid_x=cfbf2f67f935c03e: dummy_return_one(x)
[12:09:46.882] [INFO] [run] subject=1, session=3, speed=2, trial=2, x__rid_x=e3a225dc915b0600: dummy_return_one(x)
[12:09:46.883] [INFO] [run] subject=1, session=3, speed=2, trial=3, x__rid_x=07b39ecfeca18a7e: dummy_return_one(x)
[12:09:46.884] [INFO] [run] subject=1, session=3, speed=2, trial=4, x__rid_x=9eeaac2af10a4b97: dummy_return_one(x)
[12:09:46.885] [INFO] [run] subject=1, session=3, speed=2, trial=5, x__rid_x=33c36d73b8d49937: dummy_return_one(x)
[12:09:46.886] [INFO] [run] subject=1, session=3, speed=2, trial=6, x__rid_x=3e0f2f3151cccfbf: dummy_return_one(x)
[12:09:46.887] [INFO] [run] subject=1, session=3, speed=2, trial=7, x__rid_x=5ce005e342ebfc6b: dummy_return_one(x)
[12:09:46.888] [INFO] [run] subject=1, session=3, speed=3, trial=1, x__rid_x=874772192dff9491: dummy_return_one(x)
[12:09:46.889] [INFO] [run] subject=1, session=3, speed=3, trial=2, x__rid_x=cabfa22a045a9c25: dummy_return_one(x)
[12:09:46.890] [INFO] [run] subject=1, session=3, speed=3, trial=3, x__rid_x=a5bdac39255df871: dummy_return_one(x)
[12:09:46.891] [INFO] [run] subject=1, session=3, speed=3, trial=4, x__rid_x=c77d9b713ee70c38: dummy_return_one(x)
[12:09:46.892] [INFO] [run] subject=1, session=3, speed=3, trial=5, x__rid_x=54803d840af34133: dummy_return_one(x)
[12:09:46.892] [INFO] [run] subject=1, session=3, speed=3, trial=6, x__rid_x=296b861c68a52880: dummy_return_one(x)
[12:09:46.893] [INFO] [run] subject=1, session=3, speed=3, trial=7, x__rid_x=df81e5ec43ef71f1: dummy_return_one(x)
[12:09:46.894] [INFO] [run] subject=1, session=3, speed=4, trial=1, x__rid_x=d60bbc026c2381eb: dummy_return_one(x)
[12:09:46.895] [INFO] [run] subject=1, session=3, speed=4, trial=2, x__rid_x=53b82f4dcf4d6163: dummy_return_one(x)
[12:09:46.895] [INFO] [run] subject=1, session=3, speed=4, trial=3, x__rid_x=ab4e5094d5a60311: dummy_return_one(x)
[12:09:46.896] [INFO] [run] subject=1, session=3, speed=4, trial=4, x__rid_x=ab26b8d6bc55d78f: dummy_return_one(x)
[12:09:46.898] [INFO] [run] subject=1, session=3, speed=4, trial=5, x__rid_x=b168d2e1e001318f: dummy_return_one(x)
[12:09:46.899] [INFO] [run] subject=1, session=3, speed=4, trial=6, x__rid_x=b70f0f3daf3bc086: dummy_return_one(x)
[12:09:46.901] [INFO] [run] subject=1, session=3, speed=4, trial=7, x__rid_x=8c7c6cced53253f9: dummy_return_one(x)
[12:09:46.901] [INFO] [run] subject=1, session=3, speed=5, trial=1, x__rid_x=93a4a375f35515d5: dummy_return_one(x)
[12:09:46.902] [INFO] [run] subject=1, session=3, speed=5, trial=2, x__rid_x=becd364a8d62fce3: dummy_return_one(x)
[12:09:46.903] [INFO] [run] subject=1, session=3, speed=5, trial=3, x__rid_x=6b69e5d54291a204: dummy_return_one(x)
[12:09:46.904] [INFO] [run] subject=1, session=3, speed=5, trial=4, x__rid_x=c74b90b3717c1040: dummy_return_one(x)
[12:09:46.906] [INFO] [run] subject=1, session=3, speed=5, trial=5, x__rid_x=591d0a0c59536d1b: dummy_return_one(x)
[12:09:46.908] [INFO] [run] subject=1, session=3, speed=5, trial=6, x__rid_x=638a704cc992d21b: dummy_return_one(x)
[12:09:46.909] [INFO] [run] subject=1, session=3, speed=5, trial=7, x__rid_x=81343c2854fed60b: dummy_return_one(x)
[12:09:46.911] [INFO] [run] subject=1, session=3, speed=6, trial=1, x__rid_x=67d5cea553827eb5: dummy_return_one(x)
[12:09:46.914] [INFO] [run] subject=1, session=3, speed=6, trial=2, x__rid_x=6e72155d8376e500: dummy_return_one(x)
[12:09:46.915] [INFO] [run] subject=1, session=3, speed=6, trial=3, x__rid_x=d622f59984d04820: dummy_return_one(x)
[12:09:46.917] [INFO] [run] subject=1, session=3, speed=6, trial=4, x__rid_x=abdfdc838b996bb8: dummy_return_one(x)
[12:09:46.918] [INFO] [run] subject=1, session=3, speed=6, trial=5, x__rid_x=a08b8b940a633226: dummy_return_one(x)
[12:09:46.920] [INFO] [run] subject=1, session=3, speed=6, trial=6, x__rid_x=47f22b5a535b8bbf: dummy_return_one(x)
[12:09:46.923] [INFO] [run] subject=1, session=3, speed=6, trial=7, x__rid_x=4ccc1445077b64f4: dummy_return_one(x)
[12:09:46.924] [INFO] [run] subject=1, session=3, speed=7, trial=1, x__rid_x=9f742aa630dd9ee9: dummy_return_one(x)
[12:09:46.925] [INFO] [run] subject=1, session=3, speed=7, trial=2, x__rid_x=264bbba373cb24c0: dummy_return_one(x)
[12:09:46.926] [INFO] [run] subject=1, session=3, speed=7, trial=3, x__rid_x=4a9417fc0833cfe8: dummy_return_one(x)
[12:09:46.930] [INFO] [run] subject=1, session=3, speed=7, trial=4, x__rid_x=c6c2ff014f18a2a2: dummy_return_one(x)
[12:09:46.933] [INFO] [run] subject=1, session=3, speed=7, trial=5, x__rid_x=0f1b8839b3e96cb6: dummy_return_one(x)
[12:09:46.936] [INFO] [run] subject=1, session=3, speed=7, trial=6, x__rid_x=243de52e707a5627: dummy_return_one(x)
[12:09:46.939] [INFO] [run] subject=1, session=3, speed=7, trial=7, x__rid_x=5512f7740f78509f: dummy_return_one(x)
[12:09:46.940] [INFO] [run] subject=1, session=3, speed=8, trial=1, x__rid_x=eb479dcc306d408b: dummy_return_one(x)
[12:09:46.941] [INFO] [run] subject=1, session=3, speed=8, trial=2, x__rid_x=797efc8bfabf88f3: dummy_return_one(x)
[12:09:46.942] [INFO] [run] subject=1, session=3, speed=8, trial=3, x__rid_x=28bf20df57749b0b: dummy_return_one(x)
[12:09:46.943] [INFO] [run] subject=1, session=3, speed=8, trial=4, x__rid_x=d7c4188cfcfdb5bd: dummy_return_one(x)
[12:09:46.943] [INFO] [run] subject=1, session=3, speed=8, trial=5, x__rid_x=441af8dbd175ce44: dummy_return_one(x)
[12:09:46.944] [INFO] [run] subject=1, session=3, speed=8, trial=6, x__rid_x=d367f23a944135c2: dummy_return_one(x)
[12:09:46.945] [INFO] [run] subject=1, session=3, speed=8, trial=7, x__rid_x=57cdc991b9c29146: dummy_return_one(x)
[12:09:46.945] [INFO] [run] subject=1, session=3, speed=9, trial=1, x__rid_x=c81a07d9eb484188: dummy_return_one(x)
[12:09:46.946] [INFO] [run] subject=1, session=3, speed=9, trial=2, x__rid_x=ae7d2129c8fe8ebd: dummy_return_one(x)
[12:09:46.948] [INFO] [run] subject=1, session=3, speed=9, trial=3, x__rid_x=8b31eaf1cb842f14: dummy_return_one(x)
[12:09:46.949] [INFO] [run] subject=1, session=3, speed=9, trial=4, x__rid_x=ba757d6eb6c2fc76: dummy_return_one(x)
[12:09:46.949] [INFO] [run] subject=1, session=3, speed=9, trial=5, x__rid_x=6a1ab5f342533bbc: dummy_return_one(x)
[12:09:46.951] [INFO] [run] subject=1, session=3, speed=9, trial=6, x__rid_x=5a2f47b77ae9522b: dummy_return_one(x)
[12:09:46.952] [INFO] [run] subject=1, session=3, speed=9, trial=7, x__rid_x=f72317664223a298: dummy_return_one(x)
[12:09:46.953] [INFO] [run] subject=1, session=4, speed=1, trial=1, x__rid_x=078c8d939c3765a3: dummy_return_one(x)
[12:09:46.954] [INFO] [run] subject=1, session=4, speed=1, trial=2, x__rid_x=e093743b958f35b3: dummy_return_one(x)
[12:09:46.955] [INFO] [run] subject=1, session=4, speed=1, trial=3, x__rid_x=9eed77fd4de1dcab: dummy_return_one(x)
[12:09:46.955] [INFO] [run] subject=1, session=4, speed=1, trial=4, x__rid_x=43fa3eabc56c4475: dummy_return_one(x)
[12:09:46.957] [INFO] [run] subject=1, session=4, speed=1, trial=5, x__rid_x=ea9ae504db4f8218: dummy_return_one(x)
[12:09:46.959] [INFO] [run] subject=1, session=4, speed=1, trial=6, x__rid_x=10ec76ca71eefdcf: dummy_return_one(x)
[12:09:46.960] [INFO] [run] subject=1, session=4, speed=1, trial=7, x__rid_x=67e13c35d9d9c3a5: dummy_return_one(x)
[12:09:46.962] [INFO] [run] subject=1, session=4, speed=10, trial=1, x__rid_x=2f39a1e0e76a89cb: dummy_return_one(x)
[12:09:46.963] [INFO] [run] subject=1, session=4, speed=10, trial=2, x__rid_x=7125ae31d89b7ba1: dummy_return_one(x)
[12:09:46.965] [INFO] [run] subject=1, session=4, speed=10, trial=3, x__rid_x=ef4878e5d04ed332: dummy_return_one(x)
[12:09:46.965] [INFO] [run] subject=1, session=4, speed=10, trial=4, x__rid_x=175c32ba2b8dc6c7: dummy_return_one(x)
[12:09:46.967] [INFO] [run] subject=1, session=4, speed=10, trial=5, x__rid_x=235e51fc9bf3a7b4: dummy_return_one(x)
[12:09:46.968] [INFO] [run] subject=1, session=4, speed=10, trial=6, x__rid_x=4c421424bad9d825: dummy_return_one(x)
[12:09:46.969] [INFO] [run] subject=1, session=4, speed=10, trial=7, x__rid_x=917aeefbeda7f117: dummy_return_one(x)
[12:09:46.970] [INFO] [run] subject=1, session=4, speed=2, trial=1, x__rid_x=7a74f90155bb4330: dummy_return_one(x)
[12:09:46.971] [INFO] [run] subject=1, session=4, speed=2, trial=2, x__rid_x=7ebc8cdd7b30f77d: dummy_return_one(x)
[12:09:46.973] [INFO] [run] subject=1, session=4, speed=2, trial=3, x__rid_x=a11a4f6667ad72f6: dummy_return_one(x)
[12:09:46.974] [INFO] [run] subject=1, session=4, speed=2, trial=4, x__rid_x=07668c9cd2137e46: dummy_return_one(x)
[12:09:46.977] [INFO] [run] subject=1, session=4, speed=2, trial=5, x__rid_x=8116d24fc69f9396: dummy_return_one(x)
[12:09:46.978] [INFO] [run] subject=1, session=4, speed=2, trial=6, x__rid_x=610c398b16339fab: dummy_return_one(x)
[12:09:46.980] [INFO] [run] subject=1, session=4, speed=2, trial=7, x__rid_x=5141d4759d07e74b: dummy_return_one(x)
[12:09:46.985] [INFO] [run] subject=1, session=4, speed=3, trial=1, x__rid_x=55279c88bf39a5a1: dummy_return_one(x)
[12:09:46.988] [INFO] [run] subject=1, session=4, speed=3, trial=2, x__rid_x=8dcf50eb96959a1f: dummy_return_one(x)
[12:09:46.989] [INFO] [run] subject=1, session=4, speed=3, trial=3, x__rid_x=fbfc8a01a8fc7524: dummy_return_one(x)
[12:09:46.991] [INFO] [run] subject=1, session=4, speed=3, trial=4, x__rid_x=7691a141a878ecc9: dummy_return_one(x)
[12:09:46.992] [INFO] [run] subject=1, session=4, speed=3, trial=5, x__rid_x=b1b7293a2d3c3444: dummy_return_one(x)
[12:09:46.995] [INFO] [run] subject=1, session=4, speed=3, trial=6, x__rid_x=51d0d2bff9f1f918: dummy_return_one(x)
[12:09:46.996] [INFO] [run] subject=1, session=4, speed=3, trial=7, x__rid_x=5dd416f4db266efa: dummy_return_one(x)
[12:09:46.998] [INFO] [run] subject=1, session=4, speed=4, trial=1, x__rid_x=b8b12c764471bded: dummy_return_one(x)
[12:09:46.999] [INFO] [run] subject=1, session=4, speed=4, trial=2, x__rid_x=cada39c0dffb075f: dummy_return_one(x)
[12:09:47.001] [INFO] [run] subject=1, session=4, speed=4, trial=3, x__rid_x=6c6c6426e61b1d60: dummy_return_one(x)
[12:09:47.004] [INFO] [run] subject=1, session=4, speed=4, trial=4, x__rid_x=705a77d2e7ef3c61: dummy_return_one(x)
[12:09:47.005] [INFO] [run] subject=1, session=4, speed=4, trial=5, x__rid_x=96521f9ba1da67e0: dummy_return_one(x)
[12:09:47.006] [INFO] [run] subject=1, session=4, speed=4, trial=6, x__rid_x=2cc35e96d5a12b10: dummy_return_one(x)
[12:09:47.007] [INFO] [run] subject=1, session=4, speed=4, trial=7, x__rid_x=0258527406831244: dummy_return_one(x)
[12:09:47.008] [INFO] [run] subject=1, session=4, speed=5, trial=1, x__rid_x=84ced1056d6bfd9d: dummy_return_one(x)
[12:09:47.009] [INFO] [run] subject=1, session=4, speed=5, trial=2, x__rid_x=a02e288cb22027ad: dummy_return_one(x)
[12:09:47.010] [INFO] [run] subject=1, session=4, speed=5, trial=3, x__rid_x=6c4ceadb0706ac9d: dummy_return_one(x)
[12:09:47.013] [INFO] [run] subject=1, session=4, speed=5, trial=4, x__rid_x=bce7b3b90d369911: dummy_return_one(x)
[12:09:47.017] [INFO] [run] subject=1, session=4, speed=5, trial=5, x__rid_x=2bcf53d3670e35ad: dummy_return_one(x)
[12:09:47.019] [INFO] [run] subject=1, session=4, speed=5, trial=6, x__rid_x=4492c6766b1cb3f8: dummy_return_one(x)
[12:09:47.022] [INFO] [run] subject=1, session=4, speed=5, trial=7, x__rid_x=569f047a8e1c1fb2: dummy_return_one(x)
[12:09:47.025] [INFO] [run] subject=1, session=4, speed=6, trial=1, x__rid_x=638ede028ed08053: dummy_return_one(x)
[12:09:47.026] [INFO] [run] subject=1, session=4, speed=6, trial=2, x__rid_x=76947d17f80f0a62: dummy_return_one(x)
[12:09:47.026] [INFO] [run] subject=1, session=4, speed=6, trial=3, x__rid_x=17078ef2904a8341: dummy_return_one(x)
[12:09:47.028] [INFO] [run] subject=1, session=4, speed=6, trial=4, x__rid_x=c97b62e8f2736c77: dummy_return_one(x)
[12:09:47.028] [INFO] [run] subject=1, session=4, speed=6, trial=5, x__rid_x=71568840b68fa692: dummy_return_one(x)
[12:09:47.031] [INFO] [run] subject=1, session=4, speed=6, trial=6, x__rid_x=60d7ecd702e91d6d: dummy_return_one(x)
[12:09:47.033] [INFO] [run] subject=1, session=4, speed=6, trial=7, x__rid_x=76604b32c546cdae: dummy_return_one(x)
[12:09:47.034] [INFO] [run] subject=1, session=4, speed=7, trial=1, x__rid_x=21704eaad34f9206: dummy_return_one(x)
[12:09:47.035] [INFO] [run] subject=1, session=4, speed=7, trial=2, x__rid_x=69affa291288b5c8: dummy_return_one(x)
[12:09:47.037] [INFO] [run] subject=1, session=4, speed=7, trial=3, x__rid_x=97344810b1c0574c: dummy_return_one(x)
[12:09:47.038] [INFO] [run] subject=1, session=4, speed=7, trial=4, x__rid_x=b36c067f05128759: dummy_return_one(x)
[12:09:47.039] [INFO] [run] subject=1, session=4, speed=7, trial=5, x__rid_x=84fe9d6338ae1121: dummy_return_one(x)
[12:09:47.040] [INFO] [run] subject=1, session=4, speed=7, trial=6, x__rid_x=7cc12da7008dd4ef: dummy_return_one(x)
[12:09:47.041] [INFO] [run] subject=1, session=4, speed=7, trial=7, x__rid_x=3b7fdfa60a2eaac6: dummy_return_one(x)
[12:09:47.042] [INFO] [run] subject=1, session=4, speed=8, trial=1, x__rid_x=2d2df12db165ca69: dummy_return_one(x)
[12:09:47.042] [INFO] [run] subject=1, session=4, speed=8, trial=2, x__rid_x=2af9cc0dabf1140e: dummy_return_one(x)
[12:09:47.045] [INFO] [run] subject=1, session=4, speed=8, trial=3, x__rid_x=4e260c6164b0ac20: dummy_return_one(x)
[12:09:47.048] [INFO] [run] subject=1, session=4, speed=8, trial=4, x__rid_x=739f93efd10c81fa: dummy_return_one(x)
[12:09:47.050] [INFO] [run] subject=1, session=4, speed=8, trial=5, x__rid_x=c09d6ada8313f327: dummy_return_one(x)
[12:09:47.051] [INFO] [run] subject=1, session=4, speed=8, trial=6, x__rid_x=4ee29aa955c740fe: dummy_return_one(x)
[12:09:47.052] [INFO] [run] subject=1, session=4, speed=8, trial=7, x__rid_x=57a491cd3adb6420: dummy_return_one(x)
[12:09:47.052] [INFO] [run] subject=1, session=4, speed=9, trial=1, x__rid_x=8ec8b5b5157f7133: dummy_return_one(x)
[12:09:47.054] [INFO] [run] subject=1, session=4, speed=9, trial=2, x__rid_x=68019682bb02dc00: dummy_return_one(x)
[12:09:47.055] [INFO] [run] subject=1, session=4, speed=9, trial=3, x__rid_x=77c3c9f14341e6fc: dummy_return_one(x)
[12:09:47.055] [INFO] [run] subject=1, session=4, speed=9, trial=4, x__rid_x=4a7fb5f807c322d0: dummy_return_one(x)
[12:09:47.057] [INFO] [run] subject=1, session=4, speed=9, trial=5, x__rid_x=1341593cbe41f182: dummy_return_one(x)
[12:09:47.058] [INFO] [run] subject=1, session=4, speed=9, trial=6, x__rid_x=b5a50f3da63a5c83: dummy_return_one(x)
[12:09:47.059] [INFO] [run] subject=1, session=4, speed=9, trial=7, x__rid_x=1a3d1d8e069d4d13: dummy_return_one(x)
[12:09:47.061] [INFO] [run] subject=1, session=5, speed=1, trial=1, x__rid_x=3a67f911c1970f91: dummy_return_one(x)
[12:09:47.062] [INFO] [run] subject=1, session=5, speed=1, trial=2, x__rid_x=67f3889411cb8bbf: dummy_return_one(x)
[12:09:47.064] [INFO] [run] subject=1, session=5, speed=1, trial=3, x__rid_x=5e4dce7e020f97d5: dummy_return_one(x)
[12:09:47.065] [INFO] [run] subject=1, session=5, speed=1, trial=4, x__rid_x=d10b8eed45a53a97: dummy_return_one(x)
[12:09:47.065] [INFO] [run] subject=1, session=5, speed=1, trial=5, x__rid_x=48e3eae5581c312e: dummy_return_one(x)
[12:09:47.067] [INFO] [run] subject=1, session=5, speed=1, trial=6, x__rid_x=cdd891cb61fb1392: dummy_return_one(x)
[12:09:47.067] [INFO] [run] subject=1, session=5, speed=1, trial=7, x__rid_x=3b1ed1c7c77d2825: dummy_return_one(x)
[12:09:47.068] [INFO] [run] subject=1, session=5, speed=10, trial=1, x__rid_x=83c05025b858d157: dummy_return_one(x)
[12:09:47.070] [INFO] [run] subject=1, session=5, speed=10, trial=2, x__rid_x=dab8f7189a208bfb: dummy_return_one(x)
[12:09:47.070] [INFO] [run] subject=1, session=5, speed=10, trial=3, x__rid_x=c848301ee9be2c8e: dummy_return_one(x)
[12:09:47.071] [INFO] [run] subject=1, session=5, speed=10, trial=4, x__rid_x=e4c07c0f06ebfeab: dummy_return_one(x)
[12:09:47.072] [INFO] [run] subject=1, session=5, speed=10, trial=5, x__rid_x=d7adbcbd169b7bc9: dummy_return_one(x)
[12:09:47.073] [INFO] [run] subject=1, session=5, speed=10, trial=6, x__rid_x=32fa2411f5da4fd9: dummy_return_one(x)
[12:09:47.073] [INFO] [run] subject=1, session=5, speed=10, trial=7, x__rid_x=a62aefb9f5d8b423: dummy_return_one(x)
[12:09:47.074] [INFO] [run] subject=1, session=5, speed=2, trial=1, x__rid_x=51123e07fd1b47bd: dummy_return_one(x)
[12:09:47.075] [INFO] [run] subject=1, session=5, speed=2, trial=2, x__rid_x=ce28b1c1c6962495: dummy_return_one(x)
[12:09:47.076] [INFO] [run] subject=1, session=5, speed=2, trial=3, x__rid_x=fffd969bc408ef07: dummy_return_one(x)
[12:09:47.077] [INFO] [run] subject=1, session=5, speed=2, trial=4, x__rid_x=ce9f65039c0c7d38: dummy_return_one(x)
[12:09:47.077] [INFO] [run] subject=1, session=5, speed=2, trial=5, x__rid_x=7a5e0f1146adbb77: dummy_return_one(x)
[12:09:47.078] [INFO] [run] subject=1, session=5, speed=2, trial=6, x__rid_x=f4c5913b856f1833: dummy_return_one(x)
[12:09:47.079] [INFO] [run] subject=1, session=5, speed=2, trial=7, x__rid_x=cc4132d0311c2907: dummy_return_one(x)
[12:09:47.080] [INFO] [run] subject=1, session=5, speed=3, trial=1, x__rid_x=3694cf0ac2957c0e: dummy_return_one(x)
[12:09:47.082] [INFO] [run] subject=1, session=5, speed=3, trial=2, x__rid_x=3b4e176a31084500: dummy_return_one(x)
[12:09:47.083] [INFO] [run] subject=1, session=5, speed=3, trial=3, x__rid_x=d735c87ad5563df0: dummy_return_one(x)
[12:09:47.083] [INFO] [run] subject=1, session=5, speed=3, trial=4, x__rid_x=746ad5161f59677b: dummy_return_one(x)
[12:09:47.084] [INFO] [run] subject=1, session=5, speed=3, trial=5, x__rid_x=ae10cc367b076557: dummy_return_one(x)
[12:09:47.085] [INFO] [run] subject=1, session=5, speed=3, trial=6, x__rid_x=3ea88b8ce2c89c0f: dummy_return_one(x)
[12:09:47.086] [INFO] [run] subject=1, session=5, speed=3, trial=7, x__rid_x=3ef9e33d0f2e2067: dummy_return_one(x)
[12:09:47.087] [INFO] [run] subject=1, session=5, speed=4, trial=1, x__rid_x=4c59148e9f45b559: dummy_return_one(x)
[12:09:47.089] [INFO] [run] subject=1, session=5, speed=4, trial=2, x__rid_x=50989e8e948e0d48: dummy_return_one(x)
[12:09:47.089] [INFO] [run] subject=1, session=5, speed=4, trial=3, x__rid_x=fc61c19636a66ca9: dummy_return_one(x)
[12:09:47.090] [INFO] [run] subject=1, session=5, speed=4, trial=4, x__rid_x=aeeec6dc81aff36e: dummy_return_one(x)
[12:09:47.093] [INFO] [run] subject=1, session=5, speed=4, trial=5, x__rid_x=dcc96b297f34f707: dummy_return_one(x)
[12:09:47.096] [INFO] [run] subject=1, session=5, speed=4, trial=6, x__rid_x=bfc13430dc773569: dummy_return_one(x)
[12:09:47.098] [INFO] [run] subject=1, session=5, speed=4, trial=7, x__rid_x=a15c0e6a3d21d180: dummy_return_one(x)
[12:09:47.099] [INFO] [run] subject=1, session=5, speed=5, trial=1, x__rid_x=ccbe2d04d8f1cc45: dummy_return_one(x)
[12:09:47.100] [INFO] [run] subject=1, session=5, speed=5, trial=2, x__rid_x=3c5efc73e98b89fc: dummy_return_one(x)
[12:09:47.101] [INFO] [run] subject=1, session=5, speed=5, trial=3, x__rid_x=58cf0ac8da70b227: dummy_return_one(x)
[12:09:47.102] [INFO] [run] subject=1, session=5, speed=5, trial=4, x__rid_x=6537f9dbab5bbc94: dummy_return_one(x)
[12:09:47.103] [INFO] [run] subject=1, session=5, speed=5, trial=5, x__rid_x=d5344322095592e4: dummy_return_one(x)
[12:09:47.103] [INFO] [run] subject=1, session=5, speed=5, trial=6, x__rid_x=a0e6020573c0e76f: dummy_return_one(x)
[12:09:47.105] [INFO] [run] subject=1, session=5, speed=5, trial=7, x__rid_x=887ae973374dd998: dummy_return_one(x)
[12:09:47.106] [INFO] [run] subject=1, session=5, speed=6, trial=1, x__rid_x=ce1a66dcb49d3f35: dummy_return_one(x)
[12:09:47.106] [INFO] [run] subject=1, session=5, speed=6, trial=2, x__rid_x=b7651ce2a69acbfd: dummy_return_one(x)
[12:09:47.107] [INFO] [run] subject=1, session=5, speed=6, trial=3, x__rid_x=2f98dee498aeb9f2: dummy_return_one(x)
[12:09:47.108] [INFO] [run] subject=1, session=5, speed=6, trial=4, x__rid_x=8d40fde85d1a6a4a: dummy_return_one(x)
[12:09:47.109] [INFO] [run] subject=1, session=5, speed=6, trial=5, x__rid_x=54e5ac703f8b72d5: dummy_return_one(x)
[12:09:47.110] [INFO] [run] subject=1, session=5, speed=6, trial=6, x__rid_x=8c7ee909d3a76dd1: dummy_return_one(x)
[12:09:47.110] [INFO] [run] subject=1, session=5, speed=6, trial=7, x__rid_x=b069469808a55c40: dummy_return_one(x)
[12:09:47.111] [INFO] [run] subject=1, session=5, speed=7, trial=1, x__rid_x=900edaf457c4c93c: dummy_return_one(x)
[12:09:47.112] [INFO] [run] subject=1, session=5, speed=7, trial=2, x__rid_x=ac582f72596808fb: dummy_return_one(x)
[12:09:47.113] [INFO] [run] subject=1, session=5, speed=7, trial=3, x__rid_x=ef319a3cbe87ada1: dummy_return_one(x)
[12:09:47.115] [INFO] [run] subject=1, session=5, speed=7, trial=4, x__rid_x=cc848cfdae74eb84: dummy_return_one(x)
[12:09:47.116] [INFO] [run] subject=1, session=5, speed=7, trial=5, x__rid_x=0b72cb911806792a: dummy_return_one(x)
[12:09:47.116] [INFO] [run] subject=1, session=5, speed=7, trial=6, x__rid_x=a9aad36e16b977ea: dummy_return_one(x)
[12:09:47.118] [INFO] [run] subject=1, session=5, speed=7, trial=7, x__rid_x=12851dca14e2e62e: dummy_return_one(x)
[12:09:47.119] [INFO] [run] subject=1, session=5, speed=8, trial=1, x__rid_x=db5290d898289d58: dummy_return_one(x)
[12:09:47.119] [INFO] [run] subject=1, session=5, speed=8, trial=2, x__rid_x=415365d4ccceba0d: dummy_return_one(x)
[12:09:47.121] [INFO] [run] subject=1, session=5, speed=8, trial=3, x__rid_x=5c3c2f2a3303a4a4: dummy_return_one(x)
[12:09:47.123] [INFO] [run] subject=1, session=5, speed=8, trial=4, x__rid_x=2251717f9d9fda62: dummy_return_one(x)
[12:09:47.124] [INFO] [run] subject=1, session=5, speed=8, trial=5, x__rid_x=e2f6b0079170e563: dummy_return_one(x)
[12:09:47.125] [INFO] [run] subject=1, session=5, speed=8, trial=6, x__rid_x=64207034ae1cf265: dummy_return_one(x)
[12:09:47.126] [INFO] [run] subject=1, session=5, speed=8, trial=7, x__rid_x=5ab8865e08f36b9a: dummy_return_one(x)
[12:09:47.127] [INFO] [run] subject=1, session=5, speed=9, trial=1, x__rid_x=069173467d7551a2: dummy_return_one(x)
[12:09:47.128] [INFO] [run] subject=1, session=5, speed=9, trial=2, x__rid_x=a0fb617942c93bb2: dummy_return_one(x)
[12:09:47.129] [INFO] [run] subject=1, session=5, speed=9, trial=3, x__rid_x=59689c703de0615a: dummy_return_one(x)
[12:09:47.131] [INFO] [run] subject=1, session=5, speed=9, trial=4, x__rid_x=1120c78759ee170f: dummy_return_one(x)
[12:09:47.132] [INFO] [run] subject=1, session=5, speed=9, trial=5, x__rid_x=d260516fe98fcd7c: dummy_return_one(x)
[12:09:47.134] [INFO] [run] subject=1, session=5, speed=9, trial=6, x__rid_x=f8645f2eb4ccc198: dummy_return_one(x)
[12:09:47.135] [INFO] [run] subject=1, session=5, speed=9, trial=7, x__rid_x=693f39d813f928f0: dummy_return_one(x)
[12:09:47.137] [INFO] [run] subject=10, session=1, speed=1, trial=1, x__rid_x=0f712582bd8c4a88: dummy_return_one(x)
[12:09:47.138] [INFO] [run] subject=10, session=1, speed=1, trial=2, x__rid_x=ce22c89db47b13a6: dummy_return_one(x)
[12:09:47.139] [INFO] [run] subject=10, session=1, speed=1, trial=3, x__rid_x=c93294dc355c1d19: dummy_return_one(x)
[12:09:47.140] [INFO] [run] subject=10, session=1, speed=1, trial=4, x__rid_x=f16a7328e4e43dc3: dummy_return_one(x)
[12:09:47.141] [INFO] [run] subject=10, session=1, speed=1, trial=5, x__rid_x=4b4f1189fbcf3f3a: dummy_return_one(x)
[12:09:47.142] [INFO] [run] subject=10, session=1, speed=1, trial=6, x__rid_x=6660de62a28c3b0b: dummy_return_one(x)
[12:09:47.144] [INFO] [run] subject=10, session=1, speed=1, trial=7, x__rid_x=21aec0f3d760eaea: dummy_return_one(x)
[12:09:47.144] [INFO] [run] subject=10, session=1, speed=10, trial=1, x__rid_x=18f48809c0943ff2: dummy_return_one(x)
[12:09:47.145] [INFO] [run] subject=10, session=1, speed=10, trial=2, x__rid_x=9cbde5c561b67864: dummy_return_one(x)
[12:09:47.146] [INFO] [run] subject=10, session=1, speed=10, trial=3, x__rid_x=59990e5e1349f217: dummy_return_one(x)
[12:09:47.147] [INFO] [run] subject=10, session=1, speed=10, trial=4, x__rid_x=f9c4f57f74be18d9: dummy_return_one(x)
[12:09:47.148] [INFO] [run] subject=10, session=1, speed=10, trial=5, x__rid_x=6aa231dd3b46fd70: dummy_return_one(x)
[12:09:47.150] [INFO] [run] subject=10, session=1, speed=10, trial=6, x__rid_x=ed883739798a1c5f: dummy_return_one(x)
[12:09:47.151] [INFO] [run] subject=10, session=1, speed=10, trial=7, x__rid_x=b2c9794e499aa0fd: dummy_return_one(x)
[12:09:47.152] [INFO] [run] subject=10, session=1, speed=2, trial=1, x__rid_x=a3c42106b87956a6: dummy_return_one(x)
[12:09:47.153] [INFO] [run] subject=10, session=1, speed=2, trial=2, x__rid_x=f669ab06b5bb2e56: dummy_return_one(x)
[12:09:47.154] [INFO] [run] subject=10, session=1, speed=2, trial=3, x__rid_x=5b9bd1ff28e5f31d: dummy_return_one(x)
[12:09:47.155] [INFO] [run] subject=10, session=1, speed=2, trial=4, x__rid_x=4c45a56828b71efa: dummy_return_one(x)
[12:09:47.157] [INFO] [run] subject=10, session=1, speed=2, trial=5, x__rid_x=7096d54e5d8da9fc: dummy_return_one(x)
[12:09:47.157] [INFO] [run] subject=10, session=1, speed=2, trial=6, x__rid_x=bc79ddcdb77a5e9c: dummy_return_one(x)
[12:09:47.158] [INFO] [run] subject=10, session=1, speed=2, trial=7, x__rid_x=6797d6224f875bd7: dummy_return_one(x)
[12:09:47.160] [INFO] [run] subject=10, session=1, speed=3, trial=1, x__rid_x=1af0121334d9bd77: dummy_return_one(x)
[12:09:47.160] [INFO] [run] subject=10, session=1, speed=3, trial=2, x__rid_x=fbdfabebff1ecdea: dummy_return_one(x)
[12:09:47.161] [INFO] [run] subject=10, session=1, speed=3, trial=3, x__rid_x=f6e09fecf2a8842b: dummy_return_one(x)
[12:09:47.163] [INFO] [run] subject=10, session=1, speed=3, trial=4, x__rid_x=d4cc3f41a2f7e149: dummy_return_one(x)
[12:09:47.164] [INFO] [run] subject=10, session=1, speed=3, trial=5, x__rid_x=baf59b313e8c95f1: dummy_return_one(x)
[12:09:47.166] [INFO] [run] subject=10, session=1, speed=3, trial=6, x__rid_x=a073950f58c2fd96: dummy_return_one(x)
[12:09:47.167] [INFO] [run] subject=10, session=1, speed=3, trial=7, x__rid_x=381a20d6d5495708: dummy_return_one(x)
[12:09:47.168] [INFO] [run] subject=10, session=1, speed=4, trial=1, x__rid_x=3394ccb1647c66e4: dummy_return_one(x)
[12:09:47.169] [INFO] [run] subject=10, session=1, speed=4, trial=2, x__rid_x=1112128235ea15b8: dummy_return_one(x)
[12:09:47.170] [INFO] [run] subject=10, session=1, speed=4, trial=3, x__rid_x=4ca653b1b568c123: dummy_return_one(x)
[12:09:47.171] [INFO] [run] subject=10, session=1, speed=4, trial=4, x__rid_x=61c9733572400bab: dummy_return_one(x)
[12:09:47.173] [INFO] [run] subject=10, session=1, speed=4, trial=5, x__rid_x=aa796c8b72aace19: dummy_return_one(x)
[12:09:47.173] [INFO] [run] subject=10, session=1, speed=4, trial=6, x__rid_x=8c82bc53e1e368fe: dummy_return_one(x)
[12:09:47.174] [INFO] [run] subject=10, session=1, speed=4, trial=7, x__rid_x=66a20d1b3fadeb72: dummy_return_one(x)
[12:09:47.176] [INFO] [run] subject=10, session=1, speed=5, trial=1, x__rid_x=38ecc7736415b9b2: dummy_return_one(x)
[12:09:47.177] [INFO] [run] subject=10, session=1, speed=5, trial=2, x__rid_x=419df5c6799c60ff: dummy_return_one(x)
[12:09:47.178] [INFO] [run] subject=10, session=1, speed=5, trial=3, x__rid_x=43fd680e34c0ac64: dummy_return_one(x)
[12:09:47.179] [INFO] [run] subject=10, session=1, speed=5, trial=4, x__rid_x=4d2c4a4261a17dc0: dummy_return_one(x)
[12:09:47.180] [INFO] [run] subject=10, session=1, speed=5, trial=5, x__rid_x=3d6ec0bdbcc1e99c: dummy_return_one(x)
[12:09:47.183] [INFO] [run] subject=10, session=1, speed=5, trial=6, x__rid_x=5e12b6fa33aac81e: dummy_return_one(x)
[12:09:47.184] [INFO] [run] subject=10, session=1, speed=5, trial=7, x__rid_x=31f64a3d2a5e3039: dummy_return_one(x)
[12:09:47.184] [INFO] [run] subject=10, session=1, speed=6, trial=1, x__rid_x=c7590b37092f6b32: dummy_return_one(x)
[12:09:47.186] [INFO] [run] subject=10, session=1, speed=6, trial=2, x__rid_x=8abdcb8a1eb8e66c: dummy_return_one(x)
[12:09:47.187] [INFO] [run] subject=10, session=1, speed=6, trial=3, x__rid_x=3be6eaf2ff65a7f7: dummy_return_one(x)
[12:09:47.188] [INFO] [run] subject=10, session=1, speed=6, trial=4, x__rid_x=1479c087c58df2cb: dummy_return_one(x)
[12:09:47.190] [INFO] [run] subject=10, session=1, speed=6, trial=5, x__rid_x=9ffbb791f96be355: dummy_return_one(x)
[12:09:47.190] [INFO] [run] subject=10, session=1, speed=6, trial=6, x__rid_x=bc846d49bdd8e179: dummy_return_one(x)
[12:09:47.191] [INFO] [run] subject=10, session=1, speed=6, trial=7, x__rid_x=1f23cbe85872003e: dummy_return_one(x)
[12:09:47.193] [INFO] [run] subject=10, session=1, speed=7, trial=1, x__rid_x=9b54dfb10e3e7a9d: dummy_return_one(x)
[12:09:47.193] [INFO] [run] subject=10, session=1, speed=7, trial=2, x__rid_x=56bc1752ebf3bc67: dummy_return_one(x)
[12:09:47.194] [INFO] [run] subject=10, session=1, speed=7, trial=3, x__rid_x=936cb2f23f805c82: dummy_return_one(x)
[12:09:47.196] [INFO] [run] subject=10, session=1, speed=7, trial=4, x__rid_x=f7b79bd6294e8cb1: dummy_return_one(x)
[12:09:47.197] [INFO] [run] subject=10, session=1, speed=7, trial=5, x__rid_x=caa9b13167857ea9: dummy_return_one(x)
[12:09:47.199] [INFO] [run] subject=10, session=1, speed=7, trial=6, x__rid_x=edf1bbca5a3f7824: dummy_return_one(x)
[12:09:47.200] [INFO] [run] subject=10, session=1, speed=7, trial=7, x__rid_x=464f8c92524c5ffe: dummy_return_one(x)
[12:09:47.202] [INFO] [run] subject=10, session=1, speed=8, trial=1, x__rid_x=a6e21125df3db4ad: dummy_return_one(x)
[12:09:47.203] [INFO] [run] subject=10, session=1, speed=8, trial=2, x__rid_x=8fcc3ad305039822: dummy_return_one(x)
[12:09:47.204] [INFO] [run] subject=10, session=1, speed=8, trial=3, x__rid_x=7703409d72df08bf: dummy_return_one(x)
[12:09:47.206] [INFO] [run] subject=10, session=1, speed=8, trial=4, x__rid_x=2fe2ba2f4aecd4a2: dummy_return_one(x)
[12:09:47.206] [INFO] [run] subject=10, session=1, speed=8, trial=5, x__rid_x=25c7c5582758405d: dummy_return_one(x)
[12:09:47.207] [INFO] [run] subject=10, session=1, speed=8, trial=6, x__rid_x=a20a93e5e8030148: dummy_return_one(x)
[12:09:47.209] [INFO] [run] subject=10, session=1, speed=8, trial=7, x__rid_x=ec09cc96a7ac53d9: dummy_return_one(x)
[12:09:47.210] [INFO] [run] subject=10, session=1, speed=9, trial=1, x__rid_x=b5d0a1e20a960264: dummy_return_one(x)
[12:09:47.210] [INFO] [run] subject=10, session=1, speed=9, trial=2, x__rid_x=0ac68f045beaa9fe: dummy_return_one(x)
[12:09:47.212] [INFO] [run] subject=10, session=1, speed=9, trial=3, x__rid_x=28ae2c3e3de9f954: dummy_return_one(x)
[12:09:47.213] [INFO] [run] subject=10, session=1, speed=9, trial=4, x__rid_x=d5e18db709e884a1: dummy_return_one(x)
[12:09:47.214] [INFO] [run] subject=10, session=1, speed=9, trial=5, x__rid_x=8c11c0981a0dfa8f: dummy_return_one(x)
[12:09:47.215] [INFO] [run] subject=10, session=1, speed=9, trial=6, x__rid_x=4dc729b973117245: dummy_return_one(x)
[12:09:47.216] [INFO] [run] subject=10, session=1, speed=9, trial=7, x__rid_x=3dfb607b9827f771: dummy_return_one(x)
[12:09:47.217] [INFO] [run] subject=10, session=2, speed=1, trial=1, x__rid_x=41ba8fecc1e24f1f: dummy_return_one(x)
[12:09:47.219] [INFO] [run] subject=10, session=2, speed=1, trial=2, x__rid_x=f487d7003f3fb888: dummy_return_one(x)
[12:09:47.219] [INFO] [run] subject=10, session=2, speed=1, trial=3, x__rid_x=8229815aded88ade: dummy_return_one(x)
[12:09:47.220] [INFO] [run] subject=10, session=2, speed=1, trial=4, x__rid_x=57291251b9f30f9a: dummy_return_one(x)
[12:09:47.222] [INFO] [run] subject=10, session=2, speed=1, trial=5, x__rid_x=1a63d3fd980cb7de: dummy_return_one(x)
[12:09:47.223] [INFO] [run] subject=10, session=2, speed=1, trial=6, x__rid_x=5919febaae8e5b2c: dummy_return_one(x)
[12:09:47.223] [INFO] [run] subject=10, session=2, speed=1, trial=7, x__rid_x=ab8b70dcc3e0402f: dummy_return_one(x)
[12:09:47.225] [INFO] [run] subject=10, session=2, speed=10, trial=1, x__rid_x=bb5bbc359df5bb0f: dummy_return_one(x)
[12:09:47.226] [INFO] [run] subject=10, session=2, speed=10, trial=2, x__rid_x=e7e8b2bd6822ebe0: dummy_return_one(x)
[12:09:47.226] [INFO] [run] subject=10, session=2, speed=10, trial=3, x__rid_x=a45207f8f6aba15c: dummy_return_one(x)
[12:09:47.228] [INFO] [run] subject=10, session=2, speed=10, trial=4, x__rid_x=266e8246ac58261f: dummy_return_one(x)
[12:09:47.230] [INFO] [run] subject=10, session=2, speed=10, trial=5, x__rid_x=f88bfccfb0d746fd: dummy_return_one(x)
[12:09:47.232] [INFO] [run] subject=10, session=2, speed=10, trial=6, x__rid_x=e068998e92525c0d: dummy_return_one(x)
[12:09:47.232] [INFO] [run] subject=10, session=2, speed=10, trial=7, x__rid_x=3c2dd1fa02db6338: dummy_return_one(x)
[12:09:47.233] [INFO] [run] subject=10, session=2, speed=2, trial=1, x__rid_x=b9746e7cf6fcbd7c: dummy_return_one(x)
[12:09:47.235] [INFO] [run] subject=10, session=2, speed=2, trial=2, x__rid_x=efd496d72826a0a4: dummy_return_one(x)
[12:09:47.236] [INFO] [run] subject=10, session=2, speed=2, trial=3, x__rid_x=5e5d8be874d27a3e: dummy_return_one(x)
[12:09:47.236] [INFO] [run] subject=10, session=2, speed=2, trial=4, x__rid_x=57b8f29626d69cee: dummy_return_one(x)
[12:09:47.238] [INFO] [run] subject=10, session=2, speed=2, trial=5, x__rid_x=5c743a21d7c6cb70: dummy_return_one(x)
[12:09:47.239] [INFO] [run] subject=10, session=2, speed=2, trial=6, x__rid_x=ae72571b97bf58aa: dummy_return_one(x)
[12:09:47.239] [INFO] [run] subject=10, session=2, speed=2, trial=7, x__rid_x=134a698cdc9d1b4b: dummy_return_one(x)
[12:09:47.241] [INFO] [run] subject=10, session=2, speed=3, trial=1, x__rid_x=1a55b1837d8c9bbd: dummy_return_one(x)
[12:09:47.242] [INFO] [run] subject=10, session=2, speed=3, trial=2, x__rid_x=2fe1346785ba9ebf: dummy_return_one(x)
[12:09:47.243] [INFO] [run] subject=10, session=2, speed=3, trial=3, x__rid_x=c030c005b7565c5d: dummy_return_one(x)
[12:09:47.245] [INFO] [run] subject=10, session=2, speed=3, trial=4, x__rid_x=19c474c8b149e6f1: dummy_return_one(x)
[12:09:47.245] [INFO] [run] subject=10, session=2, speed=3, trial=5, x__rid_x=dee266353302198b: dummy_return_one(x)
[12:09:47.246] [INFO] [run] subject=10, session=2, speed=3, trial=6, x__rid_x=10dae0f694f60dcc: dummy_return_one(x)
[12:09:47.248] [INFO] [run] subject=10, session=2, speed=3, trial=7, x__rid_x=0a9913f4a2ea1c43: dummy_return_one(x)
[12:09:47.249] [INFO] [run] subject=10, session=2, speed=4, trial=1, x__rid_x=b4359cd2c5855314: dummy_return_one(x)
[12:09:47.249] [INFO] [run] subject=10, session=2, speed=4, trial=2, x__rid_x=148cf8826b068383: dummy_return_one(x)
[12:09:47.251] [INFO] [run] subject=10, session=2, speed=4, trial=3, x__rid_x=f89b4f49a2c61157: dummy_return_one(x)
[12:09:47.252] [INFO] [run] subject=10, session=2, speed=4, trial=4, x__rid_x=f023d7c6ce755f34: dummy_return_one(x)
[12:09:47.253] [INFO] [run] subject=10, session=2, speed=4, trial=5, x__rid_x=a4e902305dddcf99: dummy_return_one(x)
[12:09:47.255] [INFO] [run] subject=10, session=2, speed=4, trial=6, x__rid_x=18c0cdac33f88f18: dummy_return_one(x)
[12:09:47.255] [INFO] [run] subject=10, session=2, speed=4, trial=7, x__rid_x=f45a527568f915d6: dummy_return_one(x)
[12:09:47.256] [INFO] [run] subject=10, session=2, speed=5, trial=1, x__rid_x=d5d48b3881405a39: dummy_return_one(x)
[12:09:47.258] [INFO] [run] subject=10, session=2, speed=5, trial=2, x__rid_x=a19a8ced3a5669ed: dummy_return_one(x)
[12:09:47.258] [INFO] [run] subject=10, session=2, speed=5, trial=3, x__rid_x=dd5c8a55a698631a: dummy_return_one(x)
[12:09:47.259] [INFO] [run] subject=10, session=2, speed=5, trial=4, x__rid_x=8a030d4d5d44f55b: dummy_return_one(x)
[12:09:47.261] [INFO] [run] subject=10, session=2, speed=5, trial=5, x__rid_x=1c8bbec77ecdc383: dummy_return_one(x)
[12:09:47.262] [INFO] [run] subject=10, session=2, speed=5, trial=6, x__rid_x=976abebaf2f7dd68: dummy_return_one(x)
[12:09:47.262] [INFO] [run] subject=10, session=2, speed=5, trial=7, x__rid_x=4582a7152f2ded77: dummy_return_one(x)
[12:09:47.265] [INFO] [run] subject=10, session=2, speed=6, trial=1, x__rid_x=20d6651dc89ce7bc: dummy_return_one(x)
[12:09:47.266] [INFO] [run] subject=10, session=2, speed=6, trial=2, x__rid_x=f3b121b733dc0e64: dummy_return_one(x)
[12:09:47.266] [INFO] [run] subject=10, session=2, speed=6, trial=3, x__rid_x=8f9b2e93af00a1fd: dummy_return_one(x)
[12:09:47.268] [INFO] [run] subject=10, session=2, speed=6, trial=4, x__rid_x=2585a000e1f66415: dummy_return_one(x)
[12:09:47.268] [INFO] [run] subject=10, session=2, speed=6, trial=5, x__rid_x=a86b560ec9d5e3d8: dummy_return_one(x)
[12:09:47.270] [INFO] [run] subject=10, session=2, speed=6, trial=6, x__rid_x=5f68c2fd8ebc5bb6: dummy_return_one(x)
[12:09:47.271] [INFO] [run] subject=10, session=2, speed=6, trial=7, x__rid_x=869ec39b934efd52: dummy_return_one(x)
[12:09:47.272] [INFO] [run] subject=10, session=2, speed=7, trial=1, x__rid_x=a11ff3727aac9ada: dummy_return_one(x)
[12:09:47.272] [INFO] [run] subject=10, session=2, speed=7, trial=2, x__rid_x=aeb904053c98292d: dummy_return_one(x)
[12:09:47.274] [INFO] [run] subject=10, session=2, speed=7, trial=3, x__rid_x=5d5f5b83639cc0da: dummy_return_one(x)
[12:09:47.275] [INFO] [run] subject=10, session=2, speed=7, trial=4, x__rid_x=6e8aa263678fdc87: dummy_return_one(x)
[12:09:47.276] [INFO] [run] subject=10, session=2, speed=7, trial=5, x__rid_x=b8127452949f050f: dummy_return_one(x)
[12:09:47.278] [INFO] [run] subject=10, session=2, speed=7, trial=6, x__rid_x=d603783062045dec: dummy_return_one(x)
[12:09:47.278] [INFO] [run] subject=10, session=2, speed=7, trial=7, x__rid_x=a81bc7410bd476f1: dummy_return_one(x)
[12:09:47.279] [INFO] [run] subject=10, session=2, speed=8, trial=1, x__rid_x=ada9a0ca42c48d3a: dummy_return_one(x)
[12:09:47.281] [INFO] [run] subject=10, session=2, speed=8, trial=2, x__rid_x=e58cbdd4a5da199d: dummy_return_one(x)
[12:09:47.282] [INFO] [run] subject=10, session=2, speed=8, trial=3, x__rid_x=378a7e0c81170782: dummy_return_one(x)
[12:09:47.283] [INFO] [run] subject=10, session=2, speed=8, trial=4, x__rid_x=e9e8a689a346a713: dummy_return_one(x)
[12:09:47.284] [INFO] [run] subject=10, session=2, speed=8, trial=5, x__rid_x=411d41f6b749518e: dummy_return_one(x)
[12:09:47.285] [INFO] [run] subject=10, session=2, speed=8, trial=6, x__rid_x=780bc398c9cb14ce: dummy_return_one(x)
[12:09:47.286] [INFO] [run] subject=10, session=2, speed=8, trial=7, x__rid_x=7fb4dd6d4bf75238: dummy_return_one(x)
[12:09:47.288] [INFO] [run] subject=10, session=2, speed=9, trial=1, x__rid_x=a8a469c7a7c4106e: dummy_return_one(x)
[12:09:47.288] [INFO] [run] subject=10, session=2, speed=9, trial=2, x__rid_x=fbf37e0314f2b239: dummy_return_one(x)
[12:09:47.289] [INFO] [run] subject=10, session=2, speed=9, trial=3, x__rid_x=b8a93b025bc16e35: dummy_return_one(x)
[12:09:47.291] [INFO] [run] subject=10, session=2, speed=9, trial=4, x__rid_x=8e1241706b86a689: dummy_return_one(x)
[12:09:47.292] [INFO] [run] subject=10, session=2, speed=9, trial=5, x__rid_x=d3f5aa0f37613deb: dummy_return_one(x)
[12:09:47.292] [INFO] [run] subject=10, session=2, speed=9, trial=6, x__rid_x=adfdad56424f6a86: dummy_return_one(x)
[12:09:47.293] [INFO] [run] subject=10, session=2, speed=9, trial=7, x__rid_x=0aa7a14be4b2930c: dummy_return_one(x)
[12:09:47.294] [INFO] [run] subject=10, session=3, speed=1, trial=1, x__rid_x=5d5457cdf87aa4e7: dummy_return_one(x)
[12:09:47.295] [INFO] [run] subject=10, session=3, speed=1, trial=2, x__rid_x=88851dc4b7888bd9: dummy_return_one(x)
[12:09:47.297] [INFO] [run] subject=10, session=3, speed=1, trial=3, x__rid_x=7dae7c0e9d4fea80: dummy_return_one(x)
[12:09:47.297] [INFO] [run] subject=10, session=3, speed=1, trial=4, x__rid_x=45fff6c2bc1ae62c: dummy_return_one(x)
[12:09:47.299] [INFO] [run] subject=10, session=3, speed=1, trial=5, x__rid_x=5c8dad39f716dbd2: dummy_return_one(x)
[12:09:47.299] [INFO] [run] subject=10, session=3, speed=1, trial=6, x__rid_x=6845d91c0b82a468: dummy_return_one(x)
[12:09:47.300] [INFO] [run] subject=10, session=3, speed=1, trial=7, x__rid_x=5bcf254285fd1196: dummy_return_one(x)
[12:09:47.302] [INFO] [run] subject=10, session=3, speed=10, trial=1, x__rid_x=b0379438f6d80a64: dummy_return_one(x)
[12:09:47.303] [INFO] [run] subject=10, session=3, speed=10, trial=2, x__rid_x=ef8c4d74712a776c: dummy_return_one(x)
[12:09:47.303] [INFO] [run] subject=10, session=3, speed=10, trial=3, x__rid_x=e476e06a54bcb2ed: dummy_return_one(x)
[12:09:47.305] [INFO] [run] subject=10, session=3, speed=10, trial=4, x__rid_x=de6d74ae40b6b4e6: dummy_return_one(x)
[12:09:47.306] [INFO] [run] subject=10, session=3, speed=10, trial=5, x__rid_x=ae9da50b9e2b93a1: dummy_return_one(x)
[12:09:47.307] [INFO] [run] subject=10, session=3, speed=10, trial=6, x__rid_x=7be935e0d62624d4: dummy_return_one(x)
[12:09:47.308] [INFO] [run] subject=10, session=3, speed=10, trial=7, x__rid_x=126326ccda598a59: dummy_return_one(x)
[12:09:47.309] [INFO] [run] subject=10, session=3, speed=2, trial=1, x__rid_x=a31b0a42d0da29c7: dummy_return_one(x)
[12:09:47.310] [INFO] [run] subject=10, session=3, speed=2, trial=2, x__rid_x=9e690d405cebc67e: dummy_return_one(x)
[12:09:47.311] [INFO] [run] subject=10, session=3, speed=2, trial=3, x__rid_x=0f2e4ddd96d7a624: dummy_return_one(x)
[12:09:47.313] [INFO] [run] subject=10, session=3, speed=2, trial=4, x__rid_x=033d277d843d6375: dummy_return_one(x)
[12:09:47.316] [INFO] [run] subject=10, session=3, speed=2, trial=5, x__rid_x=2cf38ba7ae674daf: dummy_return_one(x)
[12:09:47.317] [INFO] [run] subject=10, session=3, speed=2, trial=6, x__rid_x=229cb1e6edee123a: dummy_return_one(x)
[12:09:47.319] [INFO] [run] subject=10, session=3, speed=2, trial=7, x__rid_x=1618a0eba4cf7bc1: dummy_return_one(x)
[12:09:47.320] [INFO] [run] subject=10, session=3, speed=3, trial=1, x__rid_x=3045bda272d53c77: dummy_return_one(x)
[12:09:47.321] [INFO] [run] subject=10, session=3, speed=3, trial=2, x__rid_x=265a5846487d6abc: dummy_return_one(x)
[12:09:47.323] [INFO] [run] subject=10, session=3, speed=3, trial=3, x__rid_x=00f04eb276184298: dummy_return_one(x)
[12:09:47.324] [INFO] [run] subject=10, session=3, speed=3, trial=4, x__rid_x=6c77c7486f4815e1: dummy_return_one(x)
[12:09:47.324] [INFO] [run] subject=10, session=3, speed=3, trial=5, x__rid_x=2e92ffc0da1e372c: dummy_return_one(x)
[12:09:47.326] [INFO] [run] subject=10, session=3, speed=3, trial=6, x__rid_x=d429d46de8d6fd54: dummy_return_one(x)
[12:09:47.327] [INFO] [run] subject=10, session=3, speed=3, trial=7, x__rid_x=cf46bf981905fb4e: dummy_return_one(x)
[12:09:47.328] [INFO] [run] subject=10, session=3, speed=4, trial=1, x__rid_x=eb0b4ae14b1357c7: dummy_return_one(x)
[12:09:47.330] [INFO] [run] subject=10, session=3, speed=4, trial=2, x__rid_x=14a81be94ff0abab: dummy_return_one(x)
[12:09:47.331] [INFO] [run] subject=10, session=3, speed=4, trial=3, x__rid_x=b1528d29c76b4fd2: dummy_return_one(x)
[12:09:47.333] [INFO] [run] subject=10, session=3, speed=4, trial=4, x__rid_x=7bc33c4b3092ac7e: dummy_return_one(x)
[12:09:47.334] [INFO] [run] subject=10, session=3, speed=4, trial=5, x__rid_x=292a9a13694212af: dummy_return_one(x)
[12:09:47.335] [INFO] [run] subject=10, session=3, speed=4, trial=6, x__rid_x=4802311d074dac34: dummy_return_one(x)
[12:09:47.337] [INFO] [run] subject=10, session=3, speed=4, trial=7, x__rid_x=f09d21551766beea: dummy_return_one(x)
[12:09:47.337] [INFO] [run] subject=10, session=3, speed=5, trial=1, x__rid_x=b9323582a50dc7e0: dummy_return_one(x)
[12:09:47.338] [INFO] [run] subject=10, session=3, speed=5, trial=2, x__rid_x=cdde759ba271182e: dummy_return_one(x)
[12:09:47.340] [INFO] [run] subject=10, session=3, speed=5, trial=3, x__rid_x=683876f87719c07a: dummy_return_one(x)
[12:09:47.341] [INFO] [run] subject=10, session=3, speed=5, trial=4, x__rid_x=59ff3f7e385587e5: dummy_return_one(x)
[12:09:47.341] [INFO] [run] subject=10, session=3, speed=5, trial=5, x__rid_x=857db83c88da11c6: dummy_return_one(x)
[12:09:47.343] [INFO] [run] subject=10, session=3, speed=5, trial=6, x__rid_x=1bf583c6a1a316fc: dummy_return_one(x)
[12:09:47.344] [INFO] [run] subject=10, session=3, speed=5, trial=7, x__rid_x=3521c76f4cbcb7b2: dummy_return_one(x)
[12:09:47.345] [INFO] [run] subject=10, session=3, speed=6, trial=1, x__rid_x=c1ff512c8b1e44a0: dummy_return_one(x)
[12:09:47.347] [INFO] [run] subject=10, session=3, speed=6, trial=2, x__rid_x=6baceba9900ef27a: dummy_return_one(x)
[12:09:47.348] [INFO] [run] subject=10, session=3, speed=6, trial=3, x__rid_x=8cd6983eab2262d9: dummy_return_one(x)
[12:09:47.348] [INFO] [run] subject=10, session=3, speed=6, trial=4, x__rid_x=a4c4a497e0ae9896: dummy_return_one(x)
[12:09:47.350] [INFO] [run] subject=10, session=3, speed=6, trial=5, x__rid_x=aabeb82c08eb5381: dummy_return_one(x)
[12:09:47.351] [INFO] [run] subject=10, session=3, speed=6, trial=6, x__rid_x=2b15de696ccd024c: dummy_return_one(x)
[12:09:47.352] [INFO] [run] subject=10, session=3, speed=6, trial=7, x__rid_x=9ee67fcf407509c1: dummy_return_one(x)
[12:09:47.354] [INFO] [run] subject=10, session=3, speed=7, trial=1, x__rid_x=44e23f96e7c9953c: dummy_return_one(x)
[12:09:47.355] [INFO] [run] subject=10, session=3, speed=7, trial=2, x__rid_x=b6b12649e7264ac4: dummy_return_one(x)
[12:09:47.355] [INFO] [run] subject=10, session=3, speed=7, trial=3, x__rid_x=cfc7188f78b6164a: dummy_return_one(x)
[12:09:47.357] [INFO] [run] subject=10, session=3, speed=7, trial=4, x__rid_x=c735106516d1547b: dummy_return_one(x)
[12:09:47.358] [INFO] [run] subject=10, session=3, speed=7, trial=5, x__rid_x=32b394766ac1524e: dummy_return_one(x)
[12:09:47.359] [INFO] [run] subject=10, session=3, speed=7, trial=6, x__rid_x=77f570d127f1a25e: dummy_return_one(x)
[12:09:47.360] [INFO] [run] subject=10, session=3, speed=7, trial=7, x__rid_x=8bd921209e6dadca: dummy_return_one(x)
[12:09:47.361] [INFO] [run] subject=10, session=3, speed=8, trial=1, x__rid_x=c6d1147d323c0a35: dummy_return_one(x)
[12:09:47.362] [INFO] [run] subject=10, session=3, speed=8, trial=2, x__rid_x=b38e73e3058654aa: dummy_return_one(x)
[12:09:47.364] [INFO] [run] subject=10, session=3, speed=8, trial=3, x__rid_x=c15332fbe51da661: dummy_return_one(x)
[12:09:47.365] [INFO] [run] subject=10, session=3, speed=8, trial=4, x__rid_x=3434dd95437901fd: dummy_return_one(x)
[12:09:47.366] [INFO] [run] subject=10, session=3, speed=8, trial=5, x__rid_x=9b85e4efede7f7a9: dummy_return_one(x)
[12:09:47.367] [INFO] [run] subject=10, session=3, speed=8, trial=6, x__rid_x=6085e985f2ea654d: dummy_return_one(x)
[12:09:47.368] [INFO] [run] subject=10, session=3, speed=8, trial=7, x__rid_x=862f92e9f17fe8af: dummy_return_one(x)
[12:09:47.369] [INFO] [run] subject=10, session=3, speed=9, trial=1, x__rid_x=10f75937a7989655: dummy_return_one(x)
[12:09:47.371] [INFO] [run] subject=10, session=3, speed=9, trial=2, x__rid_x=e0c0d2eeb58d5fe8: dummy_return_one(x)
[12:09:47.371] [INFO] [run] subject=10, session=3, speed=9, trial=3, x__rid_x=64a50b9a2b954292: dummy_return_one(x)
[12:09:47.372] [INFO] [run] subject=10, session=3, speed=9, trial=4, x__rid_x=c113174ad748d2bb: dummy_return_one(x)
[12:09:47.374] [INFO] [run] subject=10, session=3, speed=9, trial=5, x__rid_x=30607c8bd719dfb6: dummy_return_one(x)
[12:09:47.375] [INFO] [run] subject=10, session=3, speed=9, trial=6, x__rid_x=60c8a7212511ea1c: dummy_return_one(x)
[12:09:47.376] [INFO] [run] subject=10, session=3, speed=9, trial=7, x__rid_x=53d6439f4c933e85: dummy_return_one(x)
[12:09:47.378] [INFO] [run] subject=10, session=4, speed=1, trial=1, x__rid_x=31293f573e3ab8a8: dummy_return_one(x)
[12:09:47.378] [INFO] [run] subject=10, session=4, speed=1, trial=2, x__rid_x=01e92aaa92f03dce: dummy_return_one(x)
[12:09:47.379] [INFO] [run] subject=10, session=4, speed=1, trial=3, x__rid_x=a262d402969d6e54: dummy_return_one(x)
[12:09:47.381] [INFO] [run] subject=10, session=4, speed=1, trial=4, x__rid_x=b9c2e8e3daf07f25: dummy_return_one(x)
[12:09:47.382] [INFO] [run] subject=10, session=4, speed=1, trial=5, x__rid_x=c62d8e2568d5c06d: dummy_return_one(x)
[12:09:47.383] [INFO] [run] subject=10, session=4, speed=1, trial=6, x__rid_x=47b62a3bcd151eb2: dummy_return_one(x)
[12:09:47.385] [INFO] [run] subject=10, session=4, speed=1, trial=7, x__rid_x=980c59f82b5aa556: dummy_return_one(x)
[12:09:47.385] [INFO] [run] subject=10, session=4, speed=10, trial=1, x__rid_x=b1554a89d199c6d8: dummy_return_one(x)
[12:09:47.386] [INFO] [run] subject=10, session=4, speed=10, trial=2, x__rid_x=64d46dbcdd45560f: dummy_return_one(x)
[12:09:47.388] [INFO] [run] subject=10, session=4, speed=10, trial=3, x__rid_x=08e647f7b6cb24d2: dummy_return_one(x)
[12:09:47.389] [INFO] [run] subject=10, session=4, speed=10, trial=4, x__rid_x=1a62e106e6e7c277: dummy_return_one(x)
[12:09:47.390] [INFO] [run] subject=10, session=4, speed=10, trial=5, x__rid_x=0229980c8de340e1: dummy_return_one(x)
[12:09:47.391] [INFO] [run] subject=10, session=4, speed=10, trial=6, x__rid_x=9ddf95cec9cea98c: dummy_return_one(x)
[12:09:47.392] [INFO] [run] subject=10, session=4, speed=10, trial=7, x__rid_x=c99e261ccf9bec61: dummy_return_one(x)
[12:09:47.393] [INFO] [run] subject=10, session=4, speed=2, trial=1, x__rid_x=adad7b964084a736: dummy_return_one(x)
[12:09:47.395] [INFO] [run] subject=10, session=4, speed=2, trial=2, x__rid_x=e9412918e12117be: dummy_return_one(x)
[12:09:47.396] [INFO] [run] subject=10, session=4, speed=2, trial=3, x__rid_x=4a8018628982f5ac: dummy_return_one(x)
[12:09:47.397] [INFO] [run] subject=10, session=4, speed=2, trial=4, x__rid_x=76221f0e6114f3ea: dummy_return_one(x)
[12:09:47.399] [INFO] [run] subject=10, session=4, speed=2, trial=5, x__rid_x=2ef43d94b5c93272: dummy_return_one(x)
[12:09:47.399] [INFO] [run] subject=10, session=4, speed=2, trial=6, x__rid_x=4ca70cc0782ee414: dummy_return_one(x)
[12:09:47.400] [INFO] [run] subject=10, session=4, speed=2, trial=7, x__rid_x=21b8570cfa301623: dummy_return_one(x)
[12:09:47.402] [INFO] [run] subject=10, session=4, speed=3, trial=1, x__rid_x=bd7440168244f8ff: dummy_return_one(x)
[12:09:47.403] [INFO] [run] subject=10, session=4, speed=3, trial=2, x__rid_x=58106618d64389ab: dummy_return_one(x)
[12:09:47.404] [INFO] [run] subject=10, session=4, speed=3, trial=3, x__rid_x=ae67039e4810b326: dummy_return_one(x)
[12:09:47.406] [INFO] [run] subject=10, session=4, speed=3, trial=4, x__rid_x=dd3c650ecc9f9bc1: dummy_return_one(x)
[12:09:47.406] [INFO] [run] subject=10, session=4, speed=3, trial=5, x__rid_x=835231c3c309ed41: dummy_return_one(x)
[12:09:47.407] [INFO] [run] subject=10, session=4, speed=3, trial=6, x__rid_x=a104c56d4043678a: dummy_return_one(x)
[12:09:47.409] [INFO] [run] subject=10, session=4, speed=3, trial=7, x__rid_x=a0abb0041f01e10e: dummy_return_one(x)
[12:09:47.410] [INFO] [run] subject=10, session=4, speed=4, trial=1, x__rid_x=82f172c1e727364d: dummy_return_one(x)
[12:09:47.411] [INFO] [run] subject=10, session=4, speed=4, trial=2, x__rid_x=6b7d368cf81e20f1: dummy_return_one(x)
[12:09:47.413] [INFO] [run] subject=10, session=4, speed=4, trial=3, x__rid_x=fd074ca9973f71a7: dummy_return_one(x)
[12:09:47.414] [INFO] [run] subject=10, session=4, speed=4, trial=4, x__rid_x=e321e8edc1a5c6f3: dummy_return_one(x)
[12:09:47.414] [INFO] [run] subject=10, session=4, speed=4, trial=5, x__rid_x=9fd3c096f49f0931: dummy_return_one(x)
[12:09:47.416] [INFO] [run] subject=10, session=4, speed=4, trial=6, x__rid_x=d67af1fd69207e8b: dummy_return_one(x)
[12:09:47.417] [INFO] [run] subject=10, session=4, speed=4, trial=7, x__rid_x=9cc2cb3d66393395: dummy_return_one(x)
[12:09:47.418] [INFO] [run] subject=10, session=4, speed=5, trial=1, x__rid_x=40a3e719eba0114e: dummy_return_one(x)
[12:09:47.420] [INFO] [run] subject=10, session=4, speed=5, trial=2, x__rid_x=ed6f00448f49172e: dummy_return_one(x)
[12:09:47.420] [INFO] [run] subject=10, session=4, speed=5, trial=3, x__rid_x=7bbda4f4fa3f77da: dummy_return_one(x)
[12:09:47.421] [INFO] [run] subject=10, session=4, speed=5, trial=4, x__rid_x=ae14e4dde6d0b534: dummy_return_one(x)
[12:09:47.423] [INFO] [run] subject=10, session=4, speed=5, trial=5, x__rid_x=07bfcd694682910b: dummy_return_one(x)
[12:09:47.424] [INFO] [run] subject=10, session=4, speed=5, trial=6, x__rid_x=e2c7ff46a41c0918: dummy_return_one(x)
[12:09:47.425] [INFO] [run] subject=10, session=4, speed=5, trial=7, x__rid_x=020b416882846dcf: dummy_return_one(x)
[12:09:47.427] [INFO] [run] subject=10, session=4, speed=6, trial=1, x__rid_x=35bbc3a520ea6648: dummy_return_one(x)
[12:09:47.427] [INFO] [run] subject=10, session=4, speed=6, trial=2, x__rid_x=a279bc56023a0435: dummy_return_one(x)
[12:09:47.428] [INFO] [run] subject=10, session=4, speed=6, trial=3, x__rid_x=bb9577eaa5a49a12: dummy_return_one(x)
[12:09:47.430] [INFO] [run] subject=10, session=4, speed=6, trial=4, x__rid_x=e71555872520d81e: dummy_return_one(x)
[12:09:47.431] [INFO] [run] subject=10, session=4, speed=6, trial=5, x__rid_x=6cd04f142f383322: dummy_return_one(x)
[12:09:47.434] [INFO] [run] subject=10, session=4, speed=6, trial=6, x__rid_x=ecaf6fbf017cdb3e: dummy_return_one(x)
[12:09:47.435] [INFO] [run] subject=10, session=4, speed=6, trial=7, x__rid_x=42b2a72f2020f703: dummy_return_one(x)
[12:09:47.435] [INFO] [run] subject=10, session=4, speed=7, trial=1, x__rid_x=d5033da6ba0aafa1: dummy_return_one(x)
[12:09:47.437] [INFO] [run] subject=10, session=4, speed=7, trial=2, x__rid_x=b99f9fb0a059342b: dummy_return_one(x)
[12:09:47.438] [INFO] [run] subject=10, session=4, speed=7, trial=3, x__rid_x=e8eaa22079966487: dummy_return_one(x)
[12:09:47.439] [INFO] [run] subject=10, session=4, speed=7, trial=4, x__rid_x=f9cb4beb743fb48e: dummy_return_one(x)
[12:09:47.441] [INFO] [run] subject=10, session=4, speed=7, trial=5, x__rid_x=7b248ae36a2a02a6: dummy_return_one(x)
[12:09:47.441] [INFO] [run] subject=10, session=4, speed=7, trial=6, x__rid_x=ba480cda011d8bba: dummy_return_one(x)
[12:09:47.442] [INFO] [run] subject=10, session=4, speed=7, trial=7, x__rid_x=328da6de7394cc0a: dummy_return_one(x)
[12:09:47.444] [INFO] [run] subject=10, session=4, speed=8, trial=1, x__rid_x=69ffbe43b88558d6: dummy_return_one(x)
[12:09:47.445] [INFO] [run] subject=10, session=4, speed=8, trial=2, x__rid_x=17e66b7dccafb8fe: dummy_return_one(x)
[12:09:47.448] [INFO] [run] subject=10, session=4, speed=8, trial=3, x__rid_x=31427bbf9a326915: dummy_return_one(x)
[12:09:47.449] [INFO] [run] subject=10, session=4, speed=8, trial=4, x__rid_x=24a53535411b38f7: dummy_return_one(x)
[12:09:47.450] [INFO] [run] subject=10, session=4, speed=8, trial=5, x__rid_x=6402f3fd63a5f73a: dummy_return_one(x)
[12:09:47.452] [INFO] [run] subject=10, session=4, speed=8, trial=6, x__rid_x=b5b62bc4e5cd1993: dummy_return_one(x)
[12:09:47.452] [INFO] [run] subject=10, session=4, speed=8, trial=7, x__rid_x=95de7d89555376f4: dummy_return_one(x)
[12:09:47.453] [INFO] [run] subject=10, session=4, speed=9, trial=1, x__rid_x=98808f6dd5ec0ed3: dummy_return_one(x)
[12:09:47.455] [INFO] [run] subject=10, session=4, speed=9, trial=2, x__rid_x=9d33d4e8b0fc3e87: dummy_return_one(x)
[12:09:47.456] [INFO] [run] subject=10, session=4, speed=9, trial=3, x__rid_x=f6e13422d323c20c: dummy_return_one(x)
[12:09:47.457] [INFO] [run] subject=10, session=4, speed=9, trial=4, x__rid_x=ef3631392ffca5c7: dummy_return_one(x)
[12:09:47.459] [INFO] [run] subject=10, session=4, speed=9, trial=5, x__rid_x=cba322194de222e6: dummy_return_one(x)
[12:09:47.460] [INFO] [run] subject=10, session=4, speed=9, trial=6, x__rid_x=d3eb5805ac249a0d: dummy_return_one(x)
[12:09:47.461] [INFO] [run] subject=10, session=4, speed=9, trial=7, x__rid_x=2cadf930e20d9ef6: dummy_return_one(x)
[12:09:47.462] [INFO] [run] subject=10, session=5, speed=1, trial=1, x__rid_x=74b510a2b5ba3902: dummy_return_one(x)
[12:09:47.466] [INFO] [run] subject=10, session=5, speed=1, trial=2, x__rid_x=0f6d3fd11cf2f840: dummy_return_one(x)
[12:09:47.467] [INFO] [run] subject=10, session=5, speed=1, trial=3, x__rid_x=71ce4e926a476f43: dummy_return_one(x)
[12:09:47.470] [INFO] [run] subject=10, session=5, speed=1, trial=4, x__rid_x=d3dfdd4e1d7d94e1: dummy_return_one(x)
[12:09:47.470] [INFO] [run] subject=10, session=5, speed=1, trial=5, x__rid_x=1e0ae40d7099168b: dummy_return_one(x)
[12:09:47.471] [INFO] [run] subject=10, session=5, speed=1, trial=6, x__rid_x=14b6adba937d8ee6: dummy_return_one(x)
[12:09:47.473] [INFO] [run] subject=10, session=5, speed=1, trial=7, x__rid_x=5f0d5c00e8bfa8f4: dummy_return_one(x)
[12:09:47.474] [INFO] [run] subject=10, session=5, speed=10, trial=1, x__rid_x=4fff56e1f66bd7dd: dummy_return_one(x)
[12:09:47.474] [INFO] [run] subject=10, session=5, speed=10, trial=2, x__rid_x=edbe6fad66b9d768: dummy_return_one(x)
[12:09:47.477] [INFO] [run] subject=10, session=5, speed=10, trial=3, x__rid_x=aac2612a90f28d84: dummy_return_one(x)
[12:09:47.477] [INFO] [run] subject=10, session=5, speed=10, trial=4, x__rid_x=9311c4dd7d4c0cf4: dummy_return_one(x)
[12:09:47.478] [INFO] [run] subject=10, session=5, speed=10, trial=5, x__rid_x=f9fd6804bb850669: dummy_return_one(x)
[12:09:47.479] [INFO] [run] subject=10, session=5, speed=10, trial=6, x__rid_x=dac826f2df7ea72b: dummy_return_one(x)
[12:09:47.480] [INFO] [run] subject=10, session=5, speed=10, trial=7, x__rid_x=eecdd36bec6dff51: dummy_return_one(x)
[12:09:47.482] [INFO] [run] subject=10, session=5, speed=2, trial=1, x__rid_x=77c181add0859441: dummy_return_one(x)
[12:09:47.484] [INFO] [run] subject=10, session=5, speed=2, trial=2, x__rid_x=c199702b97e6898f: dummy_return_one(x)
[12:09:47.485] [INFO] [run] subject=10, session=5, speed=2, trial=3, x__rid_x=3f42e50f05b0e290: dummy_return_one(x)
[12:09:47.486] [INFO] [run] subject=10, session=5, speed=2, trial=4, x__rid_x=aec76a82ca7904de: dummy_return_one(x)
[12:09:47.488] [INFO] [run] subject=10, session=5, speed=2, trial=5, x__rid_x=799f494f9a07da83: dummy_return_one(x)
[12:09:47.488] [INFO] [run] subject=10, session=5, speed=2, trial=6, x__rid_x=09e6f6b676c17d0a: dummy_return_one(x)
[12:09:47.489] [INFO] [run] subject=10, session=5, speed=2, trial=7, x__rid_x=a03eacd68d8b7e17: dummy_return_one(x)
[12:09:47.491] [INFO] [run] subject=10, session=5, speed=3, trial=1, x__rid_x=9552925f9c306072: dummy_return_one(x)
[12:09:47.492] [INFO] [run] subject=10, session=5, speed=3, trial=2, x__rid_x=301df5f13302e426: dummy_return_one(x)
[12:09:47.493] [INFO] [run] subject=10, session=5, speed=3, trial=3, x__rid_x=e28a78f251795358: dummy_return_one(x)
[12:09:47.495] [INFO] [run] subject=10, session=5, speed=3, trial=4, x__rid_x=b5b819a641bcafb1: dummy_return_one(x)
[12:09:47.496] [INFO] [run] subject=10, session=5, speed=3, trial=5, x__rid_x=65a9970b78c14a05: dummy_return_one(x)
[12:09:47.499] [INFO] [run] subject=10, session=5, speed=3, trial=6, x__rid_x=d58fec549182e242: dummy_return_one(x)
[12:09:47.500] [INFO] [run] subject=10, session=5, speed=3, trial=7, x__rid_x=9c07678dc2ec6f72: dummy_return_one(x)
[12:09:47.500] [INFO] [run] subject=10, session=5, speed=4, trial=1, x__rid_x=8624dc54d0683051: dummy_return_one(x)
[12:09:47.502] [INFO] [run] subject=10, session=5, speed=4, trial=2, x__rid_x=3d00a33dafddd4c8: dummy_return_one(x)
[12:09:47.503] [INFO] [run] subject=10, session=5, speed=4, trial=3, x__rid_x=9b57a6bbae08511d: dummy_return_one(x)
[12:09:47.504] [INFO] [run] subject=10, session=5, speed=4, trial=4, x__rid_x=9aa34982987c58e4: dummy_return_one(x)
[12:09:47.506] [INFO] [run] subject=10, session=5, speed=4, trial=5, x__rid_x=8183110ee8bc68c0: dummy_return_one(x)
[12:09:47.507] [INFO] [run] subject=10, session=5, speed=4, trial=6, x__rid_x=03e32694526717db: dummy_return_one(x)
[12:09:47.508] [INFO] [run] subject=10, session=5, speed=4, trial=7, x__rid_x=236256193a75e333: dummy_return_one(x)
[12:09:47.511] [INFO] [run] subject=10, session=5, speed=5, trial=1, x__rid_x=3173a7cc25392448: dummy_return_one(x)
[12:09:47.514] [INFO] [run] subject=10, session=5, speed=5, trial=2, x__rid_x=05e97fca1926e692: dummy_return_one(x)
[12:09:47.515] [INFO] [run] subject=10, session=5, speed=5, trial=3, x__rid_x=a4696a73503b4b5a: dummy_return_one(x)
[12:09:47.517] [INFO] [run] subject=10, session=5, speed=5, trial=4, x__rid_x=0d4177d32d8d5e8f: dummy_return_one(x)
[12:09:47.518] [INFO] [run] subject=10, session=5, speed=5, trial=5, x__rid_x=c410131510143171: dummy_return_one(x)
[12:09:47.519] [INFO] [run] subject=10, session=5, speed=5, trial=6, x__rid_x=e96e670c75b10f13: dummy_return_one(x)
[12:09:47.521] [INFO] [run] subject=10, session=5, speed=5, trial=7, x__rid_x=9bef569c1551a3ec: dummy_return_one(x)
[12:09:47.521] [INFO] [run] subject=10, session=5, speed=6, trial=1, x__rid_x=051c2ba9d9e80098: dummy_return_one(x)
[12:09:47.522] [INFO] [run] subject=10, session=5, speed=6, trial=2, x__rid_x=b9944406f8223598: dummy_return_one(x)
[12:09:47.524] [INFO] [run] subject=10, session=5, speed=6, trial=3, x__rid_x=1c6a55ee8e006d4b: dummy_return_one(x)
[12:09:47.525] [INFO] [run] subject=10, session=5, speed=6, trial=4, x__rid_x=1671c5909e9e7f1f: dummy_return_one(x)
[12:09:47.526] [INFO] [run] subject=10, session=5, speed=6, trial=5, x__rid_x=8af7a2447689cd2e: dummy_return_one(x)
[12:09:47.528] [INFO] [run] subject=10, session=5, speed=6, trial=6, x__rid_x=8d709b3b393d4710: dummy_return_one(x)
[12:09:47.529] [INFO] [run] subject=10, session=5, speed=6, trial=7, x__rid_x=9f70b96c1fe02426: dummy_return_one(x)
[12:09:47.529] [INFO] [run] subject=10, session=5, speed=7, trial=1, x__rid_x=40d724beceaca259: dummy_return_one(x)
[12:09:47.532] [INFO] [run] subject=10, session=5, speed=7, trial=2, x__rid_x=337342c49b0ea02d: dummy_return_one(x)
[12:09:47.533] [INFO] [run] subject=10, session=5, speed=7, trial=3, x__rid_x=4da711ab4ffad20f: dummy_return_one(x)
[12:09:47.533] [INFO] [run] subject=10, session=5, speed=7, trial=4, x__rid_x=9071cecdff7e68cb: dummy_return_one(x)
[12:09:47.535] [INFO] [run] subject=10, session=5, speed=7, trial=5, x__rid_x=4827bdef9789a294: dummy_return_one(x)
[12:09:47.536] [INFO] [run] subject=10, session=5, speed=7, trial=6, x__rid_x=5811e8083ca281fb: dummy_return_one(x)
[12:09:47.537] [INFO] [run] subject=10, session=5, speed=7, trial=7, x__rid_x=69bd8fb5ded2d197: dummy_return_one(x)
[12:09:47.539] [INFO] [run] subject=10, session=5, speed=8, trial=1, x__rid_x=859ab40fb5febb09: dummy_return_one(x)
[12:09:47.540] [INFO] [run] subject=10, session=5, speed=8, trial=2, x__rid_x=c96569c1b809e604: dummy_return_one(x)
[12:09:47.541] [INFO] [run] subject=10, session=5, speed=8, trial=3, x__rid_x=eaccc3c6fa07df3f: dummy_return_one(x)
[12:09:47.543] [INFO] [run] subject=10, session=5, speed=8, trial=4, x__rid_x=def6b83acc66002c: dummy_return_one(x)
[12:09:47.544] [INFO] [run] subject=10, session=5, speed=8, trial=5, x__rid_x=654ad19561a8c999: dummy_return_one(x)
[12:09:47.544] [INFO] [run] subject=10, session=5, speed=8, trial=6, x__rid_x=01f54b94b18ac026: dummy_return_one(x)
[12:09:47.547] [INFO] [run] subject=10, session=5, speed=8, trial=7, x__rid_x=7cb1d40848c35e91: dummy_return_one(x)
[12:09:47.548] [INFO] [run] subject=10, session=5, speed=9, trial=1, x__rid_x=b74b94e5ff34d0df: dummy_return_one(x)
[12:09:47.551] [INFO] [run] subject=10, session=5, speed=9, trial=2, x__rid_x=0309050da515991d: dummy_return_one(x)
[12:09:47.551] [INFO] [run] subject=10, session=5, speed=9, trial=3, x__rid_x=5abc6d3a0b4d8ea9: dummy_return_one(x)
[12:09:47.552] [INFO] [run] subject=10, session=5, speed=9, trial=4, x__rid_x=70d8eafefb72a4c9: dummy_return_one(x)
[12:09:47.554] [INFO] [run] subject=10, session=5, speed=9, trial=5, x__rid_x=4132767beb6b0767: dummy_return_one(x)
[12:09:47.555] [INFO] [run] subject=10, session=5, speed=9, trial=6, x__rid_x=098a38cee8b15b6b: dummy_return_one(x)
[12:09:47.556] [INFO] [run] subject=10, session=5, speed=9, trial=7, x__rid_x=3c6786976dcc660c: dummy_return_one(x)
[12:09:47.558] [INFO] [run] subject=11, session=1, speed=1, trial=1, x__rid_x=41a68424dbe228b7: dummy_return_one(x)
[12:09:47.559] [INFO] [run] subject=11, session=1, speed=1, trial=2, x__rid_x=36527788f10b6726: dummy_return_one(x)
[12:09:47.559] [INFO] [run] subject=11, session=1, speed=1, trial=3, x__rid_x=a3bad23676b30692: dummy_return_one(x)
[12:09:47.562] [INFO] [run] subject=11, session=1, speed=1, trial=4, x__rid_x=3460d47f80a18f57: dummy_return_one(x)
[12:09:47.562] [INFO] [run] subject=11, session=1, speed=1, trial=5, x__rid_x=266076b7607f159d: dummy_return_one(x)
[12:09:47.565] [INFO] [run] subject=11, session=1, speed=1, trial=6, x__rid_x=1ef964f4572e3c47: dummy_return_one(x)
[12:09:47.566] [INFO] [run] subject=11, session=1, speed=1, trial=7, x__rid_x=4b9d308ada7e770c: dummy_return_one(x)
[12:09:47.567] [INFO] [run] subject=11, session=1, speed=10, trial=1, x__rid_x=fa2a498ba7f0d185: dummy_return_one(x)
[12:09:47.569] [INFO] [run] subject=11, session=1, speed=10, trial=2, x__rid_x=485a3e3a39ed20c4: dummy_return_one(x)
[12:09:47.570] [INFO] [run] subject=11, session=1, speed=10, trial=3, x__rid_x=062a0975825dcbc6: dummy_return_one(x)
[12:09:47.571] [INFO] [run] subject=11, session=1, speed=10, trial=4, x__rid_x=f075d6f1958ed366: dummy_return_one(x)
[12:09:47.573] [INFO] [run] subject=11, session=1, speed=10, trial=5, x__rid_x=51a33ee82ea856d8: dummy_return_one(x)
[12:09:47.574] [INFO] [run] subject=11, session=1, speed=10, trial=6, x__rid_x=5ccda86b78a595df: dummy_return_one(x)
[12:09:47.574] [INFO] [run] subject=11, session=1, speed=10, trial=7, x__rid_x=36366876d6b2ca8c: dummy_return_one(x)
[12:09:47.577] [INFO] [run] subject=11, session=1, speed=2, trial=1, x__rid_x=543da8951b331caf: dummy_return_one(x)
[12:09:47.578] [INFO] [run] subject=11, session=1, speed=2, trial=2, x__rid_x=42e9bc13c07b01bf: dummy_return_one(x)
[12:09:47.578] [INFO] [run] subject=11, session=1, speed=2, trial=3, x__rid_x=6a53aa2fdbb7be36: dummy_return_one(x)
[12:09:47.581] [INFO] [run] subject=11, session=1, speed=2, trial=4, x__rid_x=f46ce87768306a48: dummy_return_one(x)
[12:09:47.582] [INFO] [run] subject=11, session=1, speed=2, trial=5, x__rid_x=ee5e351288511ec3: dummy_return_one(x)
[12:09:47.585] [INFO] [run] subject=11, session=1, speed=2, trial=6, x__rid_x=d9dc7bd6f598a474: dummy_return_one(x)
[12:09:47.586] [INFO] [run] subject=11, session=1, speed=2, trial=7, x__rid_x=a60941bb0e9aeeb3: dummy_return_one(x)
[12:09:47.586] [INFO] [run] subject=11, session=1, speed=3, trial=1, x__rid_x=bcd1a6da20a51530: dummy_return_one(x)
[12:09:47.589] [INFO] [run] subject=11, session=1, speed=3, trial=2, x__rid_x=cb99b3fe9785e8f3: dummy_return_one(x)
[12:09:47.590] [INFO] [run] subject=11, session=1, speed=3, trial=3, x__rid_x=8d7fa2268028679c: dummy_return_one(x)
[12:09:47.593] [INFO] [run] subject=11, session=1, speed=3, trial=4, x__rid_x=f6e85e2f50edb5cd: dummy_return_one(x)
[12:09:47.597] [INFO] [run] subject=11, session=1, speed=3, trial=5, x__rid_x=eaf63d9730acd75e: dummy_return_one(x)
[12:09:47.598] [INFO] [run] subject=11, session=1, speed=3, trial=6, x__rid_x=b1cb673c1bdc5696: dummy_return_one(x)
[12:09:47.601] [INFO] [run] subject=11, session=1, speed=3, trial=7, x__rid_x=4c32d97b107246ea: dummy_return_one(x)
[12:09:47.602] [INFO] [run] subject=11, session=1, speed=4, trial=1, x__rid_x=cf0119f8bfc7c80f: dummy_return_one(x)
[12:09:47.604] [INFO] [run] subject=11, session=1, speed=4, trial=2, x__rid_x=53a83b0e54f23c40: dummy_return_one(x)
[12:09:47.605] [INFO] [run] subject=11, session=1, speed=4, trial=3, x__rid_x=80b6d242ebd3e4ce: dummy_return_one(x)
[12:09:47.606] [INFO] [run] subject=11, session=1, speed=4, trial=4, x__rid_x=634e885c14b96cb0: dummy_return_one(x)
[12:09:47.608] [INFO] [run] subject=11, session=1, speed=4, trial=5, x__rid_x=6a9939dd7ca2c7f1: dummy_return_one(x)
[12:09:47.609] [INFO] [run] subject=11, session=1, speed=4, trial=6, x__rid_x=95cc46e760b9439a: dummy_return_one(x)
[12:09:47.610] [INFO] [run] subject=11, session=1, speed=4, trial=7, x__rid_x=ea37c57fd95b418d: dummy_return_one(x)
[12:09:47.612] [INFO] [run] subject=11, session=1, speed=5, trial=1, x__rid_x=e9bbec2af53f8554: dummy_return_one(x)
[12:09:47.613] [INFO] [run] subject=11, session=1, speed=5, trial=2, x__rid_x=14ec4a7186cf6867: dummy_return_one(x)
[12:09:47.614] [INFO] [run] subject=11, session=1, speed=5, trial=3, x__rid_x=4dd7b03ca6ef0d4b: dummy_return_one(x)
[12:09:47.616] [INFO] [run] subject=11, session=1, speed=5, trial=4, x__rid_x=1f7f3f5bda9acf4a: dummy_return_one(x)
[12:09:47.616] [INFO] [run] subject=11, session=1, speed=5, trial=5, x__rid_x=389c6ae73801e201: dummy_return_one(x)
[12:09:47.617] [INFO] [run] subject=11, session=1, speed=5, trial=6, x__rid_x=1fab8c701863e542: dummy_return_one(x)
[12:09:47.619] [INFO] [run] subject=11, session=1, speed=5, trial=7, x__rid_x=1a03871a84deda25: dummy_return_one(x)
[12:09:47.620] [INFO] [run] subject=11, session=1, speed=6, trial=1, x__rid_x=da4e8a97b1213117: dummy_return_one(x)
[12:09:47.621] [INFO] [run] subject=11, session=1, speed=6, trial=2, x__rid_x=416a56b65d5427a7: dummy_return_one(x)
[12:09:47.623] [INFO] [run] subject=11, session=1, speed=6, trial=3, x__rid_x=8e8a21daecb21ead: dummy_return_one(x)
[12:09:47.627] [INFO] [run] subject=11, session=1, speed=6, trial=4, x__rid_x=709a90c6905f6b30: dummy_return_one(x)
[12:09:47.629] [INFO] [run] subject=11, session=1, speed=6, trial=5, x__rid_x=92bafd4a3749b22b: dummy_return_one(x)
[12:09:47.631] [INFO] [run] subject=11, session=1, speed=6, trial=6, x__rid_x=d850aacd463d08bd: dummy_return_one(x)
[12:09:47.632] [INFO] [run] subject=11, session=1, speed=6, trial=7, x__rid_x=6ea98662da137576: dummy_return_one(x)
[12:09:47.635] [INFO] [run] subject=11, session=1, speed=7, trial=1, x__rid_x=9d698f06d98da0a1: dummy_return_one(x)
[12:09:47.636] [INFO] [run] subject=11, session=1, speed=7, trial=2, x__rid_x=551bbcf1ea2bf9d6: dummy_return_one(x)
[12:09:47.639] [INFO] [run] subject=11, session=1, speed=7, trial=3, x__rid_x=0d422355f0a23e8a: dummy_return_one(x)
[12:09:47.640] [INFO] [run] subject=11, session=1, speed=7, trial=4, x__rid_x=de43dfaa7e5fe9b2: dummy_return_one(x)
[12:09:47.640] [INFO] [run] subject=11, session=1, speed=7, trial=5, x__rid_x=80015bd5a0b9285d: dummy_return_one(x)
[12:09:47.643] [INFO] [run] subject=11, session=1, speed=7, trial=6, x__rid_x=5b834c6c35a19bc6: dummy_return_one(x)
[12:09:47.643] [INFO] [run] subject=11, session=1, speed=7, trial=7, x__rid_x=3a60fa9f810485dd: dummy_return_one(x)
[12:09:47.644] [INFO] [run] subject=11, session=1, speed=8, trial=1, x__rid_x=b2a0b526f3e4106c: dummy_return_one(x)
[12:09:47.646] [INFO] [run] subject=11, session=1, speed=8, trial=2, x__rid_x=9ca95e4a8335734d: dummy_return_one(x)
[12:09:47.648] [INFO] [run] subject=11, session=1, speed=8, trial=3, x__rid_x=2b3140a94785c3ef: dummy_return_one(x)
[12:09:47.650] [INFO] [run] subject=11, session=1, speed=8, trial=4, x__rid_x=e55906a417b0bd2a: dummy_return_one(x)
[12:09:47.651] [INFO] [run] subject=11, session=1, speed=8, trial=5, x__rid_x=b2e4c07efde66d53: dummy_return_one(x)
[12:09:47.652] [INFO] [run] subject=11, session=1, speed=8, trial=6, x__rid_x=bfa44391d52ef7c7: dummy_return_one(x)
[12:09:47.655] [INFO] [run] subject=11, session=1, speed=8, trial=7, x__rid_x=8eb417f0234ddd23: dummy_return_one(x)
[12:09:47.656] [INFO] [run] subject=11, session=1, speed=9, trial=1, x__rid_x=2c67a28fce219fbf: dummy_return_one(x)
[12:09:47.659] [INFO] [run] subject=11, session=1, speed=9, trial=2, x__rid_x=140edc00ccaf37be: dummy_return_one(x)
[12:09:47.660] [INFO] [run] subject=11, session=1, speed=9, trial=3, x__rid_x=fce317ddc28346e0: dummy_return_one(x)
[12:09:47.663] [INFO] [run] subject=11, session=1, speed=9, trial=4, x__rid_x=626bfde62d8ae3d8: dummy_return_one(x)
[12:09:47.667] [INFO] [run] subject=11, session=1, speed=9, trial=5, x__rid_x=759706a6c75e66ee: dummy_return_one(x)
[12:09:47.671] [INFO] [run] subject=11, session=1, speed=9, trial=6, x__rid_x=fabda753771407d1: dummy_return_one(x)
[12:09:47.672] [INFO] [run] subject=11, session=1, speed=9, trial=7, x__rid_x=1470769113376060: dummy_return_one(x)
[12:09:47.675] [INFO] [run] subject=11, session=2, speed=1, trial=1, x__rid_x=6460ae4259a8137f: dummy_return_one(x)
[12:09:47.677] [INFO] [run] subject=11, session=2, speed=1, trial=2, x__rid_x=544da885c8d2c4de: dummy_return_one(x)
[12:09:47.680] [INFO] [run] subject=11, session=2, speed=1, trial=3, x__rid_x=70c2abc5649187dc: dummy_return_one(x)
[12:09:47.683] [INFO] [run] subject=11, session=2, speed=1, trial=4, x__rid_x=935cab5671018766: dummy_return_one(x)
[12:09:47.684] [INFO] [run] subject=11, session=2, speed=1, trial=5, x__rid_x=739e244ea1947b68: dummy_return_one(x)
[12:09:47.687] [INFO] [run] subject=11, session=2, speed=1, trial=6, x__rid_x=dc43dd047b70f39d: dummy_return_one(x)
[12:09:47.692] [INFO] [run] subject=11, session=2, speed=1, trial=7, x__rid_x=84080ee1e80cd0f3: dummy_return_one(x)
[12:09:47.697] [INFO] [run] subject=11, session=2, speed=10, trial=1, x__rid_x=6e96b3d0e2997585: dummy_return_one(x)
[12:09:47.699] [INFO] [run] subject=11, session=2, speed=10, trial=2, x__rid_x=b091c990d1239be8: dummy_return_one(x)
[12:09:47.703] [INFO] [run] subject=11, session=2, speed=10, trial=3, x__rid_x=b8a80a6fde912b0a: dummy_return_one(x)
[12:09:47.704] [INFO] [run] subject=11, session=2, speed=10, trial=4, x__rid_x=d2a45a484471ce96: dummy_return_one(x)
[12:09:47.705] [INFO] [run] subject=11, session=2, speed=10, trial=5, x__rid_x=35f97de9e8adbdbb: dummy_return_one(x)
[12:09:47.707] [INFO] [run] subject=11, session=2, speed=10, trial=6, x__rid_x=56340559afd5bec6: dummy_return_one(x)
[12:09:47.712] [INFO] [run] subject=11, session=2, speed=10, trial=7, x__rid_x=c27a9368a2e1262e: dummy_return_one(x)
[12:09:47.713] [INFO] [run] subject=11, session=2, speed=2, trial=1, x__rid_x=4b1489f5189a8861: dummy_return_one(x)
[12:09:47.716] [INFO] [run] subject=11, session=2, speed=2, trial=2, x__rid_x=8b26643b19c19acb: dummy_return_one(x)
[12:09:47.719] [INFO] [run] subject=11, session=2, speed=2, trial=3, x__rid_x=9624b8307ff46400: dummy_return_one(x)
[12:09:47.723] [INFO] [run] subject=11, session=2, speed=2, trial=4, x__rid_x=32b105b4cec9ab7a: dummy_return_one(x)
[12:09:47.727] [INFO] [run] subject=11, session=2, speed=2, trial=5, x__rid_x=fa9ed74e40cbeba7: dummy_return_one(x)
[12:09:47.728] [INFO] [run] subject=11, session=2, speed=2, trial=6, x__rid_x=aff101ab5b2e2c0a: dummy_return_one(x)
[12:09:47.731] [INFO] [run] subject=11, session=2, speed=2, trial=7, x__rid_x=fa7b950ce1555e7d: dummy_return_one(x)
[12:09:47.735] [INFO] [run] subject=11, session=2, speed=3, trial=1, x__rid_x=ab922e19b230fc11: dummy_return_one(x)
[12:09:47.738] [INFO] [run] subject=11, session=2, speed=3, trial=2, x__rid_x=043847b8ee123f7e: dummy_return_one(x)
[12:09:47.740] [INFO] [run] subject=11, session=2, speed=3, trial=3, x__rid_x=3a44fe3c85cd7022: dummy_return_one(x)
[12:09:47.743] [INFO] [run] subject=11, session=2, speed=3, trial=4, x__rid_x=ff79808b0b608fae: dummy_return_one(x)
[12:09:47.744] [INFO] [run] subject=11, session=2, speed=3, trial=5, x__rid_x=c6989b39146786c0: dummy_return_one(x)
[12:09:47.745] [INFO] [run] subject=11, session=2, speed=3, trial=6, x__rid_x=f53dcfa663055132: dummy_return_one(x)
[12:09:47.747] [INFO] [run] subject=11, session=2, speed=3, trial=7, x__rid_x=fb2b8745dba5f84b: dummy_return_one(x)
[12:09:47.748] [INFO] [run] subject=11, session=2, speed=4, trial=1, x__rid_x=1527fd33f789f0ca: dummy_return_one(x)
[12:09:47.749] [INFO] [run] subject=11, session=2, speed=4, trial=2, x__rid_x=77a001c5e30248d5: dummy_return_one(x)
[12:09:47.751] [INFO] [run] subject=11, session=2, speed=4, trial=3, x__rid_x=d4a7bf1a0d6f7e09: dummy_return_one(x)
[12:09:47.752] [INFO] [run] subject=11, session=2, speed=4, trial=4, x__rid_x=4af3d393f62bfd01: dummy_return_one(x)
[12:09:47.754] [INFO] [run] subject=11, session=2, speed=4, trial=5, x__rid_x=760bd94a61875686: dummy_return_one(x)
[12:09:47.755] [INFO] [run] subject=11, session=2, speed=4, trial=6, x__rid_x=addb3bd0d9970ef2: dummy_return_one(x)
[12:09:47.756] [INFO] [run] subject=11, session=2, speed=4, trial=7, x__rid_x=a308bdd6948b7b4e: dummy_return_one(x)
[12:09:47.758] [INFO] [run] subject=11, session=2, speed=5, trial=1, x__rid_x=6057e7b0e941b25a: dummy_return_one(x)
[12:09:47.759] [INFO] [run] subject=11, session=2, speed=5, trial=2, x__rid_x=eb2764f547bb615e: dummy_return_one(x)
[12:09:47.760] [INFO] [run] subject=11, session=2, speed=5, trial=3, x__rid_x=6290f1dbe7b68d3d: dummy_return_one(x)
[12:09:47.762] [INFO] [run] subject=11, session=2, speed=5, trial=4, x__rid_x=c5afeb2c84f3f3bd: dummy_return_one(x)
[12:09:47.763] [INFO] [run] subject=11, session=2, speed=5, trial=5, x__rid_x=540fdbbf07f48548: dummy_return_one(x)
[12:09:47.766] [INFO] [run] subject=11, session=2, speed=5, trial=6, x__rid_x=b02defafc3cbc894: dummy_return_one(x)
[12:09:47.767] [INFO] [run] subject=11, session=2, speed=5, trial=7, x__rid_x=f52cefd66617432e: dummy_return_one(x)
[12:09:47.768] [INFO] [run] subject=11, session=2, speed=6, trial=1, x__rid_x=4b48240f29e692a3: dummy_return_one(x)
[12:09:47.770] [INFO] [run] subject=11, session=2, speed=6, trial=2, x__rid_x=ed7bbf3cff0984ca: dummy_return_one(x)
[12:09:47.772] [INFO] [run] subject=11, session=2, speed=6, trial=3, x__rid_x=a123ec585a559a51: dummy_return_one(x)
[12:09:47.775] [INFO] [run] subject=11, session=2, speed=6, trial=4, x__rid_x=d4660a067f185010: dummy_return_one(x)
[12:09:47.776] [INFO] [run] subject=11, session=2, speed=6, trial=5, x__rid_x=62d156d42d6d4672: dummy_return_one(x)
[12:09:47.776] [INFO] [run] subject=11, session=2, speed=6, trial=6, x__rid_x=77c70c861692612c: dummy_return_one(x)
[12:09:47.778] [INFO] [run] subject=11, session=2, speed=6, trial=7, x__rid_x=dfa22283dc445074: dummy_return_one(x)
[12:09:47.779] [INFO] [run] subject=11, session=2, speed=7, trial=1, x__rid_x=045cbc7b3012c096: dummy_return_one(x)
[12:09:47.780] [INFO] [run] subject=11, session=2, speed=7, trial=2, x__rid_x=34b0a376dae19f09: dummy_return_one(x)
[12:09:47.782] [INFO] [run] subject=11, session=2, speed=7, trial=3, x__rid_x=53840f9b8ab04ec2: dummy_return_one(x)
[12:09:47.783] [INFO] [run] subject=11, session=2, speed=7, trial=4, x__rid_x=53754782cf683f6f: dummy_return_one(x)
[12:09:47.786] [INFO] [run] subject=11, session=2, speed=7, trial=5, x__rid_x=8336798ad4474cfb: dummy_return_one(x)
[12:09:47.787] [INFO] [run] subject=11, session=2, speed=7, trial=6, x__rid_x=f007d2faf6164b57: dummy_return_one(x)
[12:09:47.787] [INFO] [run] subject=11, session=2, speed=7, trial=7, x__rid_x=e7329719b41c025c: dummy_return_one(x)
[12:09:47.790] [INFO] [run] subject=11, session=2, speed=8, trial=1, x__rid_x=d22a675780673ecf: dummy_return_one(x)
[12:09:47.791] [INFO] [run] subject=11, session=2, speed=8, trial=2, x__rid_x=aec6a6f4986210a6: dummy_return_one(x)
[12:09:47.792] [INFO] [run] subject=11, session=2, speed=8, trial=3, x__rid_x=2171e74b5332fca1: dummy_return_one(x)
[12:09:47.796] [INFO] [run] subject=11, session=2, speed=8, trial=4, x__rid_x=a866c192cd5239d6: dummy_return_one(x)
[12:09:47.802] [INFO] [run] subject=11, session=2, speed=8, trial=5, x__rid_x=9c3d9fdce62d37f7: dummy_return_one(x)
[12:09:47.805] [INFO] [run] subject=11, session=2, speed=8, trial=6, x__rid_x=ab75aa9662669a22: dummy_return_one(x)
[12:09:47.810] [INFO] [run] subject=11, session=2, speed=8, trial=7, x__rid_x=df1e3fc3c3d228fb: dummy_return_one(x)
[12:09:47.811] [INFO] [run] subject=11, session=2, speed=9, trial=1, x__rid_x=1c6e24be880e06bd: dummy_return_one(x)
[12:09:47.815] [INFO] [run] subject=11, session=2, speed=9, trial=2, x__rid_x=1a416aeaef0196e0: dummy_return_one(x)
[12:09:47.818] [INFO] [run] subject=11, session=2, speed=9, trial=3, x__rid_x=a1e18be9073c78b5: dummy_return_one(x)
[12:09:47.824] [INFO] [run] subject=11, session=2, speed=9, trial=4, x__rid_x=2cb468d652454fe6: dummy_return_one(x)
[12:09:47.826] [INFO] [run] subject=11, session=2, speed=9, trial=5, x__rid_x=d493772ac8c4688b: dummy_return_one(x)
[12:09:47.831] [INFO] [run] subject=11, session=2, speed=9, trial=6, x__rid_x=783a844bdbf29bc8: dummy_return_one(x)
[12:09:47.835] [INFO] [run] subject=11, session=2, speed=9, trial=7, x__rid_x=1476a2b1c25f9baa: dummy_return_one(x)
[12:09:47.839] [INFO] [run] subject=11, session=3, speed=1, trial=1, x__rid_x=9d0f32ea84edd7e4: dummy_return_one(x)
[12:09:47.840] [INFO] [run] subject=11, session=3, speed=1, trial=2, x__rid_x=3c02819365cd4014: dummy_return_one(x)
[12:09:47.843] [INFO] [run] subject=11, session=3, speed=1, trial=3, x__rid_x=8337e0146d0bb661: dummy_return_one(x)
[12:09:47.843] [INFO] [run] subject=11, session=3, speed=1, trial=4, x__rid_x=93b299a9cc963db6: dummy_return_one(x)
[12:09:47.844] [INFO] [run] subject=11, session=3, speed=1, trial=5, x__rid_x=f6e2b5be629fae92: dummy_return_one(x)
[12:09:47.847] [INFO] [run] subject=11, session=3, speed=1, trial=6, x__rid_x=fc514edfe70e8480: dummy_return_one(x)
[12:09:47.848] [INFO] [run] subject=11, session=3, speed=1, trial=7, x__rid_x=9128bd9f2f6d82eb: dummy_return_one(x)
[12:09:47.850] [INFO] [run] subject=11, session=3, speed=10, trial=1, x__rid_x=03cb24fe62ea4895: dummy_return_one(x)
[12:09:47.851] [INFO] [run] subject=11, session=3, speed=10, trial=2, x__rid_x=8bc88c420abe38d5: dummy_return_one(x)
[12:09:47.854] [INFO] [run] subject=11, session=3, speed=10, trial=3, x__rid_x=334c4a4162a9bb8c: dummy_return_one(x)
[12:09:47.855] [INFO] [run] subject=11, session=3, speed=10, trial=4, x__rid_x=f246b904932c4500: dummy_return_one(x)
[12:09:47.856] [INFO] [run] subject=11, session=3, speed=10, trial=5, x__rid_x=6bd890216ddb9598: dummy_return_one(x)
[12:09:47.858] [INFO] [run] subject=11, session=3, speed=10, trial=6, x__rid_x=119d22558d3fe3af: dummy_return_one(x)
[12:09:47.859] [INFO] [run] subject=11, session=3, speed=10, trial=7, x__rid_x=44078f7ebd21456d: dummy_return_one(x)
[12:09:47.860] [INFO] [run] subject=11, session=3, speed=2, trial=1, x__rid_x=a8bbd0ef72f5bf9c: dummy_return_one(x)
[12:09:47.862] [INFO] [run] subject=11, session=3, speed=2, trial=2, x__rid_x=8d8cc624a54c365b: dummy_return_one(x)
[12:09:47.863] [INFO] [run] subject=11, session=3, speed=2, trial=3, x__rid_x=aacbf308f30dbaac: dummy_return_one(x)
[12:09:47.866] [INFO] [run] subject=11, session=3, speed=2, trial=4, x__rid_x=596574b811c9b8d4: dummy_return_one(x)
[12:09:47.867] [INFO] [run] subject=11, session=3, speed=2, trial=5, x__rid_x=1f04955e7d1d06cb: dummy_return_one(x)
[12:09:47.870] [INFO] [run] subject=11, session=3, speed=2, trial=6, x__rid_x=403627e276b7fd49: dummy_return_one(x)
[12:09:47.870] [INFO] [run] subject=11, session=3, speed=2, trial=7, x__rid_x=62137bf28af8ab2f: dummy_return_one(x)
[12:09:47.871] [INFO] [run] subject=11, session=3, speed=3, trial=1, x__rid_x=94c041abd03a1cb2: dummy_return_one(x)
[12:09:47.874] [INFO] [run] subject=11, session=3, speed=3, trial=2, x__rid_x=e8d7e90093e03e3d: dummy_return_one(x)
[12:09:47.875] [INFO] [run] subject=11, session=3, speed=3, trial=3, x__rid_x=22d768729eb3c079: dummy_return_one(x)
[12:09:47.877] [INFO] [run] subject=11, session=3, speed=3, trial=4, x__rid_x=6ffccb1b6cf2bcd8: dummy_return_one(x)
[12:09:47.878] [INFO] [run] subject=11, session=3, speed=3, trial=5, x__rid_x=d29cd6236da95fee: dummy_return_one(x)
[12:09:47.879] [INFO] [run] subject=11, session=3, speed=3, trial=6, x__rid_x=0e2abf55c5488451: dummy_return_one(x)
[12:09:47.882] [INFO] [run] subject=11, session=3, speed=3, trial=7, x__rid_x=4521df9fbeff3fe2: dummy_return_one(x)
[12:09:47.886] [INFO] [run] subject=11, session=3, speed=4, trial=1, x__rid_x=dcb2a0f2beee7805: dummy_return_one(x)
[12:09:47.890] [INFO] [run] subject=11, session=3, speed=4, trial=2, x__rid_x=4bda9be0eeafde18: dummy_return_one(x)
[12:09:47.891] [INFO] [run] subject=11, session=3, speed=4, trial=3, x__rid_x=b6c13fd3c359665f: dummy_return_one(x)
[12:09:47.893] [INFO] [run] subject=11, session=3, speed=4, trial=4, x__rid_x=c5a188101896ef8a: dummy_return_one(x)
[12:09:47.894] [INFO] [run] subject=11, session=3, speed=4, trial=5, x__rid_x=2a77410a264f4dfb: dummy_return_one(x)
[12:09:47.895] [INFO] [run] subject=11, session=3, speed=4, trial=6, x__rid_x=728d47fee5fe845b: dummy_return_one(x)
[12:09:47.898] [INFO] [run] subject=11, session=3, speed=4, trial=7, x__rid_x=d98159c87af84620: dummy_return_one(x)
[12:09:47.899] [INFO] [run] subject=11, session=3, speed=5, trial=1, x__rid_x=e75c55084883e953: dummy_return_one(x)
[12:09:47.908] [INFO] [run] subject=11, session=3, speed=5, trial=2, x__rid_x=800d94bad6ec3745: dummy_return_one(x)
[12:09:47.911] [INFO] [run] subject=11, session=3, speed=5, trial=3, x__rid_x=742c28217573b66b: dummy_return_one(x)
[12:09:47.914] [INFO] [run] subject=11, session=3, speed=5, trial=4, x__rid_x=dfb0a93f9dfa0185: dummy_return_one(x)
[12:09:47.916] [INFO] [run] subject=11, session=3, speed=5, trial=5, x__rid_x=1d4df759bf32fdbb: dummy_return_one(x)
[12:09:47.921] [INFO] [run] subject=11, session=3, speed=5, trial=6, x__rid_x=aee12b03d2a43439: dummy_return_one(x)
[12:09:47.927] [INFO] [run] subject=11, session=3, speed=5, trial=7, x__rid_x=54546caa8f97d70b: dummy_return_one(x)
[12:09:47.930] [INFO] [run] subject=11, session=3, speed=6, trial=1, x__rid_x=a43070a799bacba6: dummy_return_one(x)
[12:09:47.938] [INFO] [run] subject=11, session=3, speed=6, trial=2, x__rid_x=da3919305b689632: dummy_return_one(x)
[12:09:47.949] [INFO] [run] subject=11, session=3, speed=6, trial=3, x__rid_x=5818222a5824d4a7: dummy_return_one(x)
[12:09:47.954] [INFO] [run] subject=11, session=3, speed=6, trial=4, x__rid_x=c33cc80b49c2b024: dummy_return_one(x)
[12:09:47.955] [INFO] [run] subject=11, session=3, speed=6, trial=5, x__rid_x=99e97435b7260cd0: dummy_return_one(x)
[12:09:47.958] [INFO] [run] subject=11, session=3, speed=6, trial=6, x__rid_x=aba3e6bbfc53b831: dummy_return_one(x)
[12:09:47.959] [INFO] [run] subject=11, session=3, speed=6, trial=7, x__rid_x=89b824003e8b1e5d: dummy_return_one(x)
[12:09:47.960] [INFO] [run] subject=11, session=3, speed=7, trial=1, x__rid_x=85dde893af6f3966: dummy_return_one(x)
[12:09:47.962] [INFO] [run] subject=11, session=3, speed=7, trial=2, x__rid_x=502498fe09c7fb7c: dummy_return_one(x)
[12:09:47.964] [INFO] [run] subject=11, session=3, speed=7, trial=3, x__rid_x=19604c414b8c2520: dummy_return_one(x)
[12:09:47.966] [INFO] [run] subject=11, session=3, speed=7, trial=4, x__rid_x=6c574dda4a47b33a: dummy_return_one(x)
[12:09:47.967] [INFO] [run] subject=11, session=3, speed=7, trial=5, x__rid_x=1269667d403347d9: dummy_return_one(x)
[12:09:47.968] [INFO] [run] subject=11, session=3, speed=7, trial=6, x__rid_x=65402ecc4ccacb2b: dummy_return_one(x)
[12:09:47.970] [INFO] [run] subject=11, session=3, speed=7, trial=7, x__rid_x=a6a9b8677fa7fd8b: dummy_return_one(x)
[12:09:47.971] [INFO] [run] subject=11, session=3, speed=8, trial=1, x__rid_x=33c9d86eeb252cf5: dummy_return_one(x)
[12:09:47.972] [INFO] [run] subject=11, session=3, speed=8, trial=2, x__rid_x=64a9c124111cb0c8: dummy_return_one(x)
[12:09:47.975] [INFO] [run] subject=11, session=3, speed=8, trial=3, x__rid_x=5339dcfb3d0b6431: dummy_return_one(x)
[12:09:47.979] [INFO] [run] subject=11, session=3, speed=8, trial=4, x__rid_x=a7d04ac10bd0046e: dummy_return_one(x)
[12:09:47.984] [INFO] [run] subject=11, session=3, speed=8, trial=5, x__rid_x=525bb5e8d662253e: dummy_return_one(x)
[12:09:47.986] [INFO] [run] subject=11, session=3, speed=8, trial=6, x__rid_x=cfc61cf51c2f0b34: dummy_return_one(x)
[12:09:47.989] [INFO] [run] subject=11, session=3, speed=8, trial=7, x__rid_x=7138e43a50e71bfe: dummy_return_one(x)
[12:09:47.995] [INFO] [run] subject=11, session=3, speed=9, trial=1, x__rid_x=6e4f4d496b586ab1: dummy_return_one(x)
[12:09:47.997] [INFO] [run] subject=11, session=3, speed=9, trial=2, x__rid_x=e2cf922436e66282: dummy_return_one(x)
[12:09:48.000] [INFO] [run] subject=11, session=3, speed=9, trial=3, x__rid_x=a9cfcb9320fc32fa: dummy_return_one(x)
[12:09:48.005] [INFO] [run] subject=11, session=3, speed=9, trial=4, x__rid_x=d160c0d528768217: dummy_return_one(x)
[12:09:48.008] [INFO] [run] subject=11, session=3, speed=9, trial=5, x__rid_x=5e2609f85250834a: dummy_return_one(x)
[12:09:48.012] [INFO] [run] subject=11, session=3, speed=9, trial=6, x__rid_x=1581d5e3ec6cd202: dummy_return_one(x)
[12:09:48.016] [INFO] [run] subject=11, session=3, speed=9, trial=7, x__rid_x=09fe2258e282783a: dummy_return_one(x)
[12:09:48.024] [INFO] [run] subject=11, session=4, speed=1, trial=1, x__rid_x=b260e7d3eefe0f25: dummy_return_one(x)
[12:09:48.028] [INFO] [run] subject=11, session=4, speed=1, trial=2, x__rid_x=414758f06ed7bfde: dummy_return_one(x)
[12:09:48.033] [INFO] [run] subject=11, session=4, speed=1, trial=3, x__rid_x=eb2b480de3c2dcc7: dummy_return_one(x)
[12:09:48.036] [INFO] [run] subject=11, session=4, speed=1, trial=4, x__rid_x=9d45a8faf238926e: dummy_return_one(x)
[12:09:48.039] [INFO] [run] subject=11, session=4, speed=1, trial=5, x__rid_x=83173637c221ddfb: dummy_return_one(x)
[12:09:48.044] [INFO] [run] subject=11, session=4, speed=1, trial=6, x__rid_x=ab23bb54c109c33d: dummy_return_one(x)
[12:09:48.047] [INFO] [run] subject=11, session=4, speed=1, trial=7, x__rid_x=7d52ec62a0d64144: dummy_return_one(x)
[12:09:48.050] [INFO] [run] subject=11, session=4, speed=10, trial=1, x__rid_x=3a8765b133bd9074: dummy_return_one(x)
[12:09:48.058] [INFO] [run] subject=11, session=4, speed=10, trial=2, x__rid_x=f46024e2bc70252f: dummy_return_one(x)
[12:09:48.060] [INFO] [run] subject=11, session=4, speed=10, trial=3, x__rid_x=c727623c4a949f29: dummy_return_one(x)
[12:09:48.065] [INFO] [run] subject=11, session=4, speed=10, trial=4, x__rid_x=b8073be83c061693: dummy_return_one(x)
[12:09:48.071] [INFO] [run] subject=11, session=4, speed=10, trial=5, x__rid_x=ae1d807fd2756243: dummy_return_one(x)
[12:09:48.076] [INFO] [run] subject=11, session=4, speed=10, trial=6, x__rid_x=719219c0516bfdd4: dummy_return_one(x)
[12:09:48.080] [INFO] [run] subject=11, session=4, speed=10, trial=7, x__rid_x=141a03067219b549: dummy_return_one(x)
[12:09:48.085] [INFO] [run] subject=11, session=4, speed=2, trial=1, x__rid_x=1f1d0c11ad03f1bd: dummy_return_one(x)
[12:09:48.093] [INFO] [run] subject=11, session=4, speed=2, trial=2, x__rid_x=1588943f90dbc118: dummy_return_one(x)
[12:09:48.096] [INFO] [run] subject=11, session=4, speed=2, trial=3, x__rid_x=fbfc4fdfd76a59e3: dummy_return_one(x)
[12:09:48.098] [INFO] [run] subject=11, session=4, speed=2, trial=4, x__rid_x=03a0b913b7938aca: dummy_return_one(x)
[12:09:48.100] [INFO] [run] subject=11, session=4, speed=2, trial=5, x__rid_x=9cd0c8e1595bea25: dummy_return_one(x)
[12:09:48.104] [INFO] [run] subject=11, session=4, speed=2, trial=6, x__rid_x=b9ba8cb92819f3be: dummy_return_one(x)
[12:09:48.108] [INFO] [run] subject=11, session=4, speed=2, trial=7, x__rid_x=67480802c2f8ab59: dummy_return_one(x)
[12:09:48.113] [INFO] [run] subject=11, session=4, speed=3, trial=1, x__rid_x=741f1dded30c06ee: dummy_return_one(x)
[12:09:48.119] [INFO] [run] subject=11, session=4, speed=3, trial=2, x__rid_x=fedd436f31a19579: dummy_return_one(x)
[12:09:48.126] [INFO] [run] subject=11, session=4, speed=3, trial=3, x__rid_x=fa60fe56fb9c6818: dummy_return_one(x)
[12:09:48.135] [INFO] [run] subject=11, session=4, speed=3, trial=4, x__rid_x=9a281b30e91d6aa1: dummy_return_one(x)
[12:09:48.137] [INFO] [run] subject=11, session=4, speed=3, trial=5, x__rid_x=1f7d4a222cbeccdb: dummy_return_one(x)
[12:09:48.139] [INFO] [run] subject=11, session=4, speed=3, trial=6, x__rid_x=5c2775fa7a20be08: dummy_return_one(x)
[12:09:48.143] [INFO] [run] subject=11, session=4, speed=3, trial=7, x__rid_x=c6e1742ddc06c14b: dummy_return_one(x)
[12:09:48.146] [INFO] [run] subject=11, session=4, speed=4, trial=1, x__rid_x=843e5576937b040b: dummy_return_one(x)
[12:09:48.150] [INFO] [run] subject=11, session=4, speed=4, trial=2, x__rid_x=1391d233483d4535: dummy_return_one(x)
[12:09:48.151] [INFO] [run] subject=11, session=4, speed=4, trial=3, x__rid_x=3801e61331c59e9b: dummy_return_one(x)
[12:09:48.152] [INFO] [run] subject=11, session=4, speed=4, trial=4, x__rid_x=addb4e022f349820: dummy_return_one(x)
[12:09:48.154] [INFO] [run] subject=11, session=4, speed=4, trial=5, x__rid_x=74cbe47c55865dce: dummy_return_one(x)
[12:09:48.155] [INFO] [run] subject=11, session=4, speed=4, trial=6, x__rid_x=341f3dc995ce89ec: dummy_return_one(x)
[12:09:48.156] [INFO] [run] subject=11, session=4, speed=4, trial=7, x__rid_x=5970ac112ada0e4b: dummy_return_one(x)
[12:09:48.158] [INFO] [run] subject=11, session=4, speed=5, trial=1, x__rid_x=fc814a211d6463b2: dummy_return_one(x)
[12:09:48.164] [INFO] [run] subject=11, session=4, speed=5, trial=2, x__rid_x=592fb37e3fef7b7d: dummy_return_one(x)
[12:09:48.168] [INFO] [run] subject=11, session=4, speed=5, trial=3, x__rid_x=540c9db277629683: dummy_return_one(x)
[12:09:48.169] [INFO] [run] subject=11, session=4, speed=5, trial=4, x__rid_x=89ef73b0bce5094e: dummy_return_one(x)
[12:09:48.170] [INFO] [run] subject=11, session=4, speed=5, trial=5, x__rid_x=f1184b03f1e3b268: dummy_return_one(x)
[12:09:48.172] [INFO] [run] subject=11, session=4, speed=5, trial=6, x__rid_x=5d457f17979add0b: dummy_return_one(x)
[12:09:48.173] [INFO] [run] subject=11, session=4, speed=5, trial=7, x__rid_x=26f8837359f938e2: dummy_return_one(x)
[12:09:48.174] [INFO] [run] subject=11, session=4, speed=6, trial=1, x__rid_x=8f6bb31664d30eb3: dummy_return_one(x)
[12:09:48.176] [INFO] [run] subject=11, session=4, speed=6, trial=2, x__rid_x=3e08fe9f87386b19: dummy_return_one(x)
[12:09:48.177] [INFO] [run] subject=11, session=4, speed=6, trial=3, x__rid_x=c45ac3ff21545f60: dummy_return_one(x)
[12:09:48.178] [INFO] [run] subject=11, session=4, speed=6, trial=4, x__rid_x=2603017d6c642632: dummy_return_one(x)
[12:09:48.181] [INFO] [run] subject=11, session=4, speed=6, trial=5, x__rid_x=0f6e9bc9b3f1d406: dummy_return_one(x)
[12:09:48.182] [INFO] [run] subject=11, session=4, speed=6, trial=6, x__rid_x=633e10ad0869bdfc: dummy_return_one(x)
[12:09:48.185] [INFO] [run] subject=11, session=4, speed=6, trial=7, x__rid_x=594b8939e9fc480a: dummy_return_one(x)
[12:09:48.185] [INFO] [run] subject=11, session=4, speed=7, trial=1, x__rid_x=4f65e3236110656a: dummy_return_one(x)
[12:09:48.186] [INFO] [run] subject=11, session=4, speed=7, trial=2, x__rid_x=6460404db677ac6f: dummy_return_one(x)
[12:09:48.189] [INFO] [run] subject=11, session=4, speed=7, trial=3, x__rid_x=82638ca8638e9f57: dummy_return_one(x)
[12:09:48.189] [INFO] [run] subject=11, session=4, speed=7, trial=4, x__rid_x=4eb54091e6e50a30: dummy_return_one(x)
[12:09:48.190] [INFO] [run] subject=11, session=4, speed=7, trial=5, x__rid_x=65c33d0e42872aa0: dummy_return_one(x)
[12:09:48.193] [INFO] [run] subject=11, session=4, speed=7, trial=6, x__rid_x=2bcc71dec617091c: dummy_return_one(x)
[12:09:48.194] [INFO] [run] subject=11, session=4, speed=7, trial=7, x__rid_x=19363fe0a23a4703: dummy_return_one(x)
[12:09:48.195] [INFO] [run] subject=11, session=4, speed=8, trial=1, x__rid_x=6a297b141561056a: dummy_return_one(x)
[12:09:48.197] [INFO] [run] subject=11, session=4, speed=8, trial=2, x__rid_x=2eb905051b332245: dummy_return_one(x)
[12:09:48.198] [INFO] [run] subject=11, session=4, speed=8, trial=3, x__rid_x=fab2942544fce482: dummy_return_one(x)
[12:09:48.201] [INFO] [run] subject=11, session=4, speed=8, trial=4, x__rid_x=ad2fd8e32071b1d0: dummy_return_one(x)
[12:09:48.202] [INFO] [run] subject=11, session=4, speed=8, trial=5, x__rid_x=d1ce138b46efce13: dummy_return_one(x)
[12:09:48.203] [INFO] [run] subject=11, session=4, speed=8, trial=6, x__rid_x=cd2e47d9c9120a8f: dummy_return_one(x)
[12:09:48.205] [INFO] [run] subject=11, session=4, speed=8, trial=7, x__rid_x=328115f8c37bc6bb: dummy_return_one(x)
[12:09:48.206] [INFO] [run] subject=11, session=4, speed=9, trial=1, x__rid_x=c7acd72d616df5ff: dummy_return_one(x)
[12:09:48.207] [INFO] [run] subject=11, session=4, speed=9, trial=2, x__rid_x=309533e9c003bfec: dummy_return_one(x)
[12:09:48.210] [INFO] [run] subject=11, session=4, speed=9, trial=3, x__rid_x=59b56fecba44af4e: dummy_return_one(x)
[12:09:48.210] [INFO] [run] subject=11, session=4, speed=9, trial=4, x__rid_x=f994469161ce897b: dummy_return_one(x)
[12:09:48.211] [INFO] [run] subject=11, session=4, speed=9, trial=5, x__rid_x=e2f6d5c2206138a3: dummy_return_one(x)
[12:09:48.214] [INFO] [run] subject=11, session=4, speed=9, trial=6, x__rid_x=a3bd8f2777252ca9: dummy_return_one(x)
[12:09:48.215] [INFO] [run] subject=11, session=4, speed=9, trial=7, x__rid_x=e23e02b6be3ea48a: dummy_return_one(x)
[12:09:48.218] [INFO] [run] subject=11, session=5, speed=1, trial=1, x__rid_x=dee68df939158438: dummy_return_one(x)
[12:09:48.219] [INFO] [run] subject=11, session=5, speed=1, trial=2, x__rid_x=0acb616b93bab31c: dummy_return_one(x)
[12:09:48.222] [INFO] [run] subject=11, session=5, speed=1, trial=3, x__rid_x=22fc7792d758e66b: dummy_return_one(x)
[12:09:48.223] [INFO] [run] subject=11, session=5, speed=1, trial=4, x__rid_x=e278346c01b8e342: dummy_return_one(x)
[12:09:48.224] [INFO] [run] subject=11, session=5, speed=1, trial=5, x__rid_x=e5b5c2e387753164: dummy_return_one(x)
[12:09:48.226] [INFO] [run] subject=11, session=5, speed=1, trial=6, x__rid_x=ce3796707590bc32: dummy_return_one(x)
[12:09:48.227] [INFO] [run] subject=11, session=5, speed=1, trial=7, x__rid_x=30212d8abcb176d8: dummy_return_one(x)
[12:09:48.228] [INFO] [run] subject=11, session=5, speed=10, trial=1, x__rid_x=3400c4d4ea17a0da: dummy_return_one(x)
[12:09:48.230] [INFO] [run] subject=11, session=5, speed=10, trial=2, x__rid_x=7faeb692cd363e23: dummy_return_one(x)
[12:09:48.232] [INFO] [run] subject=11, session=5, speed=10, trial=3, x__rid_x=52071fe4729a5154: dummy_return_one(x)
[12:09:48.235] [INFO] [run] subject=11, session=5, speed=10, trial=4, x__rid_x=93bf4938ad0428cf: dummy_return_one(x)
[12:09:48.236] [INFO] [run] subject=11, session=5, speed=10, trial=5, x__rid_x=56ded85bbf150a6e: dummy_return_one(x)
[12:09:48.236] [INFO] [run] subject=11, session=5, speed=10, trial=6, x__rid_x=f08851aae899336f: dummy_return_one(x)
[12:09:48.239] [INFO] [run] subject=11, session=5, speed=10, trial=7, x__rid_x=a54c0c8e8a99e00f: dummy_return_one(x)
[12:09:48.240] [INFO] [run] subject=11, session=5, speed=2, trial=1, x__rid_x=ab066b016621096b: dummy_return_one(x)
[12:09:48.241] [INFO] [run] subject=11, session=5, speed=2, trial=2, x__rid_x=9214ad88ddc93893: dummy_return_one(x)
[12:09:48.243] [INFO] [run] subject=11, session=5, speed=2, trial=3, x__rid_x=f23ae32bf556c88e: dummy_return_one(x)
[12:09:48.244] [INFO] [run] subject=11, session=5, speed=2, trial=4, x__rid_x=0e1783c1186328ad: dummy_return_one(x)
[12:09:48.244] [INFO] [run] subject=11, session=5, speed=2, trial=5, x__rid_x=821eeff253deecc8: dummy_return_one(x)
[12:09:48.247] [INFO] [run] subject=11, session=5, speed=2, trial=6, x__rid_x=f0c0c391cd1eecb1: dummy_return_one(x)
[12:09:48.252] [INFO] [run] subject=11, session=5, speed=2, trial=7, x__rid_x=a3afc9bb27f3b58a: dummy_return_one(x)
[12:09:48.256] [INFO] [run] subject=11, session=5, speed=3, trial=1, x__rid_x=4922d1237b5a562a: dummy_return_one(x)
[12:09:48.257] [INFO] [run] subject=11, session=5, speed=3, trial=2, x__rid_x=c66bae9fbce1d3be: dummy_return_one(x)
[12:09:48.258] [INFO] [run] subject=11, session=5, speed=3, trial=3, x__rid_x=2b10244e358fe7ff: dummy_return_one(x)
[12:09:48.261] [INFO] [run] subject=11, session=5, speed=3, trial=4, x__rid_x=a0604f8af2d59f0d: dummy_return_one(x)
[12:09:48.263] [INFO] [run] subject=11, session=5, speed=3, trial=5, x__rid_x=f49f8a137823d23b: dummy_return_one(x)
[12:09:48.265] [INFO] [run] subject=11, session=5, speed=3, trial=6, x__rid_x=f87b0bb021628cd2: dummy_return_one(x)
[12:09:48.269] [INFO] [run] subject=11, session=5, speed=3, trial=7, x__rid_x=bfd0daf40a84a8be: dummy_return_one(x)
[12:09:48.271] [INFO] [run] subject=11, session=5, speed=4, trial=1, x__rid_x=732066181469b43a: dummy_return_one(x)
[12:09:48.273] [INFO] [run] subject=11, session=5, speed=4, trial=2, x__rid_x=6c913ea70bb7516b: dummy_return_one(x)
[12:09:48.274] [INFO] [run] subject=11, session=5, speed=4, trial=3, x__rid_x=d06241948231743f: dummy_return_one(x)
[12:09:48.275] [INFO] [run] subject=11, session=5, speed=4, trial=4, x__rid_x=044cfb6c9f039ee8: dummy_return_one(x)
[12:09:48.278] [INFO] [run] subject=11, session=5, speed=4, trial=5, x__rid_x=96ba2504d66665c3: dummy_return_one(x)
[12:09:48.279] [INFO] [run] subject=11, session=5, speed=4, trial=6, x__rid_x=2a9c261605d2d5dd: dummy_return_one(x)
[12:09:48.279] [INFO] [run] subject=11, session=5, speed=4, trial=7, x__rid_x=42040dd56ecbb87d: dummy_return_one(x)
[12:09:48.282] [INFO] [run] subject=11, session=5, speed=5, trial=1, x__rid_x=8f5aeb6f52081bce: dummy_return_one(x)
[12:09:48.283] [INFO] [run] subject=11, session=5, speed=5, trial=2, x__rid_x=ce90cf34b5d727a7: dummy_return_one(x)
[12:09:48.286] [INFO] [run] subject=11, session=5, speed=5, trial=3, x__rid_x=91d13d1e42904d0e: dummy_return_one(x)
[12:09:48.287] [INFO] [run] subject=11, session=5, speed=5, trial=4, x__rid_x=6446c09c0e7345be: dummy_return_one(x)
[12:09:48.290] [INFO] [run] subject=11, session=5, speed=5, trial=5, x__rid_x=9a7bfd1adae60db1: dummy_return_one(x)
[12:09:48.291] [INFO] [run] subject=11, session=5, speed=5, trial=6, x__rid_x=13c5c201315e58f7: dummy_return_one(x)
[12:09:48.294] [INFO] [run] subject=11, session=5, speed=5, trial=7, x__rid_x=7afa6a059f925b67: dummy_return_one(x)
[12:09:48.295] [INFO] [run] subject=11, session=5, speed=6, trial=1, x__rid_x=8d7288f750e427fc: dummy_return_one(x)
[12:09:48.296] [INFO] [run] subject=11, session=5, speed=6, trial=2, x__rid_x=332282d76240a941: dummy_return_one(x)
[12:09:48.299] [INFO] [run] subject=11, session=5, speed=6, trial=3, x__rid_x=08cc92ca79e6edb2: dummy_return_one(x)
[12:09:48.300] [INFO] [run] subject=11, session=5, speed=6, trial=4, x__rid_x=eed04d543aa63d3b: dummy_return_one(x)
[12:09:48.300] [INFO] [run] subject=11, session=5, speed=6, trial=5, x__rid_x=19eacad7ac1e0271: dummy_return_one(x)
[12:09:48.303] [INFO] [run] subject=11, session=5, speed=6, trial=6, x__rid_x=a2241ce9f8c1b6dd: dummy_return_one(x)
[12:09:48.304] [INFO] [run] subject=11, session=5, speed=6, trial=7, x__rid_x=d20145bf4b28e654: dummy_return_one(x)
[12:09:48.304] [INFO] [run] subject=11, session=5, speed=7, trial=1, x__rid_x=8a8d42e6d28d622b: dummy_return_one(x)
[12:09:48.307] [INFO] [run] subject=11, session=5, speed=7, trial=2, x__rid_x=690ad6e578e8dd82: dummy_return_one(x)
[12:09:48.307] [INFO] [run] subject=11, session=5, speed=7, trial=3, x__rid_x=997e19ecd5b195e9: dummy_return_one(x)
[12:09:48.308] [INFO] [run] subject=11, session=5, speed=7, trial=4, x__rid_x=483cc4ef4ae14610: dummy_return_one(x)
[12:09:48.311] [INFO] [run] subject=11, session=5, speed=7, trial=5, x__rid_x=352cec16f7b93d64: dummy_return_one(x)
[12:09:48.311] [INFO] [run] subject=11, session=5, speed=7, trial=6, x__rid_x=619994be89c139d4: dummy_return_one(x)
[12:09:48.312] [INFO] [run] subject=11, session=5, speed=7, trial=7, x__rid_x=60ddce912a2886ef: dummy_return_one(x)
[12:09:48.313] [INFO] [run] subject=11, session=5, speed=8, trial=1, x__rid_x=65c31f259bcf4811: dummy_return_one(x)
[12:09:48.315] [INFO] [run] subject=11, session=5, speed=8, trial=2, x__rid_x=99750d62530a1f88: dummy_return_one(x)
[12:09:48.316] [INFO] [run] subject=11, session=5, speed=8, trial=3, x__rid_x=b0acc368a2e626f7: dummy_return_one(x)
[12:09:48.319] [INFO] [run] subject=11, session=5, speed=8, trial=4, x__rid_x=e963fe5679fa9c00: dummy_return_one(x)
[12:09:48.320] [INFO] [run] subject=11, session=5, speed=8, trial=5, x__rid_x=fe91845eadfd2527: dummy_return_one(x)
[12:09:48.320] [INFO] [run] subject=11, session=5, speed=8, trial=6, x__rid_x=2a923a39ebb7c255: dummy_return_one(x)
[12:09:48.323] [INFO] [run] subject=11, session=5, speed=8, trial=7, x__rid_x=ee082b640cad6e20: dummy_return_one(x)
[12:09:48.324] [INFO] [run] subject=11, session=5, speed=9, trial=1, x__rid_x=08ac8cf6774cf548: dummy_return_one(x)
[12:09:48.325] [INFO] [run] subject=11, session=5, speed=9, trial=2, x__rid_x=91a7dfb2c118fc25: dummy_return_one(x)
[12:09:48.327] [INFO] [run] subject=11, session=5, speed=9, trial=3, x__rid_x=29177fa72eac0230: dummy_return_one(x)
[12:09:48.328] [INFO] [run] subject=11, session=5, speed=9, trial=4, x__rid_x=9ad4a98f16bf64bc: dummy_return_one(x)
[12:09:48.332] [INFO] [run] subject=11, session=5, speed=9, trial=5, x__rid_x=2a54fc6eb33b13bf: dummy_return_one(x)
[12:09:48.333] [INFO] [run] subject=11, session=5, speed=9, trial=6, x__rid_x=afa4e75262f0ee2c: dummy_return_one(x)
[12:09:48.333] [INFO] [run] subject=11, session=5, speed=9, trial=7, x__rid_x=b7d92cc842576b51: dummy_return_one(x)
[12:09:48.336] [INFO] [run] subject=12, session=1, speed=1, trial=1, x__rid_x=f82f3134cc5a965c: dummy_return_one(x)
[12:09:48.340] [INFO] [run] subject=12, session=1, speed=1, trial=2, x__rid_x=51a2e2ef7e0dba25: dummy_return_one(x)
[12:09:48.341] [INFO] [run] subject=12, session=1, speed=1, trial=3, x__rid_x=ea9e26ae0769715d: dummy_return_one(x)
[12:09:48.342] [INFO] [run] subject=12, session=1, speed=1, trial=4, x__rid_x=8facbafdc8b029dd: dummy_return_one(x)
[12:09:48.344] [INFO] [run] subject=12, session=1, speed=1, trial=5, x__rid_x=3457c24512e429b4: dummy_return_one(x)
[12:09:48.346] [INFO] [run] subject=12, session=1, speed=1, trial=6, x__rid_x=a613085ddc6e2ca1: dummy_return_one(x)
[12:09:48.349] [INFO] [run] subject=12, session=1, speed=1, trial=7, x__rid_x=4e233242c8ccc849: dummy_return_one(x)
[12:09:48.350] [INFO] [run] subject=12, session=1, speed=10, trial=1, x__rid_x=61526cf6e6849fbd: dummy_return_one(x)
[12:09:48.353] [INFO] [run] subject=12, session=1, speed=10, trial=2, x__rid_x=2050944e0d712f3b: dummy_return_one(x)
[12:09:48.353] [INFO] [run] subject=12, session=1, speed=10, trial=3, x__rid_x=ec453fc282b544c7: dummy_return_one(x)
[12:09:48.354] [INFO] [run] subject=12, session=1, speed=10, trial=4, x__rid_x=ed7144efb18801ed: dummy_return_one(x)
[12:09:48.357] [INFO] [run] subject=12, session=1, speed=10, trial=5, x__rid_x=429981a397568f08: dummy_return_one(x)
[12:09:48.358] [INFO] [run] subject=12, session=1, speed=10, trial=6, x__rid_x=549a5682e30f328c: dummy_return_one(x)
[12:09:48.358] [INFO] [run] subject=12, session=1, speed=10, trial=7, x__rid_x=7b2ceaf161def81e: dummy_return_one(x)
[12:09:48.361] [INFO] [run] subject=12, session=1, speed=2, trial=1, x__rid_x=e13ce99cedb6b89c: dummy_return_one(x)
[12:09:48.362] [INFO] [run] subject=12, session=1, speed=2, trial=2, x__rid_x=dd611f7c9c6b9c0f: dummy_return_one(x)
[12:09:48.362] [INFO] [run] subject=12, session=1, speed=2, trial=3, x__rid_x=fe01e40ea39059ae: dummy_return_one(x)
[12:09:48.365] [INFO] [run] subject=12, session=1, speed=2, trial=4, x__rid_x=0dbcbbca38e421a0: dummy_return_one(x)
[12:09:48.366] [INFO] [run] subject=12, session=1, speed=2, trial=5, x__rid_x=69b9e86f9dc6307e: dummy_return_one(x)
[12:09:48.369] [INFO] [run] subject=12, session=1, speed=2, trial=6, x__rid_x=cb6ca9874d496acd: dummy_return_one(x)
[12:09:48.370] [INFO] [run] subject=12, session=1, speed=2, trial=7, x__rid_x=e2f8f1ab7c3fd900: dummy_return_one(x)
[12:09:48.371] [INFO] [run] subject=12, session=1, speed=3, trial=1, x__rid_x=80ede14437dabf43: dummy_return_one(x)
[12:09:48.374] [INFO] [run] subject=12, session=1, speed=3, trial=2, x__rid_x=7a5a15f355d9ac7c: dummy_return_one(x)
[12:09:48.374] [INFO] [run] subject=12, session=1, speed=3, trial=3, x__rid_x=22fbe15504ef244b: dummy_return_one(x)
[12:09:48.375] [INFO] [run] subject=12, session=1, speed=3, trial=4, x__rid_x=95aa45897235856d: dummy_return_one(x)
[12:09:48.378] [INFO] [run] subject=12, session=1, speed=3, trial=5, x__rid_x=7172508cfb4fe50d: dummy_return_one(x)
[12:09:48.378] [INFO] [run] subject=12, session=1, speed=3, trial=6, x__rid_x=7748fb79ddad628c: dummy_return_one(x)
[12:09:48.379] [INFO] [run] subject=12, session=1, speed=3, trial=7, x__rid_x=536f3815d8992c4a: dummy_return_one(x)
[12:09:48.382] [INFO] [run] subject=12, session=1, speed=4, trial=1, x__rid_x=a39dcd6bbacb9530: dummy_return_one(x)
[12:09:48.383] [INFO] [run] subject=12, session=1, speed=4, trial=2, x__rid_x=479fe20cbe308684: dummy_return_one(x)
[12:09:48.386] [INFO] [run] subject=12, session=1, speed=4, trial=3, x__rid_x=81c1bd97dcdf6028: dummy_return_one(x)
[12:09:48.387] [INFO] [run] subject=12, session=1, speed=4, trial=4, x__rid_x=67905341e6e0390e: dummy_return_one(x)
[12:09:48.387] [INFO] [run] subject=12, session=1, speed=4, trial=5, x__rid_x=10ae3d22fca0cd2e: dummy_return_one(x)
[12:09:48.390] [INFO] [run] subject=12, session=1, speed=4, trial=6, x__rid_x=e7dc63b602bd794a: dummy_return_one(x)
[12:09:48.391] [INFO] [run] subject=12, session=1, speed=4, trial=7, x__rid_x=f44e307fbfc3a350: dummy_return_one(x)
[12:09:48.392] [INFO] [run] subject=12, session=1, speed=5, trial=1, x__rid_x=5906c739ca87ced6: dummy_return_one(x)
[12:09:48.394] [INFO] [run] subject=12, session=1, speed=5, trial=2, x__rid_x=cac01f78a5703e39: dummy_return_one(x)
[12:09:48.395] [INFO] [run] subject=12, session=1, speed=5, trial=3, x__rid_x=b71b203d77e69116: dummy_return_one(x)
[12:09:48.396] [INFO] [run] subject=12, session=1, speed=5, trial=4, x__rid_x=133dfbe2a5220717: dummy_return_one(x)
[12:09:48.399] [INFO] [run] subject=12, session=1, speed=5, trial=5, x__rid_x=44a55505aa5fefbb: dummy_return_one(x)
[12:09:48.400] [INFO] [run] subject=12, session=1, speed=5, trial=6, x__rid_x=2f6a87e2d2aff9f7: dummy_return_one(x)
[12:09:48.403] [INFO] [run] subject=12, session=1, speed=5, trial=7, x__rid_x=f5ab60dac2ef56bf: dummy_return_one(x)
[12:09:48.404] [INFO] [run] subject=12, session=1, speed=6, trial=1, x__rid_x=613cdc8ed0212c5c: dummy_return_one(x)
[12:09:48.404] [INFO] [run] subject=12, session=1, speed=6, trial=2, x__rid_x=675c08086c9f0a5a: dummy_return_one(x)
[12:09:48.407] [INFO] [run] subject=12, session=1, speed=6, trial=3, x__rid_x=3c1e5b50aee91ff7: dummy_return_one(x)
[12:09:48.408] [INFO] [run] subject=12, session=1, speed=6, trial=4, x__rid_x=11983e4fe621150f: dummy_return_one(x)
[12:09:48.408] [INFO] [run] subject=12, session=1, speed=6, trial=5, x__rid_x=d78198f46629e8b2: dummy_return_one(x)
[12:09:48.411] [INFO] [run] subject=12, session=1, speed=6, trial=6, x__rid_x=8670749b1a615778: dummy_return_one(x)
[12:09:48.412] [INFO] [run] subject=12, session=1, speed=6, trial=7, x__rid_x=f4ea2eda06cd39bc: dummy_return_one(x)
[12:09:48.413] [INFO] [run] subject=12, session=1, speed=7, trial=1, x__rid_x=8b6cd197f0cfd046: dummy_return_one(x)
[12:09:48.416] [INFO] [run] subject=12, session=1, speed=7, trial=2, x__rid_x=0c7f12c3f3c4e6db: dummy_return_one(x)
[12:09:48.416] [INFO] [run] subject=12, session=1, speed=7, trial=3, x__rid_x=ab9d94e8afb8e5b3: dummy_return_one(x)
[12:09:48.420] [INFO] [run] subject=12, session=1, speed=7, trial=4, x__rid_x=46545fb70f3f1dab: dummy_return_one(x)
[12:09:48.420] [INFO] [run] subject=12, session=1, speed=7, trial=5, x__rid_x=55290a88b8d990d2: dummy_return_one(x)
[12:09:48.421] [INFO] [run] subject=12, session=1, speed=7, trial=6, x__rid_x=6d0ff137f173805e: dummy_return_one(x)
[12:09:48.424] [INFO] [run] subject=12, session=1, speed=7, trial=7, x__rid_x=dda3257d8e218992: dummy_return_one(x)
[12:09:48.425] [INFO] [run] subject=12, session=1, speed=8, trial=1, x__rid_x=a31c6bb52f139f75: dummy_return_one(x)
[12:09:48.425] [INFO] [run] subject=12, session=1, speed=8, trial=2, x__rid_x=170dcecab470ff75: dummy_return_one(x)
[12:09:48.428] [INFO] [run] subject=12, session=1, speed=8, trial=3, x__rid_x=34ae5a4b5eee03e2: dummy_return_one(x)
[12:09:48.429] [INFO] [run] subject=12, session=1, speed=8, trial=4, x__rid_x=c8b87ed7800b9f1c: dummy_return_one(x)
[12:09:48.429] [INFO] [run] subject=12, session=1, speed=8, trial=5, x__rid_x=d2f7feb77e3b8e3f: dummy_return_one(x)
[12:09:48.432] [INFO] [run] subject=12, session=1, speed=8, trial=6, x__rid_x=833ee14345032c55: dummy_return_one(x)
[12:09:48.433] [INFO] [run] subject=12, session=1, speed=8, trial=7, x__rid_x=345577843f4bb314: dummy_return_one(x)
[12:09:48.434] [INFO] [run] subject=12, session=1, speed=9, trial=1, x__rid_x=0578b215df6d90a0: dummy_return_one(x)
[12:09:48.437] [INFO] [run] subject=12, session=1, speed=9, trial=2, x__rid_x=b068cffd1b6a263a: dummy_return_one(x)
[12:09:48.438] [INFO] [run] subject=12, session=1, speed=9, trial=3, x__rid_x=8c98455ee5fb84df: dummy_return_one(x)
[12:09:48.438] [INFO] [run] subject=12, session=1, speed=9, trial=4, x__rid_x=2bc3687b527ab94d: dummy_return_one(x)
[12:09:48.441] [INFO] [run] subject=12, session=1, speed=9, trial=5, x__rid_x=3665139145273d06: dummy_return_one(x)
[12:09:48.442] [INFO] [run] subject=12, session=1, speed=9, trial=6, x__rid_x=872d5ebe0372fe29: dummy_return_one(x)
[12:09:48.442] [INFO] [run] subject=12, session=1, speed=9, trial=7, x__rid_x=ed058e0ad9e99dbc: dummy_return_one(x)
[12:09:48.445] [INFO] [run] subject=12, session=2, speed=1, trial=1, x__rid_x=372dfa9df95fdcb6: dummy_return_one(x)
[12:09:48.446] [INFO] [run] subject=12, session=2, speed=1, trial=2, x__rid_x=738a0ab9a26a7ad7: dummy_return_one(x)
[12:09:48.446] [INFO] [run] subject=12, session=2, speed=1, trial=3, x__rid_x=179b8fff53f1fc1c: dummy_return_one(x)
[12:09:48.449] [INFO] [run] subject=12, session=2, speed=1, trial=4, x__rid_x=1f013715818ddacc: dummy_return_one(x)
[12:09:48.450] [INFO] [run] subject=12, session=2, speed=1, trial=5, x__rid_x=3a8b611f1638f9b5: dummy_return_one(x)
[12:09:48.451] [INFO] [run] subject=12, session=2, speed=1, trial=6, x__rid_x=ee4ab106800794c0: dummy_return_one(x)
[12:09:48.454] [INFO] [run] subject=12, session=2, speed=1, trial=7, x__rid_x=75eb809ab535d715: dummy_return_one(x)
[12:09:48.455] [INFO] [run] subject=12, session=2, speed=10, trial=1, x__rid_x=c95b102764db2c86: dummy_return_one(x)
[12:09:48.455] [INFO] [run] subject=12, session=2, speed=10, trial=2, x__rid_x=7cb9f2069e028806: dummy_return_one(x)
[12:09:48.458] [INFO] [run] subject=12, session=2, speed=10, trial=3, x__rid_x=2f2785119a62bacb: dummy_return_one(x)
[12:09:48.459] [INFO] [run] subject=12, session=2, speed=10, trial=4, x__rid_x=766932ad2066a962: dummy_return_one(x)
[12:09:48.459] [INFO] [run] subject=12, session=2, speed=10, trial=5, x__rid_x=6ae01f29f83ea2a7: dummy_return_one(x)
[12:09:48.462] [INFO] [run] subject=12, session=2, speed=10, trial=6, x__rid_x=70aa2456b16669a1: dummy_return_one(x)
[12:09:48.463] [INFO] [run] subject=12, session=2, speed=10, trial=7, x__rid_x=b49266ccec6d5d6d: dummy_return_one(x)
[12:09:48.464] [INFO] [run] subject=12, session=2, speed=2, trial=1, x__rid_x=02d238bfc63213e2: dummy_return_one(x)
[12:09:48.466] [INFO] [run] subject=12, session=2, speed=2, trial=2, x__rid_x=396865fa629fbbec: dummy_return_one(x)
[12:09:48.467] [INFO] [run] subject=12, session=2, speed=2, trial=3, x__rid_x=ec282a37d3327905: dummy_return_one(x)
[12:09:48.468] [INFO] [run] subject=12, session=2, speed=2, trial=4, x__rid_x=3a6e6220bcce0a0a: dummy_return_one(x)
[12:09:48.471] [INFO] [run] subject=12, session=2, speed=2, trial=5, x__rid_x=88df181e440202d1: dummy_return_one(x)
[12:09:48.471] [INFO] [run] subject=12, session=2, speed=2, trial=6, x__rid_x=fb7c57e38850fc39: dummy_return_one(x)
[12:09:48.472] [INFO] [run] subject=12, session=2, speed=2, trial=7, x__rid_x=25b45efd5fd7d4c7: dummy_return_one(x)
[12:09:48.475] [INFO] [run] subject=12, session=2, speed=3, trial=1, x__rid_x=de07bf6e11b0b758: dummy_return_one(x)
[12:09:48.475] [INFO] [run] subject=12, session=2, speed=3, trial=2, x__rid_x=c737d30717b0552e: dummy_return_one(x)
[12:09:48.476] [INFO] [run] subject=12, session=2, speed=3, trial=3, x__rid_x=2db8cf19a10ed60e: dummy_return_one(x)
[12:09:48.479] [INFO] [run] subject=12, session=2, speed=3, trial=4, x__rid_x=618345542e33d69a: dummy_return_one(x)
[12:09:48.480] [INFO] [run] subject=12, session=2, speed=3, trial=5, x__rid_x=f5ec4dbf20032e7b: dummy_return_one(x)
[12:09:48.481] [INFO] [run] subject=12, session=2, speed=3, trial=6, x__rid_x=267cbc0d73fa7820: dummy_return_one(x)
[12:09:48.484] [INFO] [run] subject=12, session=2, speed=3, trial=7, x__rid_x=c1926a07321cfd44: dummy_return_one(x)
[12:09:48.485] [INFO] [run] subject=12, session=2, speed=4, trial=1, x__rid_x=3a69b3209ad28154: dummy_return_one(x)
[12:09:48.485] [INFO] [run] subject=12, session=2, speed=4, trial=2, x__rid_x=0ee8bfdb6b235c3e: dummy_return_one(x)
[12:09:48.488] [INFO] [run] subject=12, session=2, speed=4, trial=3, x__rid_x=79e434b47eded70c: dummy_return_one(x)
[12:09:48.489] [INFO] [run] subject=12, session=2, speed=4, trial=4, x__rid_x=88263a660bfabd19: dummy_return_one(x)
[12:09:48.489] [INFO] [run] subject=12, session=2, speed=4, trial=5, x__rid_x=fe7c254992810c9b: dummy_return_one(x)
[12:09:48.492] [INFO] [run] subject=12, session=2, speed=4, trial=6, x__rid_x=6d6a8823a129be50: dummy_return_one(x)
[12:09:48.493] [INFO] [run] subject=12, session=2, speed=4, trial=7, x__rid_x=f72ce5621a12872c: dummy_return_one(x)
[12:09:48.493] [INFO] [run] subject=12, session=2, speed=5, trial=1, x__rid_x=035b319d02daf6d4: dummy_return_one(x)
[12:09:48.496] [INFO] [run] subject=12, session=2, speed=5, trial=2, x__rid_x=a653ddaf2ffb42fd: dummy_return_one(x)
[12:09:48.498] [INFO] [run] subject=12, session=2, speed=5, trial=3, x__rid_x=7a6d410fc964a22d: dummy_return_one(x)
[12:09:48.501] [INFO] [run] subject=12, session=2, speed=5, trial=4, x__rid_x=9fbabb2a464e4cda: dummy_return_one(x)
[12:09:48.501] [INFO] [run] subject=12, session=2, speed=5, trial=5, x__rid_x=df9bb7973520ad0e: dummy_return_one(x)
[12:09:48.502] [INFO] [run] subject=12, session=2, speed=5, trial=6, x__rid_x=3136661cb78edca0: dummy_return_one(x)
[12:09:48.505] [INFO] [run] subject=12, session=2, speed=5, trial=7, x__rid_x=21e2238ed90934ce: dummy_return_one(x)
[12:09:48.506] [INFO] [run] subject=12, session=2, speed=6, trial=1, x__rid_x=87306211a00e6c3e: dummy_return_one(x)
[12:09:48.506] [INFO] [run] subject=12, session=2, speed=6, trial=2, x__rid_x=220a463243f97720: dummy_return_one(x)
[12:09:48.509] [INFO] [run] subject=12, session=2, speed=6, trial=3, x__rid_x=104a616b72e02f11: dummy_return_one(x)
[12:09:48.510] [INFO] [run] subject=12, session=2, speed=6, trial=4, x__rid_x=dd759dd3a54c8944: dummy_return_one(x)
[12:09:48.511] [INFO] [run] subject=12, session=2, speed=6, trial=5, x__rid_x=124389643202fe6a: dummy_return_one(x)
[12:09:48.514] [INFO] [run] subject=12, session=2, speed=6, trial=6, x__rid_x=fc5cf6b48fc27644: dummy_return_one(x)
[12:09:48.515] [INFO] [run] subject=12, session=2, speed=6, trial=7, x__rid_x=f6f4d8e7bdc393ef: dummy_return_one(x)
[12:09:48.518] [INFO] [run] subject=12, session=2, speed=7, trial=1, x__rid_x=9b9b4ca189b4f64f: dummy_return_one(x)
[12:09:48.519] [INFO] [run] subject=12, session=2, speed=7, trial=2, x__rid_x=ece2ae045773f6a0: dummy_return_one(x)
[12:09:48.519] [INFO] [run] subject=12, session=2, speed=7, trial=3, x__rid_x=114ec4cbc959d3ad: dummy_return_one(x)
[12:09:48.522] [INFO] [run] subject=12, session=2, speed=7, trial=4, x__rid_x=ee7f8680a66df0a6: dummy_return_one(x)
[12:09:48.523] [INFO] [run] subject=12, session=2, speed=7, trial=5, x__rid_x=e197679abde17fe3: dummy_return_one(x)
[12:09:48.524] [INFO] [run] subject=12, session=2, speed=7, trial=6, x__rid_x=23e8df2610067ed6: dummy_return_one(x)
[12:09:48.526] [INFO] [run] subject=12, session=2, speed=7, trial=7, x__rid_x=2adfac44f56a1c74: dummy_return_one(x)
[12:09:48.527] [INFO] [run] subject=12, session=2, speed=8, trial=1, x__rid_x=fe90dbc89b8b004c: dummy_return_one(x)
[12:09:48.528] [INFO] [run] subject=12, session=2, speed=8, trial=2, x__rid_x=d9408ed66c94479a: dummy_return_one(x)
[12:09:48.531] [INFO] [run] subject=12, session=2, speed=8, trial=3, x__rid_x=74337eb44b5c5b37: dummy_return_one(x)
[12:09:48.532] [INFO] [run] subject=12, session=2, speed=8, trial=4, x__rid_x=206e6e6da20d1789: dummy_return_one(x)
[12:09:48.535] [INFO] [run] subject=12, session=2, speed=8, trial=5, x__rid_x=8afdc61ba5fbe58c: dummy_return_one(x)
[12:09:48.536] [INFO] [run] subject=12, session=2, speed=8, trial=6, x__rid_x=1359f5ceebad5f88: dummy_return_one(x)
[12:09:48.536] [INFO] [run] subject=12, session=2, speed=8, trial=7, x__rid_x=f14ac45d90260b3f: dummy_return_one(x)
[12:09:48.539] [INFO] [run] subject=12, session=2, speed=9, trial=1, x__rid_x=b97006b07d91fa30: dummy_return_one(x)
[12:09:48.540] [INFO] [run] subject=12, session=2, speed=9, trial=2, x__rid_x=093f1db164d0a510: dummy_return_one(x)
[12:09:48.541] [INFO] [run] subject=12, session=2, speed=9, trial=3, x__rid_x=fa3b6c9e264bea61: dummy_return_one(x)
[12:09:48.544] [INFO] [run] subject=12, session=2, speed=9, trial=4, x__rid_x=554e3b7b7d36c477: dummy_return_one(x)
[12:09:48.544] [INFO] [run] subject=12, session=2, speed=9, trial=5, x__rid_x=0f2d6370345bd9bb: dummy_return_one(x)
[12:09:48.545] [INFO] [run] subject=12, session=2, speed=9, trial=6, x__rid_x=295d86a420c3fb96: dummy_return_one(x)
[12:09:48.546] [INFO] [run] subject=12, session=2, speed=9, trial=7, x__rid_x=5177205d5d46a85b: dummy_return_one(x)
[12:09:48.548] [INFO] [run] subject=12, session=3, speed=1, trial=1, x__rid_x=4bf2105cbbe94d87: dummy_return_one(x)
[12:09:48.549] [INFO] [run] subject=12, session=3, speed=1, trial=2, x__rid_x=4934e69e531267f8: dummy_return_one(x)
[12:09:48.550] [INFO] [run] subject=12, session=3, speed=1, trial=3, x__rid_x=6e6a5599b38bfbbc: dummy_return_one(x)
[12:09:48.553] [INFO] [run] subject=12, session=3, speed=1, trial=4, x__rid_x=26e17733c61cc36f: dummy_return_one(x)
[12:09:48.553] [INFO] [run] subject=12, session=3, speed=1, trial=5, x__rid_x=a14d25d9e4349120: dummy_return_one(x)
[12:09:48.554] [INFO] [run] subject=12, session=3, speed=1, trial=6, x__rid_x=e8a66332a116900d: dummy_return_one(x)
[12:09:48.557] [INFO] [run] subject=12, session=3, speed=1, trial=7, x__rid_x=dddb6187aef9b5d7: dummy_return_one(x)
[12:09:48.558] [INFO] [run] subject=12, session=3, speed=10, trial=1, x__rid_x=d2c329c8a7733168: dummy_return_one(x)
[12:09:48.559] [INFO] [run] subject=12, session=3, speed=10, trial=2, x__rid_x=e0061e3e0febb9e3: dummy_return_one(x)
[12:09:48.561] [INFO] [run] subject=12, session=3, speed=10, trial=3, x__rid_x=b0c0b57ad7700535: dummy_return_one(x)
[12:09:48.562] [INFO] [run] subject=12, session=3, speed=10, trial=4, x__rid_x=f02be1d617a72062: dummy_return_one(x)
[12:09:48.563] [INFO] [run] subject=12, session=3, speed=10, trial=5, x__rid_x=4c2883e727ff1557: dummy_return_one(x)
[12:09:48.566] [INFO] [run] subject=12, session=3, speed=10, trial=6, x__rid_x=fd806f6f6f1f9acd: dummy_return_one(x)
[12:09:48.567] [INFO] [run] subject=12, session=3, speed=10, trial=7, x__rid_x=a9de62d097eb95a9: dummy_return_one(x)
[12:09:48.567] [INFO] [run] subject=12, session=3, speed=2, trial=1, x__rid_x=88ada78470f9e1e1: dummy_return_one(x)
[12:09:48.570] [INFO] [run] subject=12, session=3, speed=2, trial=2, x__rid_x=a59461707570994d: dummy_return_one(x)
[12:09:48.571] [INFO] [run] subject=12, session=3, speed=2, trial=3, x__rid_x=8822c79e7db94db9: dummy_return_one(x)
[12:09:48.571] [INFO] [run] subject=12, session=3, speed=2, trial=4, x__rid_x=73df15c9278d1d34: dummy_return_one(x)
[12:09:48.574] [INFO] [run] subject=12, session=3, speed=2, trial=5, x__rid_x=13c46332f1ea5626: dummy_return_one(x)
[12:09:48.575] [INFO] [run] subject=12, session=3, speed=2, trial=6, x__rid_x=28e6ac7e228478da: dummy_return_one(x)
[12:09:48.576] [INFO] [run] subject=12, session=3, speed=2, trial=7, x__rid_x=368ff404ecc950aa: dummy_return_one(x)
[12:09:48.579] [INFO] [run] subject=12, session=3, speed=3, trial=1, x__rid_x=ffb4734f7516e2a4: dummy_return_one(x)
[12:09:48.579] [INFO] [run] subject=12, session=3, speed=3, trial=2, x__rid_x=b366ce932d522a14: dummy_return_one(x)
[12:09:48.580] [INFO] [run] subject=12, session=3, speed=3, trial=3, x__rid_x=7f52bce1a6c10d52: dummy_return_one(x)
[12:09:48.583] [INFO] [run] subject=12, session=3, speed=3, trial=4, x__rid_x=729840644ad95787: dummy_return_one(x)
[12:09:48.584] [INFO] [run] subject=12, session=3, speed=3, trial=5, x__rid_x=3aef7d166ba8dd34: dummy_return_one(x)
[12:09:48.585] [INFO] [run] subject=12, session=3, speed=3, trial=6, x__rid_x=e983176413b585c7: dummy_return_one(x)
[12:09:48.587] [INFO] [run] subject=12, session=3, speed=3, trial=7, x__rid_x=3727ab51b163af06: dummy_return_one(x)
[12:09:48.588] [INFO] [run] subject=12, session=3, speed=4, trial=1, x__rid_x=a0db634086ed2599: dummy_return_one(x)
[12:09:48.589] [INFO] [run] subject=12, session=3, speed=4, trial=2, x__rid_x=9c63f247e496ade5: dummy_return_one(x)
[12:09:48.592] [INFO] [run] subject=12, session=3, speed=4, trial=3, x__rid_x=2dfa0d325c24c8c2: dummy_return_one(x)
[12:09:48.593] [INFO] [run] subject=12, session=3, speed=4, trial=4, x__rid_x=bc9da57693eab4c5: dummy_return_one(x)
[12:09:48.594] [INFO] [run] subject=12, session=3, speed=4, trial=5, x__rid_x=ec73cee0f1e3b516: dummy_return_one(x)
[12:09:48.596] [INFO] [run] subject=12, session=3, speed=4, trial=6, x__rid_x=d6969529c80b2c90: dummy_return_one(x)
[12:09:48.597] [INFO] [run] subject=12, session=3, speed=4, trial=7, x__rid_x=d0e06c0e5b5471d1: dummy_return_one(x)
[12:09:48.598] [INFO] [run] subject=12, session=3, speed=5, trial=1, x__rid_x=c9b06a5f1954b610: dummy_return_one(x)
[12:09:48.601] [INFO] [run] subject=12, session=3, speed=5, trial=2, x__rid_x=fb15eb099a12c90d: dummy_return_one(x)
[12:09:48.601] [INFO] [run] subject=12, session=3, speed=5, trial=3, x__rid_x=3b37190b1655f2cd: dummy_return_one(x)
[12:09:48.602] [INFO] [run] subject=12, session=3, speed=5, trial=4, x__rid_x=b177030cf28f8ac0: dummy_return_one(x)
[12:09:48.605] [INFO] [run] subject=12, session=3, speed=5, trial=5, x__rid_x=e5d4c68e60f2e2c2: dummy_return_one(x)
[12:09:48.606] [INFO] [run] subject=12, session=3, speed=5, trial=6, x__rid_x=a3a84a279325c708: dummy_return_one(x)
[12:09:48.606] [INFO] [run] subject=12, session=3, speed=5, trial=7, x__rid_x=7a11db34cf094351: dummy_return_one(x)
[12:09:48.609] [INFO] [run] subject=12, session=3, speed=6, trial=1, x__rid_x=dc01c9c8d24af0ac: dummy_return_one(x)
[12:09:48.610] [INFO] [run] subject=12, session=3, speed=6, trial=2, x__rid_x=050b282bbfc16f0c: dummy_return_one(x)
[12:09:48.611] [INFO] [run] subject=12, session=3, speed=6, trial=3, x__rid_x=3e464b0099d958fa: dummy_return_one(x)
[12:09:48.614] [INFO] [run] subject=12, session=3, speed=6, trial=4, x__rid_x=31acb8d89d537275: dummy_return_one(x)
[12:09:48.615] [INFO] [run] subject=12, session=3, speed=6, trial=5, x__rid_x=1c5b2a6f2a7430ba: dummy_return_one(x)
[12:09:48.616] [INFO] [run] subject=12, session=3, speed=6, trial=6, x__rid_x=e729a4b360bc11ab: dummy_return_one(x)
[12:09:48.618] [INFO] [run] subject=12, session=3, speed=6, trial=7, x__rid_x=9b2e1fda95010329: dummy_return_one(x)
[12:09:48.619] [INFO] [run] subject=12, session=3, speed=7, trial=1, x__rid_x=b52cd0aeff560939: dummy_return_one(x)
[12:09:48.620] [INFO] [run] subject=12, session=3, speed=7, trial=2, x__rid_x=bdb3595e5e706a63: dummy_return_one(x)
[12:09:48.623] [INFO] [run] subject=12, session=3, speed=7, trial=3, x__rid_x=e943c64109c00e73: dummy_return_one(x)
[12:09:48.623] [INFO] [run] subject=12, session=3, speed=7, trial=4, x__rid_x=7c3e3496ec881c78: dummy_return_one(x)
[12:09:48.624] [INFO] [run] subject=12, session=3, speed=7, trial=5, x__rid_x=b0946c176865a339: dummy_return_one(x)
[12:09:48.627] [INFO] [run] subject=12, session=3, speed=7, trial=6, x__rid_x=79d0d56bb2321e76: dummy_return_one(x)
[12:09:48.628] [INFO] [run] subject=12, session=3, speed=7, trial=7, x__rid_x=769545a2ec3af142: dummy_return_one(x)
[12:09:48.628] [INFO] [run] subject=12, session=3, speed=8, trial=1, x__rid_x=8c8f711a9ab9013e: dummy_return_one(x)
[12:09:48.632] [INFO] [run] subject=12, session=3, speed=8, trial=2, x__rid_x=6aef85513081a75b: dummy_return_one(x)
[12:09:48.633] [INFO] [run] subject=12, session=3, speed=8, trial=3, x__rid_x=4d1e6072cb7e9575: dummy_return_one(x)
[12:09:48.633] [INFO] [run] subject=12, session=3, speed=8, trial=4, x__rid_x=a9257b9cd0cafb70: dummy_return_one(x)
[12:09:48.636] [INFO] [run] subject=12, session=3, speed=8, trial=5, x__rid_x=1515e3b49a662e49: dummy_return_one(x)
[12:09:48.637] [INFO] [run] subject=12, session=3, speed=8, trial=6, x__rid_x=5584c9bc76c218d3: dummy_return_one(x)
[12:09:48.637] [INFO] [run] subject=12, session=3, speed=8, trial=7, x__rid_x=98a7374dc96c349d: dummy_return_one(x)
[12:09:48.640] [INFO] [run] subject=12, session=3, speed=9, trial=1, x__rid_x=84777ad2436110fc: dummy_return_one(x)
[12:09:48.641] [INFO] [run] subject=12, session=3, speed=9, trial=2, x__rid_x=d55cd279d132751b: dummy_return_one(x)
[12:09:48.642] [INFO] [run] subject=12, session=3, speed=9, trial=3, x__rid_x=e0a8bb80e202f293: dummy_return_one(x)
[12:09:48.645] [INFO] [run] subject=12, session=3, speed=9, trial=4, x__rid_x=3d66d5d32b84b38c: dummy_return_one(x)
[12:09:48.645] [INFO] [run] subject=12, session=3, speed=9, trial=5, x__rid_x=af9911aba03f914b: dummy_return_one(x)
[12:09:48.646] [INFO] [run] subject=12, session=3, speed=9, trial=6, x__rid_x=d9b0711b6234f317: dummy_return_one(x)
[12:09:48.649] [INFO] [run] subject=12, session=3, speed=9, trial=7, x__rid_x=e1e5462c540016d5: dummy_return_one(x)
[12:09:48.650] [INFO] [run] subject=12, session=4, speed=1, trial=1, x__rid_x=6b958cf6bee5884e: dummy_return_one(x)
[12:09:48.651] [INFO] [run] subject=12, session=4, speed=1, trial=2, x__rid_x=3748b5a8b15b5777: dummy_return_one(x)
[12:09:48.654] [INFO] [run] subject=12, session=4, speed=1, trial=3, x__rid_x=83eea4ab1e634c4f: dummy_return_one(x)
[12:09:48.654] [INFO] [run] subject=12, session=4, speed=1, trial=4, x__rid_x=4e45892a702fa179: dummy_return_one(x)
[12:09:48.655] [INFO] [run] subject=12, session=4, speed=1, trial=5, x__rid_x=cbb4e1518e9eb47b: dummy_return_one(x)
[12:09:48.655] [INFO] [run] subject=12, session=4, speed=1, trial=6, x__rid_x=a8ed8d3669b56492: dummy_return_one(x)
[12:09:48.658] [INFO] [run] subject=12, session=4, speed=1, trial=7, x__rid_x=f714c8113c59d173: dummy_return_one(x)
[12:09:48.659] [INFO] [run] subject=12, session=4, speed=10, trial=1, x__rid_x=20ea0b27168f75d4: dummy_return_one(x)
[12:09:48.660] [INFO] [run] subject=12, session=4, speed=10, trial=2, x__rid_x=90d7bb4a14cd776b: dummy_return_one(x)
[12:09:48.663] [INFO] [run] subject=12, session=4, speed=10, trial=3, x__rid_x=9a3f8965897fd049: dummy_return_one(x)
[12:09:48.663] [INFO] [run] subject=12, session=4, speed=10, trial=4, x__rid_x=ce37d00038b62900: dummy_return_one(x)
[12:09:48.664] [INFO] [run] subject=12, session=4, speed=10, trial=5, x__rid_x=60e538b548990875: dummy_return_one(x)
[12:09:48.667] [INFO] [run] subject=12, session=4, speed=10, trial=6, x__rid_x=37e89086c99c5e11: dummy_return_one(x)
[12:09:48.668] [INFO] [run] subject=12, session=4, speed=10, trial=7, x__rid_x=5a74febd49cf3c9d: dummy_return_one(x)
[12:09:48.669] [INFO] [run] subject=12, session=4, speed=2, trial=1, x__rid_x=d89976de5815a042: dummy_return_one(x)
[12:09:48.672] [INFO] [run] subject=12, session=4, speed=2, trial=2, x__rid_x=96e04f6414496120: dummy_return_one(x)
[12:09:48.673] [INFO] [run] subject=12, session=4, speed=2, trial=3, x__rid_x=1384410d56b8d0de: dummy_return_one(x)
[12:09:48.673] [INFO] [run] subject=12, session=4, speed=2, trial=4, x__rid_x=00d3011ff8a3a3b6: dummy_return_one(x)
[12:09:48.676] [INFO] [run] subject=12, session=4, speed=2, trial=5, x__rid_x=8ff8cd5cf015327a: dummy_return_one(x)
[12:09:48.677] [INFO] [run] subject=12, session=4, speed=2, trial=6, x__rid_x=5e1e9694731a9218: dummy_return_one(x)
[12:09:48.678] [INFO] [run] subject=12, session=4, speed=2, trial=7, x__rid_x=bc8db68e9839881a: dummy_return_one(x)
[12:09:48.681] [INFO] [run] subject=12, session=4, speed=3, trial=1, x__rid_x=141bdbc6cf5081e9: dummy_return_one(x)
[12:09:48.682] [INFO] [run] subject=12, session=4, speed=3, trial=2, x__rid_x=6d7d3399ae72dec7: dummy_return_one(x)
[12:09:48.685] [INFO] [run] subject=12, session=4, speed=3, trial=3, x__rid_x=3b9301f2d0b352cb: dummy_return_one(x)
[12:09:48.686] [INFO] [run] subject=12, session=4, speed=3, trial=4, x__rid_x=92431e681227dc93: dummy_return_one(x)
[12:09:48.687] [INFO] [run] subject=12, session=4, speed=3, trial=5, x__rid_x=412fe2c79ca97165: dummy_return_one(x)
[12:09:48.690] [INFO] [run] subject=12, session=4, speed=3, trial=6, x__rid_x=feb57005cc031f29: dummy_return_one(x)
[12:09:48.690] [INFO] [run] subject=12, session=4, speed=3, trial=7, x__rid_x=fe49603d4566d27f: dummy_return_one(x)
[12:09:48.691] [INFO] [run] subject=12, session=4, speed=4, trial=1, x__rid_x=1c9cb4c35161ca7d: dummy_return_one(x)
[12:09:48.694] [INFO] [run] subject=12, session=4, speed=4, trial=2, x__rid_x=ac6bf91154392944: dummy_return_one(x)
[12:09:48.695] [INFO] [run] subject=12, session=4, speed=4, trial=3, x__rid_x=405ae600caf9126e: dummy_return_one(x)
[12:09:48.696] [INFO] [run] subject=12, session=4, speed=4, trial=4, x__rid_x=fba0fcffb4cbba93: dummy_return_one(x)
[12:09:48.699] [INFO] [run] subject=12, session=4, speed=4, trial=5, x__rid_x=cd69e25fe51871b9: dummy_return_one(x)
[12:09:48.700] [INFO] [run] subject=12, session=4, speed=4, trial=6, x__rid_x=5a5acb2c40ca8ca4: dummy_return_one(x)
[12:09:48.701] [INFO] [run] subject=12, session=4, speed=4, trial=7, x__rid_x=34df65c706ada79b: dummy_return_one(x)
[12:09:48.703] [INFO] [run] subject=12, session=4, speed=5, trial=1, x__rid_x=24e3a29a20194403: dummy_return_one(x)
[12:09:48.704] [INFO] [run] subject=12, session=4, speed=5, trial=2, x__rid_x=bb7f87fbfb64da35: dummy_return_one(x)
[12:09:48.705] [INFO] [run] subject=12, session=4, speed=5, trial=3, x__rid_x=6c419fc8bf06fc66: dummy_return_one(x)
[12:09:48.708] [INFO] [run] subject=12, session=4, speed=5, trial=4, x__rid_x=fb0fa6cf9fb7dd74: dummy_return_one(x)
[12:09:48.708] [INFO] [run] subject=12, session=4, speed=5, trial=5, x__rid_x=d63bc3af161b17cf: dummy_return_one(x)
[12:09:48.709] [INFO] [run] subject=12, session=4, speed=5, trial=6, x__rid_x=4d3aa6c249924fd5: dummy_return_one(x)
[12:09:48.712] [INFO] [run] subject=12, session=4, speed=5, trial=7, x__rid_x=1fd889b548673196: dummy_return_one(x)
[12:09:48.713] [INFO] [run] subject=12, session=4, speed=6, trial=1, x__rid_x=7ec01485db66bb1c: dummy_return_one(x)
[12:09:48.714] [INFO] [run] subject=12, session=4, speed=6, trial=2, x__rid_x=dc4bf61dd467ff67: dummy_return_one(x)
[12:09:48.717] [INFO] [run] subject=12, session=4, speed=6, trial=3, x__rid_x=c9afd231541bc856: dummy_return_one(x)
[12:09:48.718] [INFO] [run] subject=12, session=4, speed=6, trial=4, x__rid_x=6d0778bda473b30f: dummy_return_one(x)
[12:09:48.718] [INFO] [run] subject=12, session=4, speed=6, trial=5, x__rid_x=02a91292ff18cf02: dummy_return_one(x)
[12:09:48.721] [INFO] [run] subject=12, session=4, speed=6, trial=6, x__rid_x=7e36750ef031aed3: dummy_return_one(x)
[12:09:48.722] [INFO] [run] subject=12, session=4, speed=6, trial=7, x__rid_x=d07303a3457e8265: dummy_return_one(x)
[12:09:48.723] [INFO] [run] subject=12, session=4, speed=7, trial=1, x__rid_x=8af8223c845972d7: dummy_return_one(x)
[12:09:48.726] [INFO] [run] subject=12, session=4, speed=7, trial=2, x__rid_x=5ee97e3e7fa093ea: dummy_return_one(x)
[12:09:48.727] [INFO] [run] subject=12, session=4, speed=7, trial=3, x__rid_x=05e03e03c0875c68: dummy_return_one(x)
[12:09:48.727] [INFO] [run] subject=12, session=4, speed=7, trial=4, x__rid_x=3cd89130a570e924: dummy_return_one(x)
[12:09:48.731] [INFO] [run] subject=12, session=4, speed=7, trial=5, x__rid_x=37399c8c7a24b497: dummy_return_one(x)
[12:09:48.732] [INFO] [run] subject=12, session=4, speed=7, trial=6, x__rid_x=2e7027a2fa086085: dummy_return_one(x)
[12:09:48.735] [INFO] [run] subject=12, session=4, speed=7, trial=7, x__rid_x=dd3b904448807c9b: dummy_return_one(x)
[12:09:48.736] [INFO] [run] subject=12, session=4, speed=8, trial=1, x__rid_x=46c4da92dc2109e4: dummy_return_one(x)
[12:09:48.736] [INFO] [run] subject=12, session=4, speed=8, trial=2, x__rid_x=f4a78e942dcc36e6: dummy_return_one(x)
[12:09:48.740] [INFO] [run] subject=12, session=4, speed=8, trial=3, x__rid_x=65f41efb1761f681: dummy_return_one(x)
[12:09:48.740] [INFO] [run] subject=12, session=4, speed=8, trial=4, x__rid_x=9656ea5c52f22241: dummy_return_one(x)
[12:09:48.741] [INFO] [run] subject=12, session=4, speed=8, trial=5, x__rid_x=e415b11be51ae472: dummy_return_one(x)
[12:09:48.744] [INFO] [run] subject=12, session=4, speed=8, trial=6, x__rid_x=c6051e876b8e7dd1: dummy_return_one(x)
[12:09:48.745] [INFO] [run] subject=12, session=4, speed=8, trial=7, x__rid_x=00e5a8a8c8b18352: dummy_return_one(x)
[12:09:48.745] [INFO] [run] subject=12, session=4, speed=9, trial=1, x__rid_x=10c3c64c39816554: dummy_return_one(x)
[12:09:48.749] [INFO] [run] subject=12, session=4, speed=9, trial=2, x__rid_x=54b796b425432790: dummy_return_one(x)
[12:09:48.750] [INFO] [run] subject=12, session=4, speed=9, trial=3, x__rid_x=31548583feba20e1: dummy_return_one(x)
[12:09:48.750] [INFO] [run] subject=12, session=4, speed=9, trial=4, x__rid_x=10800caa6e80b492: dummy_return_one(x)
[12:09:48.753] [INFO] [run] subject=12, session=4, speed=9, trial=5, x__rid_x=1e9a7da9345fe1d2: dummy_return_one(x)
[12:09:48.754] [INFO] [run] subject=12, session=4, speed=9, trial=6, x__rid_x=c3da3984bcbc7dc0: dummy_return_one(x)
[12:09:48.755] [INFO] [run] subject=12, session=4, speed=9, trial=7, x__rid_x=282ed27a75aceb85: dummy_return_one(x)
[12:09:48.758] [INFO] [run] subject=12, session=5, speed=1, trial=1, x__rid_x=7fa69b9ae39f6f65: dummy_return_one(x)
[12:09:48.758] [INFO] [run] subject=12, session=5, speed=1, trial=2, x__rid_x=14bc52915e7e95a4: dummy_return_one(x)
[12:09:48.759] [INFO] [run] subject=12, session=5, speed=1, trial=3, x__rid_x=6e3d6450c401585d: dummy_return_one(x)
[12:09:48.762] [INFO] [run] subject=12, session=5, speed=1, trial=4, x__rid_x=8e80efb366be59da: dummy_return_one(x)
[12:09:48.763] [INFO] [run] subject=12, session=5, speed=1, trial=5, x__rid_x=657f639517016cc3: dummy_return_one(x)
[12:09:48.764] [INFO] [run] subject=12, session=5, speed=1, trial=6, x__rid_x=af9bdb5f512ef504: dummy_return_one(x)
[12:09:48.767] [INFO] [run] subject=12, session=5, speed=1, trial=7, x__rid_x=c37479425dfc04c7: dummy_return_one(x)
[12:09:48.768] [INFO] [run] subject=12, session=5, speed=10, trial=1, x__rid_x=b594ca549fb1f2ad: dummy_return_one(x)
[12:09:48.768] [INFO] [run] subject=12, session=5, speed=10, trial=2, x__rid_x=61944cee3de14a9d: dummy_return_one(x)
[12:09:48.771] [INFO] [run] subject=12, session=5, speed=10, trial=3, x__rid_x=354fb900c71bd6e2: dummy_return_one(x)
[12:09:48.772] [INFO] [run] subject=12, session=5, speed=10, trial=4, x__rid_x=7ca6a1a75539faff: dummy_return_one(x)
[12:09:48.773] [INFO] [run] subject=12, session=5, speed=10, trial=5, x__rid_x=46c571e9cdbf5e56: dummy_return_one(x)
[12:09:48.776] [INFO] [run] subject=12, session=5, speed=10, trial=6, x__rid_x=f3ec32bf10adebd8: dummy_return_one(x)
[12:09:48.777] [INFO] [run] subject=12, session=5, speed=10, trial=7, x__rid_x=6cdf4e71087af27a: dummy_return_one(x)
[12:09:48.777] [INFO] [run] subject=12, session=5, speed=2, trial=1, x__rid_x=0179d0a20e1495b9: dummy_return_one(x)
[12:09:48.780] [INFO] [run] subject=12, session=5, speed=2, trial=2, x__rid_x=dd346209deea32b5: dummy_return_one(x)
[12:09:48.782] [INFO] [run] subject=12, session=5, speed=2, trial=3, x__rid_x=dbdf2b55dbb60e38: dummy_return_one(x)
[12:09:48.785] [INFO] [run] subject=12, session=5, speed=2, trial=4, x__rid_x=65627ab3bc415459: dummy_return_one(x)
[12:09:48.786] [INFO] [run] subject=12, session=5, speed=2, trial=5, x__rid_x=206b35981bb38a58: dummy_return_one(x)
[12:09:48.786] [INFO] [run] subject=12, session=5, speed=2, trial=6, x__rid_x=8111715c8ecda1c7: dummy_return_one(x)
[12:09:48.790] [INFO] [run] subject=12, session=5, speed=2, trial=7, x__rid_x=6a2340ed79bdaecc: dummy_return_one(x)
[12:09:48.790] [INFO] [run] subject=12, session=5, speed=3, trial=1, x__rid_x=cadbe39a986a2d18: dummy_return_one(x)
[12:09:48.791] [INFO] [run] subject=12, session=5, speed=3, trial=2, x__rid_x=9c1adcbcc8158474: dummy_return_one(x)
[12:09:48.794] [INFO] [run] subject=12, session=5, speed=3, trial=3, x__rid_x=8c79ff6d1222136f: dummy_return_one(x)
[12:09:48.795] [INFO] [run] subject=12, session=5, speed=3, trial=4, x__rid_x=4e4b046909d3082e: dummy_return_one(x)
[12:09:48.795] [INFO] [run] subject=12, session=5, speed=3, trial=5, x__rid_x=fb27a181d35ffedb: dummy_return_one(x)
[12:09:48.799] [INFO] [run] subject=12, session=5, speed=3, trial=6, x__rid_x=f3f7334b09847523: dummy_return_one(x)
[12:09:48.800] [INFO] [run] subject=12, session=5, speed=3, trial=7, x__rid_x=3cf74015b5ead130: dummy_return_one(x)
[12:09:48.801] [INFO] [run] subject=12, session=5, speed=4, trial=1, x__rid_x=33aa480be5308180: dummy_return_one(x)
[12:09:48.803] [INFO] [run] subject=12, session=5, speed=4, trial=2, x__rid_x=23b32ddf21576138: dummy_return_one(x)
[12:09:48.804] [INFO] [run] subject=12, session=5, speed=4, trial=3, x__rid_x=4e5d0e337d6bb753: dummy_return_one(x)
[12:09:48.805] [INFO] [run] subject=12, session=5, speed=4, trial=4, x__rid_x=20f57fb870495224: dummy_return_one(x)
[12:09:48.808] [INFO] [run] subject=12, session=5, speed=4, trial=5, x__rid_x=8aa10c97619ea62e: dummy_return_one(x)
[12:09:48.809] [INFO] [run] subject=12, session=5, speed=4, trial=6, x__rid_x=663f718b5655d310: dummy_return_one(x)
[12:09:48.809] [INFO] [run] subject=12, session=5, speed=4, trial=7, x__rid_x=5e96769716000f4e: dummy_return_one(x)
[12:09:48.812] [INFO] [run] subject=12, session=5, speed=5, trial=1, x__rid_x=46b857f9ed16c578: dummy_return_one(x)
[12:09:48.813] [INFO] [run] subject=12, session=5, speed=5, trial=2, x__rid_x=b1098faccb82d0ff: dummy_return_one(x)
[12:09:48.814] [INFO] [run] subject=12, session=5, speed=5, trial=3, x__rid_x=daecfcc305530683: dummy_return_one(x)
[12:09:48.817] [INFO] [run] subject=12, session=5, speed=5, trial=4, x__rid_x=0a147dc30c81b4f4: dummy_return_one(x)
[12:09:48.818] [INFO] [run] subject=12, session=5, speed=5, trial=5, x__rid_x=ea5c249c3ce74a00: dummy_return_one(x)
[12:09:48.818] [INFO] [run] subject=12, session=5, speed=5, trial=6, x__rid_x=3ebd0c9f39bf5d04: dummy_return_one(x)
[12:09:48.822] [INFO] [run] subject=12, session=5, speed=5, trial=7, x__rid_x=8640661abdf21023: dummy_return_one(x)
[12:09:48.822] [INFO] [run] subject=12, session=5, speed=6, trial=1, x__rid_x=8c4e0190bd61d488: dummy_return_one(x)
[12:09:48.823] [INFO] [run] subject=12, session=5, speed=6, trial=2, x__rid_x=a54ed179ffe6a312: dummy_return_one(x)
[12:09:48.826] [INFO] [run] subject=12, session=5, speed=6, trial=3, x__rid_x=9c0ad935be3aac02: dummy_return_one(x)
[12:09:48.827] [INFO] [run] subject=12, session=5, speed=6, trial=4, x__rid_x=2693fe659cca1794: dummy_return_one(x)
[12:09:48.828] [INFO] [run] subject=12, session=5, speed=6, trial=5, x__rid_x=9b4e4857cd5bfb64: dummy_return_one(x)
[12:09:48.831] [INFO] [run] subject=12, session=5, speed=6, trial=6, x__rid_x=62b6b3030b5e6db3: dummy_return_one(x)
[12:09:48.832] [INFO] [run] subject=12, session=5, speed=6, trial=7, x__rid_x=6772d3efb663246b: dummy_return_one(x)
[12:09:48.835] [INFO] [run] subject=12, session=5, speed=7, trial=1, x__rid_x=84030e6696915ee8: dummy_return_one(x)
[12:09:48.836] [INFO] [run] subject=12, session=5, speed=7, trial=2, x__rid_x=ebcffb43195b2dfa: dummy_return_one(x)
[12:09:48.837] [INFO] [run] subject=12, session=5, speed=7, trial=3, x__rid_x=7c27d94346fdaec6: dummy_return_one(x)
[12:09:48.840] [INFO] [run] subject=12, session=5, speed=7, trial=4, x__rid_x=5edbde930c4efe43: dummy_return_one(x)
[12:09:48.841] [INFO] [run] subject=12, session=5, speed=7, trial=5, x__rid_x=0af18f4ed42c08ee: dummy_return_one(x)
[12:09:48.841] [INFO] [run] subject=12, session=5, speed=7, trial=6, x__rid_x=5fffe6fb217a5165: dummy_return_one(x)
[12:09:48.845] [INFO] [run] subject=12, session=5, speed=7, trial=7, x__rid_x=7a204fd84d1cb495: dummy_return_one(x)
[12:09:48.845] [INFO] [run] subject=12, session=5, speed=8, trial=1, x__rid_x=36951e14a8363008: dummy_return_one(x)
[12:09:48.846] [INFO] [run] subject=12, session=5, speed=8, trial=2, x__rid_x=5d3359a3d7e23b1f: dummy_return_one(x)
[12:09:48.849] [INFO] [run] subject=12, session=5, speed=8, trial=3, x__rid_x=d1966b1920c4e735: dummy_return_one(x)
[12:09:48.850] [INFO] [run] subject=12, session=5, speed=8, trial=4, x__rid_x=ed0a883e5c7d8190: dummy_return_one(x)
[12:09:48.854] [INFO] [run] subject=12, session=5, speed=8, trial=5, x__rid_x=6c89504d91cc4bee: dummy_return_one(x)
[12:09:48.855] [INFO] [run] subject=12, session=5, speed=8, trial=6, x__rid_x=4cbcf95c5e13a304: dummy_return_one(x)
[12:09:48.855] [INFO] [run] subject=12, session=5, speed=8, trial=7, x__rid_x=e1d049d448384ba1: dummy_return_one(x)
[12:09:48.859] [INFO] [run] subject=12, session=5, speed=9, trial=1, x__rid_x=ddf87c5bc5d03761: dummy_return_one(x)
[12:09:48.859] [INFO] [run] subject=12, session=5, speed=9, trial=2, x__rid_x=63b2d7d40bdd6452: dummy_return_one(x)
[12:09:48.860] [INFO] [run] subject=12, session=5, speed=9, trial=3, x__rid_x=7aa52846d8860c0e: dummy_return_one(x)
[12:09:48.863] [INFO] [run] subject=12, session=5, speed=9, trial=4, x__rid_x=981ea12e6f329758: dummy_return_one(x)
[12:09:48.865] [INFO] [run] subject=12, session=5, speed=9, trial=5, x__rid_x=85a38db3bf1a68ff: dummy_return_one(x)
[12:09:48.868] [INFO] [run] subject=12, session=5, speed=9, trial=6, x__rid_x=35e17d42da0d3df1: dummy_return_one(x)
[12:09:48.869] [INFO] [run] subject=12, session=5, speed=9, trial=7, x__rid_x=e9bcb600fc0209d5: dummy_return_one(x)
[12:09:48.869] [INFO] [run] subject=13, session=1, speed=1, trial=1, x__rid_x=894505268ff92a2f: dummy_return_one(x)
[12:09:48.872] [INFO] [run] subject=13, session=1, speed=1, trial=2, x__rid_x=5ed685fb706f256b: dummy_return_one(x)
[12:09:48.873] [INFO] [run] subject=13, session=1, speed=1, trial=3, x__rid_x=e80d7677621adbc0: dummy_return_one(x)
[12:09:48.874] [INFO] [run] subject=13, session=1, speed=1, trial=4, x__rid_x=19672ef7edfe0350: dummy_return_one(x)
[12:09:48.874] [INFO] [run] subject=13, session=1, speed=1, trial=5, x__rid_x=6ef97c7843c8b546: dummy_return_one(x)
[12:09:48.877] [INFO] [run] subject=13, session=1, speed=1, trial=6, x__rid_x=ce6f2ddb20241cc0: dummy_return_one(x)
[12:09:48.878] [INFO] [run] subject=13, session=1, speed=1, trial=7, x__rid_x=0648e84e5074ccba: dummy_return_one(x)
[12:09:48.879] [INFO] [run] subject=13, session=1, speed=10, trial=1, x__rid_x=bdb1ba58eed636a6: dummy_return_one(x)
[12:09:48.882] [INFO] [run] subject=13, session=1, speed=10, trial=2, x__rid_x=b0709a2054611131: dummy_return_one(x)
[12:09:48.883] [INFO] [run] subject=13, session=1, speed=10, trial=3, x__rid_x=768b0c5565ac6e71: dummy_return_one(x)
[12:09:48.884] [INFO] [run] subject=13, session=1, speed=10, trial=4, x__rid_x=5fad787a6135c5eb: dummy_return_one(x)
[12:09:48.886] [INFO] [run] subject=13, session=1, speed=10, trial=5, x__rid_x=15b26b730a803a26: dummy_return_one(x)
[12:09:48.887] [INFO] [run] subject=13, session=1, speed=10, trial=6, x__rid_x=d96794a92c495bbd: dummy_return_one(x)
[12:09:48.888] [INFO] [run] subject=13, session=1, speed=10, trial=7, x__rid_x=af43915e19eecba9: dummy_return_one(x)
[12:09:48.891] [INFO] [run] subject=13, session=1, speed=2, trial=1, x__rid_x=f30e32dfa85585b7: dummy_return_one(x)
[12:09:48.892] [INFO] [run] subject=13, session=1, speed=2, trial=2, x__rid_x=9738cad84ba9675e: dummy_return_one(x)
[12:09:48.892] [INFO] [run] subject=13, session=1, speed=2, trial=3, x__rid_x=f460dbf05903e797: dummy_return_one(x)
[12:09:48.896] [INFO] [run] subject=13, session=1, speed=2, trial=4, x__rid_x=34854811bc7a6221: dummy_return_one(x)
[12:09:48.896] [INFO] [run] subject=13, session=1, speed=2, trial=5, x__rid_x=31678e9356dbf2dd: dummy_return_one(x)
[12:09:48.897] [INFO] [run] subject=13, session=1, speed=2, trial=6, x__rid_x=8c1806b393fda4e0: dummy_return_one(x)
[12:09:48.900] [INFO] [run] subject=13, session=1, speed=2, trial=7, x__rid_x=ab6a072bb340d336: dummy_return_one(x)
[12:09:48.901] [INFO] [run] subject=13, session=1, speed=3, trial=1, x__rid_x=83590fcd99fa2326: dummy_return_one(x)
[12:09:48.902] [INFO] [run] subject=13, session=1, speed=3, trial=2, x__rid_x=7cd6255d9d916f81: dummy_return_one(x)
[12:09:48.905] [INFO] [run] subject=13, session=1, speed=3, trial=3, x__rid_x=2ac44a594b51947b: dummy_return_one(x)
[12:09:48.906] [INFO] [run] subject=13, session=1, speed=3, trial=4, x__rid_x=7d81e239b4bf5a1c: dummy_return_one(x)
[12:09:48.907] [INFO] [run] subject=13, session=1, speed=3, trial=5, x__rid_x=37399255a784f41e: dummy_return_one(x)
[12:09:48.910] [INFO] [run] subject=13, session=1, speed=3, trial=6, x__rid_x=8e4526ed3d1b26b2: dummy_return_one(x)
[12:09:48.910] [INFO] [run] subject=13, session=1, speed=3, trial=7, x__rid_x=67daa38c8a266c81: dummy_return_one(x)
[12:09:48.911] [INFO] [run] subject=13, session=1, speed=4, trial=1, x__rid_x=ef5ddb49a70cac94: dummy_return_one(x)
[12:09:48.915] [INFO] [run] subject=13, session=1, speed=4, trial=2, x__rid_x=4f82493d2dfe0d7b: dummy_return_one(x)
[12:09:48.916] [INFO] [run] subject=13, session=1, speed=4, trial=3, x__rid_x=3b71ffa71b5c6885: dummy_return_one(x)
[12:09:48.919] [INFO] [run] subject=13, session=1, speed=4, trial=4, x__rid_x=dde54b62595f3102: dummy_return_one(x)
[12:09:48.920] [INFO] [run] subject=13, session=1, speed=4, trial=5, x__rid_x=57e95e46562dc438: dummy_return_one(x)
[12:09:48.920] [INFO] [run] subject=13, session=1, speed=4, trial=6, x__rid_x=0a1c31158f24ad1f: dummy_return_one(x)
[12:09:48.924] [INFO] [run] subject=13, session=1, speed=4, trial=7, x__rid_x=c027f5e67380e6ae: dummy_return_one(x)
[12:09:48.925] [INFO] [run] subject=13, session=1, speed=5, trial=1, x__rid_x=938daf61c68c651f: dummy_return_one(x)
[12:09:48.925] [INFO] [run] subject=13, session=1, speed=5, trial=2, x__rid_x=d13cf3073ba6a7d5: dummy_return_one(x)
[12:09:48.928] [INFO] [run] subject=13, session=1, speed=5, trial=3, x__rid_x=cc164ba5fd3e8be5: dummy_return_one(x)
[12:09:48.929] [INFO] [run] subject=13, session=1, speed=5, trial=4, x__rid_x=0d9296e5ccc908d8: dummy_return_one(x)
[12:09:48.930] [INFO] [run] subject=13, session=1, speed=5, trial=5, x__rid_x=3895e205e21d7aba: dummy_return_one(x)
[12:09:48.933] [INFO] [run] subject=13, session=1, speed=5, trial=6, x__rid_x=00fb251377c66024: dummy_return_one(x)
[12:09:48.934] [INFO] [run] subject=13, session=1, speed=5, trial=7, x__rid_x=89ab62ffea138470: dummy_return_one(x)
[12:09:48.935] [INFO] [run] subject=13, session=1, speed=6, trial=1, x__rid_x=dd2edd61f3a1af7c: dummy_return_one(x)
[12:09:48.938] [INFO] [run] subject=13, session=1, speed=6, trial=2, x__rid_x=2aa6f23a6c1c186c: dummy_return_one(x)
[12:09:48.939] [INFO] [run] subject=13, session=1, speed=6, trial=3, x__rid_x=9d9c98e6bdc3ef88: dummy_return_one(x)
[12:09:48.939] [INFO] [run] subject=13, session=1, speed=6, trial=4, x__rid_x=ab715051e017ef68: dummy_return_one(x)
[12:09:48.943] [INFO] [run] subject=13, session=1, speed=6, trial=5, x__rid_x=7eefe3ba5c88a18e: dummy_return_one(x)
[12:09:48.943] [INFO] [run] subject=13, session=1, speed=6, trial=6, x__rid_x=d21c53617e30f36b: dummy_return_one(x)
[12:09:48.944] [INFO] [run] subject=13, session=1, speed=6, trial=7, x__rid_x=e0a4feafb4ae6fc9: dummy_return_one(x)
[12:09:48.948] [INFO] [run] subject=13, session=1, speed=7, trial=1, x__rid_x=4829ba4d43eb1b77: dummy_return_one(x)
[12:09:48.949] [INFO] [run] subject=13, session=1, speed=7, trial=2, x__rid_x=c051fa2138bf9e4f: dummy_return_one(x)
[12:09:48.952] [INFO] [run] subject=13, session=1, speed=7, trial=3, x__rid_x=cf15c80d18c14e2b: dummy_return_one(x)
[12:09:48.953] [INFO] [run] subject=13, session=1, speed=7, trial=4, x__rid_x=008244ae89973ab0: dummy_return_one(x)
[12:09:48.954] [INFO] [run] subject=13, session=1, speed=7, trial=5, x__rid_x=ada3207815bff1d5: dummy_return_one(x)
[12:09:48.957] [INFO] [run] subject=13, session=1, speed=7, trial=6, x__rid_x=a2374826327da6e1: dummy_return_one(x)
[12:09:48.958] [INFO] [run] subject=13, session=1, speed=7, trial=7, x__rid_x=dd45a88a0e8d5342: dummy_return_one(x)
[12:09:48.958] [INFO] [run] subject=13, session=1, speed=8, trial=1, x__rid_x=f014c532ec01405e: dummy_return_one(x)
[12:09:48.959] [INFO] [run] subject=13, session=1, speed=8, trial=2, x__rid_x=ced51757d1ed97b2: dummy_return_one(x)
[12:09:48.962] [INFO] [run] subject=13, session=1, speed=8, trial=3, x__rid_x=a9a2648a764fffba: dummy_return_one(x)
[12:09:48.962] [INFO] [run] subject=13, session=1, speed=8, trial=4, x__rid_x=c2e6f998491f8a9f: dummy_return_one(x)
[12:09:48.963] [INFO] [run] subject=13, session=1, speed=8, trial=5, x__rid_x=2ec9b3bd84007f2b: dummy_return_one(x)
[12:09:48.963] [INFO] [run] subject=13, session=1, speed=8, trial=6, x__rid_x=7613045f5bb04c44: dummy_return_one(x)
[12:09:48.966] [INFO] [run] subject=13, session=1, speed=8, trial=7, x__rid_x=07fb53a420be1699: dummy_return_one(x)
[12:09:48.967] [INFO] [run] subject=13, session=1, speed=9, trial=1, x__rid_x=17f4f2bf0f37dbd9: dummy_return_one(x)
[12:09:48.968] [INFO] [run] subject=13, session=1, speed=9, trial=2, x__rid_x=40681f6008184c88: dummy_return_one(x)
[12:09:48.971] [INFO] [run] subject=13, session=1, speed=9, trial=3, x__rid_x=17971e33de52f09b: dummy_return_one(x)
[12:09:48.972] [INFO] [run] subject=13, session=1, speed=9, trial=4, x__rid_x=cfb988fe70365511: dummy_return_one(x)
[12:09:48.972] [INFO] [run] subject=13, session=1, speed=9, trial=5, x__rid_x=a582fae081bb70f6: dummy_return_one(x)
[12:09:48.976] [INFO] [run] subject=13, session=1, speed=9, trial=6, x__rid_x=66a5c0d732efc97d: dummy_return_one(x)
[12:09:48.977] [INFO] [run] subject=13, session=1, speed=9, trial=7, x__rid_x=2004ad96df93bf1c: dummy_return_one(x)
[12:09:48.977] [INFO] [run] subject=13, session=2, speed=1, trial=1, x__rid_x=53bd8d3a1e7f98b9: dummy_return_one(x)
[12:09:48.981] [INFO] [run] subject=13, session=2, speed=1, trial=2, x__rid_x=37209cf2c6d1fd40: dummy_return_one(x)
[12:09:48.982] [INFO] [run] subject=13, session=2, speed=1, trial=3, x__rid_x=971107873f18bde7: dummy_return_one(x)
[12:09:48.986] [INFO] [run] subject=13, session=2, speed=1, trial=4, x__rid_x=4bdf6583e39ac955: dummy_return_one(x)
[12:09:48.986] [INFO] [run] subject=13, session=2, speed=1, trial=5, x__rid_x=cd396504024f9166: dummy_return_one(x)
[12:09:48.987] [INFO] [run] subject=13, session=2, speed=1, trial=6, x__rid_x=a89fcfef228a2f9b: dummy_return_one(x)
[12:09:48.990] [INFO] [run] subject=13, session=2, speed=1, trial=7, x__rid_x=c83b5d2154d0d983: dummy_return_one(x)
[12:09:48.991] [INFO] [run] subject=13, session=2, speed=10, trial=1, x__rid_x=abb391a711edd7f0: dummy_return_one(x)
[12:09:48.992] [INFO] [run] subject=13, session=2, speed=10, trial=2, x__rid_x=78988179689f4c9f: dummy_return_one(x)
[12:09:48.995] [INFO] [run] subject=13, session=2, speed=10, trial=3, x__rid_x=639ee33401466318: dummy_return_one(x)
[12:09:48.996] [INFO] [run] subject=13, session=2, speed=10, trial=4, x__rid_x=2b23a026203289e3: dummy_return_one(x)
[12:09:48.996] [INFO] [run] subject=13, session=2, speed=10, trial=5, x__rid_x=ff0f2f5a7df34e2f: dummy_return_one(x)
[12:09:49.000] [INFO] [run] subject=13, session=2, speed=10, trial=6, x__rid_x=359febba18ff9b14: dummy_return_one(x)
[12:09:49.001] [INFO] [run] subject=13, session=2, speed=10, trial=7, x__rid_x=a3d721334d171ef5: dummy_return_one(x)
[12:09:49.001] [INFO] [run] subject=13, session=2, speed=2, trial=1, x__rid_x=12f0183ffe4a59d6: dummy_return_one(x)
[12:09:49.005] [INFO] [run] subject=13, session=2, speed=2, trial=2, x__rid_x=04fac0f57c2577d6: dummy_return_one(x)
[12:09:49.005] [INFO] [run] subject=13, session=2, speed=2, trial=3, x__rid_x=ace196ac71871e0a: dummy_return_one(x)
[12:09:49.006] [INFO] [run] subject=13, session=2, speed=2, trial=4, x__rid_x=d13284b8109a603f: dummy_return_one(x)
[12:09:49.009] [INFO] [run] subject=13, session=2, speed=2, trial=5, x__rid_x=2e96af3d2a6882e6: dummy_return_one(x)
[12:09:49.010] [INFO] [run] subject=13, session=2, speed=2, trial=6, x__rid_x=7406cfe7e179558c: dummy_return_one(x)
[12:09:49.011] [INFO] [run] subject=13, session=2, speed=2, trial=7, x__rid_x=896dfd0b3cfb7409: dummy_return_one(x)
[12:09:49.014] [INFO] [run] subject=13, session=2, speed=3, trial=1, x__rid_x=3d30b98c27d0d544: dummy_return_one(x)
[12:09:49.015] [INFO] [run] subject=13, session=2, speed=3, trial=2, x__rid_x=1b7445d6a333d240: dummy_return_one(x)
[12:09:49.019] [INFO] [run] subject=13, session=2, speed=3, trial=3, x__rid_x=5c5695cff171cd25: dummy_return_one(x)
[12:09:49.020] [INFO] [run] subject=13, session=2, speed=3, trial=4, x__rid_x=3c56d3c836fe1527: dummy_return_one(x)
[12:09:49.024] [INFO] [run] subject=13, session=2, speed=3, trial=5, x__rid_x=748e8d458a334151: dummy_return_one(x)
[12:09:49.025] [INFO] [run] subject=13, session=2, speed=3, trial=6, x__rid_x=f782d51cc09da97f: dummy_return_one(x)
[12:09:49.029] [INFO] [run] subject=13, session=2, speed=3, trial=7, x__rid_x=7088aefabb59d07d: dummy_return_one(x)
[12:09:49.030] [INFO] [run] subject=13, session=2, speed=4, trial=1, x__rid_x=d36f868789fe8bb3: dummy_return_one(x)
[12:09:49.034] [INFO] [run] subject=13, session=2, speed=4, trial=2, x__rid_x=9ce5923d05726ff8: dummy_return_one(x)
[12:09:49.035] [INFO] [run] subject=13, session=2, speed=4, trial=3, x__rid_x=842d64268bbf50b9: dummy_return_one(x)
[12:09:49.035] [INFO] [run] subject=13, session=2, speed=4, trial=4, x__rid_x=0e34e9d0182df062: dummy_return_one(x)
[12:09:49.038] [INFO] [run] subject=13, session=2, speed=4, trial=5, x__rid_x=5ce4f1f703564776: dummy_return_one(x)
[12:09:49.039] [INFO] [run] subject=13, session=2, speed=4, trial=6, x__rid_x=86eb8bcfcf446155: dummy_return_one(x)
[12:09:49.040] [INFO] [run] subject=13, session=2, speed=4, trial=7, x__rid_x=cd635169d3757259: dummy_return_one(x)
[12:09:49.043] [INFO] [run] subject=13, session=2, speed=5, trial=1, x__rid_x=8b699f22f57daaf0: dummy_return_one(x)
[12:09:49.044] [INFO] [run] subject=13, session=2, speed=5, trial=2, x__rid_x=d99889bf0225dfc8: dummy_return_one(x)
[12:09:49.045] [INFO] [run] subject=13, session=2, speed=5, trial=3, x__rid_x=4e5012ec68738493: dummy_return_one(x)
[12:09:49.048] [INFO] [run] subject=13, session=2, speed=5, trial=4, x__rid_x=55fe5cfff506ec58: dummy_return_one(x)
[12:09:49.049] [INFO] [run] subject=13, session=2, speed=5, trial=5, x__rid_x=ad6276ddbbd7a45f: dummy_return_one(x)
[12:09:49.050] [INFO] [run] subject=13, session=2, speed=5, trial=6, x__rid_x=f78e38a04212ab0f: dummy_return_one(x)
[12:09:49.053] [INFO] [run] subject=13, session=2, speed=5, trial=7, x__rid_x=597a953ee9c366c8: dummy_return_one(x)
[12:09:49.054] [INFO] [run] subject=13, session=2, speed=6, trial=1, x__rid_x=677627dd1f83b4bf: dummy_return_one(x)
[12:09:49.054] [INFO] [run] subject=13, session=2, speed=6, trial=2, x__rid_x=c0897e3ebf16ce4f: dummy_return_one(x)
[12:09:49.058] [INFO] [run] subject=13, session=2, speed=6, trial=3, x__rid_x=4969b2022d8167ee: dummy_return_one(x)
[12:09:49.059] [INFO] [run] subject=13, session=2, speed=6, trial=4, x__rid_x=85080a1b3fac7af9: dummy_return_one(x)
[12:09:49.059] [INFO] [run] subject=13, session=2, speed=6, trial=5, x__rid_x=a1cbbb5d4a47891d: dummy_return_one(x)
[12:09:49.062] [INFO] [run] subject=13, session=2, speed=6, trial=6, x__rid_x=f971de6d95475c9c: dummy_return_one(x)
[12:09:49.064] [INFO] [run] subject=13, session=2, speed=6, trial=7, x__rid_x=d64be9678a403b90: dummy_return_one(x)
[12:09:49.064] [INFO] [run] subject=13, session=2, speed=7, trial=1, x__rid_x=f727807adf35313a: dummy_return_one(x)
[12:09:49.067] [INFO] [run] subject=13, session=2, speed=7, trial=2, x__rid_x=96142b6638c76abf: dummy_return_one(x)
[12:09:49.068] [INFO] [run] subject=13, session=2, speed=7, trial=3, x__rid_x=a2d3beab0592d65c: dummy_return_one(x)
[12:09:49.069] [INFO] [run] subject=13, session=2, speed=7, trial=4, x__rid_x=2151bb3a1d7bc93e: dummy_return_one(x)
[12:09:49.072] [INFO] [run] subject=13, session=2, speed=7, trial=5, x__rid_x=60000d1cc416d838: dummy_return_one(x)
[12:09:49.073] [INFO] [run] subject=13, session=2, speed=7, trial=6, x__rid_x=d8e690956866c134: dummy_return_one(x)
[12:09:49.074] [INFO] [run] subject=13, session=2, speed=7, trial=7, x__rid_x=504fa8b9549a62c3: dummy_return_one(x)
[12:09:49.077] [INFO] [run] subject=13, session=2, speed=8, trial=1, x__rid_x=4f882c640eac1398: dummy_return_one(x)
[12:09:49.078] [INFO] [run] subject=13, session=2, speed=8, trial=2, x__rid_x=0f53ec983fa0f153: dummy_return_one(x)
[12:09:49.082] [INFO] [run] subject=13, session=2, speed=8, trial=3, x__rid_x=61e91a2354e4637f: dummy_return_one(x)
[12:09:49.083] [INFO] [run] subject=13, session=2, speed=8, trial=4, x__rid_x=970eac696d4833ea: dummy_return_one(x)
[12:09:49.087] [INFO] [run] subject=13, session=2, speed=8, trial=5, x__rid_x=5332744168109564: dummy_return_one(x)
[12:09:49.087] [INFO] [run] subject=13, session=2, speed=8, trial=6, x__rid_x=54fa2275778ed06a: dummy_return_one(x)
[12:09:49.088] [INFO] [run] subject=13, session=2, speed=8, trial=7, x__rid_x=99044737047c9506: dummy_return_one(x)
[12:09:49.091] [INFO] [run] subject=13, session=2, speed=9, trial=1, x__rid_x=225ae49fc135b640: dummy_return_one(x)
[12:09:49.092] [INFO] [run] subject=13, session=2, speed=9, trial=2, x__rid_x=78892cd5a198cb7e: dummy_return_one(x)
[12:09:49.093] [INFO] [run] subject=13, session=2, speed=9, trial=3, x__rid_x=fcdf31932922e41d: dummy_return_one(x)
[12:09:49.096] [INFO] [run] subject=13, session=2, speed=9, trial=4, x__rid_x=b70e343aa92b43f1: dummy_return_one(x)
[12:09:49.097] [INFO] [run] subject=13, session=2, speed=9, trial=5, x__rid_x=86656eba5a734d87: dummy_return_one(x)
[12:09:49.098] [INFO] [run] subject=13, session=2, speed=9, trial=6, x__rid_x=b7f1c99d9a89dfa3: dummy_return_one(x)
[12:09:49.101] [INFO] [run] subject=13, session=2, speed=9, trial=7, x__rid_x=d1eca335222dfc6f: dummy_return_one(x)
[12:09:49.102] [INFO] [run] subject=13, session=3, speed=1, trial=1, x__rid_x=6af63bab722da9a4: dummy_return_one(x)
[12:09:49.102] [INFO] [run] subject=13, session=3, speed=1, trial=2, x__rid_x=3e20e83d1a96b2a6: dummy_return_one(x)
[12:09:49.106] [INFO] [run] subject=13, session=3, speed=1, trial=3, x__rid_x=3096f94151b7523b: dummy_return_one(x)
[12:09:49.106] [INFO] [run] subject=13, session=3, speed=1, trial=4, x__rid_x=a262a253cc2b1e13: dummy_return_one(x)
[12:09:49.107] [INFO] [run] subject=13, session=3, speed=1, trial=5, x__rid_x=cb00ab4f62044a6a: dummy_return_one(x)
[12:09:49.111] [INFO] [run] subject=13, session=3, speed=1, trial=6, x__rid_x=15185bae0eb3c451: dummy_return_one(x)
[12:09:49.111] [INFO] [run] subject=13, session=3, speed=1, trial=7, x__rid_x=e084ba13d820fcf4: dummy_return_one(x)
[12:09:49.112] [INFO] [run] subject=13, session=3, speed=10, trial=1, x__rid_x=b0557a47b6751c2f: dummy_return_one(x)
[12:09:49.116] [INFO] [run] subject=13, session=3, speed=10, trial=2, x__rid_x=608946412aa6f767: dummy_return_one(x)
[12:09:49.117] [INFO] [run] subject=13, session=3, speed=10, trial=3, x__rid_x=744b61cb92b2ba2a: dummy_return_one(x)
[12:09:49.120] [INFO] [run] subject=13, session=3, speed=10, trial=4, x__rid_x=40f29342f60f23f0: dummy_return_one(x)
[12:09:49.121] [INFO] [run] subject=13, session=3, speed=10, trial=5, x__rid_x=78e600b5871884b8: dummy_return_one(x)
[12:09:49.122] [INFO] [run] subject=13, session=3, speed=10, trial=6, x__rid_x=d8bab2eb5bb51e2f: dummy_return_one(x)
[12:09:49.125] [INFO] [run] subject=13, session=3, speed=10, trial=7, x__rid_x=3d6bdef6a1b85146: dummy_return_one(x)
[12:09:49.126] [INFO] [run] subject=13, session=3, speed=2, trial=1, x__rid_x=158f717a185d0b76: dummy_return_one(x)
[12:09:49.127] [INFO] [run] subject=13, session=3, speed=2, trial=2, x__rid_x=4cd543024f511b1d: dummy_return_one(x)
[12:09:49.130] [INFO] [run] subject=13, session=3, speed=2, trial=3, x__rid_x=95a936046938132a: dummy_return_one(x)
[12:09:49.131] [INFO] [run] subject=13, session=3, speed=2, trial=4, x__rid_x=4549f7e10763560e: dummy_return_one(x)
[12:09:49.132] [INFO] [run] subject=13, session=3, speed=2, trial=5, x__rid_x=f8a5f0b5aaed4fa1: dummy_return_one(x)
[12:09:49.135] [INFO] [run] subject=13, session=3, speed=2, trial=6, x__rid_x=c1efcc358755aef0: dummy_return_one(x)
[12:09:49.136] [INFO] [run] subject=13, session=3, speed=2, trial=7, x__rid_x=d4585445d861a188: dummy_return_one(x)
[12:09:49.136] [INFO] [run] subject=13, session=3, speed=3, trial=1, x__rid_x=c0ce03ba4fbcb40d: dummy_return_one(x)
[12:09:49.137] [INFO] [run] subject=13, session=3, speed=3, trial=2, x__rid_x=fadb372c9d822df0: dummy_return_one(x)
[12:09:49.140] [INFO] [run] subject=13, session=3, speed=3, trial=3, x__rid_x=de61805df580d186: dummy_return_one(x)
[12:09:49.141] [INFO] [run] subject=13, session=3, speed=3, trial=4, x__rid_x=5e681b3030ca43b5: dummy_return_one(x)
[12:09:49.141] [INFO] [run] subject=13, session=3, speed=3, trial=5, x__rid_x=76af3429d275e839: dummy_return_one(x)
[12:09:49.145] [INFO] [run] subject=13, session=3, speed=3, trial=6, x__rid_x=4aaee8ddae0b4882: dummy_return_one(x)
[12:09:49.146] [INFO] [run] subject=13, session=3, speed=3, trial=7, x__rid_x=27126bbdf8aa4fcf: dummy_return_one(x)
[12:09:49.146] [INFO] [run] subject=13, session=3, speed=4, trial=1, x__rid_x=fbb769d35b96949d: dummy_return_one(x)
[12:09:49.150] [INFO] [run] subject=13, session=3, speed=4, trial=2, x__rid_x=9d0d3d24b1119992: dummy_return_one(x)
[12:09:49.151] [INFO] [run] subject=13, session=3, speed=4, trial=3, x__rid_x=faf1d8338ac6a7e0: dummy_return_one(x)
[12:09:49.155] [INFO] [run] subject=13, session=3, speed=4, trial=4, x__rid_x=bd2fea9638ff6e4f: dummy_return_one(x)
[12:09:49.156] [INFO] [run] subject=13, session=3, speed=4, trial=5, x__rid_x=7573e7e0f9226540: dummy_return_one(x)
[12:09:49.156] [INFO] [run] subject=13, session=3, speed=4, trial=6, x__rid_x=f31bbdd1358166cc: dummy_return_one(x)
[12:09:49.160] [INFO] [run] subject=13, session=3, speed=4, trial=7, x__rid_x=84a6801b3a5ed695: dummy_return_one(x)
[12:09:49.160] [INFO] [run] subject=13, session=3, speed=5, trial=1, x__rid_x=3d234e1af8de609d: dummy_return_one(x)
[12:09:49.161] [INFO] [run] subject=13, session=3, speed=5, trial=2, x__rid_x=c55fe50d2e3ea02e: dummy_return_one(x)
[12:09:49.161] [INFO] [run] subject=13, session=3, speed=5, trial=3, x__rid_x=82a898584c356514: dummy_return_one(x)
[12:09:49.165] [INFO] [run] subject=13, session=3, speed=5, trial=4, x__rid_x=01d3cc643de2e47b: dummy_return_one(x)
[12:09:49.166] [INFO] [run] subject=13, session=3, speed=5, trial=5, x__rid_x=34098be5aedab9de: dummy_return_one(x)
[12:09:49.167] [INFO] [run] subject=13, session=3, speed=5, trial=6, x__rid_x=93972ecce221d2d3: dummy_return_one(x)
[12:09:49.171] [INFO] [run] subject=13, session=3, speed=5, trial=7, x__rid_x=94da0c3e8877be3f: dummy_return_one(x)
[12:09:49.172] [INFO] [run] subject=13, session=3, speed=6, trial=1, x__rid_x=87b35de6db8c2f1e: dummy_return_one(x)
[12:09:49.176] [INFO] [run] subject=13, session=3, speed=6, trial=2, x__rid_x=62c22a3d8469bd54: dummy_return_one(x)
[12:09:49.177] [INFO] [run] subject=13, session=3, speed=6, trial=3, x__rid_x=72319ad19bd3ecd9: dummy_return_one(x)
[12:09:49.181] [INFO] [run] subject=13, session=3, speed=6, trial=4, x__rid_x=b8e8f24878337057: dummy_return_one(x)
[12:09:49.182] [INFO] [run] subject=13, session=3, speed=6, trial=5, x__rid_x=ad51bafb0169ade4: dummy_return_one(x)
[12:09:49.186] [INFO] [run] subject=13, session=3, speed=6, trial=6, x__rid_x=323267287206598b: dummy_return_one(x)
[12:09:49.187] [INFO] [run] subject=13, session=3, speed=6, trial=7, x__rid_x=5e5fb8ca03e0d163: dummy_return_one(x)
[12:09:49.188] [INFO] [run] subject=13, session=3, speed=7, trial=1, x__rid_x=8bbb0a8c4a982257: dummy_return_one(x)
[12:09:49.191] [INFO] [run] subject=13, session=3, speed=7, trial=2, x__rid_x=574f6d5feaff0ffe: dummy_return_one(x)
[12:09:49.192] [INFO] [run] subject=13, session=3, speed=7, trial=3, x__rid_x=42d6225ea6dcaac7: dummy_return_one(x)
[12:09:49.193] [INFO] [run] subject=13, session=3, speed=7, trial=4, x__rid_x=92929b0c3fff4750: dummy_return_one(x)
[12:09:49.196] [INFO] [run] subject=13, session=3, speed=7, trial=5, x__rid_x=8281a1dcafc5fc39: dummy_return_one(x)
[12:09:49.197] [INFO] [run] subject=13, session=3, speed=7, trial=6, x__rid_x=2c3fcd8253316e36: dummy_return_one(x)
[12:09:49.198] [INFO] [run] subject=13, session=3, speed=7, trial=7, x__rid_x=61ad6312dc213165: dummy_return_one(x)
[12:09:49.201] [INFO] [run] subject=13, session=3, speed=8, trial=1, x__rid_x=8482236d4514a630: dummy_return_one(x)
[12:09:49.202] [INFO] [run] subject=13, session=3, speed=8, trial=2, x__rid_x=e8488130f42bfd9e: dummy_return_one(x)
[12:09:49.203] [INFO] [run] subject=13, session=3, speed=8, trial=3, x__rid_x=2e7c213f2415ca52: dummy_return_one(x)
[12:09:49.206] [INFO] [run] subject=13, session=3, speed=8, trial=4, x__rid_x=a3e83b1ac8e92466: dummy_return_one(x)
[12:09:49.207] [INFO] [run] subject=13, session=3, speed=8, trial=5, x__rid_x=a51a75a51cf7a712: dummy_return_one(x)
[12:09:49.207] [INFO] [run] subject=13, session=3, speed=8, trial=6, x__rid_x=4ac339feac047b0b: dummy_return_one(x)
[12:09:49.211] [INFO] [run] subject=13, session=3, speed=8, trial=7, x__rid_x=9ed3e96df043bd26: dummy_return_one(x)
[12:09:49.212] [INFO] [run] subject=13, session=3, speed=9, trial=1, x__rid_x=1115044e4f5c5b39: dummy_return_one(x)
[12:09:49.213] [INFO] [run] subject=13, session=3, speed=9, trial=2, x__rid_x=0e3a1913760f2c55: dummy_return_one(x)
[12:09:49.216] [INFO] [run] subject=13, session=3, speed=9, trial=3, x__rid_x=d22e07c75bcd3263: dummy_return_one(x)
[12:09:49.217] [INFO] [run] subject=13, session=3, speed=9, trial=4, x__rid_x=3e0a7e53bf498848: dummy_return_one(x)
[12:09:49.218] [INFO] [run] subject=13, session=3, speed=9, trial=5, x__rid_x=1f3b0e1f17e44f93: dummy_return_one(x)
[12:09:49.221] [INFO] [run] subject=13, session=3, speed=9, trial=6, x__rid_x=45ec8d9365f4be30: dummy_return_one(x)
[12:09:49.222] [INFO] [run] subject=13, session=3, speed=9, trial=7, x__rid_x=7e095d6d3d3c4d4a: dummy_return_one(x)
[12:09:49.222] [INFO] [run] subject=13, session=4, speed=1, trial=1, x__rid_x=8e79faf415fcd91a: dummy_return_one(x)
[12:09:49.226] [INFO] [run] subject=13, session=4, speed=1, trial=2, x__rid_x=c6f75dc424256f31: dummy_return_one(x)
[12:09:49.227] [INFO] [run] subject=13, session=4, speed=1, trial=3, x__rid_x=b0de76c9600bcc41: dummy_return_one(x)
[12:09:49.227] [INFO] [run] subject=13, session=4, speed=1, trial=4, x__rid_x=1d167537be4a7b9e: dummy_return_one(x)
[12:09:49.231] [INFO] [run] subject=13, session=4, speed=1, trial=5, x__rid_x=4f27ba210f558fcd: dummy_return_one(x)
[12:09:49.232] [INFO] [run] subject=13, session=4, speed=1, trial=6, x__rid_x=673fe77993f95389: dummy_return_one(x)
[12:09:49.236] [INFO] [run] subject=13, session=4, speed=1, trial=7, x__rid_x=e48f3e2074514195: dummy_return_one(x)
[12:09:49.237] [INFO] [run] subject=13, session=4, speed=10, trial=1, x__rid_x=0b4572e80fa8f476: dummy_return_one(x)
[12:09:49.237] [INFO] [run] subject=13, session=4, speed=10, trial=2, x__rid_x=237dcb0bbb56c7db: dummy_return_one(x)
[12:09:49.241] [INFO] [run] subject=13, session=4, speed=10, trial=3, x__rid_x=39d61e91bd442398: dummy_return_one(x)
[12:09:49.241] [INFO] [run] subject=13, session=4, speed=10, trial=4, x__rid_x=3785288a839d273e: dummy_return_one(x)
[12:09:49.242] [INFO] [run] subject=13, session=4, speed=10, trial=5, x__rid_x=c71dacb0ad65ba6e: dummy_return_one(x)
[12:09:49.246] [INFO] [run] subject=13, session=4, speed=10, trial=6, x__rid_x=b528295872058f2a: dummy_return_one(x)
[12:09:49.246] [INFO] [run] subject=13, session=4, speed=10, trial=7, x__rid_x=491f46ce86cca023: dummy_return_one(x)
[12:09:49.247] [INFO] [run] subject=13, session=4, speed=2, trial=1, x__rid_x=182111b447f8a4a6: dummy_return_one(x)
[12:09:49.251] [INFO] [run] subject=13, session=4, speed=2, trial=2, x__rid_x=b1bdbe158f246a11: dummy_return_one(x)
[12:09:49.252] [INFO] [run] subject=13, session=4, speed=2, trial=3, x__rid_x=d77039a77c0c3442: dummy_return_one(x)
[12:09:49.252] [INFO] [run] subject=13, session=4, speed=2, trial=4, x__rid_x=9e8f4f5b47cbc621: dummy_return_one(x)
[12:09:49.256] [INFO] [run] subject=13, session=4, speed=2, trial=5, x__rid_x=bf87fac29a1d54f8: dummy_return_one(x)
[12:09:49.257] [INFO] [run] subject=13, session=4, speed=2, trial=6, x__rid_x=62508dec410eb0f7: dummy_return_one(x)
[12:09:49.257] [INFO] [run] subject=13, session=4, speed=2, trial=7, x__rid_x=42f16ca3c424ddc1: dummy_return_one(x)
[12:09:49.261] [INFO] [run] subject=13, session=4, speed=3, trial=1, x__rid_x=9ed5185a5c68246c: dummy_return_one(x)
[12:09:49.261] [INFO] [run] subject=13, session=4, speed=3, trial=2, x__rid_x=e4cc049848aff63e: dummy_return_one(x)
[12:09:49.262] [INFO] [run] subject=13, session=4, speed=3, trial=3, x__rid_x=975b20e73500802c: dummy_return_one(x)
[12:09:49.266] [INFO] [run] subject=13, session=4, speed=3, trial=4, x__rid_x=62baa72a6c130c18: dummy_return_one(x)
[12:09:49.267] [INFO] [run] subject=13, session=4, speed=3, trial=5, x__rid_x=be4c8f36e98cf2d0: dummy_return_one(x)
[12:09:49.268] [INFO] [run] subject=13, session=4, speed=3, trial=6, x__rid_x=4032613c85d8615a: dummy_return_one(x)
[12:09:49.271] [INFO] [run] subject=13, session=4, speed=3, trial=7, x__rid_x=273e94ef4b313a2d: dummy_return_one(x)
[12:09:49.271] [INFO] [run] subject=13, session=4, speed=4, trial=1, x__rid_x=ae7fb261470ce7de: dummy_return_one(x)
[12:09:49.272] [INFO] [run] subject=13, session=4, speed=4, trial=2, x__rid_x=dff71639d8cc445d: dummy_return_one(x)
[12:09:49.276] [INFO] [run] subject=13, session=4, speed=4, trial=3, x__rid_x=c818c82809b2dea6: dummy_return_one(x)
[12:09:49.276] [INFO] [run] subject=13, session=4, speed=4, trial=4, x__rid_x=b3cdeb3ca3ef36ae: dummy_return_one(x)
[12:09:49.277] [INFO] [run] subject=13, session=4, speed=4, trial=5, x__rid_x=56b3929bbb7d2fe3: dummy_return_one(x)
[12:09:49.281] [INFO] [run] subject=13, session=4, speed=4, trial=6, x__rid_x=2a37a7b60e4951f0: dummy_return_one(x)
[12:09:49.282] [INFO] [run] subject=13, session=4, speed=4, trial=7, x__rid_x=445d789c6449140f: dummy_return_one(x)
[12:09:49.286] [INFO] [run] subject=13, session=4, speed=5, trial=1, x__rid_x=9078b13c28a58325: dummy_return_one(x)
[12:09:49.287] [INFO] [run] subject=13, session=4, speed=5, trial=2, x__rid_x=3e649d350620fbae: dummy_return_one(x)
[12:09:49.287] [INFO] [run] subject=13, session=4, speed=5, trial=3, x__rid_x=26b627618f18c1ae: dummy_return_one(x)
[12:09:49.291] [INFO] [run] subject=13, session=4, speed=5, trial=4, x__rid_x=38b7fba6cfa0d5f1: dummy_return_one(x)
[12:09:49.291] [INFO] [run] subject=13, session=4, speed=5, trial=5, x__rid_x=a452bfad62b9fba0: dummy_return_one(x)
[12:09:49.292] [INFO] [run] subject=13, session=4, speed=5, trial=6, x__rid_x=4d3018e89a8a45d2: dummy_return_one(x)
[12:09:49.296] [INFO] [run] subject=13, session=4, speed=5, trial=7, x__rid_x=dd28bcfb8a6721e9: dummy_return_one(x)
[12:09:49.296] [INFO] [run] subject=13, session=4, speed=6, trial=1, x__rid_x=d02b818b5ea42288: dummy_return_one(x)
[12:09:49.297] [INFO] [run] subject=13, session=4, speed=6, trial=2, x__rid_x=60a601c9e54e6ec0: dummy_return_one(x)
[12:09:49.301] [INFO] [run] subject=13, session=4, speed=6, trial=3, x__rid_x=9246fcd834db517e: dummy_return_one(x)
[12:09:49.301] [INFO] [run] subject=13, session=4, speed=6, trial=4, x__rid_x=5039ddee7500503e: dummy_return_one(x)
[12:09:49.302] [INFO] [run] subject=13, session=4, speed=6, trial=5, x__rid_x=d23d1bb8d1b1c9b5: dummy_return_one(x)
[12:09:49.306] [INFO] [run] subject=13, session=4, speed=6, trial=6, x__rid_x=96b373371d422bde: dummy_return_one(x)
[12:09:49.306] [INFO] [run] subject=13, session=4, speed=6, trial=7, x__rid_x=40f9246a24b0e470: dummy_return_one(x)
[12:09:49.307] [INFO] [run] subject=13, session=4, speed=7, trial=1, x__rid_x=68cb7fb0a4d607ee: dummy_return_one(x)
[12:09:49.311] [INFO] [run] subject=13, session=4, speed=7, trial=2, x__rid_x=64de833c5acb09a0: dummy_return_one(x)
[12:09:49.311] [INFO] [run] subject=13, session=4, speed=7, trial=3, x__rid_x=6f3c54f44f1a25cf: dummy_return_one(x)
[12:09:49.312] [INFO] [run] subject=13, session=4, speed=7, trial=4, x__rid_x=b65fe3e24cfc46bb: dummy_return_one(x)
[12:09:49.316] [INFO] [run] subject=13, session=4, speed=7, trial=5, x__rid_x=37e0601b7841f1ed: dummy_return_one(x)
[12:09:49.317] [INFO] [run] subject=13, session=4, speed=7, trial=6, x__rid_x=1e93cdfcf6831a63: dummy_return_one(x)
[12:09:49.321] [INFO] [run] subject=13, session=4, speed=7, trial=7, x__rid_x=4a37b4f2c3268ca8: dummy_return_one(x)
[12:09:49.321] [INFO] [run] subject=13, session=4, speed=8, trial=1, x__rid_x=dda3ec086769ff8f: dummy_return_one(x)
[12:09:49.322] [INFO] [run] subject=13, session=4, speed=8, trial=2, x__rid_x=f83a14ccb9e205ef: dummy_return_one(x)
[12:09:49.326] [INFO] [run] subject=13, session=4, speed=8, trial=3, x__rid_x=b1204a21b1d2a2e2: dummy_return_one(x)
[12:09:49.327] [INFO] [run] subject=13, session=4, speed=8, trial=4, x__rid_x=f3ccb2cc3f056dec: dummy_return_one(x)
[12:09:49.327] [INFO] [run] subject=13, session=4, speed=8, trial=5, x__rid_x=0b5888bfd8be0a6c: dummy_return_one(x)
[12:09:49.331] [INFO] [run] subject=13, session=4, speed=8, trial=6, x__rid_x=f45144ca311accd6: dummy_return_one(x)
[12:09:49.332] [INFO] [run] subject=13, session=4, speed=8, trial=7, x__rid_x=c7b4de623f0120ef: dummy_return_one(x)
[12:09:49.336] [INFO] [run] subject=13, session=4, speed=9, trial=1, x__rid_x=c050d9f4162a03c3: dummy_return_one(x)
[12:09:49.337] [INFO] [run] subject=13, session=4, speed=9, trial=2, x__rid_x=b99b9a58dd358471: dummy_return_one(x)
[12:09:49.337] [INFO] [run] subject=13, session=4, speed=9, trial=3, x__rid_x=cd70c360854d6c4e: dummy_return_one(x)
[12:09:49.341] [INFO] [run] subject=13, session=4, speed=9, trial=4, x__rid_x=50755c9391c30ca6: dummy_return_one(x)
[12:09:49.342] [INFO] [run] subject=13, session=4, speed=9, trial=5, x__rid_x=ee5fb4356c974e47: dummy_return_one(x)
[12:09:49.342] [INFO] [run] subject=13, session=4, speed=9, trial=6, x__rid_x=33de465af136d434: dummy_return_one(x)
[12:09:49.346] [INFO] [run] subject=13, session=4, speed=9, trial=7, x__rid_x=d463571d41812d84: dummy_return_one(x)
[12:09:49.347] [INFO] [run] subject=13, session=5, speed=1, trial=1, x__rid_x=eb9677b62f401734: dummy_return_one(x)
[12:09:49.351] [INFO] [run] subject=13, session=5, speed=1, trial=2, x__rid_x=4267d52b309deb85: dummy_return_one(x)
[12:09:49.352] [INFO] [run] subject=13, session=5, speed=1, trial=3, x__rid_x=7730fe88f82751f7: dummy_return_one(x)
[12:09:49.352] [INFO] [run] subject=13, session=5, speed=1, trial=4, x__rid_x=7b5b5172d6f4403f: dummy_return_one(x)
[12:09:49.356] [INFO] [run] subject=13, session=5, speed=1, trial=5, x__rid_x=316bd23b0b00a599: dummy_return_one(x)
[12:09:49.357] [INFO] [run] subject=13, session=5, speed=1, trial=6, x__rid_x=fa5a37bdd704b86f: dummy_return_one(x)
[12:09:49.358] [INFO] [run] subject=13, session=5, speed=1, trial=7, x__rid_x=d1b52e8798d8ef5d: dummy_return_one(x)
[12:09:49.361] [INFO] [run] subject=13, session=5, speed=10, trial=1, x__rid_x=99122e254ec5d188: dummy_return_one(x)
[12:09:49.362] [INFO] [run] subject=13, session=5, speed=10, trial=2, x__rid_x=fd14cfb4269502ba: dummy_return_one(x)
[12:09:49.362] [INFO] [run] subject=13, session=5, speed=10, trial=3, x__rid_x=3b7f0d11ba68635e: dummy_return_one(x)
[12:09:49.366] [INFO] [run] subject=13, session=5, speed=10, trial=4, x__rid_x=fb4527f9a64e2625: dummy_return_one(x)
[12:09:49.367] [INFO] [run] subject=13, session=5, speed=10, trial=5, x__rid_x=c1c9cd176139bec3: dummy_return_one(x)
[12:09:49.368] [INFO] [run] subject=13, session=5, speed=10, trial=6, x__rid_x=1203a0e3df733337: dummy_return_one(x)
[12:09:49.371] [INFO] [run] subject=13, session=5, speed=10, trial=7, x__rid_x=10e7c9136f332271: dummy_return_one(x)
[12:09:49.372] [INFO] [run] subject=13, session=5, speed=2, trial=1, x__rid_x=2cbf7b0157ae5182: dummy_return_one(x)
[12:09:49.373] [INFO] [run] subject=13, session=5, speed=2, trial=2, x__rid_x=b443da921b0fed99: dummy_return_one(x)
[12:09:49.376] [INFO] [run] subject=13, session=5, speed=2, trial=3, x__rid_x=115e82075d02e3fe: dummy_return_one(x)
[12:09:49.377] [INFO] [run] subject=13, session=5, speed=2, trial=4, x__rid_x=eca69bdbbee74a79: dummy_return_one(x)
[12:09:49.378] [INFO] [run] subject=13, session=5, speed=2, trial=5, x__rid_x=6efc014d9756a821: dummy_return_one(x)
[12:09:49.382] [INFO] [run] subject=13, session=5, speed=2, trial=6, x__rid_x=3df7213cab763f18: dummy_return_one(x)
[12:09:49.383] [INFO] [run] subject=13, session=5, speed=2, trial=7, x__rid_x=b1959f36b6dfe9f5: dummy_return_one(x)
[12:09:49.387] [INFO] [run] subject=13, session=5, speed=3, trial=1, x__rid_x=968b1364411d925d: dummy_return_one(x)
[12:09:49.387] [INFO] [run] subject=13, session=5, speed=3, trial=2, x__rid_x=dc2c8182f77ea358: dummy_return_one(x)
[12:09:49.388] [INFO] [run] subject=13, session=5, speed=3, trial=3, x__rid_x=fcd6de1bb245f6d2: dummy_return_one(x)
[12:09:49.392] [INFO] [run] subject=13, session=5, speed=3, trial=4, x__rid_x=e2214fa8ca6928e6: dummy_return_one(x)
[12:09:49.392] [INFO] [run] subject=13, session=5, speed=3, trial=5, x__rid_x=35fb4e56a4b7dd5b: dummy_return_one(x)
[12:09:49.393] [INFO] [run] subject=13, session=5, speed=3, trial=6, x__rid_x=400367c2af071891: dummy_return_one(x)
[12:09:49.397] [INFO] [run] subject=13, session=5, speed=3, trial=7, x__rid_x=d5ea09448c252d26: dummy_return_one(x)
[12:09:49.398] [INFO] [run] subject=13, session=5, speed=4, trial=1, x__rid_x=febbfa7e5e97bf55: dummy_return_one(x)
[12:09:49.402] [INFO] [run] subject=13, session=5, speed=4, trial=2, x__rid_x=290a64cadd07b081: dummy_return_one(x)
[12:09:49.402] [INFO] [run] subject=13, session=5, speed=4, trial=3, x__rid_x=37d2818959a7c4dd: dummy_return_one(x)
[12:09:49.403] [INFO] [run] subject=13, session=5, speed=4, trial=4, x__rid_x=9fc99589f720ba8a: dummy_return_one(x)
[12:09:49.407] [INFO] [run] subject=13, session=5, speed=4, trial=5, x__rid_x=c794796b7f3f47d1: dummy_return_one(x)
[12:09:49.407] [INFO] [run] subject=13, session=5, speed=4, trial=6, x__rid_x=3577b57335216aa9: dummy_return_one(x)
[12:09:49.408] [INFO] [run] subject=13, session=5, speed=4, trial=7, x__rid_x=3336a35548bc605c: dummy_return_one(x)
[12:09:49.412] [INFO] [run] subject=13, session=5, speed=5, trial=1, x__rid_x=cd62f4879bb0189e: dummy_return_one(x)
[12:09:49.413] [INFO] [run] subject=13, session=5, speed=5, trial=2, x__rid_x=60dfd0c82fb4f956: dummy_return_one(x)
[12:09:49.414] [INFO] [run] subject=13, session=5, speed=5, trial=3, x__rid_x=8f1e8f7a5160d8f2: dummy_return_one(x)
[12:09:49.417] [INFO] [run] subject=13, session=5, speed=5, trial=4, x__rid_x=494348664902aca8: dummy_return_one(x)
[12:09:49.418] [INFO] [run] subject=13, session=5, speed=5, trial=5, x__rid_x=7b8eef97d2cde40d: dummy_return_one(x)
[12:09:49.418] [INFO] [run] subject=13, session=5, speed=5, trial=6, x__rid_x=23c66d1323957473: dummy_return_one(x)
[12:09:49.422] [INFO] [run] subject=13, session=5, speed=5, trial=7, x__rid_x=a639690b2209f66f: dummy_return_one(x)
[12:09:49.423] [INFO] [run] subject=13, session=5, speed=6, trial=1, x__rid_x=586114fbfd5743a7: dummy_return_one(x)
[12:09:49.424] [INFO] [run] subject=13, session=5, speed=6, trial=2, x__rid_x=e59cc0d3823486ef: dummy_return_one(x)
[12:09:49.427] [INFO] [run] subject=13, session=5, speed=6, trial=3, x__rid_x=21f491a7fb8571fd: dummy_return_one(x)
[12:09:49.428] [INFO] [run] subject=13, session=5, speed=6, trial=4, x__rid_x=c03c6419120f232e: dummy_return_one(x)
[12:09:49.428] [INFO] [run] subject=13, session=5, speed=6, trial=5, x__rid_x=e9b05c73c34e3ce4: dummy_return_one(x)
[12:09:49.432] [INFO] [run] subject=13, session=5, speed=6, trial=6, x__rid_x=7f5867fe9d463777: dummy_return_one(x)
[12:09:49.433] [INFO] [run] subject=13, session=5, speed=6, trial=7, x__rid_x=133482d3dcbd292d: dummy_return_one(x)
[12:09:49.437] [INFO] [run] subject=13, session=5, speed=7, trial=1, x__rid_x=77d69ec6a15d7a8d: dummy_return_one(x)
[12:09:49.438] [INFO] [run] subject=13, session=5, speed=7, trial=2, x__rid_x=cec4cfad56c6e26e: dummy_return_one(x)
[12:09:49.439] [INFO] [run] subject=13, session=5, speed=7, trial=3, x__rid_x=d3a1ad7417f4749a: dummy_return_one(x)
[12:09:49.442] [INFO] [run] subject=13, session=5, speed=7, trial=4, x__rid_x=4d724f9711d7f6d7: dummy_return_one(x)
[12:09:49.443] [INFO] [run] subject=13, session=5, speed=7, trial=5, x__rid_x=4510481ca21fead3: dummy_return_one(x)
[12:09:49.444] [INFO] [run] subject=13, session=5, speed=7, trial=6, x__rid_x=055a900a72eb10b7: dummy_return_one(x)
[12:09:49.448] [INFO] [run] subject=13, session=5, speed=7, trial=7, x__rid_x=e1f0c3f075802011: dummy_return_one(x)
[12:09:49.449] [INFO] [run] subject=13, session=5, speed=8, trial=1, x__rid_x=969b13b4334ff035: dummy_return_one(x)
[12:09:49.453] [INFO] [run] subject=13, session=5, speed=8, trial=2, x__rid_x=4506c3fb1f0a6a0f: dummy_return_one(x)
[12:09:49.453] [INFO] [run] subject=13, session=5, speed=8, trial=3, x__rid_x=c685ffaf70b5f8f4: dummy_return_one(x)
[12:09:49.454] [INFO] [run] subject=13, session=5, speed=8, trial=4, x__rid_x=c32269111adcda8d: dummy_return_one(x)
[12:09:49.458] [INFO] [run] subject=13, session=5, speed=8, trial=5, x__rid_x=8c0fe0f728ad1feb: dummy_return_one(x)
[12:09:49.459] [INFO] [run] subject=13, session=5, speed=8, trial=6, x__rid_x=d473addd87b1e346: dummy_return_one(x)
[12:09:49.460] [INFO] [run] subject=13, session=5, speed=8, trial=7, x__rid_x=f5e6c7f31364ffe6: dummy_return_one(x)
[12:09:49.463] [INFO] [run] subject=13, session=5, speed=9, trial=1, x__rid_x=68321c3849c107a7: dummy_return_one(x)
[12:09:49.464] [INFO] [run] subject=13, session=5, speed=9, trial=2, x__rid_x=3228c6c2bfed0842: dummy_return_one(x)
[12:09:49.465] [INFO] [run] subject=13, session=5, speed=9, trial=3, x__rid_x=26679c4612ff49f7: dummy_return_one(x)
[12:09:49.468] [INFO] [run] subject=13, session=5, speed=9, trial=4, x__rid_x=cc54ae1d5345f769: dummy_return_one(x)
[12:09:49.469] [INFO] [run] subject=13, session=5, speed=9, trial=5, x__rid_x=6b4cba9893b103b1: dummy_return_one(x)
[12:09:49.470] [INFO] [run] subject=13, session=5, speed=9, trial=6, x__rid_x=b73d1d4677bd1f8b: dummy_return_one(x)
[12:09:49.473] [INFO] [run] subject=13, session=5, speed=9, trial=7, x__rid_x=5f27c33cac7923ab: dummy_return_one(x)
[12:09:49.474] [INFO] [run] subject=14, session=1, speed=1, trial=1, x__rid_x=978a78d1dbfed8b9: dummy_return_one(x)
[12:09:49.475] [INFO] [run] subject=14, session=1, speed=1, trial=2, x__rid_x=bd739b9e669f4f89: dummy_return_one(x)
[12:09:49.478] [INFO] [run] subject=14, session=1, speed=1, trial=3, x__rid_x=1e2d1d42f8e3c231: dummy_return_one(x)
[12:09:49.479] [INFO] [run] subject=14, session=1, speed=1, trial=4, x__rid_x=1f38905a7e49575f: dummy_return_one(x)
[12:09:49.480] [INFO] [run] subject=14, session=1, speed=1, trial=5, x__rid_x=20fad3afffb759ed: dummy_return_one(x)
[12:09:49.484] [INFO] [run] subject=14, session=1, speed=1, trial=6, x__rid_x=ff9cef072c82b52f: dummy_return_one(x)
[12:09:49.485] [INFO] [run] subject=14, session=1, speed=1, trial=7, x__rid_x=9a0542858bbedfe2: dummy_return_one(x)
[12:09:49.489] [INFO] [run] subject=14, session=1, speed=10, trial=1, x__rid_x=81f477445a7d6632: dummy_return_one(x)
[12:09:49.490] [INFO] [run] subject=14, session=1, speed=10, trial=2, x__rid_x=8c63e1af60681926: dummy_return_one(x)
[12:09:49.490] [INFO] [run] subject=14, session=1, speed=10, trial=3, x__rid_x=8b3650e1797be732: dummy_return_one(x)
[12:09:49.494] [INFO] [run] subject=14, session=1, speed=10, trial=4, x__rid_x=3c8c581399937728: dummy_return_one(x)
[12:09:49.495] [INFO] [run] subject=14, session=1, speed=10, trial=5, x__rid_x=2a3da4e086bc69b6: dummy_return_one(x)
[12:09:49.496] [INFO] [run] subject=14, session=1, speed=10, trial=6, x__rid_x=c7b25f7a21831d1d: dummy_return_one(x)
[12:09:49.499] [INFO] [run] subject=14, session=1, speed=10, trial=7, x__rid_x=aa10b4ff5eb74ca0: dummy_return_one(x)
[12:09:49.500] [INFO] [run] subject=14, session=1, speed=2, trial=1, x__rid_x=c91a480eecfbe0ac: dummy_return_one(x)
[12:09:49.501] [INFO] [run] subject=14, session=1, speed=2, trial=2, x__rid_x=f10f3ce6b67434c6: dummy_return_one(x)
[12:09:49.505] [INFO] [run] subject=14, session=1, speed=2, trial=3, x__rid_x=b835e1b5746f38b9: dummy_return_one(x)
[12:09:49.505] [INFO] [run] subject=14, session=1, speed=2, trial=4, x__rid_x=a1a7cf2d091265b2: dummy_return_one(x)
[12:09:49.506] [INFO] [run] subject=14, session=1, speed=2, trial=5, x__rid_x=4e28737cee827dcc: dummy_return_one(x)
[12:09:49.510] [INFO] [run] subject=14, session=1, speed=2, trial=6, x__rid_x=7b343f880b23faae: dummy_return_one(x)
[12:09:49.511] [INFO] [run] subject=14, session=1, speed=2, trial=7, x__rid_x=cdc731093afa1471: dummy_return_one(x)
[12:09:49.511] [INFO] [run] subject=14, session=1, speed=3, trial=1, x__rid_x=69127fa433823a32: dummy_return_one(x)
[12:09:49.515] [INFO] [run] subject=14, session=1, speed=3, trial=2, x__rid_x=1ff9dc2202f937ab: dummy_return_one(x)
[12:09:49.516] [INFO] [run] subject=14, session=1, speed=3, trial=3, x__rid_x=e59b448e106d1391: dummy_return_one(x)
[12:09:49.520] [INFO] [run] subject=14, session=1, speed=3, trial=4, x__rid_x=4b52cae0c72b047f: dummy_return_one(x)
[12:09:49.521] [INFO] [run] subject=14, session=1, speed=3, trial=5, x__rid_x=72be347d12f9af24: dummy_return_one(x)
[12:09:49.522] [INFO] [run] subject=14, session=1, speed=3, trial=6, x__rid_x=13411386a7bd3974: dummy_return_one(x)
[12:09:49.525] [INFO] [run] subject=14, session=1, speed=3, trial=7, x__rid_x=2fccf4dcc74a85e9: dummy_return_one(x)
[12:09:49.526] [INFO] [run] subject=14, session=1, speed=4, trial=1, x__rid_x=eca6d462be1628ad: dummy_return_one(x)
[12:09:49.527] [INFO] [run] subject=14, session=1, speed=4, trial=2, x__rid_x=616f09762c151d4a: dummy_return_one(x)
[12:09:49.531] [INFO] [run] subject=14, session=1, speed=4, trial=3, x__rid_x=cc2248aeb090f221: dummy_return_one(x)
[12:09:49.532] [INFO] [run] subject=14, session=1, speed=4, trial=4, x__rid_x=3e9ca26d359b5ab4: dummy_return_one(x)
[12:09:49.533] [INFO] [run] subject=14, session=1, speed=4, trial=5, x__rid_x=3b40f50af3201a1f: dummy_return_one(x)
[12:09:49.536] [INFO] [run] subject=14, session=1, speed=4, trial=6, x__rid_x=893d8e38fd66318b: dummy_return_one(x)
[12:09:49.537] [INFO] [run] subject=14, session=1, speed=4, trial=7, x__rid_x=d268149d612e6da5: dummy_return_one(x)
[12:09:49.538] [INFO] [run] subject=14, session=1, speed=5, trial=1, x__rid_x=4d4664c25dd73913: dummy_return_one(x)
[12:09:49.541] [INFO] [run] subject=14, session=1, speed=5, trial=2, x__rid_x=2e7551d9c5a32f2f: dummy_return_one(x)
[12:09:49.542] [INFO] [run] subject=14, session=1, speed=5, trial=3, x__rid_x=fa1c6f3772f40211: dummy_return_one(x)
[12:09:49.542] [INFO] [run] subject=14, session=1, speed=5, trial=4, x__rid_x=6deb325029f6e4ad: dummy_return_one(x)
[12:09:49.546] [INFO] [run] subject=14, session=1, speed=5, trial=5, x__rid_x=8ae378a92d021de2: dummy_return_one(x)
[12:09:49.547] [INFO] [run] subject=14, session=1, speed=5, trial=6, x__rid_x=2bff19c568500748: dummy_return_one(x)
[12:09:49.548] [INFO] [run] subject=14, session=1, speed=5, trial=7, x__rid_x=ebb8e13015a0185d: dummy_return_one(x)
[12:09:49.551] [INFO] [run] subject=14, session=1, speed=6, trial=1, x__rid_x=1f0293fc5cb80053: dummy_return_one(x)
[12:09:49.552] [INFO] [run] subject=14, session=1, speed=6, trial=2, x__rid_x=adcfb7a4fa097c5b: dummy_return_one(x)
[12:09:49.553] [INFO] [run] subject=14, session=1, speed=6, trial=3, x__rid_x=0d6bfc02b97c050e: dummy_return_one(x)
[12:09:49.557] [INFO] [run] subject=14, session=1, speed=6, trial=4, x__rid_x=94a1218f39c0d7e9: dummy_return_one(x)
[12:09:49.557] [INFO] [run] subject=14, session=1, speed=6, trial=5, x__rid_x=635115fa4602b11b: dummy_return_one(x)
[12:09:49.558] [INFO] [run] subject=14, session=1, speed=6, trial=6, x__rid_x=701d7ebd6b4c2753: dummy_return_one(x)
[12:09:49.562] [INFO] [run] subject=14, session=1, speed=6, trial=7, x__rid_x=717b5f9b792e74e3: dummy_return_one(x)
[12:09:49.562] [INFO] [run] subject=14, session=1, speed=7, trial=1, x__rid_x=4e6531e4b26007ac: dummy_return_one(x)
[12:09:49.563] [INFO] [run] subject=14, session=1, speed=7, trial=2, x__rid_x=b5aa13902d869455: dummy_return_one(x)
[12:09:49.567] [INFO] [run] subject=14, session=1, speed=7, trial=3, x__rid_x=25821b884d339972: dummy_return_one(x)
[12:09:49.568] [INFO] [run] subject=14, session=1, speed=7, trial=4, x__rid_x=383d4de10a3e4642: dummy_return_one(x)
[12:09:49.569] [INFO] [run] subject=14, session=1, speed=7, trial=5, x__rid_x=cb0eda4e9f7b196d: dummy_return_one(x)
[12:09:49.572] [INFO] [run] subject=14, session=1, speed=7, trial=6, x__rid_x=ce55f2e700bd9fd6: dummy_return_one(x)
[12:09:49.573] [INFO] [run] subject=14, session=1, speed=7, trial=7, x__rid_x=3127111b7d25b608: dummy_return_one(x)
[12:09:49.573] [INFO] [run] subject=14, session=1, speed=8, trial=1, x__rid_x=cf0a1e782d19f003: dummy_return_one(x)
[12:09:49.577] [INFO] [run] subject=14, session=1, speed=8, trial=2, x__rid_x=b98f51bc768ca28f: dummy_return_one(x)
[12:09:49.578] [INFO] [run] subject=14, session=1, speed=8, trial=3, x__rid_x=3c138cb5839b2c0a: dummy_return_one(x)
[12:09:49.579] [INFO] [run] subject=14, session=1, speed=8, trial=4, x__rid_x=ed20c5f3b2d9f0c5: dummy_return_one(x)
[12:09:49.583] [INFO] [run] subject=14, session=1, speed=8, trial=5, x__rid_x=9ac9f78469938a35: dummy_return_one(x)
[12:09:49.584] [INFO] [run] subject=14, session=1, speed=8, trial=6, x__rid_x=75fae6a020526f00: dummy_return_one(x)
[12:09:49.588] [INFO] [run] subject=14, session=1, speed=8, trial=7, x__rid_x=e7be18a60e98faff: dummy_return_one(x)
[12:09:49.589] [INFO] [run] subject=14, session=1, speed=9, trial=1, x__rid_x=1e1b6a4f48a20b08: dummy_return_one(x)
[12:09:49.589] [INFO] [run] subject=14, session=1, speed=9, trial=2, x__rid_x=6690aa49f4261f33: dummy_return_one(x)
[12:09:49.593] [INFO] [run] subject=14, session=1, speed=9, trial=3, x__rid_x=5d9aa2e2f260d5a0: dummy_return_one(x)
[12:09:49.594] [INFO] [run] subject=14, session=1, speed=9, trial=4, x__rid_x=c261331e899bcf89: dummy_return_one(x)
[12:09:49.594] [INFO] [run] subject=14, session=1, speed=9, trial=5, x__rid_x=4b5f06dc6ba70a3b: dummy_return_one(x)
[12:09:49.598] [INFO] [run] subject=14, session=1, speed=9, trial=6, x__rid_x=88f3b887f06b82d3: dummy_return_one(x)
[12:09:49.599] [INFO] [run] subject=14, session=1, speed=9, trial=7, x__rid_x=bc5ac253378980d8: dummy_return_one(x)
[12:09:49.600] [INFO] [run] subject=14, session=2, speed=1, trial=1, x__rid_x=db8f47d95fc0939f: dummy_return_one(x)
[12:09:49.603] [INFO] [run] subject=14, session=2, speed=1, trial=2, x__rid_x=2fcee4c862177ce2: dummy_return_one(x)
[12:09:49.604] [INFO] [run] subject=14, session=2, speed=1, trial=3, x__rid_x=97ca27ba1c1a02ea: dummy_return_one(x)
[12:09:49.605] [INFO] [run] subject=14, session=2, speed=1, trial=4, x__rid_x=bed0c7abb37bbc85: dummy_return_one(x)
[12:09:49.609] [INFO] [run] subject=14, session=2, speed=1, trial=5, x__rid_x=94395a64d33e79b7: dummy_return_one(x)
[12:09:49.609] [INFO] [run] subject=14, session=2, speed=1, trial=6, x__rid_x=f9ec0c8d459c3ba0: dummy_return_one(x)
[12:09:49.610] [INFO] [run] subject=14, session=2, speed=1, trial=7, x__rid_x=b10752e12265193c: dummy_return_one(x)
[12:09:49.614] [INFO] [run] subject=14, session=2, speed=10, trial=1, x__rid_x=3bfebea3836ee10e: dummy_return_one(x)
[12:09:49.615] [INFO] [run] subject=14, session=2, speed=10, trial=2, x__rid_x=31af81bafe85ea56: dummy_return_one(x)
[12:09:49.619] [INFO] [run] subject=14, session=2, speed=10, trial=3, x__rid_x=728cf625af5bf471: dummy_return_one(x)
[12:09:49.620] [INFO] [run] subject=14, session=2, speed=10, trial=4, x__rid_x=085b4311a032bb97: dummy_return_one(x)
[12:09:49.621] [INFO] [run] subject=14, session=2, speed=10, trial=5, x__rid_x=78f548f05f26d5b6: dummy_return_one(x)
[12:09:49.624] [INFO] [run] subject=14, session=2, speed=10, trial=6, x__rid_x=a5af9fe073676c03: dummy_return_one(x)
[12:09:49.625] [INFO] [run] subject=14, session=2, speed=10, trial=7, x__rid_x=0b458bba249b54ae: dummy_return_one(x)
[12:09:49.626] [INFO] [run] subject=14, session=2, speed=2, trial=1, x__rid_x=eff20a99d4261bb0: dummy_return_one(x)
[12:09:49.630] [INFO] [run] subject=14, session=2, speed=2, trial=2, x__rid_x=78415fcadb0cb3e9: dummy_return_one(x)
[12:09:49.630] [INFO] [run] subject=14, session=2, speed=2, trial=3, x__rid_x=b0c4c063ec48a6ed: dummy_return_one(x)
[12:09:49.631] [INFO] [run] subject=14, session=2, speed=2, trial=4, x__rid_x=1d5653e8bbd7c564: dummy_return_one(x)
[12:09:49.635] [INFO] [run] subject=14, session=2, speed=2, trial=5, x__rid_x=9f76dd3de2f775d2: dummy_return_one(x)
[12:09:49.636] [INFO] [run] subject=14, session=2, speed=2, trial=6, x__rid_x=d0ea7cf6b990d802: dummy_return_one(x)
[12:09:49.636] [INFO] [run] subject=14, session=2, speed=2, trial=7, x__rid_x=8a4dafdf3c419ae8: dummy_return_one(x)
[12:09:49.640] [INFO] [run] subject=14, session=2, speed=3, trial=1, x__rid_x=0ef327924526cc70: dummy_return_one(x)
[12:09:49.641] [INFO] [run] subject=14, session=2, speed=3, trial=2, x__rid_x=25a6803897617276: dummy_return_one(x)
[12:09:49.642] [INFO] [run] subject=14, session=2, speed=3, trial=3, x__rid_x=cb41a438124d26c3: dummy_return_one(x)
[12:09:49.646] [INFO] [run] subject=14, session=2, speed=3, trial=4, x__rid_x=591672dc1f5f8aa7: dummy_return_one(x)
[12:09:49.646] [INFO] [run] subject=14, session=2, speed=3, trial=5, x__rid_x=809da71501f4f104: dummy_return_one(x)
[12:09:49.647] [INFO] [run] subject=14, session=2, speed=3, trial=6, x__rid_x=ff104e7a90f46732: dummy_return_one(x)
[12:09:49.651] [INFO] [run] subject=14, session=2, speed=3, trial=7, x__rid_x=c99ce42664d0e9b6: dummy_return_one(x)
[12:09:49.652] [INFO] [run] subject=14, session=2, speed=4, trial=1, x__rid_x=d1e168be1e0e706a: dummy_return_one(x)
[12:09:49.652] [INFO] [run] subject=14, session=2, speed=4, trial=2, x__rid_x=2b00e39324796c18: dummy_return_one(x)
[12:09:49.656] [INFO] [run] subject=14, session=2, speed=4, trial=3, x__rid_x=fb51858862578d17: dummy_return_one(x)
[12:09:49.657] [INFO] [run] subject=14, session=2, speed=4, trial=4, x__rid_x=7fe35e80ced6695d: dummy_return_one(x)
[12:09:49.657] [INFO] [run] subject=14, session=2, speed=4, trial=5, x__rid_x=b2a02209e99232d4: dummy_return_one(x)
[12:09:49.661] [INFO] [run] subject=14, session=2, speed=4, trial=6, x__rid_x=9d6cc3b98ba581e1: dummy_return_one(x)
[12:09:49.662] [INFO] [run] subject=14, session=2, speed=4, trial=7, x__rid_x=9d0bfee8c4041673: dummy_return_one(x)
[12:09:49.663] [INFO] [run] subject=14, session=2, speed=5, trial=1, x__rid_x=b003bf5d3f5c7a87: dummy_return_one(x)
[12:09:49.667] [INFO] [run] subject=14, session=2, speed=5, trial=2, x__rid_x=0f5a4e7f7eeb4b21: dummy_return_one(x)
[12:09:49.668] [INFO] [run] subject=14, session=2, speed=5, trial=3, x__rid_x=0f5565faafee4da5: dummy_return_one(x)
[12:09:49.669] [INFO] [run] subject=14, session=2, speed=5, trial=4, x__rid_x=60ebddadfcbd9874: dummy_return_one(x)
[12:09:49.672] [INFO] [run] subject=14, session=2, speed=5, trial=5, x__rid_x=ac592bddaa9aa823: dummy_return_one(x)
[12:09:49.673] [INFO] [run] subject=14, session=2, speed=5, trial=6, x__rid_x=315cb22a009b0229: dummy_return_one(x)
[12:09:49.673] [INFO] [run] subject=14, session=2, speed=5, trial=7, x__rid_x=320f1e7ee2f23771: dummy_return_one(x)
[12:09:49.677] [INFO] [run] subject=14, session=2, speed=6, trial=1, x__rid_x=4e12f5e62a1ab99a: dummy_return_one(x)
[12:09:49.678] [INFO] [run] subject=14, session=2, speed=6, trial=2, x__rid_x=cd04fbab575d834a: dummy_return_one(x)
[12:09:49.679] [INFO] [run] subject=14, session=2, speed=6, trial=3, x__rid_x=ae2fdb4421969333: dummy_return_one(x)
[12:09:49.683] [INFO] [run] subject=14, session=2, speed=6, trial=4, x__rid_x=7ed0c6b20aaef5bd: dummy_return_one(x)
[12:09:49.684] [INFO] [run] subject=14, session=2, speed=6, trial=5, x__rid_x=8f866e7f7ec97d9e: dummy_return_one(x)
[12:09:49.688] [INFO] [run] subject=14, session=2, speed=6, trial=6, x__rid_x=4d6b96c9daf2f564: dummy_return_one(x)
[12:09:49.689] [INFO] [run] subject=14, session=2, speed=6, trial=7, x__rid_x=5e7aac8547a0d0d6: dummy_return_one(x)
[12:09:49.689] [INFO] [run] subject=14, session=2, speed=7, trial=1, x__rid_x=63c39b0200d6ed27: dummy_return_one(x)
[12:09:49.693] [INFO] [run] subject=14, session=2, speed=7, trial=2, x__rid_x=c095840a35fc5dc9: dummy_return_one(x)
[12:09:49.694] [INFO] [run] subject=14, session=2, speed=7, trial=3, x__rid_x=c4e3313f002f74ae: dummy_return_one(x)
[12:09:49.695] [INFO] [run] subject=14, session=2, speed=7, trial=4, x__rid_x=46ddaed4c2a6c381: dummy_return_one(x)
[12:09:49.699] [INFO] [run] subject=14, session=2, speed=7, trial=5, x__rid_x=ffc2a468440e0a27: dummy_return_one(x)
[12:09:49.700] [INFO] [run] subject=14, session=2, speed=7, trial=6, x__rid_x=4c30d8e4b1ba46ed: dummy_return_one(x)
[12:09:49.700] [INFO] [run] subject=14, session=2, speed=7, trial=7, x__rid_x=b9e2d47063253773: dummy_return_one(x)
[12:09:49.704] [INFO] [run] subject=14, session=2, speed=8, trial=1, x__rid_x=298781f22b11076f: dummy_return_one(x)
[12:09:49.705] [INFO] [run] subject=14, session=2, speed=8, trial=2, x__rid_x=94f9b3f7ac9cb75b: dummy_return_one(x)
[12:09:49.706] [INFO] [run] subject=14, session=2, speed=8, trial=3, x__rid_x=d23bfd5d6f1fb818: dummy_return_one(x)
[12:09:49.709] [INFO] [run] subject=14, session=2, speed=8, trial=4, x__rid_x=1a49c00ad8d472db: dummy_return_one(x)
[12:09:49.710] [INFO] [run] subject=14, session=2, speed=8, trial=5, x__rid_x=4d22c17c367cc515: dummy_return_one(x)
[12:09:49.710] [INFO] [run] subject=14, session=2, speed=8, trial=6, x__rid_x=7addc6f839fd741f: dummy_return_one(x)
[12:09:49.715] [INFO] [run] subject=14, session=2, speed=8, trial=7, x__rid_x=ec3c1a3306eb0983: dummy_return_one(x)
[12:09:49.716] [INFO] [run] subject=14, session=2, speed=9, trial=1, x__rid_x=a7738dbe05027ed6: dummy_return_one(x)
[12:09:49.716] [INFO] [run] subject=14, session=2, speed=9, trial=2, x__rid_x=a47690b700191f30: dummy_return_one(x)
[12:09:49.720] [INFO] [run] subject=14, session=2, speed=9, trial=3, x__rid_x=4313032c16e0174c: dummy_return_one(x)
[12:09:49.721] [INFO] [run] subject=14, session=2, speed=9, trial=4, x__rid_x=5f9dbbf436092a9d: dummy_return_one(x)
[12:09:49.722] [INFO] [run] subject=14, session=2, speed=9, trial=5, x__rid_x=a2d5d00377a4716d: dummy_return_one(x)
[12:09:49.725] [INFO] [run] subject=14, session=2, speed=9, trial=6, x__rid_x=238ac179ec8b5fa8: dummy_return_one(x)
[12:09:49.726] [INFO] [run] subject=14, session=2, speed=9, trial=7, x__rid_x=436961a84bdf9fa5: dummy_return_one(x)
[12:09:49.727] [INFO] [run] subject=14, session=3, speed=1, trial=1, x__rid_x=f3a4936c492d82d7: dummy_return_one(x)
[12:09:49.731] [INFO] [run] subject=14, session=3, speed=1, trial=2, x__rid_x=56fbb27db578fdae: dummy_return_one(x)
[12:09:49.732] [INFO] [run] subject=14, session=3, speed=1, trial=3, x__rid_x=2ed2a5cb0c2bf539: dummy_return_one(x)
[12:09:49.736] [INFO] [run] subject=14, session=3, speed=1, trial=4, x__rid_x=e2ee1c9fe3f3575e: dummy_return_one(x)
[12:09:49.737] [INFO] [run] subject=14, session=3, speed=1, trial=5, x__rid_x=4bd0f68d96ca2bab: dummy_return_one(x)
[12:09:49.737] [INFO] [run] subject=14, session=3, speed=1, trial=6, x__rid_x=0ca9abce82437580: dummy_return_one(x)
[12:09:49.741] [INFO] [run] subject=14, session=3, speed=1, trial=7, x__rid_x=275c9c9426f83c49: dummy_return_one(x)
[12:09:49.742] [INFO] [run] subject=14, session=3, speed=10, trial=1, x__rid_x=b35197ceb08a3ba0: dummy_return_one(x)
[12:09:49.742] [INFO] [run] subject=14, session=3, speed=10, trial=2, x__rid_x=92791e6a878f15d4: dummy_return_one(x)
[12:09:49.747] [INFO] [run] subject=14, session=3, speed=10, trial=3, x__rid_x=5f48a0b59e09ab72: dummy_return_one(x)
[12:09:49.748] [INFO] [run] subject=14, session=3, speed=10, trial=4, x__rid_x=52f0f7dd504fc31a: dummy_return_one(x)
[12:09:49.748] [INFO] [run] subject=14, session=3, speed=10, trial=5, x__rid_x=5d88c57a7220ad5e: dummy_return_one(x)
[12:09:49.752] [INFO] [run] subject=14, session=3, speed=10, trial=6, x__rid_x=2bf843e8b0efb036: dummy_return_one(x)
[12:09:49.753] [INFO] [run] subject=14, session=3, speed=10, trial=7, x__rid_x=069a96fe33186c1e: dummy_return_one(x)
[12:09:49.753] [INFO] [run] subject=14, session=3, speed=2, trial=1, x__rid_x=9781a0c75f31d8b7: dummy_return_one(x)
[12:09:49.757] [INFO] [run] subject=14, session=3, speed=2, trial=2, x__rid_x=97d8f6f7cbcab651: dummy_return_one(x)
[12:09:49.758] [INFO] [run] subject=14, session=3, speed=2, trial=3, x__rid_x=7b4fa63463a71b29: dummy_return_one(x)
[12:09:49.759] [INFO] [run] subject=14, session=3, speed=2, trial=4, x__rid_x=e98c5658d3acc77f: dummy_return_one(x)
[12:09:49.763] [INFO] [run] subject=14, session=3, speed=2, trial=5, x__rid_x=32d5d50c8019a631: dummy_return_one(x)
[12:09:49.764] [INFO] [run] subject=14, session=3, speed=2, trial=6, x__rid_x=458dad8889e50dff: dummy_return_one(x)
[12:09:49.764] [INFO] [run] subject=14, session=3, speed=2, trial=7, x__rid_x=141f493ceef13a8d: dummy_return_one(x)
[12:09:49.768] [INFO] [run] subject=14, session=3, speed=3, trial=1, x__rid_x=c4e942fd0531958a: dummy_return_one(x)
[12:09:49.769] [INFO] [run] subject=14, session=3, speed=3, trial=2, x__rid_x=5124f2ee3c378c95: dummy_return_one(x)
[12:09:49.770] [INFO] [run] subject=14, session=3, speed=3, trial=3, x__rid_x=527d23004911513c: dummy_return_one(x)
[12:09:49.773] [INFO] [run] subject=14, session=3, speed=3, trial=4, x__rid_x=29c1c0ce06923eb4: dummy_return_one(x)
[12:09:49.774] [INFO] [run] subject=14, session=3, speed=3, trial=5, x__rid_x=cca6ab988a0f9e3c: dummy_return_one(x)
[12:09:49.775] [INFO] [run] subject=14, session=3, speed=3, trial=6, x__rid_x=a09eaf19710a1834: dummy_return_one(x)
[12:09:49.779] [INFO] [run] subject=14, session=3, speed=3, trial=7, x__rid_x=ac1de1343de2208e: dummy_return_one(x)
[12:09:49.779] [INFO] [run] subject=14, session=3, speed=4, trial=1, x__rid_x=b5149da7e1d4ea4c: dummy_return_one(x)
[12:09:49.780] [INFO] [run] subject=14, session=3, speed=4, trial=2, x__rid_x=6f70e714f90ce540: dummy_return_one(x)
[12:09:49.784] [INFO] [run] subject=14, session=3, speed=4, trial=3, x__rid_x=1edd2c98435fe1c7: dummy_return_one(x)
[12:09:49.785] [INFO] [run] subject=14, session=3, speed=4, trial=4, x__rid_x=270dbaa5bf1ff80e: dummy_return_one(x)
[12:09:49.786] [INFO] [run] subject=14, session=3, speed=4, trial=5, x__rid_x=dd9d7850a2b800bf: dummy_return_one(x)
[12:09:49.790] [INFO] [run] subject=14, session=3, speed=4, trial=6, x__rid_x=873c745fbac7727a: dummy_return_one(x)
[12:09:49.790] [INFO] [run] subject=14, session=3, speed=4, trial=7, x__rid_x=db93114f14375b25: dummy_return_one(x)
[12:09:49.791] [INFO] [run] subject=14, session=3, speed=5, trial=1, x__rid_x=7f420c9e06e3117e: dummy_return_one(x)
[12:09:49.795] [INFO] [run] subject=14, session=3, speed=5, trial=2, x__rid_x=f638d3b86b5b1dd3: dummy_return_one(x)
[12:09:49.796] [INFO] [run] subject=14, session=3, speed=5, trial=3, x__rid_x=0bd4e74da50477ae: dummy_return_one(x)
[12:09:49.797] [INFO] [run] subject=14, session=3, speed=5, trial=4, x__rid_x=4fcbd56a78a8b504: dummy_return_one(x)
[12:09:49.800] [INFO] [run] subject=14, session=3, speed=5, trial=5, x__rid_x=e19af687b6796f90: dummy_return_one(x)
[12:09:49.801] [INFO] [run] subject=14, session=3, speed=5, trial=6, x__rid_x=c661eea1d7677d8d: dummy_return_one(x)
[12:09:49.802] [INFO] [run] subject=14, session=3, speed=5, trial=7, x__rid_x=6667da0bcee977f4: dummy_return_one(x)
[12:09:49.806] [INFO] [run] subject=14, session=3, speed=6, trial=1, x__rid_x=c4e09f4a82285be8: dummy_return_one(x)
[12:09:49.807] [INFO] [run] subject=14, session=3, speed=6, trial=2, x__rid_x=17e27ad9d51cbf04: dummy_return_one(x)
[12:09:49.807] [INFO] [run] subject=14, session=3, speed=6, trial=3, x__rid_x=77d5d4de14a775ac: dummy_return_one(x)
[12:09:49.811] [INFO] [run] subject=14, session=3, speed=6, trial=4, x__rid_x=2e610e54ea8feeb2: dummy_return_one(x)
[12:09:49.812] [INFO] [run] subject=14, session=3, speed=6, trial=5, x__rid_x=4a244d759793db6e: dummy_return_one(x)
[12:09:49.813] [INFO] [run] subject=14, session=3, speed=6, trial=6, x__rid_x=0b9148c04ca79975: dummy_return_one(x)
[12:09:49.817] [INFO] [run] subject=14, session=3, speed=6, trial=7, x__rid_x=c95c3f521d497c87: dummy_return_one(x)
[12:09:49.818] [INFO] [run] subject=14, session=3, speed=7, trial=1, x__rid_x=37e29ad8637b8d7c: dummy_return_one(x)
[12:09:49.818] [INFO] [run] subject=14, session=3, speed=7, trial=2, x__rid_x=ba9f5c1c863ce44a: dummy_return_one(x)
[12:09:49.822] [INFO] [run] subject=14, session=3, speed=7, trial=3, x__rid_x=d2392ed5c8f5abe8: dummy_return_one(x)
[12:09:49.823] [INFO] [run] subject=14, session=3, speed=7, trial=4, x__rid_x=f8e0249c14eb5950: dummy_return_one(x)
[12:09:49.823] [INFO] [run] subject=14, session=3, speed=7, trial=5, x__rid_x=5414931f5bd891b4: dummy_return_one(x)
[12:09:49.827] [INFO] [run] subject=14, session=3, speed=7, trial=6, x__rid_x=0aef65317d6d24d5: dummy_return_one(x)
[12:09:49.828] [INFO] [run] subject=14, session=3, speed=7, trial=7, x__rid_x=57dc7d36ae942397: dummy_return_one(x)
[12:09:49.829] [INFO] [run] subject=14, session=3, speed=8, trial=1, x__rid_x=65ce1ccc966e7ebf: dummy_return_one(x)
[12:09:49.833] [INFO] [run] subject=14, session=3, speed=8, trial=2, x__rid_x=37818b5c631f91ba: dummy_return_one(x)
[12:09:49.834] [INFO] [run] subject=14, session=3, speed=8, trial=3, x__rid_x=ea456a5c05fb79d4: dummy_return_one(x)
[12:09:49.838] [INFO] [run] subject=14, session=3, speed=8, trial=4, x__rid_x=90cdb0350c8c8322: dummy_return_one(x)
[12:09:49.839] [INFO] [run] subject=14, session=3, speed=8, trial=5, x__rid_x=9e53957e6c0009df: dummy_return_one(x)
[12:09:49.840] [INFO] [run] subject=14, session=3, speed=8, trial=6, x__rid_x=a0108831896f2a91: dummy_return_one(x)
[12:09:49.844] [INFO] [run] subject=14, session=3, speed=8, trial=7, x__rid_x=61b10a221951f4b5: dummy_return_one(x)
[12:09:49.844] [INFO] [run] subject=14, session=3, speed=9, trial=1, x__rid_x=33c84372914402c5: dummy_return_one(x)
[12:09:49.845] [INFO] [run] subject=14, session=3, speed=9, trial=2, x__rid_x=cbdc4d40e1468dbf: dummy_return_one(x)
[12:09:49.849] [INFO] [run] subject=14, session=3, speed=9, trial=3, x__rid_x=d31d4d4c98cc6999: dummy_return_one(x)
[12:09:49.850] [INFO] [run] subject=14, session=3, speed=9, trial=4, x__rid_x=bda7f2dcbb954163: dummy_return_one(x)
[12:09:49.855] [INFO] [run] subject=14, session=3, speed=9, trial=5, x__rid_x=08c539f3b2e2a8ac: dummy_return_one(x)
[12:09:49.855] [INFO] [run] subject=14, session=3, speed=9, trial=6, x__rid_x=78bdad249cef932e: dummy_return_one(x)
[12:09:49.856] [INFO] [run] subject=14, session=3, speed=9, trial=7, x__rid_x=8f9134f27563702e: dummy_return_one(x)
[12:09:49.860] [INFO] [run] subject=14, session=4, speed=1, trial=1, x__rid_x=f4b61adf11f5b8b0: dummy_return_one(x)
[12:09:49.861] [INFO] [run] subject=14, session=4, speed=1, trial=2, x__rid_x=aae115f2c7b44e54: dummy_return_one(x)
[12:09:49.861] [INFO] [run] subject=14, session=4, speed=1, trial=3, x__rid_x=32ffef73fead3b24: dummy_return_one(x)
[12:09:49.865] [INFO] [run] subject=14, session=4, speed=1, trial=4, x__rid_x=8645d27105d3560b: dummy_return_one(x)
[12:09:49.867] [INFO] [run] subject=14, session=4, speed=1, trial=5, x__rid_x=f89bd7ca1f205d80: dummy_return_one(x)
[12:09:49.871] [INFO] [run] subject=14, session=4, speed=1, trial=6, x__rid_x=a543d9389820c617: dummy_return_one(x)
[12:09:49.871] [INFO] [run] subject=14, session=4, speed=1, trial=7, x__rid_x=5bed82db78974286: dummy_return_one(x)
[12:09:49.872] [INFO] [run] subject=14, session=4, speed=10, trial=1, x__rid_x=ca2c9988b97cc8f6: dummy_return_one(x)
[12:09:49.876] [INFO] [run] subject=14, session=4, speed=10, trial=2, x__rid_x=9db4290f12184235: dummy_return_one(x)
[12:09:49.877] [INFO] [run] subject=14, session=4, speed=10, trial=3, x__rid_x=56a1cf7241dad59c: dummy_return_one(x)
[12:09:49.878] [INFO] [run] subject=14, session=4, speed=10, trial=4, x__rid_x=7b5f4695c11596f2: dummy_return_one(x)
[12:09:49.882] [INFO] [run] subject=14, session=4, speed=10, trial=5, x__rid_x=70f7e4a88319a66c: dummy_return_one(x)
[12:09:49.883] [INFO] [run] subject=14, session=4, speed=10, trial=6, x__rid_x=a51e6beb55283340: dummy_return_one(x)
[12:09:49.884] [INFO] [run] subject=14, session=4, speed=10, trial=7, x__rid_x=0a75613bdb3a2b89: dummy_return_one(x)
[12:09:49.887] [INFO] [run] subject=14, session=4, speed=2, trial=1, x__rid_x=884c501407c6b4dd: dummy_return_one(x)
[12:09:49.888] [INFO] [run] subject=14, session=4, speed=2, trial=2, x__rid_x=a4cef380e076b8f9: dummy_return_one(x)
[12:09:49.889] [INFO] [run] subject=14, session=4, speed=2, trial=3, x__rid_x=5a3e5436d4390dec: dummy_return_one(x)
[12:09:49.893] [INFO] [run] subject=14, session=4, speed=2, trial=4, x__rid_x=91542c96c44f566a: dummy_return_one(x)
[12:09:49.893] [INFO] [run] subject=14, session=4, speed=2, trial=5, x__rid_x=8590c2c5d2d4565c: dummy_return_one(x)
[12:09:49.894] [INFO] [run] subject=14, session=4, speed=2, trial=6, x__rid_x=e23bbdd3d14d1508: dummy_return_one(x)
[12:09:49.898] [INFO] [run] subject=14, session=4, speed=2, trial=7, x__rid_x=3febd2067d95663a: dummy_return_one(x)
[12:09:49.899] [INFO] [run] subject=14, session=4, speed=3, trial=1, x__rid_x=dd632d7094e7a28a: dummy_return_one(x)
[12:09:49.900] [INFO] [run] subject=14, session=4, speed=3, trial=2, x__rid_x=e546b6a1d3dd0cd6: dummy_return_one(x)
[12:09:49.904] [INFO] [run] subject=14, session=4, speed=3, trial=3, x__rid_x=0a0caa6256d676a8: dummy_return_one(x)
[12:09:49.905] [INFO] [run] subject=14, session=4, speed=3, trial=4, x__rid_x=2ccc27b8d1ce3084: dummy_return_one(x)
[12:09:49.905] [INFO] [run] subject=14, session=4, speed=3, trial=5, x__rid_x=41694a4b65dd2d95: dummy_return_one(x)
[12:09:49.909] [INFO] [run] subject=14, session=4, speed=3, trial=6, x__rid_x=4bf5e0ab40af8f4d: dummy_return_one(x)
[12:09:49.910] [INFO] [run] subject=14, session=4, speed=3, trial=7, x__rid_x=4af9b6f647b0eab7: dummy_return_one(x)
[12:09:49.911] [INFO] [run] subject=14, session=4, speed=4, trial=1, x__rid_x=15f8504ca9048e98: dummy_return_one(x)
[12:09:49.915] [INFO] [run] subject=14, session=4, speed=4, trial=2, x__rid_x=e0d5020485fc4d53: dummy_return_one(x)
[12:09:49.916] [INFO] [run] subject=14, session=4, speed=4, trial=3, x__rid_x=0fb7b879f3f547d0: dummy_return_one(x)
[12:09:49.920] [INFO] [run] subject=14, session=4, speed=4, trial=4, x__rid_x=ccead582e064c87b: dummy_return_one(x)
[12:09:49.921] [INFO] [run] subject=14, session=4, speed=4, trial=5, x__rid_x=e91ee09503861334: dummy_return_one(x)
[12:09:49.922] [INFO] [run] subject=14, session=4, speed=4, trial=6, x__rid_x=24a34f2eb5b3a18a: dummy_return_one(x)
[12:09:49.926] [INFO] [run] subject=14, session=4, speed=4, trial=7, x__rid_x=fa627cc7013f62af: dummy_return_one(x)
[12:09:49.926] [INFO] [run] subject=14, session=4, speed=5, trial=1, x__rid_x=ff4868cadc67dea6: dummy_return_one(x)
[12:09:49.927] [INFO] [run] subject=14, session=4, speed=5, trial=2, x__rid_x=cd1b5201b7ccb41f: dummy_return_one(x)
[12:09:49.931] [INFO] [run] subject=14, session=4, speed=5, trial=3, x__rid_x=dd85869287a13a8e: dummy_return_one(x)
[12:09:49.932] [INFO] [run] subject=14, session=4, speed=5, trial=4, x__rid_x=e61a45b353c85a5d: dummy_return_one(x)
[12:09:49.933] [INFO] [run] subject=14, session=4, speed=5, trial=5, x__rid_x=594f78815d19d35c: dummy_return_one(x)
[12:09:49.937] [INFO] [run] subject=14, session=4, speed=5, trial=6, x__rid_x=7f20cbda5f99c373: dummy_return_one(x)
[12:09:49.938] [INFO] [run] subject=14, session=4, speed=5, trial=7, x__rid_x=0aef9b194762a19e: dummy_return_one(x)
[12:09:49.938] [INFO] [run] subject=14, session=4, speed=6, trial=1, x__rid_x=075adf61e6981eaf: dummy_return_one(x)
[12:09:49.942] [INFO] [run] subject=14, session=4, speed=6, trial=2, x__rid_x=46ae5379be1acab4: dummy_return_one(x)
[12:09:49.943] [INFO] [run] subject=14, session=4, speed=6, trial=3, x__rid_x=26c0a8e7152e6300: dummy_return_one(x)
[12:09:49.943] [INFO] [run] subject=14, session=4, speed=6, trial=4, x__rid_x=96aa3a456674dffa: dummy_return_one(x)
[12:09:49.948] [INFO] [run] subject=14, session=4, speed=6, trial=5, x__rid_x=b2f58f9944f95eeb: dummy_return_one(x)
[12:09:49.949] [INFO] [run] subject=14, session=4, speed=6, trial=6, x__rid_x=7c12349595a49537: dummy_return_one(x)
[12:09:49.953] [INFO] [run] subject=14, session=4, speed=6, trial=7, x__rid_x=fad8cbb7817a4cd9: dummy_return_one(x)
[12:09:49.954] [INFO] [run] subject=14, session=4, speed=7, trial=1, x__rid_x=cda186750563e19c: dummy_return_one(x)
[12:09:49.955] [INFO] [run] subject=14, session=4, speed=7, trial=2, x__rid_x=71b44ade39fbf546: dummy_return_one(x)
[12:09:49.959] [INFO] [run] subject=14, session=4, speed=7, trial=3, x__rid_x=cadfa40d14eca7c0: dummy_return_one(x)
[12:09:49.959] [INFO] [run] subject=14, session=4, speed=7, trial=4, x__rid_x=6b14d57f92ee4099: dummy_return_one(x)
[12:09:49.960] [INFO] [run] subject=14, session=4, speed=7, trial=5, x__rid_x=70e449fd2aabc9e9: dummy_return_one(x)
[12:09:49.964] [INFO] [run] subject=14, session=4, speed=7, trial=6, x__rid_x=aaea4b5632fbcfb2: dummy_return_one(x)
[12:09:49.966] [INFO] [run] subject=14, session=4, speed=7, trial=7, x__rid_x=bc023f912852840a: dummy_return_one(x)
[12:09:49.970] [INFO] [run] subject=14, session=4, speed=8, trial=1, x__rid_x=88f42541a7db6baa: dummy_return_one(x)
[12:09:49.971] [INFO] [run] subject=14, session=4, speed=8, trial=2, x__rid_x=eb6fb32a8c83eb2e: dummy_return_one(x)
[12:09:49.971] [INFO] [run] subject=14, session=4, speed=8, trial=3, x__rid_x=595b07b21ae19d67: dummy_return_one(x)
[12:09:49.975] [INFO] [run] subject=14, session=4, speed=8, trial=4, x__rid_x=501fdbff1fb645b8: dummy_return_one(x)
[12:09:49.976] [INFO] [run] subject=14, session=4, speed=8, trial=5, x__rid_x=7c91a6efefd05bdc: dummy_return_one(x)
[12:09:49.977] [INFO] [run] subject=14, session=4, speed=8, trial=6, x__rid_x=3b21a930ea7e1598: dummy_return_one(x)
[12:09:49.981] [INFO] [run] subject=14, session=4, speed=8, trial=7, x__rid_x=fb4a27f8b50f2378: dummy_return_one(x)
[12:09:49.982] [INFO] [run] subject=14, session=4, speed=9, trial=1, x__rid_x=6b49ab259e8a8703: dummy_return_one(x)
[12:09:49.983] [INFO] [run] subject=14, session=4, speed=9, trial=2, x__rid_x=d0639d20fb9bf653: dummy_return_one(x)
[12:09:49.987] [INFO] [run] subject=14, session=4, speed=9, trial=3, x__rid_x=d5ac797ad22a3c79: dummy_return_one(x)
[12:09:49.987] [INFO] [run] subject=14, session=4, speed=9, trial=4, x__rid_x=84c8191f4c2ad8d8: dummy_return_one(x)
[12:09:49.988] [INFO] [run] subject=14, session=4, speed=9, trial=5, x__rid_x=48b227d43001dcd6: dummy_return_one(x)
[12:09:49.992] [INFO] [run] subject=14, session=4, speed=9, trial=6, x__rid_x=5b519ae3b28584ce: dummy_return_one(x)
[12:09:49.993] [INFO] [run] subject=14, session=4, speed=9, trial=7, x__rid_x=4f5da1da6ca2d019: dummy_return_one(x)
[12:09:49.994] [INFO] [run] subject=14, session=5, speed=1, trial=1, x__rid_x=35253dfbaf524717: dummy_return_one(x)
[12:09:49.998] [INFO] [run] subject=14, session=5, speed=1, trial=2, x__rid_x=df0ffe5dad6d2f4b: dummy_return_one(x)
[12:09:49.999] [INFO] [run] subject=14, session=5, speed=1, trial=3, x__rid_x=42ed4a86d9400ff8: dummy_return_one(x)
[12:09:50.003] [INFO] [run] subject=14, session=5, speed=1, trial=4, x__rid_x=72ded9d5fa2ee319: dummy_return_one(x)
[12:09:50.004] [INFO] [run] subject=14, session=5, speed=1, trial=5, x__rid_x=d92ad99a29b88e6e: dummy_return_one(x)
[12:09:50.004] [INFO] [run] subject=14, session=5, speed=1, trial=6, x__rid_x=5ae3adf5126298a5: dummy_return_one(x)
[12:09:50.009] [INFO] [run] subject=14, session=5, speed=1, trial=7, x__rid_x=d12e7b2c3ef6bf38: dummy_return_one(x)
[12:09:50.009] [INFO] [run] subject=14, session=5, speed=10, trial=1, x__rid_x=dba17564f9ef21db: dummy_return_one(x)
[12:09:50.010] [INFO] [run] subject=14, session=5, speed=10, trial=2, x__rid_x=017085027102ada1: dummy_return_one(x)
[12:09:50.014] [INFO] [run] subject=14, session=5, speed=10, trial=3, x__rid_x=162b398b5ae908cc: dummy_return_one(x)
[12:09:50.016] [INFO] [run] subject=14, session=5, speed=10, trial=4, x__rid_x=c7f41821c344a49d: dummy_return_one(x)
[12:09:50.020] [INFO] [run] subject=14, session=5, speed=10, trial=5, x__rid_x=f9e6adf7c5e6bef3: dummy_return_one(x)
[12:09:50.020] [INFO] [run] subject=14, session=5, speed=10, trial=6, x__rid_x=06f55ee8bf317c07: dummy_return_one(x)
[12:09:50.021] [INFO] [run] subject=14, session=5, speed=10, trial=7, x__rid_x=dd1c3433a8ad5002: dummy_return_one(x)
[12:09:50.025] [INFO] [run] subject=14, session=5, speed=2, trial=1, x__rid_x=dae136b0cedd4e10: dummy_return_one(x)
[12:09:50.026] [INFO] [run] subject=14, session=5, speed=2, trial=2, x__rid_x=3ff5f4f2deef8979: dummy_return_one(x)
[12:09:50.027] [INFO] [run] subject=14, session=5, speed=2, trial=3, x__rid_x=6b26db1b8ddc4e89: dummy_return_one(x)
[12:09:50.031] [INFO] [run] subject=14, session=5, speed=2, trial=4, x__rid_x=91e889b14754457f: dummy_return_one(x)
[12:09:50.032] [INFO] [run] subject=14, session=5, speed=2, trial=5, x__rid_x=ce157200065857bf: dummy_return_one(x)
[12:09:50.033] [INFO] [run] subject=14, session=5, speed=2, trial=6, x__rid_x=079da88358f6eb5f: dummy_return_one(x)
[12:09:50.036] [INFO] [run] subject=14, session=5, speed=2, trial=7, x__rid_x=02e593540e1e284d: dummy_return_one(x)
[12:09:50.037] [INFO] [run] subject=14, session=5, speed=3, trial=1, x__rid_x=f7d7228bda52bca6: dummy_return_one(x)
[12:09:50.038] [INFO] [run] subject=14, session=5, speed=3, trial=2, x__rid_x=a9542a59bacac0e7: dummy_return_one(x)
[12:09:50.042] [INFO] [run] subject=14, session=5, speed=3, trial=3, x__rid_x=ff947b370a037759: dummy_return_one(x)
[12:09:50.043] [INFO] [run] subject=14, session=5, speed=3, trial=4, x__rid_x=ad2ed2dc0e625e44: dummy_return_one(x)
[12:09:50.043] [INFO] [run] subject=14, session=5, speed=3, trial=5, x__rid_x=34f0bb9a46348601: dummy_return_one(x)
[12:09:50.048] [INFO] [run] subject=14, session=5, speed=3, trial=6, x__rid_x=47ea3ab46e9e340d: dummy_return_one(x)
[12:09:50.049] [INFO] [run] subject=14, session=5, speed=3, trial=7, x__rid_x=07ef990c4a938f9b: dummy_return_one(x)
[12:09:50.053] [INFO] [run] subject=14, session=5, speed=4, trial=1, x__rid_x=32d80609fe6823cd: dummy_return_one(x)
[12:09:50.054] [INFO] [run] subject=14, session=5, speed=4, trial=2, x__rid_x=5c388c9d6b4e0dab: dummy_return_one(x)
[12:09:50.054] [INFO] [run] subject=14, session=5, speed=4, trial=3, x__rid_x=0ae0633c3137d78b: dummy_return_one(x)
[12:09:50.059] [INFO] [run] subject=14, session=5, speed=4, trial=4, x__rid_x=34b1218a848a7949: dummy_return_one(x)
[12:09:50.059] [INFO] [run] subject=14, session=5, speed=4, trial=5, x__rid_x=e2ae7a2279c7ebcb: dummy_return_one(x)
[12:09:50.060] [INFO] [run] subject=14, session=5, speed=4, trial=6, x__rid_x=3d720efe04038c3c: dummy_return_one(x)
[12:09:50.064] [INFO] [run] subject=14, session=5, speed=4, trial=7, x__rid_x=fb2a9a6879cebb91: dummy_return_one(x)
[12:09:50.065] [INFO] [run] subject=14, session=5, speed=5, trial=1, x__rid_x=750f472d67406e4d: dummy_return_one(x)
[12:09:50.070] [INFO] [run] subject=14, session=5, speed=5, trial=2, x__rid_x=e30de04d316bf6b5: dummy_return_one(x)
[12:09:50.071] [INFO] [run] subject=14, session=5, speed=5, trial=3, x__rid_x=a0bc8466a6626a03: dummy_return_one(x)
[12:09:50.071] [INFO] [run] subject=14, session=5, speed=5, trial=4, x__rid_x=b115953994b0b0dc: dummy_return_one(x)
[12:09:50.075] [INFO] [run] subject=14, session=5, speed=5, trial=5, x__rid_x=3a3be8d8aee8cae3: dummy_return_one(x)
[12:09:50.076] [INFO] [run] subject=14, session=5, speed=5, trial=6, x__rid_x=3571a24584ae5ae9: dummy_return_one(x)
[12:09:50.077] [INFO] [run] subject=14, session=5, speed=5, trial=7, x__rid_x=0528e483f9b5cc5e: dummy_return_one(x)
[12:09:50.081] [INFO] [run] subject=14, session=5, speed=6, trial=1, x__rid_x=364f07875ba535dc: dummy_return_one(x)
[12:09:50.082] [INFO] [run] subject=14, session=5, speed=6, trial=2, x__rid_x=034201a821f9ef5a: dummy_return_one(x)
[12:09:50.083] [INFO] [run] subject=14, session=5, speed=6, trial=3, x__rid_x=4c2f08193a8635ba: dummy_return_one(x)
[12:09:50.087] [INFO] [run] subject=14, session=5, speed=6, trial=4, x__rid_x=bbfac97378613d4a: dummy_return_one(x)
[12:09:50.087] [INFO] [run] subject=14, session=5, speed=6, trial=5, x__rid_x=b5586b00a4d821fb: dummy_return_one(x)
[12:09:50.088] [INFO] [run] subject=14, session=5, speed=6, trial=6, x__rid_x=6ae6ec93df776d07: dummy_return_one(x)
[12:09:50.092] [INFO] [run] subject=14, session=5, speed=6, trial=7, x__rid_x=e331208681986c77: dummy_return_one(x)
[12:09:50.093] [INFO] [run] subject=14, session=5, speed=7, trial=1, x__rid_x=e737d1ffe2f13e04: dummy_return_one(x)
[12:09:50.094] [INFO] [run] subject=14, session=5, speed=7, trial=2, x__rid_x=847a7452e01177b3: dummy_return_one(x)
[12:09:50.098] [INFO] [run] subject=14, session=5, speed=7, trial=3, x__rid_x=52635aa359720508: dummy_return_one(x)
[12:09:50.099] [INFO] [run] subject=14, session=5, speed=7, trial=4, x__rid_x=510e3ed87b7079ee: dummy_return_one(x)
[12:09:50.100] [INFO] [run] subject=14, session=5, speed=7, trial=5, x__rid_x=4eb2fe419a8ee781: dummy_return_one(x)
[12:09:50.104] [INFO] [run] subject=14, session=5, speed=7, trial=6, x__rid_x=6e632d4521bb2d0d: dummy_return_one(x)
[12:09:50.104] [INFO] [run] subject=14, session=5, speed=7, trial=7, x__rid_x=8f7e393dccb6b633: dummy_return_one(x)
[12:09:50.105] [INFO] [run] subject=14, session=5, speed=8, trial=1, x__rid_x=90d67d512d95c2f0: dummy_return_one(x)
[12:09:50.109] [INFO] [run] subject=14, session=5, speed=8, trial=2, x__rid_x=d659ac6ce092f6a6: dummy_return_one(x)
[12:09:50.110] [INFO] [run] subject=14, session=5, speed=8, trial=3, x__rid_x=9cd0da92130d7c1a: dummy_return_one(x)
[12:09:50.110] [INFO] [run] subject=14, session=5, speed=8, trial=4, x__rid_x=4a6133c44b22cc67: dummy_return_one(x)
[12:09:50.115] [INFO] [run] subject=14, session=5, speed=8, trial=5, x__rid_x=e83a66eb308342f3: dummy_return_one(x)
[12:09:50.116] [INFO] [run] subject=14, session=5, speed=8, trial=6, x__rid_x=6fcfca181883f3a3: dummy_return_one(x)
[12:09:50.120] [INFO] [run] subject=14, session=5, speed=8, trial=7, x__rid_x=5ec39530265312c6: dummy_return_one(x)
[12:09:50.121] [INFO] [run] subject=14, session=5, speed=9, trial=1, x__rid_x=f20794f76f48c846: dummy_return_one(x)
[12:09:50.122] [INFO] [run] subject=14, session=5, speed=9, trial=2, x__rid_x=41e8bab74321d33a: dummy_return_one(x)
[12:09:50.126] [INFO] [run] subject=14, session=5, speed=9, trial=3, x__rid_x=22d620a9637ec087: dummy_return_one(x)
[12:09:50.127] [INFO] [run] subject=14, session=5, speed=9, trial=4, x__rid_x=243a709813f71e78: dummy_return_one(x)
[12:09:50.127] [INFO] [run] subject=14, session=5, speed=9, trial=5, x__rid_x=ef765e84a80f0190: dummy_return_one(x)
[12:09:50.132] [INFO] [run] subject=14, session=5, speed=9, trial=6, x__rid_x=64e8c7814439e8a1: dummy_return_one(x)
[12:09:50.133] [INFO] [run] subject=14, session=5, speed=9, trial=7, x__rid_x=453bd41d7784b695: dummy_return_one(x)
[12:09:50.133] [INFO] [run] subject=15, session=1, speed=1, trial=1, x__rid_x=0e249379a1ee2472: dummy_return_one(x)
[12:09:50.137] [INFO] [run] subject=15, session=1, speed=1, trial=2, x__rid_x=dc8ab1aeb5d000f0: dummy_return_one(x)
[12:09:50.138] [INFO] [run] subject=15, session=1, speed=1, trial=3, x__rid_x=4004f6842d2f68d9: dummy_return_one(x)
[12:09:50.139] [INFO] [run] subject=15, session=1, speed=1, trial=4, x__rid_x=b18ee9c0de7e15b8: dummy_return_one(x)
[12:09:50.143] [INFO] [run] subject=15, session=1, speed=1, trial=5, x__rid_x=e1ee1da4301b2914: dummy_return_one(x)
[12:09:50.144] [INFO] [run] subject=15, session=1, speed=1, trial=6, x__rid_x=9e083506b113448d: dummy_return_one(x)
[12:09:50.144] [INFO] [run] subject=15, session=1, speed=1, trial=7, x__rid_x=70a8b806fc3a71a4: dummy_return_one(x)
[12:09:50.149] [INFO] [run] subject=15, session=1, speed=10, trial=1, x__rid_x=eb32d10702eae651: dummy_return_one(x)
[12:09:50.150] [INFO] [run] subject=15, session=1, speed=10, trial=2, x__rid_x=78d581c148bb1236: dummy_return_one(x)
[12:09:50.154] [INFO] [run] subject=15, session=1, speed=10, trial=3, x__rid_x=138513b866b5a5d5: dummy_return_one(x)
[12:09:50.155] [INFO] [run] subject=15, session=1, speed=10, trial=4, x__rid_x=a8356a074fe912f0: dummy_return_one(x)
[12:09:50.156] [INFO] [run] subject=15, session=1, speed=10, trial=5, x__rid_x=b1e78585d67d4fd2: dummy_return_one(x)
[12:09:50.160] [INFO] [run] subject=15, session=1, speed=10, trial=6, x__rid_x=4481afc7dde94607: dummy_return_one(x)
[12:09:50.161] [INFO] [run] subject=15, session=1, speed=10, trial=7, x__rid_x=24919b7481de5e83: dummy_return_one(x)
[12:09:50.161] [INFO] [run] subject=15, session=1, speed=2, trial=1, x__rid_x=b5eee91b44663f7f: dummy_return_one(x)
[12:09:50.166] [INFO] [run] subject=15, session=1, speed=2, trial=2, x__rid_x=0cbe658dbfce4699: dummy_return_one(x)
[12:09:50.167] [INFO] [run] subject=15, session=1, speed=2, trial=3, x__rid_x=6796fd7b19f044ff: dummy_return_one(x)
[12:09:50.171] [INFO] [run] subject=15, session=1, speed=2, trial=4, x__rid_x=fdd4f85e6bf5b731: dummy_return_one(x)
[12:09:50.172] [INFO] [run] subject=15, session=1, speed=2, trial=5, x__rid_x=2762356064243ca7: dummy_return_one(x)
[12:09:50.173] [INFO] [run] subject=15, session=1, speed=2, trial=6, x__rid_x=329cb111516c8372: dummy_return_one(x)
[12:09:50.177] [INFO] [run] subject=15, session=1, speed=2, trial=7, x__rid_x=cc5fb9c27d990d6d: dummy_return_one(x)
[12:09:50.178] [INFO] [run] subject=15, session=1, speed=3, trial=1, x__rid_x=2f8808dacc549170: dummy_return_one(x)
[12:09:50.178] [INFO] [run] subject=15, session=1, speed=3, trial=2, x__rid_x=7c395ecbe6a1f79a: dummy_return_one(x)
[12:09:50.183] [INFO] [run] subject=15, session=1, speed=3, trial=3, x__rid_x=867559abc5ef7e76: dummy_return_one(x)
[12:09:50.184] [INFO] [run] subject=15, session=1, speed=3, trial=4, x__rid_x=ccc28875157fa3fb: dummy_return_one(x)
[12:09:50.188] [INFO] [run] subject=15, session=1, speed=3, trial=5, x__rid_x=c484a1bff079ac91: dummy_return_one(x)
[12:09:50.189] [INFO] [run] subject=15, session=1, speed=3, trial=6, x__rid_x=7de57765177af7a4: dummy_return_one(x)
[12:09:50.190] [INFO] [run] subject=15, session=1, speed=3, trial=7, x__rid_x=9bfa5f9a7b3754c9: dummy_return_one(x)
[12:09:50.194] [INFO] [run] subject=15, session=1, speed=4, trial=1, x__rid_x=ed854bf7da7279df: dummy_return_one(x)
[12:09:50.195] [INFO] [run] subject=15, session=1, speed=4, trial=2, x__rid_x=c7ab2767f78fe62b: dummy_return_one(x)
[12:09:50.195] [INFO] [run] subject=15, session=1, speed=4, trial=3, x__rid_x=4b42a089e40b8207: dummy_return_one(x)
[12:09:50.200] [INFO] [run] subject=15, session=1, speed=4, trial=4, x__rid_x=b4602653ca722b16: dummy_return_one(x)
[12:09:50.201] [INFO] [run] subject=15, session=1, speed=4, trial=5, x__rid_x=0e8761e4e4a017ab: dummy_return_one(x)
[12:09:50.205] [INFO] [run] subject=15, session=1, speed=4, trial=6, x__rid_x=49350d06b02160b0: dummy_return_one(x)
[12:09:50.206] [INFO] [run] subject=15, session=1, speed=4, trial=7, x__rid_x=2faef3cd98177f63: dummy_return_one(x)
[12:09:50.207] [INFO] [run] subject=15, session=1, speed=5, trial=1, x__rid_x=01e533014d4c9fbd: dummy_return_one(x)
[12:09:50.211] [INFO] [run] subject=15, session=1, speed=5, trial=2, x__rid_x=c119e40415a585d3: dummy_return_one(x)
[12:09:50.212] [INFO] [run] subject=15, session=1, speed=5, trial=3, x__rid_x=f3ae3e77c61254f2: dummy_return_one(x)
[12:09:50.212] [INFO] [run] subject=15, session=1, speed=5, trial=4, x__rid_x=ba851a1a07a01caf: dummy_return_one(x)
[12:09:50.217] [INFO] [run] subject=15, session=1, speed=5, trial=5, x__rid_x=c2639e06290a4873: dummy_return_one(x)
[12:09:50.218] [INFO] [run] subject=15, session=1, speed=5, trial=6, x__rid_x=d7d8c56bee66b7f9: dummy_return_one(x)
[12:09:50.218] [INFO] [run] subject=15, session=1, speed=5, trial=7, x__rid_x=5b5085ad225d6039: dummy_return_one(x)
[12:09:50.223] [INFO] [run] subject=15, session=1, speed=6, trial=1, x__rid_x=43a4db6a09524468: dummy_return_one(x)
[12:09:50.223] [INFO] [run] subject=15, session=1, speed=6, trial=2, x__rid_x=dc55a3a5b76e176b: dummy_return_one(x)
[12:09:50.224] [INFO] [run] subject=15, session=1, speed=6, trial=3, x__rid_x=48ce3c5030a0a307: dummy_return_one(x)
[12:09:50.228] [INFO] [run] subject=15, session=1, speed=6, trial=4, x__rid_x=9748ac0da7c53298: dummy_return_one(x)
[12:09:50.229] [INFO] [run] subject=15, session=1, speed=6, trial=5, x__rid_x=3a482def3b26d20a: dummy_return_one(x)
[12:09:50.230] [INFO] [run] subject=15, session=1, speed=6, trial=6, x__rid_x=46c8921ef682d98c: dummy_return_one(x)
[12:09:50.234] [INFO] [run] subject=15, session=1, speed=6, trial=7, x__rid_x=0eb4ec0ef25afac9: dummy_return_one(x)
[12:09:50.235] [INFO] [run] subject=15, session=1, speed=7, trial=1, x__rid_x=c512abe5d06c97d3: dummy_return_one(x)
[12:09:50.240] [INFO] [run] subject=15, session=1, speed=7, trial=2, x__rid_x=11469b5af5c5bc6a: dummy_return_one(x)
[12:09:50.240] [INFO] [run] subject=15, session=1, speed=7, trial=3, x__rid_x=7132eb65711a9633: dummy_return_one(x)
[12:09:50.241] [INFO] [run] subject=15, session=1, speed=7, trial=4, x__rid_x=73e483a2de8b8775: dummy_return_one(x)
[12:09:50.245] [INFO] [run] subject=15, session=1, speed=7, trial=5, x__rid_x=cc02d82054bab053: dummy_return_one(x)
[12:09:50.246] [INFO] [run] subject=15, session=1, speed=7, trial=6, x__rid_x=1166f5854b3a1d9e: dummy_return_one(x)
[12:09:50.247] [INFO] [run] subject=15, session=1, speed=7, trial=7, x__rid_x=df15ab56b37af987: dummy_return_one(x)
[12:09:50.251] [INFO] [run] subject=15, session=1, speed=8, trial=1, x__rid_x=a8cc262cafbdf13a: dummy_return_one(x)
[12:09:50.252] [INFO] [run] subject=15, session=1, speed=8, trial=2, x__rid_x=70d708666652be44: dummy_return_one(x)
[12:09:50.252] [INFO] [run] subject=15, session=1, speed=8, trial=3, x__rid_x=bed01f03d128546c: dummy_return_one(x)
[12:09:50.257] [INFO] [run] subject=15, session=1, speed=8, trial=4, x__rid_x=82104fed9fd2a2ce: dummy_return_one(x)
[12:09:50.258] [INFO] [run] subject=15, session=1, speed=8, trial=5, x__rid_x=d0abf0c8dda5fb2a: dummy_return_one(x)
[12:09:50.262] [INFO] [run] subject=15, session=1, speed=8, trial=6, x__rid_x=a2600427349e3a72: dummy_return_one(x)
[12:09:50.263] [INFO] [run] subject=15, session=1, speed=8, trial=7, x__rid_x=1ac48004ece376a7: dummy_return_one(x)
[12:09:50.264] [INFO] [run] subject=15, session=1, speed=9, trial=1, x__rid_x=e81b5d823fc93628: dummy_return_one(x)
[12:09:50.268] [INFO] [run] subject=15, session=1, speed=9, trial=2, x__rid_x=bac825343f7cb050: dummy_return_one(x)
[12:09:50.269] [INFO] [run] subject=15, session=1, speed=9, trial=3, x__rid_x=ca3c2905595aa37b: dummy_return_one(x)
[12:09:50.269] [INFO] [run] subject=15, session=1, speed=9, trial=4, x__rid_x=e405a74623832049: dummy_return_one(x)
[12:09:50.274] [INFO] [run] subject=15, session=1, speed=9, trial=5, x__rid_x=358124cd127dfc56: dummy_return_one(x)
[12:09:50.274] [INFO] [run] subject=15, session=1, speed=9, trial=6, x__rid_x=d9453a9e6c3b39f4: dummy_return_one(x)
[12:09:50.275] [INFO] [run] subject=15, session=1, speed=9, trial=7, x__rid_x=84334293c66ded05: dummy_return_one(x)
[12:09:50.279] [INFO] [run] subject=15, session=2, speed=1, trial=1, x__rid_x=b33f7f7564f35bab: dummy_return_one(x)
[12:09:50.281] [INFO] [run] subject=15, session=2, speed=1, trial=2, x__rid_x=0e702111834c380d: dummy_return_one(x)
[12:09:50.285] [INFO] [run] subject=15, session=2, speed=1, trial=3, x__rid_x=6f5fbf7bbc840ff9: dummy_return_one(x)
[12:09:50.286] [INFO] [run] subject=15, session=2, speed=1, trial=4, x__rid_x=1a56892c10a99adc: dummy_return_one(x)
[12:09:50.287] [INFO] [run] subject=15, session=2, speed=1, trial=5, x__rid_x=7e429204f1b6e480: dummy_return_one(x)
[12:09:50.291] [INFO] [run] subject=15, session=2, speed=1, trial=6, x__rid_x=3bee10c3117ff23b: dummy_return_one(x)
[12:09:50.292] [INFO] [run] subject=15, session=2, speed=1, trial=7, x__rid_x=d09eb5db51e8b8c0: dummy_return_one(x)
[12:09:50.292] [INFO] [run] subject=15, session=2, speed=10, trial=1, x__rid_x=1dd94d961a29ec8c: dummy_return_one(x)
[12:09:50.297] [INFO] [run] subject=15, session=2, speed=10, trial=2, x__rid_x=8ffdcec87d8360a7: dummy_return_one(x)
[12:09:50.298] [INFO] [run] subject=15, session=2, speed=10, trial=3, x__rid_x=145d0252f54a5f6c: dummy_return_one(x)
[12:09:50.302] [INFO] [run] subject=15, session=2, speed=10, trial=4, x__rid_x=b597f3d9cf409ff7: dummy_return_one(x)
[12:09:50.303] [INFO] [run] subject=15, session=2, speed=10, trial=5, x__rid_x=79968c70db3db47b: dummy_return_one(x)
[12:09:50.304] [INFO] [run] subject=15, session=2, speed=10, trial=6, x__rid_x=8c53bf87c046b1f6: dummy_return_one(x)
[12:09:50.308] [INFO] [run] subject=15, session=2, speed=10, trial=7, x__rid_x=4780395f92d29df7: dummy_return_one(x)
[12:09:50.309] [INFO] [run] subject=15, session=2, speed=2, trial=1, x__rid_x=3aae224cd84afc3f: dummy_return_one(x)
[12:09:50.309] [INFO] [run] subject=15, session=2, speed=2, trial=2, x__rid_x=562f3e72125d9f2e: dummy_return_one(x)
[12:09:50.314] [INFO] [run] subject=15, session=2, speed=2, trial=3, x__rid_x=6d9213dfe5b8773c: dummy_return_one(x)
[12:09:50.315] [INFO] [run] subject=15, session=2, speed=2, trial=4, x__rid_x=e99fa2267b840f55: dummy_return_one(x)
[12:09:50.320] [INFO] [run] subject=15, session=2, speed=2, trial=5, x__rid_x=c159ab79ede4ec96: dummy_return_one(x)
[12:09:50.321] [INFO] [run] subject=15, session=2, speed=2, trial=6, x__rid_x=c3a5be292d9f32f6: dummy_return_one(x)
[12:09:50.321] [INFO] [run] subject=15, session=2, speed=2, trial=7, x__rid_x=90d123561ef8b47d: dummy_return_one(x)
[12:09:50.326] [INFO] [run] subject=15, session=2, speed=3, trial=1, x__rid_x=b93cd58c52c5c9e0: dummy_return_one(x)
[12:09:50.327] [INFO] [run] subject=15, session=2, speed=3, trial=2, x__rid_x=90d40336759480ba: dummy_return_one(x)
[12:09:50.327] [INFO] [run] subject=15, session=2, speed=3, trial=3, x__rid_x=109da1dfb0acde06: dummy_return_one(x)
[12:09:50.331] [INFO] [run] subject=15, session=2, speed=3, trial=4, x__rid_x=c732f0c209b8ee64: dummy_return_one(x)
[12:09:50.333] [INFO] [run] subject=15, session=2, speed=3, trial=5, x__rid_x=fff009fa17e3f1fb: dummy_return_one(x)
[12:09:50.333] [INFO] [run] subject=15, session=2, speed=3, trial=6, x__rid_x=bd357168d95301d0: dummy_return_one(x)
[12:09:50.337] [INFO] [run] subject=15, session=2, speed=3, trial=7, x__rid_x=88efe7a9a8f18e3b: dummy_return_one(x)
[12:09:50.338] [INFO] [run] subject=15, session=2, speed=4, trial=1, x__rid_x=29b1c5ea6396b70f: dummy_return_one(x)
[12:09:50.339] [INFO] [run] subject=15, session=2, speed=4, trial=2, x__rid_x=252d4791cc99d5f6: dummy_return_one(x)
[12:09:50.343] [INFO] [run] subject=15, session=2, speed=4, trial=3, x__rid_x=728a4acbe378ccfb: dummy_return_one(x)
[12:09:50.344] [INFO] [run] subject=15, session=2, speed=4, trial=4, x__rid_x=e9c6c9d10fcd888a: dummy_return_one(x)
[12:09:50.344] [INFO] [run] subject=15, session=2, speed=4, trial=5, x__rid_x=c88bc4e0b91a2e22: dummy_return_one(x)
[12:09:50.349] [INFO] [run] subject=15, session=2, speed=4, trial=6, x__rid_x=c7f889f0db3c61ed: dummy_return_one(x)
[12:09:50.350] [INFO] [run] subject=15, session=2, speed=4, trial=7, x__rid_x=d53f535947d99368: dummy_return_one(x)
[12:09:50.355] [INFO] [run] subject=15, session=2, speed=5, trial=1, x__rid_x=50b7701ceb5dd7e6: dummy_return_one(x)
[12:09:50.356] [INFO] [run] subject=15, session=2, speed=5, trial=2, x__rid_x=59e37ce407b4ee2f: dummy_return_one(x)
[12:09:50.357] [INFO] [run] subject=15, session=2, speed=5, trial=3, x__rid_x=d677884213882b5b: dummy_return_one(x)
[12:09:50.361] [INFO] [run] subject=15, session=2, speed=5, trial=4, x__rid_x=55e95fb8c1623c0e: dummy_return_one(x)
[12:09:50.361] [INFO] [run] subject=15, session=2, speed=5, trial=5, x__rid_x=1d3add57d00320d5: dummy_return_one(x)
[12:09:50.362] [INFO] [run] subject=15, session=2, speed=5, trial=6, x__rid_x=71a9b6d6b8ff4064: dummy_return_one(x)
[12:09:50.367] [INFO] [run] subject=15, session=2, speed=5, trial=7, x__rid_x=918dc8d8f2df81ae: dummy_return_one(x)
[12:09:50.368] [INFO] [run] subject=15, session=2, speed=6, trial=1, x__rid_x=e2af5321fa2e3d1a: dummy_return_one(x)
[12:09:50.372] [INFO] [run] subject=15, session=2, speed=6, trial=2, x__rid_x=3851a79d78600dfb: dummy_return_one(x)
[12:09:50.373] [INFO] [run] subject=15, session=2, speed=6, trial=3, x__rid_x=2867feac669f74b3: dummy_return_one(x)
[12:09:50.374] [INFO] [run] subject=15, session=2, speed=6, trial=4, x__rid_x=d61128c640048a14: dummy_return_one(x)
[12:09:50.378] [INFO] [run] subject=15, session=2, speed=6, trial=5, x__rid_x=faec6200b54f58bb: dummy_return_one(x)
[12:09:50.379] [INFO] [run] subject=15, session=2, speed=6, trial=6, x__rid_x=210c431931327210: dummy_return_one(x)
[12:09:50.379] [INFO] [run] subject=15, session=2, speed=6, trial=7, x__rid_x=6fb93d65f2f2fe0b: dummy_return_one(x)
[12:09:50.384] [INFO] [run] subject=15, session=2, speed=7, trial=1, x__rid_x=41255e530b3438ca: dummy_return_one(x)
[12:09:50.385] [INFO] [run] subject=15, session=2, speed=7, trial=2, x__rid_x=00ff401702067a20: dummy_return_one(x)
[12:09:50.390] [INFO] [run] subject=15, session=2, speed=7, trial=3, x__rid_x=6c16cbbd08fa3a12: dummy_return_one(x)
[12:09:50.391] [INFO] [run] subject=15, session=2, speed=7, trial=4, x__rid_x=fc6dd79719b06b1b: dummy_return_one(x)
[12:09:50.391] [INFO] [run] subject=15, session=2, speed=7, trial=5, x__rid_x=93497cd95dcdde86: dummy_return_one(x)
[12:09:50.396] [INFO] [run] subject=15, session=2, speed=7, trial=6, x__rid_x=f0d9c416964854f5: dummy_return_one(x)
[12:09:50.397] [INFO] [run] subject=15, session=2, speed=7, trial=7, x__rid_x=3dfddabe8251794d: dummy_return_one(x)
[12:09:50.398] [INFO] [run] subject=15, session=2, speed=8, trial=1, x__rid_x=b379bf6a7027aace: dummy_return_one(x)
[12:09:50.402] [INFO] [run] subject=15, session=2, speed=8, trial=2, x__rid_x=0ac311e149cd16e6: dummy_return_one(x)
[12:09:50.402] [INFO] [run] subject=15, session=2, speed=8, trial=3, x__rid_x=fc78200958b5af75: dummy_return_one(x)
[12:09:50.403] [INFO] [run] subject=15, session=2, speed=8, trial=4, x__rid_x=f6155fd2791e47ca: dummy_return_one(x)
[12:09:50.408] [INFO] [run] subject=15, session=2, speed=8, trial=5, x__rid_x=1a0a94e0328508d4: dummy_return_one(x)
[12:09:50.409] [INFO] [run] subject=15, session=2, speed=8, trial=6, x__rid_x=90a35e85110ac366: dummy_return_one(x)
[12:09:50.413] [INFO] [run] subject=15, session=2, speed=8, trial=7, x__rid_x=5264324908c559a9: dummy_return_one(x)
[12:09:50.415] [INFO] [run] subject=15, session=2, speed=9, trial=1, x__rid_x=5c268ec08656f54c: dummy_return_one(x)
[12:09:50.419] [INFO] [run] subject=15, session=2, speed=9, trial=2, x__rid_x=bf7ad5251b361862: dummy_return_one(x)
[12:09:50.420] [INFO] [run] subject=15, session=2, speed=9, trial=3, x__rid_x=5100d0ff1afdcdd1: dummy_return_one(x)
[12:09:50.421] [INFO] [run] subject=15, session=2, speed=9, trial=4, x__rid_x=75ff9bc162b9ca41: dummy_return_one(x)
[12:09:50.425] [INFO] [run] subject=15, session=2, speed=9, trial=5, x__rid_x=d687d362aa6de21f: dummy_return_one(x)
[12:09:50.426] [INFO] [run] subject=15, session=2, speed=9, trial=6, x__rid_x=fc7bfe5d33f14b37: dummy_return_one(x)
[12:09:50.426] [INFO] [run] subject=15, session=2, speed=9, trial=7, x__rid_x=d5dd9124640410ad: dummy_return_one(x)
[12:09:50.431] [INFO] [run] subject=15, session=3, speed=1, trial=1, x__rid_x=22b7ba60a6fbeb5a: dummy_return_one(x)
[12:09:50.432] [INFO] [run] subject=15, session=3, speed=1, trial=2, x__rid_x=820ee244e7c5db66: dummy_return_one(x)
[12:09:50.437] [INFO] [run] subject=15, session=3, speed=1, trial=3, x__rid_x=5189553606ff3afe: dummy_return_one(x)
[12:09:50.437] [INFO] [run] subject=15, session=3, speed=1, trial=4, x__rid_x=952fed3a2d07fb5b: dummy_return_one(x)
[12:09:50.438] [INFO] [run] subject=15, session=3, speed=1, trial=5, x__rid_x=1162dc6887e29c81: dummy_return_one(x)
[12:09:50.442] [INFO] [run] subject=15, session=3, speed=1, trial=6, x__rid_x=3164e42e0492ba8f: dummy_return_one(x)
[12:09:50.443] [INFO] [run] subject=15, session=3, speed=1, trial=7, x__rid_x=61ba8a4523e9c43f: dummy_return_one(x)
[12:09:50.444] [INFO] [run] subject=15, session=3, speed=10, trial=1, x__rid_x=0cca54a71977769e: dummy_return_one(x)
[12:09:50.448] [INFO] [run] subject=15, session=3, speed=10, trial=2, x__rid_x=e45093f2622db715: dummy_return_one(x)
[12:09:50.449] [INFO] [run] subject=15, session=3, speed=10, trial=3, x__rid_x=c40db72cd8b754a4: dummy_return_one(x)
[12:09:50.450] [INFO] [run] subject=15, session=3, speed=10, trial=4, x__rid_x=ac30a9f86e93f21b: dummy_return_one(x)
[12:09:50.454] [INFO] [run] subject=15, session=3, speed=10, trial=5, x__rid_x=c843873d9d7f1c0f: dummy_return_one(x)
[12:09:50.455] [INFO] [run] subject=15, session=3, speed=10, trial=6, x__rid_x=d1d024eb2bf2650f: dummy_return_one(x)
[12:09:50.456] [INFO] [run] subject=15, session=3, speed=10, trial=7, x__rid_x=c90c5731b93bc82c: dummy_return_one(x)
[12:09:50.460] [INFO] [run] subject=15, session=3, speed=2, trial=1, x__rid_x=d44f77a385a5c7dc: dummy_return_one(x)
[12:09:50.461] [INFO] [run] subject=15, session=3, speed=2, trial=2, x__rid_x=3fbfd6cf3b20260e: dummy_return_one(x)
[12:09:50.461] [INFO] [run] subject=15, session=3, speed=2, trial=3, x__rid_x=875c090a58a2174b: dummy_return_one(x)
[12:09:50.466] [INFO] [run] subject=15, session=3, speed=2, trial=4, x__rid_x=dda3cb722c6664ca: dummy_return_one(x)
[12:09:50.467] [INFO] [run] subject=15, session=3, speed=2, trial=5, x__rid_x=c0780e161dd8a2c0: dummy_return_one(x)
[12:09:50.472] [INFO] [run] subject=15, session=3, speed=2, trial=6, x__rid_x=f0c6204df86c3fde: dummy_return_one(x)
[12:09:50.473] [INFO] [run] subject=15, session=3, speed=2, trial=7, x__rid_x=8f3e844eb4d67587: dummy_return_one(x)
[12:09:50.473] [INFO] [run] subject=15, session=3, speed=3, trial=1, x__rid_x=2e30d205c02b9dc0: dummy_return_one(x)
[12:09:50.478] [INFO] [run] subject=15, session=3, speed=3, trial=2, x__rid_x=3b5cb8403d10efdf: dummy_return_one(x)
[12:09:50.478] [INFO] [run] subject=15, session=3, speed=3, trial=3, x__rid_x=9b3218c73fe1aa78: dummy_return_one(x)
[12:09:50.479] [INFO] [run] subject=15, session=3, speed=3, trial=4, x__rid_x=b72d585cf9585ab8: dummy_return_one(x)
[12:09:50.484] [INFO] [run] subject=15, session=3, speed=3, trial=5, x__rid_x=9e33804e2faedeb8: dummy_return_one(x)
[12:09:50.485] [INFO] [run] subject=15, session=3, speed=3, trial=6, x__rid_x=4aa221392bfee2e2: dummy_return_one(x)
[12:09:50.485] [INFO] [run] subject=15, session=3, speed=3, trial=7, x__rid_x=2df96e31a83198dd: dummy_return_one(x)
[12:09:50.490] [INFO] [run] subject=15, session=3, speed=4, trial=1, x__rid_x=23c7978330cf8f89: dummy_return_one(x)
[12:09:50.491] [INFO] [run] subject=15, session=3, speed=4, trial=2, x__rid_x=15dae23ea7dad8df: dummy_return_one(x)
[12:09:50.491] [INFO] [run] subject=15, session=3, speed=4, trial=3, x__rid_x=04eadbe64c9a8ee0: dummy_return_one(x)
[12:09:50.496] [INFO] [run] subject=15, session=3, speed=4, trial=4, x__rid_x=cb7e3edb65439ae0: dummy_return_one(x)
[12:09:50.496] [INFO] [run] subject=15, session=3, speed=4, trial=5, x__rid_x=cc825255898dd4c2: dummy_return_one(x)
[12:09:50.497] [INFO] [run] subject=15, session=3, speed=4, trial=6, x__rid_x=a5ac3e7f7dc148c5: dummy_return_one(x)
[12:09:50.502] [INFO] [run] subject=15, session=3, speed=4, trial=7, x__rid_x=70e8ac9e2a2b1185: dummy_return_one(x)
[12:09:50.502] [INFO] [run] subject=15, session=3, speed=5, trial=1, x__rid_x=c21cc0176434c650: dummy_return_one(x)
[12:09:50.503] [INFO] [run] subject=15, session=3, speed=5, trial=2, x__rid_x=f7bffb75e085a569: dummy_return_one(x)
[12:09:50.507] [INFO] [run] subject=15, session=3, speed=5, trial=3, x__rid_x=e78ef6e954303eb4: dummy_return_one(x)
[12:09:50.508] [INFO] [run] subject=15, session=3, speed=5, trial=4, x__rid_x=015e80b6230e9770: dummy_return_one(x)
[12:09:50.509] [INFO] [run] subject=15, session=3, speed=5, trial=5, x__rid_x=4844a68b9c373bab: dummy_return_one(x)
[12:09:50.513] [INFO] [run] subject=15, session=3, speed=5, trial=6, x__rid_x=be17cbe3ebc7fccc: dummy_return_one(x)
[12:09:50.514] [INFO] [run] subject=15, session=3, speed=5, trial=7, x__rid_x=7fc28d32c400a41c: dummy_return_one(x)
[12:09:50.515] [INFO] [run] subject=15, session=3, speed=6, trial=1, x__rid_x=82ca7779999c3e35: dummy_return_one(x)
[12:09:50.519] [INFO] [run] subject=15, session=3, speed=6, trial=2, x__rid_x=56b83d193911ce7a: dummy_return_one(x)
[12:09:50.520] [INFO] [run] subject=15, session=3, speed=6, trial=3, x__rid_x=9ecfed4b65a11866: dummy_return_one(x)
[12:09:50.521] [INFO] [run] subject=15, session=3, speed=6, trial=4, x__rid_x=43045c7f6a9140ed: dummy_return_one(x)
[12:09:50.525] [INFO] [run] subject=15, session=3, speed=6, trial=5, x__rid_x=dd795ca2f7a858a2: dummy_return_one(x)
[12:09:50.526] [INFO] [run] subject=15, session=3, speed=6, trial=6, x__rid_x=34e88fd0da717f24: dummy_return_one(x)
[12:09:50.526] [INFO] [run] subject=15, session=3, speed=6, trial=7, x__rid_x=d34d349a7b6f3b4d: dummy_return_one(x)
[12:09:50.531] [INFO] [run] subject=15, session=3, speed=7, trial=1, x__rid_x=e5fbdd04702217b3: dummy_return_one(x)
[12:09:50.532] [INFO] [run] subject=15, session=3, speed=7, trial=2, x__rid_x=9581d5e790d3b9c6: dummy_return_one(x)
[12:09:50.537] [INFO] [run] subject=15, session=3, speed=7, trial=3, x__rid_x=95553a4cb641fc4c: dummy_return_one(x)
[12:09:50.538] [INFO] [run] subject=15, session=3, speed=7, trial=4, x__rid_x=e91ccc660788aba2: dummy_return_one(x)
[12:09:50.538] [INFO] [run] subject=15, session=3, speed=7, trial=5, x__rid_x=42f9dcd9a4b93567: dummy_return_one(x)
[12:09:50.543] [INFO] [run] subject=15, session=3, speed=7, trial=6, x__rid_x=14be21c12b3b5d50: dummy_return_one(x)
[12:09:50.543] [INFO] [run] subject=15, session=3, speed=7, trial=7, x__rid_x=253f1a56cb518ee3: dummy_return_one(x)
[12:09:50.544] [INFO] [run] subject=15, session=3, speed=8, trial=1, x__rid_x=f84fa5b2a0b91f8a: dummy_return_one(x)
[12:09:50.549] [INFO] [run] subject=15, session=3, speed=8, trial=2, x__rid_x=8cd5307de02bcd64: dummy_return_one(x)
[12:09:50.550] [INFO] [run] subject=15, session=3, speed=8, trial=3, x__rid_x=229690c3d02ad8fe: dummy_return_one(x)
[12:09:50.555] [INFO] [run] subject=15, session=3, speed=8, trial=4, x__rid_x=d98ef66e40cb9b98: dummy_return_one(x)
[12:09:50.555] [INFO] [run] subject=15, session=3, speed=8, trial=5, x__rid_x=b217cdef873f8875: dummy_return_one(x)
[12:09:50.556] [INFO] [run] subject=15, session=3, speed=8, trial=6, x__rid_x=a40a2bc11072ff24: dummy_return_one(x)
[12:09:50.561] [INFO] [run] subject=15, session=3, speed=8, trial=7, x__rid_x=6ea858ff3f2d994a: dummy_return_one(x)
[12:09:50.561] [INFO] [run] subject=15, session=3, speed=9, trial=1, x__rid_x=4c52490ae16c43a1: dummy_return_one(x)
[12:09:50.562] [INFO] [run] subject=15, session=3, speed=9, trial=2, x__rid_x=6737df33921bb930: dummy_return_one(x)
[12:09:50.567] [INFO] [run] subject=15, session=3, speed=9, trial=3, x__rid_x=fb4744510809e18a: dummy_return_one(x)
[12:09:50.568] [INFO] [run] subject=15, session=3, speed=9, trial=4, x__rid_x=9bfbe845c89ffc9c: dummy_return_one(x)
[12:09:50.569] [INFO] [run] subject=15, session=3, speed=9, trial=5, x__rid_x=10b35692c22474b5: dummy_return_one(x)
[12:09:50.573] [INFO] [run] subject=15, session=3, speed=9, trial=6, x__rid_x=816f07614ab4b73c: dummy_return_one(x)
[12:09:50.574] [INFO] [run] subject=15, session=3, speed=9, trial=7, x__rid_x=54b938abf99ba180: dummy_return_one(x)
[12:09:50.574] [INFO] [run] subject=15, session=4, speed=1, trial=1, x__rid_x=6aa00f362f9b631d: dummy_return_one(x)
[12:09:50.579] [INFO] [run] subject=15, session=4, speed=1, trial=2, x__rid_x=e73c15af77dcf3f8: dummy_return_one(x)
[12:09:50.579] [INFO] [run] subject=15, session=4, speed=1, trial=3, x__rid_x=eabf90edbdb12328: dummy_return_one(x)
[12:09:50.580] [INFO] [run] subject=15, session=4, speed=1, trial=4, x__rid_x=4e35ee4397cbb749: dummy_return_one(x)
[12:09:50.585] [INFO] [run] subject=15, session=4, speed=1, trial=5, x__rid_x=8703f1cc551854f4: dummy_return_one(x)
[12:09:50.585] [INFO] [run] subject=15, session=4, speed=1, trial=6, x__rid_x=6957c04b880647ec: dummy_return_one(x)
[12:09:50.586] [INFO] [run] subject=15, session=4, speed=1, trial=7, x__rid_x=84a850e62e4b817b: dummy_return_one(x)
[12:09:50.590] [INFO] [run] subject=15, session=4, speed=10, trial=1, x__rid_x=e521b19554cd7a64: dummy_return_one(x)
[12:09:50.591] [INFO] [run] subject=15, session=4, speed=10, trial=2, x__rid_x=f13cda8941edbb10: dummy_return_one(x)
[12:09:50.592] [INFO] [run] subject=15, session=4, speed=10, trial=3, x__rid_x=32eb18eee1bf4d83: dummy_return_one(x)
[12:09:50.596] [INFO] [run] subject=15, session=4, speed=10, trial=4, x__rid_x=9cae318deddc6f20: dummy_return_one(x)
[12:09:50.598] [INFO] [run] subject=15, session=4, speed=10, trial=5, x__rid_x=0a361973b246c667: dummy_return_one(x)
[12:09:50.602] [INFO] [run] subject=15, session=4, speed=10, trial=6, x__rid_x=0692bf695c3a8f06: dummy_return_one(x)
[12:09:50.603] [INFO] [run] subject=15, session=4, speed=10, trial=7, x__rid_x=3986e309571e55f4: dummy_return_one(x)
[12:09:50.604] [INFO] [run] subject=15, session=4, speed=2, trial=1, x__rid_x=ab59267092e7cc61: dummy_return_one(x)
[12:09:50.608] [INFO] [run] subject=15, session=4, speed=2, trial=2, x__rid_x=22e4111bdadbf75d: dummy_return_one(x)
[12:09:50.609] [INFO] [run] subject=15, session=4, speed=2, trial=3, x__rid_x=f3106ee412fcf167: dummy_return_one(x)
[12:09:50.610] [INFO] [run] subject=15, session=4, speed=2, trial=4, x__rid_x=981c59c443111f99: dummy_return_one(x)
[12:09:50.614] [INFO] [run] subject=15, session=4, speed=2, trial=5, x__rid_x=3d543857eb4d5597: dummy_return_one(x)
[12:09:50.616] [INFO] [run] subject=15, session=4, speed=2, trial=6, x__rid_x=fe7242887135a9d5: dummy_return_one(x)
[12:09:50.620] [INFO] [run] subject=15, session=4, speed=2, trial=7, x__rid_x=ccb864bcd72d7c86: dummy_return_one(x)
[12:09:50.621] [INFO] [run] subject=15, session=4, speed=3, trial=1, x__rid_x=3fee24e9bfa12bb0: dummy_return_one(x)
[12:09:50.622] [INFO] [run] subject=15, session=4, speed=3, trial=2, x__rid_x=e545d76d0008aaa1: dummy_return_one(x)
[12:09:50.626] [INFO] [run] subject=15, session=4, speed=3, trial=3, x__rid_x=bea54f0ee3c3ec6a: dummy_return_one(x)
[12:09:50.627] [INFO] [run] subject=15, session=4, speed=3, trial=4, x__rid_x=713d1d5372404e3b: dummy_return_one(x)
[12:09:50.627] [INFO] [run] subject=15, session=4, speed=3, trial=5, x__rid_x=7ab9807134280cd4: dummy_return_one(x)
[12:09:50.632] [INFO] [run] subject=15, session=4, speed=3, trial=6, x__rid_x=3368a862073c0f7c: dummy_return_one(x)
[12:09:50.633] [INFO] [run] subject=15, session=4, speed=3, trial=7, x__rid_x=03ece623ba3f82b1: dummy_return_one(x)
[12:09:50.634] [INFO] [run] subject=15, session=4, speed=4, trial=1, x__rid_x=43f3d53212f5bfbd: dummy_return_one(x)
[12:09:50.638] [INFO] [run] subject=15, session=4, speed=4, trial=2, x__rid_x=6dd4b2f54838627f: dummy_return_one(x)
[12:09:50.639] [INFO] [run] subject=15, session=4, speed=4, trial=3, x__rid_x=76d60c3ea70a76fb: dummy_return_one(x)
[12:09:50.640] [INFO] [run] subject=15, session=4, speed=4, trial=4, x__rid_x=41a26d7844005b6c: dummy_return_one(x)
[12:09:50.645] [INFO] [run] subject=15, session=4, speed=4, trial=5, x__rid_x=0dcb1cab702d6620: dummy_return_one(x)
[12:09:50.645] [INFO] [run] subject=15, session=4, speed=4, trial=6, x__rid_x=72a28a3dd1ec0957: dummy_return_one(x)
[12:09:50.646] [INFO] [run] subject=15, session=4, speed=4, trial=7, x__rid_x=5c5e68ab48b6d429: dummy_return_one(x)
[12:09:50.651] [INFO] [run] subject=15, session=4, speed=5, trial=1, x__rid_x=a0e978b9b076d7a0: dummy_return_one(x)
[12:09:50.652] [INFO] [run] subject=15, session=4, speed=5, trial=2, x__rid_x=3dda63c3a039d863: dummy_return_one(x)
[12:09:50.652] [INFO] [run] subject=15, session=4, speed=5, trial=3, x__rid_x=cb8ed5222e6fbe91: dummy_return_one(x)
[12:09:50.657] [INFO] [run] subject=15, session=4, speed=5, trial=4, x__rid_x=eee682d6255da57e: dummy_return_one(x)
[12:09:50.657] [INFO] [run] subject=15, session=4, speed=5, trial=5, x__rid_x=1f73b12dd4c70839: dummy_return_one(x)
[12:09:50.658] [INFO] [run] subject=15, session=4, speed=5, trial=6, x__rid_x=5b3a7551249445f2: dummy_return_one(x)
[12:09:50.663] [INFO] [run] subject=15, session=4, speed=5, trial=7, x__rid_x=3d51cb115a48edf5: dummy_return_one(x)
[12:09:50.664] [INFO] [run] subject=15, session=4, speed=6, trial=1, x__rid_x=57c0b1afb84bce1c: dummy_return_one(x)
[12:09:50.664] [INFO] [run] subject=15, session=4, speed=6, trial=2, x__rid_x=628a21047607356e: dummy_return_one(x)
[12:09:50.669] [INFO] [run] subject=15, session=4, speed=6, trial=3, x__rid_x=e90aeab404c30421: dummy_return_one(x)
[12:09:50.669] [INFO] [run] subject=15, session=4, speed=6, trial=4, x__rid_x=afb5ae0d6e0c605d: dummy_return_one(x)
[12:09:50.670] [INFO] [run] subject=15, session=4, speed=6, trial=5, x__rid_x=9061f839068f2af3: dummy_return_one(x)
[12:09:50.675] [INFO] [run] subject=15, session=4, speed=6, trial=6, x__rid_x=1d1c05d4d2ae8f80: dummy_return_one(x)
[12:09:50.676] [INFO] [run] subject=15, session=4, speed=6, trial=7, x__rid_x=8fa3d62ff9aaec2a: dummy_return_one(x)
[12:09:50.676] [INFO] [run] subject=15, session=4, speed=7, trial=1, x__rid_x=71bb90133f750e4f: dummy_return_one(x)
[12:09:50.681] [INFO] [run] subject=15, session=4, speed=7, trial=2, x__rid_x=58baa02cb17b3392: dummy_return_one(x)
[12:09:50.682] [INFO] [run] subject=15, session=4, speed=7, trial=3, x__rid_x=7f2288dec2292d48: dummy_return_one(x)
[12:09:50.683] [INFO] [run] subject=15, session=4, speed=7, trial=4, x__rid_x=6a86489ad787b793: dummy_return_one(x)
[12:09:50.687] [INFO] [run] subject=15, session=4, speed=7, trial=5, x__rid_x=602aaba4ff4930cc: dummy_return_one(x)
[12:09:50.688] [INFO] [run] subject=15, session=4, speed=7, trial=6, x__rid_x=4f09b898d1765c82: dummy_return_one(x)
[12:09:50.689] [INFO] [run] subject=15, session=4, speed=7, trial=7, x__rid_x=0cb86e30f013df03: dummy_return_one(x)
[12:09:50.693] [INFO] [run] subject=15, session=4, speed=8, trial=1, x__rid_x=f4e0a869c083fb27: dummy_return_one(x)
[12:09:50.694] [INFO] [run] subject=15, session=4, speed=8, trial=2, x__rid_x=58d27ff54f6951c3: dummy_return_one(x)
[12:09:50.694] [INFO] [run] subject=15, session=4, speed=8, trial=3, x__rid_x=bbb78b9066b5a999: dummy_return_one(x)
[12:09:50.699] [INFO] [run] subject=15, session=4, speed=8, trial=4, x__rid_x=9fccc5cc5e0c3f09: dummy_return_one(x)
[12:09:50.700] [INFO] [run] subject=15, session=4, speed=8, trial=5, x__rid_x=fa42181ccc6a4fd4: dummy_return_one(x)
[12:09:50.701] [INFO] [run] subject=15, session=4, speed=8, trial=6, x__rid_x=0edae015aafc6416: dummy_return_one(x)
[12:09:50.705] [INFO] [run] subject=15, session=4, speed=8, trial=7, x__rid_x=6d1f476e2b96d810: dummy_return_one(x)
[12:09:50.706] [INFO] [run] subject=15, session=4, speed=9, trial=1, x__rid_x=7297ad4de5561d42: dummy_return_one(x)
[12:09:50.706] [INFO] [run] subject=15, session=4, speed=9, trial=2, x__rid_x=775e2b3cfd190ea7: dummy_return_one(x)
[12:09:50.711] [INFO] [run] subject=15, session=4, speed=9, trial=3, x__rid_x=d0c4d6920b7378fc: dummy_return_one(x)
[12:09:50.712] [INFO] [run] subject=15, session=4, speed=9, trial=4, x__rid_x=a167178eb27ff6da: dummy_return_one(x)
[12:09:50.712] [INFO] [run] subject=15, session=4, speed=9, trial=5, x__rid_x=bd0ea0c0fb0c7cd9: dummy_return_one(x)
[12:09:50.717] [INFO] [run] subject=15, session=4, speed=9, trial=6, x__rid_x=cbb385d14d9dd2ea: dummy_return_one(x)
[12:09:50.718] [INFO] [run] subject=15, session=4, speed=9, trial=7, x__rid_x=9eb2a9c6017e4254: dummy_return_one(x)
[12:09:50.719] [INFO] [run] subject=15, session=5, speed=1, trial=1, x__rid_x=d595284c1c4b7621: dummy_return_one(x)
[12:09:50.723] [INFO] [run] subject=15, session=5, speed=1, trial=2, x__rid_x=03c91b5a3339e453: dummy_return_one(x)
[12:09:50.724] [INFO] [run] subject=15, session=5, speed=1, trial=3, x__rid_x=0d64c19f69db977a: dummy_return_one(x)
[12:09:50.724] [INFO] [run] subject=15, session=5, speed=1, trial=4, x__rid_x=daed5249f2e8cff7: dummy_return_one(x)
[12:09:50.729] [INFO] [run] subject=15, session=5, speed=1, trial=5, x__rid_x=d831b423d7c60935: dummy_return_one(x)
[12:09:50.730] [INFO] [run] subject=15, session=5, speed=1, trial=6, x__rid_x=9dfd0c890e231500: dummy_return_one(x)
[12:09:50.731] [INFO] [run] subject=15, session=5, speed=1, trial=7, x__rid_x=d9b27722bff18ac3: dummy_return_one(x)
[12:09:50.736] [INFO] [run] subject=15, session=5, speed=10, trial=1, x__rid_x=fe46d339f1db47ee: dummy_return_one(x)
[12:09:50.736] [INFO] [run] subject=15, session=5, speed=10, trial=2, x__rid_x=808eee39a32edad2: dummy_return_one(x)
[12:09:50.737] [INFO] [run] subject=15, session=5, speed=10, trial=3, x__rid_x=d37452652e26aa7c: dummy_return_one(x)
[12:09:50.742] [INFO] [run] subject=15, session=5, speed=10, trial=4, x__rid_x=280ef4ad6f0005f1: dummy_return_one(x)
[12:09:50.742] [INFO] [run] subject=15, session=5, speed=10, trial=5, x__rid_x=eb203d713c3214cd: dummy_return_one(x)
[12:09:50.743] [INFO] [run] subject=15, session=5, speed=10, trial=6, x__rid_x=2d063fa0f29400b6: dummy_return_one(x)
[12:09:50.748] [INFO] [run] subject=15, session=5, speed=10, trial=7, x__rid_x=50aa9ecddb8f30b8: dummy_return_one(x)
[12:09:50.749] [INFO] [run] subject=15, session=5, speed=2, trial=1, x__rid_x=fa2fb6efffcab91a: dummy_return_one(x)
[12:09:50.754] [INFO] [run] subject=15, session=5, speed=2, trial=2, x__rid_x=458fe2214be68513: dummy_return_one(x)
[12:09:50.755] [INFO] [run] subject=15, session=5, speed=2, trial=3, x__rid_x=6d386de0dbf5cbba: dummy_return_one(x)
[12:09:50.755] [INFO] [run] subject=15, session=5, speed=2, trial=4, x__rid_x=1d7c13615432119e: dummy_return_one(x)
[12:09:50.760] [INFO] [run] subject=15, session=5, speed=2, trial=5, x__rid_x=92642f5ec2daa982: dummy_return_one(x)
[12:09:50.761] [INFO] [run] subject=15, session=5, speed=2, trial=6, x__rid_x=0498dfced388aad6: dummy_return_one(x)
[12:09:50.761] [INFO] [run] subject=15, session=5, speed=2, trial=7, x__rid_x=59a88797f7e1e3e4: dummy_return_one(x)
[12:09:50.766] [INFO] [run] subject=15, session=5, speed=3, trial=1, x__rid_x=af722fba8eb1e3dc: dummy_return_one(x)
[12:09:50.767] [INFO] [run] subject=15, session=5, speed=3, trial=2, x__rid_x=6b072670918c03af: dummy_return_one(x)
[12:09:50.772] [INFO] [run] subject=15, session=5, speed=3, trial=3, x__rid_x=6d78c47979580c37: dummy_return_one(x)
[12:09:50.773] [INFO] [run] subject=15, session=5, speed=3, trial=4, x__rid_x=edf41ebd9afe8f11: dummy_return_one(x)
[12:09:50.774] [INFO] [run] subject=15, session=5, speed=3, trial=5, x__rid_x=9ed0ebd7849b7c2a: dummy_return_one(x)
[12:09:50.778] [INFO] [run] subject=15, session=5, speed=3, trial=6, x__rid_x=7a16fcd02f55d708: dummy_return_one(x)
[12:09:50.779] [INFO] [run] subject=15, session=5, speed=3, trial=7, x__rid_x=8961646e8f04bb7d: dummy_return_one(x)
[12:09:50.779] [INFO] [run] subject=15, session=5, speed=4, trial=1, x__rid_x=3981c4acae1dd60c: dummy_return_one(x)
[12:09:50.784] [INFO] [run] subject=15, session=5, speed=4, trial=2, x__rid_x=03356c655758fa0f: dummy_return_one(x)
[12:09:50.785] [INFO] [run] subject=15, session=5, speed=4, trial=3, x__rid_x=e9f1fd771485cf6b: dummy_return_one(x)
[12:09:50.786] [INFO] [run] subject=15, session=5, speed=4, trial=4, x__rid_x=8403285c77e15103: dummy_return_one(x)
[12:09:50.790] [INFO] [run] subject=15, session=5, speed=4, trial=5, x__rid_x=a1f6432b673b6eb5: dummy_return_one(x)
[12:09:50.791] [INFO] [run] subject=15, session=5, speed=4, trial=6, x__rid_x=a7d865b520fc1a2f: dummy_return_one(x)
[12:09:50.791] [INFO] [run] subject=15, session=5, speed=4, trial=7, x__rid_x=fefd2f864b006121: dummy_return_one(x)
[12:09:50.796] [INFO] [run] subject=15, session=5, speed=5, trial=1, x__rid_x=9bd87ab5c0ce741c: dummy_return_one(x)
[12:09:50.797] [INFO] [run] subject=15, session=5, speed=5, trial=2, x__rid_x=1044851439109e0f: dummy_return_one(x)
[12:09:50.802] [INFO] [run] subject=15, session=5, speed=5, trial=3, x__rid_x=1b8ddd42d1b77509: dummy_return_one(x)
[12:09:50.803] [INFO] [run] subject=15, session=5, speed=5, trial=4, x__rid_x=c8afc7daa0a053c0: dummy_return_one(x)
[12:09:50.804] [INFO] [run] subject=15, session=5, speed=5, trial=5, x__rid_x=22215e891d21919e: dummy_return_one(x)
[12:09:50.808] [INFO] [run] subject=15, session=5, speed=5, trial=6, x__rid_x=5f02760acf589575: dummy_return_one(x)
[12:09:50.809] [INFO] [run] subject=15, session=5, speed=5, trial=7, x__rid_x=a5397240196be03c: dummy_return_one(x)
[12:09:50.810] [INFO] [run] subject=15, session=5, speed=6, trial=1, x__rid_x=7c27a886a1dea9b8: dummy_return_one(x)
[12:09:50.815] [INFO] [run] subject=15, session=5, speed=6, trial=2, x__rid_x=0275c19fe4540d47: dummy_return_one(x)
[12:09:50.816] [INFO] [run] subject=15, session=5, speed=6, trial=3, x__rid_x=46a86ce65db974c9: dummy_return_one(x)
[12:09:50.821] [INFO] [run] subject=15, session=5, speed=6, trial=4, x__rid_x=cb2cf57f31af0415: dummy_return_one(x)
[12:09:50.821] [INFO] [run] subject=15, session=5, speed=6, trial=5, x__rid_x=28e151bb38130792: dummy_return_one(x)
[12:09:50.822] [INFO] [run] subject=15, session=5, speed=6, trial=6, x__rid_x=7053113f691c9ed5: dummy_return_one(x)
[12:09:50.827] [INFO] [run] subject=15, session=5, speed=6, trial=7, x__rid_x=668bdc6678822b75: dummy_return_one(x)
[12:09:50.827] [INFO] [run] subject=15, session=5, speed=7, trial=1, x__rid_x=e073bc01f87409cd: dummy_return_one(x)
[12:09:50.828] [INFO] [run] subject=15, session=5, speed=7, trial=2, x__rid_x=8d6901a54afccbea: dummy_return_one(x)
[12:09:50.833] [INFO] [run] subject=15, session=5, speed=7, trial=3, x__rid_x=3e2cc64c922aac41: dummy_return_one(x)
[12:09:50.834] [INFO] [run] subject=15, session=5, speed=7, trial=4, x__rid_x=2cfaa71a7c6175a4: dummy_return_one(x)
[12:09:50.835] [INFO] [run] subject=15, session=5, speed=7, trial=5, x__rid_x=6d913208e4ad643b: dummy_return_one(x)
[12:09:50.839] [INFO] [run] subject=15, session=5, speed=7, trial=6, x__rid_x=ad670a1b86099c32: dummy_return_one(x)
[12:09:50.840] [INFO] [run] subject=15, session=5, speed=7, trial=7, x__rid_x=0f030be095243ac5: dummy_return_one(x)
[12:09:50.840] [INFO] [run] subject=15, session=5, speed=8, trial=1, x__rid_x=47f8a53f09f851da: dummy_return_one(x)
[12:09:50.845] [INFO] [run] subject=15, session=5, speed=8, trial=2, x__rid_x=fe65e945192d787f: dummy_return_one(x)
[12:09:50.846] [INFO] [run] subject=15, session=5, speed=8, trial=3, x__rid_x=7d55b552691d8e6d: dummy_return_one(x)
[12:09:50.847] [INFO] [run] subject=15, session=5, speed=8, trial=4, x__rid_x=9a07fed20b60eedd: dummy_return_one(x)
[12:09:50.851] [INFO] [run] subject=15, session=5, speed=8, trial=5, x__rid_x=cbac216f622d7b7f: dummy_return_one(x)
[12:09:50.852] [INFO] [run] subject=15, session=5, speed=8, trial=6, x__rid_x=213feb2c465850a4: dummy_return_one(x)
[12:09:50.853] [INFO] [run] subject=15, session=5, speed=8, trial=7, x__rid_x=b6f148e34c641cea: dummy_return_one(x)
[12:09:50.857] [INFO] [run] subject=15, session=5, speed=9, trial=1, x__rid_x=07c6fd331b9eb5c2: dummy_return_one(x)
[12:09:50.858] [INFO] [run] subject=15, session=5, speed=9, trial=2, x__rid_x=8c13f5e138c8213f: dummy_return_one(x)
[12:09:50.859] [INFO] [run] subject=15, session=5, speed=9, trial=3, x__rid_x=36d81eb065781cff: dummy_return_one(x)
[12:09:50.864] [INFO] [run] subject=15, session=5, speed=9, trial=4, x__rid_x=a83fbe36cd84d6b9: dummy_return_one(x)
[12:09:50.865] [INFO] [run] subject=15, session=5, speed=9, trial=5, x__rid_x=9aaa24bba5908895: dummy_return_one(x)
[12:09:50.870] [INFO] [run] subject=15, session=5, speed=9, trial=6, x__rid_x=6df6efc36d48ab95: dummy_return_one(x)
[12:09:50.871] [INFO] [run] subject=15, session=5, speed=9, trial=7, x__rid_x=0e8ed5638efa99b7: dummy_return_one(x)
[12:09:50.871] [INFO] [run] subject=16, session=1, speed=1, trial=1, x__rid_x=cf34a1f81706c5ba: dummy_return_one(x)
[12:09:50.876] [INFO] [run] subject=16, session=1, speed=1, trial=2, x__rid_x=40c4bca0032cdeb1: dummy_return_one(x)
[12:09:50.877] [INFO] [run] subject=16, session=1, speed=1, trial=3, x__rid_x=507fd9aed84623d5: dummy_return_one(x)
[12:09:50.877] [INFO] [run] subject=16, session=1, speed=1, trial=4, x__rid_x=20dc703566fe6a2c: dummy_return_one(x)
[12:09:50.882] [INFO] [run] subject=16, session=1, speed=1, trial=5, x__rid_x=1ae2e0995a067125: dummy_return_one(x)
[12:09:50.883] [INFO] [run] subject=16, session=1, speed=1, trial=6, x__rid_x=172eb52ae63e1679: dummy_return_one(x)
[12:09:50.888] [INFO] [run] subject=16, session=1, speed=1, trial=7, x__rid_x=9dac65ac89ea783c: dummy_return_one(x)
[12:09:50.889] [INFO] [run] subject=16, session=1, speed=10, trial=1, x__rid_x=f21e6df6b6d89b75: dummy_return_one(x)
[12:09:50.890] [INFO] [run] subject=16, session=1, speed=10, trial=2, x__rid_x=9fb371f0273fbbde: dummy_return_one(x)
[12:09:50.894] [INFO] [run] subject=16, session=1, speed=10, trial=3, x__rid_x=c6e09648dd5ca2b9: dummy_return_one(x)
[12:09:50.895] [INFO] [run] subject=16, session=1, speed=10, trial=4, x__rid_x=2ce96bc54faddd97: dummy_return_one(x)
[12:09:50.896] [INFO] [run] subject=16, session=1, speed=10, trial=5, x__rid_x=8bf4e970b36ff7fe: dummy_return_one(x)
[12:09:50.901] [INFO] [run] subject=16, session=1, speed=10, trial=6, x__rid_x=5d631c87591d4f61: dummy_return_one(x)
[12:09:50.902] [INFO] [run] subject=16, session=1, speed=10, trial=7, x__rid_x=fa6cf1513fcff354: dummy_return_one(x)
[12:09:50.902] [INFO] [run] subject=16, session=1, speed=2, trial=1, x__rid_x=32159fa06c9e1a1a: dummy_return_one(x)
[12:09:50.907] [INFO] [run] subject=16, session=1, speed=2, trial=2, x__rid_x=d6098453f480ba38: dummy_return_one(x)
[12:09:50.907] [INFO] [run] subject=16, session=1, speed=2, trial=3, x__rid_x=0d9a5f2b8887c7ee: dummy_return_one(x)
[12:09:50.908] [INFO] [run] subject=16, session=1, speed=2, trial=4, x__rid_x=da0a45661338c852: dummy_return_one(x)
[12:09:50.913] [INFO] [run] subject=16, session=1, speed=2, trial=5, x__rid_x=37ed6273ea2f1704: dummy_return_one(x)
[12:09:50.914] [INFO] [run] subject=16, session=1, speed=2, trial=6, x__rid_x=1d758c13b0c954ba: dummy_return_one(x)
[12:09:50.915] [INFO] [run] subject=16, session=1, speed=2, trial=7, x__rid_x=8ef65aea0fcc0a7f: dummy_return_one(x)
[12:09:50.919] [INFO] [run] subject=16, session=1, speed=3, trial=1, x__rid_x=355ba2c82e0dcd2f: dummy_return_one(x)
[12:09:50.920] [INFO] [run] subject=16, session=1, speed=3, trial=2, x__rid_x=1617d0f8ae28515c: dummy_return_one(x)
[12:09:50.921] [INFO] [run] subject=16, session=1, speed=3, trial=3, x__rid_x=ff4ac961df63ae55: dummy_return_one(x)
[12:09:50.925] [INFO] [run] subject=16, session=1, speed=3, trial=4, x__rid_x=ff3f92b6d4432b1a: dummy_return_one(x)
[12:09:50.926] [INFO] [run] subject=16, session=1, speed=3, trial=5, x__rid_x=a6a182ce14d885dc: dummy_return_one(x)
[12:09:50.927] [INFO] [run] subject=16, session=1, speed=3, trial=6, x__rid_x=3de9ce8e7805ef2b: dummy_return_one(x)
[12:09:50.932] [INFO] [run] subject=16, session=1, speed=3, trial=7, x__rid_x=4e294e2ad81872d9: dummy_return_one(x)
[12:09:50.933] [INFO] [run] subject=16, session=1, speed=4, trial=1, x__rid_x=5fc922eccc83f217: dummy_return_one(x)
[12:09:50.938] [INFO] [run] subject=16, session=1, speed=4, trial=2, x__rid_x=436f6fbf7ad9e391: dummy_return_one(x)
[12:09:50.938] [INFO] [run] subject=16, session=1, speed=4, trial=3, x__rid_x=181d1ad63e2ae965: dummy_return_one(x)
[12:09:50.939] [INFO] [run] subject=16, session=1, speed=4, trial=4, x__rid_x=8cba271bbff66731: dummy_return_one(x)
[12:09:50.944] [INFO] [run] subject=16, session=1, speed=4, trial=5, x__rid_x=23b017fdf11497ac: dummy_return_one(x)
[12:09:50.945] [INFO] [run] subject=16, session=1, speed=4, trial=6, x__rid_x=16460b47baf1d341: dummy_return_one(x)
[12:09:50.945] [INFO] [run] subject=16, session=1, speed=4, trial=7, x__rid_x=91c9d761573d239b: dummy_return_one(x)
[12:09:50.950] [INFO] [run] subject=16, session=1, speed=5, trial=1, x__rid_x=601b1d19d32be8d7: dummy_return_one(x)
[12:09:50.951] [INFO] [run] subject=16, session=1, speed=5, trial=2, x__rid_x=dbbe088ce90098a9: dummy_return_one(x)
[12:09:50.956] [INFO] [run] subject=16, session=1, speed=5, trial=3, x__rid_x=ee61509a4d7cf9ca: dummy_return_one(x)
[12:09:50.957] [INFO] [run] subject=16, session=1, speed=5, trial=4, x__rid_x=5ac8c73f5a97892d: dummy_return_one(x)
[12:09:50.958] [INFO] [run] subject=16, session=1, speed=5, trial=5, x__rid_x=a43012fe35475dca: dummy_return_one(x)
[12:09:50.963] [INFO] [run] subject=16, session=1, speed=5, trial=6, x__rid_x=5202ab81533f6f45: dummy_return_one(x)
[12:09:50.963] [INFO] [run] subject=16, session=1, speed=5, trial=7, x__rid_x=71c0726ec8836f3a: dummy_return_one(x)
[12:09:50.964] [INFO] [run] subject=16, session=1, speed=6, trial=1, x__rid_x=220d1bc530601d63: dummy_return_one(x)
[12:09:50.969] [INFO] [run] subject=16, session=1, speed=6, trial=2, x__rid_x=ff63034f24f64b38: dummy_return_one(x)
[12:09:50.970] [INFO] [run] subject=16, session=1, speed=6, trial=3, x__rid_x=43c8f5fe19616bd3: dummy_return_one(x)
[12:09:50.970] [INFO] [run] subject=16, session=1, speed=6, trial=4, x__rid_x=e9d14b4c0ef54033: dummy_return_one(x)
[12:09:50.975] [INFO] [run] subject=16, session=1, speed=6, trial=5, x__rid_x=5b5f1bedd7163875: dummy_return_one(x)
[12:09:50.976] [INFO] [run] subject=16, session=1, speed=6, trial=6, x__rid_x=e9f4c1d7d3cb7c32: dummy_return_one(x)
[12:09:50.976] [INFO] [run] subject=16, session=1, speed=6, trial=7, x__rid_x=d9d863b5ed2052b1: dummy_return_one(x)
[12:09:50.981] [INFO] [run] subject=16, session=1, speed=7, trial=1, x__rid_x=9db73cf5e0fcdf8f: dummy_return_one(x)
[12:09:50.982] [INFO] [run] subject=16, session=1, speed=7, trial=2, x__rid_x=31dc60023bcd07a9: dummy_return_one(x)
[12:09:50.983] [INFO] [run] subject=16, session=1, speed=7, trial=3, x__rid_x=f15b819570d1d830: dummy_return_one(x)
[12:09:50.988] [INFO] [run] subject=16, session=1, speed=7, trial=4, x__rid_x=be0927aa095ba37e: dummy_return_one(x)
[12:09:50.988] [INFO] [run] subject=16, session=1, speed=7, trial=5, x__rid_x=e377ae85e68a4c46: dummy_return_one(x)
[12:09:50.989] [INFO] [run] subject=16, session=1, speed=7, trial=6, x__rid_x=9c187b72de27478e: dummy_return_one(x)
[12:09:50.994] [INFO] [run] subject=16, session=1, speed=7, trial=7, x__rid_x=c787afe4ade88ccf: dummy_return_one(x)
[12:09:50.994] [INFO] [run] subject=16, session=1, speed=8, trial=1, x__rid_x=08ae433d6ddb2ab7: dummy_return_one(x)
[12:09:50.995] [INFO] [run] subject=16, session=1, speed=8, trial=2, x__rid_x=fbc4483ce88ec9c0: dummy_return_one(x)
[12:09:51.000] [INFO] [run] subject=16, session=1, speed=8, trial=3, x__rid_x=3384410982ed1b91: dummy_return_one(x)
[12:09:51.001] [INFO] [run] subject=16, session=1, speed=8, trial=4, x__rid_x=e983ea79c6bf47f3: dummy_return_one(x)
[12:09:51.002] [INFO] [run] subject=16, session=1, speed=8, trial=5, x__rid_x=da0b34d6543e2112: dummy_return_one(x)
[12:09:51.006] [INFO] [run] subject=16, session=1, speed=8, trial=6, x__rid_x=a5577566553de9ac: dummy_return_one(x)
[12:09:51.007] [INFO] [run] subject=16, session=1, speed=8, trial=7, x__rid_x=766d152625588ed3: dummy_return_one(x)
[12:09:51.008] [INFO] [run] subject=16, session=1, speed=9, trial=1, x__rid_x=615c5961f868c678: dummy_return_one(x)
[12:09:51.012] [INFO] [run] subject=16, session=1, speed=9, trial=2, x__rid_x=88a55de87249ca86: dummy_return_one(x)
[12:09:51.013] [INFO] [run] subject=16, session=1, speed=9, trial=3, x__rid_x=469aada5abf4b0ec: dummy_return_one(x)
[12:09:51.019] [INFO] [run] subject=16, session=1, speed=9, trial=4, x__rid_x=5b8c4a7ab36e6820: dummy_return_one(x)
[12:09:51.020] [INFO] [run] subject=16, session=1, speed=9, trial=5, x__rid_x=6c2d637263bd7613: dummy_return_one(x)
[12:09:51.020] [INFO] [run] subject=16, session=1, speed=9, trial=6, x__rid_x=4adb9751689a40cc: dummy_return_one(x)
[12:09:51.025] [INFO] [run] subject=16, session=1, speed=9, trial=7, x__rid_x=cb3b43159c7323aa: dummy_return_one(x)
[12:09:51.026] [INFO] [run] subject=16, session=2, speed=1, trial=1, x__rid_x=cb285aa23bd74b5a: dummy_return_one(x)
[12:09:51.026] [INFO] [run] subject=16, session=2, speed=1, trial=2, x__rid_x=2d3632dc2c628dfc: dummy_return_one(x)
[12:09:51.031] [INFO] [run] subject=16, session=2, speed=1, trial=3, x__rid_x=15a1c6e2b76f46f6: dummy_return_one(x)
[12:09:51.033] [INFO] [run] subject=16, session=2, speed=1, trial=4, x__rid_x=c527790baa3605a5: dummy_return_one(x)
[12:09:51.038] [INFO] [run] subject=16, session=2, speed=1, trial=5, x__rid_x=3baf001f157b8ac9: dummy_return_one(x)
[12:09:51.038] [INFO] [run] subject=16, session=2, speed=1, trial=6, x__rid_x=57b858356caea1e6: dummy_return_one(x)
[12:09:51.039] [INFO] [run] subject=16, session=2, speed=1, trial=7, x__rid_x=763fa20456b6dea7: dummy_return_one(x)
[12:09:51.044] [INFO] [run] subject=16, session=2, speed=10, trial=1, x__rid_x=c1ce1cb071210b0d: dummy_return_one(x)
[12:09:51.045] [INFO] [run] subject=16, session=2, speed=10, trial=2, x__rid_x=fc6ce1b23e8c55c3: dummy_return_one(x)
[12:09:51.051] [INFO] [run] subject=16, session=2, speed=10, trial=3, x__rid_x=6e1d1c19babec520: dummy_return_one(x)
[12:09:51.052] [INFO] [run] subject=16, session=2, speed=10, trial=4, x__rid_x=ff0713411d1638c4: dummy_return_one(x)
[12:09:51.057] [INFO] [run] subject=16, session=2, speed=10, trial=5, x__rid_x=36ec9372546cffc9: dummy_return_one(x)
[12:09:51.058] [INFO] [run] subject=16, session=2, speed=10, trial=6, x__rid_x=3cca6905cb50db44: dummy_return_one(x)
[12:09:51.058] [INFO] [run] subject=16, session=2, speed=10, trial=7, x__rid_x=48f472c41c9e203b: dummy_return_one(x)
[12:09:51.063] [INFO] [run] subject=16, session=2, speed=2, trial=1, x__rid_x=3add8804153d32cf: dummy_return_one(x)
[12:09:51.064] [INFO] [run] subject=16, session=2, speed=2, trial=2, x__rid_x=3fa5db4ded2e3a9d: dummy_return_one(x)
[12:09:51.069] [INFO] [run] subject=16, session=2, speed=2, trial=3, x__rid_x=033497dbf1be8f9c: dummy_return_one(x)
[12:09:51.070] [INFO] [run] subject=16, session=2, speed=2, trial=4, x__rid_x=f3d372fae104712d: dummy_return_one(x)
[12:09:51.071] [INFO] [run] subject=16, session=2, speed=2, trial=5, x__rid_x=ddfeae965e1d0878: dummy_return_one(x)
[12:09:51.076] [INFO] [run] subject=16, session=2, speed=2, trial=6, x__rid_x=091eb2d5e3c1a3d4: dummy_return_one(x)
[12:09:51.076] [INFO] [run] subject=16, session=2, speed=2, trial=7, x__rid_x=4e62bc03f7968a52: dummy_return_one(x)
[12:09:51.077] [INFO] [run] subject=16, session=2, speed=3, trial=1, x__rid_x=6e2941deab768491: dummy_return_one(x)
[12:09:51.082] [INFO] [run] subject=16, session=2, speed=3, trial=2, x__rid_x=8cb29a31fc8fbad9: dummy_return_one(x)
[12:09:51.083] [INFO] [run] subject=16, session=2, speed=3, trial=3, x__rid_x=5c39f6b428c19813: dummy_return_one(x)
[12:09:51.088] [INFO] [run] subject=16, session=2, speed=3, trial=4, x__rid_x=04954b3e967039b8: dummy_return_one(x)
[12:09:51.089] [INFO] [run] subject=16, session=2, speed=3, trial=5, x__rid_x=3481d69655a39252: dummy_return_one(x)
[12:09:51.090] [INFO] [run] subject=16, session=2, speed=3, trial=6, x__rid_x=21f5e38872933540: dummy_return_one(x)
[12:09:51.095] [INFO] [run] subject=16, session=2, speed=3, trial=7, x__rid_x=bc5565d7036d53fd: dummy_return_one(x)
[12:09:51.095] [INFO] [run] subject=16, session=2, speed=4, trial=1, x__rid_x=db20795a016647cd: dummy_return_one(x)
[12:09:51.096] [INFO] [run] subject=16, session=2, speed=4, trial=2, x__rid_x=fcb51089080d422e: dummy_return_one(x)
[12:09:51.101] [INFO] [run] subject=16, session=2, speed=4, trial=3, x__rid_x=5c03afea8d0f347f: dummy_return_one(x)
[12:09:51.102] [INFO] [run] subject=16, session=2, speed=4, trial=4, x__rid_x=1d1b7d1b3d05d74e: dummy_return_one(x)
[12:09:51.102] [INFO] [run] subject=16, session=2, speed=4, trial=5, x__rid_x=e6c3bb2ac8913f13: dummy_return_one(x)
[12:09:51.107] [INFO] [run] subject=16, session=2, speed=4, trial=6, x__rid_x=f76822d31797361c: dummy_return_one(x)
[12:09:51.108] [INFO] [run] subject=16, session=2, speed=4, trial=7, x__rid_x=52cf5734bfa2070a: dummy_return_one(x)
[12:09:51.108] [INFO] [run] subject=16, session=2, speed=5, trial=1, x__rid_x=51725756c61304f0: dummy_return_one(x)
[12:09:51.113] [INFO] [run] subject=16, session=2, speed=5, trial=2, x__rid_x=fcaf82857387d164: dummy_return_one(x)
[12:09:51.115] [INFO] [run] subject=16, session=2, speed=5, trial=3, x__rid_x=c0ac2481b6cff69f: dummy_return_one(x)
[12:09:51.120] [INFO] [run] subject=16, session=2, speed=5, trial=4, x__rid_x=04acbe7d2c7daebf: dummy_return_one(x)
[12:09:51.120] [INFO] [run] subject=16, session=2, speed=5, trial=5, x__rid_x=a3a7ac2a02b94485: dummy_return_one(x)
[12:09:51.121] [INFO] [run] subject=16, session=2, speed=5, trial=6, x__rid_x=7f94ed65c61fa376: dummy_return_one(x)
[12:09:51.126] [INFO] [run] subject=16, session=2, speed=5, trial=7, x__rid_x=686971336613cfb8: dummy_return_one(x)
[12:09:51.127] [INFO] [run] subject=16, session=2, speed=6, trial=1, x__rid_x=0093b066016bc0ef: dummy_return_one(x)
[12:09:51.128] [INFO] [run] subject=16, session=2, speed=6, trial=2, x__rid_x=5c9de33bfb8371ea: dummy_return_one(x)
[12:09:51.132] [INFO] [run] subject=16, session=2, speed=6, trial=3, x__rid_x=dee0147028490867: dummy_return_one(x)
[12:09:51.133] [INFO] [run] subject=16, session=2, speed=6, trial=4, x__rid_x=a024c9e5918c424e: dummy_return_one(x)
[12:09:51.134] [INFO] [run] subject=16, session=2, speed=6, trial=5, x__rid_x=39925a67f8b597e4: dummy_return_one(x)
[12:09:51.139] [INFO] [run] subject=16, session=2, speed=6, trial=6, x__rid_x=aa30d5380008d896: dummy_return_one(x)
[12:09:51.139] [INFO] [run] subject=16, session=2, speed=6, trial=7, x__rid_x=588523983dcd30a3: dummy_return_one(x)
[12:09:51.140] [INFO] [run] subject=16, session=2, speed=7, trial=1, x__rid_x=e7b5977e874f5ed1: dummy_return_one(x)
[12:09:51.145] [INFO] [run] subject=16, session=2, speed=7, trial=2, x__rid_x=2b4d9f63dac73edc: dummy_return_one(x)
[12:09:51.146] [INFO] [run] subject=16, session=2, speed=7, trial=3, x__rid_x=87ea3928b5673232: dummy_return_one(x)
[12:09:51.146] [INFO] [run] subject=16, session=2, speed=7, trial=4, x__rid_x=777384ca84510af1: dummy_return_one(x)
[12:09:51.151] [INFO] [run] subject=16, session=2, speed=7, trial=5, x__rid_x=3def05d858940a8d: dummy_return_one(x)
[12:09:51.152] [INFO] [run] subject=16, session=2, speed=7, trial=6, x__rid_x=9f78bd40132a6800: dummy_return_one(x)
[12:09:51.153] [INFO] [run] subject=16, session=2, speed=7, trial=7, x__rid_x=d0b04b8fce0a25c2: dummy_return_one(x)
[12:09:51.158] [INFO] [run] subject=16, session=2, speed=8, trial=1, x__rid_x=1a2f1ff6ed3e7f2f: dummy_return_one(x)
[12:09:51.158] [INFO] [run] subject=16, session=2, speed=8, trial=2, x__rid_x=fd262b5c396032c7: dummy_return_one(x)
[12:09:51.159] [INFO] [run] subject=16, session=2, speed=8, trial=3, x__rid_x=50e8ecad7e08c762: dummy_return_one(x)
[12:09:51.164] [INFO] [run] subject=16, session=2, speed=8, trial=4, x__rid_x=2d9bb16d45e94dbd: dummy_return_one(x)
[12:09:51.165] [INFO] [run] subject=16, session=2, speed=8, trial=5, x__rid_x=934f1bd8d84ceddc: dummy_return_one(x)
[12:09:51.170] [INFO] [run] subject=16, session=2, speed=8, trial=6, x__rid_x=fc442e24eb603836: dummy_return_one(x)
[12:09:51.171] [INFO] [run] subject=16, session=2, speed=8, trial=7, x__rid_x=21bc3c9e6fa016f4: dummy_return_one(x)
[12:09:51.172] [INFO] [run] subject=16, session=2, speed=9, trial=1, x__rid_x=75c4e93fde6ebba3: dummy_return_one(x)
[12:09:51.177] [INFO] [run] subject=16, session=2, speed=9, trial=2, x__rid_x=ee54a5cdf779f05e: dummy_return_one(x)
[12:09:51.177] [INFO] [run] subject=16, session=2, speed=9, trial=3, x__rid_x=cac83ca2bec6b550: dummy_return_one(x)
[12:09:51.178] [INFO] [run] subject=16, session=2, speed=9, trial=4, x__rid_x=910b0e15db940f96: dummy_return_one(x)
[12:09:51.183] [INFO] [run] subject=16, session=2, speed=9, trial=5, x__rid_x=b688f44a41e02fe5: dummy_return_one(x)
[12:09:51.184] [INFO] [run] subject=16, session=2, speed=9, trial=6, x__rid_x=2e1e35b93c92f268: dummy_return_one(x)
[12:09:51.189] [INFO] [run] subject=16, session=2, speed=9, trial=7, x__rid_x=25f57368fcced906: dummy_return_one(x)
[12:09:51.190] [INFO] [run] subject=16, session=3, speed=1, trial=1, x__rid_x=1209cedb05fe4445: dummy_return_one(x)
[12:09:51.191] [INFO] [run] subject=16, session=3, speed=1, trial=2, x__rid_x=35f9a265f55f8550: dummy_return_one(x)
[12:09:51.196] [INFO] [run] subject=16, session=3, speed=1, trial=3, x__rid_x=907aa2a9ece66074: dummy_return_one(x)
[12:09:51.196] [INFO] [run] subject=16, session=3, speed=1, trial=4, x__rid_x=03b029eae9369de9: dummy_return_one(x)
[12:09:51.197] [INFO] [run] subject=16, session=3, speed=1, trial=5, x__rid_x=58237691af3b16b6: dummy_return_one(x)
[12:09:51.202] [INFO] [run] subject=16, session=3, speed=1, trial=6, x__rid_x=8e1b475542dc8398: dummy_return_one(x)
[12:09:51.203] [INFO] [run] subject=16, session=3, speed=1, trial=7, x__rid_x=c6ec8e90e0f6da46: dummy_return_one(x)
[12:09:51.203] [INFO] [run] subject=16, session=3, speed=10, trial=1, x__rid_x=075b11e6d8faf741: dummy_return_one(x)
[12:09:51.208] [INFO] [run] subject=16, session=3, speed=10, trial=2, x__rid_x=ec390eec86052f6b: dummy_return_one(x)
[12:09:51.209] [INFO] [run] subject=16, session=3, speed=10, trial=3, x__rid_x=5fb723a993a01fae: dummy_return_one(x)
[12:09:51.210] [INFO] [run] subject=16, session=3, speed=10, trial=4, x__rid_x=c2fd3f6aeac4c6e8: dummy_return_one(x)
[12:09:51.215] [INFO] [run] subject=16, session=3, speed=10, trial=5, x__rid_x=578f37a46a599df5: dummy_return_one(x)
[12:09:51.216] [INFO] [run] subject=16, session=3, speed=10, trial=6, x__rid_x=35e09ad1d83dc107: dummy_return_one(x)
[12:09:51.216] [INFO] [run] subject=16, session=3, speed=10, trial=7, x__rid_x=ca04970a4c018b09: dummy_return_one(x)
[12:09:51.221] [INFO] [run] subject=16, session=3, speed=2, trial=1, x__rid_x=a2e96a86905348f7: dummy_return_one(x)
[12:09:51.222] [INFO] [run] subject=16, session=3, speed=2, trial=2, x__rid_x=bb9a08851db02bc8: dummy_return_one(x)
[12:09:51.222] [INFO] [run] subject=16, session=3, speed=2, trial=3, x__rid_x=3f47bf4636a2dbad: dummy_return_one(x)
[12:09:51.227] [INFO] [run] subject=16, session=3, speed=2, trial=4, x__rid_x=3e7c01abee732224: dummy_return_one(x)
[12:09:51.228] [INFO] [run] subject=16, session=3, speed=2, trial=5, x__rid_x=52c294d5714ffd82: dummy_return_one(x)
[12:09:51.229] [INFO] [run] subject=16, session=3, speed=2, trial=6, x__rid_x=e060d7047d3e5854: dummy_return_one(x)
[12:09:51.234] [INFO] [run] subject=16, session=3, speed=2, trial=7, x__rid_x=283f9600c0b5fa3a: dummy_return_one(x)
[12:09:51.235] [INFO] [run] subject=16, session=3, speed=3, trial=1, x__rid_x=711c8394a2e42ba0: dummy_return_one(x)
[12:09:51.240] [INFO] [run] subject=16, session=3, speed=3, trial=2, x__rid_x=4e700d784b33b5b1: dummy_return_one(x)
[12:09:51.241] [INFO] [run] subject=16, session=3, speed=3, trial=3, x__rid_x=280c630d18139d13: dummy_return_one(x)
[12:09:51.241] [INFO] [run] subject=16, session=3, speed=3, trial=4, x__rid_x=b66dee68ece267c4: dummy_return_one(x)
[12:09:51.247] [INFO] [run] subject=16, session=3, speed=3, trial=5, x__rid_x=53b1f0d94621a77b: dummy_return_one(x)
[12:09:51.248] [INFO] [run] subject=16, session=3, speed=3, trial=6, x__rid_x=5a6f0df92906f284: dummy_return_one(x)
[12:09:51.248] [INFO] [run] subject=16, session=3, speed=3, trial=7, x__rid_x=f7b7c7bf29f05e75: dummy_return_one(x)
[12:09:51.253] [INFO] [run] subject=16, session=3, speed=4, trial=1, x__rid_x=f5451897d0052ddc: dummy_return_one(x)
[12:09:51.254] [INFO] [run] subject=16, session=3, speed=4, trial=2, x__rid_x=3624892eadfca035: dummy_return_one(x)
[12:09:51.255] [INFO] [run] subject=16, session=3, speed=4, trial=3, x__rid_x=260a4213b276a857: dummy_return_one(x)
[12:09:51.259] [INFO] [run] subject=16, session=3, speed=4, trial=4, x__rid_x=ba4ad7e177e1a2c2: dummy_return_one(x)
[12:09:51.260] [INFO] [run] subject=16, session=3, speed=4, trial=5, x__rid_x=85c622896493f354: dummy_return_one(x)
[12:09:51.261] [INFO] [run] subject=16, session=3, speed=4, trial=6, x__rid_x=4010d076383201ad: dummy_return_one(x)
[12:09:51.266] [INFO] [run] subject=16, session=3, speed=4, trial=7, x__rid_x=7d5505a6d3e19c76: dummy_return_one(x)
[12:09:51.267] [INFO] [run] subject=16, session=3, speed=5, trial=1, x__rid_x=8bce4c12a806a71f: dummy_return_one(x)
[12:09:51.268] [INFO] [run] subject=16, session=3, speed=5, trial=2, x__rid_x=383a73168094263e: dummy_return_one(x)
[12:09:51.272] [INFO] [run] subject=16, session=3, speed=5, trial=3, x__rid_x=2d1f0a4b245fa74d: dummy_return_one(x)
[12:09:51.273] [INFO] [run] subject=16, session=3, speed=5, trial=4, x__rid_x=e4d2b87d545280d7: dummy_return_one(x)
[12:09:51.273] [INFO] [run] subject=16, session=3, speed=5, trial=5, x__rid_x=8be1ec210c3afaf1: dummy_return_one(x)
[12:09:51.278] [INFO] [run] subject=16, session=3, speed=5, trial=6, x__rid_x=f1f4259a9b9453ac: dummy_return_one(x)
[12:09:51.279] [INFO] [run] subject=16, session=3, speed=5, trial=7, x__rid_x=fe7c84554bb5220b: dummy_return_one(x)
[12:09:51.280] [INFO] [run] subject=16, session=3, speed=6, trial=1, x__rid_x=cf6334e8d9fc3b5c: dummy_return_one(x)
[12:09:51.285] [INFO] [run] subject=16, session=3, speed=6, trial=2, x__rid_x=de245817724590d7: dummy_return_one(x)
[12:09:51.286] [INFO] [run] subject=16, session=3, speed=6, trial=3, x__rid_x=2e827359adf897a9: dummy_return_one(x)
[12:09:51.291] [INFO] [run] subject=16, session=3, speed=6, trial=4, x__rid_x=2dbca3846b55c2d0: dummy_return_one(x)
[12:09:51.292] [INFO] [run] subject=16, session=3, speed=6, trial=5, x__rid_x=d88a56fdf60e1c40: dummy_return_one(x)
[12:09:51.293] [INFO] [run] subject=16, session=3, speed=6, trial=6, x__rid_x=2e35206b07847610: dummy_return_one(x)
[12:09:51.298] [INFO] [run] subject=16, session=3, speed=6, trial=7, x__rid_x=b294851a37932cbb: dummy_return_one(x)
[12:09:51.299] [INFO] [run] subject=16, session=3, speed=7, trial=1, x__rid_x=352de296d6991580: dummy_return_one(x)
[12:09:51.304] [INFO] [run] subject=16, session=3, speed=7, trial=2, x__rid_x=92548388ad525efc: dummy_return_one(x)
[12:09:51.305] [INFO] [run] subject=16, session=3, speed=7, trial=3, x__rid_x=7b39155d3754f877: dummy_return_one(x)
[12:09:51.305] [INFO] [run] subject=16, session=3, speed=7, trial=4, x__rid_x=f703e815b3e6647f: dummy_return_one(x)
[12:09:51.310] [INFO] [run] subject=16, session=3, speed=7, trial=5, x__rid_x=986edee1baf9284c: dummy_return_one(x)
[12:09:51.311] [INFO] [run] subject=16, session=3, speed=7, trial=6, x__rid_x=d2a0458ca2542890: dummy_return_one(x)
[12:09:51.312] [INFO] [run] subject=16, session=3, speed=7, trial=7, x__rid_x=a7b147c27a11cb92: dummy_return_one(x)
[12:09:51.317] [INFO] [run] subject=16, session=3, speed=8, trial=1, x__rid_x=9f2fe6d23f8ff2c2: dummy_return_one(x)
[12:09:51.318] [INFO] [run] subject=16, session=3, speed=8, trial=2, x__rid_x=aef2986c8dac1ce9: dummy_return_one(x)
[12:09:51.323] [INFO] [run] subject=16, session=3, speed=8, trial=3, x__rid_x=247bf4a25744094e: dummy_return_one(x)
[12:09:51.324] [INFO] [run] subject=16, session=3, speed=8, trial=4, x__rid_x=31b991e746d62989: dummy_return_one(x)
[12:09:51.325] [INFO] [run] subject=16, session=3, speed=8, trial=5, x__rid_x=d9fe3c5210e402a9: dummy_return_one(x)
[12:09:51.330] [INFO] [run] subject=16, session=3, speed=8, trial=6, x__rid_x=2dcc09aec85f04ad: dummy_return_one(x)
[12:09:51.331] [INFO] [run] subject=16, session=3, speed=8, trial=7, x__rid_x=e8e5ea4e4805ac1a: dummy_return_one(x)
[12:09:51.336] [INFO] [run] subject=16, session=3, speed=9, trial=1, x__rid_x=63501602f9120657: dummy_return_one(x)
[12:09:51.337] [INFO] [run] subject=16, session=3, speed=9, trial=2, x__rid_x=586c5ca06e86e270: dummy_return_one(x)
[12:09:51.338] [INFO] [run] subject=16, session=3, speed=9, trial=3, x__rid_x=a728c36e8ee633eb: dummy_return_one(x)
[12:09:51.342] [INFO] [run] subject=16, session=3, speed=9, trial=4, x__rid_x=5893d4f63f35bc64: dummy_return_one(x)
[12:09:51.343] [INFO] [run] subject=16, session=3, speed=9, trial=5, x__rid_x=1fd91eb32c6b04c0: dummy_return_one(x)
[12:09:51.344] [INFO] [run] subject=16, session=3, speed=9, trial=6, x__rid_x=17d96a53cc087ba3: dummy_return_one(x)
[12:09:51.349] [INFO] [run] subject=16, session=3, speed=9, trial=7, x__rid_x=6cdbeabb63eee4d1: dummy_return_one(x)
[12:09:51.350] [INFO] [run] subject=16, session=4, speed=1, trial=1, x__rid_x=cf0c7df631d3bd53: dummy_return_one(x)
[12:09:51.355] [INFO] [run] subject=16, session=4, speed=1, trial=2, x__rid_x=37f35b12effdd822: dummy_return_one(x)
[12:09:51.356] [INFO] [run] subject=16, session=4, speed=1, trial=3, x__rid_x=6cac790c159d293d: dummy_return_one(x)
[12:09:51.357] [INFO] [run] subject=16, session=4, speed=1, trial=4, x__rid_x=dc372a2ab6afbdee: dummy_return_one(x)
[12:09:51.362] [INFO] [run] subject=16, session=4, speed=1, trial=5, x__rid_x=9dec19f2c28ae861: dummy_return_one(x)
[12:09:51.362] [INFO] [run] subject=16, session=4, speed=1, trial=6, x__rid_x=4f55878043e4b330: dummy_return_one(x)
[12:09:51.363] [INFO] [run] subject=16, session=4, speed=1, trial=7, x__rid_x=d20f25ae5e06570f: dummy_return_one(x)
[12:09:51.368] [INFO] [run] subject=16, session=4, speed=10, trial=1, x__rid_x=a075b58c222002b8: dummy_return_one(x)
[12:09:51.369] [INFO] [run] subject=16, session=4, speed=10, trial=2, x__rid_x=1e5ead70a31b83ee: dummy_return_one(x)
[12:09:51.370] [INFO] [run] subject=16, session=4, speed=10, trial=3, x__rid_x=ba6795a3e3a5e8f5: dummy_return_one(x)
[12:09:51.375] [INFO] [run] subject=16, session=4, speed=10, trial=4, x__rid_x=393f2bc5199f7628: dummy_return_one(x)
[12:09:51.375] [INFO] [run] subject=16, session=4, speed=10, trial=5, x__rid_x=f6c990662c2f6ac6: dummy_return_one(x)
[12:09:51.376] [INFO] [run] subject=16, session=4, speed=10, trial=6, x__rid_x=9cb69d983b29e905: dummy_return_one(x)
[12:09:51.381] [INFO] [run] subject=16, session=4, speed=10, trial=7, x__rid_x=022d8d0947a0f72b: dummy_return_one(x)
[12:09:51.382] [INFO] [run] subject=16, session=4, speed=2, trial=1, x__rid_x=ee4d65a87c556385: dummy_return_one(x)
[12:09:51.383] [INFO] [run] subject=16, session=4, speed=2, trial=2, x__rid_x=a7f4eac55f4f03fa: dummy_return_one(x)
[12:09:51.388] [INFO] [run] subject=16, session=4, speed=2, trial=3, x__rid_x=94dbf61fd97ea947: dummy_return_one(x)
[12:09:51.388] [INFO] [run] subject=16, session=4, speed=2, trial=4, x__rid_x=fc83f9aaed23086a: dummy_return_one(x)
[12:09:51.389] [INFO] [run] subject=16, session=4, speed=2, trial=5, x__rid_x=78eee4b9270c7b35: dummy_return_one(x)
[12:09:51.394] [INFO] [run] subject=16, session=4, speed=2, trial=6, x__rid_x=d3a6fd7b62e6221a: dummy_return_one(x)
[12:09:51.395] [INFO] [run] subject=16, session=4, speed=2, trial=7, x__rid_x=906f535e16fad224: dummy_return_one(x)
[12:09:51.395] [INFO] [run] subject=16, session=4, speed=3, trial=1, x__rid_x=76f8fc7205397021: dummy_return_one(x)
[12:09:51.401] [INFO] [run] subject=16, session=4, speed=3, trial=2, x__rid_x=5c2443998c619072: dummy_return_one(x)
[12:09:51.402] [INFO] [run] subject=16, session=4, speed=3, trial=3, x__rid_x=a24805387000770b: dummy_return_one(x)
[12:09:51.402] [INFO] [run] subject=16, session=4, speed=3, trial=4, x__rid_x=db9dcde79724a9f3: dummy_return_one(x)
[12:09:51.407] [INFO] [run] subject=16, session=4, speed=3, trial=5, x__rid_x=4772a10336958387: dummy_return_one(x)
[12:09:51.408] [INFO] [run] subject=16, session=4, speed=3, trial=6, x__rid_x=707c28b5fe7d6d6b: dummy_return_one(x)
[12:09:51.409] [INFO] [run] subject=16, session=4, speed=3, trial=7, x__rid_x=70e832cb035e4852: dummy_return_one(x)
[12:09:51.414] [INFO] [run] subject=16, session=4, speed=4, trial=1, x__rid_x=c1d368173a37967c: dummy_return_one(x)
[12:09:51.415] [INFO] [run] subject=16, session=4, speed=4, trial=2, x__rid_x=560db442636cd114: dummy_return_one(x)
[12:09:51.420] [INFO] [run] subject=16, session=4, speed=4, trial=3, x__rid_x=8d16c8619260a2db: dummy_return_one(x)
[12:09:51.421] [INFO] [run] subject=16, session=4, speed=4, trial=4, x__rid_x=923ea0b11d087a66: dummy_return_one(x)
[12:09:51.422] [INFO] [run] subject=16, session=4, speed=4, trial=5, x__rid_x=d80578adfb7625a1: dummy_return_one(x)
[12:09:51.426] [INFO] [run] subject=16, session=4, speed=4, trial=6, x__rid_x=b9bc5763e72f2255: dummy_return_one(x)
[12:09:51.427] [INFO] [run] subject=16, session=4, speed=4, trial=7, x__rid_x=6206b738c3f6d8c2: dummy_return_one(x)
[12:09:51.428] [INFO] [run] subject=16, session=4, speed=5, trial=1, x__rid_x=3aa4c50ff17cadb1: dummy_return_one(x)
[12:09:51.433] [INFO] [run] subject=16, session=4, speed=5, trial=2, x__rid_x=f771d75698690125: dummy_return_one(x)
[12:09:51.434] [INFO] [run] subject=16, session=4, speed=5, trial=3, x__rid_x=29285dec1f19d128: dummy_return_one(x)
[12:09:51.439] [INFO] [run] subject=16, session=4, speed=5, trial=4, x__rid_x=4fc4926436fc8c34: dummy_return_one(x)
[12:09:51.440] [INFO] [run] subject=16, session=4, speed=5, trial=5, x__rid_x=60f9772222002447: dummy_return_one(x)
[12:09:51.441] [INFO] [run] subject=16, session=4, speed=5, trial=6, x__rid_x=9be6b49ae2e3e63a: dummy_return_one(x)
[12:09:51.446] [INFO] [run] subject=16, session=4, speed=5, trial=7, x__rid_x=808753028b4aa731: dummy_return_one(x)
[12:09:51.447] [INFO] [run] subject=16, session=4, speed=6, trial=1, x__rid_x=57e4d8d70bfe0aff: dummy_return_one(x)
[12:09:51.448] [INFO] [run] subject=16, session=4, speed=6, trial=2, x__rid_x=608b562a713b8f05: dummy_return_one(x)
[12:09:51.452] [INFO] [run] subject=16, session=4, speed=6, trial=3, x__rid_x=76a5f94d60888a92: dummy_return_one(x)
[12:09:51.453] [INFO] [run] subject=16, session=4, speed=6, trial=4, x__rid_x=2c041d3f091eb99a: dummy_return_one(x)
[12:09:51.454] [INFO] [run] subject=16, session=4, speed=6, trial=5, x__rid_x=ebac2b907a615e2e: dummy_return_one(x)
[12:09:51.459] [INFO] [run] subject=16, session=4, speed=6, trial=6, x__rid_x=c9659ad6af42f359: dummy_return_one(x)
[12:09:51.460] [INFO] [run] subject=16, session=4, speed=6, trial=7, x__rid_x=e1c4ea50843543db: dummy_return_one(x)
[12:09:51.460] [INFO] [run] subject=16, session=4, speed=7, trial=1, x__rid_x=19255080e4d8db79: dummy_return_one(x)
[12:09:51.466] [INFO] [run] subject=16, session=4, speed=7, trial=2, x__rid_x=11a5a9e3115893eb: dummy_return_one(x)
[12:09:51.467] [INFO] [run] subject=16, session=4, speed=7, trial=3, x__rid_x=326dd898927dc7b1: dummy_return_one(x)
[12:09:51.467] [INFO] [run] subject=16, session=4, speed=7, trial=4, x__rid_x=d386e33a5e2c2932: dummy_return_one(x)
[12:09:51.472] [INFO] [run] subject=16, session=4, speed=7, trial=5, x__rid_x=d71ce079d3160c58: dummy_return_one(x)
[12:09:51.473] [INFO] [run] subject=16, session=4, speed=7, trial=6, x__rid_x=cfe9d4cfc5a776f2: dummy_return_one(x)
[12:09:51.473] [INFO] [run] subject=16, session=4, speed=7, trial=7, x__rid_x=4ab75c491590f1c5: dummy_return_one(x)
[12:09:51.479] [INFO] [run] subject=16, session=4, speed=8, trial=1, x__rid_x=0958ede2ba0e0866: dummy_return_one(x)
[12:09:51.479] [INFO] [run] subject=16, session=4, speed=8, trial=2, x__rid_x=3aa60476a9b6e205: dummy_return_one(x)
[12:09:51.480] [INFO] [run] subject=16, session=4, speed=8, trial=3, x__rid_x=fbc6f987b335a5ed: dummy_return_one(x)
[12:09:51.485] [INFO] [run] subject=16, session=4, speed=8, trial=4, x__rid_x=09ab7d6c2399a24f: dummy_return_one(x)
[12:09:51.486] [INFO] [run] subject=16, session=4, speed=8, trial=5, x__rid_x=03d74ec07d7067c3: dummy_return_one(x)
[12:09:51.487] [INFO] [run] subject=16, session=4, speed=8, trial=6, x__rid_x=5a075a6988f20a11: dummy_return_one(x)
[12:09:51.492] [INFO] [run] subject=16, session=4, speed=8, trial=7, x__rid_x=b8b9ca233eb699bd: dummy_return_one(x)
[12:09:51.493] [INFO] [run] subject=16, session=4, speed=9, trial=1, x__rid_x=1de8300e97381486: dummy_return_one(x)
[12:09:51.494] [INFO] [run] subject=16, session=4, speed=9, trial=2, x__rid_x=6ea5aa76210e99a5: dummy_return_one(x)
[12:09:51.499] [INFO] [run] subject=16, session=4, speed=9, trial=3, x__rid_x=9fa52814ad6976a7: dummy_return_one(x)
[12:09:51.500] [INFO] [run] subject=16, session=4, speed=9, trial=4, x__rid_x=8f9570a366ef5d97: dummy_return_one(x)
[12:09:51.505] [INFO] [run] subject=16, session=4, speed=9, trial=5, x__rid_x=79b29cc26d0fada1: dummy_return_one(x)
[12:09:51.506] [INFO] [run] subject=16, session=4, speed=9, trial=6, x__rid_x=ca2b54c85bd0a80c: dummy_return_one(x)
[12:09:51.507] [INFO] [run] subject=16, session=4, speed=9, trial=7, x__rid_x=442b5eabc042eff5: dummy_return_one(x)
[12:09:51.512] [INFO] [run] subject=16, session=5, speed=1, trial=1, x__rid_x=cd5dda259becefd9: dummy_return_one(x)
[12:09:51.513] [INFO] [run] subject=16, session=5, speed=1, trial=2, x__rid_x=d3f7dd5b5c31ce00: dummy_return_one(x)
[12:09:51.519] [INFO] [run] subject=16, session=5, speed=1, trial=3, x__rid_x=c0de046125089b0f: dummy_return_one(x)
[12:09:51.520] [INFO] [run] subject=16, session=5, speed=1, trial=4, x__rid_x=88a78d7b2b1039aa: dummy_return_one(x)
[12:09:51.520] [INFO] [run] subject=16, session=5, speed=1, trial=5, x__rid_x=91472399f728a423: dummy_return_one(x)
[12:09:51.525] [INFO] [run] subject=16, session=5, speed=1, trial=6, x__rid_x=e63422711a4910eb: dummy_return_one(x)
[12:09:51.526] [INFO] [run] subject=16, session=5, speed=1, trial=7, x__rid_x=059c2397e8a754f0: dummy_return_one(x)
[12:09:51.527] [INFO] [run] subject=16, session=5, speed=10, trial=1, x__rid_x=076c3e1b90db56c9: dummy_return_one(x)
[12:09:51.532] [INFO] [run] subject=16, session=5, speed=10, trial=2, x__rid_x=40b62761c86be546: dummy_return_one(x)
[12:09:51.533] [INFO] [run] subject=16, session=5, speed=10, trial=3, x__rid_x=c6c142d518729f19: dummy_return_one(x)
[12:09:51.534] [INFO] [run] subject=16, session=5, speed=10, trial=4, x__rid_x=1919e16535d70af7: dummy_return_one(x)
[12:09:51.538] [INFO] [run] subject=16, session=5, speed=10, trial=5, x__rid_x=efecba697774d3f5: dummy_return_one(x)
[12:09:51.539] [INFO] [run] subject=16, session=5, speed=10, trial=6, x__rid_x=593ad1887b69daad: dummy_return_one(x)
[12:09:51.540] [INFO] [run] subject=16, session=5, speed=10, trial=7, x__rid_x=4a59ce6b82fdf063: dummy_return_one(x)
[12:09:51.545] [INFO] [run] subject=16, session=5, speed=2, trial=1, x__rid_x=0dbd996ae69c939f: dummy_return_one(x)
[12:09:51.546] [INFO] [run] subject=16, session=5, speed=2, trial=2, x__rid_x=31228016c6f8f9e8: dummy_return_one(x)
[12:09:51.547] [INFO] [run] subject=16, session=5, speed=2, trial=3, x__rid_x=18ba68f270083417: dummy_return_one(x)
[12:09:51.552] [INFO] [run] subject=16, session=5, speed=2, trial=4, x__rid_x=9fdc1d44b05b6ecc: dummy_return_one(x)
[12:09:51.553] [INFO] [run] subject=16, session=5, speed=2, trial=5, x__rid_x=fe63a7a8b117b49f: dummy_return_one(x)
[12:09:51.553] [INFO] [run] subject=16, session=5, speed=2, trial=6, x__rid_x=49eac9b1c6fb54df: dummy_return_one(x)
[12:09:51.558] [INFO] [run] subject=16, session=5, speed=2, trial=7, x__rid_x=83180124e7c4de83: dummy_return_one(x)
[12:09:51.559] [INFO] [run] subject=16, session=5, speed=3, trial=1, x__rid_x=df18312a8d074cdb: dummy_return_one(x)
[12:09:51.560] [INFO] [run] subject=16, session=5, speed=3, trial=2, x__rid_x=920cd09a37955ef9: dummy_return_one(x)
[12:09:51.565] [INFO] [run] subject=16, session=5, speed=3, trial=3, x__rid_x=06da1bb2aa87bb82: dummy_return_one(x)
[12:09:51.566] [INFO] [run] subject=16, session=5, speed=3, trial=4, x__rid_x=9b164b124de59375: dummy_return_one(x)
[12:09:51.571] [INFO] [run] subject=16, session=5, speed=3, trial=5, x__rid_x=418f9e57d5cf393a: dummy_return_one(x)
[12:09:51.572] [INFO] [run] subject=16, session=5, speed=3, trial=6, x__rid_x=354e2743250f78a6: dummy_return_one(x)
[12:09:51.573] [INFO] [run] subject=16, session=5, speed=3, trial=7, x__rid_x=0ac49559971cf963: dummy_return_one(x)
[12:09:51.578] [INFO] [run] subject=16, session=5, speed=4, trial=1, x__rid_x=ac46f48fe49fcfc7: dummy_return_one(x)
[12:09:51.579] [INFO] [run] subject=16, session=5, speed=4, trial=2, x__rid_x=b0b7840d3c97fa1e: dummy_return_one(x)
[12:09:51.579] [INFO] [run] subject=16, session=5, speed=4, trial=3, x__rid_x=b6991c533e718672: dummy_return_one(x)
[12:09:51.585] [INFO] [run] subject=16, session=5, speed=4, trial=4, x__rid_x=0bb8a56773b560eb: dummy_return_one(x)
[12:09:51.586] [INFO] [run] subject=16, session=5, speed=4, trial=5, x__rid_x=78abb209192ecb7f: dummy_return_one(x)
[12:09:51.591] [INFO] [run] subject=16, session=5, speed=4, trial=6, x__rid_x=e3f1da5b4aa3a7bb: dummy_return_one(x)
[12:09:51.592] [INFO] [run] subject=16, session=5, speed=4, trial=7, x__rid_x=0081909ae0ea8f9d: dummy_return_one(x)
[12:09:51.592] [INFO] [run] subject=16, session=5, speed=5, trial=1, x__rid_x=a9fc48c78c42c70b: dummy_return_one(x)
[12:09:51.598] [INFO] [run] subject=16, session=5, speed=5, trial=2, x__rid_x=039569196a354f2a: dummy_return_one(x)
[12:09:51.599] [INFO] [run] subject=16, session=5, speed=5, trial=3, x__rid_x=725dc92cdc380dc2: dummy_return_one(x)
[12:09:51.604] [INFO] [run] subject=16, session=5, speed=5, trial=4, x__rid_x=c0b10f9cd48f4bf7: dummy_return_one(x)
[12:09:51.605] [INFO] [run] subject=16, session=5, speed=5, trial=5, x__rid_x=9d592caf98592298: dummy_return_one(x)
[12:09:51.606] [INFO] [run] subject=16, session=5, speed=5, trial=6, x__rid_x=f9247edef4ef6649: dummy_return_one(x)
[12:09:51.611] [INFO] [run] subject=16, session=5, speed=5, trial=7, x__rid_x=404479ac63351b70: dummy_return_one(x)
[12:09:51.612] [INFO] [run] subject=16, session=5, speed=6, trial=1, x__rid_x=206b7636e30bd189: dummy_return_one(x)
[12:09:51.612] [INFO] [run] subject=16, session=5, speed=6, trial=2, x__rid_x=4399623014b56365: dummy_return_one(x)
[12:09:51.618] [INFO] [run] subject=16, session=5, speed=6, trial=3, x__rid_x=046ac1750e7a0ca7: dummy_return_one(x)
[12:09:51.619] [INFO] [run] subject=16, session=5, speed=6, trial=4, x__rid_x=a1f118b74d3a4b63: dummy_return_one(x)
[12:09:51.619] [INFO] [run] subject=16, session=5, speed=6, trial=5, x__rid_x=ed48a83010a7f011: dummy_return_one(x)
[12:09:51.624] [INFO] [run] subject=16, session=5, speed=6, trial=6, x__rid_x=1b68afe16ea7856d: dummy_return_one(x)
[12:09:51.625] [INFO] [run] subject=16, session=5, speed=6, trial=7, x__rid_x=a715e2eae1615320: dummy_return_one(x)
[12:09:51.626] [INFO] [run] subject=16, session=5, speed=7, trial=1, x__rid_x=8ecfb192e5b24e91: dummy_return_one(x)
[12:09:51.631] [INFO] [run] subject=16, session=5, speed=7, trial=2, x__rid_x=5563746e2f219b9f: dummy_return_one(x)
[12:09:51.632] [INFO] [run] subject=16, session=5, speed=7, trial=3, x__rid_x=83e231999cbfcaf3: dummy_return_one(x)
[12:09:51.637] [INFO] [run] subject=16, session=5, speed=7, trial=4, x__rid_x=a8aef43ad2788233: dummy_return_one(x)
[12:09:51.638] [INFO] [run] subject=16, session=5, speed=7, trial=5, x__rid_x=a8b8037f4ad47caf: dummy_return_one(x)
[12:09:51.639] [INFO] [run] subject=16, session=5, speed=7, trial=6, x__rid_x=e1c094891c342aa7: dummy_return_one(x)
[12:09:51.644] [INFO] [run] subject=16, session=5, speed=7, trial=7, x__rid_x=159adec39b9a68c5: dummy_return_one(x)
[12:09:51.645] [INFO] [run] subject=16, session=5, speed=8, trial=1, x__rid_x=e3c57fd54d25483c: dummy_return_one(x)
[12:09:51.646] [INFO] [run] subject=16, session=5, speed=8, trial=2, x__rid_x=67e5707908cb041f: dummy_return_one(x)
[12:09:51.651] [INFO] [run] subject=16, session=5, speed=8, trial=3, x__rid_x=5170a9abaa32e858: dummy_return_one(x)
[12:09:51.652] [INFO] [run] subject=16, session=5, speed=8, trial=4, x__rid_x=72653a2524f22175: dummy_return_one(x)
[12:09:51.657] [INFO] [run] subject=16, session=5, speed=8, trial=5, x__rid_x=3a5ca55a7b20f76a: dummy_return_one(x)
[12:09:51.658] [INFO] [run] subject=16, session=5, speed=8, trial=6, x__rid_x=2ad0824008e1954d: dummy_return_one(x)
[12:09:51.659] [INFO] [run] subject=16, session=5, speed=8, trial=7, x__rid_x=c34705706e8636a3: dummy_return_one(x)
[12:09:51.664] [INFO] [run] subject=16, session=5, speed=9, trial=1, x__rid_x=c10efba2def51d0b: dummy_return_one(x)
[12:09:51.665] [INFO] [run] subject=16, session=5, speed=9, trial=2, x__rid_x=824eda63c0c0ddbc: dummy_return_one(x)
[12:09:51.666] [INFO] [run] subject=16, session=5, speed=9, trial=3, x__rid_x=66b76cc50b456a30: dummy_return_one(x)
[12:09:51.671] [INFO] [run] subject=16, session=5, speed=9, trial=4, x__rid_x=d738e098c0caa5b1: dummy_return_one(x)
[12:09:51.672] [INFO] [run] subject=16, session=5, speed=9, trial=5, x__rid_x=26c7d1f6170d1233: dummy_return_one(x)
[12:09:51.673] [INFO] [run] subject=16, session=5, speed=9, trial=6, x__rid_x=cae059b84cc259c5: dummy_return_one(x)
[12:09:51.677] [INFO] [run] subject=16, session=5, speed=9, trial=7, x__rid_x=f24bbcb59cab080c: dummy_return_one(x)
[12:09:51.678] [INFO] [run] subject=17, session=1, speed=1, trial=1, x__rid_x=9f3327d1680f1482: dummy_return_one(x)
[12:09:51.679] [INFO] [run] subject=17, session=1, speed=1, trial=2, x__rid_x=1f6cef93bdad1f29: dummy_return_one(x)
[12:09:51.684] [INFO] [run] subject=17, session=1, speed=1, trial=3, x__rid_x=3ca191a852df2504: dummy_return_one(x)
[12:09:51.685] [INFO] [run] subject=17, session=1, speed=1, trial=4, x__rid_x=65a33362474671c3: dummy_return_one(x)
[12:09:51.686] [INFO] [run] subject=17, session=1, speed=1, trial=5, x__rid_x=1ce937bfb80d1e02: dummy_return_one(x)
[12:09:51.691] [INFO] [run] subject=17, session=1, speed=1, trial=6, x__rid_x=e787532aadb7fde8: dummy_return_one(x)
[12:09:51.691] [INFO] [run] subject=17, session=1, speed=1, trial=7, x__rid_x=3a67e51733cb234b: dummy_return_one(x)
[12:09:51.692] [INFO] [run] subject=17, session=1, speed=10, trial=1, x__rid_x=952fa1c6474c228e: dummy_return_one(x)
[12:09:51.698] [INFO] [run] subject=17, session=1, speed=10, trial=2, x__rid_x=81d0c3b9a79e06b1: dummy_return_one(x)
[12:09:51.699] [INFO] [run] subject=17, session=1, speed=10, trial=3, x__rid_x=4c4c46b55507b54d: dummy_return_one(x)
[12:09:51.704] [INFO] [run] subject=17, session=1, speed=10, trial=4, x__rid_x=6c123dc4f43345e0: dummy_return_one(x)
[12:09:51.705] [INFO] [run] subject=17, session=1, speed=10, trial=5, x__rid_x=1bfbc736f62f650c: dummy_return_one(x)
[12:09:51.705] [INFO] [run] subject=17, session=1, speed=10, trial=6, x__rid_x=a034f378a97647b5: dummy_return_one(x)
[12:09:51.711] [INFO] [run] subject=17, session=1, speed=10, trial=7, x__rid_x=61ec0a65c18474be: dummy_return_one(x)
[12:09:51.712] [INFO] [run] subject=17, session=1, speed=2, trial=1, x__rid_x=a40b5f318c61607f: dummy_return_one(x)
[12:09:51.712] [INFO] [run] subject=17, session=1, speed=2, trial=2, x__rid_x=058f67998ddf90a4: dummy_return_one(x)
[12:09:51.717] [INFO] [run] subject=17, session=1, speed=2, trial=3, x__rid_x=02168b6c0c46ab5f: dummy_return_one(x)
[12:09:51.719] [INFO] [run] subject=17, session=1, speed=2, trial=4, x__rid_x=8f35b6f9d698fc95: dummy_return_one(x)
[12:09:51.724] [INFO] [run] subject=17, session=1, speed=2, trial=5, x__rid_x=aac65f87d2283a6c: dummy_return_one(x)
[12:09:51.725] [INFO] [run] subject=17, session=1, speed=2, trial=6, x__rid_x=0a8d421e263f525c: dummy_return_one(x)
[12:09:51.725] [INFO] [run] subject=17, session=1, speed=2, trial=7, x__rid_x=b7c94c4f9204626a: dummy_return_one(x)
[12:09:51.731] [INFO] [run] subject=17, session=1, speed=3, trial=1, x__rid_x=bef3b823c00906c9: dummy_return_one(x)
[12:09:51.732] [INFO] [run] subject=17, session=1, speed=3, trial=2, x__rid_x=4f2f89e96d87f812: dummy_return_one(x)
[12:09:51.737] [INFO] [run] subject=17, session=1, speed=3, trial=3, x__rid_x=fa9090ce90d56fe5: dummy_return_one(x)
[12:09:51.738] [INFO] [run] subject=17, session=1, speed=3, trial=4, x__rid_x=04bc36105472c6c4: dummy_return_one(x)
[12:09:51.739] [INFO] [run] subject=17, session=1, speed=3, trial=5, x__rid_x=1b2106796a341a57: dummy_return_one(x)
[12:09:51.744] [INFO] [run] subject=17, session=1, speed=3, trial=6, x__rid_x=0e30e800427b4e76: dummy_return_one(x)
[12:09:51.745] [INFO] [run] subject=17, session=1, speed=3, trial=7, x__rid_x=45a4be70687e77f0: dummy_return_one(x)
[12:09:51.746] [INFO] [run] subject=17, session=1, speed=4, trial=1, x__rid_x=47d95b640e908666: dummy_return_one(x)
[12:09:51.751] [INFO] [run] subject=17, session=1, speed=4, trial=2, x__rid_x=9b9d15fdd6cc76bc: dummy_return_one(x)
[12:09:51.752] [INFO] [run] subject=17, session=1, speed=4, trial=3, x__rid_x=1bf8fe8b8e65a9f6: dummy_return_one(x)
[12:09:51.752] [INFO] [run] subject=17, session=1, speed=4, trial=4, x__rid_x=9a4c78a3867eac90: dummy_return_one(x)
[12:09:51.757] [INFO] [run] subject=17, session=1, speed=4, trial=5, x__rid_x=6e33084a5e82bd49: dummy_return_one(x)
[12:09:51.758] [INFO] [run] subject=17, session=1, speed=4, trial=6, x__rid_x=f5fc3fe99e75fddf: dummy_return_one(x)
[12:09:51.759] [INFO] [run] subject=17, session=1, speed=4, trial=7, x__rid_x=7fb3d3f31957b623: dummy_return_one(x)
[12:09:51.764] [INFO] [run] subject=17, session=1, speed=5, trial=1, x__rid_x=953a9314490b4b0a: dummy_return_one(x)
[12:09:51.765] [INFO] [run] subject=17, session=1, speed=5, trial=2, x__rid_x=5394e7be09bff22e: dummy_return_one(x)
[12:09:51.771] [INFO] [run] subject=17, session=1, speed=5, trial=3, x__rid_x=9bd28d6ee33b2f41: dummy_return_one(x)
[12:09:51.771] [INFO] [run] subject=17, session=1, speed=5, trial=4, x__rid_x=ced11cc497585d8b: dummy_return_one(x)
[12:09:51.772] [INFO] [run] subject=17, session=1, speed=5, trial=5, x__rid_x=df4f589c21f25ca8: dummy_return_one(x)
[12:09:51.777] [INFO] [run] subject=17, session=1, speed=5, trial=6, x__rid_x=f9a67ff3b0eb05e3: dummy_return_one(x)
[12:09:51.778] [INFO] [run] subject=17, session=1, speed=5, trial=7, x__rid_x=f6064e711141f136: dummy_return_one(x)
[12:09:51.779] [INFO] [run] subject=17, session=1, speed=6, trial=1, x__rid_x=25daa5f6a10bc4c8: dummy_return_one(x)
[12:09:51.784] [INFO] [run] subject=17, session=1, speed=6, trial=2, x__rid_x=3d401a5169ec68d4: dummy_return_one(x)
[12:09:51.785] [INFO] [run] subject=17, session=1, speed=6, trial=3, x__rid_x=cd650b0c3b67e749: dummy_return_one(x)
[12:09:51.786] [INFO] [run] subject=17, session=1, speed=6, trial=4, x__rid_x=b6df809c35571662: dummy_return_one(x)
[12:09:51.791] [INFO] [run] subject=17, session=1, speed=6, trial=5, x__rid_x=7e2f73ca84bd4d0d: dummy_return_one(x)
[12:09:51.791] [INFO] [run] subject=17, session=1, speed=6, trial=6, x__rid_x=38b3de5288f147f0: dummy_return_one(x)
[12:09:51.792] [INFO] [run] subject=17, session=1, speed=6, trial=7, x__rid_x=ed1131f01ea35897: dummy_return_one(x)
[12:09:51.797] [INFO] [run] subject=17, session=1, speed=7, trial=1, x__rid_x=7b6ca166d364b798: dummy_return_one(x)
[12:09:51.799] [INFO] [run] subject=17, session=1, speed=7, trial=2, x__rid_x=f973d74d09304d26: dummy_return_one(x)
[12:09:51.804] [INFO] [run] subject=17, session=1, speed=7, trial=3, x__rid_x=b51edebe713812ac: dummy_return_one(x)
[12:09:51.805] [INFO] [run] subject=17, session=1, speed=7, trial=4, x__rid_x=990ac907534bf91d: dummy_return_one(x)
[12:09:51.805] [INFO] [run] subject=17, session=1, speed=7, trial=5, x__rid_x=557c261d001705d7: dummy_return_one(x)
[12:09:51.811] [INFO] [run] subject=17, session=1, speed=7, trial=6, x__rid_x=973074238555f490: dummy_return_one(x)
[12:09:51.811] [INFO] [run] subject=17, session=1, speed=7, trial=7, x__rid_x=4c5ae27d7004b0f1: dummy_return_one(x)
[12:09:51.812] [INFO] [run] subject=17, session=1, speed=8, trial=1, x__rid_x=debd7474f23fddb8: dummy_return_one(x)
[12:09:51.818] [INFO] [run] subject=17, session=1, speed=8, trial=2, x__rid_x=84ee5b111275ff90: dummy_return_one(x)
[12:09:51.819] [INFO] [run] subject=17, session=1, speed=8, trial=3, x__rid_x=f16793e41efe0065: dummy_return_one(x)
[12:09:51.824] [INFO] [run] subject=17, session=1, speed=8, trial=4, x__rid_x=d1797cc917bec035: dummy_return_one(x)
[12:09:51.825] [INFO] [run] subject=17, session=1, speed=8, trial=5, x__rid_x=64f488183b43de51: dummy_return_one(x)
[12:09:51.826] [INFO] [run] subject=17, session=1, speed=8, trial=6, x__rid_x=ebe41b60715cf628: dummy_return_one(x)
[12:09:51.831] [INFO] [run] subject=17, session=1, speed=8, trial=7, x__rid_x=a2bb4f7f277030c7: dummy_return_one(x)
[12:09:51.832] [INFO] [run] subject=17, session=1, speed=9, trial=1, x__rid_x=4c98480f244c3c42: dummy_return_one(x)
[12:09:51.838] [INFO] [run] subject=17, session=1, speed=9, trial=2, x__rid_x=3ffe33015f1468e4: dummy_return_one(x)
[12:09:51.839] [INFO] [run] subject=17, session=1, speed=9, trial=3, x__rid_x=375f8cb4c7959344: dummy_return_one(x)
[12:09:51.839] [INFO] [run] subject=17, session=1, speed=9, trial=4, x__rid_x=84e4e67b09cc9052: dummy_return_one(x)
[12:09:51.844] [INFO] [run] subject=17, session=1, speed=9, trial=5, x__rid_x=64a86708b741ffcb: dummy_return_one(x)
[12:09:51.845] [INFO] [run] subject=17, session=1, speed=9, trial=6, x__rid_x=7de264aa4a386575: dummy_return_one(x)
[12:09:51.846] [INFO] [run] subject=17, session=1, speed=9, trial=7, x__rid_x=6694d37f0f87b5b6: dummy_return_one(x)
[12:09:51.851] [INFO] [run] subject=17, session=2, speed=1, trial=1, x__rid_x=667475d0995faa37: dummy_return_one(x)
[12:09:51.852] [INFO] [run] subject=17, session=2, speed=1, trial=2, x__rid_x=287962bab6463392: dummy_return_one(x)
[12:09:51.853] [INFO] [run] subject=17, session=2, speed=1, trial=3, x__rid_x=29fcc23ccd92bc7f: dummy_return_one(x)
[12:09:51.858] [INFO] [run] subject=17, session=2, speed=1, trial=4, x__rid_x=110f327ba006c72a: dummy_return_one(x)
[12:09:51.859] [INFO] [run] subject=17, session=2, speed=1, trial=5, x__rid_x=7e0b35769e231f59: dummy_return_one(x)
[12:09:51.859] [INFO] [run] subject=17, session=2, speed=1, trial=6, x__rid_x=83d487c5f3177ca4: dummy_return_one(x)
[12:09:51.865] [INFO] [run] subject=17, session=2, speed=1, trial=7, x__rid_x=15f4d1a595cdf3d7: dummy_return_one(x)
[12:09:51.866] [INFO] [run] subject=17, session=2, speed=10, trial=1, x__rid_x=de374e877108f22e: dummy_return_one(x)
[12:09:51.871] [INFO] [run] subject=17, session=2, speed=10, trial=2, x__rid_x=5ceeba8e3a5650ff: dummy_return_one(x)
[12:09:51.872] [INFO] [run] subject=17, session=2, speed=10, trial=3, x__rid_x=182006d27903344b: dummy_return_one(x)
[12:09:51.873] [INFO] [run] subject=17, session=2, speed=10, trial=4, x__rid_x=50284690812f05fe: dummy_return_one(x)
[12:09:51.878] [INFO] [run] subject=17, session=2, speed=10, trial=5, x__rid_x=e158ecaf45803e17: dummy_return_one(x)
[12:09:51.879] [INFO] [run] subject=17, session=2, speed=10, trial=6, x__rid_x=32b3f885df52b213: dummy_return_one(x)
[12:09:51.879] [INFO] [run] subject=17, session=2, speed=10, trial=7, x__rid_x=91e1d5ebbd2204f8: dummy_return_one(x)
[12:09:51.885] [INFO] [run] subject=17, session=2, speed=2, trial=1, x__rid_x=fd49f0052d47b8bd: dummy_return_one(x)
[12:09:51.886] [INFO] [run] subject=17, session=2, speed=2, trial=2, x__rid_x=a55526faa443b682: dummy_return_one(x)
[12:09:51.887] [INFO] [run] subject=17, session=2, speed=2, trial=3, x__rid_x=ee3b1031268e15c9: dummy_return_one(x)
[12:09:51.892] [INFO] [run] subject=17, session=2, speed=2, trial=4, x__rid_x=41adb7a9e31dc82c: dummy_return_one(x)
[12:09:51.893] [INFO] [run] subject=17, session=2, speed=2, trial=5, x__rid_x=198fedf57f16b7c3: dummy_return_one(x)
[12:09:51.893] [INFO] [run] subject=17, session=2, speed=2, trial=6, x__rid_x=bf75b90c110ab15f: dummy_return_one(x)
[12:09:51.899] [INFO] [run] subject=17, session=2, speed=2, trial=7, x__rid_x=700f0118d7371cdb: dummy_return_one(x)
[12:09:51.900] [INFO] [run] subject=17, session=2, speed=3, trial=1, x__rid_x=2a4350d90d2ca56a: dummy_return_one(x)
[12:09:51.905] [INFO] [run] subject=17, session=2, speed=3, trial=2, x__rid_x=bbe471d6b50d71a5: dummy_return_one(x)
[12:09:51.906] [INFO] [run] subject=17, session=2, speed=3, trial=3, x__rid_x=8a23df2816043a30: dummy_return_one(x)
[12:09:51.907] [INFO] [run] subject=17, session=2, speed=3, trial=4, x__rid_x=eaf86e0d221369d9: dummy_return_one(x)
[12:09:51.912] [INFO] [run] subject=17, session=2, speed=3, trial=5, x__rid_x=7dbc6a2bf0d42f82: dummy_return_one(x)
[12:09:51.913] [INFO] [run] subject=17, session=2, speed=3, trial=6, x__rid_x=d24473f1ac94527d: dummy_return_one(x)
[12:09:51.914] [INFO] [run] subject=17, session=2, speed=3, trial=7, x__rid_x=07ebd795ca6fd621: dummy_return_one(x)
[12:09:51.919] [INFO] [run] subject=17, session=2, speed=4, trial=1, x__rid_x=3947323ed4978cd7: dummy_return_one(x)
[12:09:51.920] [INFO] [run] subject=17, session=2, speed=4, trial=2, x__rid_x=f5df67d5e4d86d74: dummy_return_one(x)
[12:09:51.920] [INFO] [run] subject=17, session=2, speed=4, trial=3, x__rid_x=4e51bfc7c3d95f10: dummy_return_one(x)
[12:09:51.926] [INFO] [run] subject=17, session=2, speed=4, trial=4, x__rid_x=48dca8b82b07253c: dummy_return_one(x)
[12:09:51.926] [INFO] [run] subject=17, session=2, speed=4, trial=5, x__rid_x=2e77b1626ac9084c: dummy_return_one(x)
[12:09:51.927] [INFO] [run] subject=17, session=2, speed=4, trial=6, x__rid_x=462a0f0a56b092cc: dummy_return_one(x)
[12:09:51.933] [INFO] [run] subject=17, session=2, speed=4, trial=7, x__rid_x=3bbb7b8c8395ae7a: dummy_return_one(x)
[12:09:51.934] [INFO] [run] subject=17, session=2, speed=5, trial=1, x__rid_x=7091de69b599b56a: dummy_return_one(x)
[12:09:51.934] [INFO] [run] subject=17, session=2, speed=5, trial=2, x__rid_x=59ad838153418967: dummy_return_one(x)
[12:09:51.939] [INFO] [run] subject=17, session=2, speed=5, trial=3, x__rid_x=4bee1547eecac75f: dummy_return_one(x)
[12:09:51.940] [INFO] [run] subject=17, session=2, speed=5, trial=4, x__rid_x=e41ddc9be00a1160: dummy_return_one(x)
[12:09:51.941] [INFO] [run] subject=17, session=2, speed=5, trial=5, x__rid_x=ce95d8bd6bf1dfe3: dummy_return_one(x)
[12:09:51.946] [INFO] [run] subject=17, session=2, speed=5, trial=6, x__rid_x=92970f90506ea947: dummy_return_one(x)
[12:09:51.947] [INFO] [run] subject=17, session=2, speed=5, trial=7, x__rid_x=5eacd424321eed55: dummy_return_one(x)
[12:09:51.948] [INFO] [run] subject=17, session=2, speed=6, trial=1, x__rid_x=2d739a2a3637c894: dummy_return_one(x)
[12:09:51.953] [INFO] [run] subject=17, session=2, speed=6, trial=2, x__rid_x=749ff055c355e5c1: dummy_return_one(x)
[12:09:51.954] [INFO] [run] subject=17, session=2, speed=6, trial=3, x__rid_x=aa22678e06f4a102: dummy_return_one(x)
[12:09:51.954] [INFO] [run] subject=17, session=2, speed=6, trial=4, x__rid_x=9e7ebb34a7319a08: dummy_return_one(x)
[12:09:51.960] [INFO] [run] subject=17, session=2, speed=6, trial=5, x__rid_x=b7182a03678657a9: dummy_return_one(x)
[12:09:51.961] [INFO] [run] subject=17, session=2, speed=6, trial=6, x__rid_x=d7f8c3d058b43555: dummy_return_one(x)
[12:09:51.967] [INFO] [run] subject=17, session=2, speed=6, trial=7, x__rid_x=e6e72f171d9f791d: dummy_return_one(x)
[12:09:51.968] [INFO] [run] subject=17, session=2, speed=7, trial=1, x__rid_x=8f003543e9ec67bd: dummy_return_one(x)
[12:09:51.968] [INFO] [run] subject=17, session=2, speed=7, trial=2, x__rid_x=7f91044ac4253828: dummy_return_one(x)
[12:09:51.973] [INFO] [run] subject=17, session=2, speed=7, trial=3, x__rid_x=00137ecb2348dddb: dummy_return_one(x)
[12:09:51.974] [INFO] [run] subject=17, session=2, speed=7, trial=4, x__rid_x=6f2b1596917f76f9: dummy_return_one(x)
[12:09:51.975] [INFO] [run] subject=17, session=2, speed=7, trial=5, x__rid_x=e65c88a3c7d6934d: dummy_return_one(x)
[12:09:51.980] [INFO] [run] subject=17, session=2, speed=7, trial=6, x__rid_x=b50cf94d8a45818c: dummy_return_one(x)
[12:09:51.982] [INFO] [run] subject=17, session=2, speed=7, trial=7, x__rid_x=bdad2bbc2e80c8e7: dummy_return_one(x)
[12:09:51.987] [INFO] [run] subject=17, session=2, speed=8, trial=1, x__rid_x=303b504871660dd5: dummy_return_one(x)
[12:09:51.988] [INFO] [run] subject=17, session=2, speed=8, trial=2, x__rid_x=2959f0deae391c75: dummy_return_one(x)
[12:09:51.989] [INFO] [run] subject=17, session=2, speed=8, trial=3, x__rid_x=42a88eb34fadd93f: dummy_return_one(x)
[12:09:51.994] [INFO] [run] subject=17, session=2, speed=8, trial=4, x__rid_x=25cb38d0ef369d29: dummy_return_one(x)
[12:09:51.994] [INFO] [run] subject=17, session=2, speed=8, trial=5, x__rid_x=0824ba0a47bdef5c: dummy_return_one(x)
[12:09:51.995] [INFO] [run] subject=17, session=2, speed=8, trial=6, x__rid_x=a96f13a207e506e2: dummy_return_one(x)
[12:09:52.001] [INFO] [run] subject=17, session=2, speed=8, trial=7, x__rid_x=ee4448ad0dc5d3eb: dummy_return_one(x)
[12:09:52.002] [INFO] [run] subject=17, session=2, speed=9, trial=1, x__rid_x=dca0493de6b34a1a: dummy_return_one(x)
[12:09:52.002] [INFO] [run] subject=17, session=2, speed=9, trial=2, x__rid_x=abd4b2df7ddf5c66: dummy_return_one(x)
[12:09:52.007] [INFO] [run] subject=17, session=2, speed=9, trial=3, x__rid_x=a20fc91ac83b3f15: dummy_return_one(x)
[12:09:52.008] [INFO] [run] subject=17, session=2, speed=9, trial=4, x__rid_x=d8a5283f8bccd3bb: dummy_return_one(x)
[12:09:52.009] [INFO] [run] subject=17, session=2, speed=9, trial=5, x__rid_x=6555d678f0a46f73: dummy_return_one(x)
[12:09:52.014] [INFO] [run] subject=17, session=2, speed=9, trial=6, x__rid_x=527054cd05f24573: dummy_return_one(x)
[12:09:52.016] [INFO] [run] subject=17, session=2, speed=9, trial=7, x__rid_x=256ea8d2a0095f91: dummy_return_one(x)
[12:09:52.021] [INFO] [run] subject=17, session=3, speed=1, trial=1, x__rid_x=a2384c855bf8e3ea: dummy_return_one(x)
[12:09:52.022] [INFO] [run] subject=17, session=3, speed=1, trial=2, x__rid_x=1c28d66a6bf50fcb: dummy_return_one(x)
[12:09:52.023] [INFO] [run] subject=17, session=3, speed=1, trial=3, x__rid_x=eb50e60a396ef66d: dummy_return_one(x)
[12:09:52.028] [INFO] [run] subject=17, session=3, speed=1, trial=4, x__rid_x=6e95b20ccb1a6a8f: dummy_return_one(x)
[12:09:52.029] [INFO] [run] subject=17, session=3, speed=1, trial=5, x__rid_x=a6e7107dfbed847d: dummy_return_one(x)
[12:09:52.029] [INFO] [run] subject=17, session=3, speed=1, trial=6, x__rid_x=84a9cb04db8a5c7e: dummy_return_one(x)
[12:09:52.035] [INFO] [run] subject=17, session=3, speed=1, trial=7, x__rid_x=b1d619d79e1177d5: dummy_return_one(x)
[12:09:52.036] [INFO] [run] subject=17, session=3, speed=10, trial=1, x__rid_x=61f5f1198514d233: dummy_return_one(x)
[12:09:52.037] [INFO] [run] subject=17, session=3, speed=10, trial=2, x__rid_x=ea74e23b9b3b7e57: dummy_return_one(x)
[12:09:52.042] [INFO] [run] subject=17, session=3, speed=10, trial=3, x__rid_x=fedf2a34b0af118a: dummy_return_one(x)
[12:09:52.042] [INFO] [run] subject=17, session=3, speed=10, trial=4, x__rid_x=c7d22e08824680e2: dummy_return_one(x)
[12:09:52.043] [INFO] [run] subject=17, session=3, speed=10, trial=5, x__rid_x=596ab0964cd84424: dummy_return_one(x)
[12:09:52.049] [INFO] [run] subject=17, session=3, speed=10, trial=6, x__rid_x=3c8ae71bd368512a: dummy_return_one(x)
[12:09:52.050] [INFO] [run] subject=17, session=3, speed=10, trial=7, x__rid_x=c411dd85d6068185: dummy_return_one(x)
[12:09:52.055] [INFO] [run] subject=17, session=3, speed=2, trial=1, x__rid_x=760c9af8c8a0e3c1: dummy_return_one(x)
[12:09:52.056] [INFO] [run] subject=17, session=3, speed=2, trial=2, x__rid_x=1f61e3cde31bdae6: dummy_return_one(x)
[12:09:52.057] [INFO] [run] subject=17, session=3, speed=2, trial=3, x__rid_x=abf68466c628bb2a: dummy_return_one(x)
[12:09:52.062] [INFO] [run] subject=17, session=3, speed=2, trial=4, x__rid_x=4efe7c5b0894a549: dummy_return_one(x)
[12:09:52.063] [INFO] [run] subject=17, session=3, speed=2, trial=5, x__rid_x=8e68ce34f1cd636d: dummy_return_one(x)
[12:09:52.064] [INFO] [run] subject=17, session=3, speed=2, trial=6, x__rid_x=5cc126ded4581468: dummy_return_one(x)
[12:09:52.069] [INFO] [run] subject=17, session=3, speed=2, trial=7, x__rid_x=626daab383e0a26a: dummy_return_one(x)
[12:09:52.070] [INFO] [run] subject=17, session=3, speed=3, trial=1, x__rid_x=97eb1a093b0b01b1: dummy_return_one(x)
[12:09:52.071] [INFO] [run] subject=17, session=3, speed=3, trial=2, x__rid_x=b30d8d1be675c2a2: dummy_return_one(x)
[12:09:52.076] [INFO] [run] subject=17, session=3, speed=3, trial=3, x__rid_x=0e2872b8da8b5b1b: dummy_return_one(x)
[12:09:52.077] [INFO] [run] subject=17, session=3, speed=3, trial=4, x__rid_x=cffc9ea4762e9ce8: dummy_return_one(x)
[12:09:52.078] [INFO] [run] subject=17, session=3, speed=3, trial=5, x__rid_x=630a34904d0e7015: dummy_return_one(x)
[12:09:52.083] [INFO] [run] subject=17, session=3, speed=3, trial=6, x__rid_x=ffd201b01a99e6a0: dummy_return_one(x)
[12:09:52.084] [INFO] [run] subject=17, session=3, speed=3, trial=7, x__rid_x=d19576e5455d2636: dummy_return_one(x)
[12:09:52.090] [INFO] [run] subject=17, session=3, speed=4, trial=1, x__rid_x=c524755258482921: dummy_return_one(x)
[12:09:52.091] [INFO] [run] subject=17, session=3, speed=4, trial=2, x__rid_x=5391f2280976ffad: dummy_return_one(x)
[12:09:52.091] [INFO] [run] subject=17, session=3, speed=4, trial=3, x__rid_x=89b0a89869717669: dummy_return_one(x)
[12:09:52.097] [INFO] [run] subject=17, session=3, speed=4, trial=4, x__rid_x=c7a6d2e9993e3b24: dummy_return_one(x)
[12:09:52.098] [INFO] [run] subject=17, session=3, speed=4, trial=5, x__rid_x=b7df4b5ad86769b6: dummy_return_one(x)
[12:09:52.099] [INFO] [run] subject=17, session=3, speed=4, trial=6, x__rid_x=ec5688fed713d0f3: dummy_return_one(x)
[12:09:52.104] [INFO] [run] subject=17, session=3, speed=4, trial=7, x__rid_x=d541ecbdb194a244: dummy_return_one(x)
[12:09:52.104] [INFO] [run] subject=17, session=3, speed=5, trial=1, x__rid_x=513ded3e608a0565: dummy_return_one(x)
[12:09:52.105] [INFO] [run] subject=17, session=3, speed=5, trial=2, x__rid_x=54268205211f0919: dummy_return_one(x)
[12:09:52.110] [INFO] [run] subject=17, session=3, speed=5, trial=3, x__rid_x=60d6e9972735b643: dummy_return_one(x)
[12:09:52.111] [INFO] [run] subject=17, session=3, speed=5, trial=4, x__rid_x=d70c0e39c29e5814: dummy_return_one(x)
[12:09:52.112] [INFO] [run] subject=17, session=3, speed=5, trial=5, x__rid_x=58bf72514becabf7: dummy_return_one(x)
[12:09:52.118] [INFO] [run] subject=17, session=3, speed=5, trial=6, x__rid_x=2bfb3c17774a1e4d: dummy_return_one(x)
[12:09:52.119] [INFO] [run] subject=17, session=3, speed=5, trial=7, x__rid_x=ef0d3ae3f87cebe7: dummy_return_one(x)
[12:09:52.119] [INFO] [run] subject=17, session=3, speed=6, trial=1, x__rid_x=ae170bf2cd73c502: dummy_return_one(x)
[12:09:52.124] [INFO] [run] subject=17, session=3, speed=6, trial=2, x__rid_x=d39fad4ef7695d54: dummy_return_one(x)
[12:09:52.125] [INFO] [run] subject=17, session=3, speed=6, trial=3, x__rid_x=27ae76e7fca1026e: dummy_return_one(x)
[12:09:52.126] [INFO] [run] subject=17, session=3, speed=6, trial=4, x__rid_x=6037f75f65783939: dummy_return_one(x)
[12:09:52.131] [INFO] [run] subject=17, session=3, speed=6, trial=5, x__rid_x=a88b68aba3fd9c7c: dummy_return_one(x)
[12:09:52.133] [INFO] [run] subject=17, session=3, speed=6, trial=6, x__rid_x=e9d9bee0a59a8e7b: dummy_return_one(x)
[12:09:52.138] [INFO] [run] subject=17, session=3, speed=6, trial=7, x__rid_x=0aff09f1fc75bd2c: dummy_return_one(x)
[12:09:52.139] [INFO] [run] subject=17, session=3, speed=7, trial=1, x__rid_x=adf48c05d64d542a: dummy_return_one(x)
[12:09:52.140] [INFO] [run] subject=17, session=3, speed=7, trial=2, x__rid_x=714d40f60f2964a1: dummy_return_one(x)
[12:09:52.145] [INFO] [run] subject=17, session=3, speed=7, trial=3, x__rid_x=1cd2d4bf69c702df: dummy_return_one(x)
[12:09:52.146] [INFO] [run] subject=17, session=3, speed=7, trial=4, x__rid_x=eeadcef2ab00db9b: dummy_return_one(x)
[12:09:52.146] [INFO] [run] subject=17, session=3, speed=7, trial=5, x__rid_x=f80ca6d491e4d204: dummy_return_one(x)
[12:09:52.152] [INFO] [run] subject=17, session=3, speed=7, trial=6, x__rid_x=43f37da287d17669: dummy_return_one(x)
[12:09:52.153] [INFO] [run] subject=17, session=3, speed=7, trial=7, x__rid_x=1b7182babd06ce4d: dummy_return_one(x)
[12:09:52.159] [INFO] [run] subject=17, session=3, speed=8, trial=1, x__rid_x=502b14334a186db9: dummy_return_one(x)
[12:09:52.160] [INFO] [run] subject=17, session=3, speed=8, trial=2, x__rid_x=75424934fa698fc1: dummy_return_one(x)
[12:09:52.160] [INFO] [run] subject=17, session=3, speed=8, trial=3, x__rid_x=77cabeba2d56631f: dummy_return_one(x)
[12:09:52.166] [INFO] [run] subject=17, session=3, speed=8, trial=4, x__rid_x=43c832f2499254bb: dummy_return_one(x)
[12:09:52.167] [INFO] [run] subject=17, session=3, speed=8, trial=5, x__rid_x=2c6d41bae723e9c9: dummy_return_one(x)
[12:09:52.173] [INFO] [run] subject=17, session=3, speed=8, trial=6, x__rid_x=f50399e83da83d12: dummy_return_one(x)
[12:09:52.174] [INFO] [run] subject=17, session=3, speed=8, trial=7, x__rid_x=c8026163aaa7f3e2: dummy_return_one(x)
[12:09:52.174] [INFO] [run] subject=17, session=3, speed=9, trial=1, x__rid_x=3a50aabf3127b05c: dummy_return_one(x)
[12:09:52.180] [INFO] [run] subject=17, session=3, speed=9, trial=2, x__rid_x=075c3237a7e4545a: dummy_return_one(x)
[12:09:52.181] [INFO] [run] subject=17, session=3, speed=9, trial=3, x__rid_x=48b78b6b787203f6: dummy_return_one(x)
[12:09:52.182] [INFO] [run] subject=17, session=3, speed=9, trial=4, x__rid_x=1a1bd494b40dfbec: dummy_return_one(x)
[12:09:52.187] [INFO] [run] subject=17, session=3, speed=9, trial=5, x__rid_x=e3c1178d9e8003c5: dummy_return_one(x)
[12:09:52.187] [INFO] [run] subject=17, session=3, speed=9, trial=6, x__rid_x=78c76e51862bc183: dummy_return_one(x)
[12:09:52.188] [INFO] [run] subject=17, session=3, speed=9, trial=7, x__rid_x=e7a11d70218bfa00: dummy_return_one(x)
[12:09:52.194] [INFO] [run] subject=17, session=4, speed=1, trial=1, x__rid_x=e93a54131a5802f5: dummy_return_one(x)
[12:09:52.194] [INFO] [run] subject=17, session=4, speed=1, trial=2, x__rid_x=2163dc8a3722d1a2: dummy_return_one(x)
[12:09:52.195] [INFO] [run] subject=17, session=4, speed=1, trial=3, x__rid_x=a94cb7bc4a09a9a9: dummy_return_one(x)
[12:09:52.201] [INFO] [run] subject=17, session=4, speed=1, trial=4, x__rid_x=5dd2979b70827abc: dummy_return_one(x)
[12:09:52.208] [INFO] [run] subject=17, session=4, speed=1, trial=5, x__rid_x=4982e33c8ffd1318: dummy_return_one(x)
[12:09:52.208] [INFO] [run] subject=17, session=4, speed=1, trial=6, x__rid_x=df06e82c54d9b241: dummy_return_one(x)
[12:09:52.209] [INFO] [run] subject=17, session=4, speed=1, trial=7, x__rid_x=02c8663fa8402c84: dummy_return_one(x)
[12:09:52.215] [INFO] [run] subject=17, session=4, speed=10, trial=1, x__rid_x=d5aa3f2deba61110: dummy_return_one(x)
[12:09:52.216] [INFO] [run] subject=17, session=4, speed=10, trial=2, x__rid_x=712c9c3dedf15c50: dummy_return_one(x)
[12:09:52.221] [INFO] [run] subject=17, session=4, speed=10, trial=3, x__rid_x=f117a8bccdfdb2ac: dummy_return_one(x)
[12:09:52.222] [INFO] [run] subject=17, session=4, speed=10, trial=4, x__rid_x=276f4d75a76f3452: dummy_return_one(x)
[12:09:52.223] [INFO] [run] subject=17, session=4, speed=10, trial=5, x__rid_x=f38c3bb2e554c215: dummy_return_one(x)
[12:09:52.228] [INFO] [run] subject=17, session=4, speed=10, trial=6, x__rid_x=cca9d5b872693470: dummy_return_one(x)
[12:09:52.229] [INFO] [run] subject=17, session=4, speed=10, trial=7, x__rid_x=6ea1531d25cf4271: dummy_return_one(x)
[12:09:52.230] [INFO] [run] subject=17, session=4, speed=2, trial=1, x__rid_x=f2b0ab821892c564: dummy_return_one(x)
[12:09:52.235] [INFO] [run] subject=17, session=4, speed=2, trial=2, x__rid_x=cad7930187c8798e: dummy_return_one(x)
[12:09:52.237] [INFO] [run] subject=17, session=4, speed=2, trial=3, x__rid_x=ae8bdf911d1f3690: dummy_return_one(x)
[12:09:52.242] [INFO] [run] subject=17, session=4, speed=2, trial=4, x__rid_x=e9e1572e330b839b: dummy_return_one(x)
[12:09:52.243] [INFO] [run] subject=17, session=4, speed=2, trial=5, x__rid_x=c4b490f0026838c1: dummy_return_one(x)
[12:09:52.244] [INFO] [run] subject=17, session=4, speed=2, trial=6, x__rid_x=6277053c8c4b5662: dummy_return_one(x)
[12:09:52.249] [INFO] [run] subject=17, session=4, speed=2, trial=7, x__rid_x=e907c6fe5e36c3b1: dummy_return_one(x)
[12:09:52.250] [INFO] [run] subject=17, session=4, speed=3, trial=1, x__rid_x=912b6d4ef90af27d: dummy_return_one(x)
[12:09:52.251] [INFO] [run] subject=17, session=4, speed=3, trial=2, x__rid_x=7cfc67fe8f698bfa: dummy_return_one(x)
[12:09:52.256] [INFO] [run] subject=17, session=4, speed=3, trial=3, x__rid_x=4a4b2c3111069fd5: dummy_return_one(x)
[12:09:52.257] [INFO] [run] subject=17, session=4, speed=3, trial=4, x__rid_x=9ae95cac18410cb0: dummy_return_one(x)
[12:09:52.257] [INFO] [run] subject=17, session=4, speed=3, trial=5, x__rid_x=f8018584049022cc: dummy_return_one(x)
[12:09:52.263] [INFO] [run] subject=17, session=4, speed=3, trial=6, x__rid_x=4fd76a452dc6f37d: dummy_return_one(x)
[12:09:52.264] [INFO] [run] subject=17, session=4, speed=3, trial=7, x__rid_x=437bd5c7f856aa43: dummy_return_one(x)
[12:09:52.270] [INFO] [run] subject=17, session=4, speed=4, trial=1, x__rid_x=2f49248f7a80a94d: dummy_return_one(x)
[12:09:52.271] [INFO] [run] subject=17, session=4, speed=4, trial=2, x__rid_x=32911706b38cff19: dummy_return_one(x)
[12:09:52.272] [INFO] [run] subject=17, session=4, speed=4, trial=3, x__rid_x=859c2850b471da51: dummy_return_one(x)
[12:09:52.277] [INFO] [run] subject=17, session=4, speed=4, trial=4, x__rid_x=d0ab66e539e1fa44: dummy_return_one(x)
[12:09:52.278] [INFO] [run] subject=17, session=4, speed=4, trial=5, x__rid_x=6cb9541537afd302: dummy_return_one(x)
[12:09:52.279] [INFO] [run] subject=17, session=4, speed=4, trial=6, x__rid_x=44680d457b4262ba: dummy_return_one(x)
[12:09:52.284] [INFO] [run] subject=17, session=4, speed=4, trial=7, x__rid_x=c65c328dc8798e4b: dummy_return_one(x)
[12:09:52.285] [INFO] [run] subject=17, session=4, speed=5, trial=1, x__rid_x=ca1c50bbdec62623: dummy_return_one(x)
[12:09:52.291] [INFO] [run] subject=17, session=4, speed=5, trial=2, x__rid_x=ffd1b566cda943bb: dummy_return_one(x)
[12:09:52.292] [INFO] [run] subject=17, session=4, speed=5, trial=3, x__rid_x=424084893bbf71ed: dummy_return_one(x)
[12:09:52.292] [INFO] [run] subject=17, session=4, speed=5, trial=4, x__rid_x=03cfa781d6aa55cd: dummy_return_one(x)
[12:09:52.298] [INFO] [run] subject=17, session=4, speed=5, trial=5, x__rid_x=4155d50d9a224019: dummy_return_one(x)
[12:09:52.299] [INFO] [run] subject=17, session=4, speed=5, trial=6, x__rid_x=92c3864270ddf031: dummy_return_one(x)
[12:09:52.300] [INFO] [run] subject=17, session=4, speed=5, trial=7, x__rid_x=76cf4a17506414fd: dummy_return_one(x)
[12:09:52.305] [INFO] [run] subject=17, session=4, speed=6, trial=1, x__rid_x=25dedcc52c3a41b0: dummy_return_one(x)
[12:09:52.306] [INFO] [run] subject=17, session=4, speed=6, trial=2, x__rid_x=d2a678b51980f93b: dummy_return_one(x)
[12:09:52.306] [INFO] [run] subject=17, session=4, speed=6, trial=3, x__rid_x=bd279709a5f92d72: dummy_return_one(x)
[12:09:52.312] [INFO] [run] subject=17, session=4, speed=6, trial=4, x__rid_x=99b087b2b53b603b: dummy_return_one(x)
[12:09:52.313] [INFO] [run] subject=17, session=4, speed=6, trial=5, x__rid_x=d8a52d772c30fa33: dummy_return_one(x)
[12:09:52.314] [INFO] [run] subject=17, session=4, speed=6, trial=6, x__rid_x=442848af33f921d5: dummy_return_one(x)
[12:09:52.319] [INFO] [run] subject=17, session=4, speed=6, trial=7, x__rid_x=436603c129ae9c3a: dummy_return_one(x)
[12:09:52.320] [INFO] [run] subject=17, session=4, speed=7, trial=1, x__rid_x=8a66426364934cc1: dummy_return_one(x)
[12:09:52.321] [INFO] [run] subject=17, session=4, speed=7, trial=2, x__rid_x=69dc7514554ec291: dummy_return_one(x)
[12:09:52.326] [INFO] [run] subject=17, session=4, speed=7, trial=3, x__rid_x=f7e4b74fe91276f2: dummy_return_one(x)
[12:09:52.327] [INFO] [run] subject=17, session=4, speed=7, trial=4, x__rid_x=40eb9838da8bcaf9: dummy_return_one(x)
[12:09:52.328] [INFO] [run] subject=17, session=4, speed=7, trial=5, x__rid_x=e08c8f058433f173: dummy_return_one(x)
[12:09:52.333] [INFO] [run] subject=17, session=4, speed=7, trial=6, x__rid_x=a3d4de6daa2d0643: dummy_return_one(x)
[12:09:52.335] [INFO] [run] subject=17, session=4, speed=7, trial=7, x__rid_x=1e7d984de5b3c01d: dummy_return_one(x)
[12:09:52.340] [INFO] [run] subject=17, session=4, speed=8, trial=1, x__rid_x=bde6a4009bfdbdaf: dummy_return_one(x)
[12:09:52.341] [INFO] [run] subject=17, session=4, speed=8, trial=2, x__rid_x=1f8e64c4f6eaf409: dummy_return_one(x)
[12:09:52.342] [INFO] [run] subject=17, session=4, speed=8, trial=3, x__rid_x=c79350646db8aac1: dummy_return_one(x)
[12:09:52.347] [INFO] [run] subject=17, session=4, speed=8, trial=4, x__rid_x=ac868fdda9ba4378: dummy_return_one(x)
[12:09:52.348] [INFO] [run] subject=17, session=4, speed=8, trial=5, x__rid_x=ae6c1adf082e5a0e: dummy_return_one(x)
[12:09:52.354] [INFO] [run] subject=17, session=4, speed=8, trial=6, x__rid_x=61f40d9a2fa6a110: dummy_return_one(x)
[12:09:52.355] [INFO] [run] subject=17, session=4, speed=8, trial=7, x__rid_x=c86bed7a3c53a382: dummy_return_one(x)
[12:09:52.356] [INFO] [run] subject=17, session=4, speed=9, trial=1, x__rid_x=924ff2b545dcbc1a: dummy_return_one(x)
[12:09:52.361] [INFO] [run] subject=17, session=4, speed=9, trial=2, x__rid_x=2851786f231718d9: dummy_return_one(x)
[12:09:52.362] [INFO] [run] subject=17, session=4, speed=9, trial=3, x__rid_x=7d8fa52f770f0fe3: dummy_return_one(x)
[12:09:52.362] [INFO] [run] subject=17, session=4, speed=9, trial=4, x__rid_x=15b0c57311bb4be8: dummy_return_one(x)
[12:09:52.368] [INFO] [run] subject=17, session=4, speed=9, trial=5, x__rid_x=7ae5e8b1b8273eef: dummy_return_one(x)
[12:09:52.369] [INFO] [run] subject=17, session=4, speed=9, trial=6, x__rid_x=5165db12f0d9ede9: dummy_return_one(x)
[12:09:52.375] [INFO] [run] subject=17, session=4, speed=9, trial=7, x__rid_x=b442c8619b76d9b2: dummy_return_one(x)
[12:09:52.376] [INFO] [run] subject=17, session=5, speed=1, trial=1, x__rid_x=ae29bb5cdbc103ad: dummy_return_one(x)
[12:09:52.376] [INFO] [run] subject=17, session=5, speed=1, trial=2, x__rid_x=d3458da90248a226: dummy_return_one(x)
[12:09:52.382] [INFO] [run] subject=17, session=5, speed=1, trial=3, x__rid_x=b878db6a5c058e9e: dummy_return_one(x)
[12:09:52.383] [INFO] [run] subject=17, session=5, speed=1, trial=4, x__rid_x=9552b13a767db8bd: dummy_return_one(x)
[12:09:52.389] [INFO] [run] subject=17, session=5, speed=1, trial=5, x__rid_x=537b175233f6779c: dummy_return_one(x)
[12:09:52.390] [INFO] [run] subject=17, session=5, speed=1, trial=6, x__rid_x=24fb795f71d045cc: dummy_return_one(x)
[12:09:52.391] [INFO] [run] subject=17, session=5, speed=1, trial=7, x__rid_x=4621f3b95cc8e8cc: dummy_return_one(x)
[12:09:52.396] [INFO] [run] subject=17, session=5, speed=10, trial=1, x__rid_x=61a1c7afdd6bec98: dummy_return_one(x)
[12:09:52.397] [INFO] [run] subject=17, session=5, speed=10, trial=2, x__rid_x=c5173836d1670510: dummy_return_one(x)
[12:09:52.403] [INFO] [run] subject=17, session=5, speed=10, trial=3, x__rid_x=425a187d261ba7ac: dummy_return_one(x)
[12:09:52.404] [INFO] [run] subject=17, session=5, speed=10, trial=4, x__rid_x=56b416ad4513baa4: dummy_return_one(x)
[12:09:52.405] [INFO] [run] subject=17, session=5, speed=10, trial=5, x__rid_x=df881a4a0412975c: dummy_return_one(x)
[12:09:52.410] [INFO] [run] subject=17, session=5, speed=10, trial=6, x__rid_x=4eaedc5ca96bdd1a: dummy_return_one(x)
[12:09:52.411] [INFO] [run] subject=17, session=5, speed=10, trial=7, x__rid_x=97886c2cf8130ed6: dummy_return_one(x)
[12:09:52.412] [INFO] [run] subject=17, session=5, speed=2, trial=1, x__rid_x=31918512c0b28c2d: dummy_return_one(x)
[12:09:52.417] [INFO] [run] subject=17, session=5, speed=2, trial=2, x__rid_x=1e13e703b99132a4: dummy_return_one(x)
[12:09:52.418] [INFO] [run] subject=17, session=5, speed=2, trial=3, x__rid_x=dbfe8f51b1ca47ee: dummy_return_one(x)
[12:09:52.424] [INFO] [run] subject=17, session=5, speed=2, trial=4, x__rid_x=f5c2d7484a6b2627: dummy_return_one(x)
[12:09:52.425] [INFO] [run] subject=17, session=5, speed=2, trial=5, x__rid_x=95a7f84a9c314535: dummy_return_one(x)
[12:09:52.426] [INFO] [run] subject=17, session=5, speed=2, trial=6, x__rid_x=30fca7771c39c924: dummy_return_one(x)
[12:09:52.431] [INFO] [run] subject=17, session=5, speed=2, trial=7, x__rid_x=04580bd894e1e5a1: dummy_return_one(x)
[12:09:52.433] [INFO] [run] subject=17, session=5, speed=3, trial=1, x__rid_x=2cb2d5f1c519cfe4: dummy_return_one(x)
[12:09:52.438] [INFO] [run] subject=17, session=5, speed=3, trial=2, x__rid_x=88b59880be1a09f4: dummy_return_one(x)
[12:09:52.439] [INFO] [run] subject=17, session=5, speed=3, trial=3, x__rid_x=982bc965c011a24a: dummy_return_one(x)
[12:09:52.440] [INFO] [run] subject=17, session=5, speed=3, trial=4, x__rid_x=7f5a477dd589200e: dummy_return_one(x)
[12:09:52.445] [INFO] [run] subject=17, session=5, speed=3, trial=5, x__rid_x=8716905f89dcc53f: dummy_return_one(x)
[12:09:52.446] [INFO] [run] subject=17, session=5, speed=3, trial=6, x__rid_x=c66e74418ca5eb3c: dummy_return_one(x)
[12:09:52.447] [INFO] [run] subject=17, session=5, speed=3, trial=7, x__rid_x=aeb8ec5df9fe5099: dummy_return_one(x)
[12:09:52.452] [INFO] [run] subject=17, session=5, speed=4, trial=1, x__rid_x=4c1d3eeb8e226437: dummy_return_one(x)
[12:09:52.453] [INFO] [run] subject=17, session=5, speed=4, trial=2, x__rid_x=a7cc56b4941f0af2: dummy_return_one(x)
[12:09:52.454] [INFO] [run] subject=17, session=5, speed=4, trial=3, x__rid_x=14a22672799b2ca6: dummy_return_one(x)
[12:09:52.459] [INFO] [run] subject=17, session=5, speed=4, trial=4, x__rid_x=d35b7c4f2ac15316: dummy_return_one(x)
[12:09:52.460] [INFO] [run] subject=17, session=5, speed=4, trial=5, x__rid_x=1843d1edbb95f092: dummy_return_one(x)
[12:09:52.461] [INFO] [run] subject=17, session=5, speed=4, trial=6, x__rid_x=54a6476c69a40cce: dummy_return_one(x)
[12:09:52.467] [INFO] [run] subject=17, session=5, speed=4, trial=7, x__rid_x=4105a4fd925a7164: dummy_return_one(x)
[12:09:52.468] [INFO] [run] subject=17, session=5, speed=5, trial=1, x__rid_x=121e74e1b53ed87c: dummy_return_one(x)
[12:09:52.474] [INFO] [run] subject=17, session=5, speed=5, trial=2, x__rid_x=91ea7eaa3f5466df: dummy_return_one(x)
[12:09:52.474] [INFO] [run] subject=17, session=5, speed=5, trial=3, x__rid_x=fd6fd04cf4925aea: dummy_return_one(x)
[12:09:52.475] [INFO] [run] subject=17, session=5, speed=5, trial=4, x__rid_x=47e977d1ba5e20af: dummy_return_one(x)
[12:09:52.481] [INFO] [run] subject=17, session=5, speed=5, trial=5, x__rid_x=e0d43cb53c3d080d: dummy_return_one(x)
[12:09:52.482] [INFO] [run] subject=17, session=5, speed=5, trial=6, x__rid_x=30c91a1256ef109a: dummy_return_one(x)
[12:09:52.488] [INFO] [run] subject=17, session=5, speed=5, trial=7, x__rid_x=8c584384262db2b1: dummy_return_one(x)
[12:09:52.488] [INFO] [run] subject=17, session=5, speed=6, trial=1, x__rid_x=373cb725d5379793: dummy_return_one(x)
[12:09:52.489] [INFO] [run] subject=17, session=5, speed=6, trial=2, x__rid_x=9054dc16abdb6166: dummy_return_one(x)
[12:09:52.495] [INFO] [run] subject=17, session=5, speed=6, trial=3, x__rid_x=8f77b92f853dcd89: dummy_return_one(x)
[12:09:52.495] [INFO] [run] subject=17, session=5, speed=6, trial=4, x__rid_x=7658987ca722abf9: dummy_return_one(x)
[12:09:52.496] [INFO] [run] subject=17, session=5, speed=6, trial=5, x__rid_x=aaf63b3a81f18390: dummy_return_one(x)
[12:09:52.502] [INFO] [run] subject=17, session=5, speed=6, trial=6, x__rid_x=add4ccf4f75437d5: dummy_return_one(x)
[12:09:52.503] [INFO] [run] subject=17, session=5, speed=6, trial=7, x__rid_x=c9280cc6714b0c39: dummy_return_one(x)
[12:09:52.503] [INFO] [run] subject=17, session=5, speed=7, trial=1, x__rid_x=8aa2136853a1734a: dummy_return_one(x)
[12:09:52.509] [INFO] [run] subject=17, session=5, speed=7, trial=2, x__rid_x=ca3a3e3836bf4610: dummy_return_one(x)
[12:09:52.510] [INFO] [run] subject=17, session=5, speed=7, trial=3, x__rid_x=91690387abaed383: dummy_return_one(x)
[12:09:52.510] [INFO] [run] subject=17, session=5, speed=7, trial=4, x__rid_x=0fc0d8342acc235f: dummy_return_one(x)
[12:09:52.516] [INFO] [run] subject=17, session=5, speed=7, trial=5, x__rid_x=b1b0f76f928396f0: dummy_return_one(x)
[12:09:52.517] [INFO] [run] subject=17, session=5, speed=7, trial=6, x__rid_x=dcad975da881be62: dummy_return_one(x)
[12:09:52.523] [INFO] [run] subject=17, session=5, speed=7, trial=7, x__rid_x=426ec454c62fa48a: dummy_return_one(x)
[12:09:52.524] [INFO] [run] subject=17, session=5, speed=8, trial=1, x__rid_x=38b1102ddaf8ad21: dummy_return_one(x)
[12:09:52.525] [INFO] [run] subject=17, session=5, speed=8, trial=2, x__rid_x=e00e5daab74e304b: dummy_return_one(x)
[12:09:52.530] [INFO] [run] subject=17, session=5, speed=8, trial=3, x__rid_x=b410a4eadd792b7e: dummy_return_one(x)
[12:09:52.532] [INFO] [run] subject=17, session=5, speed=8, trial=4, x__rid_x=b3ba1b899ed5ffcb: dummy_return_one(x)
[12:09:52.532] [INFO] [run] subject=17, session=5, speed=8, trial=5, x__rid_x=8c8d6bb3e20fc7a2: dummy_return_one(x)
[12:09:52.537] [INFO] [run] subject=17, session=5, speed=8, trial=6, x__rid_x=c6540dcb81cf7146: dummy_return_one(x)
[12:09:52.538] [INFO] [run] subject=17, session=5, speed=8, trial=7, x__rid_x=f6635f6fb8cb88d4: dummy_return_one(x)
[12:09:52.539] [INFO] [run] subject=17, session=5, speed=9, trial=1, x__rid_x=4bb5e4dc8ba7df25: dummy_return_one(x)
[12:09:52.545] [INFO] [run] subject=17, session=5, speed=9, trial=2, x__rid_x=d8ad7657051803af: dummy_return_one(x)
[12:09:52.545] [INFO] [run] subject=17, session=5, speed=9, trial=3, x__rid_x=71a17030aec763e8: dummy_return_one(x)
[12:09:52.546] [INFO] [run] subject=17, session=5, speed=9, trial=4, x__rid_x=b41715e87496452b: dummy_return_one(x)
[12:09:52.552] [INFO] [run] subject=17, session=5, speed=9, trial=5, x__rid_x=75c8694065976747: dummy_return_one(x)
[12:09:52.553] [INFO] [run] subject=17, session=5, speed=9, trial=6, x__rid_x=daf9e1058c0f9a48: dummy_return_one(x)
[12:09:52.553] [INFO] [run] subject=17, session=5, speed=9, trial=7, x__rid_x=37d58074e96ed4ae: dummy_return_one(x)
[12:09:52.559] [INFO] [run] subject=18, session=1, speed=1, trial=1, x__rid_x=8883b257c438b7ec: dummy_return_one(x)
[12:09:52.560] [INFO] [run] subject=18, session=1, speed=1, trial=2, x__rid_x=8f06c144cefa329b: dummy_return_one(x)
[12:09:52.560] [INFO] [run] subject=18, session=1, speed=1, trial=3, x__rid_x=028df131d13a5322: dummy_return_one(x)
[12:09:52.566] [INFO] [run] subject=18, session=1, speed=1, trial=4, x__rid_x=25a252b5b00eab39: dummy_return_one(x)
[12:09:52.567] [INFO] [run] subject=18, session=1, speed=1, trial=5, x__rid_x=5ecaa90eeb40271a: dummy_return_one(x)
[12:09:52.568] [INFO] [run] subject=18, session=1, speed=1, trial=6, x__rid_x=fed3df6893a7fcf4: dummy_return_one(x)
[12:09:52.573] [INFO] [run] subject=18, session=1, speed=1, trial=7, x__rid_x=7cf9eb4151027539: dummy_return_one(x)
[12:09:52.574] [INFO] [run] subject=18, session=1, speed=10, trial=1, x__rid_x=340b046ae0a900cb: dummy_return_one(x)
[12:09:52.575] [INFO] [run] subject=18, session=1, speed=10, trial=2, x__rid_x=e0a12d04b63eb7c1: dummy_return_one(x)
[12:09:52.580] [INFO] [run] subject=18, session=1, speed=10, trial=3, x__rid_x=16e5897ab4b878f3: dummy_return_one(x)
[12:09:52.582] [INFO] [run] subject=18, session=1, speed=10, trial=4, x__rid_x=c8e442ea77072fbd: dummy_return_one(x)
[12:09:52.587] [INFO] [run] subject=18, session=1, speed=10, trial=5, x__rid_x=2c1217e4fdacff70: dummy_return_one(x)
[12:09:52.588] [INFO] [run] subject=18, session=1, speed=10, trial=6, x__rid_x=8a2303e2068d4704: dummy_return_one(x)
[12:09:52.589] [INFO] [run] subject=18, session=1, speed=10, trial=7, x__rid_x=580c5383b3702e00: dummy_return_one(x)
[12:09:52.595] [INFO] [run] subject=18, session=1, speed=2, trial=1, x__rid_x=3cec7b880159f6bc: dummy_return_one(x)
[12:09:52.595] [INFO] [run] subject=18, session=1, speed=2, trial=2, x__rid_x=f87d041cc50d5596: dummy_return_one(x)
[12:09:52.596] [INFO] [run] subject=18, session=1, speed=2, trial=3, x__rid_x=f159d7fbda611821: dummy_return_one(x)
[12:09:52.602] [INFO] [run] subject=18, session=1, speed=2, trial=4, x__rid_x=8d473f294392d1eb: dummy_return_one(x)
[12:09:52.603] [INFO] [run] subject=18, session=1, speed=2, trial=5, x__rid_x=a90ade9155e5a1f5: dummy_return_one(x)
[12:09:52.609] [INFO] [run] subject=18, session=1, speed=2, trial=6, x__rid_x=27ccd7a93c2b5558: dummy_return_one(x)
[12:09:52.610] [INFO] [run] subject=18, session=1, speed=2, trial=7, x__rid_x=91fd3f5397249d27: dummy_return_one(x)
[12:09:52.610] [INFO] [run] subject=18, session=1, speed=3, trial=1, x__rid_x=60a31644081852ce: dummy_return_one(x)
[12:09:52.616] [INFO] [run] subject=18, session=1, speed=3, trial=2, x__rid_x=f98e53acb0d282f6: dummy_return_one(x)
[12:09:52.617] [INFO] [run] subject=18, session=1, speed=3, trial=3, x__rid_x=34dba15c20344dbf: dummy_return_one(x)
[12:09:52.618] [INFO] [run] subject=18, session=1, speed=3, trial=4, x__rid_x=cb6e528ba2836539: dummy_return_one(x)
[12:09:52.623] [INFO] [run] subject=18, session=1, speed=3, trial=5, x__rid_x=8f8fc10802e2a28f: dummy_return_one(x)
[12:09:52.624] [INFO] [run] subject=18, session=1, speed=3, trial=6, x__rid_x=da49ff42c94832ec: dummy_return_one(x)
[12:09:52.625] [INFO] [run] subject=18, session=1, speed=3, trial=7, x__rid_x=5e9575d4bae5b2fa: dummy_return_one(x)
[12:09:52.631] [INFO] [run] subject=18, session=1, speed=4, trial=1, x__rid_x=a9d6323771d04afd: dummy_return_one(x)
[12:09:52.632] [INFO] [run] subject=18, session=1, speed=4, trial=2, x__rid_x=032d24b983e95ca6: dummy_return_one(x)
[12:09:52.638] [INFO] [run] subject=18, session=1, speed=4, trial=3, x__rid_x=f019f40cf33b2d62: dummy_return_one(x)
[12:09:52.639] [INFO] [run] subject=18, session=1, speed=4, trial=4, x__rid_x=721b8590d8f2db1d: dummy_return_one(x)
[12:09:52.639] [INFO] [run] subject=18, session=1, speed=4, trial=5, x__rid_x=23fd3a00ba742a98: dummy_return_one(x)
[12:09:52.645] [INFO] [run] subject=18, session=1, speed=4, trial=6, x__rid_x=9a40cec5863252c9: dummy_return_one(x)
[12:09:52.645] [INFO] [run] subject=18, session=1, speed=4, trial=7, x__rid_x=2c76f4728e4724ba: dummy_return_one(x)
[12:09:52.646] [INFO] [run] subject=18, session=1, speed=5, trial=1, x__rid_x=9e5812daf48b1aa8: dummy_return_one(x)
[12:09:52.652] [INFO] [run] subject=18, session=1, speed=5, trial=2, x__rid_x=f14fb486093921c5: dummy_return_one(x)
[12:09:52.653] [INFO] [run] subject=18, session=1, speed=5, trial=3, x__rid_x=08150ffc3025d200: dummy_return_one(x)
[12:09:52.659] [INFO] [run] subject=18, session=1, speed=5, trial=4, x__rid_x=4bc7157af13f2daa: dummy_return_one(x)
[12:09:52.660] [INFO] [run] subject=18, session=1, speed=5, trial=5, x__rid_x=9a79098be0aefa8b: dummy_return_one(x)
[12:09:52.660] [INFO] [run] subject=18, session=1, speed=5, trial=6, x__rid_x=71bed6934262d2a4: dummy_return_one(x)
[12:09:52.661] [INFO] [run] subject=18, session=1, speed=5, trial=7, x__rid_x=714e26a55febffbb: dummy_return_one(x)
[12:09:52.667] [INFO] [run] subject=18, session=1, speed=6, trial=1, x__rid_x=72336107a1f49106: dummy_return_one(x)
[12:09:52.668] [INFO] [run] subject=18, session=1, speed=6, trial=2, x__rid_x=87309ccf8dba6940: dummy_return_one(x)
[12:09:52.668] [INFO] [run] subject=18, session=1, speed=6, trial=3, x__rid_x=975756b7d3cc8d37: dummy_return_one(x)
[12:09:52.674] [INFO] [run] subject=18, session=1, speed=6, trial=4, x__rid_x=f1b5836fd40ed37f: dummy_return_one(x)
[12:09:52.674] [INFO] [run] subject=18, session=1, speed=6, trial=5, x__rid_x=875a487e0782d872: dummy_return_one(x)
[12:09:52.675] [INFO] [run] subject=18, session=1, speed=6, trial=6, x__rid_x=8079da95893c9ca1: dummy_return_one(x)
[12:09:52.681] [INFO] [run] subject=18, session=1, speed=6, trial=7, x__rid_x=03321f1d8633f3bd: dummy_return_one(x)
[12:09:52.682] [INFO] [run] subject=18, session=1, speed=7, trial=1, x__rid_x=790a261a6a110327: dummy_return_one(x)
[12:09:52.688] [INFO] [run] subject=18, session=1, speed=7, trial=2, x__rid_x=4e7826675994acc0: dummy_return_one(x)
[12:09:52.689] [INFO] [run] subject=18, session=1, speed=7, trial=3, x__rid_x=ef9702e8fe3d778b: dummy_return_one(x)
[12:09:52.689] [INFO] [run] subject=18, session=1, speed=7, trial=4, x__rid_x=727b8f8715ac7db4: dummy_return_one(x)
[12:09:52.695] [INFO] [run] subject=18, session=1, speed=7, trial=5, x__rid_x=2a4bb4cca1795ad3: dummy_return_one(x)
[12:09:52.696] [INFO] [run] subject=18, session=1, speed=7, trial=6, x__rid_x=3430bfeb33dfc99c: dummy_return_one(x)
[12:09:52.702] [INFO] [run] subject=18, session=1, speed=7, trial=7, x__rid_x=c6a772cd88d7ecae: dummy_return_one(x)
[12:09:52.703] [INFO] [run] subject=18, session=1, speed=8, trial=1, x__rid_x=6f9826c1e9a30090: dummy_return_one(x)
[12:09:52.704] [INFO] [run] subject=18, session=1, speed=8, trial=2, x__rid_x=511aca093e4126ed: dummy_return_one(x)
[12:09:52.710] [INFO] [run] subject=18, session=1, speed=8, trial=3, x__rid_x=bda16d835785f71f: dummy_return_one(x)
[12:09:52.710] [INFO] [run] subject=18, session=1, speed=8, trial=4, x__rid_x=edf8ac9465f7fa01: dummy_return_one(x)
[12:09:52.711] [INFO] [run] subject=18, session=1, speed=8, trial=5, x__rid_x=49b147ba3661b93e: dummy_return_one(x)
[12:09:52.717] [INFO] [run] subject=18, session=1, speed=8, trial=6, x__rid_x=efdf0a2ddad1fb45: dummy_return_one(x)
[12:09:52.718] [INFO] [run] subject=18, session=1, speed=8, trial=7, x__rid_x=175498302df80c64: dummy_return_one(x)
[12:09:52.724] [INFO] [run] subject=18, session=1, speed=9, trial=1, x__rid_x=19df768e7e6d36d0: dummy_return_one(x)
[12:09:52.725] [INFO] [run] subject=18, session=1, speed=9, trial=2, x__rid_x=b06339fb123a3e60: dummy_return_one(x)
[12:09:52.725] [INFO] [run] subject=18, session=1, speed=9, trial=3, x__rid_x=8a101561172b4ef6: dummy_return_one(x)
[12:09:52.731] [INFO] [run] subject=18, session=1, speed=9, trial=4, x__rid_x=b323e75d18e8142b: dummy_return_one(x)
[12:09:52.733] [INFO] [run] subject=18, session=1, speed=9, trial=5, x__rid_x=6911ef53cfb26529: dummy_return_one(x)
[12:09:52.738] [INFO] [run] subject=18, session=1, speed=9, trial=6, x__rid_x=3766c5d9f8c364a3: dummy_return_one(x)
[12:09:52.739] [INFO] [run] subject=18, session=1, speed=9, trial=7, x__rid_x=8be3b4ff0ef17f3f: dummy_return_one(x)
[12:09:52.740] [INFO] [run] subject=18, session=2, speed=1, trial=1, x__rid_x=4ad9e2323dbd51e8: dummy_return_one(x)
[12:09:52.746] [INFO] [run] subject=18, session=2, speed=1, trial=2, x__rid_x=c5d1fc848bcb3c40: dummy_return_one(x)
[12:09:52.746] [INFO] [run] subject=18, session=2, speed=1, trial=3, x__rid_x=e33a513c58c2c5f8: dummy_return_one(x)
[12:09:52.747] [INFO] [run] subject=18, session=2, speed=1, trial=4, x__rid_x=0b0efa512f4df0d0: dummy_return_one(x)
[12:09:52.753] [INFO] [run] subject=18, session=2, speed=1, trial=5, x__rid_x=a8ddae0192efa14a: dummy_return_one(x)
[12:09:52.754] [INFO] [run] subject=18, session=2, speed=1, trial=6, x__rid_x=5c066734b3d1467a: dummy_return_one(x)
[12:09:52.754] [INFO] [run] subject=18, session=2, speed=1, trial=7, x__rid_x=b4cb8bf8caee823a: dummy_return_one(x)
[12:09:52.760] [INFO] [run] subject=18, session=2, speed=10, trial=1, x__rid_x=d0986d5150245a86: dummy_return_one(x)
[12:09:52.761] [INFO] [run] subject=18, session=2, speed=10, trial=2, x__rid_x=960b04234268dfcd: dummy_return_one(x)
[12:09:52.761] [INFO] [run] subject=18, session=2, speed=10, trial=3, x__rid_x=f502595f113181fb: dummy_return_one(x)
[12:09:52.767] [INFO] [run] subject=18, session=2, speed=10, trial=4, x__rid_x=34d1ea6cc272d34f: dummy_return_one(x)
[12:09:52.769] [INFO] [run] subject=18, session=2, speed=10, trial=5, x__rid_x=f889d447606c104b: dummy_return_one(x)
[12:09:52.775] [INFO] [run] subject=18, session=2, speed=10, trial=6, x__rid_x=d5c5294a8167ca00: dummy_return_one(x)
[12:09:52.775] [INFO] [run] subject=18, session=2, speed=10, trial=7, x__rid_x=4bfc0dd7d8e0ac57: dummy_return_one(x)
[12:09:52.776] [INFO] [run] subject=18, session=2, speed=2, trial=1, x__rid_x=9c757903ebfddd69: dummy_return_one(x)
[12:09:52.782] [INFO] [run] subject=18, session=2, speed=2, trial=2, x__rid_x=8f18ca9151437a1a: dummy_return_one(x)
[12:09:52.783] [INFO] [run] subject=18, session=2, speed=2, trial=3, x__rid_x=61004a9402698c98: dummy_return_one(x)
[12:09:52.789] [INFO] [run] subject=18, session=2, speed=2, trial=4, x__rid_x=69236784eab8ca91: dummy_return_one(x)
[12:09:52.790] [INFO] [run] subject=18, session=2, speed=2, trial=5, x__rid_x=a53b2d86026504d3: dummy_return_one(x)
[12:09:52.791] [INFO] [run] subject=18, session=2, speed=2, trial=6, x__rid_x=399aba76907fc389: dummy_return_one(x)
[12:09:52.796] [INFO] [run] subject=18, session=2, speed=2, trial=7, x__rid_x=24c1bd4f960b5ad5: dummy_return_one(x)
[12:09:52.798] [INFO] [run] subject=18, session=2, speed=3, trial=1, x__rid_x=d989b39b5f12847d: dummy_return_one(x)
[12:09:52.804] [INFO] [run] subject=18, session=2, speed=3, trial=2, x__rid_x=06f93c9fa6f7c92b: dummy_return_one(x)
[12:09:52.804] [INFO] [run] subject=18, session=2, speed=3, trial=3, x__rid_x=47c0b5b36f66469b: dummy_return_one(x)
[12:09:52.805] [INFO] [run] subject=18, session=2, speed=3, trial=4, x__rid_x=bb776272f3cbc64f: dummy_return_one(x)
[12:09:52.811] [INFO] [run] subject=18, session=2, speed=3, trial=5, x__rid_x=432419b47979c07e: dummy_return_one(x)
[12:09:52.812] [INFO] [run] subject=18, session=2, speed=3, trial=6, x__rid_x=54b40469475bc8c5: dummy_return_one(x)
[12:09:52.812] [INFO] [run] subject=18, session=2, speed=3, trial=7, x__rid_x=59280f0e3cd5fd7a: dummy_return_one(x)
[12:09:52.818] [INFO] [run] subject=18, session=2, speed=4, trial=1, x__rid_x=9a2dc78a16cc695a: dummy_return_one(x)
[12:09:52.819] [INFO] [run] subject=18, session=2, speed=4, trial=2, x__rid_x=8e96a3473db98cee: dummy_return_one(x)
[12:09:52.820] [INFO] [run] subject=18, session=2, speed=4, trial=3, x__rid_x=a20ad59bfe9efa9b: dummy_return_one(x)
[12:09:52.826] [INFO] [run] subject=18, session=2, speed=4, trial=4, x__rid_x=944f0c13a097c855: dummy_return_one(x)
[12:09:52.826] [INFO] [run] subject=18, session=2, speed=4, trial=5, x__rid_x=6afdb5b961df69be: dummy_return_one(x)
[12:09:52.827] [INFO] [run] subject=18, session=2, speed=4, trial=6, x__rid_x=ab540ad9ed6b6567: dummy_return_one(x)
[12:09:52.833] [INFO] [run] subject=18, session=2, speed=4, trial=7, x__rid_x=ec942614886ad024: dummy_return_one(x)
[12:09:52.834] [INFO] [run] subject=18, session=2, speed=5, trial=1, x__rid_x=7639cb52b989633a: dummy_return_one(x)
[12:09:52.840] [INFO] [run] subject=18, session=2, speed=5, trial=2, x__rid_x=63bef4c8fd882c42: dummy_return_one(x)
[12:09:52.841] [INFO] [run] subject=18, session=2, speed=5, trial=3, x__rid_x=fdcdfb815f6747c7: dummy_return_one(x)
[12:09:52.842] [INFO] [run] subject=18, session=2, speed=5, trial=4, x__rid_x=d8e6b4a0af2a826d: dummy_return_one(x)
[12:09:52.848] [INFO] [run] subject=18, session=2, speed=5, trial=5, x__rid_x=092f33532bad81ed: dummy_return_one(x)
[12:09:52.849] [INFO] [run] subject=18, session=2, speed=5, trial=6, x__rid_x=84e513f6e28cc647: dummy_return_one(x)
[12:09:52.855] [INFO] [run] subject=18, session=2, speed=5, trial=7, x__rid_x=0cdba65708aca995: dummy_return_one(x)
[12:09:52.855] [INFO] [run] subject=18, session=2, speed=6, trial=1, x__rid_x=1dec58c1885a869c: dummy_return_one(x)
[12:09:52.856] [INFO] [run] subject=18, session=2, speed=6, trial=2, x__rid_x=7dbecfca06f20842: dummy_return_one(x)
[12:09:52.862] [INFO] [run] subject=18, session=2, speed=6, trial=3, x__rid_x=d25bd353addaf473: dummy_return_one(x)
[12:09:52.863] [INFO] [run] subject=18, session=2, speed=6, trial=4, x__rid_x=56c576151695318d: dummy_return_one(x)
[12:09:52.864] [INFO] [run] subject=18, session=2, speed=6, trial=5, x__rid_x=d6796b292e5e2e11: dummy_return_one(x)
[12:09:52.869] [INFO] [run] subject=18, session=2, speed=6, trial=6, x__rid_x=ed5cc557667fb2d6: dummy_return_one(x)
[12:09:52.870] [INFO] [run] subject=18, session=2, speed=6, trial=7, x__rid_x=0bd75844b5cc82a9: dummy_return_one(x)
[12:09:52.871] [INFO] [run] subject=18, session=2, speed=7, trial=1, x__rid_x=fbc110cce052d54a: dummy_return_one(x)
[12:09:52.877] [INFO] [run] subject=18, session=2, speed=7, trial=2, x__rid_x=486e3dbc82daf537: dummy_return_one(x)
[12:09:52.877] [INFO] [run] subject=18, session=2, speed=7, trial=3, x__rid_x=dad8840cfadef870: dummy_return_one(x)
[12:09:52.878] [INFO] [run] subject=18, session=2, speed=7, trial=4, x__rid_x=f9600c06a41d1b68: dummy_return_one(x)
[12:09:52.884] [INFO] [run] subject=18, session=2, speed=7, trial=5, x__rid_x=e31e2e49e135f013: dummy_return_one(x)
[12:09:52.885] [INFO] [run] subject=18, session=2, speed=7, trial=6, x__rid_x=80124e737f48b7b4: dummy_return_one(x)
[12:09:52.891] [INFO] [run] subject=18, session=2, speed=7, trial=7, x__rid_x=77c41a0ab0f59b47: dummy_return_one(x)
[12:09:52.892] [INFO] [run] subject=18, session=2, speed=8, trial=1, x__rid_x=b44b956de22a3637: dummy_return_one(x)
[12:09:52.893] [INFO] [run] subject=18, session=2, speed=8, trial=2, x__rid_x=87f9ec63c32126a9: dummy_return_one(x)
[12:09:52.899] [INFO] [run] subject=18, session=2, speed=8, trial=3, x__rid_x=53d0a91520a3f536: dummy_return_one(x)
[12:09:52.900] [INFO] [run] subject=18, session=2, speed=8, trial=4, x__rid_x=6e4d070d4310fe0a: dummy_return_one(x)
[12:09:52.906] [INFO] [run] subject=18, session=2, speed=8, trial=5, x__rid_x=966324e49266b9ba: dummy_return_one(x)
[12:09:52.907] [INFO] [run] subject=18, session=2, speed=8, trial=6, x__rid_x=13f534f87f3f0071: dummy_return_one(x)
[12:09:52.907] [INFO] [run] subject=18, session=2, speed=8, trial=7, x__rid_x=c3627959716f6bc8: dummy_return_one(x)
[12:09:52.913] [INFO] [run] subject=18, session=2, speed=9, trial=1, x__rid_x=fd6c22b6a02f8290: dummy_return_one(x)
[12:09:52.914] [INFO] [run] subject=18, session=2, speed=9, trial=2, x__rid_x=f73b41b9641171b0: dummy_return_one(x)
[12:09:52.920] [INFO] [run] subject=18, session=2, speed=9, trial=3, x__rid_x=d0edb338a569e9ea: dummy_return_one(x)
[12:09:52.921] [INFO] [run] subject=18, session=2, speed=9, trial=4, x__rid_x=0f86da703ec60934: dummy_return_one(x)
[12:09:52.922] [INFO] [run] subject=18, session=2, speed=9, trial=5, x__rid_x=62f1cb31e1ea5ae3: dummy_return_one(x)
[12:09:52.928] [INFO] [run] subject=18, session=2, speed=9, trial=6, x__rid_x=516451f31b9eca7a: dummy_return_one(x)
[12:09:52.928] [INFO] [run] subject=18, session=2, speed=9, trial=7, x__rid_x=62f4d889f4ada414: dummy_return_one(x)
[12:09:52.929] [INFO] [run] subject=18, session=3, speed=1, trial=1, x__rid_x=81415ff169581ffa: dummy_return_one(x)
[12:09:52.935] [INFO] [run] subject=18, session=3, speed=1, trial=2, x__rid_x=f32db46d33c46ebb: dummy_return_one(x)
[12:09:52.936] [INFO] [run] subject=18, session=3, speed=1, trial=3, x__rid_x=7a65d1d32aa98f17: dummy_return_one(x)
[12:09:52.942] [INFO] [run] subject=18, session=3, speed=1, trial=4, x__rid_x=0e52e416fcd8feed: dummy_return_one(x)
[12:09:52.943] [INFO] [run] subject=18, session=3, speed=1, trial=5, x__rid_x=aba09ea8d79529b9: dummy_return_one(x)
[12:09:52.944] [INFO] [run] subject=18, session=3, speed=1, trial=6, x__rid_x=4db5ace5f9375bc3: dummy_return_one(x)
[12:09:52.950] [INFO] [run] subject=18, session=3, speed=1, trial=7, x__rid_x=026be08497e274eb: dummy_return_one(x)
[12:09:52.951] [INFO] [run] subject=18, session=3, speed=10, trial=1, x__rid_x=953a873a11a086c5: dummy_return_one(x)
[12:09:52.957] [INFO] [run] subject=18, session=3, speed=10, trial=2, x__rid_x=d81c8e46f502dfc0: dummy_return_one(x)
[12:09:52.958] [INFO] [run] subject=18, session=3, speed=10, trial=3, x__rid_x=2ce34633d69c10a3: dummy_return_one(x)
[12:09:52.959] [INFO] [run] subject=18, session=3, speed=10, trial=4, x__rid_x=4661eb01d6fd84d1: dummy_return_one(x)
[12:09:52.965] [INFO] [run] subject=18, session=3, speed=10, trial=5, x__rid_x=8fec1e8c3fa9edf6: dummy_return_one(x)
[12:09:52.966] [INFO] [run] subject=18, session=3, speed=10, trial=6, x__rid_x=f91e081a236746ba: dummy_return_one(x)
[12:09:52.966] [INFO] [run] subject=18, session=3, speed=10, trial=7, x__rid_x=d4734f022d567897: dummy_return_one(x)
[12:09:52.972] [INFO] [run] subject=18, session=3, speed=2, trial=1, x__rid_x=8035f35f27a0fc20: dummy_return_one(x)
[12:09:52.973] [INFO] [run] subject=18, session=3, speed=2, trial=2, x__rid_x=e78103630d5b6238: dummy_return_one(x)
[12:09:52.974] [INFO] [run] subject=18, session=3, speed=2, trial=3, x__rid_x=2a26b030223b7372: dummy_return_one(x)
[12:09:52.980] [INFO] [run] subject=18, session=3, speed=2, trial=4, x__rid_x=e724a73c2d6ee87d: dummy_return_one(x)
[12:09:52.981] [INFO] [run] subject=18, session=3, speed=2, trial=5, x__rid_x=076f4a92a737dbe3: dummy_return_one(x)
[12:09:52.987] [INFO] [run] subject=18, session=3, speed=2, trial=6, x__rid_x=39f09424e5a1d4cc: dummy_return_one(x)
[12:09:52.988] [INFO] [run] subject=18, session=3, speed=2, trial=7, x__rid_x=642d6bd1ee16fa49: dummy_return_one(x)
[12:09:52.988] [INFO] [run] subject=18, session=3, speed=3, trial=1, x__rid_x=d78d7841c0de2e88: dummy_return_one(x)
[12:09:52.994] [INFO] [run] subject=18, session=3, speed=3, trial=2, x__rid_x=b7f709b2ca989dd0: dummy_return_one(x)
[12:09:52.995] [INFO] [run] subject=18, session=3, speed=3, trial=3, x__rid_x=21497b3d7622eec9: dummy_return_one(x)
[12:09:52.996] [INFO] [run] subject=18, session=3, speed=3, trial=4, x__rid_x=12e227f33e512006: dummy_return_one(x)
[12:09:53.002] [INFO] [run] subject=18, session=3, speed=3, trial=5, x__rid_x=ea79f4abcd4bcae8: dummy_return_one(x)
[12:09:53.002] [INFO] [run] subject=18, session=3, speed=3, trial=6, x__rid_x=2b680bb875cb4f5b: dummy_return_one(x)
[12:09:53.003] [INFO] [run] subject=18, session=3, speed=3, trial=7, x__rid_x=2990d599f22990aa: dummy_return_one(x)
[12:09:53.009] [INFO] [run] subject=18, session=3, speed=4, trial=1, x__rid_x=f28841a39c4b1d43: dummy_return_one(x)
[12:09:53.010] [INFO] [run] subject=18, session=3, speed=4, trial=2, x__rid_x=0ea47afb458617e3: dummy_return_one(x)
[12:09:53.011] [INFO] [run] subject=18, session=3, speed=4, trial=3, x__rid_x=17cd64493040a121: dummy_return_one(x)
[12:09:53.016] [INFO] [run] subject=18, session=3, speed=4, trial=4, x__rid_x=ad947c476e8ec5b1: dummy_return_one(x)
[12:09:53.017] [INFO] [run] subject=18, session=3, speed=4, trial=5, x__rid_x=6a2b3fec7c6c785b: dummy_return_one(x)
[12:09:53.018] [INFO] [run] subject=18, session=3, speed=4, trial=6, x__rid_x=0ff41688b45ce8de: dummy_return_one(x)
[12:09:53.024] [INFO] [run] subject=18, session=3, speed=4, trial=7, x__rid_x=075bb037eae62d87: dummy_return_one(x)
[12:09:53.024] [INFO] [run] subject=18, session=3, speed=5, trial=1, x__rid_x=de7c0fc202f2bd6e: dummy_return_one(x)
[12:09:53.025] [INFO] [run] subject=18, session=3, speed=5, trial=2, x__rid_x=cc86ef335a91fbb6: dummy_return_one(x)
[12:09:53.031] [INFO] [run] subject=18, session=3, speed=5, trial=3, x__rid_x=5843d42dd26a4ab3: dummy_return_one(x)
[12:09:53.032] [INFO] [run] subject=18, session=3, speed=5, trial=4, x__rid_x=78199e9f75affffb: dummy_return_one(x)
[12:09:53.039] [INFO] [run] subject=18, session=3, speed=5, trial=5, x__rid_x=65e5707f9d4d83cd: dummy_return_one(x)
[12:09:53.039] [INFO] [run] subject=18, session=3, speed=5, trial=6, x__rid_x=eeab898124c2ea7d: dummy_return_one(x)
[12:09:53.040] [INFO] [run] subject=18, session=3, speed=5, trial=7, x__rid_x=c39c1c02d9176e9a: dummy_return_one(x)
[12:09:53.046] [INFO] [run] subject=18, session=3, speed=6, trial=1, x__rid_x=fda3ccfeda98d744: dummy_return_one(x)
[12:09:53.047] [INFO] [run] subject=18, session=3, speed=6, trial=2, x__rid_x=626a185cd83cbb7e: dummy_return_one(x)
[12:09:53.048] [INFO] [run] subject=18, session=3, speed=6, trial=3, x__rid_x=cabdd090b578793c: dummy_return_one(x)
[12:09:53.053] [INFO] [run] subject=18, session=3, speed=6, trial=4, x__rid_x=008c21493dd2c4d0: dummy_return_one(x)
[12:09:53.054] [INFO] [run] subject=18, session=3, speed=6, trial=5, x__rid_x=17663ce8249e0c9b: dummy_return_one(x)
[12:09:53.055] [INFO] [run] subject=18, session=3, speed=6, trial=6, x__rid_x=366a596579d332d5: dummy_return_one(x)
[12:09:53.061] [INFO] [run] subject=18, session=3, speed=6, trial=7, x__rid_x=e84de4506f66570b: dummy_return_one(x)
[12:09:53.061] [INFO] [run] subject=18, session=3, speed=7, trial=1, x__rid_x=e847400524d0e37c: dummy_return_one(x)
[12:09:53.062] [INFO] [run] subject=18, session=3, speed=7, trial=2, x__rid_x=cf550ededc636d88: dummy_return_one(x)
[12:09:53.069] [INFO] [run] subject=18, session=3, speed=7, trial=3, x__rid_x=357d9a5084b90bd0: dummy_return_one(x)
[12:09:53.081] [INFO] [run] subject=18, session=3, speed=7, trial=4, x__rid_x=3b308aa77610c1bf: dummy_return_one(x)
[12:09:53.089] [INFO] [run] subject=18, session=3, speed=7, trial=5, x__rid_x=18c7487f4ef3969d: dummy_return_one(x)
[12:09:53.091] [INFO] [run] subject=18, session=3, speed=7, trial=6, x__rid_x=e1579cb6001af83a: dummy_return_one(x)
[12:09:53.097] [INFO] [run] subject=18, session=3, speed=7, trial=7, x__rid_x=c90fdaf3fa64f7cb: dummy_return_one(x)
[12:09:53.098] [INFO] [run] subject=18, session=3, speed=8, trial=1, x__rid_x=90f88d3d40d96a6f: dummy_return_one(x)
[12:09:53.107] [INFO] [run] subject=18, session=3, speed=8, trial=2, x__rid_x=9824c13857b58c9e: dummy_return_one(x)
[12:09:53.109] [INFO] [run] subject=18, session=3, speed=8, trial=3, x__rid_x=0ad226952acbaef8: dummy_return_one(x)
[12:09:53.115] [INFO] [run] subject=18, session=3, speed=8, trial=4, x__rid_x=cea6703eb817680e: dummy_return_one(x)
[12:09:53.116] [INFO] [run] subject=18, session=3, speed=8, trial=5, x__rid_x=c51c76e952275b09: dummy_return_one(x)
[12:09:53.122] [INFO] [run] subject=18, session=3, speed=8, trial=6, x__rid_x=a1a4935df54f2856: dummy_return_one(x)
[12:09:53.123] [INFO] [run] subject=18, session=3, speed=8, trial=7, x__rid_x=bf0ce4dce7d3a196: dummy_return_one(x)
[12:09:53.124] [INFO] [run] subject=18, session=3, speed=9, trial=1, x__rid_x=99b2e8170932a92e: dummy_return_one(x)
[12:09:53.130] [INFO] [run] subject=18, session=3, speed=9, trial=2, x__rid_x=3656c52fb7dda84a: dummy_return_one(x)
[12:09:53.131] [INFO] [run] subject=18, session=3, speed=9, trial=3, x__rid_x=a8eeb01179ed2fce: dummy_return_one(x)
[12:09:53.132] [INFO] [run] subject=18, session=3, speed=9, trial=4, x__rid_x=65893077993c7036: dummy_return_one(x)
[12:09:53.137] [INFO] [run] subject=18, session=3, speed=9, trial=5, x__rid_x=54a180a1c778a470: dummy_return_one(x)
[12:09:53.138] [INFO] [run] subject=18, session=3, speed=9, trial=6, x__rid_x=f04cf2249dfec6a1: dummy_return_one(x)
[12:09:53.139] [INFO] [run] subject=18, session=3, speed=9, trial=7, x__rid_x=c9b598c792a1b397: dummy_return_one(x)
[12:09:53.145] [INFO] [run] subject=18, session=4, speed=1, trial=1, x__rid_x=9fa6ea6527cc5b50: dummy_return_one(x)
[12:09:53.146] [INFO] [run] subject=18, session=4, speed=1, trial=2, x__rid_x=c8c5fc460af4906e: dummy_return_one(x)
[12:09:53.146] [INFO] [run] subject=18, session=4, speed=1, trial=3, x__rid_x=2d8baf14a867b785: dummy_return_one(x)
[12:09:53.152] [INFO] [run] subject=18, session=4, speed=1, trial=4, x__rid_x=14c0ce17a082a2f9: dummy_return_one(x)
[12:09:53.153] [INFO] [run] subject=18, session=4, speed=1, trial=5, x__rid_x=6e95f76c476481a4: dummy_return_one(x)
[12:09:53.154] [INFO] [run] subject=18, session=4, speed=1, trial=6, x__rid_x=31c67579f042b4c9: dummy_return_one(x)
[12:09:53.160] [INFO] [run] subject=18, session=4, speed=1, trial=7, x__rid_x=57764cb5cc92d5fc: dummy_return_one(x)
[12:09:53.161] [INFO] [run] subject=18, session=4, speed=10, trial=1, x__rid_x=fd9ed56521269a3d: dummy_return_one(x)
[12:09:53.162] [INFO] [run] subject=18, session=4, speed=10, trial=2, x__rid_x=f9968690f3a698c4: dummy_return_one(x)
[12:09:53.168] [INFO] [run] subject=18, session=4, speed=10, trial=3, x__rid_x=ad6944f5e16be258: dummy_return_one(x)
[12:09:53.169] [INFO] [run] subject=18, session=4, speed=10, trial=4, x__rid_x=7ff3c79e6554665f: dummy_return_one(x)
[12:09:53.175] [INFO] [run] subject=18, session=4, speed=10, trial=5, x__rid_x=c8f6eb59f35b5a1d: dummy_return_one(x)
[12:09:53.176] [INFO] [run] subject=18, session=4, speed=10, trial=6, x__rid_x=157489fa8f23da64: dummy_return_one(x)
[12:09:53.177] [INFO] [run] subject=18, session=4, speed=10, trial=7, x__rid_x=468dcc0976c70196: dummy_return_one(x)
[12:09:53.183] [INFO] [run] subject=18, session=4, speed=2, trial=1, x__rid_x=7993216ec5188ebb: dummy_return_one(x)
[12:09:53.184] [INFO] [run] subject=18, session=4, speed=2, trial=2, x__rid_x=87f315be6636466c: dummy_return_one(x)
[12:09:53.190] [INFO] [run] subject=18, session=4, speed=2, trial=3, x__rid_x=c5c0d44cdbc04472: dummy_return_one(x)
[12:09:53.191] [INFO] [run] subject=18, session=4, speed=2, trial=4, x__rid_x=c71145d1b8e5f77a: dummy_return_one(x)
[12:09:53.192] [INFO] [run] subject=18, session=4, speed=2, trial=5, x__rid_x=d0846febfe5e11fc: dummy_return_one(x)
[12:09:53.198] [INFO] [run] subject=18, session=4, speed=2, trial=6, x__rid_x=302128a2547f9f30: dummy_return_one(x)
[12:09:53.199] [INFO] [run] subject=18, session=4, speed=2, trial=7, x__rid_x=04f8c2f5980b083e: dummy_return_one(x)
[12:09:53.205] [INFO] [run] subject=18, session=4, speed=3, trial=1, x__rid_x=b2af1dd4f5b266e4: dummy_return_one(x)
[12:09:53.206] [INFO] [run] subject=18, session=4, speed=3, trial=2, x__rid_x=0626487f1cb830ef: dummy_return_one(x)
[12:09:53.207] [INFO] [run] subject=18, session=4, speed=3, trial=3, x__rid_x=3140ca1a8814b8b1: dummy_return_one(x)
[12:09:53.213] [INFO] [run] subject=18, session=4, speed=3, trial=4, x__rid_x=9189af628c09301d: dummy_return_one(x)
[12:09:53.214] [INFO] [run] subject=18, session=4, speed=3, trial=5, x__rid_x=0c31ae245b2d9102: dummy_return_one(x)
[12:09:53.220] [INFO] [run] subject=18, session=4, speed=3, trial=6, x__rid_x=4a5c79f73a8210dd: dummy_return_one(x)
[12:09:53.221] [INFO] [run] subject=18, session=4, speed=3, trial=7, x__rid_x=fcb6546726d3af26: dummy_return_one(x)
[12:09:53.222] [INFO] [run] subject=18, session=4, speed=4, trial=1, x__rid_x=d4f007dc534383ac: dummy_return_one(x)
[12:09:53.228] [INFO] [run] subject=18, session=4, speed=4, trial=2, x__rid_x=3043f7fef91f04e2: dummy_return_one(x)
[12:09:53.228] [INFO] [run] subject=18, session=4, speed=4, trial=3, x__rid_x=68eded817f0ef545: dummy_return_one(x)
[12:09:53.229] [INFO] [run] subject=18, session=4, speed=4, trial=4, x__rid_x=d5c016fcd28bd1ed: dummy_return_one(x)
[12:09:53.235] [INFO] [run] subject=18, session=4, speed=4, trial=5, x__rid_x=573acd42e9aa428b: dummy_return_one(x)
[12:09:53.236] [INFO] [run] subject=18, session=4, speed=4, trial=6, x__rid_x=10693d597623c312: dummy_return_one(x)
[12:09:53.237] [INFO] [run] subject=18, session=4, speed=4, trial=7, x__rid_x=caf3206cca67e369: dummy_return_one(x)
[12:09:53.243] [INFO] [run] subject=18, session=4, speed=5, trial=1, x__rid_x=8b82fb3369cbc3cd: dummy_return_one(x)
[12:09:53.243] [INFO] [run] subject=18, session=4, speed=5, trial=2, x__rid_x=0d301721af67e853: dummy_return_one(x)
[12:09:53.244] [INFO] [run] subject=18, session=4, speed=5, trial=3, x__rid_x=c1fd7ed45827a5a9: dummy_return_one(x)
[12:09:53.250] [INFO] [run] subject=18, session=4, speed=5, trial=4, x__rid_x=596f59776d08f129: dummy_return_one(x)
[12:09:53.252] [INFO] [run] subject=18, session=4, speed=5, trial=5, x__rid_x=b3f35104aeac3831: dummy_return_one(x)
[12:09:53.258] [INFO] [run] subject=18, session=4, speed=5, trial=6, x__rid_x=e57e765ba79992f4: dummy_return_one(x)
[12:09:53.259] [INFO] [run] subject=18, session=4, speed=5, trial=7, x__rid_x=f2dd4c42cae74c1e: dummy_return_one(x)
[12:09:53.260] [INFO] [run] subject=18, session=4, speed=6, trial=1, x__rid_x=ba50bf44ffda51fa: dummy_return_one(x)
[12:09:53.265] [INFO] [run] subject=18, session=4, speed=6, trial=2, x__rid_x=afb985d29ca38fdf: dummy_return_one(x)
[12:09:53.267] [INFO] [run] subject=18, session=4, speed=6, trial=3, x__rid_x=1287049ffbb226ed: dummy_return_one(x)
[12:09:53.273] [INFO] [run] subject=18, session=4, speed=6, trial=4, x__rid_x=53e9ca4a56edc791: dummy_return_one(x)
[12:09:53.274] [INFO] [run] subject=18, session=4, speed=6, trial=5, x__rid_x=097aa474817293ae: dummy_return_one(x)
[12:09:53.274] [INFO] [run] subject=18, session=4, speed=6, trial=6, x__rid_x=0641ac9f09f13ac0: dummy_return_one(x)
[12:09:53.280] [INFO] [run] subject=18, session=4, speed=6, trial=7, x__rid_x=4fa7560527194a2d: dummy_return_one(x)
[12:09:53.281] [INFO] [run] subject=18, session=4, speed=7, trial=1, x__rid_x=e678f571bbd4dfcb: dummy_return_one(x)
[12:09:53.282] [INFO] [run] subject=18, session=4, speed=7, trial=2, x__rid_x=294553a7bd8e3e9a: dummy_return_one(x)
[12:09:53.288] [INFO] [run] subject=18, session=4, speed=7, trial=3, x__rid_x=b2f78a17bc858a3e: dummy_return_one(x)
[12:09:53.289] [INFO] [run] subject=18, session=4, speed=7, trial=4, x__rid_x=c0010c74bbba73de: dummy_return_one(x)
[12:09:53.289] [INFO] [run] subject=18, session=4, speed=7, trial=5, x__rid_x=d48d1cc03fb3d36f: dummy_return_one(x)
[12:09:53.295] [INFO] [run] subject=18, session=4, speed=7, trial=6, x__rid_x=c466d2aebc3b05dc: dummy_return_one(x)
[12:09:53.296] [INFO] [run] subject=18, session=4, speed=7, trial=7, x__rid_x=11439ed328d27299: dummy_return_one(x)
[12:09:53.303] [INFO] [run] subject=18, session=4, speed=8, trial=1, x__rid_x=fc3aa737a77c4aef: dummy_return_one(x)
[12:09:53.304] [INFO] [run] subject=18, session=4, speed=8, trial=2, x__rid_x=91683b7da5657bbf: dummy_return_one(x)
[12:09:53.304] [INFO] [run] subject=18, session=4, speed=8, trial=3, x__rid_x=68deaef78fdd380b: dummy_return_one(x)
[12:09:53.310] [INFO] [run] subject=18, session=4, speed=8, trial=4, x__rid_x=ff477f76c7674797: dummy_return_one(x)
[12:09:53.311] [INFO] [run] subject=18, session=4, speed=8, trial=5, x__rid_x=470c84c6b50b4dd6: dummy_return_one(x)
[12:09:53.312] [INFO] [run] subject=18, session=4, speed=8, trial=6, x__rid_x=d839d45c3a2104eb: dummy_return_one(x)
[12:09:53.318] [INFO] [run] subject=18, session=4, speed=8, trial=7, x__rid_x=d130c885528443f8: dummy_return_one(x)
[12:09:53.319] [INFO] [run] subject=18, session=4, speed=9, trial=1, x__rid_x=ab7d5d44888f26c1: dummy_return_one(x)
[12:09:53.326] [INFO] [run] subject=18, session=4, speed=9, trial=2, x__rid_x=53463422179f3fba: dummy_return_one(x)
[12:09:53.327] [INFO] [run] subject=18, session=4, speed=9, trial=3, x__rid_x=01822dd962e64832: dummy_return_one(x)
[12:09:53.328] [INFO] [run] subject=18, session=4, speed=9, trial=4, x__rid_x=b779e5f5f7e9f75a: dummy_return_one(x)
[12:09:53.333] [INFO] [run] subject=18, session=4, speed=9, trial=5, x__rid_x=1459934866c6d409: dummy_return_one(x)
[12:09:53.335] [INFO] [run] subject=18, session=4, speed=9, trial=6, x__rid_x=bad648ad18048e08: dummy_return_one(x)
[12:09:53.341] [INFO] [run] subject=18, session=4, speed=9, trial=7, x__rid_x=35d64e230b2882b3: dummy_return_one(x)
[12:09:53.342] [INFO] [run] subject=18, session=5, speed=1, trial=1, x__rid_x=e224265a6fd8d048: dummy_return_one(x)
[12:09:53.342] [INFO] [run] subject=18, session=5, speed=1, trial=2, x__rid_x=5eb7d83775e7b1b7: dummy_return_one(x)
[12:09:53.349] [INFO] [run] subject=18, session=5, speed=1, trial=3, x__rid_x=e0d078f4170a7d94: dummy_return_one(x)
[12:09:53.350] [INFO] [run] subject=18, session=5, speed=1, trial=4, x__rid_x=426beeb7ea9d3bef: dummy_return_one(x)
[12:09:53.356] [INFO] [run] subject=18, session=5, speed=1, trial=5, x__rid_x=7f97acd4483f68db: dummy_return_one(x)
[12:09:53.357] [INFO] [run] subject=18, session=5, speed=1, trial=6, x__rid_x=cef341b8c6853c83: dummy_return_one(x)
[12:09:53.357] [INFO] [run] subject=18, session=5, speed=1, trial=7, x__rid_x=5e3e172e29d11ea8: dummy_return_one(x)
[12:09:53.364] [INFO] [run] subject=18, session=5, speed=10, trial=1, x__rid_x=6183145edbaa4b42: dummy_return_one(x)
[12:09:53.365] [INFO] [run] subject=18, session=5, speed=10, trial=2, x__rid_x=416d9968d3b930b1: dummy_return_one(x)
[12:09:53.371] [INFO] [run] subject=18, session=5, speed=10, trial=3, x__rid_x=f91e2b017084f11b: dummy_return_one(x)
[12:09:53.372] [INFO] [run] subject=18, session=5, speed=10, trial=4, x__rid_x=1be4d15183c86b82: dummy_return_one(x)
[12:09:53.373] [INFO] [run] subject=18, session=5, speed=10, trial=5, x__rid_x=c4df0a65be345e5c: dummy_return_one(x)
[12:09:53.379] [INFO] [run] subject=18, session=5, speed=10, trial=6, x__rid_x=f1b66be86a4cd33e: dummy_return_one(x)
[12:09:53.379] [INFO] [run] subject=18, session=5, speed=10, trial=7, x__rid_x=e43c5a400ce5beb0: dummy_return_one(x)
[12:09:53.386] [INFO] [run] subject=18, session=5, speed=2, trial=1, x__rid_x=e2f326c133dfcdf8: dummy_return_one(x)
[12:09:53.387] [INFO] [run] subject=18, session=5, speed=2, trial=2, x__rid_x=4cbc0ac4f27c9bca: dummy_return_one(x)
[12:09:53.388] [INFO] [run] subject=18, session=5, speed=2, trial=3, x__rid_x=d26dab71f6e9f1ad: dummy_return_one(x)
[12:09:53.394] [INFO] [run] subject=18, session=5, speed=2, trial=4, x__rid_x=f745ac3c55792ee3: dummy_return_one(x)
[12:09:53.395] [INFO] [run] subject=18, session=5, speed=2, trial=5, x__rid_x=568cdd73d7e029dc: dummy_return_one(x)
[12:09:53.395] [INFO] [run] subject=18, session=5, speed=2, trial=6, x__rid_x=9ec31260fd588708: dummy_return_one(x)
[12:09:53.401] [INFO] [run] subject=18, session=5, speed=2, trial=7, x__rid_x=8c3d14c52a41dd26: dummy_return_one(x)
[12:09:53.403] [INFO] [run] subject=18, session=5, speed=3, trial=1, x__rid_x=0ff193c5f0da8fcb: dummy_return_one(x)
[12:09:53.403] [INFO] [run] subject=18, session=5, speed=3, trial=2, x__rid_x=6cc87701d963c3b6: dummy_return_one(x)
[12:09:53.409] [INFO] [run] subject=18, session=5, speed=3, trial=3, x__rid_x=492d25139c57edc2: dummy_return_one(x)
[12:09:53.410] [INFO] [run] subject=18, session=5, speed=3, trial=4, x__rid_x=64984fef6e38fc60: dummy_return_one(x)
[12:09:53.411] [INFO] [run] subject=18, session=5, speed=3, trial=5, x__rid_x=91f1f699e3711c58: dummy_return_one(x)
[12:09:53.417] [INFO] [run] subject=18, session=5, speed=3, trial=6, x__rid_x=7f4ed55c365ac2c3: dummy_return_one(x)
[12:09:53.418] [INFO] [run] subject=18, session=5, speed=3, trial=7, x__rid_x=84f12ae1243e91a0: dummy_return_one(x)
[12:09:53.424] [INFO] [run] subject=18, session=5, speed=4, trial=1, x__rid_x=df2f67997f928761: dummy_return_one(x)
[12:09:53.425] [INFO] [run] subject=18, session=5, speed=4, trial=2, x__rid_x=489afda73e6ed434: dummy_return_one(x)
[12:09:53.426] [INFO] [run] subject=18, session=5, speed=4, trial=3, x__rid_x=489358a01a0b47ec: dummy_return_one(x)
[12:09:53.432] [INFO] [run] subject=18, session=5, speed=4, trial=4, x__rid_x=691d08647ef00819: dummy_return_one(x)
[12:09:53.434] [INFO] [run] subject=18, session=5, speed=4, trial=5, x__rid_x=5b433b61d3ab0e3b: dummy_return_one(x)
[12:09:53.440] [INFO] [run] subject=18, session=5, speed=4, trial=6, x__rid_x=a99172e549a70d65: dummy_return_one(x)
[12:09:53.440] [INFO] [run] subject=18, session=5, speed=4, trial=7, x__rid_x=d45a24c3491b40a2: dummy_return_one(x)
[12:09:53.441] [INFO] [run] subject=18, session=5, speed=5, trial=1, x__rid_x=511aa7cfcb52c9a6: dummy_return_one(x)
[12:09:53.447] [INFO] [run] subject=18, session=5, speed=5, trial=2, x__rid_x=92f594126d174303: dummy_return_one(x)
[12:09:53.449] [INFO] [run] subject=18, session=5, speed=5, trial=3, x__rid_x=ed80efddcf6dd3c7: dummy_return_one(x)
[12:09:53.455] [INFO] [run] subject=18, session=5, speed=5, trial=4, x__rid_x=c757a75b5cb1b356: dummy_return_one(x)
[12:09:53.456] [INFO] [run] subject=18, session=5, speed=5, trial=5, x__rid_x=3c301d46e4d5c731: dummy_return_one(x)
[12:09:53.456] [INFO] [run] subject=18, session=5, speed=5, trial=6, x__rid_x=ca7b0764d5fefc06: dummy_return_one(x)
[12:09:53.462] [INFO] [run] subject=18, session=5, speed=5, trial=7, x__rid_x=6702bb5db21f2d5a: dummy_return_one(x)
[12:09:53.463] [INFO] [run] subject=18, session=5, speed=6, trial=1, x__rid_x=ff27066b99b66e45: dummy_return_one(x)
[12:09:53.464] [INFO] [run] subject=18, session=5, speed=6, trial=2, x__rid_x=c0e8a4a37ac408e0: dummy_return_one(x)
[12:09:53.470] [INFO] [run] subject=18, session=5, speed=6, trial=3, x__rid_x=f7b303db9ac5038c: dummy_return_one(x)
[12:09:53.471] [INFO] [run] subject=18, session=5, speed=6, trial=4, x__rid_x=e786f35cad3540d3: dummy_return_one(x)
[12:09:53.472] [INFO] [run] subject=18, session=5, speed=6, trial=5, x__rid_x=c1788ad8946043b4: dummy_return_one(x)
[12:09:53.478] [INFO] [run] subject=18, session=5, speed=6, trial=6, x__rid_x=d85a41cd6768ff70: dummy_return_one(x)
[12:09:53.478] [INFO] [run] subject=18, session=5, speed=6, trial=7, x__rid_x=c18bd1f4f027628b: dummy_return_one(x)
[12:09:53.479] [INFO] [run] subject=18, session=5, speed=7, trial=1, x__rid_x=4fab768dec026378: dummy_return_one(x)
[12:09:53.485] [INFO] [run] subject=18, session=5, speed=7, trial=2, x__rid_x=7450e5bf0af1d7d2: dummy_return_one(x)
[12:09:53.486] [INFO] [run] subject=18, session=5, speed=7, trial=3, x__rid_x=e7ae40f25057a4ac: dummy_return_one(x)
[12:09:53.493] [INFO] [run] subject=18, session=5, speed=7, trial=4, x__rid_x=bd30d0402acb009c: dummy_return_one(x)
[12:09:53.494] [INFO] [run] subject=18, session=5, speed=7, trial=5, x__rid_x=ae10210a1113d0b5: dummy_return_one(x)
[12:09:53.495] [INFO] [run] subject=18, session=5, speed=7, trial=6, x__rid_x=9ae00d62bb1cd653: dummy_return_one(x)
[12:09:53.501] [INFO] [run] subject=18, session=5, speed=7, trial=7, x__rid_x=648a48f3762f3888: dummy_return_one(x)
[12:09:53.502] [INFO] [run] subject=18, session=5, speed=8, trial=1, x__rid_x=e78371b7a0f8adf6: dummy_return_one(x)
[12:09:53.503] [INFO] [run] subject=18, session=5, speed=8, trial=2, x__rid_x=67601154f05cd4dd: dummy_return_one(x)
[12:09:53.509] [INFO] [run] subject=18, session=5, speed=8, trial=3, x__rid_x=9c3aeead2559b187: dummy_return_one(x)
[12:09:53.510] [INFO] [run] subject=18, session=5, speed=8, trial=4, x__rid_x=35caeb1dd144c2cb: dummy_return_one(x)
[12:09:53.511] [INFO] [run] subject=18, session=5, speed=8, trial=5, x__rid_x=cfc4a3fd3be74b2a: dummy_return_one(x)
[12:09:53.517] [INFO] [run] subject=18, session=5, speed=8, trial=6, x__rid_x=b1cd4c0fe6e6c2bb: dummy_return_one(x)
[12:09:53.518] [INFO] [run] subject=18, session=5, speed=8, trial=7, x__rid_x=38dc0d90a0b33b7a: dummy_return_one(x)
[12:09:53.525] [INFO] [run] subject=18, session=5, speed=9, trial=1, x__rid_x=597251b787623d4d: dummy_return_one(x)
[12:09:53.525] [INFO] [run] subject=18, session=5, speed=9, trial=2, x__rid_x=ab0325b06c8a797e: dummy_return_one(x)
[12:09:53.526] [INFO] [run] subject=18, session=5, speed=9, trial=3, x__rid_x=6561537b0752c653: dummy_return_one(x)
[12:09:53.532] [INFO] [run] subject=18, session=5, speed=9, trial=4, x__rid_x=d44594f083a134e5: dummy_return_one(x)
[12:09:53.534] [INFO] [run] subject=18, session=5, speed=9, trial=5, x__rid_x=a1bfd4f388740ab6: dummy_return_one(x)
[12:09:53.540] [INFO] [run] subject=18, session=5, speed=9, trial=6, x__rid_x=faeca1962148171a: dummy_return_one(x)
[12:09:53.541] [INFO] [run] subject=18, session=5, speed=9, trial=7, x__rid_x=a6b15edf0c8209ae: dummy_return_one(x)
[12:09:53.541] [INFO] [run] subject=19, session=1, speed=1, trial=1, x__rid_x=0960b2879cce98f0: dummy_return_one(x)
[12:09:53.548] [INFO] [run] subject=19, session=1, speed=1, trial=2, x__rid_x=0ce8c9bf6341f203: dummy_return_one(x)
[12:09:53.549] [INFO] [run] subject=19, session=1, speed=1, trial=3, x__rid_x=65e21d1a1d68f1fe: dummy_return_one(x)
[12:09:53.555] [INFO] [run] subject=19, session=1, speed=1, trial=4, x__rid_x=9332000c84fe3426: dummy_return_one(x)
[12:09:53.556] [INFO] [run] subject=19, session=1, speed=1, trial=5, x__rid_x=5b25899daf49655c: dummy_return_one(x)
[12:09:53.557] [INFO] [run] subject=19, session=1, speed=1, trial=6, x__rid_x=7aa8cfc78371807c: dummy_return_one(x)
[12:09:53.563] [INFO] [run] subject=19, session=1, speed=1, trial=7, x__rid_x=8d3beccb52c35d61: dummy_return_one(x)
[12:09:53.564] [INFO] [run] subject=19, session=1, speed=10, trial=1, x__rid_x=0c461358f9494ef6: dummy_return_one(x)
[12:09:53.570] [INFO] [run] subject=19, session=1, speed=10, trial=2, x__rid_x=d2716c79e70619ff: dummy_return_one(x)
[12:09:53.571] [INFO] [run] subject=19, session=1, speed=10, trial=3, x__rid_x=7748c26791e93fb7: dummy_return_one(x)
[12:09:53.572] [INFO] [run] subject=19, session=1, speed=10, trial=4, x__rid_x=c245bc205adcab5b: dummy_return_one(x)
[12:09:53.578] [INFO] [run] subject=19, session=1, speed=10, trial=5, x__rid_x=dc75c737ef117f3b: dummy_return_one(x)
[12:09:53.579] [INFO] [run] subject=19, session=1, speed=10, trial=6, x__rid_x=85f7bc9e6c8d3dcb: dummy_return_one(x)
[12:09:53.580] [INFO] [run] subject=19, session=1, speed=10, trial=7, x__rid_x=acc34f9c4ab0a643: dummy_return_one(x)
[12:09:53.586] [INFO] [run] subject=19, session=1, speed=2, trial=1, x__rid_x=3e4cdedc336d003b: dummy_return_one(x)
[12:09:53.587] [INFO] [run] subject=19, session=1, speed=2, trial=2, x__rid_x=b88a0bebb71e636d: dummy_return_one(x)
[12:09:53.587] [INFO] [run] subject=19, session=1, speed=2, trial=3, x__rid_x=5efb517b60785d56: dummy_return_one(x)
[12:09:53.593] [INFO] [run] subject=19, session=1, speed=2, trial=4, x__rid_x=92affbf44d708aaf: dummy_return_one(x)
[12:09:53.594] [INFO] [run] subject=19, session=1, speed=2, trial=5, x__rid_x=ec22dfb552fcc2f9: dummy_return_one(x)
[12:09:53.595] [INFO] [run] subject=19, session=1, speed=2, trial=6, x__rid_x=86911ae3cbba87b5: dummy_return_one(x)
[12:09:53.601] [INFO] [run] subject=19, session=1, speed=2, trial=7, x__rid_x=05b5f92c2f317725: dummy_return_one(x)
[12:09:53.602] [INFO] [run] subject=19, session=1, speed=3, trial=1, x__rid_x=db017eab982aefb1: dummy_return_one(x)
[12:09:53.609] [INFO] [run] subject=19, session=1, speed=3, trial=2, x__rid_x=8712a7e19f6bad3b: dummy_return_one(x)
[12:09:53.609] [INFO] [run] subject=19, session=1, speed=3, trial=3, x__rid_x=b2b9d3898476ceb1: dummy_return_one(x)
[12:09:53.610] [INFO] [run] subject=19, session=1, speed=3, trial=4, x__rid_x=ea0c94ff73c9ac3f: dummy_return_one(x)
[12:09:53.617] [INFO] [run] subject=19, session=1, speed=3, trial=5, x__rid_x=7608558472f34458: dummy_return_one(x)
[12:09:53.618] [INFO] [run] subject=19, session=1, speed=3, trial=6, x__rid_x=b903460ee6ba1779: dummy_return_one(x)
[12:09:53.624] [INFO] [run] subject=19, session=1, speed=3, trial=7, x__rid_x=0d0f4cbab62eeecf: dummy_return_one(x)
[12:09:53.625] [INFO] [run] subject=19, session=1, speed=4, trial=1, x__rid_x=9b82bbcebe40449d: dummy_return_one(x)
[12:09:53.625] [INFO] [run] subject=19, session=1, speed=4, trial=2, x__rid_x=846b95550bea4fb8: dummy_return_one(x)
[12:09:53.632] [INFO] [run] subject=19, session=1, speed=4, trial=3, x__rid_x=a652019f249f449b: dummy_return_one(x)
[12:09:53.633] [INFO] [run] subject=19, session=1, speed=4, trial=4, x__rid_x=91ce9de1649cf60d: dummy_return_one(x)
[12:09:53.639] [INFO] [run] subject=19, session=1, speed=4, trial=5, x__rid_x=82436d61e411e5aa: dummy_return_one(x)
[12:09:53.640] [INFO] [run] subject=19, session=1, speed=4, trial=6, x__rid_x=f4ea9208a8adac67: dummy_return_one(x)
[12:09:53.641] [INFO] [run] subject=19, session=1, speed=4, trial=7, x__rid_x=e6ab8dbf1d49d4e8: dummy_return_one(x)
[12:09:53.647] [INFO] [run] subject=19, session=1, speed=5, trial=1, x__rid_x=0fec50dbc0e64021: dummy_return_one(x)
[12:09:53.648] [INFO] [run] subject=19, session=1, speed=5, trial=2, x__rid_x=49a2aed8bc7ff688: dummy_return_one(x)
[12:09:53.655] [INFO] [run] subject=19, session=1, speed=5, trial=3, x__rid_x=ab2a1421fb165d80: dummy_return_one(x)
[12:09:53.655] [INFO] [run] subject=19, session=1, speed=5, trial=4, x__rid_x=f97b19801b747ae3: dummy_return_one(x)
[12:09:53.656] [INFO] [run] subject=19, session=1, speed=5, trial=5, x__rid_x=3734974228d9aac5: dummy_return_one(x)
[12:09:53.662] [INFO] [run] subject=19, session=1, speed=5, trial=6, x__rid_x=c78304ac9331d886: dummy_return_one(x)
[12:09:53.663] [INFO] [run] subject=19, session=1, speed=5, trial=7, x__rid_x=5b3c5c5c8e9c1e99: dummy_return_one(x)
[12:09:53.670] [INFO] [run] subject=19, session=1, speed=6, trial=1, x__rid_x=fac9fd768660e032: dummy_return_one(x)
[12:09:53.671] [INFO] [run] subject=19, session=1, speed=6, trial=2, x__rid_x=e2922dd364dba5b8: dummy_return_one(x)
[12:09:53.672] [INFO] [run] subject=19, session=1, speed=6, trial=3, x__rid_x=41a5e42cf35c2d45: dummy_return_one(x)
[12:09:53.678] [INFO] [run] subject=19, session=1, speed=6, trial=4, x__rid_x=8062f13cb3910525: dummy_return_one(x)
[12:09:53.678] [INFO] [run] subject=19, session=1, speed=6, trial=5, x__rid_x=92d4fdd812448cd2: dummy_return_one(x)
[12:09:53.679] [INFO] [run] subject=19, session=1, speed=6, trial=6, x__rid_x=9a6af77b6bd8302d: dummy_return_one(x)
[12:09:53.685] [INFO] [run] subject=19, session=1, speed=6, trial=7, x__rid_x=246be48d5d733b89: dummy_return_one(x)
[12:09:53.686] [INFO] [run] subject=19, session=1, speed=7, trial=1, x__rid_x=c19a94481fc5fe7c: dummy_return_one(x)
[12:09:53.687] [INFO] [run] subject=19, session=1, speed=7, trial=2, x__rid_x=ede07d9770a839fb: dummy_return_one(x)
[12:09:53.693] [INFO] [run] subject=19, session=1, speed=7, trial=3, x__rid_x=59ee0af86d387683: dummy_return_one(x)
[12:09:53.694] [INFO] [run] subject=19, session=1, speed=7, trial=4, x__rid_x=eea0332c87311d30: dummy_return_one(x)
[12:09:53.695] [INFO] [run] subject=19, session=1, speed=7, trial=5, x__rid_x=6ab0c33d14ac6792: dummy_return_one(x)
[12:09:53.701] [INFO] [run] subject=19, session=1, speed=7, trial=6, x__rid_x=48b55a42f1a8be5c: dummy_return_one(x)
[12:09:53.702] [INFO] [run] subject=19, session=1, speed=7, trial=7, x__rid_x=f06e246d7c643b5a: dummy_return_one(x)
[12:09:53.703] [INFO] [run] subject=19, session=1, speed=8, trial=1, x__rid_x=22c0ea1eb3ac9d75: dummy_return_one(x)
[12:09:53.709] [INFO] [run] subject=19, session=1, speed=8, trial=2, x__rid_x=372d3ce28accd437: dummy_return_one(x)
[12:09:53.709] [INFO] [run] subject=19, session=1, speed=8, trial=3, x__rid_x=7f4d5bd39f436d04: dummy_return_one(x)
[12:09:53.710] [INFO] [run] subject=19, session=1, speed=8, trial=4, x__rid_x=470d6cbbc80a78e3: dummy_return_one(x)
[12:09:53.716] [INFO] [run] subject=19, session=1, speed=8, trial=5, x__rid_x=3fc11fcd9282badf: dummy_return_one(x)
[12:09:53.717] [INFO] [run] subject=19, session=1, speed=8, trial=6, x__rid_x=7c49646be8b7d810: dummy_return_one(x)
[12:09:53.718] [INFO] [run] subject=19, session=1, speed=8, trial=7, x__rid_x=c0ecf348948775e8: dummy_return_one(x)
[12:09:53.724] [INFO] [run] subject=19, session=1, speed=9, trial=1, x__rid_x=92e7f1de285da4c5: dummy_return_one(x)
[12:09:53.725] [INFO] [run] subject=19, session=1, speed=9, trial=2, x__rid_x=de3453b972627f57: dummy_return_one(x)
[12:09:53.726] [INFO] [run] subject=19, session=1, speed=9, trial=3, x__rid_x=5d116a2da9de1347: dummy_return_one(x)
[12:09:53.732] [INFO] [run] subject=19, session=1, speed=9, trial=4, x__rid_x=2252f54710ba0c15: dummy_return_one(x)
[12:09:53.733] [INFO] [run] subject=19, session=1, speed=9, trial=5, x__rid_x=214d6f81fd411f23: dummy_return_one(x)
[12:09:53.740] [INFO] [run] subject=19, session=1, speed=9, trial=6, x__rid_x=d1e14cbc806ee9b1: dummy_return_one(x)
[12:09:53.740] [INFO] [run] subject=19, session=1, speed=9, trial=7, x__rid_x=a6812ba549dbd47e: dummy_return_one(x)
[12:09:53.741] [INFO] [run] subject=19, session=2, speed=1, trial=1, x__rid_x=98fdeea8e93226fa: dummy_return_one(x)
[12:09:53.747] [INFO] [run] subject=19, session=2, speed=1, trial=2, x__rid_x=f2db02cc4a1eb5f3: dummy_return_one(x)
[12:09:53.749] [INFO] [run] subject=19, session=2, speed=1, trial=3, x__rid_x=8efffb9b5af12bb2: dummy_return_one(x)
[12:09:53.755] [INFO] [run] subject=19, session=2, speed=1, trial=4, x__rid_x=3cc10df480e7a575: dummy_return_one(x)
[12:09:53.756] [INFO] [run] subject=19, session=2, speed=1, trial=5, x__rid_x=849d764699d5a5f0: dummy_return_one(x)
[12:09:53.757] [INFO] [run] subject=19, session=2, speed=1, trial=6, x__rid_x=9df387e57148b911: dummy_return_one(x)
[12:09:53.763] [INFO] [run] subject=19, session=2, speed=1, trial=7, x__rid_x=62ada1abe21a227b: dummy_return_one(x)
[12:09:53.764] [INFO] [run] subject=19, session=2, speed=10, trial=1, x__rid_x=ddbafb806b780c90: dummy_return_one(x)
[12:09:53.770] [INFO] [run] subject=19, session=2, speed=10, trial=2, x__rid_x=a70433931fc08c76: dummy_return_one(x)
[12:09:53.771] [INFO] [run] subject=19, session=2, speed=10, trial=3, x__rid_x=ac153735db7a40fa: dummy_return_one(x)
[12:09:53.772] [INFO] [run] subject=19, session=2, speed=10, trial=4, x__rid_x=eedfeffe718d373e: dummy_return_one(x)
[12:09:53.778] [INFO] [run] subject=19, session=2, speed=10, trial=5, x__rid_x=d8250bbafaa8a1c2: dummy_return_one(x)
[12:09:53.779] [INFO] [run] subject=19, session=2, speed=10, trial=6, x__rid_x=75dab8594f9c6b6e: dummy_return_one(x)
[12:09:53.780] [INFO] [run] subject=19, session=2, speed=10, trial=7, x__rid_x=c7dc1323200b49db: dummy_return_one(x)
[12:09:53.786] [INFO] [run] subject=19, session=2, speed=2, trial=1, x__rid_x=429a5701561d416d: dummy_return_one(x)
[12:09:53.787] [INFO] [run] subject=19, session=2, speed=2, trial=2, x__rid_x=5948138f977ac7a3: dummy_return_one(x)
[12:09:53.788] [INFO] [run] subject=19, session=2, speed=2, trial=3, x__rid_x=d3735aae11a30530: dummy_return_one(x)
[12:09:53.794] [INFO] [run] subject=19, session=2, speed=2, trial=4, x__rid_x=153d0dbbe7d9462e: dummy_return_one(x)
[12:09:53.794] [INFO] [run] subject=19, session=2, speed=2, trial=5, x__rid_x=f869d22d69bbe4be: dummy_return_one(x)
[12:09:53.795] [INFO] [run] subject=19, session=2, speed=2, trial=6, x__rid_x=ccc5c68047755f0f: dummy_return_one(x)
[12:09:53.802] [INFO] [run] subject=19, session=2, speed=2, trial=7, x__rid_x=04fd3d77be9004ed: dummy_return_one(x)
[12:09:53.803] [INFO] [run] subject=19, session=2, speed=3, trial=1, x__rid_x=2bbf5418111a11e6: dummy_return_one(x)
[12:09:53.803] [INFO] [run] subject=19, session=2, speed=3, trial=2, x__rid_x=f8bb6159451fe72b: dummy_return_one(x)
[12:09:53.809] [INFO] [run] subject=19, session=2, speed=3, trial=3, x__rid_x=a81233b95e1cdd75: dummy_return_one(x)
[12:09:53.810] [INFO] [run] subject=19, session=2, speed=3, trial=4, x__rid_x=03289d835067d0cb: dummy_return_one(x)
[12:09:53.811] [INFO] [run] subject=19, session=2, speed=3, trial=5, x__rid_x=e1c7d290ef9c21fe: dummy_return_one(x)
[12:09:53.817] [INFO] [run] subject=19, session=2, speed=3, trial=6, x__rid_x=356bee24aa69b1b1: dummy_return_one(x)
[12:09:53.818] [INFO] [run] subject=19, session=2, speed=3, trial=7, x__rid_x=1738d5fb87827a9a: dummy_return_one(x)
[12:09:53.825] [INFO] [run] subject=19, session=2, speed=4, trial=1, x__rid_x=21df0a46c60b2071: dummy_return_one(x)
[12:09:53.825] [INFO] [run] subject=19, session=2, speed=4, trial=2, x__rid_x=02ba8252b5736502: dummy_return_one(x)
[12:09:53.826] [INFO] [run] subject=19, session=2, speed=4, trial=3, x__rid_x=8f46943ab2130a6c: dummy_return_one(x)
[12:09:53.833] [INFO] [run] subject=19, session=2, speed=4, trial=4, x__rid_x=7b31fe170fb2db1f: dummy_return_one(x)
[12:09:53.834] [INFO] [run] subject=19, session=2, speed=4, trial=5, x__rid_x=3fcf4a5aef0b01d3: dummy_return_one(x)
[12:09:53.840] [INFO] [run] subject=19, session=2, speed=4, trial=6, x__rid_x=f5cb53d4ba0eb804: dummy_return_one(x)
[12:09:53.841] [INFO] [run] subject=19, session=2, speed=4, trial=7, x__rid_x=6f20f5e6f1d729d9: dummy_return_one(x)
[12:09:53.842] [INFO] [run] subject=19, session=2, speed=5, trial=1, x__rid_x=a7ee53358a0e7b7d: dummy_return_one(x)
[12:09:53.848] [INFO] [run] subject=19, session=2, speed=5, trial=2, x__rid_x=afb65f9b5aaa9c80: dummy_return_one(x)
[12:09:53.849] [INFO] [run] subject=19, session=2, speed=5, trial=3, x__rid_x=9e7cd8836cfa468f: dummy_return_one(x)
[12:09:53.856] [INFO] [run] subject=19, session=2, speed=5, trial=4, x__rid_x=35f4d0c41dff6feb: dummy_return_one(x)
[12:09:53.857] [INFO] [run] subject=19, session=2, speed=5, trial=5, x__rid_x=6e55ecd1806a6135: dummy_return_one(x)
[12:09:53.857] [INFO] [run] subject=19, session=2, speed=5, trial=6, x__rid_x=73141997702ebc7b: dummy_return_one(x)
[12:09:53.864] [INFO] [run] subject=19, session=2, speed=5, trial=7, x__rid_x=2fa97676a372e267: dummy_return_one(x)
[12:09:53.865] [INFO] [run] subject=19, session=2, speed=6, trial=1, x__rid_x=06d2fd8de57df82f: dummy_return_one(x)
[12:09:53.871] [INFO] [run] subject=19, session=2, speed=6, trial=2, x__rid_x=a76848a7746b08d1: dummy_return_one(x)
[12:09:53.872] [INFO] [run] subject=19, session=2, speed=6, trial=3, x__rid_x=8f20038ac4a0c594: dummy_return_one(x)
[12:09:53.873] [INFO] [run] subject=19, session=2, speed=6, trial=4, x__rid_x=5fc1b29c22dbadaf: dummy_return_one(x)
[12:09:53.879] [INFO] [run] subject=19, session=2, speed=6, trial=5, x__rid_x=c6a588ab841e16a2: dummy_return_one(x)
[12:09:53.880] [INFO] [run] subject=19, session=2, speed=6, trial=6, x__rid_x=e60f1736bb65d032: dummy_return_one(x)
[12:09:53.881] [INFO] [run] subject=19, session=2, speed=6, trial=7, x__rid_x=bc7689ae111512b6: dummy_return_one(x)
[12:09:53.887] [INFO] [run] subject=19, session=2, speed=7, trial=1, x__rid_x=d375c2888b7bd4de: dummy_return_one(x)
[12:09:53.888] [INFO] [run] subject=19, session=2, speed=7, trial=2, x__rid_x=2e2169914cff38ed: dummy_return_one(x)
[12:09:53.888] [INFO] [run] subject=19, session=2, speed=7, trial=3, x__rid_x=aa09eb93990fe9bb: dummy_return_one(x)
[12:09:53.895] [INFO] [run] subject=19, session=2, speed=7, trial=4, x__rid_x=cd5056d7e23b1752: dummy_return_one(x)
[12:09:53.896] [INFO] [run] subject=19, session=2, speed=7, trial=5, x__rid_x=5bd90310c7be8e96: dummy_return_one(x)
[12:09:53.896] [INFO] [run] subject=19, session=2, speed=7, trial=6, x__rid_x=8c4b147f9e4cc62f: dummy_return_one(x)
[12:09:53.903] [INFO] [run] subject=19, session=2, speed=7, trial=7, x__rid_x=3a8b0b867e4b4d03: dummy_return_one(x)
[12:09:53.903] [INFO] [run] subject=19, session=2, speed=8, trial=1, x__rid_x=744adc7c7ccb7654: dummy_return_one(x)
[12:09:53.904] [INFO] [run] subject=19, session=2, speed=8, trial=2, x__rid_x=4a2578e06be0748b: dummy_return_one(x)
[12:09:53.910] [INFO] [run] subject=19, session=2, speed=8, trial=3, x__rid_x=e86ca2ac9b3ecdd5: dummy_return_one(x)
[12:09:53.911] [INFO] [run] subject=19, session=2, speed=8, trial=4, x__rid_x=2a2f0eb60bb47947: dummy_return_one(x)
[12:09:53.912] [INFO] [run] subject=19, session=2, speed=8, trial=5, x__rid_x=eb951502417299cb: dummy_return_one(x)
[12:09:53.918] [INFO] [run] subject=19, session=2, speed=8, trial=6, x__rid_x=e7170a723235e1fc: dummy_return_one(x)
[12:09:53.919] [INFO] [run] subject=19, session=2, speed=8, trial=7, x__rid_x=675d825190caa929: dummy_return_one(x)
[12:09:53.926] [INFO] [run] subject=19, session=2, speed=9, trial=1, x__rid_x=aaef826576031712: dummy_return_one(x)
[12:09:53.927] [INFO] [run] subject=19, session=2, speed=9, trial=2, x__rid_x=77163550329bc41f: dummy_return_one(x)
[12:09:53.927] [INFO] [run] subject=19, session=2, speed=9, trial=3, x__rid_x=dbf265ce3ba4caaa: dummy_return_one(x)
[12:09:53.934] [INFO] [run] subject=19, session=2, speed=9, trial=4, x__rid_x=1d09bcaa460010f7: dummy_return_one(x)
[12:09:53.935] [INFO] [run] subject=19, session=2, speed=9, trial=5, x__rid_x=d45fa8a8e3d16a1a: dummy_return_one(x)
[12:09:53.936] [INFO] [run] subject=19, session=2, speed=9, trial=6, x__rid_x=4011ae5ab09bd69c: dummy_return_one(x)
[12:09:53.942] [INFO] [run] subject=19, session=2, speed=9, trial=7, x__rid_x=1905d93e5faa74d1: dummy_return_one(x)
[12:09:53.943] [INFO] [run] subject=19, session=3, speed=1, trial=1, x__rid_x=9085f30daf626315: dummy_return_one(x)
[12:09:53.943] [INFO] [run] subject=19, session=3, speed=1, trial=2, x__rid_x=68bb2df4403b1dd6: dummy_return_one(x)
[12:09:53.950] [INFO] [run] subject=19, session=3, speed=1, trial=3, x__rid_x=9faea37957a1b69c: dummy_return_one(x)
[12:09:53.951] [INFO] [run] subject=19, session=3, speed=1, trial=4, x__rid_x=5177a1a258257c5f: dummy_return_one(x)
[12:09:53.958] [INFO] [run] subject=19, session=3, speed=1, trial=5, x__rid_x=4a0a8897f36d9187: dummy_return_one(x)
[12:09:53.958] [INFO] [run] subject=19, session=3, speed=1, trial=6, x__rid_x=f7d8ce59d961a929: dummy_return_one(x)
[12:09:53.959] [INFO] [run] subject=19, session=3, speed=1, trial=7, x__rid_x=0b298edd9d4c7d87: dummy_return_one(x)
[12:09:53.966] [INFO] [run] subject=19, session=3, speed=10, trial=1, x__rid_x=c83e197210419968: dummy_return_one(x)
[12:09:53.967] [INFO] [run] subject=19, session=3, speed=10, trial=2, x__rid_x=67e260396094288f: dummy_return_one(x)
[12:09:53.973] [INFO] [run] subject=19, session=3, speed=10, trial=3, x__rid_x=a9fd7112ec57a694: dummy_return_one(x)
[12:09:53.974] [INFO] [run] subject=19, session=3, speed=10, trial=4, x__rid_x=389c17bb59d37d43: dummy_return_one(x)
[12:09:53.975] [INFO] [run] subject=19, session=3, speed=10, trial=5, x__rid_x=ed6a9ee9ca914e51: dummy_return_one(x)
[12:09:53.981] [INFO] [run] subject=19, session=3, speed=10, trial=6, x__rid_x=607a8830336796dc: dummy_return_one(x)
[12:09:53.983] [INFO] [run] subject=19, session=3, speed=10, trial=7, x__rid_x=aaf40610ef58917d: dummy_return_one(x)
[12:09:53.989] [INFO] [run] subject=19, session=3, speed=2, trial=1, x__rid_x=eb309bd6511a8d69: dummy_return_one(x)
[12:09:53.990] [INFO] [run] subject=19, session=3, speed=2, trial=2, x__rid_x=215e04dc84cf01ab: dummy_return_one(x)
[12:09:53.990] [INFO] [run] subject=19, session=3, speed=2, trial=3, x__rid_x=9a0ecfb936e22be8: dummy_return_one(x)
[12:09:53.997] [INFO] [run] subject=19, session=3, speed=2, trial=4, x__rid_x=38690d083a76457d: dummy_return_one(x)
[12:09:53.998] [INFO] [run] subject=19, session=3, speed=2, trial=5, x__rid_x=d1a4699b6e95eea9: dummy_return_one(x)
[12:09:54.005] [INFO] [run] subject=19, session=3, speed=2, trial=6, x__rid_x=c12f9e808e8af187: dummy_return_one(x)
[12:09:54.005] [INFO] [run] subject=19, session=3, speed=2, trial=7, x__rid_x=8267ebbfaac214ae: dummy_return_one(x)
[12:09:54.006] [INFO] [run] subject=19, session=3, speed=3, trial=1, x__rid_x=282f0e6e707440ba: dummy_return_one(x)
[12:09:54.012] [INFO] [run] subject=19, session=3, speed=3, trial=2, x__rid_x=b7dd40c3e5fec1e6: dummy_return_one(x)
[12:09:54.013] [INFO] [run] subject=19, session=3, speed=3, trial=3, x__rid_x=67c34e2c34d6c36f: dummy_return_one(x)
[12:09:54.014] [INFO] [run] subject=19, session=3, speed=3, trial=4, x__rid_x=37287a29e4f1682a: dummy_return_one(x)
[12:09:54.020] [INFO] [run] subject=19, session=3, speed=3, trial=5, x__rid_x=b7d6b47cf2f91f53: dummy_return_one(x)
[12:09:54.021] [INFO] [run] subject=19, session=3, speed=3, trial=6, x__rid_x=29210685c2832243: dummy_return_one(x)
[12:09:54.022] [INFO] [run] subject=19, session=3, speed=3, trial=7, x__rid_x=1e7233cf038fc608: dummy_return_one(x)
[12:09:54.028] [INFO] [run] subject=19, session=3, speed=4, trial=1, x__rid_x=9e1d26eeb1541d2e: dummy_return_one(x)
[12:09:54.029] [INFO] [run] subject=19, session=3, speed=4, trial=2, x__rid_x=2d3e82e901fc7924: dummy_return_one(x)
[12:09:54.030] [INFO] [run] subject=19, session=3, speed=4, trial=3, x__rid_x=bde361c68875953b: dummy_return_one(x)
[12:09:54.036] [INFO] [run] subject=19, session=3, speed=4, trial=4, x__rid_x=04e18333830add71: dummy_return_one(x)
[12:09:54.037] [INFO] [run] subject=19, session=3, speed=4, trial=5, x__rid_x=2c6fb7138e8f4195: dummy_return_one(x)
[12:09:54.038] [INFO] [run] subject=19, session=3, speed=4, trial=6, x__rid_x=db7bdcfbb17c8479: dummy_return_one(x)
[12:09:54.044] [INFO] [run] subject=19, session=3, speed=4, trial=7, x__rid_x=8a6516cfd138dfce: dummy_return_one(x)
[12:09:54.045] [INFO] [run] subject=19, session=3, speed=5, trial=1, x__rid_x=0eae7376ae9cc938: dummy_return_one(x)
[12:09:54.045] [INFO] [run] subject=19, session=3, speed=5, trial=2, x__rid_x=22c4dff0529788b4: dummy_return_one(x)
[12:09:54.052] [INFO] [run] subject=19, session=3, speed=5, trial=3, x__rid_x=2e35278dad43acb0: dummy_return_one(x)
[12:09:54.053] [INFO] [run] subject=19, session=3, speed=5, trial=4, x__rid_x=549495b7424828f7: dummy_return_one(x)
[12:09:54.054] [INFO] [run] subject=19, session=3, speed=5, trial=5, x__rid_x=36894795bfa13f75: dummy_return_one(x)
[12:09:54.060] [INFO] [run] subject=19, session=3, speed=5, trial=6, x__rid_x=06bb208d1ab6e854: dummy_return_one(x)
[12:09:54.060] [INFO] [run] subject=19, session=3, speed=5, trial=7, x__rid_x=06fe7efa40fafb93: dummy_return_one(x)
[12:09:54.061] [INFO] [run] subject=19, session=3, speed=6, trial=1, x__rid_x=28d1d081cb2bca2c: dummy_return_one(x)
[12:09:54.068] [INFO] [run] subject=19, session=3, speed=6, trial=2, x__rid_x=941ee6855021210c: dummy_return_one(x)
[12:09:54.069] [INFO] [run] subject=19, session=3, speed=6, trial=3, x__rid_x=6cf09d38137f74fb: dummy_return_one(x)
[12:09:54.076] [INFO] [run] subject=19, session=3, speed=6, trial=4, x__rid_x=24a597a019c8829f: dummy_return_one(x)
[12:09:54.076] [INFO] [run] subject=19, session=3, speed=6, trial=5, x__rid_x=77be142d72ef53ae: dummy_return_one(x)
[12:09:54.077] [INFO] [run] subject=19, session=3, speed=6, trial=6, x__rid_x=1c4ecb438a320e49: dummy_return_one(x)
[12:09:54.084] [INFO] [run] subject=19, session=3, speed=6, trial=7, x__rid_x=6382d943821a1c66: dummy_return_one(x)
[12:09:54.085] [INFO] [run] subject=19, session=3, speed=7, trial=1, x__rid_x=57d3dcc013fedc38: dummy_return_one(x)
[12:09:54.085] [INFO] [run] subject=19, session=3, speed=7, trial=2, x__rid_x=2e1dfefd447cb25b: dummy_return_one(x)
[12:09:54.091] [INFO] [run] subject=19, session=3, speed=7, trial=3, x__rid_x=4344d33db5b1d2b9: dummy_return_one(x)
[12:09:54.092] [INFO] [run] subject=19, session=3, speed=7, trial=4, x__rid_x=1e329d3016efe52b: dummy_return_one(x)
[12:09:54.093] [INFO] [run] subject=19, session=3, speed=7, trial=5, x__rid_x=fd21be5aa1b391d9: dummy_return_one(x)
[12:09:54.099] [INFO] [run] subject=19, session=3, speed=7, trial=6, x__rid_x=2fe60c1de4839ca7: dummy_return_one(x)
[12:09:54.101] [INFO] [run] subject=19, session=3, speed=7, trial=7, x__rid_x=ee82cb522326d771: dummy_return_one(x)
[12:09:54.107] [INFO] [run] subject=19, session=3, speed=8, trial=1, x__rid_x=a606a00d3278e485: dummy_return_one(x)
[12:09:54.108] [INFO] [run] subject=19, session=3, speed=8, trial=2, x__rid_x=056350d11c9bd792: dummy_return_one(x)
[12:09:54.109] [INFO] [run] subject=19, session=3, speed=8, trial=3, x__rid_x=b2a5a0f11cef00dc: dummy_return_one(x)
[12:09:54.115] [INFO] [run] subject=19, session=3, speed=8, trial=4, x__rid_x=340f6d9f30ad465e: dummy_return_one(x)
[12:09:54.116] [INFO] [run] subject=19, session=3, speed=8, trial=5, x__rid_x=1fed2fc1a5c70a8b: dummy_return_one(x)
[12:09:54.117] [INFO] [run] subject=19, session=3, speed=8, trial=6, x__rid_x=217cbceb4bc84c70: dummy_return_one(x)
[12:09:54.123] [INFO] [run] subject=19, session=3, speed=8, trial=7, x__rid_x=0d058f85d77651d7: dummy_return_one(x)
[12:09:54.124] [INFO] [run] subject=19, session=3, speed=9, trial=1, x__rid_x=ccf09ae2c37b88bf: dummy_return_one(x)
[12:09:54.124] [INFO] [run] subject=19, session=3, speed=9, trial=2, x__rid_x=0fb209b9c31ba84a: dummy_return_one(x)
[12:09:54.131] [INFO] [run] subject=19, session=3, speed=9, trial=3, x__rid_x=f1a6ae1f6e767c3c: dummy_return_one(x)
[12:09:54.132] [INFO] [run] subject=19, session=3, speed=9, trial=4, x__rid_x=e7fbe20c0663be15: dummy_return_one(x)
[12:09:54.139] [INFO] [run] subject=19, session=3, speed=9, trial=5, x__rid_x=09dae7347b7f3dd3: dummy_return_one(x)
[12:09:54.140] [INFO] [run] subject=19, session=3, speed=9, trial=6, x__rid_x=cd7dbbf845fbab0b: dummy_return_one(x)
[12:09:54.140] [INFO] [run] subject=19, session=3, speed=9, trial=7, x__rid_x=97b4d257983a8d4b: dummy_return_one(x)
[12:09:54.147] [INFO] [run] subject=19, session=4, speed=1, trial=1, x__rid_x=e31eb275a3549c36: dummy_return_one(x)
[12:09:54.148] [INFO] [run] subject=19, session=4, speed=1, trial=2, x__rid_x=d114bccac445130d: dummy_return_one(x)
[12:09:54.149] [INFO] [run] subject=19, session=4, speed=1, trial=3, x__rid_x=85127024112dacbd: dummy_return_one(x)
[12:09:54.155] [INFO] [run] subject=19, session=4, speed=1, trial=4, x__rid_x=d07d3597fa5c42c9: dummy_return_one(x)
[12:09:54.155] [INFO] [run] subject=19, session=4, speed=1, trial=5, x__rid_x=6ffcc05325ab602b: dummy_return_one(x)
[12:09:54.156] [INFO] [run] subject=19, session=4, speed=1, trial=6, x__rid_x=d01a5da15a44da8e: dummy_return_one(x)
[12:09:54.163] [INFO] [run] subject=19, session=4, speed=1, trial=7, x__rid_x=2b38f301718794d2: dummy_return_one(x)
[12:09:54.165] [INFO] [run] subject=19, session=4, speed=10, trial=1, x__rid_x=7bafbae7705d8a5f: dummy_return_one(x)
[12:09:54.172] [INFO] [run] subject=19, session=4, speed=10, trial=2, x__rid_x=9704e562e3f0e4e7: dummy_return_one(x)
[12:09:54.173] [INFO] [run] subject=19, session=4, speed=10, trial=3, x__rid_x=9db7aac949c9d766: dummy_return_one(x)
[12:09:54.180] [INFO] [run] subject=19, session=4, speed=10, trial=4, x__rid_x=5587247a553bb392: dummy_return_one(x)
[12:09:54.181] [INFO] [run] subject=19, session=4, speed=10, trial=5, x__rid_x=d905f5f34f40ee01: dummy_return_one(x)
[12:09:54.188] [INFO] [run] subject=19, session=4, speed=10, trial=6, x__rid_x=085a0beed92e91f4: dummy_return_one(x)
[12:09:54.188] [INFO] [run] subject=19, session=4, speed=10, trial=7, x__rid_x=55da6657398ca7f4: dummy_return_one(x)
[12:09:54.189] [INFO] [run] subject=19, session=4, speed=2, trial=1, x__rid_x=f3462213c2a5b46f: dummy_return_one(x)
[12:09:54.195] [INFO] [run] subject=19, session=4, speed=2, trial=2, x__rid_x=f33c528b4987d141: dummy_return_one(x)
[12:09:54.196] [INFO] [run] subject=19, session=4, speed=2, trial=3, x__rid_x=17528f428ab1ef3c: dummy_return_one(x)
[12:09:54.197] [INFO] [run] subject=19, session=4, speed=2, trial=4, x__rid_x=3845e844e1854afb: dummy_return_one(x)
[12:09:54.204] [INFO] [run] subject=19, session=4, speed=2, trial=5, x__rid_x=c4673cb80dd75bc5: dummy_return_one(x)
[12:09:54.205] [INFO] [run] subject=19, session=4, speed=2, trial=6, x__rid_x=d729ef83e463ebf6: dummy_return_one(x)
[12:09:54.205] [INFO] [run] subject=19, session=4, speed=2, trial=7, x__rid_x=49fc8ea4e8dba6fb: dummy_return_one(x)
[12:09:54.211] [INFO] [run] subject=19, session=4, speed=3, trial=1, x__rid_x=65a713ee814eedb2: dummy_return_one(x)
[12:09:54.212] [INFO] [run] subject=19, session=4, speed=3, trial=2, x__rid_x=fede0d312055de75: dummy_return_one(x)
[12:09:54.213] [INFO] [run] subject=19, session=4, speed=3, trial=3, x__rid_x=4fc2204a96c514ac: dummy_return_one(x)
[12:09:54.220] [INFO] [run] subject=19, session=4, speed=3, trial=4, x__rid_x=121ea7461179e2e4: dummy_return_one(x)
[12:09:54.220] [INFO] [run] subject=19, session=4, speed=3, trial=5, x__rid_x=264412d690c6d2c7: dummy_return_one(x)
[12:09:54.221] [INFO] [run] subject=19, session=4, speed=3, trial=6, x__rid_x=88979b6718d17bc7: dummy_return_one(x)
[12:09:54.227] [INFO] [run] subject=19, session=4, speed=3, trial=7, x__rid_x=f854d26ab2594d0b: dummy_return_one(x)
[12:09:54.228] [INFO] [run] subject=19, session=4, speed=4, trial=1, x__rid_x=3d49f752be68cc96: dummy_return_one(x)
[12:09:54.229] [INFO] [run] subject=19, session=4, speed=4, trial=2, x__rid_x=59462bd0eb2ed6dd: dummy_return_one(x)
[12:09:54.235] [INFO] [run] subject=19, session=4, speed=4, trial=3, x__rid_x=3405bb8b97eed53e: dummy_return_one(x)
[12:09:54.237] [INFO] [run] subject=19, session=4, speed=4, trial=4, x__rid_x=b9103c26123566f5: dummy_return_one(x)
[12:09:54.243] [INFO] [run] subject=19, session=4, speed=4, trial=5, x__rid_x=2d070288aa105ddf: dummy_return_one(x)
[12:09:54.244] [INFO] [run] subject=19, session=4, speed=4, trial=6, x__rid_x=bd839e1e1d0fb40c: dummy_return_one(x)
[12:09:54.251] [INFO] [run] subject=19, session=4, speed=4, trial=7, x__rid_x=68ee9e77054afcc3: dummy_return_one(x)
[12:09:54.253] [INFO] [run] subject=19, session=4, speed=5, trial=1, x__rid_x=52af6b2e9b3d276e: dummy_return_one(x)
[12:09:54.259] [INFO] [run] subject=19, session=4, speed=5, trial=2, x__rid_x=8adefd87bb40ff74: dummy_return_one(x)
[12:09:54.260] [INFO] [run] subject=19, session=4, speed=5, trial=3, x__rid_x=2699c9ef30d4ac55: dummy_return_one(x)
[12:09:54.261] [INFO] [run] subject=19, session=4, speed=5, trial=4, x__rid_x=3ac2bb232eaedab7: dummy_return_one(x)
[12:09:54.267] [INFO] [run] subject=19, session=4, speed=5, trial=5, x__rid_x=2e8bf70d0c15a6f6: dummy_return_one(x)
[12:09:54.269] [INFO] [run] subject=19, session=4, speed=5, trial=6, x__rid_x=12b0b4782963d26e: dummy_return_one(x)
[12:09:54.275] [INFO] [run] subject=19, session=4, speed=5, trial=7, x__rid_x=c0c7fc102032cd29: dummy_return_one(x)
[12:09:54.276] [INFO] [run] subject=19, session=4, speed=6, trial=1, x__rid_x=68ec3a0a578d7959: dummy_return_one(x)
[12:09:54.277] [INFO] [run] subject=19, session=4, speed=6, trial=2, x__rid_x=e8f34882e9ef731a: dummy_return_one(x)
[12:09:54.283] [INFO] [run] subject=19, session=4, speed=6, trial=3, x__rid_x=c34bc26d5193052d: dummy_return_one(x)
[12:09:54.284] [INFO] [run] subject=19, session=4, speed=6, trial=4, x__rid_x=de595e7cc930a4de: dummy_return_one(x)
[12:09:54.291] [INFO] [run] subject=19, session=4, speed=6, trial=5, x__rid_x=311e06b3c2a7d728: dummy_return_one(x)
[12:09:54.292] [INFO] [run] subject=19, session=4, speed=6, trial=6, x__rid_x=34fee4ccd1520b8c: dummy_return_one(x)
[12:09:54.292] [INFO] [run] subject=19, session=4, speed=6, trial=7, x__rid_x=1d3c0ad6b3128f8b: dummy_return_one(x)
[12:09:54.299] [INFO] [run] subject=19, session=4, speed=7, trial=1, x__rid_x=5f13a8752a6a11be: dummy_return_one(x)
[12:09:54.300] [INFO] [run] subject=19, session=4, speed=7, trial=2, x__rid_x=5c94322b68f8d73e: dummy_return_one(x)
[12:09:54.307] [INFO] [run] subject=19, session=4, speed=7, trial=3, x__rid_x=0bcd836fd1bfe335: dummy_return_one(x)
[12:09:54.308] [INFO] [run] subject=19, session=4, speed=7, trial=4, x__rid_x=af3740d2415afcaf: dummy_return_one(x)
[12:09:54.309] [INFO] [run] subject=19, session=4, speed=7, trial=5, x__rid_x=c9e454339b49254c: dummy_return_one(x)
[12:09:54.315] [INFO] [run] subject=19, session=4, speed=7, trial=6, x__rid_x=cd5c857c218de252: dummy_return_one(x)
[12:09:54.316] [INFO] [run] subject=19, session=4, speed=7, trial=7, x__rid_x=969369a47c8ba12c: dummy_return_one(x)
[12:09:54.323] [INFO] [run] subject=19, session=4, speed=8, trial=1, x__rid_x=cec0c747c572effb: dummy_return_one(x)
[12:09:54.324] [INFO] [run] subject=19, session=4, speed=8, trial=2, x__rid_x=8ebd81580ea401ed: dummy_return_one(x)
[12:09:54.325] [INFO] [run] subject=19, session=4, speed=8, trial=3, x__rid_x=71ed97103bd53000: dummy_return_one(x)
[12:09:54.331] [INFO] [run] subject=19, session=4, speed=8, trial=4, x__rid_x=df270e8cc595c7e9: dummy_return_one(x)
[12:09:54.333] [INFO] [run] subject=19, session=4, speed=8, trial=5, x__rid_x=1745b27b2af93312: dummy_return_one(x)
[12:09:54.333] [INFO] [run] subject=19, session=4, speed=8, trial=6, x__rid_x=e0c59ad8b6082b27: dummy_return_one(x)
[12:09:54.339] [INFO] [run] subject=19, session=4, speed=8, trial=7, x__rid_x=cfc17b18dcefc26a: dummy_return_one(x)
[12:09:54.340] [INFO] [run] subject=19, session=4, speed=9, trial=1, x__rid_x=1060928606defb9a: dummy_return_one(x)
[12:09:54.341] [INFO] [run] subject=19, session=4, speed=9, trial=2, x__rid_x=6cf4f2b5a5035f5d: dummy_return_one(x)
[12:09:54.348] [INFO] [run] subject=19, session=4, speed=9, trial=3, x__rid_x=60311ddaae4954c0: dummy_return_one(x)
[12:09:54.349] [INFO] [run] subject=19, session=4, speed=9, trial=4, x__rid_x=bb1dc56a1767e29b: dummy_return_one(x)
[12:09:54.355] [INFO] [run] subject=19, session=4, speed=9, trial=5, x__rid_x=3e47fe5189ed5cf0: dummy_return_one(x)
[12:09:54.356] [INFO] [run] subject=19, session=4, speed=9, trial=6, x__rid_x=5723e7cb4618ec9a: dummy_return_one(x)
[12:09:54.357] [INFO] [run] subject=19, session=4, speed=9, trial=7, x__rid_x=139cfdd475e990b0: dummy_return_one(x)
[12:09:54.364] [INFO] [run] subject=19, session=5, speed=1, trial=1, x__rid_x=dd6b1d24b3b7e59b: dummy_return_one(x)
[12:09:54.365] [INFO] [run] subject=19, session=5, speed=1, trial=2, x__rid_x=7ee0b1ef16a76b3a: dummy_return_one(x)
[12:09:54.365] [INFO] [run] subject=19, session=5, speed=1, trial=3, x__rid_x=ca17c685b4772e28: dummy_return_one(x)
[12:09:54.372] [INFO] [run] subject=19, session=5, speed=1, trial=4, x__rid_x=be1980eb5e957960: dummy_return_one(x)
[12:09:54.372] [INFO] [run] subject=19, session=5, speed=1, trial=5, x__rid_x=f34f1b8dd8837a55: dummy_return_one(x)
[12:09:54.373] [INFO] [run] subject=19, session=5, speed=1, trial=6, x__rid_x=86ecabc6fa596afe: dummy_return_one(x)
[12:09:54.380] [INFO] [run] subject=19, session=5, speed=1, trial=7, x__rid_x=d0ea21ee00dfd849: dummy_return_one(x)
[12:09:54.381] [INFO] [run] subject=19, session=5, speed=10, trial=1, x__rid_x=52a125d4f0626d40: dummy_return_one(x)
[12:09:54.388] [INFO] [run] subject=19, session=5, speed=10, trial=2, x__rid_x=f5ecf7ac2804e588: dummy_return_one(x)
[12:09:54.388] [INFO] [run] subject=19, session=5, speed=10, trial=3, x__rid_x=04463980af682afc: dummy_return_one(x)
[12:09:54.389] [INFO] [run] subject=19, session=5, speed=10, trial=4, x__rid_x=85d59a2fd3752c25: dummy_return_one(x)
[12:09:54.396] [INFO] [run] subject=19, session=5, speed=10, trial=5, x__rid_x=0891202517efda0e: dummy_return_one(x)
[12:09:54.397] [INFO] [run] subject=19, session=5, speed=10, trial=6, x__rid_x=9234c03d02158dca: dummy_return_one(x)
[12:09:54.404] [INFO] [run] subject=19, session=5, speed=10, trial=7, x__rid_x=a95e02c29928007c: dummy_return_one(x)
[12:09:54.404] [INFO] [run] subject=19, session=5, speed=2, trial=1, x__rid_x=47bf34f23bc49a82: dummy_return_one(x)
[12:09:54.405] [INFO] [run] subject=19, session=5, speed=2, trial=2, x__rid_x=20aee19726e95a1c: dummy_return_one(x)
[12:09:54.412] [INFO] [run] subject=19, session=5, speed=2, trial=3, x__rid_x=c3da9384f6134025: dummy_return_one(x)
[12:09:54.412] [INFO] [run] subject=19, session=5, speed=2, trial=4, x__rid_x=434baea9dcda7cbf: dummy_return_one(x)
[12:09:54.413] [INFO] [run] subject=19, session=5, speed=2, trial=5, x__rid_x=f953a866c6a74977: dummy_return_one(x)
[12:09:54.420] [INFO] [run] subject=19, session=5, speed=2, trial=6, x__rid_x=3fefdd7cf6b0a1ba: dummy_return_one(x)
[12:09:54.421] [INFO] [run] subject=19, session=5, speed=2, trial=7, x__rid_x=efd159e11926c8e4: dummy_return_one(x)
[12:09:54.421] [INFO] [run] subject=19, session=5, speed=3, trial=1, x__rid_x=f2cf6df1189b52c7: dummy_return_one(x)
[12:09:54.428] [INFO] [run] subject=19, session=5, speed=3, trial=2, x__rid_x=dbed6bf1ed88cd9d: dummy_return_one(x)
[12:09:54.429] [INFO] [run] subject=19, session=5, speed=3, trial=3, x__rid_x=39314f831e4fa327: dummy_return_one(x)
[12:09:54.429] [INFO] [run] subject=19, session=5, speed=3, trial=4, x__rid_x=be5e36ddb87d99bd: dummy_return_one(x)
[12:09:54.436] [INFO] [run] subject=19, session=5, speed=3, trial=5, x__rid_x=7f3eda07af324d80: dummy_return_one(x)
[12:09:54.437] [INFO] [run] subject=19, session=5, speed=3, trial=6, x__rid_x=1dcea29b930fa8fd: dummy_return_one(x)
[12:09:54.444] [INFO] [run] subject=19, session=5, speed=3, trial=7, x__rid_x=0ad860f796fcc123: dummy_return_one(x)
[12:09:54.445] [INFO] [run] subject=19, session=5, speed=4, trial=1, x__rid_x=062b2a7c84ac8311: dummy_return_one(x)
[12:09:54.445] [INFO] [run] subject=19, session=5, speed=4, trial=2, x__rid_x=0d7e242b367a1a75: dummy_return_one(x)
[12:09:54.452] [INFO] [run] subject=19, session=5, speed=4, trial=3, x__rid_x=78a3cd154ce4aeae: dummy_return_one(x)
[12:09:54.453] [INFO] [run] subject=19, session=5, speed=4, trial=4, x__rid_x=2ac8adbac42918e6: dummy_return_one(x)
[12:09:54.454] [INFO] [run] subject=19, session=5, speed=4, trial=5, x__rid_x=0b31493ff8b33bc9: dummy_return_one(x)
[12:09:54.460] [INFO] [run] subject=19, session=5, speed=4, trial=6, x__rid_x=4a13dff923627de0: dummy_return_one(x)
[12:09:54.461] [INFO] [run] subject=19, session=5, speed=4, trial=7, x__rid_x=cbdcae59db404b71: dummy_return_one(x)
[12:09:54.462] [INFO] [run] subject=19, session=5, speed=5, trial=1, x__rid_x=3fff4c8afe149a13: dummy_return_one(x)
[12:09:54.468] [INFO] [run] subject=19, session=5, speed=5, trial=2, x__rid_x=de9e7bc54602b0d4: dummy_return_one(x)
[12:09:54.469] [INFO] [run] subject=19, session=5, speed=5, trial=3, x__rid_x=5d400fee29efd7f6: dummy_return_one(x)
[12:09:54.476] [INFO] [run] subject=19, session=5, speed=5, trial=4, x__rid_x=4213230c77858883: dummy_return_one(x)
[12:09:54.477] [INFO] [run] subject=19, session=5, speed=5, trial=5, x__rid_x=1bc2c791fb44f8da: dummy_return_one(x)
[12:09:54.477] [INFO] [run] subject=19, session=5, speed=5, trial=6, x__rid_x=4877a654eff2f251: dummy_return_one(x)
[12:09:54.484] [INFO] [run] subject=19, session=5, speed=5, trial=7, x__rid_x=2baa48c7c2c84c4c: dummy_return_one(x)
[12:09:54.485] [INFO] [run] subject=19, session=5, speed=6, trial=1, x__rid_x=ff7762ce2aa533bf: dummy_return_one(x)
[12:09:54.492] [INFO] [run] subject=19, session=5, speed=6, trial=2, x__rid_x=b43c3cc4fbfddf92: dummy_return_one(x)
[12:09:54.493] [INFO] [run] subject=19, session=5, speed=6, trial=3, x__rid_x=3cb9e8be4db73a2c: dummy_return_one(x)
[12:09:54.494] [INFO] [run] subject=19, session=5, speed=6, trial=4, x__rid_x=32d3346c54c64909: dummy_return_one(x)
[12:09:54.501] [INFO] [run] subject=19, session=5, speed=6, trial=5, x__rid_x=5a2dbf004d0d266c: dummy_return_one(x)
[12:09:54.502] [INFO] [run] subject=19, session=5, speed=6, trial=6, x__rid_x=6a02788fb98ed052: dummy_return_one(x)
[12:09:54.509] [INFO] [run] subject=19, session=5, speed=6, trial=7, x__rid_x=a1c0114ba3eefa59: dummy_return_one(x)
[12:09:54.509] [INFO] [run] subject=19, session=5, speed=7, trial=1, x__rid_x=e24b1858044168f7: dummy_return_one(x)
[12:09:54.510] [INFO] [run] subject=19, session=5, speed=7, trial=2, x__rid_x=32316e331f9cabde: dummy_return_one(x)
[12:09:54.517] [INFO] [run] subject=19, session=5, speed=7, trial=3, x__rid_x=354f64779c623423: dummy_return_one(x)
[12:09:54.518] [INFO] [run] subject=19, session=5, speed=7, trial=4, x__rid_x=8ef749d296db6d20: dummy_return_one(x)
[12:09:54.525] [INFO] [run] subject=19, session=5, speed=7, trial=5, x__rid_x=c567f6da2f9dfcef: dummy_return_one(x)
[12:09:54.525] [INFO] [run] subject=19, session=5, speed=7, trial=6, x__rid_x=edd9d17713f089de: dummy_return_one(x)
[12:09:54.526] [INFO] [run] subject=19, session=5, speed=7, trial=7, x__rid_x=78c412c616dbe216: dummy_return_one(x)
[12:09:54.533] [INFO] [run] subject=19, session=5, speed=8, trial=1, x__rid_x=a4aa8c4ee85a6098: dummy_return_one(x)
[12:09:54.534] [INFO] [run] subject=19, session=5, speed=8, trial=2, x__rid_x=8ffb0ca642c50c81: dummy_return_one(x)
[12:09:54.541] [INFO] [run] subject=19, session=5, speed=8, trial=3, x__rid_x=50cdc314848cb0d5: dummy_return_one(x)
[12:09:54.542] [INFO] [run] subject=19, session=5, speed=8, trial=4, x__rid_x=656931e4bdccc563: dummy_return_one(x)
[12:09:54.542] [INFO] [run] subject=19, session=5, speed=8, trial=5, x__rid_x=3951422c06e6d0ee: dummy_return_one(x)
[12:09:54.549] [INFO] [run] subject=19, session=5, speed=8, trial=6, x__rid_x=686dbe054aa7d5a3: dummy_return_one(x)
[12:09:54.550] [INFO] [run] subject=19, session=5, speed=8, trial=7, x__rid_x=735bcfc9c282d42c: dummy_return_one(x)
[12:09:54.551] [INFO] [run] subject=19, session=5, speed=9, trial=1, x__rid_x=5f865f878a09ec39: dummy_return_one(x)
[12:09:54.557] [INFO] [run] subject=19, session=5, speed=9, trial=2, x__rid_x=04eaea3d013fa5c2: dummy_return_one(x)
[12:09:54.558] [INFO] [run] subject=19, session=5, speed=9, trial=3, x__rid_x=e5c2c27f548f64d2: dummy_return_one(x)
[12:09:54.559] [INFO] [run] subject=19, session=5, speed=9, trial=4, x__rid_x=d10fc4fb761dcd90: dummy_return_one(x)
[12:09:54.566] [INFO] [run] subject=19, session=5, speed=9, trial=5, x__rid_x=7086a9e80055763b: dummy_return_one(x)
[12:09:54.567] [INFO] [run] subject=19, session=5, speed=9, trial=6, x__rid_x=82a5ec63c2296358: dummy_return_one(x)
[12:09:54.574] [INFO] [run] subject=19, session=5, speed=9, trial=7, x__rid_x=3f15893f487fc3fd: dummy_return_one(x)
[12:09:54.574] [INFO] [run] subject=2, session=1, speed=1, trial=1, x__rid_x=288c19a06f06fb90: dummy_return_one(x)
[12:09:54.575] [INFO] [run] subject=2, session=1, speed=1, trial=2, x__rid_x=75b64fd307361124: dummy_return_one(x)
[12:09:54.582] [INFO] [run] subject=2, session=1, speed=1, trial=3, x__rid_x=454961a10a6173fd: dummy_return_one(x)
[12:09:54.583] [INFO] [run] subject=2, session=1, speed=1, trial=4, x__rid_x=6191087ef1669297: dummy_return_one(x)
[12:09:54.584] [INFO] [run] subject=2, session=1, speed=1, trial=5, x__rid_x=66ac13e4e220aeb1: dummy_return_one(x)
[12:09:54.590] [INFO] [run] subject=2, session=1, speed=1, trial=6, x__rid_x=aa473c1f6e31e90a: dummy_return_one(x)
[12:09:54.591] [INFO] [run] subject=2, session=1, speed=1, trial=7, x__rid_x=b37009f3ce9cfcdd: dummy_return_one(x)
[12:09:54.591] [INFO] [run] subject=2, session=1, speed=10, trial=1, x__rid_x=c65259eab1b312c5: dummy_return_one(x)
[12:09:54.598] [INFO] [run] subject=2, session=1, speed=10, trial=2, x__rid_x=c38086a5de7d4e9d: dummy_return_one(x)
[12:09:54.599] [INFO] [run] subject=2, session=1, speed=10, trial=3, x__rid_x=613b6c494ff4f97b: dummy_return_one(x)
[12:09:54.600] [INFO] [run] subject=2, session=1, speed=10, trial=4, x__rid_x=7342206af2c78648: dummy_return_one(x)
[12:09:54.606] [INFO] [run] subject=2, session=1, speed=10, trial=5, x__rid_x=9c2c173b6ff93aa4: dummy_return_one(x)
[12:09:54.607] [INFO] [run] subject=2, session=1, speed=10, trial=6, x__rid_x=23049a57a3087bfd: dummy_return_one(x)
[12:09:54.608] [INFO] [run] subject=2, session=1, speed=10, trial=7, x__rid_x=c79abe7ef13f33c2: dummy_return_one(x)
[12:09:54.615] [INFO] [run] subject=2, session=1, speed=2, trial=1, x__rid_x=f8bb04e034b273fe: dummy_return_one(x)
[12:09:54.616] [INFO] [run] subject=2, session=1, speed=2, trial=2, x__rid_x=6fe780790f78249b: dummy_return_one(x)
[12:09:54.623] [INFO] [run] subject=2, session=1, speed=2, trial=3, x__rid_x=cf53ab19b763074c: dummy_return_one(x)
[12:09:54.624] [INFO] [run] subject=2, session=1, speed=2, trial=4, x__rid_x=69d1531f74dc51a0: dummy_return_one(x)
[12:09:54.624] [INFO] [run] subject=2, session=1, speed=2, trial=5, x__rid_x=fb2fb304f2dbc9ac: dummy_return_one(x)
[12:09:54.631] [INFO] [run] subject=2, session=1, speed=2, trial=6, x__rid_x=d7fd67a39dc756e3: dummy_return_one(x)
[12:09:54.633] [INFO] [run] subject=2, session=1, speed=2, trial=7, x__rid_x=0145d884c94c943a: dummy_return_one(x)
[12:09:54.641] [INFO] [run] subject=2, session=1, speed=3, trial=1, x__rid_x=812b5bd87f5aad2a: dummy_return_one(x)
[12:09:54.643] [INFO] [run] subject=2, session=1, speed=3, trial=2, x__rid_x=90a108faab4be888: dummy_return_one(x)
[12:09:54.650] [INFO] [run] subject=2, session=1, speed=3, trial=3, x__rid_x=26f3b0dbf8de2bf2: dummy_return_one(x)
[12:09:54.651] [INFO] [run] subject=2, session=1, speed=3, trial=4, x__rid_x=c0da940c31b66b6b: dummy_return_one(x)
[12:09:54.658] [INFO] [run] subject=2, session=1, speed=3, trial=5, x__rid_x=9b6853ed1f2755ca: dummy_return_one(x)
[12:09:54.660] [INFO] [run] subject=2, session=1, speed=3, trial=6, x__rid_x=1071d7a2f01a0205: dummy_return_one(x)
[12:09:54.667] [INFO] [run] subject=2, session=1, speed=3, trial=7, x__rid_x=82dc6f140e43255d: dummy_return_one(x)
[12:09:54.668] [INFO] [run] subject=2, session=1, speed=4, trial=1, x__rid_x=a633522ab82c6fc8: dummy_return_one(x)
[12:09:54.675] [INFO] [run] subject=2, session=1, speed=4, trial=2, x__rid_x=30623c2b8bcc71b1: dummy_return_one(x)
[12:09:54.676] [INFO] [run] subject=2, session=1, speed=4, trial=3, x__rid_x=7efb36cca78a046a: dummy_return_one(x)
[12:09:54.677] [INFO] [run] subject=2, session=1, speed=4, trial=4, x__rid_x=42d6a5e81b469c70: dummy_return_one(x)
[12:09:54.684] [INFO] [run] subject=2, session=1, speed=4, trial=5, x__rid_x=aba24784c2e8edfa: dummy_return_one(x)
[12:09:54.685] [INFO] [run] subject=2, session=1, speed=4, trial=6, x__rid_x=86433441ecdc7176: dummy_return_one(x)
[12:09:54.692] [INFO] [run] subject=2, session=1, speed=4, trial=7, x__rid_x=d1f7bf072abce60d: dummy_return_one(x)
[12:09:54.693] [INFO] [run] subject=2, session=1, speed=5, trial=1, x__rid_x=98716d826e8f1604: dummy_return_one(x)
[12:09:54.694] [INFO] [run] subject=2, session=1, speed=5, trial=2, x__rid_x=c9c78435ee03bbe4: dummy_return_one(x)
[12:09:54.700] [INFO] [run] subject=2, session=1, speed=5, trial=3, x__rid_x=a7979f146cea27c5: dummy_return_one(x)
[12:09:54.702] [INFO] [run] subject=2, session=1, speed=5, trial=4, x__rid_x=efd64db615a96e77: dummy_return_one(x)
[12:09:54.709] [INFO] [run] subject=2, session=1, speed=5, trial=5, x__rid_x=1012e002bb16627c: dummy_return_one(x)
[12:09:54.710] [INFO] [run] subject=2, session=1, speed=5, trial=6, x__rid_x=b64bdcdcf29e7c38: dummy_return_one(x)
[12:09:54.717] [INFO] [run] subject=2, session=1, speed=5, trial=7, x__rid_x=fcfa0ba7c39c5647: dummy_return_one(x)
[12:09:54.718] [INFO] [run] subject=2, session=1, speed=6, trial=1, x__rid_x=77c88a7dbbd0aa23: dummy_return_one(x)
[12:09:54.726] [INFO] [run] subject=2, session=1, speed=6, trial=2, x__rid_x=7d0e09fcc896807d: dummy_return_one(x)
[12:09:54.726] [INFO] [run] subject=2, session=1, speed=6, trial=3, x__rid_x=571a01bbcd463a9c: dummy_return_one(x)
[12:09:54.727] [INFO] [run] subject=2, session=1, speed=6, trial=4, x__rid_x=276cd6e4cb990f0f: dummy_return_one(x)
[12:09:54.734] [INFO] [run] subject=2, session=1, speed=6, trial=5, x__rid_x=f40cb5e22890033f: dummy_return_one(x)
[12:09:54.735] [INFO] [run] subject=2, session=1, speed=6, trial=6, x__rid_x=8b6e9bb42a11240c: dummy_return_one(x)
[12:09:54.742] [INFO] [run] subject=2, session=1, speed=6, trial=7, x__rid_x=2fc78206c08893b4: dummy_return_one(x)
[12:09:54.743] [INFO] [run] subject=2, session=1, speed=7, trial=1, x__rid_x=c19f780bf3b8c571: dummy_return_one(x)
[12:09:54.744] [INFO] [run] subject=2, session=1, speed=7, trial=2, x__rid_x=fd22494232c15778: dummy_return_one(x)
[12:09:54.751] [INFO] [run] subject=2, session=1, speed=7, trial=3, x__rid_x=7fd7d481757aa71f: dummy_return_one(x)
[12:09:54.752] [INFO] [run] subject=2, session=1, speed=7, trial=4, x__rid_x=57245b2dfa362dce: dummy_return_one(x)
[12:09:54.759] [INFO] [run] subject=2, session=1, speed=7, trial=5, x__rid_x=38e90bebc87a4634: dummy_return_one(x)
[12:09:54.760] [INFO] [run] subject=2, session=1, speed=7, trial=6, x__rid_x=768fa50429730e8c: dummy_return_one(x)
[12:09:54.760] [INFO] [run] subject=2, session=1, speed=7, trial=7, x__rid_x=c06fde9b3adad31c: dummy_return_one(x)
[12:09:54.767] [INFO] [run] subject=2, session=1, speed=8, trial=1, x__rid_x=614b40dfc9100bac: dummy_return_one(x)
[12:09:54.768] [INFO] [run] subject=2, session=1, speed=8, trial=2, x__rid_x=1783cbb79633861b: dummy_return_one(x)
[12:09:54.775] [INFO] [run] subject=2, session=1, speed=8, trial=3, x__rid_x=5140d6c4c284d44d: dummy_return_one(x)
[12:09:54.776] [INFO] [run] subject=2, session=1, speed=8, trial=4, x__rid_x=2ab471f422c492bf: dummy_return_one(x)
[12:09:54.777] [INFO] [run] subject=2, session=1, speed=8, trial=5, x__rid_x=a043fd2a05fdad1a: dummy_return_one(x)
[12:09:54.784] [INFO] [run] subject=2, session=1, speed=8, trial=6, x__rid_x=b7df93a278393077: dummy_return_one(x)
[12:09:54.785] [INFO] [run] subject=2, session=1, speed=8, trial=7, x__rid_x=a324c10c9ca902af: dummy_return_one(x)
[12:09:54.786] [INFO] [run] subject=2, session=1, speed=9, trial=1, x__rid_x=cb2e36aad900256c: dummy_return_one(x)
[12:09:54.792] [INFO] [run] subject=2, session=1, speed=9, trial=2, x__rid_x=36bea9cec656bdd1: dummy_return_one(x)
[12:09:54.793] [INFO] [run] subject=2, session=1, speed=9, trial=3, x__rid_x=7c29b23be2516e66: dummy_return_one(x)
[12:09:54.794] [INFO] [run] subject=2, session=1, speed=9, trial=4, x__rid_x=ece381c142317093: dummy_return_one(x)
[12:09:54.794] [INFO] [run] subject=2, session=1, speed=9, trial=5, x__rid_x=91bcd437849346d0: dummy_return_one(x)
[12:09:54.801] [INFO] [run] subject=2, session=1, speed=9, trial=6, x__rid_x=8a854f9e94bbb0eb: dummy_return_one(x)
[12:09:54.802] [INFO] [run] subject=2, session=1, speed=9, trial=7, x__rid_x=359cd7c717b8bff3: dummy_return_one(x)
[12:09:54.809] [INFO] [run] subject=2, session=2, speed=1, trial=1, x__rid_x=6ee6d81e77417f1c: dummy_return_one(x)
[12:09:54.810] [INFO] [run] subject=2, session=2, speed=1, trial=2, x__rid_x=2c8417c79ede8a5a: dummy_return_one(x)
[12:09:54.811] [INFO] [run] subject=2, session=2, speed=1, trial=3, x__rid_x=8a7aa8cf2732cda3: dummy_return_one(x)
[12:09:54.818] [INFO] [run] subject=2, session=2, speed=1, trial=4, x__rid_x=5e6638958c81ab91: dummy_return_one(x)
[12:09:54.819] [INFO] [run] subject=2, session=2, speed=1, trial=5, x__rid_x=9e71dd899787bf3e: dummy_return_one(x)
[12:09:54.826] [INFO] [run] subject=2, session=2, speed=1, trial=6, x__rid_x=1220897f7f153117: dummy_return_one(x)
[12:09:54.828] [INFO] [run] subject=2, session=2, speed=1, trial=7, x__rid_x=8b4e8ced976b81a3: dummy_return_one(x)
[12:09:54.835] [INFO] [run] subject=2, session=2, speed=10, trial=1, x__rid_x=a83462151dfa4f8b: dummy_return_one(x)
[12:09:54.836] [INFO] [run] subject=2, session=2, speed=10, trial=2, x__rid_x=1858ad3b4369711d: dummy_return_one(x)
[12:09:54.837] [INFO] [run] subject=2, session=2, speed=10, trial=3, x__rid_x=1b6f81a582d36623: dummy_return_one(x)
[12:09:54.843] [INFO] [run] subject=2, session=2, speed=10, trial=4, x__rid_x=86f9275a16193780: dummy_return_one(x)
[12:09:54.844] [INFO] [run] subject=2, session=2, speed=10, trial=5, x__rid_x=183796be2698ec0f: dummy_return_one(x)
[12:09:54.845] [INFO] [run] subject=2, session=2, speed=10, trial=6, x__rid_x=a4a4b7d5f4e26331: dummy_return_one(x)
[12:09:54.852] [INFO] [run] subject=2, session=2, speed=10, trial=7, x__rid_x=8dbbfcde7ecf704d: dummy_return_one(x)
[12:09:54.853] [INFO] [run] subject=2, session=2, speed=2, trial=1, x__rid_x=faff5ef3b48a8988: dummy_return_one(x)
[12:09:54.860] [INFO] [run] subject=2, session=2, speed=2, trial=2, x__rid_x=5d3c947714317474: dummy_return_one(x)
[12:09:54.860] [INFO] [run] subject=2, session=2, speed=2, trial=3, x__rid_x=456a2cfbfd509325: dummy_return_one(x)
[12:09:54.861] [INFO] [run] subject=2, session=2, speed=2, trial=4, x__rid_x=bc0265cd4b698442: dummy_return_one(x)
[12:09:54.868] [INFO] [run] subject=2, session=2, speed=2, trial=5, x__rid_x=98d655684ce5145c: dummy_return_one(x)
[12:09:54.869] [INFO] [run] subject=2, session=2, speed=2, trial=6, x__rid_x=030f34e39cd4506e: dummy_return_one(x)
[12:09:54.870] [INFO] [run] subject=2, session=2, speed=2, trial=7, x__rid_x=25f7470cf30a6205: dummy_return_one(x)
[12:09:54.876] [INFO] [run] subject=2, session=2, speed=3, trial=1, x__rid_x=607b40602b73686b: dummy_return_one(x)
[12:09:54.877] [INFO] [run] subject=2, session=2, speed=3, trial=2, x__rid_x=e059cc035baf6cda: dummy_return_one(x)
[12:09:54.877] [INFO] [run] subject=2, session=2, speed=3, trial=3, x__rid_x=7f9ed5febbc736ab: dummy_return_one(x)
[12:09:54.885] [INFO] [run] subject=2, session=2, speed=3, trial=4, x__rid_x=8821a4c133bdcc13: dummy_return_one(x)
[12:09:54.886] [INFO] [run] subject=2, session=2, speed=3, trial=5, x__rid_x=7c1f9683c61e40ad: dummy_return_one(x)
[12:09:54.886] [INFO] [run] subject=2, session=2, speed=3, trial=6, x__rid_x=f6f27981428dfff3: dummy_return_one(x)
[12:09:54.893] [INFO] [run] subject=2, session=2, speed=3, trial=7, x__rid_x=6e4811581dd8bdb1: dummy_return_one(x)
[12:09:54.893] [INFO] [run] subject=2, session=2, speed=4, trial=1, x__rid_x=b9e33ad2ae1be9a9: dummy_return_one(x)
[12:09:54.894] [INFO] [run] subject=2, session=2, speed=4, trial=2, x__rid_x=e3af995a8933beba: dummy_return_one(x)
[12:09:54.901] [INFO] [run] subject=2, session=2, speed=4, trial=3, x__rid_x=25b82d0fac3ecfc0: dummy_return_one(x)
[12:09:54.902] [INFO] [run] subject=2, session=2, speed=4, trial=4, x__rid_x=470798055d7ebf7e: dummy_return_one(x)
[12:09:54.909] [INFO] [run] subject=2, session=2, speed=4, trial=5, x__rid_x=cd10670c0aa5d538: dummy_return_one(x)
[12:09:54.910] [INFO] [run] subject=2, session=2, speed=4, trial=6, x__rid_x=3272f68e6eecd17a: dummy_return_one(x)
[12:09:54.910] [INFO] [run] subject=2, session=2, speed=4, trial=7, x__rid_x=54bf7c207d16888f: dummy_return_one(x)
[12:09:54.911] [INFO] [run] subject=2, session=2, speed=5, trial=1, x__rid_x=8197189f2f69794b: dummy_return_one(x)
[12:09:54.918] [INFO] [run] subject=2, session=2, speed=5, trial=2, x__rid_x=516e00f0c237ba0e: dummy_return_one(x)
[12:09:54.919] [INFO] [run] subject=2, session=2, speed=5, trial=3, x__rid_x=51471ddf315c5f68: dummy_return_one(x)
[12:09:54.919] [INFO] [run] subject=2, session=2, speed=5, trial=4, x__rid_x=61be876a0678200d: dummy_return_one(x)
[12:09:54.926] [INFO] [run] subject=2, session=2, speed=5, trial=5, x__rid_x=ae2c9c6b9abc7390: dummy_return_one(x)
[12:09:54.926] [INFO] [run] subject=2, session=2, speed=5, trial=6, x__rid_x=6967c74de84f2478: dummy_return_one(x)
[12:09:54.927] [INFO] [run] subject=2, session=2, speed=5, trial=7, x__rid_x=d5026c772ca15f29: dummy_return_one(x)
[12:09:54.928] [INFO] [run] subject=2, session=2, speed=6, trial=1, x__rid_x=78c293840846ecd1: dummy_return_one(x)
[12:09:54.934] [INFO] [run] subject=2, session=2, speed=6, trial=2, x__rid_x=3cdc6c835ab5818a: dummy_return_one(x)
[12:09:54.935] [INFO] [run] subject=2, session=2, speed=6, trial=3, x__rid_x=4f2d85f6c1011bd5: dummy_return_one(x)
[12:09:54.942] [INFO] [run] subject=2, session=2, speed=6, trial=4, x__rid_x=974b146b2964f0fb: dummy_return_one(x)
[12:09:54.943] [INFO] [run] subject=2, session=2, speed=6, trial=5, x__rid_x=4e4d921c965452a3: dummy_return_one(x)
[12:09:54.944] [INFO] [run] subject=2, session=2, speed=6, trial=6, x__rid_x=d16bf150a6476813: dummy_return_one(x)
[12:09:54.944] [INFO] [run] subject=2, session=2, speed=6, trial=7, x__rid_x=85b4bd232bd047ff: dummy_return_one(x)
[12:09:54.951] [INFO] [run] subject=2, session=2, speed=7, trial=1, x__rid_x=170c30d2a59bda8e: dummy_return_one(x)
[12:09:54.952] [INFO] [run] subject=2, session=2, speed=7, trial=2, x__rid_x=14e4e329a94fa848: dummy_return_one(x)
[12:09:54.959] [INFO] [run] subject=2, session=2, speed=7, trial=3, x__rid_x=3ebb36ef10bd7776: dummy_return_one(x)
[12:09:54.960] [INFO] [run] subject=2, session=2, speed=7, trial=4, x__rid_x=b8f2345f3f511d84: dummy_return_one(x)
[12:09:54.960] [INFO] [run] subject=2, session=2, speed=7, trial=5, x__rid_x=847fa519ad6df3b1: dummy_return_one(x)
[12:09:54.961] [INFO] [run] subject=2, session=2, speed=7, trial=6, x__rid_x=e7c45c20083f726a: dummy_return_one(x)
[12:09:54.968] [INFO] [run] subject=2, session=2, speed=7, trial=7, x__rid_x=ea568a16825179f1: dummy_return_one(x)
[12:09:54.969] [INFO] [run] subject=2, session=2, speed=8, trial=1, x__rid_x=e32b62ec24aaadfa: dummy_return_one(x)
[12:09:54.976] [INFO] [run] subject=2, session=2, speed=8, trial=2, x__rid_x=46421802cb13fa1e: dummy_return_one(x)
[12:09:54.976] [INFO] [run] subject=2, session=2, speed=8, trial=3, x__rid_x=eb81144599e4139b: dummy_return_one(x)
[12:09:54.977] [INFO] [run] subject=2, session=2, speed=8, trial=4, x__rid_x=8e58e0cee468dd4b: dummy_return_one(x)
[12:09:54.984] [INFO] [run] subject=2, session=2, speed=8, trial=5, x__rid_x=e8b1d8a437f88ab4: dummy_return_one(x)
[12:09:54.985] [INFO] [run] subject=2, session=2, speed=8, trial=6, x__rid_x=1eb2d012f5eef117: dummy_return_one(x)
[12:09:54.992] [INFO] [run] subject=2, session=2, speed=8, trial=7, x__rid_x=d5de3772690cc380: dummy_return_one(x)
[12:09:54.993] [INFO] [run] subject=2, session=2, speed=9, trial=1, x__rid_x=1e4d05ac31b73362: dummy_return_one(x)
[12:09:54.994] [INFO] [run] subject=2, session=2, speed=9, trial=2, x__rid_x=adf258183beaffe9: dummy_return_one(x)
[12:09:55.001] [INFO] [run] subject=2, session=2, speed=9, trial=3, x__rid_x=17fe50efd07d2436: dummy_return_one(x)
[12:09:55.002] [INFO] [run] subject=2, session=2, speed=9, trial=4, x__rid_x=915bcfa6135be27b: dummy_return_one(x)
[12:09:55.002] [INFO] [run] subject=2, session=2, speed=9, trial=5, x__rid_x=c09a1ee1ca6132db: dummy_return_one(x)
[12:09:55.009] [INFO] [run] subject=2, session=2, speed=9, trial=6, x__rid_x=5273c52798ac3ed0: dummy_return_one(x)
[12:09:55.010] [INFO] [run] subject=2, session=2, speed=9, trial=7, x__rid_x=43b527df440c40e2: dummy_return_one(x)
[12:09:55.010] [INFO] [run] subject=2, session=3, speed=1, trial=1, x__rid_x=d26b5a818623f5f9: dummy_return_one(x)
[12:09:55.017] [INFO] [run] subject=2, session=3, speed=1, trial=2, x__rid_x=39a17a75cc45b628: dummy_return_one(x)
[12:09:55.018] [INFO] [run] subject=2, session=3, speed=1, trial=3, x__rid_x=deb98ad5704eecc5: dummy_return_one(x)
[12:09:55.026] [INFO] [run] subject=2, session=3, speed=1, trial=4, x__rid_x=9c90710a15ace667: dummy_return_one(x)
[12:09:55.026] [INFO] [run] subject=2, session=3, speed=1, trial=5, x__rid_x=e972e1b4615c022b: dummy_return_one(x)
[12:09:55.027] [INFO] [run] subject=2, session=3, speed=1, trial=6, x__rid_x=e1c21786760f006c: dummy_return_one(x)
[12:09:55.027] [INFO] [run] subject=2, session=3, speed=1, trial=7, x__rid_x=17e1982b33b7c2a8: dummy_return_one(x)
[12:09:55.034] [INFO] [run] subject=2, session=3, speed=10, trial=1, x__rid_x=1b1a76265a599bbf: dummy_return_one(x)
[12:09:55.035] [INFO] [run] subject=2, session=3, speed=10, trial=2, x__rid_x=8e4d6fd2dfb5e176: dummy_return_one(x)
[12:09:55.036] [INFO] [run] subject=2, session=3, speed=10, trial=3, x__rid_x=b2d066875cc34345: dummy_return_one(x)
[12:09:55.042] [INFO] [run] subject=2, session=3, speed=10, trial=4, x__rid_x=fda8882ee0b2c079: dummy_return_one(x)
[12:09:55.043] [INFO] [run] subject=2, session=3, speed=10, trial=5, x__rid_x=23b73e10bebd5bc0: dummy_return_one(x)
[12:09:55.044] [INFO] [run] subject=2, session=3, speed=10, trial=6, x__rid_x=d81d45a8769885aa: dummy_return_one(x)
[12:09:55.044] [INFO] [run] subject=2, session=3, speed=10, trial=7, x__rid_x=d1e64faf870873fd: dummy_return_one(x)
[12:09:55.051] [INFO] [run] subject=2, session=3, speed=2, trial=1, x__rid_x=0749af8827602424: dummy_return_one(x)
[12:09:55.052] [INFO] [run] subject=2, session=3, speed=2, trial=2, x__rid_x=3a53b7f0fb660f2a: dummy_return_one(x)
[12:09:55.053] [INFO] [run] subject=2, session=3, speed=2, trial=3, x__rid_x=c58431c668b3646d: dummy_return_one(x)
[12:09:55.059] [INFO] [run] subject=2, session=3, speed=2, trial=4, x__rid_x=95e0c4f3632bbe02: dummy_return_one(x)
[12:09:55.060] [INFO] [run] subject=2, session=3, speed=2, trial=5, x__rid_x=2101459bb475a429: dummy_return_one(x)
[12:09:55.060] [INFO] [run] subject=2, session=3, speed=2, trial=6, x__rid_x=2b21740813aa6a61: dummy_return_one(x)
[12:09:55.061] [INFO] [run] subject=2, session=3, speed=2, trial=7, x__rid_x=26b50cbfb0aab228: dummy_return_one(x)
[12:09:55.068] [INFO] [run] subject=2, session=3, speed=3, trial=1, x__rid_x=362e6b8fbd429638: dummy_return_one(x)
[12:09:55.069] [INFO] [run] subject=2, session=3, speed=3, trial=2, x__rid_x=484119607681e185: dummy_return_one(x)
[12:09:55.069] [INFO] [run] subject=2, session=3, speed=3, trial=3, x__rid_x=e1d3e8a8a55f9e60: dummy_return_one(x)
[12:09:55.076] [INFO] [run] subject=2, session=3, speed=3, trial=4, x__rid_x=471973f7dbaefa3a: dummy_return_one(x)
[12:09:55.077] [INFO] [run] subject=2, session=3, speed=3, trial=5, x__rid_x=de2ea09a67407816: dummy_return_one(x)
[12:09:55.077] [INFO] [run] subject=2, session=3, speed=3, trial=6, x__rid_x=10e35559b1db9bad: dummy_return_one(x)
[12:09:55.085] [INFO] [run] subject=2, session=3, speed=3, trial=7, x__rid_x=e9fc76cf872f8871: dummy_return_one(x)
[12:09:55.086] [INFO] [run] subject=2, session=3, speed=4, trial=1, x__rid_x=e15efe7763085752: dummy_return_one(x)
[12:09:55.086] [INFO] [run] subject=2, session=3, speed=4, trial=2, x__rid_x=1272a21c72990ebe: dummy_return_one(x)
[12:09:55.093] [INFO] [run] subject=2, session=3, speed=4, trial=3, x__rid_x=95e6f5d7889dac23: dummy_return_one(x)
[12:09:55.094] [INFO] [run] subject=2, session=3, speed=4, trial=4, x__rid_x=7fedf1d1cefde452: dummy_return_one(x)
[12:09:55.102] [INFO] [run] subject=2, session=3, speed=4, trial=5, x__rid_x=2b697ac36ee75d7f: dummy_return_one(x)
[12:09:55.103] [INFO] [run] subject=2, session=3, speed=4, trial=6, x__rid_x=751d7857bf52ef7a: dummy_return_one(x)
[12:09:55.103] [INFO] [run] subject=2, session=3, speed=4, trial=7, x__rid_x=7925e5413a556342: dummy_return_one(x)
[12:09:55.110] [INFO] [run] subject=2, session=3, speed=5, trial=1, x__rid_x=4a5730176ebd48c9: dummy_return_one(x)
[12:09:55.111] [INFO] [run] subject=2, session=3, speed=5, trial=2, x__rid_x=caf320e3530718e8: dummy_return_one(x)
[12:09:55.112] [INFO] [run] subject=2, session=3, speed=5, trial=3, x__rid_x=34715c8e18b0cd50: dummy_return_one(x)
[12:09:55.119] [INFO] [run] subject=2, session=3, speed=5, trial=4, x__rid_x=9d2b028f923b3bcf: dummy_return_one(x)
[12:09:55.120] [INFO] [run] subject=2, session=3, speed=5, trial=5, x__rid_x=5f639e275825573a: dummy_return_one(x)
[12:09:55.120] [INFO] [run] subject=2, session=3, speed=5, trial=6, x__rid_x=e4282b826f76a53d: dummy_return_one(x)
[12:09:55.127] [INFO] [run] subject=2, session=3, speed=5, trial=7, x__rid_x=26afdc8b9ca03dfc: dummy_return_one(x)
[12:09:55.127] [INFO] [run] subject=2, session=3, speed=6, trial=1, x__rid_x=d158eee440b2a70f: dummy_return_one(x)
[12:09:55.128] [INFO] [run] subject=2, session=3, speed=6, trial=2, x__rid_x=2417836f8e9f89b9: dummy_return_one(x)
[12:09:55.129] [INFO] [run] subject=2, session=3, speed=6, trial=3, x__rid_x=6e1b2eab330c0f0c: dummy_return_one(x)
[12:09:55.135] [INFO] [run] subject=2, session=3, speed=6, trial=4, x__rid_x=120862776e22e475: dummy_return_one(x)
[12:09:55.136] [INFO] [run] subject=2, session=3, speed=6, trial=5, x__rid_x=19d58b23b60bcba9: dummy_return_one(x)
[12:09:55.137] [INFO] [run] subject=2, session=3, speed=6, trial=6, x__rid_x=dd4c037968d11509: dummy_return_one(x)
[12:09:55.144] [INFO] [run] subject=2, session=3, speed=6, trial=7, x__rid_x=df31637693077a1d: dummy_return_one(x)
[12:09:55.144] [INFO] [run] subject=2, session=3, speed=7, trial=1, x__rid_x=ebc6db71656f73d2: dummy_return_one(x)
[12:09:55.145] [INFO] [run] subject=2, session=3, speed=7, trial=2, x__rid_x=2466be58fe86f789: dummy_return_one(x)
[12:09:55.145] [INFO] [run] subject=2, session=3, speed=7, trial=3, x__rid_x=ed53543b39b2b800: dummy_return_one(x)
[12:09:55.152] [INFO] [run] subject=2, session=3, speed=7, trial=4, x__rid_x=f384f0f40ab10903: dummy_return_one(x)
[12:09:55.153] [INFO] [run] subject=2, session=3, speed=7, trial=5, x__rid_x=13a63f3e70a4c377: dummy_return_one(x)
[12:09:55.160] [INFO] [run] subject=2, session=3, speed=7, trial=6, x__rid_x=9860dd40a5e66b1a: dummy_return_one(x)
[12:09:55.161] [INFO] [run] subject=2, session=3, speed=7, trial=7, x__rid_x=07bf1d68bb70ea08: dummy_return_one(x)
[12:09:55.162] [INFO] [run] subject=2, session=3, speed=8, trial=1, x__rid_x=fb791fdaeb79b005: dummy_return_one(x)
[12:09:55.169] [INFO] [run] subject=2, session=3, speed=8, trial=2, x__rid_x=334c596bd782da19: dummy_return_one(x)
[12:09:55.170] [INFO] [run] subject=2, session=3, speed=8, trial=3, x__rid_x=beb89e860daee85c: dummy_return_one(x)
[12:09:55.177] [INFO] [run] subject=2, session=3, speed=8, trial=4, x__rid_x=a41891f3b1e81b80: dummy_return_one(x)
[12:09:55.178] [INFO] [run] subject=2, session=3, speed=8, trial=5, x__rid_x=3107eeb1659900be: dummy_return_one(x)
[12:09:55.178] [INFO] [run] subject=2, session=3, speed=8, trial=6, x__rid_x=1d1350dcac07be8c: dummy_return_one(x)
[12:09:55.179] [INFO] [run] subject=2, session=3, speed=8, trial=7, x__rid_x=db11cd9bd1dd36a6: dummy_return_one(x)
[12:09:55.186] [INFO] [run] subject=2, session=3, speed=9, trial=1, x__rid_x=b5767e6831d7878a: dummy_return_one(x)
[12:09:55.187] [INFO] [run] subject=2, session=3, speed=9, trial=2, x__rid_x=ba416ff0b231484b: dummy_return_one(x)
[12:09:55.187] [INFO] [run] subject=2, session=3, speed=9, trial=3, x__rid_x=4d9f9041a1860fd4: dummy_return_one(x)
[12:09:55.194] [INFO] [run] subject=2, session=3, speed=9, trial=4, x__rid_x=59bbffab00d0eb03: dummy_return_one(x)
[12:09:55.195] [INFO] [run] subject=2, session=3, speed=9, trial=5, x__rid_x=84447fe90c08b200: dummy_return_one(x)
[12:09:55.195] [INFO] [run] subject=2, session=3, speed=9, trial=6, x__rid_x=f139774ee794defa: dummy_return_one(x)
[12:09:55.203] [INFO] [run] subject=2, session=3, speed=9, trial=7, x__rid_x=61431b404e9dfd1d: dummy_return_one(x)
[12:09:55.204] [INFO] [run] subject=2, session=4, speed=1, trial=1, x__rid_x=312c3342fc47027c: dummy_return_one(x)
[12:09:55.211] [INFO] [run] subject=2, session=4, speed=1, trial=2, x__rid_x=4ad56ffbbf108255: dummy_return_one(x)
[12:09:55.212] [INFO] [run] subject=2, session=4, speed=1, trial=3, x__rid_x=f2f29e045d055d51: dummy_return_one(x)
[12:09:55.212] [INFO] [run] subject=2, session=4, speed=1, trial=4, x__rid_x=e16e590b21d24dc3: dummy_return_one(x)
[12:09:55.213] [INFO] [run] subject=2, session=4, speed=1, trial=5, x__rid_x=1fc24464770e1467: dummy_return_one(x)
[12:09:55.220] [INFO] [run] subject=2, session=4, speed=1, trial=6, x__rid_x=cf2145a9ab71bacb: dummy_return_one(x)
[12:09:55.221] [INFO] [run] subject=2, session=4, speed=1, trial=7, x__rid_x=189025a7cb0cbec0: dummy_return_one(x)
[12:09:55.221] [INFO] [run] subject=2, session=4, speed=10, trial=1, x__rid_x=5ee1fc9d871c1cb0: dummy_return_one(x)
[12:09:55.229] [INFO] [run] subject=2, session=4, speed=10, trial=2, x__rid_x=ca27e570ccdb4963: dummy_return_one(x)
[12:09:55.230] [INFO] [run] subject=2, session=4, speed=10, trial=3, x__rid_x=72adfc894195e875: dummy_return_one(x)
[12:09:55.237] [INFO] [run] subject=2, session=4, speed=10, trial=4, x__rid_x=2654994f2397d672: dummy_return_one(x)
[12:09:55.238] [INFO] [run] subject=2, session=4, speed=10, trial=5, x__rid_x=7106353df23df2bc: dummy_return_one(x)
[12:09:55.239] [INFO] [run] subject=2, session=4, speed=10, trial=6, x__rid_x=43f29d113be570e1: dummy_return_one(x)
[12:09:55.246] [INFO] [run] subject=2, session=4, speed=10, trial=7, x__rid_x=5a0aa775beb34524: dummy_return_one(x)
[12:09:55.248] [INFO] [run] subject=2, session=4, speed=2, trial=1, x__rid_x=4815c8ecd5b6c9dc: dummy_return_one(x)
[12:09:55.255] [INFO] [run] subject=2, session=4, speed=2, trial=2, x__rid_x=6760923a79eba200: dummy_return_one(x)
[12:09:55.256] [INFO] [run] subject=2, session=4, speed=2, trial=3, x__rid_x=47e871e601a291d7: dummy_return_one(x)
[12:09:55.256] [INFO] [run] subject=2, session=4, speed=2, trial=4, x__rid_x=2d495ac351a4f1d4: dummy_return_one(x)
[12:09:55.263] [INFO] [run] subject=2, session=4, speed=2, trial=5, x__rid_x=5545a54ca304c160: dummy_return_one(x)
[12:09:55.265] [INFO] [run] subject=2, session=4, speed=2, trial=6, x__rid_x=2bdc452c9ece6ef1: dummy_return_one(x)
[12:09:55.272] [INFO] [run] subject=2, session=4, speed=2, trial=7, x__rid_x=f9d3e79b7426faa4: dummy_return_one(x)
[12:09:55.273] [INFO] [run] subject=2, session=4, speed=3, trial=1, x__rid_x=483741c5214ed4d5: dummy_return_one(x)
[12:09:55.273] [INFO] [run] subject=2, session=4, speed=3, trial=2, x__rid_x=10fa7bc6bdc2dc01: dummy_return_one(x)
[12:09:55.281] [INFO] [run] subject=2, session=4, speed=3, trial=3, x__rid_x=98519a655e3e4d5e: dummy_return_one(x)
[12:09:55.282] [INFO] [run] subject=2, session=4, speed=3, trial=4, x__rid_x=cffcdb44096060bc: dummy_return_one(x)
[12:09:55.289] [INFO] [run] subject=2, session=4, speed=3, trial=5, x__rid_x=76463abe68c17774: dummy_return_one(x)
[12:09:55.291] [INFO] [run] subject=2, session=4, speed=3, trial=6, x__rid_x=dc107abe67c8f870: dummy_return_one(x)
[12:09:55.298] [INFO] [run] subject=2, session=4, speed=3, trial=7, x__rid_x=1993727d11888ec3: dummy_return_one(x)
[12:09:55.299] [INFO] [run] subject=2, session=4, speed=4, trial=1, x__rid_x=4f1216d794a83a5b: dummy_return_one(x)
[12:09:55.307] [INFO] [run] subject=2, session=4, speed=4, trial=2, x__rid_x=2c89a5c35294c4c4: dummy_return_one(x)
[12:09:55.308] [INFO] [run] subject=2, session=4, speed=4, trial=3, x__rid_x=83b3c8daf6a0b183: dummy_return_one(x)
[12:09:55.309] [INFO] [run] subject=2, session=4, speed=4, trial=4, x__rid_x=107eee1d2e1840d3: dummy_return_one(x)
[12:09:55.316] [INFO] [run] subject=2, session=4, speed=4, trial=5, x__rid_x=a59ff2129fa10ade: dummy_return_one(x)
[12:09:55.317] [INFO] [run] subject=2, session=4, speed=4, trial=6, x__rid_x=78df053d8350a21a: dummy_return_one(x)
[12:09:55.325] [INFO] [run] subject=2, session=4, speed=4, trial=7, x__rid_x=00b122a4b66606ca: dummy_return_one(x)
[12:09:55.326] [INFO] [run] subject=2, session=4, speed=5, trial=1, x__rid_x=4da10f01f3225466: dummy_return_one(x)
[12:09:55.327] [INFO] [run] subject=2, session=4, speed=5, trial=2, x__rid_x=a6d49b95e4d06ddc: dummy_return_one(x)
[12:09:55.334] [INFO] [run] subject=2, session=4, speed=5, trial=3, x__rid_x=e92f8406c3c4b4d6: dummy_return_one(x)
[12:09:55.335] [INFO] [run] subject=2, session=4, speed=5, trial=4, x__rid_x=e31a767070b755e0: dummy_return_one(x)
[12:09:55.343] [INFO] [run] subject=2, session=4, speed=5, trial=5, x__rid_x=bfdd60b9ed6ded18: dummy_return_one(x)
[12:09:55.344] [INFO] [run] subject=2, session=4, speed=5, trial=6, x__rid_x=f2398c7448c5bf3d: dummy_return_one(x)
[12:09:55.352] [INFO] [run] subject=2, session=4, speed=5, trial=7, x__rid_x=a8d17f6188f0e3d7: dummy_return_one(x)
[12:09:55.353] [INFO] [run] subject=2, session=4, speed=6, trial=1, x__rid_x=1d80de145edf4f96: dummy_return_one(x)
[12:09:55.360] [INFO] [run] subject=2, session=4, speed=6, trial=2, x__rid_x=2c2577dc305c32ff: dummy_return_one(x)
[12:09:55.361] [INFO] [run] subject=2, session=4, speed=6, trial=3, x__rid_x=1801cc5e7adc224f: dummy_return_one(x)
[12:09:55.362] [INFO] [run] subject=2, session=4, speed=6, trial=4, x__rid_x=4daa7fba68aec959: dummy_return_one(x)
[12:09:55.369] [INFO] [run] subject=2, session=4, speed=6, trial=5, x__rid_x=b818fa5792d8e51a: dummy_return_one(x)
[12:09:55.370] [INFO] [run] subject=2, session=4, speed=6, trial=6, x__rid_x=e9020278c8be9d08: dummy_return_one(x)
[12:09:55.377] [INFO] [run] subject=2, session=4, speed=6, trial=7, x__rid_x=0395dacf5e90a8f6: dummy_return_one(x)
[12:09:55.378] [INFO] [run] subject=2, session=4, speed=7, trial=1, x__rid_x=b5bae0ae4be3b05e: dummy_return_one(x)
[12:09:55.386] [INFO] [run] subject=2, session=4, speed=7, trial=2, x__rid_x=49d80c138233f6eb: dummy_return_one(x)
[12:09:55.387] [INFO] [run] subject=2, session=4, speed=7, trial=3, x__rid_x=72676f3ba70bc22a: dummy_return_one(x)
[12:09:55.395] [INFO] [run] subject=2, session=4, speed=7, trial=4, x__rid_x=14ebcb81fe371cba: dummy_return_one(x)
[12:09:55.396] [INFO] [run] subject=2, session=4, speed=7, trial=5, x__rid_x=c70f3b5b8d0cdffc: dummy_return_one(x)
[12:09:55.403] [INFO] [run] subject=2, session=4, speed=7, trial=6, x__rid_x=d641921a1e279e3c: dummy_return_one(x)
[12:09:55.405] [INFO] [run] subject=2, session=4, speed=7, trial=7, x__rid_x=23cd4805310ab52c: dummy_return_one(x)
[12:09:55.412] [INFO] [run] subject=2, session=4, speed=8, trial=1, x__rid_x=563eca5fce650c29: dummy_return_one(x)
[12:09:55.422] [INFO] [run] subject=2, session=4, speed=8, trial=2, x__rid_x=399d10f0d8175fb9: dummy_return_one(x)
[12:09:55.423] [INFO] [run] subject=2, session=4, speed=8, trial=3, x__rid_x=4064c9fad8ce7c0f: dummy_return_one(x)
[12:09:55.432] [INFO] [run] subject=2, session=4, speed=8, trial=4, x__rid_x=b171b541b0393438: dummy_return_one(x)
[12:09:55.442] [INFO] [run] subject=2, session=4, speed=8, trial=5, x__rid_x=5d3c59886afd0bc4: dummy_return_one(x)
[12:09:55.444] [INFO] [run] subject=2, session=4, speed=8, trial=6, x__rid_x=8fda28fa7f554b7e: dummy_return_one(x)
[12:09:55.451] [INFO] [run] subject=2, session=4, speed=8, trial=7, x__rid_x=2e97bd704717337f: dummy_return_one(x)
[12:09:55.461] [INFO] [run] subject=2, session=4, speed=9, trial=1, x__rid_x=c56273e1d629f851: dummy_return_one(x)
[12:09:55.469] [INFO] [run] subject=2, session=4, speed=9, trial=2, x__rid_x=75b57f84094ba017: dummy_return_one(x)
[12:09:55.478] [INFO] [run] subject=2, session=4, speed=9, trial=3, x__rid_x=2259c98f61aac0b1: dummy_return_one(x)
[12:09:55.479] [INFO] [run] subject=2, session=4, speed=9, trial=4, x__rid_x=16c46561b22a5a96: dummy_return_one(x)
[12:09:55.487] [INFO] [run] subject=2, session=4, speed=9, trial=5, x__rid_x=ea9fc7bd55e18040: dummy_return_one(x)
[12:09:55.488] [INFO] [run] subject=2, session=4, speed=9, trial=6, x__rid_x=911f84b594b27502: dummy_return_one(x)
[12:09:55.489] [INFO] [run] subject=2, session=4, speed=9, trial=7, x__rid_x=00db35f1778ac405: dummy_return_one(x)
[12:09:55.495] [INFO] [run] subject=2, session=5, speed=1, trial=1, x__rid_x=57a5bbbcf89b9989: dummy_return_one(x)
[12:09:55.497] [INFO] [run] subject=2, session=5, speed=1, trial=2, x__rid_x=43d0378b40a6af22: dummy_return_one(x)
[12:09:55.504] [INFO] [run] subject=2, session=5, speed=1, trial=3, x__rid_x=678351d7da644e4b: dummy_return_one(x)
[12:09:55.505] [INFO] [run] subject=2, session=5, speed=1, trial=4, x__rid_x=76d7c7407b33c68b: dummy_return_one(x)
[12:09:55.506] [INFO] [run] subject=2, session=5, speed=1, trial=5, x__rid_x=15c31fc88ed01f3f: dummy_return_one(x)
[12:09:55.513] [INFO] [run] subject=2, session=5, speed=1, trial=6, x__rid_x=f2655df200dde736: dummy_return_one(x)
[12:09:55.514] [INFO] [run] subject=2, session=5, speed=1, trial=7, x__rid_x=14dda2706c6fb732: dummy_return_one(x)
[12:09:55.522] [INFO] [run] subject=2, session=5, speed=10, trial=1, x__rid_x=d60526a0cdd43b51: dummy_return_one(x)
[12:09:55.523] [INFO] [run] subject=2, session=5, speed=10, trial=2, x__rid_x=ce91e3c4014b1acd: dummy_return_one(x)
[12:09:55.523] [INFO] [run] subject=2, session=5, speed=10, trial=3, x__rid_x=099d32457c97058d: dummy_return_one(x)
[12:09:55.531] [INFO] [run] subject=2, session=5, speed=10, trial=4, x__rid_x=6d3dc197ebce1462: dummy_return_one(x)
[12:09:55.533] [INFO] [run] subject=2, session=5, speed=10, trial=5, x__rid_x=b9e2b6d2ca7c0c07: dummy_return_one(x)
[12:09:55.540] [INFO] [run] subject=2, session=5, speed=10, trial=6, x__rid_x=94b75eadb91ad0d5: dummy_return_one(x)
[12:09:55.541] [INFO] [run] subject=2, session=5, speed=10, trial=7, x__rid_x=58f5ce831b65818c: dummy_return_one(x)
[12:09:55.541] [INFO] [run] subject=2, session=5, speed=2, trial=1, x__rid_x=490a771f0548d624: dummy_return_one(x)
[12:09:55.549] [INFO] [run] subject=2, session=5, speed=2, trial=2, x__rid_x=14c46952bb4d8784: dummy_return_one(x)
[12:09:55.550] [INFO] [run] subject=2, session=5, speed=2, trial=3, x__rid_x=f6997a54a115a00e: dummy_return_one(x)
[12:09:55.550] [INFO] [run] subject=2, session=5, speed=2, trial=4, x__rid_x=6f1d5736ebbe4463: dummy_return_one(x)
[12:09:55.557] [INFO] [run] subject=2, session=5, speed=2, trial=5, x__rid_x=cb21283ee70db0d0: dummy_return_one(x)
[12:09:55.558] [INFO] [run] subject=2, session=5, speed=2, trial=6, x__rid_x=31febea0c3004d48: dummy_return_one(x)
[12:09:55.559] [INFO] [run] subject=2, session=5, speed=2, trial=7, x__rid_x=aa25182f0d72cd9e: dummy_return_one(x)
[12:09:55.566] [INFO] [run] subject=2, session=5, speed=3, trial=1, x__rid_x=9db88966316b61dd: dummy_return_one(x)
[12:09:55.567] [INFO] [run] subject=2, session=5, speed=3, trial=2, x__rid_x=07419b117e955b08: dummy_return_one(x)
[12:09:55.568] [INFO] [run] subject=2, session=5, speed=3, trial=3, x__rid_x=34b3980af783284c: dummy_return_one(x)
[12:09:55.574] [INFO] [run] subject=2, session=5, speed=3, trial=4, x__rid_x=520fadf2b9c97c0e: dummy_return_one(x)
[12:09:55.575] [INFO] [run] subject=2, session=5, speed=3, trial=5, x__rid_x=572f5256472c1397: dummy_return_one(x)
[12:09:55.576] [INFO] [run] subject=2, session=5, speed=3, trial=6, x__rid_x=eecd59f162e894d4: dummy_return_one(x)
[12:09:55.576] [INFO] [run] subject=2, session=5, speed=3, trial=7, x__rid_x=1f207ba8d2e4986d: dummy_return_one(x)
[12:09:55.583] [INFO] [run] subject=2, session=5, speed=4, trial=1, x__rid_x=1fdc642a940f014e: dummy_return_one(x)
[12:09:55.584] [INFO] [run] subject=2, session=5, speed=4, trial=2, x__rid_x=ef02056a0d205eb1: dummy_return_one(x)
[12:09:55.585] [INFO] [run] subject=2, session=5, speed=4, trial=3, x__rid_x=f2fc4c60e9a22a67: dummy_return_one(x)
[12:09:55.592] [INFO] [run] subject=2, session=5, speed=4, trial=4, x__rid_x=7ecf0529582f76de: dummy_return_one(x)
[12:09:55.593] [INFO] [run] subject=2, session=5, speed=4, trial=5, x__rid_x=ae9837b68581c60d: dummy_return_one(x)
[12:09:55.593] [INFO] [run] subject=2, session=5, speed=4, trial=6, x__rid_x=9aa45f4015cb30fa: dummy_return_one(x)
[12:09:55.601] [INFO] [run] subject=2, session=5, speed=4, trial=7, x__rid_x=7a7d0e7b53a0fe42: dummy_return_one(x)
[12:09:55.602] [INFO] [run] subject=2, session=5, speed=5, trial=1, x__rid_x=e133f0496b46c263: dummy_return_one(x)
[12:09:55.602] [INFO] [run] subject=2, session=5, speed=5, trial=2, x__rid_x=97d79f1a14ff889f: dummy_return_one(x)
[12:09:55.609] [INFO] [run] subject=2, session=5, speed=5, trial=3, x__rid_x=25498eee6d38c420: dummy_return_one(x)
[12:09:55.610] [INFO] [run] subject=2, session=5, speed=5, trial=4, x__rid_x=87a87f6a42793fe0: dummy_return_one(x)
[12:09:55.611] [INFO] [run] subject=2, session=5, speed=5, trial=5, x__rid_x=9c08edc883e7a6d5: dummy_return_one(x)
[12:09:55.618] [INFO] [run] subject=2, session=5, speed=5, trial=6, x__rid_x=67ef59d72b45bbaa: dummy_return_one(x)
[12:09:55.619] [INFO] [run] subject=2, session=5, speed=5, trial=7, x__rid_x=ff5c6c56e14d4773: dummy_return_one(x)
[12:09:55.620] [INFO] [run] subject=2, session=5, speed=6, trial=1, x__rid_x=505e12fac75e9978: dummy_return_one(x)
[12:09:55.627] [INFO] [run] subject=2, session=5, speed=6, trial=2, x__rid_x=491a9e55c4061a9d: dummy_return_one(x)
[12:09:55.627] [INFO] [run] subject=2, session=5, speed=6, trial=3, x__rid_x=f14c88c24fb06c5f: dummy_return_one(x)
[12:09:55.628] [INFO] [run] subject=2, session=5, speed=6, trial=4, x__rid_x=e4dfa39405cbd232: dummy_return_one(x)
[12:09:55.636] [INFO] [run] subject=2, session=5, speed=6, trial=5, x__rid_x=c9d881b81aef0f2b: dummy_return_one(x)
[12:09:55.637] [INFO] [run] subject=2, session=5, speed=6, trial=6, x__rid_x=437ced1f8f774af1: dummy_return_one(x)
[12:09:55.638] [INFO] [run] subject=2, session=5, speed=6, trial=7, x__rid_x=ddd4b2e18b8d167f: dummy_return_one(x)
[12:09:55.645] [INFO] [run] subject=2, session=5, speed=7, trial=1, x__rid_x=735ee07cccaaa6f1: dummy_return_one(x)
[12:09:55.645] [INFO] [run] subject=2, session=5, speed=7, trial=2, x__rid_x=2e0b1cac9174f4ab: dummy_return_one(x)
[12:09:55.646] [INFO] [run] subject=2, session=5, speed=7, trial=3, x__rid_x=17ab0de0561f5c39: dummy_return_one(x)
[12:09:55.654] [INFO] [run] subject=2, session=5, speed=7, trial=4, x__rid_x=879e3d0af7525d56: dummy_return_one(x)
[12:09:55.654] [INFO] [run] subject=2, session=5, speed=7, trial=5, x__rid_x=cea99cc7508bb9d3: dummy_return_one(x)
[12:09:55.655] [INFO] [run] subject=2, session=5, speed=7, trial=6, x__rid_x=2e69494ebdeedd4d: dummy_return_one(x)
[12:09:55.662] [INFO] [run] subject=2, session=5, speed=7, trial=7, x__rid_x=173d49ae57c1b736: dummy_return_one(x)
[12:09:55.663] [INFO] [run] subject=2, session=5, speed=8, trial=1, x__rid_x=baebb7adf83d9144: dummy_return_one(x)
[12:09:55.664] [INFO] [run] subject=2, session=5, speed=8, trial=2, x__rid_x=306bea855eb7d1fd: dummy_return_one(x)
[12:09:55.671] [INFO] [run] subject=2, session=5, speed=8, trial=3, x__rid_x=42a43b7fe4de559c: dummy_return_one(x)
[12:09:55.672] [INFO] [run] subject=2, session=5, speed=8, trial=4, x__rid_x=86d2d9e19bba46ca: dummy_return_one(x)
[12:09:55.672] [INFO] [run] subject=2, session=5, speed=8, trial=5, x__rid_x=f4438b9ff02845a3: dummy_return_one(x)
[12:09:55.680] [INFO] [run] subject=2, session=5, speed=8, trial=6, x__rid_x=061743868231cb82: dummy_return_one(x)
[12:09:55.681] [INFO] [run] subject=2, session=5, speed=8, trial=7, x__rid_x=d75a8c0f19a590ed: dummy_return_one(x)
[12:09:55.682] [INFO] [run] subject=2, session=5, speed=9, trial=1, x__rid_x=e7f230d9cc6c9327: dummy_return_one(x)
[12:09:55.688] [INFO] [run] subject=2, session=5, speed=9, trial=2, x__rid_x=4e21e196bb035d6a: dummy_return_one(x)
[12:09:55.689] [INFO] [run] subject=2, session=5, speed=9, trial=3, x__rid_x=03a1bacd3f95a362: dummy_return_one(x)
[12:09:55.690] [INFO] [run] subject=2, session=5, speed=9, trial=4, x__rid_x=a5c2d1eac68fface: dummy_return_one(x)
[12:09:55.697] [INFO] [run] subject=2, session=5, speed=9, trial=5, x__rid_x=307efd5be0db44b5: dummy_return_one(x)
[12:09:55.698] [INFO] [run] subject=2, session=5, speed=9, trial=6, x__rid_x=8c28bb5bd9547b46: dummy_return_one(x)
[12:09:55.699] [INFO] [run] subject=2, session=5, speed=9, trial=7, x__rid_x=30c08bd17293daf5: dummy_return_one(x)
[12:09:55.706] [INFO] [run] subject=20, session=1, speed=1, trial=1, x__rid_x=b0ccd08369e090f6: dummy_return_one(x)
[12:09:55.707] [INFO] [run] subject=20, session=1, speed=1, trial=2, x__rid_x=653eca6cd1440b4b: dummy_return_one(x)
[12:09:55.707] [INFO] [run] subject=20, session=1, speed=1, trial=3, x__rid_x=1e234571041a8f9f: dummy_return_one(x)
[12:09:55.715] [INFO] [run] subject=20, session=1, speed=1, trial=4, x__rid_x=61f4e1252cad92d7: dummy_return_one(x)
[12:09:55.716] [INFO] [run] subject=20, session=1, speed=1, trial=5, x__rid_x=8367def1a2d5bb1b: dummy_return_one(x)
[12:09:55.723] [INFO] [run] subject=20, session=1, speed=1, trial=6, x__rid_x=c92e02811877c7cf: dummy_return_one(x)
[12:09:55.724] [INFO] [run] subject=20, session=1, speed=1, trial=7, x__rid_x=992e955bd504c82f: dummy_return_one(x)
[12:09:55.725] [INFO] [run] subject=20, session=1, speed=10, trial=1, x__rid_x=a2c078bf40dea095: dummy_return_one(x)
[12:09:55.732] [INFO] [run] subject=20, session=1, speed=10, trial=2, x__rid_x=df37ad2bd148390d: dummy_return_one(x)
[12:09:55.733] [INFO] [run] subject=20, session=1, speed=10, trial=3, x__rid_x=2e615a21e9bc4bd0: dummy_return_one(x)
[12:09:55.741] [INFO] [run] subject=20, session=1, speed=10, trial=4, x__rid_x=76ac7851a65e71fe: dummy_return_one(x)
[12:09:55.742] [INFO] [run] subject=20, session=1, speed=10, trial=5, x__rid_x=10244b283dcab21f: dummy_return_one(x)
[12:09:55.742] [INFO] [run] subject=20, session=1, speed=10, trial=6, x__rid_x=423bb08201dc3feb: dummy_return_one(x)
[12:09:55.750] [INFO] [run] subject=20, session=1, speed=10, trial=7, x__rid_x=851c6dd20d41a770: dummy_return_one(x)
[12:09:55.751] [INFO] [run] subject=20, session=1, speed=2, trial=1, x__rid_x=d64f73dd684d5b53: dummy_return_one(x)
[12:09:55.758] [INFO] [run] subject=20, session=1, speed=2, trial=2, x__rid_x=3267a8383165c925: dummy_return_one(x)
[12:09:55.759] [INFO] [run] subject=20, session=1, speed=2, trial=3, x__rid_x=e17621a9af62fa21: dummy_return_one(x)
[12:09:55.760] [INFO] [run] subject=20, session=1, speed=2, trial=4, x__rid_x=1286c2e50da7461e: dummy_return_one(x)
[12:09:55.767] [INFO] [run] subject=20, session=1, speed=2, trial=5, x__rid_x=4c487731c53eb5cb: dummy_return_one(x)
[12:09:55.769] [INFO] [run] subject=20, session=1, speed=2, trial=6, x__rid_x=3d955c979d4eea76: dummy_return_one(x)
[12:09:55.776] [INFO] [run] subject=20, session=1, speed=2, trial=7, x__rid_x=1a9c8691c663b7cd: dummy_return_one(x)
[12:09:55.777] [INFO] [run] subject=20, session=1, speed=3, trial=1, x__rid_x=775feae448afdd12: dummy_return_one(x)
[12:09:55.777] [INFO] [run] subject=20, session=1, speed=3, trial=2, x__rid_x=b14300d87b19a850: dummy_return_one(x)
[12:09:55.785] [INFO] [run] subject=20, session=1, speed=3, trial=3, x__rid_x=40f613b148c3c484: dummy_return_one(x)
[12:09:55.786] [INFO] [run] subject=20, session=1, speed=3, trial=4, x__rid_x=a3ccaaaee6ca272b: dummy_return_one(x)
[12:09:55.794] [INFO] [run] subject=20, session=1, speed=3, trial=5, x__rid_x=442e3b624262934b: dummy_return_one(x)
[12:09:55.794] [INFO] [run] subject=20, session=1, speed=3, trial=6, x__rid_x=1b0de4aec81b9c31: dummy_return_one(x)
[12:09:55.795] [INFO] [run] subject=20, session=1, speed=3, trial=7, x__rid_x=355b1b87dcb20196: dummy_return_one(x)
[12:09:55.802] [INFO] [run] subject=20, session=1, speed=4, trial=1, x__rid_x=62f58739f16e5311: dummy_return_one(x)
[12:09:55.804] [INFO] [run] subject=20, session=1, speed=4, trial=2, x__rid_x=5a206e8c00f726fa: dummy_return_one(x)
[12:09:55.811] [INFO] [run] subject=20, session=1, speed=4, trial=3, x__rid_x=c00312dfca237045: dummy_return_one(x)
[12:09:55.812] [INFO] [run] subject=20, session=1, speed=4, trial=4, x__rid_x=8510db0c25927e10: dummy_return_one(x)
[12:09:55.813] [INFO] [run] subject=20, session=1, speed=4, trial=5, x__rid_x=1499dba15a8d57f4: dummy_return_one(x)
[12:09:55.820] [INFO] [run] subject=20, session=1, speed=4, trial=6, x__rid_x=90707629f4f20dcc: dummy_return_one(x)
[12:09:55.821] [INFO] [run] subject=20, session=1, speed=4, trial=7, x__rid_x=ddbd0707701f4682: dummy_return_one(x)
[12:09:55.829] [INFO] [run] subject=20, session=1, speed=5, trial=1, x__rid_x=46cc4857b8b41642: dummy_return_one(x)
[12:09:55.829] [INFO] [run] subject=20, session=1, speed=5, trial=2, x__rid_x=2e048cbaef64332e: dummy_return_one(x)
[12:09:55.830] [INFO] [run] subject=20, session=1, speed=5, trial=3, x__rid_x=d0c03e193d89500f: dummy_return_one(x)
[12:09:55.837] [INFO] [run] subject=20, session=1, speed=5, trial=4, x__rid_x=114c212d3ac49284: dummy_return_one(x)
[12:09:55.838] [INFO] [run] subject=20, session=1, speed=5, trial=5, x__rid_x=420f08869322af25: dummy_return_one(x)
[12:09:55.839] [INFO] [run] subject=20, session=1, speed=5, trial=6, x__rid_x=b026ff7e2bdce01b: dummy_return_one(x)
[12:09:55.846] [INFO] [run] subject=20, session=1, speed=5, trial=7, x__rid_x=eee2d18899ebae40: dummy_return_one(x)
[12:09:55.847] [INFO] [run] subject=20, session=1, speed=6, trial=1, x__rid_x=c167333a38f2e3fe: dummy_return_one(x)
[12:09:55.855] [INFO] [run] subject=20, session=1, speed=6, trial=2, x__rid_x=e26a1cc5d38b8cb8: dummy_return_one(x)
[12:09:55.856] [INFO] [run] subject=20, session=1, speed=6, trial=3, x__rid_x=5e3456ef9e9f1605: dummy_return_one(x)
[12:09:55.857] [INFO] [run] subject=20, session=1, speed=6, trial=4, x__rid_x=493b16ee3626530e: dummy_return_one(x)
[12:09:55.864] [INFO] [run] subject=20, session=1, speed=6, trial=5, x__rid_x=a4442d4c42ffd0e2: dummy_return_one(x)
[12:09:55.865] [INFO] [run] subject=20, session=1, speed=6, trial=6, x__rid_x=ebe24486443ddbf0: dummy_return_one(x)
[12:09:55.866] [INFO] [run] subject=20, session=1, speed=6, trial=7, x__rid_x=328373e3978928c7: dummy_return_one(x)
[12:09:55.873] [INFO] [run] subject=20, session=1, speed=7, trial=1, x__rid_x=3e14207496768354: dummy_return_one(x)
[12:09:55.873] [INFO] [run] subject=20, session=1, speed=7, trial=2, x__rid_x=fbc9b3b97a37f221: dummy_return_one(x)
[12:09:55.874] [INFO] [run] subject=20, session=1, speed=7, trial=3, x__rid_x=5eb800c17aa41629: dummy_return_one(x)
[12:09:55.882] [INFO] [run] subject=20, session=1, speed=7, trial=4, x__rid_x=95b4e2d835247f6f: dummy_return_one(x)
[12:09:55.883] [INFO] [run] subject=20, session=1, speed=7, trial=5, x__rid_x=753da6354a14f794: dummy_return_one(x)
[12:09:55.890] [INFO] [run] subject=20, session=1, speed=7, trial=6, x__rid_x=0b1921e4fbba989d: dummy_return_one(x)
[12:09:55.891] [INFO] [run] subject=20, session=1, speed=7, trial=7, x__rid_x=d89c98b7a760f14b: dummy_return_one(x)
[12:09:55.892] [INFO] [run] subject=20, session=1, speed=8, trial=1, x__rid_x=8c72c93c6ba7956e: dummy_return_one(x)
[12:09:55.899] [INFO] [run] subject=20, session=1, speed=8, trial=2, x__rid_x=1bce1abd9da73469: dummy_return_one(x)
[12:09:55.900] [INFO] [run] subject=20, session=1, speed=8, trial=3, x__rid_x=383940a0c8e5465d: dummy_return_one(x)
[12:09:55.908] [INFO] [run] subject=20, session=1, speed=8, trial=4, x__rid_x=fc626d98af861be7: dummy_return_one(x)
[12:09:55.909] [INFO] [run] subject=20, session=1, speed=8, trial=5, x__rid_x=0dffb4c6d36bb42b: dummy_return_one(x)
[12:09:55.909] [INFO] [run] subject=20, session=1, speed=8, trial=6, x__rid_x=4fdf780418349ce8: dummy_return_one(x)
[12:09:55.917] [INFO] [run] subject=20, session=1, speed=8, trial=7, x__rid_x=cf8abd0a61fe123f: dummy_return_one(x)
[12:09:55.918] [INFO] [run] subject=20, session=1, speed=9, trial=1, x__rid_x=d6eb666ef1f77023: dummy_return_one(x)
[12:09:55.925] [INFO] [run] subject=20, session=1, speed=9, trial=2, x__rid_x=632769f85fbb7051: dummy_return_one(x)
[12:09:55.927] [INFO] [run] subject=20, session=1, speed=9, trial=3, x__rid_x=9982c2580215d759: dummy_return_one(x)
[12:09:55.934] [INFO] [run] subject=20, session=1, speed=9, trial=4, x__rid_x=ce45efe34d160a6b: dummy_return_one(x)
[12:09:55.943] [INFO] [run] subject=20, session=1, speed=9, trial=5, x__rid_x=3dbd08ddd77529b8: dummy_return_one(x)
[12:09:55.944] [INFO] [run] subject=20, session=1, speed=9, trial=6, x__rid_x=9373af48c14cc06a: dummy_return_one(x)
[12:09:55.944] [INFO] [run] subject=20, session=1, speed=9, trial=7, x__rid_x=4cc64619fed1e0fe: dummy_return_one(x)
[12:09:55.952] [INFO] [run] subject=20, session=2, speed=1, trial=1, x__rid_x=d67b521d4f71f97e: dummy_return_one(x)
[12:09:55.953] [INFO] [run] subject=20, session=2, speed=1, trial=2, x__rid_x=9de156f147088f22: dummy_return_one(x)
[12:09:55.961] [INFO] [run] subject=20, session=2, speed=1, trial=3, x__rid_x=2f1d1a0d334b8b5d: dummy_return_one(x)
[12:09:55.961] [INFO] [run] subject=20, session=2, speed=1, trial=4, x__rid_x=fc5afa0978d02b3c: dummy_return_one(x)
[12:09:55.962] [INFO] [run] subject=20, session=2, speed=1, trial=5, x__rid_x=48760e38d8a2ec97: dummy_return_one(x)
[12:09:55.970] [INFO] [run] subject=20, session=2, speed=1, trial=6, x__rid_x=77343d6a7224f49e: dummy_return_one(x)
[12:09:55.970] [INFO] [run] subject=20, session=2, speed=1, trial=7, x__rid_x=31a1cac1e18e8d9f: dummy_return_one(x)
[12:09:55.979] [INFO] [run] subject=20, session=2, speed=10, trial=1, x__rid_x=f88d885064ba83b5: dummy_return_one(x)
[12:09:55.981] [INFO] [run] subject=20, session=2, speed=10, trial=2, x__rid_x=35e2bce9946ab889: dummy_return_one(x)
[12:09:55.989] [INFO] [run] subject=20, session=2, speed=10, trial=3, x__rid_x=ff1253b2fe784ae6: dummy_return_one(x)
[12:09:55.990] [INFO] [run] subject=20, session=2, speed=10, trial=4, x__rid_x=6bf7f5e017a08912: dummy_return_one(x)
[12:09:55.991] [INFO] [run] subject=20, session=2, speed=10, trial=5, x__rid_x=3ec39205bdca5dde: dummy_return_one(x)
[12:09:55.998] [INFO] [run] subject=20, session=2, speed=10, trial=6, x__rid_x=91ca5452694fa9d7: dummy_return_one(x)
[12:09:55.999] [INFO] [run] subject=20, session=2, speed=10, trial=7, x__rid_x=128b2f98f1a9a9d0: dummy_return_one(x)
[12:09:56.007] [INFO] [run] subject=20, session=2, speed=2, trial=1, x__rid_x=3deb3445e2a3827f: dummy_return_one(x)
[12:09:56.007] [INFO] [run] subject=20, session=2, speed=2, trial=2, x__rid_x=4b86a5d34af1ebda: dummy_return_one(x)
[12:09:56.008] [INFO] [run] subject=20, session=2, speed=2, trial=3, x__rid_x=b3ec3c97aa32d518: dummy_return_one(x)
[12:09:56.016] [INFO] [run] subject=20, session=2, speed=2, trial=4, x__rid_x=73afb4c909f44872: dummy_return_one(x)
[12:09:56.017] [INFO] [run] subject=20, session=2, speed=2, trial=5, x__rid_x=785a057ed247749d: dummy_return_one(x)
[12:09:56.024] [INFO] [run] subject=20, session=2, speed=2, trial=6, x__rid_x=affa8415b0c44100: dummy_return_one(x)
[12:09:56.025] [INFO] [run] subject=20, session=2, speed=2, trial=7, x__rid_x=a4c3a9209843988f: dummy_return_one(x)
[12:09:56.026] [INFO] [run] subject=20, session=2, speed=3, trial=1, x__rid_x=51697a92835f6dfb: dummy_return_one(x)
[12:09:56.033] [INFO] [run] subject=20, session=2, speed=3, trial=2, x__rid_x=ad4f0a81bca09a67: dummy_return_one(x)
[12:09:56.034] [INFO] [run] subject=20, session=2, speed=3, trial=3, x__rid_x=34ffacf22769240b: dummy_return_one(x)
[12:09:56.042] [INFO] [run] subject=20, session=2, speed=3, trial=4, x__rid_x=8c50f73025a6f8bb: dummy_return_one(x)
[12:09:56.042] [INFO] [run] subject=20, session=2, speed=3, trial=5, x__rid_x=87f98c3956b40bb2: dummy_return_one(x)
[12:09:56.043] [INFO] [run] subject=20, session=2, speed=3, trial=6, x__rid_x=d1588e3e1a858b04: dummy_return_one(x)
[12:09:56.051] [INFO] [run] subject=20, session=2, speed=3, trial=7, x__rid_x=bd333d839ad0c787: dummy_return_one(x)
[12:09:56.052] [INFO] [run] subject=20, session=2, speed=4, trial=1, x__rid_x=9de3e35fdc0d7eae: dummy_return_one(x)
[12:09:56.059] [INFO] [run] subject=20, session=2, speed=4, trial=2, x__rid_x=4e031a7bb55f8991: dummy_return_one(x)
[12:09:56.060] [INFO] [run] subject=20, session=2, speed=4, trial=3, x__rid_x=bfcde9797397aa84: dummy_return_one(x)
[12:09:56.061] [INFO] [run] subject=20, session=2, speed=4, trial=4, x__rid_x=3587f2e1281b8341: dummy_return_one(x)
[12:09:56.068] [INFO] [run] subject=20, session=2, speed=4, trial=5, x__rid_x=8e3a04cb6b7be547: dummy_return_one(x)
[12:09:56.069] [INFO] [run] subject=20, session=2, speed=4, trial=6, x__rid_x=caba60363ca3c41d: dummy_return_one(x)
[12:09:56.077] [INFO] [run] subject=20, session=2, speed=4, trial=7, x__rid_x=f6c359774652919a: dummy_return_one(x)
[12:09:56.078] [INFO] [run] subject=20, session=2, speed=5, trial=1, x__rid_x=c22c1cfde8eb1dc9: dummy_return_one(x)
[12:09:56.078] [INFO] [run] subject=20, session=2, speed=5, trial=2, x__rid_x=d320abd1fbcbb03a: dummy_return_one(x)
[12:09:56.086] [INFO] [run] subject=20, session=2, speed=5, trial=3, x__rid_x=db551cfeead3f957: dummy_return_one(x)
[12:09:56.087] [INFO] [run] subject=20, session=2, speed=5, trial=4, x__rid_x=4e50c4f0a8a572ee: dummy_return_one(x)
[12:09:56.088] [INFO] [run] subject=20, session=2, speed=5, trial=5, x__rid_x=b5c4503f00465d35: dummy_return_one(x)
[12:09:56.094] [INFO] [run] subject=20, session=2, speed=5, trial=6, x__rid_x=81106aa5edd6eece: dummy_return_one(x)
[12:09:56.095] [INFO] [run] subject=20, session=2, speed=5, trial=7, x__rid_x=06ccc8c7cec71460: dummy_return_one(x)
[12:09:56.096] [INFO] [run] subject=20, session=2, speed=6, trial=1, x__rid_x=0b1d55b9fbcbab98: dummy_return_one(x)
[12:09:56.103] [INFO] [run] subject=20, session=2, speed=6, trial=2, x__rid_x=d1a1a21240e935a0: dummy_return_one(x)
[12:09:56.104] [INFO] [run] subject=20, session=2, speed=6, trial=3, x__rid_x=a8b7b1dd9fa078d6: dummy_return_one(x)
[12:09:56.112] [INFO] [run] subject=20, session=2, speed=6, trial=4, x__rid_x=d8ac4d90bab04108: dummy_return_one(x)
[12:09:56.113] [INFO] [run] subject=20, session=2, speed=6, trial=5, x__rid_x=94fcd9f98fcce6c0: dummy_return_one(x)
[12:09:56.121] [INFO] [run] subject=20, session=2, speed=6, trial=6, x__rid_x=ed9692688a2f7ca6: dummy_return_one(x)
[12:09:56.122] [INFO] [run] subject=20, session=2, speed=6, trial=7, x__rid_x=6fd7db2ff9b8dec7: dummy_return_one(x)
[12:09:56.122] [INFO] [run] subject=20, session=2, speed=7, trial=1, x__rid_x=52208fb3286609a5: dummy_return_one(x)
[12:09:56.130] [INFO] [run] subject=20, session=2, speed=7, trial=2, x__rid_x=f66d86248e7f7bd5: dummy_return_one(x)
[12:09:56.131] [INFO] [run] subject=20, session=2, speed=7, trial=3, x__rid_x=5101b5cfb500750f: dummy_return_one(x)
[12:09:56.138] [INFO] [run] subject=20, session=2, speed=7, trial=4, x__rid_x=0d0c093df07bfa2b: dummy_return_one(x)
[12:09:56.139] [INFO] [run] subject=20, session=2, speed=7, trial=5, x__rid_x=aad1cfd16ffd2590: dummy_return_one(x)
[12:09:56.140] [INFO] [run] subject=20, session=2, speed=7, trial=6, x__rid_x=5f269a3e88d7a0fe: dummy_return_one(x)
[12:09:56.147] [INFO] [run] subject=20, session=2, speed=7, trial=7, x__rid_x=46c11c76c18c391e: dummy_return_one(x)
[12:09:56.149] [INFO] [run] subject=20, session=2, speed=8, trial=1, x__rid_x=96a715bddebf5315: dummy_return_one(x)
[12:09:56.156] [INFO] [run] subject=20, session=2, speed=8, trial=2, x__rid_x=e24f7bb0fbc65b46: dummy_return_one(x)
[12:09:56.157] [INFO] [run] subject=20, session=2, speed=8, trial=3, x__rid_x=ff2304211ff1b1a0: dummy_return_one(x)
[12:09:56.158] [INFO] [run] subject=20, session=2, speed=8, trial=4, x__rid_x=806abeca00852616: dummy_return_one(x)
[12:09:56.165] [INFO] [run] subject=20, session=2, speed=8, trial=5, x__rid_x=2c8e96d4657a8493: dummy_return_one(x)
[12:09:56.166] [INFO] [run] subject=20, session=2, speed=8, trial=6, x__rid_x=ec6ba85c8eddf7e7: dummy_return_one(x)
[12:09:56.174] [INFO] [run] subject=20, session=2, speed=8, trial=7, x__rid_x=ce80e6d03c9b6409: dummy_return_one(x)
[12:09:56.175] [INFO] [run] subject=20, session=2, speed=9, trial=1, x__rid_x=b93a87841afa7965: dummy_return_one(x)
[12:09:56.175] [INFO] [run] subject=20, session=2, speed=9, trial=2, x__rid_x=0931665c34a8cb96: dummy_return_one(x)
[12:09:56.183] [INFO] [run] subject=20, session=2, speed=9, trial=3, x__rid_x=2b7cbd51e33a686a: dummy_return_one(x)
[12:09:56.184] [INFO] [run] subject=20, session=2, speed=9, trial=4, x__rid_x=6dbb48614ee07077: dummy_return_one(x)
[12:09:56.191] [INFO] [run] subject=20, session=2, speed=9, trial=5, x__rid_x=2b069ef390663eb8: dummy_return_one(x)
[12:09:56.192] [INFO] [run] subject=20, session=2, speed=9, trial=6, x__rid_x=fd3203f60b234101: dummy_return_one(x)
[12:09:56.193] [INFO] [run] subject=20, session=2, speed=9, trial=7, x__rid_x=2d761708f53250c5: dummy_return_one(x)
[12:09:56.201] [INFO] [run] subject=20, session=3, speed=1, trial=1, x__rid_x=8ef20c5c7582d5ef: dummy_return_one(x)
[12:09:56.202] [INFO] [run] subject=20, session=3, speed=1, trial=2, x__rid_x=2967c919a7a83eb0: dummy_return_one(x)
[12:09:56.209] [INFO] [run] subject=20, session=3, speed=1, trial=3, x__rid_x=d6d376573172eebb: dummy_return_one(x)
[12:09:56.210] [INFO] [run] subject=20, session=3, speed=1, trial=4, x__rid_x=ad9e59c8ad9b9490: dummy_return_one(x)
[12:09:56.211] [INFO] [run] subject=20, session=3, speed=1, trial=5, x__rid_x=902838ef53ff9a06: dummy_return_one(x)
[12:09:56.218] [INFO] [run] subject=20, session=3, speed=1, trial=6, x__rid_x=2593e51f6d747c3a: dummy_return_one(x)
[12:09:56.227] [INFO] [run] subject=20, session=3, speed=1, trial=7, x__rid_x=9569257c1fc8b898: dummy_return_one(x)
[12:09:56.228] [INFO] [run] subject=20, session=3, speed=10, trial=1, x__rid_x=3042c1c36fdffd12: dummy_return_one(x)
[12:09:56.236] [INFO] [run] subject=20, session=3, speed=10, trial=2, x__rid_x=f90cd1badd55db56: dummy_return_one(x)
[12:09:56.237] [INFO] [run] subject=20, session=3, speed=10, trial=3, x__rid_x=02e4ebda902fcc61: dummy_return_one(x)
[12:09:56.237] [INFO] [run] subject=20, session=3, speed=10, trial=4, x__rid_x=d7389586046bf7b6: dummy_return_one(x)
[12:09:56.245] [INFO] [run] subject=20, session=3, speed=10, trial=5, x__rid_x=1214e1af4c9c255b: dummy_return_one(x)
[12:09:56.245] [INFO] [run] subject=20, session=3, speed=10, trial=6, x__rid_x=b9d35bb407fbdb04: dummy_return_one(x)
[12:09:56.246] [INFO] [run] subject=20, session=3, speed=10, trial=7, x__rid_x=f805c04298a1c4ed: dummy_return_one(x)
[12:09:56.254] [INFO] [run] subject=20, session=3, speed=2, trial=1, x__rid_x=bdba64c33f57c71f: dummy_return_one(x)
[12:09:56.254] [INFO] [run] subject=20, session=3, speed=2, trial=2, x__rid_x=bba6e1ccc3417b4c: dummy_return_one(x)
[12:09:56.255] [INFO] [run] subject=20, session=3, speed=2, trial=3, x__rid_x=9ece9fd9772e3e91: dummy_return_one(x)
[12:09:56.262] [INFO] [run] subject=20, session=3, speed=2, trial=4, x__rid_x=28996c8818672442: dummy_return_one(x)
[12:09:56.264] [INFO] [run] subject=20, session=3, speed=2, trial=5, x__rid_x=25a9c939746ed302: dummy_return_one(x)
[12:09:56.272] [INFO] [run] subject=20, session=3, speed=2, trial=6, x__rid_x=36c588b2022a9057: dummy_return_one(x)
[12:09:56.273] [INFO] [run] subject=20, session=3, speed=2, trial=7, x__rid_x=c92bca22a5cc3fde: dummy_return_one(x)
[12:09:56.280] [INFO] [run] subject=20, session=3, speed=3, trial=1, x__rid_x=9f1f1ba039246689: dummy_return_one(x)
[12:09:56.282] [INFO] [run] subject=20, session=3, speed=3, trial=2, x__rid_x=43f2fe4de0a62959: dummy_return_one(x)
[12:09:56.289] [INFO] [run] subject=20, session=3, speed=3, trial=3, x__rid_x=4ad404d963b7f62d: dummy_return_one(x)
[12:09:56.290] [INFO] [run] subject=20, session=3, speed=3, trial=4, x__rid_x=0071560513cfa6f0: dummy_return_one(x)
[12:09:56.291] [INFO] [run] subject=20, session=3, speed=3, trial=5, x__rid_x=3664c9d0183fae5c: dummy_return_one(x)
[12:09:56.298] [INFO] [run] subject=20, session=3, speed=3, trial=6, x__rid_x=1389fd09400ebcd9: dummy_return_one(x)
[12:09:56.299] [INFO] [run] subject=20, session=3, speed=3, trial=7, x__rid_x=3df954d5e0ac6513: dummy_return_one(x)
[12:09:56.307] [INFO] [run] subject=20, session=3, speed=4, trial=1, x__rid_x=70c75f7d7c9fccb0: dummy_return_one(x)
[12:09:56.308] [INFO] [run] subject=20, session=3, speed=4, trial=2, x__rid_x=c3478ed141f5d260: dummy_return_one(x)
[12:09:56.308] [INFO] [run] subject=20, session=3, speed=4, trial=3, x__rid_x=26c3c90ab9c83e7d: dummy_return_one(x)
[12:09:56.316] [INFO] [run] subject=20, session=3, speed=4, trial=4, x__rid_x=217151ba87a53ce9: dummy_return_one(x)
[12:09:56.317] [INFO] [run] subject=20, session=3, speed=4, trial=5, x__rid_x=22488c944ec3cdba: dummy_return_one(x)
[12:09:56.325] [INFO] [run] subject=20, session=3, speed=4, trial=6, x__rid_x=18ca01e9ff5a8fd9: dummy_return_one(x)
[12:09:56.326] [INFO] [run] subject=20, session=3, speed=4, trial=7, x__rid_x=0ac0750ba4a344ce: dummy_return_one(x)
[12:09:56.326] [INFO] [run] subject=20, session=3, speed=5, trial=1, x__rid_x=cf347fe891aefce5: dummy_return_one(x)
[12:09:56.334] [INFO] [run] subject=20, session=3, speed=5, trial=2, x__rid_x=6cbd901678aeef76: dummy_return_one(x)
[12:09:56.335] [INFO] [run] subject=20, session=3, speed=5, trial=3, x__rid_x=4cb2bc6ea04a4f7a: dummy_return_one(x)
[12:09:56.342] [INFO] [run] subject=20, session=3, speed=5, trial=4, x__rid_x=4fe739a05947069b: dummy_return_one(x)
[12:09:56.343] [INFO] [run] subject=20, session=3, speed=5, trial=5, x__rid_x=cf57a7510de2ffe0: dummy_return_one(x)
[12:09:56.344] [INFO] [run] subject=20, session=3, speed=5, trial=6, x__rid_x=6583d4b4aafa6200: dummy_return_one(x)
[12:09:56.352] [INFO] [run] subject=20, session=3, speed=5, trial=7, x__rid_x=daeaaafbbce9f19b: dummy_return_one(x)
[12:09:56.353] [INFO] [run] subject=20, session=3, speed=6, trial=1, x__rid_x=bc9c84c80eb9fb12: dummy_return_one(x)
[12:09:56.360] [INFO] [run] subject=20, session=3, speed=6, trial=2, x__rid_x=7e2fb46796b8573c: dummy_return_one(x)
[12:09:56.361] [INFO] [run] subject=20, session=3, speed=6, trial=3, x__rid_x=e42c46c1c71285c4: dummy_return_one(x)
[12:09:56.362] [INFO] [run] subject=20, session=3, speed=6, trial=4, x__rid_x=6468cc866c01f3ad: dummy_return_one(x)
[12:09:56.369] [INFO] [run] subject=20, session=3, speed=6, trial=5, x__rid_x=59736821b1c6a7b3: dummy_return_one(x)
[12:09:56.370] [INFO] [run] subject=20, session=3, speed=6, trial=6, x__rid_x=514c403ea5776245: dummy_return_one(x)
[12:09:56.378] [INFO] [run] subject=20, session=3, speed=6, trial=7, x__rid_x=2733b86a46d8e3fc: dummy_return_one(x)
[12:09:56.379] [INFO] [run] subject=20, session=3, speed=7, trial=1, x__rid_x=1ef1041bdd9cdc4e: dummy_return_one(x)
[12:09:56.379] [INFO] [run] subject=20, session=3, speed=7, trial=2, x__rid_x=a22e940ebaef17b6: dummy_return_one(x)
[12:09:56.387] [INFO] [run] subject=20, session=3, speed=7, trial=3, x__rid_x=34845dde22a6fcee: dummy_return_one(x)
[12:09:56.388] [INFO] [run] subject=20, session=3, speed=7, trial=4, x__rid_x=2c3733ed9d1fc078: dummy_return_one(x)
[12:09:56.389] [INFO] [run] subject=20, session=3, speed=7, trial=5, x__rid_x=5cdd36fb422eb600: dummy_return_one(x)
[12:09:56.396] [INFO] [run] subject=20, session=3, speed=7, trial=6, x__rid_x=7a5b146ef3998620: dummy_return_one(x)
[12:09:56.397] [INFO] [run] subject=20, session=3, speed=7, trial=7, x__rid_x=6e3eaa5aea0c7982: dummy_return_one(x)
[12:09:56.405] [INFO] [run] subject=20, session=3, speed=8, trial=1, x__rid_x=18e7eb7f17d52131: dummy_return_one(x)
[12:09:56.406] [INFO] [run] subject=20, session=3, speed=8, trial=2, x__rid_x=6904f60bd91efafd: dummy_return_one(x)
[12:09:56.407] [INFO] [run] subject=20, session=3, speed=8, trial=3, x__rid_x=fcb7bfb735aea676: dummy_return_one(x)
[12:09:56.414] [INFO] [run] subject=20, session=3, speed=8, trial=4, x__rid_x=09cad89454fed455: dummy_return_one(x)
[12:09:56.416] [INFO] [run] subject=20, session=3, speed=8, trial=5, x__rid_x=f01b8d5fc8ea00a4: dummy_return_one(x)
[12:09:56.423] [INFO] [run] subject=20, session=3, speed=8, trial=6, x__rid_x=428a8fb21632204f: dummy_return_one(x)
[12:09:56.424] [INFO] [run] subject=20, session=3, speed=8, trial=7, x__rid_x=4bf1deb246b88a13: dummy_return_one(x)
[12:09:56.424] [INFO] [run] subject=20, session=3, speed=9, trial=1, x__rid_x=04f275c329a3427c: dummy_return_one(x)
[12:09:56.432] [INFO] [run] subject=20, session=3, speed=9, trial=2, x__rid_x=493065a19800d98d: dummy_return_one(x)
[12:09:56.434] [INFO] [run] subject=20, session=3, speed=9, trial=3, x__rid_x=1e4c05256b97b82e: dummy_return_one(x)
[12:09:56.441] [INFO] [run] subject=20, session=3, speed=9, trial=4, x__rid_x=567a7c05c2676b38: dummy_return_one(x)
[12:09:56.442] [INFO] [run] subject=20, session=3, speed=9, trial=5, x__rid_x=24a8af9ebab69c30: dummy_return_one(x)
[12:09:56.442] [INFO] [run] subject=20, session=3, speed=9, trial=6, x__rid_x=fff40df59cf17eaf: dummy_return_one(x)
[12:09:56.450] [INFO] [run] subject=20, session=3, speed=9, trial=7, x__rid_x=816b8a3208190602: dummy_return_one(x)
[12:09:56.451] [INFO] [run] subject=20, session=4, speed=1, trial=1, x__rid_x=99acbe1b5c3cf753: dummy_return_one(x)
[12:09:56.459] [INFO] [run] subject=20, session=4, speed=1, trial=2, x__rid_x=a756c385bfe3b23c: dummy_return_one(x)
[12:09:56.459] [INFO] [run] subject=20, session=4, speed=1, trial=3, x__rid_x=b860638dd08d6e08: dummy_return_one(x)
[12:09:56.460] [INFO] [run] subject=20, session=4, speed=1, trial=4, x__rid_x=83f22df33f515892: dummy_return_one(x)
[12:09:56.468] [INFO] [run] subject=20, session=4, speed=1, trial=5, x__rid_x=f0bae53ca643a9d2: dummy_return_one(x)
[12:09:56.469] [INFO] [run] subject=20, session=4, speed=1, trial=6, x__rid_x=66578dc31961116d: dummy_return_one(x)
[12:09:56.476] [INFO] [run] subject=20, session=4, speed=1, trial=7, x__rid_x=d5280b22d5d10a38: dummy_return_one(x)
[12:09:56.477] [INFO] [run] subject=20, session=4, speed=10, trial=1, x__rid_x=fd1ee244500a6fc1: dummy_return_one(x)
[12:09:56.478] [INFO] [run] subject=20, session=4, speed=10, trial=2, x__rid_x=3e55b37d76feb502: dummy_return_one(x)
[12:09:56.486] [INFO] [run] subject=20, session=4, speed=10, trial=3, x__rid_x=b10c49825de4460e: dummy_return_one(x)
[12:09:56.487] [INFO] [run] subject=20, session=4, speed=10, trial=4, x__rid_x=715a67b7642b63d1: dummy_return_one(x)
[12:09:56.494] [INFO] [run] subject=20, session=4, speed=10, trial=5, x__rid_x=095da9cb0e937dd0: dummy_return_one(x)
[12:09:56.495] [INFO] [run] subject=20, session=4, speed=10, trial=6, x__rid_x=65ce4ad09ad75b2a: dummy_return_one(x)
[12:09:56.496] [INFO] [run] subject=20, session=4, speed=10, trial=7, x__rid_x=4076bfb5f3766933: dummy_return_one(x)
[12:09:56.504] [INFO] [run] subject=20, session=4, speed=2, trial=1, x__rid_x=fdda45d91ac35430: dummy_return_one(x)
[12:09:56.504] [INFO] [run] subject=20, session=4, speed=2, trial=2, x__rid_x=1410dce70ee6a939: dummy_return_one(x)
[12:09:56.505] [INFO] [run] subject=20, session=4, speed=2, trial=3, x__rid_x=a711622681a87f5d: dummy_return_one(x)
[12:09:56.512] [INFO] [run] subject=20, session=4, speed=2, trial=4, x__rid_x=887dd1ff03b8d245: dummy_return_one(x)
[12:09:56.514] [INFO] [run] subject=20, session=4, speed=2, trial=5, x__rid_x=87501b7524d9c970: dummy_return_one(x)
[12:09:56.521] [INFO] [run] subject=20, session=4, speed=2, trial=6, x__rid_x=b2cca48c59012a09: dummy_return_one(x)
[12:09:56.522] [INFO] [run] subject=20, session=4, speed=2, trial=7, x__rid_x=88738752aa3b3c83: dummy_return_one(x)
[12:09:56.523] [INFO] [run] subject=20, session=4, speed=3, trial=1, x__rid_x=fd7f0f01504edbf5: dummy_return_one(x)
[12:09:56.530] [INFO] [run] subject=20, session=4, speed=3, trial=2, x__rid_x=2bc34547c5f985e4: dummy_return_one(x)
[12:09:56.532] [INFO] [run] subject=20, session=4, speed=3, trial=3, x__rid_x=9a06d6139b9e73dd: dummy_return_one(x)
[12:09:56.539] [INFO] [run] subject=20, session=4, speed=3, trial=4, x__rid_x=e72972817eacf638: dummy_return_one(x)
[12:09:56.540] [INFO] [run] subject=20, session=4, speed=3, trial=5, x__rid_x=897bf290db7597b3: dummy_return_one(x)
[12:09:56.541] [INFO] [run] subject=20, session=4, speed=3, trial=6, x__rid_x=0a35f2263ab21ea4: dummy_return_one(x)
[12:09:56.548] [INFO] [run] subject=20, session=4, speed=3, trial=7, x__rid_x=9fa78d40957a5c98: dummy_return_one(x)
[12:09:56.550] [INFO] [run] subject=20, session=4, speed=4, trial=1, x__rid_x=f2449ca4985f2745: dummy_return_one(x)
[12:09:56.557] [INFO] [run] subject=20, session=4, speed=4, trial=2, x__rid_x=627e226c55fb38ae: dummy_return_one(x)
[12:09:56.558] [INFO] [run] subject=20, session=4, speed=4, trial=3, x__rid_x=cd793b7ab2b42c5e: dummy_return_one(x)
[12:09:56.559] [INFO] [run] subject=20, session=4, speed=4, trial=4, x__rid_x=67aa9fa3ddb8a2fb: dummy_return_one(x)
[12:09:56.566] [INFO] [run] subject=20, session=4, speed=4, trial=5, x__rid_x=5cad3a45e88d9ad7: dummy_return_one(x)
[12:09:56.568] [INFO] [run] subject=20, session=4, speed=4, trial=6, x__rid_x=9ad925238de724a3: dummy_return_one(x)
[12:09:56.575] [INFO] [run] subject=20, session=4, speed=4, trial=7, x__rid_x=066ee21ea1c658af: dummy_return_one(x)
[12:09:56.576] [INFO] [run] subject=20, session=4, speed=5, trial=1, x__rid_x=cef955f606c00781: dummy_return_one(x)
[12:09:56.577] [INFO] [run] subject=20, session=4, speed=5, trial=2, x__rid_x=603c07003e740901: dummy_return_one(x)
[12:09:56.584] [INFO] [run] subject=20, session=4, speed=5, trial=3, x__rid_x=f7572fea9f12d49e: dummy_return_one(x)
[12:09:56.586] [INFO] [run] subject=20, session=4, speed=5, trial=4, x__rid_x=8db517530150dd33: dummy_return_one(x)
[12:09:56.593] [INFO] [run] subject=20, session=4, speed=5, trial=5, x__rid_x=6a34f32d07ec6d77: dummy_return_one(x)
[12:09:56.594] [INFO] [run] subject=20, session=4, speed=5, trial=6, x__rid_x=7241201ef14e05a7: dummy_return_one(x)
[12:09:56.595] [INFO] [run] subject=20, session=4, speed=5, trial=7, x__rid_x=8a88dece82ed55bc: dummy_return_one(x)
[12:09:56.602] [INFO] [run] subject=20, session=4, speed=6, trial=1, x__rid_x=ff13851e4f0fa7f7: dummy_return_one(x)
[12:09:56.604] [INFO] [run] subject=20, session=4, speed=6, trial=2, x__rid_x=2207ad1f681d977d: dummy_return_one(x)
[12:09:56.611] [INFO] [run] subject=20, session=4, speed=6, trial=3, x__rid_x=a49ebf19e6fb98b3: dummy_return_one(x)
[12:09:56.612] [INFO] [run] subject=20, session=4, speed=6, trial=4, x__rid_x=1b72d05dc442cbf3: dummy_return_one(x)
[12:09:56.613] [INFO] [run] subject=20, session=4, speed=6, trial=5, x__rid_x=febab51a0bafc11c: dummy_return_one(x)
[12:09:56.620] [INFO] [run] subject=20, session=4, speed=6, trial=6, x__rid_x=a78082595ef93478: dummy_return_one(x)
[12:09:56.621] [INFO] [run] subject=20, session=4, speed=6, trial=7, x__rid_x=b79ef3cfee7fd88d: dummy_return_one(x)
[12:09:56.622] [INFO] [run] subject=20, session=4, speed=7, trial=1, x__rid_x=b37659ac8fcb9b20: dummy_return_one(x)
[12:09:56.629] [INFO] [run] subject=20, session=4, speed=7, trial=2, x__rid_x=c79e8f118532909d: dummy_return_one(x)
[12:09:56.630] [INFO] [run] subject=20, session=4, speed=7, trial=3, x__rid_x=4cc4d277d3507626: dummy_return_one(x)
[12:09:56.631] [INFO] [run] subject=20, session=4, speed=7, trial=4, x__rid_x=226330392e53dc38: dummy_return_one(x)
[12:09:56.638] [INFO] [run] subject=20, session=4, speed=7, trial=5, x__rid_x=710f6e2df044c28e: dummy_return_one(x)
[12:09:56.639] [INFO] [run] subject=20, session=4, speed=7, trial=6, x__rid_x=1c22191b58f4eb91: dummy_return_one(x)
[12:09:56.640] [INFO] [run] subject=20, session=4, speed=7, trial=7, x__rid_x=3869b3277eb33cee: dummy_return_one(x)
[12:09:56.647] [INFO] [run] subject=20, session=4, speed=8, trial=1, x__rid_x=274f72e442b7f168: dummy_return_one(x)
[12:09:56.648] [INFO] [run] subject=20, session=4, speed=8, trial=2, x__rid_x=e10a3f64725c20ec: dummy_return_one(x)
[12:09:56.656] [INFO] [run] subject=20, session=4, speed=8, trial=3, x__rid_x=33e650c31f2b5a4c: dummy_return_one(x)
[12:09:56.657] [INFO] [run] subject=20, session=4, speed=8, trial=4, x__rid_x=5ac9caa0ffe10541: dummy_return_one(x)
[12:09:56.658] [INFO] [run] subject=20, session=4, speed=8, trial=5, x__rid_x=a1558bc2d7f1e4f3: dummy_return_one(x)
[12:09:56.665] [INFO] [run] subject=20, session=4, speed=8, trial=6, x__rid_x=1b711854e4eb4baa: dummy_return_one(x)
[12:09:56.667] [INFO] [run] subject=20, session=4, speed=8, trial=7, x__rid_x=0b4c082de9a880a0: dummy_return_one(x)
[12:09:56.674] [INFO] [run] subject=20, session=4, speed=9, trial=1, x__rid_x=92340a32c1a9cfb7: dummy_return_one(x)
[12:09:56.675] [INFO] [run] subject=20, session=4, speed=9, trial=2, x__rid_x=9de7aa6217e2f666: dummy_return_one(x)
[12:09:56.676] [INFO] [run] subject=20, session=4, speed=9, trial=3, x__rid_x=aba552d17b482669: dummy_return_one(x)
[12:09:56.683] [INFO] [run] subject=20, session=4, speed=9, trial=4, x__rid_x=4a3b88774d29685a: dummy_return_one(x)
[12:09:56.684] [INFO] [run] subject=20, session=4, speed=9, trial=5, x__rid_x=7ce3c87879751e4e: dummy_return_one(x)
[12:09:56.692] [INFO] [run] subject=20, session=4, speed=9, trial=6, x__rid_x=eedcdca63b5771bb: dummy_return_one(x)
[12:09:56.693] [INFO] [run] subject=20, session=4, speed=9, trial=7, x__rid_x=3b0daa12c76fa6d4: dummy_return_one(x)
[12:09:56.694] [INFO] [run] subject=20, session=5, speed=1, trial=1, x__rid_x=7249720b7fa8b285: dummy_return_one(x)
[12:09:56.701] [INFO] [run] subject=20, session=5, speed=1, trial=2, x__rid_x=c952b7122c6b257c: dummy_return_one(x)
[12:09:56.703] [INFO] [run] subject=20, session=5, speed=1, trial=3, x__rid_x=a72e71bcbb83c140: dummy_return_one(x)
[12:09:56.710] [INFO] [run] subject=20, session=5, speed=1, trial=4, x__rid_x=0b77b6c143495b1d: dummy_return_one(x)
[12:09:56.711] [INFO] [run] subject=20, session=5, speed=1, trial=5, x__rid_x=948bcc56ff3099f7: dummy_return_one(x)
[12:09:56.712] [INFO] [run] subject=20, session=5, speed=1, trial=6, x__rid_x=31d3561a159d252b: dummy_return_one(x)
[12:09:56.719] [INFO] [run] subject=20, session=5, speed=1, trial=7, x__rid_x=a87123ecb6ca399d: dummy_return_one(x)
[12:09:56.720] [INFO] [run] subject=20, session=5, speed=10, trial=1, x__rid_x=5b537de8b2120e15: dummy_return_one(x)
[12:09:56.721] [INFO] [run] subject=20, session=5, speed=10, trial=2, x__rid_x=392b794611f2ad83: dummy_return_one(x)
[12:09:56.728] [INFO] [run] subject=20, session=5, speed=10, trial=3, x__rid_x=c700c93a7e3f216e: dummy_return_one(x)
[12:09:56.729] [INFO] [run] subject=20, session=5, speed=10, trial=4, x__rid_x=cd7ffc49b4607e1d: dummy_return_one(x)
[12:09:56.730] [INFO] [run] subject=20, session=5, speed=10, trial=5, x__rid_x=efa1dc0736912c3d: dummy_return_one(x)
[12:09:56.737] [INFO] [run] subject=20, session=5, speed=10, trial=6, x__rid_x=82edb82d04149541: dummy_return_one(x)
[12:09:56.739] [INFO] [run] subject=20, session=5, speed=10, trial=7, x__rid_x=d1e2acb16829b9fd: dummy_return_one(x)
[12:09:56.746] [INFO] [run] subject=20, session=5, speed=2, trial=1, x__rid_x=c139c28e9e75df18: dummy_return_one(x)
[12:09:56.747] [INFO] [run] subject=20, session=5, speed=2, trial=2, x__rid_x=2240d94666af66d8: dummy_return_one(x)
[12:09:56.755] [INFO] [run] subject=20, session=5, speed=2, trial=3, x__rid_x=ce8cc9459a106173: dummy_return_one(x)
[12:09:56.756] [INFO] [run] subject=20, session=5, speed=2, trial=4, x__rid_x=3992186efb75641b: dummy_return_one(x)
[12:09:56.757] [INFO] [run] subject=20, session=5, speed=2, trial=5, x__rid_x=e4c6fa810cd3c60c: dummy_return_one(x)
[12:09:56.764] [INFO] [run] subject=20, session=5, speed=2, trial=6, x__rid_x=98c98e013b932aaa: dummy_return_one(x)
[12:09:56.766] [INFO] [run] subject=20, session=5, speed=2, trial=7, x__rid_x=44d2bd46aa8338bb: dummy_return_one(x)
[12:09:56.773] [INFO] [run] subject=20, session=5, speed=3, trial=1, x__rid_x=e14dabcf840ed1fd: dummy_return_one(x)
[12:09:56.774] [INFO] [run] subject=20, session=5, speed=3, trial=2, x__rid_x=c843578a38daf7d6: dummy_return_one(x)
[12:09:56.775] [INFO] [run] subject=20, session=5, speed=3, trial=3, x__rid_x=8ecad84b73bfbf8d: dummy_return_one(x)
[12:09:56.783] [INFO] [run] subject=20, session=5, speed=3, trial=4, x__rid_x=83ba97db832a5c96: dummy_return_one(x)
[12:09:56.784] [INFO] [run] subject=20, session=5, speed=3, trial=5, x__rid_x=11930c5ce297c41c: dummy_return_one(x)
[12:09:56.784] [INFO] [run] subject=20, session=5, speed=3, trial=6, x__rid_x=2af52c175afaa5e3: dummy_return_one(x)
[12:09:56.792] [INFO] [run] subject=20, session=5, speed=3, trial=7, x__rid_x=962b8b3ffba47cef: dummy_return_one(x)
[12:09:56.792] [INFO] [run] subject=20, session=5, speed=4, trial=1, x__rid_x=67364d173c900031: dummy_return_one(x)
[12:09:56.793] [INFO] [run] subject=20, session=5, speed=4, trial=2, x__rid_x=8854c7dcc6f6f81c: dummy_return_one(x)
[12:09:56.801] [INFO] [run] subject=20, session=5, speed=4, trial=3, x__rid_x=ce70c43b81c19096: dummy_return_one(x)
[12:09:56.802] [INFO] [run] subject=20, session=5, speed=4, trial=4, x__rid_x=76db7980831401ef: dummy_return_one(x)
[12:09:56.810] [INFO] [run] subject=20, session=5, speed=4, trial=5, x__rid_x=a9b35055fa925aa9: dummy_return_one(x)
[12:09:56.811] [INFO] [run] subject=20, session=5, speed=4, trial=6, x__rid_x=29a5792d7819fa05: dummy_return_one(x)
[12:09:56.811] [INFO] [run] subject=20, session=5, speed=4, trial=7, x__rid_x=59b3375ef93ece59: dummy_return_one(x)
[12:09:56.819] [INFO] [run] subject=20, session=5, speed=5, trial=1, x__rid_x=07f97fd3db12f34b: dummy_return_one(x)
[12:09:56.820] [INFO] [run] subject=20, session=5, speed=5, trial=2, x__rid_x=84fa3cb83590bfe7: dummy_return_one(x)
[12:09:56.828] [INFO] [run] subject=20, session=5, speed=5, trial=3, x__rid_x=ce90fcd7ac8130f4: dummy_return_one(x)
[12:09:56.829] [INFO] [run] subject=20, session=5, speed=5, trial=4, x__rid_x=ffe29f14a558779c: dummy_return_one(x)
[12:09:56.837] [INFO] [run] subject=20, session=5, speed=5, trial=5, x__rid_x=4f3dc0bec176d86c: dummy_return_one(x)
[12:09:56.838] [INFO] [run] subject=20, session=5, speed=5, trial=6, x__rid_x=1c7ce1ec60f4aef9: dummy_return_one(x)
[12:09:56.846] [INFO] [run] subject=20, session=5, speed=5, trial=7, x__rid_x=1cda5ed3df767d20: dummy_return_one(x)
[12:09:56.847] [INFO] [run] subject=20, session=5, speed=6, trial=1, x__rid_x=c76faa0323e906fb: dummy_return_one(x)
[12:09:56.848] [INFO] [run] subject=20, session=5, speed=6, trial=2, x__rid_x=92b87ef9f8c3ae57: dummy_return_one(x)
[12:09:56.855] [INFO] [run] subject=20, session=5, speed=6, trial=3, x__rid_x=d662d746f93324dd: dummy_return_one(x)
[12:09:56.856] [INFO] [run] subject=20, session=5, speed=6, trial=4, x__rid_x=1daed190a749527a: dummy_return_one(x)
[12:09:56.857] [INFO] [run] subject=20, session=5, speed=6, trial=5, x__rid_x=0b940b18bb6106f1: dummy_return_one(x)
[12:09:56.864] [INFO] [run] subject=20, session=5, speed=6, trial=6, x__rid_x=b2fca81dd4b7ccc9: dummy_return_one(x)
[12:09:56.865] [INFO] [run] subject=20, session=5, speed=6, trial=7, x__rid_x=f2713bdd8dd0d05f: dummy_return_one(x)
[12:09:56.873] [INFO] [run] subject=20, session=5, speed=7, trial=1, x__rid_x=d459d10b5279e66d: dummy_return_one(x)
[12:09:56.874] [INFO] [run] subject=20, session=5, speed=7, trial=2, x__rid_x=4f6b4bb189cf0608: dummy_return_one(x)
[12:09:56.875] [INFO] [run] subject=20, session=5, speed=7, trial=3, x__rid_x=0ece03fe9d4daa9a: dummy_return_one(x)
[12:09:56.882] [INFO] [run] subject=20, session=5, speed=7, trial=4, x__rid_x=a70c9bb9766558d6: dummy_return_one(x)
[12:09:56.884] [INFO] [run] subject=20, session=5, speed=7, trial=5, x__rid_x=16fa186fa45bd56a: dummy_return_one(x)
[12:09:56.891] [INFO] [run] subject=20, session=5, speed=7, trial=6, x__rid_x=a06cd2d216b8ca57: dummy_return_one(x)
[12:09:56.892] [INFO] [run] subject=20, session=5, speed=7, trial=7, x__rid_x=a985d1976601f0d2: dummy_return_one(x)
[12:09:56.893] [INFO] [run] subject=20, session=5, speed=8, trial=1, x__rid_x=3a0e86010cba9cf6: dummy_return_one(x)
[12:09:56.901] [INFO] [run] subject=20, session=5, speed=8, trial=2, x__rid_x=f3cdd92c64cb76a0: dummy_return_one(x)
[12:09:56.902] [INFO] [run] subject=20, session=5, speed=8, trial=3, x__rid_x=bf3520a1cae6852e: dummy_return_one(x)
[12:09:56.910] [INFO] [run] subject=20, session=5, speed=8, trial=4, x__rid_x=aa9ba4510ab6d8d3: dummy_return_one(x)
[12:09:56.910] [INFO] [run] subject=20, session=5, speed=8, trial=5, x__rid_x=0d3910af297963d6: dummy_return_one(x)
[12:09:56.911] [INFO] [run] subject=20, session=5, speed=8, trial=6, x__rid_x=3d121edfc48b7da4: dummy_return_one(x)
[12:09:56.919] [INFO] [run] subject=20, session=5, speed=8, trial=7, x__rid_x=8f44c1b1cf1a5908: dummy_return_one(x)
[12:09:56.920] [INFO] [run] subject=20, session=5, speed=9, trial=1, x__rid_x=4ed74d3a9fa1c35c: dummy_return_one(x)
[12:09:56.928] [INFO] [run] subject=20, session=5, speed=9, trial=2, x__rid_x=b15e6355a3fd0bcc: dummy_return_one(x)
[12:09:56.929] [INFO] [run] subject=20, session=5, speed=9, trial=3, x__rid_x=ae428d20a29c96a0: dummy_return_one(x)
[12:09:56.929] [INFO] [run] subject=20, session=5, speed=9, trial=4, x__rid_x=53f55c813bedc22c: dummy_return_one(x)
[12:09:56.937] [INFO] [run] subject=20, session=5, speed=9, trial=5, x__rid_x=fca37cdc4363f247: dummy_return_one(x)
[12:09:56.938] [INFO] [run] subject=20, session=5, speed=9, trial=6, x__rid_x=9f39ea2621028ae8: dummy_return_one(x)
[12:09:56.939] [INFO] [run] subject=20, session=5, speed=9, trial=7, x__rid_x=8f4caca09a0a296f: dummy_return_one(x)
[12:09:56.946] [INFO] [run] subject=3, session=1, speed=1, trial=1, x__rid_x=145c71517bb4693c: dummy_return_one(x)
[12:09:56.947] [INFO] [run] subject=3, session=1, speed=1, trial=2, x__rid_x=eb035f2bbebadbd4: dummy_return_one(x)
[12:09:56.948] [INFO] [run] subject=3, session=1, speed=1, trial=3, x__rid_x=81da51983a518f86: dummy_return_one(x)
[12:09:56.955] [INFO] [run] subject=3, session=1, speed=1, trial=4, x__rid_x=786498fe5ab0fd2e: dummy_return_one(x)
[12:09:56.956] [INFO] [run] subject=3, session=1, speed=1, trial=5, x__rid_x=cbd32a5e35b0230b: dummy_return_one(x)
[12:09:56.957] [INFO] [run] subject=3, session=1, speed=1, trial=6, x__rid_x=319f4ea8cb4f6c11: dummy_return_one(x)
[12:09:56.965] [INFO] [run] subject=3, session=1, speed=1, trial=7, x__rid_x=55c5750b76bb686c: dummy_return_one(x)
[12:09:56.966] [INFO] [run] subject=3, session=1, speed=10, trial=1, x__rid_x=1e83e8e486211725: dummy_return_one(x)
[12:09:56.974] [INFO] [run] subject=3, session=1, speed=10, trial=2, x__rid_x=3431435ae8dd2526: dummy_return_one(x)
[12:09:56.974] [INFO] [run] subject=3, session=1, speed=10, trial=3, x__rid_x=d4ecb10134869897: dummy_return_one(x)
[12:09:56.975] [INFO] [run] subject=3, session=1, speed=10, trial=4, x__rid_x=a946ea8ece7de193: dummy_return_one(x)
[12:09:56.975] [INFO] [run] subject=3, session=1, speed=10, trial=5, x__rid_x=d3fc713b498ba84d: dummy_return_one(x)
[12:09:56.983] [INFO] [run] subject=3, session=1, speed=10, trial=6, x__rid_x=2aa8a77092333714: dummy_return_one(x)
[12:09:56.984] [INFO] [run] subject=3, session=1, speed=10, trial=7, x__rid_x=9bf9101f63e6d74a: dummy_return_one(x)
[12:09:56.992] [INFO] [run] subject=3, session=1, speed=2, trial=1, x__rid_x=0a72e8a33dc543b1: dummy_return_one(x)
[12:09:56.993] [INFO] [run] subject=3, session=1, speed=2, trial=2, x__rid_x=d1c5fc7d9675456d: dummy_return_one(x)
[12:09:56.993] [INFO] [run] subject=3, session=1, speed=2, trial=3, x__rid_x=8b067c6792431c95: dummy_return_one(x)
[12:09:56.994] [INFO] [run] subject=3, session=1, speed=2, trial=4, x__rid_x=cc7924fcc1cb079a: dummy_return_one(x)
[12:09:57.001] [INFO] [run] subject=3, session=1, speed=2, trial=5, x__rid_x=bf6e0e52e5034b7f: dummy_return_one(x)
[12:09:57.002] [INFO] [run] subject=3, session=1, speed=2, trial=6, x__rid_x=31631e00f5ac491a: dummy_return_one(x)
[12:09:57.003] [INFO] [run] subject=3, session=1, speed=2, trial=7, x__rid_x=000309fbf8b115c2: dummy_return_one(x)
[12:09:57.010] [INFO] [run] subject=3, session=1, speed=3, trial=1, x__rid_x=c42db38e5bf1e3e1: dummy_return_one(x)
[12:09:57.011] [INFO] [run] subject=3, session=1, speed=3, trial=2, x__rid_x=e5a1d460099f3c69: dummy_return_one(x)
[12:09:57.011] [INFO] [run] subject=3, session=1, speed=3, trial=3, x__rid_x=538642484a942554: dummy_return_one(x)
[12:09:57.012] [INFO] [run] subject=3, session=1, speed=3, trial=4, x__rid_x=79de26f4505f532b: dummy_return_one(x)
[12:09:57.020] [INFO] [run] subject=3, session=1, speed=3, trial=5, x__rid_x=b8caadd33432a649: dummy_return_one(x)
[12:09:57.021] [INFO] [run] subject=3, session=1, speed=3, trial=6, x__rid_x=a4dfce098a05f526: dummy_return_one(x)
[12:09:57.021] [INFO] [run] subject=3, session=1, speed=3, trial=7, x__rid_x=375ce26aaaa2ab3a: dummy_return_one(x)
[12:09:57.029] [INFO] [run] subject=3, session=1, speed=4, trial=1, x__rid_x=17b2deaec248e4f2: dummy_return_one(x)
[12:09:57.029] [INFO] [run] subject=3, session=1, speed=4, trial=2, x__rid_x=536b80a325508dd3: dummy_return_one(x)
[12:09:57.030] [INFO] [run] subject=3, session=1, speed=4, trial=3, x__rid_x=6a76fc7d5611d039: dummy_return_one(x)
[12:09:57.038] [INFO] [run] subject=3, session=1, speed=4, trial=4, x__rid_x=16f438612ebc0e8a: dummy_return_one(x)
[12:09:57.039] [INFO] [run] subject=3, session=1, speed=4, trial=5, x__rid_x=273986b83950c3d4: dummy_return_one(x)
[12:09:57.039] [INFO] [run] subject=3, session=1, speed=4, trial=6, x__rid_x=00207bbf9a39885e: dummy_return_one(x)
[12:09:57.047] [INFO] [run] subject=3, session=1, speed=4, trial=7, x__rid_x=2644820a9309894c: dummy_return_one(x)
[12:09:57.048] [INFO] [run] subject=3, session=1, speed=5, trial=1, x__rid_x=0b918895fa24eaea: dummy_return_one(x)
[12:09:57.049] [INFO] [run] subject=3, session=1, speed=5, trial=2, x__rid_x=9b131ac17389f7dc: dummy_return_one(x)
[12:09:57.056] [INFO] [run] subject=3, session=1, speed=5, trial=3, x__rid_x=4169d4f9025ae6cc: dummy_return_one(x)
[12:09:57.057] [INFO] [run] subject=3, session=1, speed=5, trial=4, x__rid_x=5e6c85f73b827abd: dummy_return_one(x)
[12:09:57.058] [INFO] [run] subject=3, session=1, speed=5, trial=5, x__rid_x=efe98fb2048996f9: dummy_return_one(x)
[12:09:57.066] [INFO] [run] subject=3, session=1, speed=5, trial=6, x__rid_x=579435ee9338a42e: dummy_return_one(x)
[12:09:57.067] [INFO] [run] subject=3, session=1, speed=5, trial=7, x__rid_x=073ffb58ff808b9e: dummy_return_one(x)
[12:09:57.075] [INFO] [run] subject=3, session=1, speed=6, trial=1, x__rid_x=f57abc25366b14e7: dummy_return_one(x)
[12:09:57.075] [INFO] [run] subject=3, session=1, speed=6, trial=2, x__rid_x=ecc6935c3e36d224: dummy_return_one(x)
[12:09:57.076] [INFO] [run] subject=3, session=1, speed=6, trial=3, x__rid_x=5b84ea33cd70e961: dummy_return_one(x)
[12:09:57.077] [INFO] [run] subject=3, session=1, speed=6, trial=4, x__rid_x=28998f937879c7ce: dummy_return_one(x)
[12:09:57.084] [INFO] [run] subject=3, session=1, speed=6, trial=5, x__rid_x=ef0402ed8f53b278: dummy_return_one(x)
[12:09:57.085] [INFO] [run] subject=3, session=1, speed=6, trial=6, x__rid_x=fd3b0e652e85b1db: dummy_return_one(x)
[12:09:57.086] [INFO] [run] subject=3, session=1, speed=6, trial=7, x__rid_x=fc2a1a5f9ac6e8ac: dummy_return_one(x)
[12:09:57.093] [INFO] [run] subject=3, session=1, speed=7, trial=1, x__rid_x=9cc2162ee75f7d21: dummy_return_one(x)
[12:09:57.094] [INFO] [run] subject=3, session=1, speed=7, trial=2, x__rid_x=043ea57e99f12713: dummy_return_one(x)
[12:09:57.095] [INFO] [run] subject=3, session=1, speed=7, trial=3, x__rid_x=04a6bf4efa6b903c: dummy_return_one(x)
[12:09:57.103] [INFO] [run] subject=3, session=1, speed=7, trial=4, x__rid_x=6fc1022bc4763e95: dummy_return_one(x)
[12:09:57.104] [INFO] [run] subject=3, session=1, speed=7, trial=5, x__rid_x=e85dedc1cfa9b0e8: dummy_return_one(x)
[12:09:57.104] [INFO] [run] subject=3, session=1, speed=7, trial=6, x__rid_x=5eb449465e7af4cd: dummy_return_one(x)
[12:09:57.112] [INFO] [run] subject=3, session=1, speed=7, trial=7, x__rid_x=c5a5b34c38c7bac2: dummy_return_one(x)
[12:09:57.112] [INFO] [run] subject=3, session=1, speed=8, trial=1, x__rid_x=cffa8979e7d1a7b5: dummy_return_one(x)
[12:09:57.113] [INFO] [run] subject=3, session=1, speed=8, trial=2, x__rid_x=47dc134d02e69a6b: dummy_return_one(x)
[12:09:57.114] [INFO] [run] subject=3, session=1, speed=8, trial=3, x__rid_x=7d0c714887f66579: dummy_return_one(x)
[12:09:57.122] [INFO] [run] subject=3, session=1, speed=8, trial=4, x__rid_x=f40e6426522684a6: dummy_return_one(x)
[12:09:57.123] [INFO] [run] subject=3, session=1, speed=8, trial=5, x__rid_x=dd6bb35b15efed81: dummy_return_one(x)
[12:09:57.124] [INFO] [run] subject=3, session=1, speed=8, trial=6, x__rid_x=05ec40c6bc78a2dd: dummy_return_one(x)
[12:09:57.131] [INFO] [run] subject=3, session=1, speed=8, trial=7, x__rid_x=55876b8d33f10bd3: dummy_return_one(x)
[12:09:57.132] [INFO] [run] subject=3, session=1, speed=9, trial=1, x__rid_x=d30281ddd3183daf: dummy_return_one(x)
[12:09:57.140] [INFO] [run] subject=3, session=1, speed=9, trial=2, x__rid_x=ad1e867d9c2de53e: dummy_return_one(x)
[12:09:57.141] [INFO] [run] subject=3, session=1, speed=9, trial=3, x__rid_x=29dfb80be1da74a4: dummy_return_one(x)
[12:09:57.141] [INFO] [run] subject=3, session=1, speed=9, trial=4, x__rid_x=47578c440f3d4433: dummy_return_one(x)
[12:09:57.150] [INFO] [run] subject=3, session=1, speed=9, trial=5, x__rid_x=c51f20f6fee14bef: dummy_return_one(x)
[12:09:57.151] [INFO] [run] subject=3, session=1, speed=9, trial=6, x__rid_x=1baaddf2b68c7b5c: dummy_return_one(x)
[12:09:57.159] [INFO] [run] subject=3, session=1, speed=9, trial=7, x__rid_x=ab27ba7df099fd03: dummy_return_one(x)
[12:09:57.159] [INFO] [run] subject=3, session=2, speed=1, trial=1, x__rid_x=6d444f45335f69ff: dummy_return_one(x)
[12:09:57.160] [INFO] [run] subject=3, session=2, speed=1, trial=2, x__rid_x=ba7a9e5f909e8a38: dummy_return_one(x)
[12:09:57.168] [INFO] [run] subject=3, session=2, speed=1, trial=3, x__rid_x=1dc3e25fa52614e5: dummy_return_one(x)
[12:09:57.169] [INFO] [run] subject=3, session=2, speed=1, trial=4, x__rid_x=4b1025b49c934081: dummy_return_one(x)
[12:09:57.177] [INFO] [run] subject=3, session=2, speed=1, trial=5, x__rid_x=1f16f3b4362ece56: dummy_return_one(x)
[12:09:57.178] [INFO] [run] subject=3, session=2, speed=1, trial=6, x__rid_x=7b0ae48dc1e03d60: dummy_return_one(x)
[12:09:57.178] [INFO] [run] subject=3, session=2, speed=1, trial=7, x__rid_x=c20e291dd737d4b2: dummy_return_one(x)
[12:09:57.179] [INFO] [run] subject=3, session=2, speed=10, trial=1, x__rid_x=d46af1e412e49d22: dummy_return_one(x)
[12:09:57.186] [INFO] [run] subject=3, session=2, speed=10, trial=2, x__rid_x=dcb80136f21ed0f4: dummy_return_one(x)
[12:09:57.187] [INFO] [run] subject=3, session=2, speed=10, trial=3, x__rid_x=0de350a333074b63: dummy_return_one(x)
[12:09:57.188] [INFO] [run] subject=3, session=2, speed=10, trial=4, x__rid_x=077ea28284c299b0: dummy_return_one(x)
[12:09:57.195] [INFO] [run] subject=3, session=2, speed=10, trial=5, x__rid_x=c3aeb45b0167f02c: dummy_return_one(x)
[12:09:57.196] [INFO] [run] subject=3, session=2, speed=10, trial=6, x__rid_x=b3b91e9951ca5394: dummy_return_one(x)
[12:09:57.197] [INFO] [run] subject=3, session=2, speed=10, trial=7, x__rid_x=510b4941bc011824: dummy_return_one(x)
[12:09:57.205] [INFO] [run] subject=3, session=2, speed=2, trial=1, x__rid_x=ac0b78c26db155a5: dummy_return_one(x)
[12:09:57.205] [INFO] [run] subject=3, session=2, speed=2, trial=2, x__rid_x=71ef3afb3b3e3cf8: dummy_return_one(x)
[12:09:57.206] [INFO] [run] subject=3, session=2, speed=2, trial=3, x__rid_x=3d7330d5c04d7f6a: dummy_return_one(x)
[12:09:57.214] [INFO] [run] subject=3, session=2, speed=2, trial=4, x__rid_x=c6ac247f09a5c651: dummy_return_one(x)
[12:09:57.215] [INFO] [run] subject=3, session=2, speed=2, trial=5, x__rid_x=966f9a5c62872603: dummy_return_one(x)
[12:09:57.216] [INFO] [run] subject=3, session=2, speed=2, trial=6, x__rid_x=4e5a3f83540db3b9: dummy_return_one(x)
[12:09:57.223] [INFO] [run] subject=3, session=2, speed=2, trial=7, x__rid_x=b159f1f7f39c613e: dummy_return_one(x)
[12:09:57.224] [INFO] [run] subject=3, session=2, speed=3, trial=1, x__rid_x=d4101c7c6dedcc73: dummy_return_one(x)
[12:09:57.224] [INFO] [run] subject=3, session=2, speed=3, trial=2, x__rid_x=910d5ce26613a083: dummy_return_one(x)
[12:09:57.225] [INFO] [run] subject=3, session=2, speed=3, trial=3, x__rid_x=d6246683c32852c1: dummy_return_one(x)
[12:09:57.233] [INFO] [run] subject=3, session=2, speed=3, trial=4, x__rid_x=e4f71fd485b59c4c: dummy_return_one(x)
[12:09:57.234] [INFO] [run] subject=3, session=2, speed=3, trial=5, x__rid_x=ddce70a6e86628bc: dummy_return_one(x)
[12:09:57.242] [INFO] [run] subject=3, session=2, speed=3, trial=6, x__rid_x=aaaaf43e65ab71b7: dummy_return_one(x)
[12:09:57.243] [INFO] [run] subject=3, session=2, speed=3, trial=7, x__rid_x=88efc53276f52aa9: dummy_return_one(x)
[12:09:57.243] [INFO] [run] subject=3, session=2, speed=4, trial=1, x__rid_x=4a8ba626d7e907c7: dummy_return_one(x)
[12:09:57.244] [INFO] [run] subject=3, session=2, speed=4, trial=2, x__rid_x=efdf61e19182bf85: dummy_return_one(x)
[12:09:57.252] [INFO] [run] subject=3, session=2, speed=4, trial=3, x__rid_x=579c998630cb1964: dummy_return_one(x)
[12:09:57.253] [INFO] [run] subject=3, session=2, speed=4, trial=4, x__rid_x=f6d2ad796edccee0: dummy_return_one(x)
[12:09:57.261] [INFO] [run] subject=3, session=2, speed=4, trial=5, x__rid_x=1e93748543d70261: dummy_return_one(x)
[12:09:57.261] [INFO] [run] subject=3, session=2, speed=4, trial=6, x__rid_x=1df0937e9cfdc244: dummy_return_one(x)
[12:09:57.262] [INFO] [run] subject=3, session=2, speed=4, trial=7, x__rid_x=8312590496ac7fa7: dummy_return_one(x)
[12:09:57.270] [INFO] [run] subject=3, session=2, speed=5, trial=1, x__rid_x=6e6bb7d896f3bb36: dummy_return_one(x)
[12:09:57.271] [INFO] [run] subject=3, session=2, speed=5, trial=2, x__rid_x=ed81d14ba0822d00: dummy_return_one(x)
[12:09:57.271] [INFO] [run] subject=3, session=2, speed=5, trial=3, x__rid_x=1162f9a628861673: dummy_return_one(x)
[12:09:57.272] [INFO] [run] subject=3, session=2, speed=5, trial=4, x__rid_x=832f263103f1139f: dummy_return_one(x)
[12:09:57.279] [INFO] [run] subject=3, session=2, speed=5, trial=5, x__rid_x=06b221a7e7bdaa76: dummy_return_one(x)
[12:09:57.280] [INFO] [run] subject=3, session=2, speed=5, trial=6, x__rid_x=1f5dbbe94ff4f560: dummy_return_one(x)
[12:09:57.281] [INFO] [run] subject=3, session=2, speed=5, trial=7, x__rid_x=f7e5665ee8746f79: dummy_return_one(x)
[12:09:57.288] [INFO] [run] subject=3, session=2, speed=6, trial=1, x__rid_x=01db72b4587c3a20: dummy_return_one(x)
[12:09:57.289] [INFO] [run] subject=3, session=2, speed=6, trial=2, x__rid_x=16bc656ff7220533: dummy_return_one(x)
[12:09:57.290] [INFO] [run] subject=3, session=2, speed=6, trial=3, x__rid_x=a001167ca13592b1: dummy_return_one(x)
[12:09:57.290] [INFO] [run] subject=3, session=2, speed=6, trial=4, x__rid_x=098641920fde4387: dummy_return_one(x)
[12:09:57.298] [INFO] [run] subject=3, session=2, speed=6, trial=5, x__rid_x=6db2cc7b4abd7e75: dummy_return_one(x)
[12:09:57.299] [INFO] [run] subject=3, session=2, speed=6, trial=6, x__rid_x=dd8d1ab89735cb16: dummy_return_one(x)
[12:09:57.307] [INFO] [run] subject=3, session=2, speed=6, trial=7, x__rid_x=5ba1c4f7b512a4f6: dummy_return_one(x)
[12:09:57.308] [INFO] [run] subject=3, session=2, speed=7, trial=1, x__rid_x=834509624775681f: dummy_return_one(x)
[12:09:57.309] [INFO] [run] subject=3, session=2, speed=7, trial=2, x__rid_x=cc7536fa40bb4e79: dummy_return_one(x)
[12:09:57.317] [INFO] [run] subject=3, session=2, speed=7, trial=3, x__rid_x=9c9cd3775c4c808f: dummy_return_one(x)
[12:09:57.318] [INFO] [run] subject=3, session=2, speed=7, trial=4, x__rid_x=d42d36200629cc60: dummy_return_one(x)
[12:09:57.326] [INFO] [run] subject=3, session=2, speed=7, trial=5, x__rid_x=c1c898542619bf9f: dummy_return_one(x)
[12:09:57.327] [INFO] [run] subject=3, session=2, speed=7, trial=6, x__rid_x=6be7daec92d954f0: dummy_return_one(x)
[12:09:57.327] [INFO] [run] subject=3, session=2, speed=7, trial=7, x__rid_x=ddf7da8c1dafdae5: dummy_return_one(x)
[12:09:57.335] [INFO] [run] subject=3, session=2, speed=8, trial=1, x__rid_x=daa46e81be5c8a57: dummy_return_one(x)
[12:09:57.336] [INFO] [run] subject=3, session=2, speed=8, trial=2, x__rid_x=1cde7bd4b9f0802d: dummy_return_one(x)
[12:09:57.337] [INFO] [run] subject=3, session=2, speed=8, trial=3, x__rid_x=4d45a850f353c4c2: dummy_return_one(x)
[12:09:57.345] [INFO] [run] subject=3, session=2, speed=8, trial=4, x__rid_x=28ed4788268a03b8: dummy_return_one(x)
[12:09:57.345] [INFO] [run] subject=3, session=2, speed=8, trial=5, x__rid_x=f3575bef305ef4ae: dummy_return_one(x)
[12:09:57.346] [INFO] [run] subject=3, session=2, speed=8, trial=6, x__rid_x=43215b9a6a1a0450: dummy_return_one(x)
[12:09:57.354] [INFO] [run] subject=3, session=2, speed=8, trial=7, x__rid_x=8515b37623d9c3a9: dummy_return_one(x)
[12:09:57.354] [INFO] [run] subject=3, session=2, speed=9, trial=1, x__rid_x=655981edb009f521: dummy_return_one(x)
[12:09:57.355] [INFO] [run] subject=3, session=2, speed=9, trial=2, x__rid_x=45dbf337c7473c51: dummy_return_one(x)
[12:09:57.356] [INFO] [run] subject=3, session=2, speed=9, trial=3, x__rid_x=4c3a2e00019818b5: dummy_return_one(x)
[12:09:57.363] [INFO] [run] subject=3, session=2, speed=9, trial=4, x__rid_x=5e65d6603d3e5c05: dummy_return_one(x)
[12:09:57.364] [INFO] [run] subject=3, session=2, speed=9, trial=5, x__rid_x=63b5328e1e3dcc70: dummy_return_one(x)
[12:09:57.365] [INFO] [run] subject=3, session=2, speed=9, trial=6, x__rid_x=1a246793604e1557: dummy_return_one(x)
[12:09:57.372] [INFO] [run] subject=3, session=2, speed=9, trial=7, x__rid_x=aef6aa93b608ead1: dummy_return_one(x)
[12:09:57.373] [INFO] [run] subject=3, session=3, speed=1, trial=1, x__rid_x=42a50cb307c0dbfe: dummy_return_one(x)
[12:09:57.373] [INFO] [run] subject=3, session=3, speed=1, trial=2, x__rid_x=d7d4b374f1c2606e: dummy_return_one(x)
[12:09:57.374] [INFO] [run] subject=3, session=3, speed=1, trial=3, x__rid_x=9b01e5b7f71116ae: dummy_return_one(x)
[12:09:57.382] [INFO] [run] subject=3, session=3, speed=1, trial=4, x__rid_x=7849264b164eac85: dummy_return_one(x)
[12:09:57.383] [INFO] [run] subject=3, session=3, speed=1, trial=5, x__rid_x=49280add0cc21678: dummy_return_one(x)
[12:09:57.383] [INFO] [run] subject=3, session=3, speed=1, trial=6, x__rid_x=94dbeb110c1872e9: dummy_return_one(x)
[12:09:57.391] [INFO] [run] subject=3, session=3, speed=1, trial=7, x__rid_x=0f80344cdd32096d: dummy_return_one(x)
[12:09:57.392] [INFO] [run] subject=3, session=3, speed=10, trial=1, x__rid_x=c66cb6651565ffe5: dummy_return_one(x)
[12:09:57.392] [INFO] [run] subject=3, session=3, speed=10, trial=2, x__rid_x=04d699509c9dfb75: dummy_return_one(x)
[12:09:57.393] [INFO] [run] subject=3, session=3, speed=10, trial=3, x__rid_x=b6d2d35bc99191d8: dummy_return_one(x)
[12:09:57.401] [INFO] [run] subject=3, session=3, speed=10, trial=4, x__rid_x=eabd3ab19abdca5d: dummy_return_one(x)
[12:09:57.402] [INFO] [run] subject=3, session=3, speed=10, trial=5, x__rid_x=2d288e77aae3559a: dummy_return_one(x)
[12:09:57.410] [INFO] [run] subject=3, session=3, speed=10, trial=6, x__rid_x=05167be7004f6785: dummy_return_one(x)
[12:09:57.410] [INFO] [run] subject=3, session=3, speed=10, trial=7, x__rid_x=38abc7575d399c7b: dummy_return_one(x)
[12:09:57.411] [INFO] [run] subject=3, session=3, speed=2, trial=1, x__rid_x=94ae98fe735af869: dummy_return_one(x)
[12:09:57.412] [INFO] [run] subject=3, session=3, speed=2, trial=2, x__rid_x=1027c4b27b92a56e: dummy_return_one(x)
[12:09:57.419] [INFO] [run] subject=3, session=3, speed=2, trial=3, x__rid_x=d7c4380d8da9a51a: dummy_return_one(x)
[12:09:57.420] [INFO] [run] subject=3, session=3, speed=2, trial=4, x__rid_x=97cf583baa507254: dummy_return_one(x)
[12:09:57.421] [INFO] [run] subject=3, session=3, speed=2, trial=5, x__rid_x=88669ba1197f4198: dummy_return_one(x)
[12:09:57.428] [INFO] [run] subject=3, session=3, speed=2, trial=6, x__rid_x=c6f3c1258fdf997a: dummy_return_one(x)
[12:09:57.429] [INFO] [run] subject=3, session=3, speed=2, trial=7, x__rid_x=4ec0ccad57f3198e: dummy_return_one(x)
[12:09:57.430] [INFO] [run] subject=3, session=3, speed=3, trial=1, x__rid_x=c75000a72b40d6d4: dummy_return_one(x)
[12:09:57.438] [INFO] [run] subject=3, session=3, speed=3, trial=2, x__rid_x=d3d18083863f1663: dummy_return_one(x)
[12:09:57.438] [INFO] [run] subject=3, session=3, speed=3, trial=3, x__rid_x=120005cb4175bf2f: dummy_return_one(x)
[12:09:57.439] [INFO] [run] subject=3, session=3, speed=3, trial=4, x__rid_x=e034d499cbe22b47: dummy_return_one(x)
[12:09:57.447] [INFO] [run] subject=3, session=3, speed=3, trial=5, x__rid_x=3e074a6911d0f9df: dummy_return_one(x)
[12:09:57.448] [INFO] [run] subject=3, session=3, speed=3, trial=6, x__rid_x=c928cf8e01e557c9: dummy_return_one(x)
[12:09:57.449] [INFO] [run] subject=3, session=3, speed=3, trial=7, x__rid_x=8f2ad0c2b1aff7b3: dummy_return_one(x)
[12:09:57.456] [INFO] [run] subject=3, session=3, speed=4, trial=1, x__rid_x=cf48f5904bd36353: dummy_return_one(x)
[12:09:57.457] [INFO] [run] subject=3, session=3, speed=4, trial=2, x__rid_x=2bd766f978a8b808: dummy_return_one(x)
[12:09:57.458] [INFO] [run] subject=3, session=3, speed=4, trial=3, x__rid_x=3614bd4056c45ea5: dummy_return_one(x)
[12:09:57.458] [INFO] [run] subject=3, session=3, speed=4, trial=4, x__rid_x=64a0c56c933a0baf: dummy_return_one(x)
[12:09:57.466] [INFO] [run] subject=3, session=3, speed=4, trial=5, x__rid_x=71f6fe2f75cf6b8c: dummy_return_one(x)
[12:09:57.467] [INFO] [run] subject=3, session=3, speed=4, trial=6, x__rid_x=980284091f21f0cc: dummy_return_one(x)
[12:09:57.467] [INFO] [run] subject=3, session=3, speed=4, trial=7, x__rid_x=a1329150872ade3b: dummy_return_one(x)
[12:09:57.475] [INFO] [run] subject=3, session=3, speed=5, trial=1, x__rid_x=e753177808570e52: dummy_return_one(x)
[12:09:57.476] [INFO] [run] subject=3, session=3, speed=5, trial=2, x__rid_x=87d3276828dad299: dummy_return_one(x)
[12:09:57.476] [INFO] [run] subject=3, session=3, speed=5, trial=3, x__rid_x=e6491b9705e145bc: dummy_return_one(x)
[12:09:57.485] [INFO] [run] subject=3, session=3, speed=5, trial=4, x__rid_x=1f83744c63b00a83: dummy_return_one(x)
[12:09:57.486] [INFO] [run] subject=3, session=3, speed=5, trial=5, x__rid_x=2a7f9579d9ae328c: dummy_return_one(x)
[12:09:57.494] [INFO] [run] subject=3, session=3, speed=5, trial=6, x__rid_x=a8430fd84e9c50ce: dummy_return_one(x)
[12:09:57.495] [INFO] [run] subject=3, session=3, speed=5, trial=7, x__rid_x=a46e0ffc0752a436: dummy_return_one(x)
[12:09:57.496] [INFO] [run] subject=3, session=3, speed=6, trial=1, x__rid_x=d1cc659cd27012b2: dummy_return_one(x)
[12:09:57.504] [INFO] [run] subject=3, session=3, speed=6, trial=2, x__rid_x=4d422d5c7583b936: dummy_return_one(x)
[12:09:57.505] [INFO] [run] subject=3, session=3, speed=6, trial=3, x__rid_x=c82a804fa5fa04fa: dummy_return_one(x)
[12:09:57.505] [INFO] [run] subject=3, session=3, speed=6, trial=4, x__rid_x=1f6d257006cb75f0: dummy_return_one(x)
[12:09:57.513] [INFO] [run] subject=3, session=3, speed=6, trial=5, x__rid_x=7cd2ecf2633b701c: dummy_return_one(x)
[12:09:57.514] [INFO] [run] subject=3, session=3, speed=6, trial=6, x__rid_x=c799f3a8bb02cb17: dummy_return_one(x)
[12:09:57.523] [INFO] [run] subject=3, session=3, speed=6, trial=7, x__rid_x=cb0b5e39d8f5aa7b: dummy_return_one(x)
[12:09:57.523] [INFO] [run] subject=3, session=3, speed=7, trial=1, x__rid_x=7e949c72720183b0: dummy_return_one(x)
[12:09:57.524] [INFO] [run] subject=3, session=3, speed=7, trial=2, x__rid_x=76f8e85684ab6952: dummy_return_one(x)
[12:09:57.525] [INFO] [run] subject=3, session=3, speed=7, trial=3, x__rid_x=9dc1906eba737d2d: dummy_return_one(x)
[12:09:57.532] [INFO] [run] subject=3, session=3, speed=7, trial=4, x__rid_x=2d5101bdfa716cdb: dummy_return_one(x)
[12:09:57.533] [INFO] [run] subject=3, session=3, speed=7, trial=5, x__rid_x=d5e9d06b9f2cf004: dummy_return_one(x)
[12:09:57.534] [INFO] [run] subject=3, session=3, speed=7, trial=6, x__rid_x=c701e289c46aa0e3: dummy_return_one(x)
[12:09:57.542] [INFO] [run] subject=3, session=3, speed=7, trial=7, x__rid_x=3aed34aec527ac1f: dummy_return_one(x)
[12:09:57.542] [INFO] [run] subject=3, session=3, speed=8, trial=1, x__rid_x=1d2d20b4822d615b: dummy_return_one(x)
[12:09:57.543] [INFO] [run] subject=3, session=3, speed=8, trial=2, x__rid_x=08988fc18f8d7ddd: dummy_return_one(x)
[12:09:57.551] [INFO] [run] subject=3, session=3, speed=8, trial=3, x__rid_x=3c40721f9998985f: dummy_return_one(x)
[12:09:57.552] [INFO] [run] subject=3, session=3, speed=8, trial=4, x__rid_x=2da5c3207fa868ff: dummy_return_one(x)
[12:09:57.560] [INFO] [run] subject=3, session=3, speed=8, trial=5, x__rid_x=9103880e01c0a538: dummy_return_one(x)
[12:09:57.561] [INFO] [run] subject=3, session=3, speed=8, trial=6, x__rid_x=7154b730be021106: dummy_return_one(x)
[12:09:57.562] [INFO] [run] subject=3, session=3, speed=8, trial=7, x__rid_x=e945d435ea334fe8: dummy_return_one(x)
[12:09:57.562] [INFO] [run] subject=3, session=3, speed=9, trial=1, x__rid_x=2e3871c5886f821e: dummy_return_one(x)
[12:09:57.570] [INFO] [run] subject=3, session=3, speed=9, trial=2, x__rid_x=5f12ea3bf90355d1: dummy_return_one(x)
[12:09:57.571] [INFO] [run] subject=3, session=3, speed=9, trial=3, x__rid_x=df9eff9cf97a85d3: dummy_return_one(x)
[12:09:57.571] [INFO] [run] subject=3, session=3, speed=9, trial=4, x__rid_x=99bcf2f0a99e9b40: dummy_return_one(x)
[12:09:57.579] [INFO] [run] subject=3, session=3, speed=9, trial=5, x__rid_x=fb350d97f2abe9e1: dummy_return_one(x)
[12:09:57.580] [INFO] [run] subject=3, session=3, speed=9, trial=6, x__rid_x=be038551d6f85134: dummy_return_one(x)
[12:09:57.581] [INFO] [run] subject=3, session=3, speed=9, trial=7, x__rid_x=a91163f847cc6eb4: dummy_return_one(x)
[12:09:57.589] [INFO] [run] subject=3, session=4, speed=1, trial=1, x__rid_x=a9cd177d9f379e3d: dummy_return_one(x)
[12:09:57.589] [INFO] [run] subject=3, session=4, speed=1, trial=2, x__rid_x=51e4b9802efd0b5b: dummy_return_one(x)
[12:09:57.590] [INFO] [run] subject=3, session=4, speed=1, trial=3, x__rid_x=28595baa03a5a297: dummy_return_one(x)
[12:09:57.591] [INFO] [run] subject=3, session=4, speed=1, trial=4, x__rid_x=89f77622791536bb: dummy_return_one(x)
[12:09:57.599] [INFO] [run] subject=3, session=4, speed=1, trial=5, x__rid_x=93bbb0156fb856e0: dummy_return_one(x)
[12:09:57.600] [INFO] [run] subject=3, session=4, speed=1, trial=6, x__rid_x=e15f3c9df92a1cdc: dummy_return_one(x)
[12:09:57.600] [INFO] [run] subject=3, session=4, speed=1, trial=7, x__rid_x=274dd7b33524bb38: dummy_return_one(x)
[12:09:57.608] [INFO] [run] subject=3, session=4, speed=10, trial=1, x__rid_x=37816de647280dd4: dummy_return_one(x)
[12:09:57.609] [INFO] [run] subject=3, session=4, speed=10, trial=2, x__rid_x=bb63bdb81b4e17ee: dummy_return_one(x)
[12:09:57.618] [INFO] [run] subject=3, session=4, speed=10, trial=3, x__rid_x=fe85f294eb45cf69: dummy_return_one(x)
[12:09:57.619] [INFO] [run] subject=3, session=4, speed=10, trial=4, x__rid_x=dff424dfdd4834dd: dummy_return_one(x)
[12:09:57.627] [INFO] [run] subject=3, session=4, speed=10, trial=5, x__rid_x=1f7151898105f13a: dummy_return_one(x)
[12:09:57.629] [INFO] [run] subject=3, session=4, speed=10, trial=6, x__rid_x=3b42bde99b3b57d7: dummy_return_one(x)
[12:09:57.637] [INFO] [run] subject=3, session=4, speed=10, trial=7, x__rid_x=7247282b327a3eb8: dummy_return_one(x)
[12:09:57.639] [INFO] [run] subject=3, session=4, speed=2, trial=1, x__rid_x=dad037ffeff3f304: dummy_return_one(x)
[12:09:57.647] [INFO] [run] subject=3, session=4, speed=2, trial=2, x__rid_x=411771551c6ee0be: dummy_return_one(x)
[12:09:57.648] [INFO] [run] subject=3, session=4, speed=2, trial=3, x__rid_x=6897b346fda7ef41: dummy_return_one(x)
[12:09:57.657] [INFO] [run] subject=3, session=4, speed=2, trial=4, x__rid_x=724459cd673d5ea1: dummy_return_one(x)
[12:09:57.658] [INFO] [run] subject=3, session=4, speed=2, trial=5, x__rid_x=f52a27fd9a0ce443: dummy_return_one(x)
[12:09:57.667] [INFO] [run] subject=3, session=4, speed=2, trial=6, x__rid_x=cdac738980b392c6: dummy_return_one(x)
[12:09:57.668] [INFO] [run] subject=3, session=4, speed=2, trial=7, x__rid_x=a5b6c54ccf318ec7: dummy_return_one(x)
[12:09:57.668] [INFO] [run] subject=3, session=4, speed=3, trial=1, x__rid_x=2a6052e1cafd1f97: dummy_return_one(x)
[12:09:57.676] [INFO] [run] subject=3, session=4, speed=3, trial=2, x__rid_x=9bfcfba8ff46356e: dummy_return_one(x)
[12:09:57.677] [INFO] [run] subject=3, session=4, speed=3, trial=3, x__rid_x=546b9689bca4ec28: dummy_return_one(x)
[12:09:57.678] [INFO] [run] subject=3, session=4, speed=3, trial=4, x__rid_x=f786de6b7438db87: dummy_return_one(x)
[12:09:57.686] [INFO] [run] subject=3, session=4, speed=3, trial=5, x__rid_x=e5e399d40a7e0415: dummy_return_one(x)
[12:09:57.687] [INFO] [run] subject=3, session=4, speed=3, trial=6, x__rid_x=9a61b5159df44cf6: dummy_return_one(x)
[12:09:57.688] [INFO] [run] subject=3, session=4, speed=3, trial=7, x__rid_x=9019318e423288de: dummy_return_one(x)
[12:09:57.696] [INFO] [run] subject=3, session=4, speed=4, trial=1, x__rid_x=b3b6b87e8a91810e: dummy_return_one(x)
[12:09:57.697] [INFO] [run] subject=3, session=4, speed=4, trial=2, x__rid_x=666d0ad2634d89d4: dummy_return_one(x)
[12:09:57.698] [INFO] [run] subject=3, session=4, speed=4, trial=3, x__rid_x=b5e0ffba6908ce5c: dummy_return_one(x)
[12:09:57.705] [INFO] [run] subject=3, session=4, speed=4, trial=4, x__rid_x=f226b9f6bdfcafab: dummy_return_one(x)
[12:09:57.706] [INFO] [run] subject=3, session=4, speed=4, trial=5, x__rid_x=811203e6cac83677: dummy_return_one(x)
[12:09:57.707] [INFO] [run] subject=3, session=4, speed=4, trial=6, x__rid_x=9db2223a579d856d: dummy_return_one(x)
[12:09:57.715] [INFO] [run] subject=3, session=4, speed=4, trial=7, x__rid_x=ce92db525e774d11: dummy_return_one(x)
[12:09:57.717] [INFO] [run] subject=3, session=4, speed=5, trial=1, x__rid_x=6a49e1562a230d5d: dummy_return_one(x)
[12:09:57.725] [INFO] [run] subject=3, session=4, speed=5, trial=2, x__rid_x=7aea55324209283c: dummy_return_one(x)
[12:09:57.726] [INFO] [run] subject=3, session=4, speed=5, trial=3, x__rid_x=20e090734b81e08d: dummy_return_one(x)
[12:09:57.726] [INFO] [run] subject=3, session=4, speed=5, trial=4, x__rid_x=eb3015ea99bdf335: dummy_return_one(x)
[12:09:57.734] [INFO] [run] subject=3, session=4, speed=5, trial=5, x__rid_x=8d43ed83b41ae649: dummy_return_one(x)
[12:09:57.736] [INFO] [run] subject=3, session=4, speed=5, trial=6, x__rid_x=3864224fc06508d6: dummy_return_one(x)
[12:09:57.736] [INFO] [run] subject=3, session=4, speed=5, trial=7, x__rid_x=7b96999641e3f520: dummy_return_one(x)
[12:09:57.744] [INFO] [run] subject=3, session=4, speed=6, trial=1, x__rid_x=253e3261f64277f0: dummy_return_one(x)
[12:09:57.745] [INFO] [run] subject=3, session=4, speed=6, trial=2, x__rid_x=fa5749beff72914f: dummy_return_one(x)
[12:09:57.745] [INFO] [run] subject=3, session=4, speed=6, trial=3, x__rid_x=58ec5eb7b3da5f57: dummy_return_one(x)
[12:09:57.746] [INFO] [run] subject=3, session=4, speed=6, trial=4, x__rid_x=60ec9fcb70f25d05: dummy_return_one(x)
[12:09:57.754] [INFO] [run] subject=3, session=4, speed=6, trial=5, x__rid_x=80a7f24c973ac4e5: dummy_return_one(x)
[12:09:57.755] [INFO] [run] subject=3, session=4, speed=6, trial=6, x__rid_x=69fe374e439c8838: dummy_return_one(x)
[12:09:57.763] [INFO] [run] subject=3, session=4, speed=6, trial=7, x__rid_x=fbe45644e8ca16ca: dummy_return_one(x)
[12:09:57.765] [INFO] [run] subject=3, session=4, speed=7, trial=1, x__rid_x=84a8de9d447982a9: dummy_return_one(x)
[12:09:57.773] [INFO] [run] subject=3, session=4, speed=7, trial=2, x__rid_x=56e4ad9e43eac11a: dummy_return_one(x)
[12:09:57.773] [INFO] [run] subject=3, session=4, speed=7, trial=3, x__rid_x=d503718f4b0d9db7: dummy_return_one(x)
[12:09:57.774] [INFO] [run] subject=3, session=4, speed=7, trial=4, x__rid_x=b4fb39596052ea56: dummy_return_one(x)
[12:09:57.782] [INFO] [run] subject=3, session=4, speed=7, trial=5, x__rid_x=dfb4a9f53a1a2341: dummy_return_one(x)
[12:09:57.784] [INFO] [run] subject=3, session=4, speed=7, trial=6, x__rid_x=092606b051ca9c4a: dummy_return_one(x)
[12:09:57.792] [INFO] [run] subject=3, session=4, speed=7, trial=7, x__rid_x=8e3f383105eb3989: dummy_return_one(x)
[12:09:57.793] [INFO] [run] subject=3, session=4, speed=8, trial=1, x__rid_x=ec60e3b5e12c870f: dummy_return_one(x)
[12:09:57.793] [INFO] [run] subject=3, session=4, speed=8, trial=2, x__rid_x=ce815161a919a140: dummy_return_one(x)
[12:09:57.802] [INFO] [run] subject=3, session=4, speed=8, trial=3, x__rid_x=eff690c1189b3011: dummy_return_one(x)
[12:09:57.803] [INFO] [run] subject=3, session=4, speed=8, trial=4, x__rid_x=607c42d0f213c185: dummy_return_one(x)
[12:09:57.811] [INFO] [run] subject=3, session=4, speed=8, trial=5, x__rid_x=cb30371a187578bc: dummy_return_one(x)
[12:09:57.812] [INFO] [run] subject=3, session=4, speed=8, trial=6, x__rid_x=a2623ce3e857227b: dummy_return_one(x)
[12:09:57.812] [INFO] [run] subject=3, session=4, speed=8, trial=7, x__rid_x=8984caf700507ab4: dummy_return_one(x)
[12:09:57.821] [INFO] [run] subject=3, session=4, speed=9, trial=1, x__rid_x=009951f5ad934a90: dummy_return_one(x)
[12:09:57.822] [INFO] [run] subject=3, session=4, speed=9, trial=2, x__rid_x=b08216558556bb41: dummy_return_one(x)
[12:09:57.830] [INFO] [run] subject=3, session=4, speed=9, trial=3, x__rid_x=e7549204b542551d: dummy_return_one(x)
[12:09:57.832] [INFO] [run] subject=3, session=4, speed=9, trial=4, x__rid_x=e32bb287ff1411ed: dummy_return_one(x)
[12:09:57.840] [INFO] [run] subject=3, session=4, speed=9, trial=5, x__rid_x=33bed3dd3a541f31: dummy_return_one(x)
[12:09:57.840] [INFO] [run] subject=3, session=4, speed=9, trial=6, x__rid_x=e7ac8e5ce6cd0d88: dummy_return_one(x)
[12:09:57.841] [INFO] [run] subject=3, session=4, speed=9, trial=7, x__rid_x=f49a35bb4e5142ed: dummy_return_one(x)
[12:09:57.850] [INFO] [run] subject=3, session=5, speed=1, trial=1, x__rid_x=62ea7b9b00e95433: dummy_return_one(x)
[12:09:57.851] [INFO] [run] subject=3, session=5, speed=1, trial=2, x__rid_x=0a952b8d0ae93d27: dummy_return_one(x)
[12:09:57.859] [INFO] [run] subject=3, session=5, speed=1, trial=3, x__rid_x=5f29890cf585e45b: dummy_return_one(x)
[12:09:57.860] [INFO] [run] subject=3, session=5, speed=1, trial=4, x__rid_x=ea0784cfd74891dc: dummy_return_one(x)
[12:09:57.861] [INFO] [run] subject=3, session=5, speed=1, trial=5, x__rid_x=6edb38072ea5c03c: dummy_return_one(x)
[12:09:57.869] [INFO] [run] subject=3, session=5, speed=1, trial=6, x__rid_x=415c38d4325026b0: dummy_return_one(x)
[12:09:57.870] [INFO] [run] subject=3, session=5, speed=1, trial=7, x__rid_x=310007cb84ad868b: dummy_return_one(x)
[12:09:57.871] [INFO] [run] subject=3, session=5, speed=10, trial=1, x__rid_x=52a3e9180a2e39da: dummy_return_one(x)
[12:09:57.879] [INFO] [run] subject=3, session=5, speed=10, trial=2, x__rid_x=814474be4a2d95bb: dummy_return_one(x)
[12:09:57.879] [INFO] [run] subject=3, session=5, speed=10, trial=3, x__rid_x=fc8fc1c86425b04c: dummy_return_one(x)
[12:09:57.880] [INFO] [run] subject=3, session=5, speed=10, trial=4, x__rid_x=bc850dfa2807a614: dummy_return_one(x)
[12:09:57.888] [INFO] [run] subject=3, session=5, speed=10, trial=5, x__rid_x=3552b239e4e4e618: dummy_return_one(x)
[12:09:57.889] [INFO] [run] subject=3, session=5, speed=10, trial=6, x__rid_x=01f008121190f5d0: dummy_return_one(x)
[12:09:57.890] [INFO] [run] subject=3, session=5, speed=10, trial=7, x__rid_x=7eee2cce6a99bb06: dummy_return_one(x)
[12:09:57.898] [INFO] [run] subject=3, session=5, speed=2, trial=1, x__rid_x=726bbf7f60173537: dummy_return_one(x)
[12:09:57.900] [INFO] [run] subject=3, session=5, speed=2, trial=2, x__rid_x=e1bf8b99048eaea9: dummy_return_one(x)
[12:09:57.908] [INFO] [run] subject=3, session=5, speed=2, trial=3, x__rid_x=0ffbe4574c1529d3: dummy_return_one(x)
[12:09:57.908] [INFO] [run] subject=3, session=5, speed=2, trial=4, x__rid_x=7baef852bc24dfc8: dummy_return_one(x)
[12:09:57.909] [INFO] [run] subject=3, session=5, speed=2, trial=5, x__rid_x=371df57ebbe79049: dummy_return_one(x)
[12:09:57.918] [INFO] [run] subject=3, session=5, speed=2, trial=6, x__rid_x=eaa4b6566513cb2e: dummy_return_one(x)
[12:09:57.919] [INFO] [run] subject=3, session=5, speed=2, trial=7, x__rid_x=6d954d4c97cfeba6: dummy_return_one(x)
[12:09:57.919] [INFO] [run] subject=3, session=5, speed=3, trial=1, x__rid_x=37af5db8379dbb9b: dummy_return_one(x)
[12:09:57.927] [INFO] [run] subject=3, session=5, speed=3, trial=2, x__rid_x=65bad4c9177e8794: dummy_return_one(x)
[12:09:57.928] [INFO] [run] subject=3, session=5, speed=3, trial=3, x__rid_x=72e4f96fdce91f64: dummy_return_one(x)
[12:09:57.929] [INFO] [run] subject=3, session=5, speed=3, trial=4, x__rid_x=8d21decab6e2d486: dummy_return_one(x)
[12:09:57.937] [INFO] [run] subject=3, session=5, speed=3, trial=5, x__rid_x=0a4752be5782c0f6: dummy_return_one(x)
[12:09:57.938] [INFO] [run] subject=3, session=5, speed=3, trial=6, x__rid_x=2bb666465b5ee8e8: dummy_return_one(x)
[12:09:57.947] [INFO] [run] subject=3, session=5, speed=3, trial=7, x__rid_x=de931f2d681003fe: dummy_return_one(x)
[12:09:57.948] [INFO] [run] subject=3, session=5, speed=4, trial=1, x__rid_x=a5698cc7d163036e: dummy_return_one(x)
[12:09:57.948] [INFO] [run] subject=3, session=5, speed=4, trial=2, x__rid_x=fc1558b318799818: dummy_return_one(x)
[12:09:57.956] [INFO] [run] subject=3, session=5, speed=4, trial=3, x__rid_x=54fcc79611f7675c: dummy_return_one(x)
[12:09:57.957] [INFO] [run] subject=3, session=5, speed=4, trial=4, x__rid_x=0b49fe402afab73d: dummy_return_one(x)
[12:09:57.958] [INFO] [run] subject=3, session=5, speed=4, trial=5, x__rid_x=fd3db5b2ca8fd8a6: dummy_return_one(x)
[12:09:57.966] [INFO] [run] subject=3, session=5, speed=4, trial=6, x__rid_x=950de770af159133: dummy_return_one(x)
[12:09:57.967] [INFO] [run] subject=3, session=5, speed=4, trial=7, x__rid_x=5a2a0082f19bfdb5: dummy_return_one(x)
[12:09:57.968] [INFO] [run] subject=3, session=5, speed=5, trial=1, x__rid_x=8ad561dab362be09: dummy_return_one(x)
[12:09:57.976] [INFO] [run] subject=3, session=5, speed=5, trial=2, x__rid_x=12b0464cc8c4c815: dummy_return_one(x)
[12:09:57.977] [INFO] [run] subject=3, session=5, speed=5, trial=3, x__rid_x=0bd013ddae59d232: dummy_return_one(x)
[12:09:57.977] [INFO] [run] subject=3, session=5, speed=5, trial=4, x__rid_x=8c1cf5e2d2bc1ac2: dummy_return_one(x)
[12:09:57.978] [INFO] [run] subject=3, session=5, speed=5, trial=5, x__rid_x=3ba1c5e262c0a97d: dummy_return_one(x)
[12:09:57.986] [INFO] [run] subject=3, session=5, speed=5, trial=6, x__rid_x=66346a8a62ded248: dummy_return_one(x)
[12:09:57.987] [INFO] [run] subject=3, session=5, speed=5, trial=7, x__rid_x=d930eeaf152395eb: dummy_return_one(x)
[12:09:57.996] [INFO] [run] subject=3, session=5, speed=6, trial=1, x__rid_x=e6e24800a7ca90e1: dummy_return_one(x)
[12:09:57.997] [INFO] [run] subject=3, session=5, speed=6, trial=2, x__rid_x=394091aea322d0bc: dummy_return_one(x)
[12:09:58.005] [INFO] [run] subject=3, session=5, speed=6, trial=3, x__rid_x=43e20a8385e486f3: dummy_return_one(x)
[12:09:58.006] [INFO] [run] subject=3, session=5, speed=6, trial=4, x__rid_x=47bed6fc42ce12ed: dummy_return_one(x)
[12:09:58.007] [INFO] [run] subject=3, session=5, speed=6, trial=5, x__rid_x=178a41dab7b3a450: dummy_return_one(x)
[12:09:58.015] [INFO] [run] subject=3, session=5, speed=6, trial=6, x__rid_x=f8ae3fc08b68bc2a: dummy_return_one(x)
[12:09:58.016] [INFO] [run] subject=3, session=5, speed=6, trial=7, x__rid_x=8fe0751d0ef60bc9: dummy_return_one(x)
[12:09:58.025] [INFO] [run] subject=3, session=5, speed=7, trial=1, x__rid_x=3599d26c747b5c9e: dummy_return_one(x)
[12:09:58.025] [INFO] [run] subject=3, session=5, speed=7, trial=2, x__rid_x=eaa6a736fc21269c: dummy_return_one(x)
[12:09:58.026] [INFO] [run] subject=3, session=5, speed=7, trial=3, x__rid_x=ee64c064dd811022: dummy_return_one(x)
[12:09:58.034] [INFO] [run] subject=3, session=5, speed=7, trial=4, x__rid_x=5c5d1271e7172b44: dummy_return_one(x)
[12:09:58.035] [INFO] [run] subject=3, session=5, speed=7, trial=5, x__rid_x=1f1fcda8bec830db: dummy_return_one(x)
[12:09:58.036] [INFO] [run] subject=3, session=5, speed=7, trial=6, x__rid_x=a29f18bd0a3725a0: dummy_return_one(x)
[12:09:58.044] [INFO] [run] subject=3, session=5, speed=7, trial=7, x__rid_x=454043036e9090e2: dummy_return_one(x)
[12:09:58.045] [INFO] [run] subject=3, session=5, speed=8, trial=1, x__rid_x=1696eb83d855a977: dummy_return_one(x)
[12:09:58.046] [INFO] [run] subject=3, session=5, speed=8, trial=2, x__rid_x=6377b72b132f7bd6: dummy_return_one(x)
[12:09:58.055] [INFO] [run] subject=3, session=5, speed=8, trial=3, x__rid_x=d98cc2c75c0ceb87: dummy_return_one(x)
[12:09:58.056] [INFO] [run] subject=3, session=5, speed=8, trial=4, x__rid_x=0a1aa99b7b8984a9: dummy_return_one(x)
[12:09:58.065] [INFO] [run] subject=3, session=5, speed=8, trial=5, x__rid_x=67fd9fe26378f438: dummy_return_one(x)
[12:09:58.066] [INFO] [run] subject=3, session=5, speed=8, trial=6, x__rid_x=95c9bbd9566f8d57: dummy_return_one(x)
[12:09:58.066] [INFO] [run] subject=3, session=5, speed=8, trial=7, x__rid_x=3d4393c0ee05a64c: dummy_return_one(x)
[12:09:58.074] [INFO] [run] subject=3, session=5, speed=9, trial=1, x__rid_x=8ca8abee01df0354: dummy_return_one(x)
[12:09:58.075] [INFO] [run] subject=3, session=5, speed=9, trial=2, x__rid_x=101469b107fa96a3: dummy_return_one(x)
[12:09:58.076] [INFO] [run] subject=3, session=5, speed=9, trial=3, x__rid_x=e505152670e927b5: dummy_return_one(x)
[12:09:58.084] [INFO] [run] subject=3, session=5, speed=9, trial=4, x__rid_x=b773241184f5cfcd: dummy_return_one(x)
[12:09:58.085] [INFO] [run] subject=3, session=5, speed=9, trial=5, x__rid_x=07bbe8d7d0b795c6: dummy_return_one(x)
[12:09:58.086] [INFO] [run] subject=3, session=5, speed=9, trial=6, x__rid_x=303d9ab7c0d1e152: dummy_return_one(x)
[12:09:58.094] [INFO] [run] subject=3, session=5, speed=9, trial=7, x__rid_x=21bc46b989d707a8: dummy_return_one(x)
[12:09:58.095] [INFO] [run] subject=4, session=1, speed=1, trial=1, x__rid_x=345bbf7ecdc7a505: dummy_return_one(x)
[12:09:58.096] [INFO] [run] subject=4, session=1, speed=1, trial=2, x__rid_x=44b981b9b873ad3f: dummy_return_one(x)
[12:09:58.104] [INFO] [run] subject=4, session=1, speed=1, trial=3, x__rid_x=77a6acaafe2c8dd0: dummy_return_one(x)
[12:09:58.105] [INFO] [run] subject=4, session=1, speed=1, trial=4, x__rid_x=e83d5d5d065b748d: dummy_return_one(x)
[12:09:58.106] [INFO] [run] subject=4, session=1, speed=1, trial=5, x__rid_x=442333aea13c4799: dummy_return_one(x)
[12:09:58.114] [INFO] [run] subject=4, session=1, speed=1, trial=6, x__rid_x=266594ab166e5aee: dummy_return_one(x)
[12:09:58.115] [INFO] [run] subject=4, session=1, speed=1, trial=7, x__rid_x=fb78c123a1a94417: dummy_return_one(x)
[12:09:58.124] [INFO] [run] subject=4, session=1, speed=10, trial=1, x__rid_x=4928648918d196e0: dummy_return_one(x)
[12:09:58.125] [INFO] [run] subject=4, session=1, speed=10, trial=2, x__rid_x=561259f90eb9af2d: dummy_return_one(x)
[12:09:58.125] [INFO] [run] subject=4, session=1, speed=10, trial=3, x__rid_x=39bf1902136a8d70: dummy_return_one(x)
[12:09:58.134] [INFO] [run] subject=4, session=1, speed=10, trial=4, x__rid_x=f371f9920b058fc0: dummy_return_one(x)
[12:09:58.135] [INFO] [run] subject=4, session=1, speed=10, trial=5, x__rid_x=928aa085fe466005: dummy_return_one(x)
[12:09:58.135] [INFO] [run] subject=4, session=1, speed=10, trial=6, x__rid_x=db25870d0536500a: dummy_return_one(x)
[12:09:58.143] [INFO] [run] subject=4, session=1, speed=10, trial=7, x__rid_x=6f948e726c7e0043: dummy_return_one(x)
[12:09:58.144] [INFO] [run] subject=4, session=1, speed=2, trial=1, x__rid_x=29d5142c3463b2b9: dummy_return_one(x)
[12:09:58.145] [INFO] [run] subject=4, session=1, speed=2, trial=2, x__rid_x=7de290e7e004b7d9: dummy_return_one(x)
[12:09:58.153] [INFO] [run] subject=4, session=1, speed=2, trial=3, x__rid_x=cd3b6856a360161b: dummy_return_one(x)
[12:09:58.154] [INFO] [run] subject=4, session=1, speed=2, trial=4, x__rid_x=f4a9be3435d3d87b: dummy_return_one(x)
[12:09:58.155] [INFO] [run] subject=4, session=1, speed=2, trial=5, x__rid_x=db042d400ffbe451: dummy_return_one(x)
[12:09:58.163] [INFO] [run] subject=4, session=1, speed=2, trial=6, x__rid_x=5cdf813258404f06: dummy_return_one(x)
[12:09:58.164] [INFO] [run] subject=4, session=1, speed=2, trial=7, x__rid_x=673f9cbb5b50a9b9: dummy_return_one(x)
[12:09:58.165] [INFO] [run] subject=4, session=1, speed=3, trial=1, x__rid_x=5d4567e4324f6966: dummy_return_one(x)
[12:09:58.173] [INFO] [run] subject=4, session=1, speed=3, trial=2, x__rid_x=3fe5b53ff1425d75: dummy_return_one(x)
[12:09:58.174] [INFO] [run] subject=4, session=1, speed=3, trial=3, x__rid_x=4eee9e97e96c279d: dummy_return_one(x)
[12:09:58.174] [INFO] [run] subject=4, session=1, speed=3, trial=4, x__rid_x=ff5e3b1e9894c3e7: dummy_return_one(x)
[12:09:58.183] [INFO] [run] subject=4, session=1, speed=3, trial=5, x__rid_x=63d41bc27c106978: dummy_return_one(x)
[12:09:58.184] [INFO] [run] subject=4, session=1, speed=3, trial=6, x__rid_x=1068a67f7b31df4e: dummy_return_one(x)
[12:09:58.193] [INFO] [run] subject=4, session=1, speed=3, trial=7, x__rid_x=44ef3d50db22f416: dummy_return_one(x)
[12:09:58.194] [INFO] [run] subject=4, session=1, speed=4, trial=1, x__rid_x=274b969cb06ee836: dummy_return_one(x)
[12:09:58.203] [INFO] [run] subject=4, session=1, speed=4, trial=2, x__rid_x=4434df735fda8399: dummy_return_one(x)
[12:09:58.204] [INFO] [run] subject=4, session=1, speed=4, trial=3, x__rid_x=6f92a631654bc396: dummy_return_one(x)
[12:09:58.204] [INFO] [run] subject=4, session=1, speed=4, trial=4, x__rid_x=8d8aa35ce19132b5: dummy_return_one(x)
[12:09:58.212] [INFO] [run] subject=4, session=1, speed=4, trial=5, x__rid_x=ecc956dc4312a9d9: dummy_return_one(x)
[12:09:58.214] [INFO] [run] subject=4, session=1, speed=4, trial=6, x__rid_x=702be89955312a5b: dummy_return_one(x)
[12:09:58.223] [INFO] [run] subject=4, session=1, speed=4, trial=7, x__rid_x=858bb300366e09f2: dummy_return_one(x)
[12:09:58.223] [INFO] [run] subject=4, session=1, speed=5, trial=1, x__rid_x=f769aab991aef552: dummy_return_one(x)
[12:09:58.224] [INFO] [run] subject=4, session=1, speed=5, trial=2, x__rid_x=6c3fec444a5c44d5: dummy_return_one(x)
[12:09:58.233] [INFO] [run] subject=4, session=1, speed=5, trial=3, x__rid_x=b5bb7faed6333eff: dummy_return_one(x)
[12:09:58.234] [INFO] [run] subject=4, session=1, speed=5, trial=4, x__rid_x=1144283b686f125c: dummy_return_one(x)
[12:09:58.243] [INFO] [run] subject=4, session=1, speed=5, trial=5, x__rid_x=764cce660f25a998: dummy_return_one(x)
[12:09:58.244] [INFO] [run] subject=4, session=1, speed=5, trial=6, x__rid_x=69b29cbb5edaa579: dummy_return_one(x)
[12:09:58.244] [INFO] [run] subject=4, session=1, speed=5, trial=7, x__rid_x=daa89ea6849bee24: dummy_return_one(x)
[12:09:58.253] [INFO] [run] subject=4, session=1, speed=6, trial=1, x__rid_x=bef88e98072ef15b: dummy_return_one(x)
[12:09:58.254] [INFO] [run] subject=4, session=1, speed=6, trial=2, x__rid_x=4a6fa19de79aff50: dummy_return_one(x)
[12:09:58.263] [INFO] [run] subject=4, session=1, speed=6, trial=3, x__rid_x=0d02ea23544cc23b: dummy_return_one(x)
[12:09:58.264] [INFO] [run] subject=4, session=1, speed=6, trial=4, x__rid_x=f12a61a8de4579f3: dummy_return_one(x)
[12:09:58.272] [INFO] [run] subject=4, session=1, speed=6, trial=5, x__rid_x=6458a5576f88684f: dummy_return_one(x)
[12:09:58.273] [INFO] [run] subject=4, session=1, speed=6, trial=6, x__rid_x=e9f247e773a4c446: dummy_return_one(x)
[12:09:58.274] [INFO] [run] subject=4, session=1, speed=6, trial=7, x__rid_x=b8e4071743d9599b: dummy_return_one(x)
[12:09:58.283] [INFO] [run] subject=4, session=1, speed=7, trial=1, x__rid_x=2b14930e6b5c8637: dummy_return_one(x)
[12:09:58.293] [INFO] [run] subject=4, session=1, speed=7, trial=2, x__rid_x=ae91434845fc640d: dummy_return_one(x)
[12:09:58.294] [INFO] [run] subject=4, session=1, speed=7, trial=3, x__rid_x=9aa8039c46148bc8: dummy_return_one(x)
[12:09:58.304] [INFO] [run] subject=4, session=1, speed=7, trial=4, x__rid_x=67595ffe8aa02b94: dummy_return_one(x)
[12:09:58.305] [INFO] [run] subject=4, session=1, speed=7, trial=5, x__rid_x=1989c9d2087e2185: dummy_return_one(x)
[12:09:58.314] [INFO] [run] subject=4, session=1, speed=7, trial=6, x__rid_x=1c20b7d93b4b7c91: dummy_return_one(x)
[12:09:58.315] [INFO] [run] subject=4, session=1, speed=7, trial=7, x__rid_x=1ce8d29dac45ce4b: dummy_return_one(x)
[12:09:58.316] [INFO] [run] subject=4, session=1, speed=8, trial=1, x__rid_x=5f4aa964d7a20caf: dummy_return_one(x)
[12:09:58.324] [INFO] [run] subject=4, session=1, speed=8, trial=2, x__rid_x=e360a9e57fc23120: dummy_return_one(x)
[12:09:58.326] [INFO] [run] subject=4, session=1, speed=8, trial=3, x__rid_x=0f9a8a4085a4accd: dummy_return_one(x)
[12:09:58.334] [INFO] [run] subject=4, session=1, speed=8, trial=4, x__rid_x=82531e9a28362b73: dummy_return_one(x)
[12:09:58.336] [INFO] [run] subject=4, session=1, speed=8, trial=5, x__rid_x=7f291254e8a68aa1: dummy_return_one(x)
[12:09:58.344] [INFO] [run] subject=4, session=1, speed=8, trial=6, x__rid_x=a9ea47008bcdda0a: dummy_return_one(x)
[12:09:58.345] [INFO] [run] subject=4, session=1, speed=8, trial=7, x__rid_x=4bb9235130b8f8af: dummy_return_one(x)
[12:09:58.354] [INFO] [run] subject=4, session=1, speed=9, trial=1, x__rid_x=7c7f6c4b76adf3cf: dummy_return_one(x)
[12:09:58.356] [INFO] [run] subject=4, session=1, speed=9, trial=2, x__rid_x=a0292ccfe08c6970: dummy_return_one(x)
[12:09:58.365] [INFO] [run] subject=4, session=1, speed=9, trial=3, x__rid_x=98414cd6a690874c: dummy_return_one(x)
[12:09:58.366] [INFO] [run] subject=4, session=1, speed=9, trial=4, x__rid_x=d40acbde57e02ff6: dummy_return_one(x)
[12:09:58.374] [INFO] [run] subject=4, session=1, speed=9, trial=5, x__rid_x=9ffe101015d363ba: dummy_return_one(x)
[12:09:58.375] [INFO] [run] subject=4, session=1, speed=9, trial=6, x__rid_x=fd4a3d4de57b965e: dummy_return_one(x)
[12:09:58.376] [INFO] [run] subject=4, session=1, speed=9, trial=7, x__rid_x=24bb3909be57cee8: dummy_return_one(x)
[12:09:58.384] [INFO] [run] subject=4, session=2, speed=1, trial=1, x__rid_x=990ccade314c8af1: dummy_return_one(x)
[12:09:58.386] [INFO] [run] subject=4, session=2, speed=1, trial=2, x__rid_x=e58fd57d1d763d17: dummy_return_one(x)
[12:09:58.395] [INFO] [run] subject=4, session=2, speed=1, trial=3, x__rid_x=7de78bbddf461bb3: dummy_return_one(x)
[12:09:58.397] [INFO] [run] subject=4, session=2, speed=1, trial=4, x__rid_x=69820bee5e498692: dummy_return_one(x)
[12:09:58.405] [INFO] [run] subject=4, session=2, speed=1, trial=5, x__rid_x=35700dab97b7ffb1: dummy_return_one(x)
[12:09:58.406] [INFO] [run] subject=4, session=2, speed=1, trial=6, x__rid_x=c0b395c76e99ebfc: dummy_return_one(x)
[12:09:58.407] [INFO] [run] subject=4, session=2, speed=1, trial=7, x__rid_x=84e9d2d27807e278: dummy_return_one(x)
[12:09:58.416] [INFO] [run] subject=4, session=2, speed=10, trial=1, x__rid_x=6d28b39612f13cb8: dummy_return_one(x)
[12:09:58.417] [INFO] [run] subject=4, session=2, speed=10, trial=2, x__rid_x=c19d5c8d85b6d3eb: dummy_return_one(x)
[12:09:58.418] [INFO] [run] subject=4, session=2, speed=10, trial=3, x__rid_x=ba47f0f95a27e9f6: dummy_return_one(x)
[12:09:58.426] [INFO] [run] subject=4, session=2, speed=10, trial=4, x__rid_x=f742fceb8dd15105: dummy_return_one(x)
[12:09:58.427] [INFO] [run] subject=4, session=2, speed=10, trial=5, x__rid_x=a65b9c294a50e55e: dummy_return_one(x)
[12:09:58.436] [INFO] [run] subject=4, session=2, speed=10, trial=6, x__rid_x=bc7f58c03ca93eec: dummy_return_one(x)
[12:09:58.437] [INFO] [run] subject=4, session=2, speed=10, trial=7, x__rid_x=b974f3e07cd80229: dummy_return_one(x)
[12:09:58.446] [INFO] [run] subject=4, session=2, speed=2, trial=1, x__rid_x=3ac35674325e3336: dummy_return_one(x)
[12:09:58.447] [INFO] [run] subject=4, session=2, speed=2, trial=2, x__rid_x=7387dc1a397cdf8e: dummy_return_one(x)
[12:09:58.455] [INFO] [run] subject=4, session=2, speed=2, trial=3, x__rid_x=50a761a4a64589d3: dummy_return_one(x)
[12:09:58.456] [INFO] [run] subject=4, session=2, speed=2, trial=4, x__rid_x=d1cf9af0c3be1505: dummy_return_one(x)
[12:09:58.457] [INFO] [run] subject=4, session=2, speed=2, trial=5, x__rid_x=1331dfdc5029f20e: dummy_return_one(x)
[12:09:58.465] [INFO] [run] subject=4, session=2, speed=2, trial=6, x__rid_x=65b948ae3701b10c: dummy_return_one(x)
[12:09:58.466] [INFO] [run] subject=4, session=2, speed=2, trial=7, x__rid_x=c0aca5b8a1aa794e: dummy_return_one(x)
[12:09:58.467] [INFO] [run] subject=4, session=2, speed=3, trial=1, x__rid_x=bf4900ff6b0fe9a6: dummy_return_one(x)
[12:09:58.475] [INFO] [run] subject=4, session=2, speed=3, trial=2, x__rid_x=c241befa1abe249d: dummy_return_one(x)
[12:09:58.475] [INFO] [run] subject=4, session=2, speed=3, trial=3, x__rid_x=47c452ddbd6f0075: dummy_return_one(x)
[12:09:58.476] [INFO] [run] subject=4, session=2, speed=3, trial=4, x__rid_x=beb8de7b3e1384d7: dummy_return_one(x)
[12:09:58.485] [INFO] [run] subject=4, session=2, speed=3, trial=5, x__rid_x=2d68543864846042: dummy_return_one(x)
[12:09:58.486] [INFO] [run] subject=4, session=2, speed=3, trial=6, x__rid_x=4034d9e18fdb4e21: dummy_return_one(x)
[12:09:58.486] [INFO] [run] subject=4, session=2, speed=3, trial=7, x__rid_x=8a6246922d7f51b9: dummy_return_one(x)
[12:09:58.494] [INFO] [run] subject=4, session=2, speed=4, trial=1, x__rid_x=e9346b3258eb2eb7: dummy_return_one(x)
[12:09:58.495] [INFO] [run] subject=4, session=2, speed=4, trial=2, x__rid_x=b239b88cef43df83: dummy_return_one(x)
[12:09:58.496] [INFO] [run] subject=4, session=2, speed=4, trial=3, x__rid_x=9db40f754e66ab0e: dummy_return_one(x)
[12:09:58.504] [INFO] [run] subject=4, session=2, speed=4, trial=4, x__rid_x=abb16b8c0418a8f4: dummy_return_one(x)
[12:09:58.505] [INFO] [run] subject=4, session=2, speed=4, trial=5, x__rid_x=9831a682273dd8ac: dummy_return_one(x)
[12:09:58.505] [INFO] [run] subject=4, session=2, speed=4, trial=6, x__rid_x=7f668e2e8007b6e6: dummy_return_one(x)
[12:09:58.514] [INFO] [run] subject=4, session=2, speed=4, trial=7, x__rid_x=20b3dee152457829: dummy_return_one(x)
[12:09:58.515] [INFO] [run] subject=4, session=2, speed=5, trial=1, x__rid_x=ecc43b9ea3bb7deb: dummy_return_one(x)
[12:09:58.524] [INFO] [run] subject=4, session=2, speed=5, trial=2, x__rid_x=969db13d7d780cf8: dummy_return_one(x)
[12:09:58.524] [INFO] [run] subject=4, session=2, speed=5, trial=3, x__rid_x=8eb10e77947b347d: dummy_return_one(x)
[12:09:58.525] [INFO] [run] subject=4, session=2, speed=5, trial=4, x__rid_x=81964926ba9d53b8: dummy_return_one(x)
[12:09:58.533] [INFO] [run] subject=4, session=2, speed=5, trial=5, x__rid_x=49d18022d7967927: dummy_return_one(x)
[12:09:58.535] [INFO] [run] subject=4, session=2, speed=5, trial=6, x__rid_x=e2f445f3fe170536: dummy_return_one(x)
[12:09:58.543] [INFO] [run] subject=4, session=2, speed=5, trial=7, x__rid_x=c9a91d37b2546a15: dummy_return_one(x)
[12:09:58.544] [INFO] [run] subject=4, session=2, speed=6, trial=1, x__rid_x=d2e5a681442dd3d1: dummy_return_one(x)
[12:09:58.544] [INFO] [run] subject=4, session=2, speed=6, trial=2, x__rid_x=0f4bf3bdce7c374f: dummy_return_one(x)
[12:09:58.545] [INFO] [run] subject=4, session=2, speed=6, trial=3, x__rid_x=77e0c6c7d42d045d: dummy_return_one(x)
[12:09:58.553] [INFO] [run] subject=4, session=2, speed=6, trial=4, x__rid_x=26cc927b6e67d202: dummy_return_one(x)
[12:09:58.554] [INFO] [run] subject=4, session=2, speed=6, trial=5, x__rid_x=78b54fbb38ca3331: dummy_return_one(x)
[12:09:58.555] [INFO] [run] subject=4, session=2, speed=6, trial=6, x__rid_x=71f312847be80b53: dummy_return_one(x)
[12:09:58.563] [INFO] [run] subject=4, session=2, speed=6, trial=7, x__rid_x=77217ef6f8cff497: dummy_return_one(x)
[12:09:58.564] [INFO] [run] subject=4, session=2, speed=7, trial=1, x__rid_x=afd87eb7d797fe0c: dummy_return_one(x)
[12:09:58.564] [INFO] [run] subject=4, session=2, speed=7, trial=2, x__rid_x=4e324ede30675bda: dummy_return_one(x)
[12:09:58.572] [INFO] [run] subject=4, session=2, speed=7, trial=3, x__rid_x=4e1caa7f0a2955be: dummy_return_one(x)
[12:09:58.573] [INFO] [run] subject=4, session=2, speed=7, trial=4, x__rid_x=c61958b1b26d0b38: dummy_return_one(x)
[12:09:58.574] [INFO] [run] subject=4, session=2, speed=7, trial=5, x__rid_x=80e11681c00c9be5: dummy_return_one(x)
[12:09:58.582] [INFO] [run] subject=4, session=2, speed=7, trial=6, x__rid_x=c6a7a111b4d2448d: dummy_return_one(x)
[12:09:58.584] [INFO] [run] subject=4, session=2, speed=7, trial=7, x__rid_x=910de535f58edc0a: dummy_return_one(x)
[12:09:58.592] [INFO] [run] subject=4, session=2, speed=8, trial=1, x__rid_x=b914db9f5f3a0739: dummy_return_one(x)
[12:09:58.593] [INFO] [run] subject=4, session=2, speed=8, trial=2, x__rid_x=7f664314f8bcf7be: dummy_return_one(x)
[12:09:58.593] [INFO] [run] subject=4, session=2, speed=8, trial=3, x__rid_x=22bff8ee13efed39: dummy_return_one(x)
[12:09:58.594] [INFO] [run] subject=4, session=2, speed=8, trial=4, x__rid_x=0a2cc6bb17e5af21: dummy_return_one(x)
[12:09:58.602] [INFO] [run] subject=4, session=2, speed=8, trial=5, x__rid_x=e241a2106adf0eb4: dummy_return_one(x)
[12:09:58.603] [INFO] [run] subject=4, session=2, speed=8, trial=6, x__rid_x=01cc9fd2dfc42b80: dummy_return_one(x)
[12:09:58.612] [INFO] [run] subject=4, session=2, speed=8, trial=7, x__rid_x=7a6c2fa89158b127: dummy_return_one(x)
[12:09:58.612] [INFO] [run] subject=4, session=2, speed=9, trial=1, x__rid_x=cc703c45821be2a2: dummy_return_one(x)
[12:09:58.613] [INFO] [run] subject=4, session=2, speed=9, trial=2, x__rid_x=387ccc7ad6a851ed: dummy_return_one(x)
[12:09:58.622] [INFO] [run] subject=4, session=2, speed=9, trial=3, x__rid_x=2cc0ab966aa54211: dummy_return_one(x)
[12:09:58.622] [INFO] [run] subject=4, session=2, speed=9, trial=4, x__rid_x=bf4e493013f418a0: dummy_return_one(x)
[12:09:58.623] [INFO] [run] subject=4, session=2, speed=9, trial=5, x__rid_x=02bb11a9ba888d79: dummy_return_one(x)
[12:09:58.631] [INFO] [run] subject=4, session=2, speed=9, trial=6, x__rid_x=0dcc35ec2834a56c: dummy_return_one(x)
[12:09:58.633] [INFO] [run] subject=4, session=2, speed=9, trial=7, x__rid_x=ca9903a68da35653: dummy_return_one(x)
[12:09:58.641] [INFO] [run] subject=4, session=3, speed=1, trial=1, x__rid_x=10986889dd1730cd: dummy_return_one(x)
[12:09:58.642] [INFO] [run] subject=4, session=3, speed=1, trial=2, x__rid_x=caa062a307ae0112: dummy_return_one(x)
[12:09:58.643] [INFO] [run] subject=4, session=3, speed=1, trial=3, x__rid_x=44f4f760a8aa9710: dummy_return_one(x)
[12:09:58.651] [INFO] [run] subject=4, session=3, speed=1, trial=4, x__rid_x=a71e858560c38f75: dummy_return_one(x)
[12:09:58.652] [INFO] [run] subject=4, session=3, speed=1, trial=5, x__rid_x=8cc4bc3c5a0adb50: dummy_return_one(x)
[12:09:58.653] [INFO] [run] subject=4, session=3, speed=1, trial=6, x__rid_x=68292499d72fa480: dummy_return_one(x)
[12:09:58.661] [INFO] [run] subject=4, session=3, speed=1, trial=7, x__rid_x=c2524c081daf3ac5: dummy_return_one(x)
[12:09:58.661] [INFO] [run] subject=4, session=3, speed=10, trial=1, x__rid_x=ff11a32c09e2db9f: dummy_return_one(x)
[12:09:58.662] [INFO] [run] subject=4, session=3, speed=10, trial=2, x__rid_x=300c4f356d47fbdd: dummy_return_one(x)
[12:09:58.663] [INFO] [run] subject=4, session=3, speed=10, trial=3, x__rid_x=9cbddf60fb775acf: dummy_return_one(x)
[12:09:58.671] [INFO] [run] subject=4, session=3, speed=10, trial=4, x__rid_x=2291de8a9f0a16a1: dummy_return_one(x)
[12:09:58.671] [INFO] [run] subject=4, session=3, speed=10, trial=5, x__rid_x=135236cce8aed911: dummy_return_one(x)
[12:09:58.672] [INFO] [run] subject=4, session=3, speed=10, trial=6, x__rid_x=dabaa687e0bc4a87: dummy_return_one(x)
[12:09:58.681] [INFO] [run] subject=4, session=3, speed=10, trial=7, x__rid_x=cf0f77eeefe21e52: dummy_return_one(x)
[12:09:58.682] [INFO] [run] subject=4, session=3, speed=2, trial=1, x__rid_x=aaf3728e92028667: dummy_return_one(x)
[12:09:58.682] [INFO] [run] subject=4, session=3, speed=2, trial=2, x__rid_x=b4a71b8951e59a58: dummy_return_one(x)
[12:09:58.690] [INFO] [run] subject=4, session=3, speed=2, trial=3, x__rid_x=9d734c3b28fba8ba: dummy_return_one(x)
[12:09:58.691] [INFO] [run] subject=4, session=3, speed=2, trial=4, x__rid_x=8f48c1a731fd8a88: dummy_return_one(x)
[12:09:58.692] [INFO] [run] subject=4, session=3, speed=2, trial=5, x__rid_x=65061cf1e531e77d: dummy_return_one(x)
[12:09:58.692] [INFO] [run] subject=4, session=3, speed=2, trial=6, x__rid_x=4519a69c6903d55f: dummy_return_one(x)
[12:09:58.700] [INFO] [run] subject=4, session=3, speed=2, trial=7, x__rid_x=64adef6312822a53: dummy_return_one(x)
[12:09:58.702] [INFO] [run] subject=4, session=3, speed=3, trial=1, x__rid_x=4275729252cc2915: dummy_return_one(x)
[12:09:58.710] [INFO] [run] subject=4, session=3, speed=3, trial=2, x__rid_x=a938d46a8a85758e: dummy_return_one(x)
[12:09:58.711] [INFO] [run] subject=4, session=3, speed=3, trial=3, x__rid_x=fe1c52cce1daa2ec: dummy_return_one(x)
[12:09:58.711] [INFO] [run] subject=4, session=3, speed=3, trial=4, x__rid_x=63f0b5ea1c6cf970: dummy_return_one(x)
[12:09:58.712] [INFO] [run] subject=4, session=3, speed=3, trial=5, x__rid_x=c2f341601f96c7cc: dummy_return_one(x)
[12:09:58.720] [INFO] [run] subject=4, session=3, speed=3, trial=6, x__rid_x=71eac1f30808370f: dummy_return_one(x)
[12:09:58.721] [INFO] [run] subject=4, session=3, speed=3, trial=7, x__rid_x=dd3ff68eef41f830: dummy_return_one(x)
[12:09:58.721] [INFO] [run] subject=4, session=3, speed=4, trial=1, x__rid_x=a052f6aa7b322398: dummy_return_one(x)
[12:09:58.730] [INFO] [run] subject=4, session=3, speed=4, trial=2, x__rid_x=154f29f758ed2760: dummy_return_one(x)
[12:09:58.731] [INFO] [run] subject=4, session=3, speed=4, trial=3, x__rid_x=70e48d9a971890b6: dummy_return_one(x)
[12:09:58.731] [INFO] [run] subject=4, session=3, speed=4, trial=4, x__rid_x=b2892b80c4858546: dummy_return_one(x)
[12:09:58.740] [INFO] [run] subject=4, session=3, speed=4, trial=5, x__rid_x=447b0ba5ebd7d9fa: dummy_return_one(x)
[12:09:58.740] [INFO] [run] subject=4, session=3, speed=4, trial=6, x__rid_x=bf547bcaa143de89: dummy_return_one(x)
[12:09:58.741] [INFO] [run] subject=4, session=3, speed=4, trial=7, x__rid_x=e8bb66232fcee59f: dummy_return_one(x)
[12:09:58.742] [INFO] [run] subject=4, session=3, speed=5, trial=1, x__rid_x=4e1d1a7f7b5f096f: dummy_return_one(x)
[12:09:58.750] [INFO] [run] subject=4, session=3, speed=5, trial=2, x__rid_x=80b2930212ca1dfb: dummy_return_one(x)
[12:09:58.751] [INFO] [run] subject=4, session=3, speed=5, trial=3, x__rid_x=319482dd08d11044: dummy_return_one(x)
[12:09:58.759] [INFO] [run] subject=4, session=3, speed=5, trial=4, x__rid_x=848f55f48e16d469: dummy_return_one(x)
[12:09:58.760] [INFO] [run] subject=4, session=3, speed=5, trial=5, x__rid_x=6f1d2abf95e34d6d: dummy_return_one(x)
[12:09:58.761] [INFO] [run] subject=4, session=3, speed=5, trial=6, x__rid_x=3af370f9f515be8d: dummy_return_one(x)
[12:09:58.761] [INFO] [run] subject=4, session=3, speed=5, trial=7, x__rid_x=8fd835f549968618: dummy_return_one(x)
[12:09:58.770] [INFO] [run] subject=4, session=3, speed=6, trial=1, x__rid_x=a86a3755b473e23f: dummy_return_one(x)
[12:09:58.771] [INFO] [run] subject=4, session=3, speed=6, trial=2, x__rid_x=a1d7ce2de578efeb: dummy_return_one(x)
[12:09:58.771] [INFO] [run] subject=4, session=3, speed=6, trial=3, x__rid_x=c3bea590d9e75e88: dummy_return_one(x)
[12:09:58.779] [INFO] [run] subject=4, session=3, speed=6, trial=4, x__rid_x=a291193bd1754c93: dummy_return_one(x)
[12:09:58.780] [INFO] [run] subject=4, session=3, speed=6, trial=5, x__rid_x=2d999300283b3e61: dummy_return_one(x)
[12:09:58.781] [INFO] [run] subject=4, session=3, speed=6, trial=6, x__rid_x=7ad27e4b68e5c988: dummy_return_one(x)
[12:09:58.789] [INFO] [run] subject=4, session=3, speed=6, trial=7, x__rid_x=1c2c824c6c9d7dde: dummy_return_one(x)
[12:09:58.790] [INFO] [run] subject=4, session=3, speed=7, trial=1, x__rid_x=e411519360ee5e0f: dummy_return_one(x)
[12:09:58.791] [INFO] [run] subject=4, session=3, speed=7, trial=2, x__rid_x=e8dd8e46c9dc3ad7: dummy_return_one(x)
[12:09:58.799] [INFO] [run] subject=4, session=3, speed=7, trial=3, x__rid_x=5690492ae2e82001: dummy_return_one(x)
[12:09:58.801] [INFO] [run] subject=4, session=3, speed=7, trial=4, x__rid_x=c0a3a8f5b7b42bfc: dummy_return_one(x)
[12:09:58.809] [INFO] [run] subject=4, session=3, speed=7, trial=5, x__rid_x=6297e6e0c659849f: dummy_return_one(x)
[12:09:58.810] [INFO] [run] subject=4, session=3, speed=7, trial=6, x__rid_x=a5136627d4004701: dummy_return_one(x)
[12:09:58.810] [INFO] [run] subject=4, session=3, speed=7, trial=7, x__rid_x=3faea96171aaa694: dummy_return_one(x)
[12:09:58.819] [INFO] [run] subject=4, session=3, speed=8, trial=1, x__rid_x=d466a5a907f00136: dummy_return_one(x)
[12:09:58.820] [INFO] [run] subject=4, session=3, speed=8, trial=2, x__rid_x=1b16d546fcd89343: dummy_return_one(x)
[12:09:58.829] [INFO] [run] subject=4, session=3, speed=8, trial=3, x__rid_x=8ec98aa89f3c579c: dummy_return_one(x)
[12:09:58.830] [INFO] [run] subject=4, session=3, speed=8, trial=4, x__rid_x=1d6d4cebb45429f8: dummy_return_one(x)
[12:09:58.831] [INFO] [run] subject=4, session=3, speed=8, trial=5, x__rid_x=7ce4fb0f27bca7d3: dummy_return_one(x)
[12:09:58.839] [INFO] [run] subject=4, session=3, speed=8, trial=6, x__rid_x=270e81f4b78b492b: dummy_return_one(x)
[12:09:58.840] [INFO] [run] subject=4, session=3, speed=8, trial=7, x__rid_x=5f1d62e37836ba82: dummy_return_one(x)
[12:09:58.849] [INFO] [run] subject=4, session=3, speed=9, trial=1, x__rid_x=4aba78c010ac6137: dummy_return_one(x)
[12:09:58.850] [INFO] [run] subject=4, session=3, speed=9, trial=2, x__rid_x=c508a194c722a603: dummy_return_one(x)
[12:09:58.859] [INFO] [run] subject=4, session=3, speed=9, trial=3, x__rid_x=c97a24e783974683: dummy_return_one(x)
[12:09:58.859] [INFO] [run] subject=4, session=3, speed=9, trial=4, x__rid_x=71e46f2458569ef5: dummy_return_one(x)
[12:09:58.860] [INFO] [run] subject=4, session=3, speed=9, trial=5, x__rid_x=057f84134995f5a0: dummy_return_one(x)
[12:09:58.869] [INFO] [run] subject=4, session=3, speed=9, trial=6, x__rid_x=ba55371ac9968f1c: dummy_return_one(x)
[12:09:58.870] [INFO] [run] subject=4, session=3, speed=9, trial=7, x__rid_x=292c1e3e77765111: dummy_return_one(x)
[12:09:58.870] [INFO] [run] subject=4, session=4, speed=1, trial=1, x__rid_x=08fab4b43410a705: dummy_return_one(x)
[12:09:58.878] [INFO] [run] subject=4, session=4, speed=1, trial=2, x__rid_x=3ee2a06d7d877c4d: dummy_return_one(x)
[12:09:58.879] [INFO] [run] subject=4, session=4, speed=1, trial=3, x__rid_x=64b6de9fa840ad00: dummy_return_one(x)
[12:09:58.880] [INFO] [run] subject=4, session=4, speed=1, trial=4, x__rid_x=fa0885221a22b0fb: dummy_return_one(x)
[12:09:58.888] [INFO] [run] subject=4, session=4, speed=1, trial=5, x__rid_x=32d60714f20025bb: dummy_return_one(x)
[12:09:58.889] [INFO] [run] subject=4, session=4, speed=1, trial=6, x__rid_x=da3cd7d4306fef5f: dummy_return_one(x)
[12:09:58.890] [INFO] [run] subject=4, session=4, speed=1, trial=7, x__rid_x=fc12ddb156b5d0f3: dummy_return_one(x)
[12:09:58.890] [INFO] [run] subject=4, session=4, speed=10, trial=1, x__rid_x=4be6ef42be9edfc3: dummy_return_one(x)
[12:09:58.898] [INFO] [run] subject=4, session=4, speed=10, trial=2, x__rid_x=a72d258ad53052b9: dummy_return_one(x)
[12:09:58.900] [INFO] [run] subject=4, session=4, speed=10, trial=3, x__rid_x=49c6c5290f5937cc: dummy_return_one(x)
[12:09:58.900] [INFO] [run] subject=4, session=4, speed=10, trial=4, x__rid_x=a0b60e21e3d63d97: dummy_return_one(x)
[12:09:58.908] [INFO] [run] subject=4, session=4, speed=10, trial=5, x__rid_x=808e8ca6ac39f1d5: dummy_return_one(x)
[12:09:58.909] [INFO] [run] subject=4, session=4, speed=10, trial=6, x__rid_x=b11d4376b301c909: dummy_return_one(x)
[12:09:58.910] [INFO] [run] subject=4, session=4, speed=10, trial=7, x__rid_x=a6adff6cfba8efe3: dummy_return_one(x)
[12:09:58.918] [INFO] [run] subject=4, session=4, speed=2, trial=1, x__rid_x=dbba01531a5f9332: dummy_return_one(x)
[12:09:58.920] [INFO] [run] subject=4, session=4, speed=2, trial=2, x__rid_x=31b22eac9de7aeea: dummy_return_one(x)
[12:09:58.920] [INFO] [run] subject=4, session=4, speed=2, trial=3, x__rid_x=53a3c942e68aa36f: dummy_return_one(x)
[12:09:58.928] [INFO] [run] subject=4, session=4, speed=2, trial=4, x__rid_x=30cf26bc981361e3: dummy_return_one(x)
[12:09:58.929] [INFO] [run] subject=4, session=4, speed=2, trial=5, x__rid_x=828e8d3392c915b7: dummy_return_one(x)
[12:09:58.930] [INFO] [run] subject=4, session=4, speed=2, trial=6, x__rid_x=4c6d12c74043e762: dummy_return_one(x)
[12:09:58.938] [INFO] [run] subject=4, session=4, speed=2, trial=7, x__rid_x=23b0f4363b4a458f: dummy_return_one(x)
[12:09:58.939] [INFO] [run] subject=4, session=4, speed=3, trial=1, x__rid_x=4c5432dff84b807e: dummy_return_one(x)
[12:09:58.940] [INFO] [run] subject=4, session=4, speed=3, trial=2, x__rid_x=0fa2b21df1fd3a3b: dummy_return_one(x)
[12:09:58.948] [INFO] [run] subject=4, session=4, speed=3, trial=3, x__rid_x=0a91ae3e29750239: dummy_return_one(x)
[12:09:58.950] [INFO] [run] subject=4, session=4, speed=3, trial=4, x__rid_x=714530435c2a4b91: dummy_return_one(x)
[12:09:58.958] [INFO] [run] subject=4, session=4, speed=3, trial=5, x__rid_x=de6e4209d0eedc87: dummy_return_one(x)
[12:09:58.959] [INFO] [run] subject=4, session=4, speed=3, trial=6, x__rid_x=3cc47ed3d131c387: dummy_return_one(x)
[12:09:58.959] [INFO] [run] subject=4, session=4, speed=3, trial=7, x__rid_x=9d10bd3dc4ff5638: dummy_return_one(x)
[12:09:58.960] [INFO] [run] subject=4, session=4, speed=4, trial=1, x__rid_x=676df6e01001e050: dummy_return_one(x)
[12:09:58.968] [INFO] [run] subject=4, session=4, speed=4, trial=2, x__rid_x=cc3825d3225b8443: dummy_return_one(x)
[12:09:58.969] [INFO] [run] subject=4, session=4, speed=4, trial=3, x__rid_x=36349c171c06995f: dummy_return_one(x)
[12:09:58.978] [INFO] [run] subject=4, session=4, speed=4, trial=4, x__rid_x=6ed2634a9bf08872: dummy_return_one(x)
[12:09:58.979] [INFO] [run] subject=4, session=4, speed=4, trial=5, x__rid_x=f3540d7538776ecd: dummy_return_one(x)
[12:09:58.980] [INFO] [run] subject=4, session=4, speed=4, trial=6, x__rid_x=750ca599bad3e814: dummy_return_one(x)
[12:09:58.988] [INFO] [run] subject=4, session=4, speed=4, trial=7, x__rid_x=419b78ac108461f9: dummy_return_one(x)
[12:09:58.989] [INFO] [run] subject=4, session=4, speed=5, trial=1, x__rid_x=ef21ff32a5e0af55: dummy_return_one(x)
[12:09:58.989] [INFO] [run] subject=4, session=4, speed=5, trial=2, x__rid_x=c6770c51aadbeaf3: dummy_return_one(x)
[12:09:58.998] [INFO] [run] subject=4, session=4, speed=5, trial=3, x__rid_x=444ddb32f681400f: dummy_return_one(x)
[12:09:59.000] [INFO] [run] subject=4, session=4, speed=5, trial=4, x__rid_x=5893d88eb02d84f6: dummy_return_one(x)
[12:09:59.000] [INFO] [run] subject=4, session=4, speed=5, trial=5, x__rid_x=fff77f0dbc6384ed: dummy_return_one(x)
[12:09:59.001] [INFO] [run] subject=4, session=4, speed=5, trial=6, x__rid_x=971063a8eda8e9fa: dummy_return_one(x)
[12:09:59.001] [INFO] [run] subject=4, session=4, speed=5, trial=7, x__rid_x=64fd9418f472512c: dummy_return_one(x)
[12:09:59.002] [INFO] [run] subject=4, session=4, speed=6, trial=1, x__rid_x=13be0fe486d279ee: dummy_return_one(x)
[12:09:59.003] [INFO] [run] subject=4, session=4, speed=6, trial=2, x__rid_x=394078b1511ce44f: dummy_return_one(x)
[12:09:59.003] [INFO] [run] subject=4, session=4, speed=6, trial=3, x__rid_x=cbe31837fb021159: dummy_return_one(x)
[12:09:59.004] [INFO] [run] subject=4, session=4, speed=6, trial=4, x__rid_x=0855dce756b594c4: dummy_return_one(x)
[12:09:59.005] [INFO] [run] subject=4, session=4, speed=6, trial=5, x__rid_x=a4d1d8127d40cdc7: dummy_return_one(x)
[12:09:59.005] [INFO] [run] subject=4, session=4, speed=6, trial=6, x__rid_x=b48d67ff4a9ffa60: dummy_return_one(x)
[12:09:59.006] [INFO] [run] subject=4, session=4, speed=6, trial=7, x__rid_x=9e8aadb599c9fa48: dummy_return_one(x)
[12:09:59.006] [INFO] [run] subject=4, session=4, speed=7, trial=1, x__rid_x=b3087ea02299afd4: dummy_return_one(x)
[12:09:59.007] [INFO] [run] subject=4, session=4, speed=7, trial=2, x__rid_x=263ab21d90f96dfb: dummy_return_one(x)
[12:09:59.008] [INFO] [run] subject=4, session=4, speed=7, trial=3, x__rid_x=faff201346161dd5: dummy_return_one(x)
[12:09:59.008] [INFO] [run] subject=4, session=4, speed=7, trial=4, x__rid_x=d98a545c7ff10307: dummy_return_one(x)
[12:09:59.009] [INFO] [run] subject=4, session=4, speed=7, trial=5, x__rid_x=ced90071c75a58e0: dummy_return_one(x)
[12:09:59.010] [INFO] [run] subject=4, session=4, speed=7, trial=6, x__rid_x=9f744fec4e6e3fb9: dummy_return_one(x)
[12:09:59.010] [INFO] [run] subject=4, session=4, speed=7, trial=7, x__rid_x=e56c9a4286b75535: dummy_return_one(x)
[12:09:59.011] [INFO] [run] subject=4, session=4, speed=8, trial=1, x__rid_x=f88cb30ca3da681b: dummy_return_one(x)
[12:09:59.011] [INFO] [run] subject=4, session=4, speed=8, trial=2, x__rid_x=2ebba73f6e2201b1: dummy_return_one(x)
[12:09:59.012] [INFO] [run] subject=4, session=4, speed=8, trial=3, x__rid_x=8827f29e9d398b16: dummy_return_one(x)
[12:09:59.013] [INFO] [run] subject=4, session=4, speed=8, trial=4, x__rid_x=dde91a3b89f93595: dummy_return_one(x)
[12:09:59.013] [INFO] [run] subject=4, session=4, speed=8, trial=5, x__rid_x=6742e70f67bdfcd3: dummy_return_one(x)
[12:09:59.014] [INFO] [run] subject=4, session=4, speed=8, trial=6, x__rid_x=e749f33a9bdcbde4: dummy_return_one(x)
[12:09:59.015] [INFO] [run] subject=4, session=4, speed=8, trial=7, x__rid_x=5b9b37316c09d78e: dummy_return_one(x)
[12:09:59.015] [INFO] [run] subject=4, session=4, speed=9, trial=1, x__rid_x=65d969d04b3b4b3a: dummy_return_one(x)
[12:09:59.016] [INFO] [run] subject=4, session=4, speed=9, trial=2, x__rid_x=6641e0a46f4e92dc: dummy_return_one(x)
[12:09:59.017] [INFO] [run] subject=4, session=4, speed=9, trial=3, x__rid_x=118d2b5f92b94909: dummy_return_one(x)
[12:09:59.017] [INFO] [run] subject=4, session=4, speed=9, trial=4, x__rid_x=452b7f133f1c6ef1: dummy_return_one(x)
[12:09:59.018] [INFO] [run] subject=4, session=4, speed=9, trial=5, x__rid_x=2f0206c305736c47: dummy_return_one(x)
[12:09:59.018] [INFO] [run] subject=4, session=4, speed=9, trial=6, x__rid_x=e4c13a716b12958d: dummy_return_one(x)
[12:09:59.019] [INFO] [run] subject=4, session=4, speed=9, trial=7, x__rid_x=618b771245c61bf1: dummy_return_one(x)
[12:09:59.020] [INFO] [run] subject=4, session=5, speed=1, trial=1, x__rid_x=48ec9eb77a80eb44: dummy_return_one(x)
[12:09:59.020] [INFO] [run] subject=4, session=5, speed=1, trial=2, x__rid_x=83fbdedd122caaa8: dummy_return_one(x)
[12:09:59.021] [INFO] [run] subject=4, session=5, speed=1, trial=3, x__rid_x=8d68accf78e293eb: dummy_return_one(x)
[12:09:59.022] [INFO] [run] subject=4, session=5, speed=1, trial=4, x__rid_x=7804914d51bf814b: dummy_return_one(x)
[12:09:59.022] [INFO] [run] subject=4, session=5, speed=1, trial=5, x__rid_x=67a9818cced3e27f: dummy_return_one(x)
[12:09:59.023] [INFO] [run] subject=4, session=5, speed=1, trial=6, x__rid_x=96e40c2920b77205: dummy_return_one(x)
[12:09:59.023] [INFO] [run] subject=4, session=5, speed=1, trial=7, x__rid_x=e1d4b4c8883d1453: dummy_return_one(x)
[12:09:59.024] [INFO] [run] subject=4, session=5, speed=10, trial=1, x__rid_x=d19fba005a4bd794: dummy_return_one(x)
[12:09:59.024] [INFO] [run] subject=4, session=5, speed=10, trial=2, x__rid_x=445e1b779e97c761: dummy_return_one(x)
[12:09:59.025] [INFO] [run] subject=4, session=5, speed=10, trial=3, x__rid_x=cd79a4eb73724902: dummy_return_one(x)
[12:09:59.026] [INFO] [run] subject=4, session=5, speed=10, trial=4, x__rid_x=80ad7daa0c5c4f3d: dummy_return_one(x)
[12:09:59.026] [INFO] [run] subject=4, session=5, speed=10, trial=5, x__rid_x=58c05653b63f5aca: dummy_return_one(x)
[12:09:59.027] [INFO] [run] subject=4, session=5, speed=10, trial=6, x__rid_x=184ffc9d66a986bb: dummy_return_one(x)
[12:09:59.027] [INFO] [run] subject=4, session=5, speed=10, trial=7, x__rid_x=feaa6f00a26c1d21: dummy_return_one(x)
[12:09:59.028] [INFO] [run] subject=4, session=5, speed=2, trial=1, x__rid_x=0942e55e6bfd5cc1: dummy_return_one(x)
[12:09:59.029] [INFO] [run] subject=4, session=5, speed=2, trial=2, x__rid_x=f4863007088c7e93: dummy_return_one(x)
[12:09:59.029] [INFO] [run] subject=4, session=5, speed=2, trial=3, x__rid_x=9049ca75e1f17546: dummy_return_one(x)
[12:09:59.031] [INFO] [run] subject=4, session=5, speed=2, trial=4, x__rid_x=204a1ebbee3f3d15: dummy_return_one(x)
[12:09:59.031] [INFO] [run] subject=4, session=5, speed=2, trial=5, x__rid_x=2de9ac56556b95bd: dummy_return_one(x)
[12:09:59.032] [INFO] [run] subject=4, session=5, speed=2, trial=6, x__rid_x=de834e6072537f55: dummy_return_one(x)
[12:09:59.033] [INFO] [run] subject=4, session=5, speed=2, trial=7, x__rid_x=50ea7ed7e03c5b44: dummy_return_one(x)
[12:09:59.033] [INFO] [run] subject=4, session=5, speed=3, trial=1, x__rid_x=406745be4d047e10: dummy_return_one(x)
[12:09:59.034] [INFO] [run] subject=4, session=5, speed=3, trial=2, x__rid_x=3f4c1882a7bd58cb: dummy_return_one(x)
[12:09:59.034] [INFO] [run] subject=4, session=5, speed=3, trial=3, x__rid_x=02b5678e57c5ac72: dummy_return_one(x)
[12:09:59.035] [INFO] [run] subject=4, session=5, speed=3, trial=4, x__rid_x=ad295d57f239ea4d: dummy_return_one(x)
[12:09:59.036] [INFO] [run] subject=4, session=5, speed=3, trial=5, x__rid_x=7a0f004d154e31e4: dummy_return_one(x)
[12:09:59.036] [INFO] [run] subject=4, session=5, speed=3, trial=6, x__rid_x=cc4ffe08478c6abe: dummy_return_one(x)
[12:09:59.037] [INFO] [run] subject=4, session=5, speed=3, trial=7, x__rid_x=01c0954aa71dbdc8: dummy_return_one(x)
[12:09:59.037] [INFO] [run] subject=4, session=5, speed=4, trial=1, x__rid_x=dcbc6cefe6d4f21f: dummy_return_one(x)
[12:09:59.038] [INFO] [run] subject=4, session=5, speed=4, trial=2, x__rid_x=67d9e3084cc1cf55: dummy_return_one(x)
[12:09:59.039] [INFO] [run] subject=4, session=5, speed=4, trial=3, x__rid_x=58ddf9769ef6e962: dummy_return_one(x)
[12:09:59.040] [INFO] [run] subject=4, session=5, speed=4, trial=4, x__rid_x=65de0e0c8d43121a: dummy_return_one(x)
[12:09:59.040] [INFO] [run] subject=4, session=5, speed=4, trial=5, x__rid_x=73b745cab9d8204c: dummy_return_one(x)
[12:09:59.041] [INFO] [run] subject=4, session=5, speed=4, trial=6, x__rid_x=1184f72a3c3ba755: dummy_return_one(x)
[12:09:59.041] [INFO] [run] subject=4, session=5, speed=4, trial=7, x__rid_x=493be93439a04652: dummy_return_one(x)
[12:09:59.042] [INFO] [run] subject=4, session=5, speed=5, trial=1, x__rid_x=9da07388f43c3e8c: dummy_return_one(x)
[12:09:59.043] [INFO] [run] subject=4, session=5, speed=5, trial=2, x__rid_x=21f7c96f9ef8f66c: dummy_return_one(x)
[12:09:59.043] [INFO] [run] subject=4, session=5, speed=5, trial=3, x__rid_x=0166145c4549ef8d: dummy_return_one(x)
[12:09:59.044] [INFO] [run] subject=4, session=5, speed=5, trial=4, x__rid_x=9bdb56414b568671: dummy_return_one(x)
[12:09:59.044] [INFO] [run] subject=4, session=5, speed=5, trial=5, x__rid_x=7218a780116d2c24: dummy_return_one(x)
[12:09:59.045] [INFO] [run] subject=4, session=5, speed=5, trial=6, x__rid_x=5ac06a7019412b3f: dummy_return_one(x)
[12:09:59.046] [INFO] [run] subject=4, session=5, speed=5, trial=7, x__rid_x=47faf622948db76d: dummy_return_one(x)
[12:09:59.047] [INFO] [run] subject=4, session=5, speed=6, trial=1, x__rid_x=a135cd9fb4d1b13f: dummy_return_one(x)
[12:09:59.047] [INFO] [run] subject=4, session=5, speed=6, trial=2, x__rid_x=6b9b2f6f568e3ea4: dummy_return_one(x)
[12:09:59.048] [INFO] [run] subject=4, session=5, speed=6, trial=3, x__rid_x=b114feabba712a4b: dummy_return_one(x)
[12:09:59.049] [INFO] [run] subject=4, session=5, speed=6, trial=4, x__rid_x=d41b57b42aa99545: dummy_return_one(x)
[12:09:59.049] [INFO] [run] subject=4, session=5, speed=6, trial=5, x__rid_x=a70513906a832cc2: dummy_return_one(x)
[12:09:59.050] [INFO] [run] subject=4, session=5, speed=6, trial=6, x__rid_x=d82c56f84d299601: dummy_return_one(x)
[12:09:59.051] [INFO] [run] subject=4, session=5, speed=6, trial=7, x__rid_x=bbfdb2789cbc78f7: dummy_return_one(x)
[12:09:59.051] [INFO] [run] subject=4, session=5, speed=7, trial=1, x__rid_x=ca39fcf8cfd56a9d: dummy_return_one(x)
[12:09:59.052] [INFO] [run] subject=4, session=5, speed=7, trial=2, x__rid_x=e39c5ff171ead92c: dummy_return_one(x)
[12:09:59.052] [INFO] [run] subject=4, session=5, speed=7, trial=3, x__rid_x=02a719a2fa84843b: dummy_return_one(x)
[12:09:59.053] [INFO] [run] subject=4, session=5, speed=7, trial=4, x__rid_x=79931294492e0227: dummy_return_one(x)
[12:09:59.054] [INFO] [run] subject=4, session=5, speed=7, trial=5, x__rid_x=dd3e74d8f4b1d546: dummy_return_one(x)
[12:09:59.054] [INFO] [run] subject=4, session=5, speed=7, trial=6, x__rid_x=545c769f38a302fa: dummy_return_one(x)
[12:09:59.055] [INFO] [run] subject=4, session=5, speed=7, trial=7, x__rid_x=8fdb1730676280c1: dummy_return_one(x)
[12:09:59.055] [INFO] [run] subject=4, session=5, speed=8, trial=1, x__rid_x=12dbdceef54ca44c: dummy_return_one(x)
[12:09:59.056] [INFO] [run] subject=4, session=5, speed=8, trial=2, x__rid_x=ab8a2db4c1dcf16d: dummy_return_one(x)
[12:09:59.057] [INFO] [run] subject=4, session=5, speed=8, trial=3, x__rid_x=d4e1287e7181e943: dummy_return_one(x)
[12:09:59.057] [INFO] [run] subject=4, session=5, speed=8, trial=4, x__rid_x=7dcd7099e13b38cb: dummy_return_one(x)
[12:09:59.058] [INFO] [run] subject=4, session=5, speed=8, trial=5, x__rid_x=2e2ee2398f78bd6c: dummy_return_one(x)
[12:09:59.058] [INFO] [run] subject=4, session=5, speed=8, trial=6, x__rid_x=f414377fbd89a723: dummy_return_one(x)
[12:09:59.059] [INFO] [run] subject=4, session=5, speed=8, trial=7, x__rid_x=284d09d9e570064f: dummy_return_one(x)
[12:09:59.060] [INFO] [run] subject=4, session=5, speed=9, trial=1, x__rid_x=79565288df877316: dummy_return_one(x)
[12:09:59.060] [INFO] [run] subject=4, session=5, speed=9, trial=2, x__rid_x=77d2297733ced7c1: dummy_return_one(x)
[12:09:59.061] [INFO] [run] subject=4, session=5, speed=9, trial=3, x__rid_x=345a133dda832470: dummy_return_one(x)
[12:09:59.062] [INFO] [run] subject=4, session=5, speed=9, trial=4, x__rid_x=96f0a3a0619f727e: dummy_return_one(x)
[12:09:59.063] [INFO] [run] subject=4, session=5, speed=9, trial=5, x__rid_x=490a3e8e96d4283d: dummy_return_one(x)
[12:09:59.064] [INFO] [run] subject=4, session=5, speed=9, trial=6, x__rid_x=d153c2e3d49c1ee7: dummy_return_one(x)
[12:09:59.064] [INFO] [run] subject=4, session=5, speed=9, trial=7, x__rid_x=05a9d7f2f1d30381: dummy_return_one(x)
[12:09:59.065] [INFO] [run] subject=5, session=1, speed=1, trial=1, x__rid_x=3d307e4804e771ef: dummy_return_one(x)
[12:09:59.066] [INFO] [run] subject=5, session=1, speed=1, trial=2, x__rid_x=356bfe425638db14: dummy_return_one(x)
[12:09:59.066] [INFO] [run] subject=5, session=1, speed=1, trial=3, x__rid_x=8090e4445c36635f: dummy_return_one(x)
[12:09:59.067] [INFO] [run] subject=5, session=1, speed=1, trial=4, x__rid_x=6c656661675bff53: dummy_return_one(x)
[12:09:59.067] [INFO] [run] subject=5, session=1, speed=1, trial=5, x__rid_x=e900914eb1d2931f: dummy_return_one(x)
[12:09:59.068] [INFO] [run] subject=5, session=1, speed=1, trial=6, x__rid_x=1ec9e3b346c19a4c: dummy_return_one(x)
[12:09:59.069] [INFO] [run] subject=5, session=1, speed=1, trial=7, x__rid_x=b5645a18f5795104: dummy_return_one(x)
[12:09:59.069] [INFO] [run] subject=5, session=1, speed=10, trial=1, x__rid_x=45c9a22906c928da: dummy_return_one(x)
[12:09:59.070] [INFO] [run] subject=5, session=1, speed=10, trial=2, x__rid_x=0f9dd8c17fe1a05f: dummy_return_one(x)
[12:09:59.070] [INFO] [run] subject=5, session=1, speed=10, trial=3, x__rid_x=76f5e17bf65b1881: dummy_return_one(x)
[12:09:59.071] [INFO] [run] subject=5, session=1, speed=10, trial=4, x__rid_x=93ce404f2a8cc625: dummy_return_one(x)
[12:09:59.071] [INFO] [run] subject=5, session=1, speed=10, trial=5, x__rid_x=02792cee8035fe23: dummy_return_one(x)
[12:09:59.072] [INFO] [run] subject=5, session=1, speed=10, trial=6, x__rid_x=a8869dd1736928ab: dummy_return_one(x)
[12:09:59.073] [INFO] [run] subject=5, session=1, speed=10, trial=7, x__rid_x=f58d7f3febb8e19f: dummy_return_one(x)
[12:09:59.073] [INFO] [run] subject=5, session=1, speed=2, trial=1, x__rid_x=dae016bfa472860e: dummy_return_one(x)
[12:09:59.074] [INFO] [run] subject=5, session=1, speed=2, trial=2, x__rid_x=4309db0e7c774270: dummy_return_one(x)
[12:09:59.074] [INFO] [run] subject=5, session=1, speed=2, trial=3, x__rid_x=7f8b11e16d749668: dummy_return_one(x)
[12:09:59.075] [INFO] [run] subject=5, session=1, speed=2, trial=4, x__rid_x=d5dbe65b53a1ad11: dummy_return_one(x)
[12:09:59.076] [INFO] [run] subject=5, session=1, speed=2, trial=5, x__rid_x=970615df35917875: dummy_return_one(x)
[12:09:59.076] [INFO] [run] subject=5, session=1, speed=2, trial=6, x__rid_x=41c200199dd19e0e: dummy_return_one(x)
[12:09:59.077] [INFO] [run] subject=5, session=1, speed=2, trial=7, x__rid_x=7e51ee6f5ee28cf8: dummy_return_one(x)
[12:09:59.078] [INFO] [run] subject=5, session=1, speed=3, trial=1, x__rid_x=e7dbabb902816eae: dummy_return_one(x)
[12:09:59.078] [INFO] [run] subject=5, session=1, speed=3, trial=2, x__rid_x=6f7976bbee48c298: dummy_return_one(x)
[12:09:59.079] [INFO] [run] subject=5, session=1, speed=3, trial=3, x__rid_x=58127603a9328309: dummy_return_one(x)
[12:09:59.079] [INFO] [run] subject=5, session=1, speed=3, trial=4, x__rid_x=05b69cb9e1678e8d: dummy_return_one(x)
[12:09:59.080] [INFO] [run] subject=5, session=1, speed=3, trial=5, x__rid_x=3c80e9f546cddf21: dummy_return_one(x)
[12:09:59.081] [INFO] [run] subject=5, session=1, speed=3, trial=6, x__rid_x=c4624243867a2cf3: dummy_return_one(x)
[12:09:59.082] [INFO] [run] subject=5, session=1, speed=3, trial=7, x__rid_x=5064ec8a52ee8503: dummy_return_one(x)
[12:09:59.082] [INFO] [run] subject=5, session=1, speed=4, trial=1, x__rid_x=d93568b48ec71db9: dummy_return_one(x)
[12:09:59.083] [INFO] [run] subject=5, session=1, speed=4, trial=2, x__rid_x=7964630cbe0f0d6a: dummy_return_one(x)
[12:09:59.084] [INFO] [run] subject=5, session=1, speed=4, trial=3, x__rid_x=a020bbae68006317: dummy_return_one(x)
[12:09:59.084] [INFO] [run] subject=5, session=1, speed=4, trial=4, x__rid_x=b501656357d501b4: dummy_return_one(x)
[12:09:59.085] [INFO] [run] subject=5, session=1, speed=4, trial=5, x__rid_x=17b56d165bb9a046: dummy_return_one(x)
[12:09:59.086] [INFO] [run] subject=5, session=1, speed=4, trial=6, x__rid_x=b6a487a6a74a9187: dummy_return_one(x)
[12:09:59.086] [INFO] [run] subject=5, session=1, speed=4, trial=7, x__rid_x=17d40907014e3d67: dummy_return_one(x)
[12:09:59.087] [INFO] [run] subject=5, session=1, speed=5, trial=1, x__rid_x=6796ac50c6e00d89: dummy_return_one(x)
[12:09:59.087] [INFO] [run] subject=5, session=1, speed=5, trial=2, x__rid_x=ba6cde9771fd4041: dummy_return_one(x)
[12:09:59.088] [INFO] [run] subject=5, session=1, speed=5, trial=3, x__rid_x=3b446ba581a73425: dummy_return_one(x)
[12:09:59.089] [INFO] [run] subject=5, session=1, speed=5, trial=4, x__rid_x=1a2f771b0b82243d: dummy_return_one(x)
[12:09:59.089] [INFO] [run] subject=5, session=1, speed=5, trial=5, x__rid_x=50423342ae899e56: dummy_return_one(x)
[12:09:59.090] [INFO] [run] subject=5, session=1, speed=5, trial=6, x__rid_x=e6e1eb34fa6304e5: dummy_return_one(x)
[12:09:59.090] [INFO] [run] subject=5, session=1, speed=5, trial=7, x__rid_x=dc9d97883ae6d154: dummy_return_one(x)
[12:09:59.091] [INFO] [run] subject=5, session=1, speed=6, trial=1, x__rid_x=bea89cd2aa0d581b: dummy_return_one(x)
[12:09:59.092] [INFO] [run] subject=5, session=1, speed=6, trial=2, x__rid_x=e14c7388c81b5b95: dummy_return_one(x)
[12:09:59.092] [INFO] [run] subject=5, session=1, speed=6, trial=3, x__rid_x=18f5a6b064d25ed8: dummy_return_one(x)
[12:09:59.093] [INFO] [run] subject=5, session=1, speed=6, trial=4, x__rid_x=315475a815753e81: dummy_return_one(x)
[12:09:59.094] [INFO] [run] subject=5, session=1, speed=6, trial=5, x__rid_x=a1ef93e229f9cf3c: dummy_return_one(x)
[12:09:59.094] [INFO] [run] subject=5, session=1, speed=6, trial=6, x__rid_x=7e40922f9d8913f8: dummy_return_one(x)
[12:09:59.095] [INFO] [run] subject=5, session=1, speed=6, trial=7, x__rid_x=06914e6da48e1c71: dummy_return_one(x)
[12:09:59.096] [INFO] [run] subject=5, session=1, speed=7, trial=1, x__rid_x=d13bc2958ad73932: dummy_return_one(x)
[12:09:59.097] [INFO] [run] subject=5, session=1, speed=7, trial=2, x__rid_x=65ccbcd329646370: dummy_return_one(x)
[12:09:59.098] [INFO] [run] subject=5, session=1, speed=7, trial=3, x__rid_x=ec8f8b9e74c129f5: dummy_return_one(x)
[12:09:59.098] [INFO] [run] subject=5, session=1, speed=7, trial=4, x__rid_x=89d633c6bc1a03ff: dummy_return_one(x)
[12:09:59.099] [INFO] [run] subject=5, session=1, speed=7, trial=5, x__rid_x=f2308fbe6764b2a1: dummy_return_one(x)
[12:09:59.099] [INFO] [run] subject=5, session=1, speed=7, trial=6, x__rid_x=5cf86086e81c4cfd: dummy_return_one(x)
[12:09:59.100] [INFO] [run] subject=5, session=1, speed=7, trial=7, x__rid_x=a25b3599a3dccb58: dummy_return_one(x)
[12:09:59.101] [INFO] [run] subject=5, session=1, speed=8, trial=1, x__rid_x=5acfec36c525b2fb: dummy_return_one(x)
[12:09:59.101] [INFO] [run] subject=5, session=1, speed=8, trial=2, x__rid_x=0121ebdafe87344f: dummy_return_one(x)
[12:09:59.102] [INFO] [run] subject=5, session=1, speed=8, trial=3, x__rid_x=7026ff44d93d9a53: dummy_return_one(x)
[12:09:59.103] [INFO] [run] subject=5, session=1, speed=8, trial=4, x__rid_x=c225cc1b11ca95ba: dummy_return_one(x)
[12:09:59.103] [INFO] [run] subject=5, session=1, speed=8, trial=5, x__rid_x=15c2f3c35de1db3a: dummy_return_one(x)
[12:09:59.104] [INFO] [run] subject=5, session=1, speed=8, trial=6, x__rid_x=42fc53f3655e97b6: dummy_return_one(x)
[12:09:59.105] [INFO] [run] subject=5, session=1, speed=8, trial=7, x__rid_x=6df7a322e683ba24: dummy_return_one(x)
[12:09:59.105] [INFO] [run] subject=5, session=1, speed=9, trial=1, x__rid_x=7de0d3ac54a0e37d: dummy_return_one(x)
[12:09:59.106] [INFO] [run] subject=5, session=1, speed=9, trial=2, x__rid_x=15c2e5fb03db40f0: dummy_return_one(x)
[12:09:59.106] [INFO] [run] subject=5, session=1, speed=9, trial=3, x__rid_x=db02b0dc9e369a6d: dummy_return_one(x)
[12:09:59.107] [INFO] [run] subject=5, session=1, speed=9, trial=4, x__rid_x=16a2177fe3289249: dummy_return_one(x)
[12:09:59.108] [INFO] [run] subject=5, session=1, speed=9, trial=5, x__rid_x=17db2595c95a13b4: dummy_return_one(x)
[12:09:59.108] [INFO] [run] subject=5, session=1, speed=9, trial=6, x__rid_x=b8d3121685047b98: dummy_return_one(x)
[12:09:59.109] [INFO] [run] subject=5, session=1, speed=9, trial=7, x__rid_x=a93dc84e33254f7c: dummy_return_one(x)
[12:09:59.109] [INFO] [run] subject=5, session=2, speed=1, trial=1, x__rid_x=62dea29793e94e34: dummy_return_one(x)
[12:09:59.110] [INFO] [run] subject=5, session=2, speed=1, trial=2, x__rid_x=bb90fc75cb6b6651: dummy_return_one(x)
[12:09:59.110] [INFO] [run] subject=5, session=2, speed=1, trial=3, x__rid_x=2448b86726f3d1ee: dummy_return_one(x)
[12:09:59.111] [INFO] [run] subject=5, session=2, speed=1, trial=4, x__rid_x=b27c39359fc46dd7: dummy_return_one(x)
[12:09:59.112] [INFO] [run] subject=5, session=2, speed=1, trial=5, x__rid_x=c4fa75cb406ce9c4: dummy_return_one(x)
[12:09:59.112] [INFO] [run] subject=5, session=2, speed=1, trial=6, x__rid_x=fede94c003c3895e: dummy_return_one(x)
[12:09:59.113] [INFO] [run] subject=5, session=2, speed=1, trial=7, x__rid_x=057fbbc6880415e5: dummy_return_one(x)
[12:09:59.114] [INFO] [run] subject=5, session=2, speed=10, trial=1, x__rid_x=54efbfabc7fae648: dummy_return_one(x)
[12:09:59.115] [INFO] [run] subject=5, session=2, speed=10, trial=2, x__rid_x=908c3d25278f2ca0: dummy_return_one(x)
[12:09:59.115] [INFO] [run] subject=5, session=2, speed=10, trial=3, x__rid_x=08f8e33e3de87f3e: dummy_return_one(x)
[12:09:59.116] [INFO] [run] subject=5, session=2, speed=10, trial=4, x__rid_x=81adc7d9e9a0f275: dummy_return_one(x)
[12:09:59.116] [INFO] [run] subject=5, session=2, speed=10, trial=5, x__rid_x=a8d58032c8a1cd69: dummy_return_one(x)
[12:09:59.117] [INFO] [run] subject=5, session=2, speed=10, trial=6, x__rid_x=4db688cbec029d33: dummy_return_one(x)
[12:09:59.118] [INFO] [run] subject=5, session=2, speed=10, trial=7, x__rid_x=4f4485bbc1318d94: dummy_return_one(x)
[12:09:59.118] [INFO] [run] subject=5, session=2, speed=2, trial=1, x__rid_x=01936755ad8a84b5: dummy_return_one(x)
[12:09:59.119] [INFO] [run] subject=5, session=2, speed=2, trial=2, x__rid_x=03e9b40b4d44163d: dummy_return_one(x)
[12:09:59.119] [INFO] [run] subject=5, session=2, speed=2, trial=3, x__rid_x=fb2ff24a68b3488a: dummy_return_one(x)
[12:09:59.120] [INFO] [run] subject=5, session=2, speed=2, trial=4, x__rid_x=8a4adcca1782759c: dummy_return_one(x)
[12:09:59.121] [INFO] [run] subject=5, session=2, speed=2, trial=5, x__rid_x=90b440ac1706f7f8: dummy_return_one(x)
[12:09:59.121] [INFO] [run] subject=5, session=2, speed=2, trial=6, x__rid_x=d50409b4af9ceade: dummy_return_one(x)
[12:09:59.122] [INFO] [run] subject=5, session=2, speed=2, trial=7, x__rid_x=1af406e6d3894379: dummy_return_one(x)
[12:09:59.123] [INFO] [run] subject=5, session=2, speed=3, trial=1, x__rid_x=2d0e0634b88956ec: dummy_return_one(x)
[12:09:59.123] [INFO] [run] subject=5, session=2, speed=3, trial=2, x__rid_x=b4bcdcef59253f45: dummy_return_one(x)
[12:09:59.124] [INFO] [run] subject=5, session=2, speed=3, trial=3, x__rid_x=511f8f99fcc0bb66: dummy_return_one(x)
[12:09:59.125] [INFO] [run] subject=5, session=2, speed=3, trial=4, x__rid_x=80b14dce85c97717: dummy_return_one(x)
[12:09:59.125] [INFO] [run] subject=5, session=2, speed=3, trial=5, x__rid_x=f2ad289e1239ed29: dummy_return_one(x)
[12:09:59.126] [INFO] [run] subject=5, session=2, speed=3, trial=6, x__rid_x=269bcc047c3d71ca: dummy_return_one(x)
[12:09:59.126] [INFO] [run] subject=5, session=2, speed=3, trial=7, x__rid_x=20cfce340ab6af35: dummy_return_one(x)
[12:09:59.127] [INFO] [run] subject=5, session=2, speed=4, trial=1, x__rid_x=8d86ceac380a45af: dummy_return_one(x)
[12:09:59.128] [INFO] [run] subject=5, session=2, speed=4, trial=2, x__rid_x=31d7da5bc34132e2: dummy_return_one(x)
[12:09:59.128] [INFO] [run] subject=5, session=2, speed=4, trial=3, x__rid_x=8c0954285318713e: dummy_return_one(x)
[12:09:59.129] [INFO] [run] subject=5, session=2, speed=4, trial=4, x__rid_x=47ce8853754a28ea: dummy_return_one(x)
[12:09:59.129] [INFO] [run] subject=5, session=2, speed=4, trial=5, x__rid_x=9ce88f88340ee8d2: dummy_return_one(x)
[12:09:59.130] [INFO] [run] subject=5, session=2, speed=4, trial=6, x__rid_x=1147c886cc3b3695: dummy_return_one(x)
[12:09:59.131] [INFO] [run] subject=5, session=2, speed=4, trial=7, x__rid_x=219c5d0f1208a7c2: dummy_return_one(x)
[12:09:59.132] [INFO] [run] subject=5, session=2, speed=5, trial=1, x__rid_x=3f1df4ef0735fcb7: dummy_return_one(x)
[12:09:59.133] [INFO] [run] subject=5, session=2, speed=5, trial=2, x__rid_x=03d0b87e0263386b: dummy_return_one(x)
[12:09:59.133] [INFO] [run] subject=5, session=2, speed=5, trial=3, x__rid_x=9ee8d285447fb44e: dummy_return_one(x)
[12:09:59.134] [INFO] [run] subject=5, session=2, speed=5, trial=4, x__rid_x=2f034bc96c6df8a0: dummy_return_one(x)
[12:09:59.134] [INFO] [run] subject=5, session=2, speed=5, trial=5, x__rid_x=31661ca09160688a: dummy_return_one(x)
[12:09:59.135] [INFO] [run] subject=5, session=2, speed=5, trial=6, x__rid_x=43c2cbf64cd34c79: dummy_return_one(x)
[12:09:59.136] [INFO] [run] subject=5, session=2, speed=5, trial=7, x__rid_x=ae1ca6065b6e87aa: dummy_return_one(x)
[12:09:59.136] [INFO] [run] subject=5, session=2, speed=6, trial=1, x__rid_x=f2008ae3f6146832: dummy_return_one(x)
[12:09:59.137] [INFO] [run] subject=5, session=2, speed=6, trial=2, x__rid_x=903c6ffad315f074: dummy_return_one(x)
[12:09:59.137] [INFO] [run] subject=5, session=2, speed=6, trial=3, x__rid_x=65043ca95abdec83: dummy_return_one(x)
[12:09:59.138] [INFO] [run] subject=5, session=2, speed=6, trial=4, x__rid_x=e96fbbfd19d7e29a: dummy_return_one(x)
[12:09:59.139] [INFO] [run] subject=5, session=2, speed=6, trial=5, x__rid_x=81d87311752a3152: dummy_return_one(x)
[12:09:59.140] [INFO] [run] subject=5, session=2, speed=6, trial=6, x__rid_x=3ca6beaea5847dc8: dummy_return_one(x)
[12:09:59.140] [INFO] [run] subject=5, session=2, speed=6, trial=7, x__rid_x=f04da93a6db5321a: dummy_return_one(x)
[12:09:59.141] [INFO] [run] subject=5, session=2, speed=7, trial=1, x__rid_x=159cd0ca7b9585fc: dummy_return_one(x)
[12:09:59.142] [INFO] [run] subject=5, session=2, speed=7, trial=2, x__rid_x=a747535272dbbd76: dummy_return_one(x)
[12:09:59.142] [INFO] [run] subject=5, session=2, speed=7, trial=3, x__rid_x=fc562b832f1b3b1e: dummy_return_one(x)
[12:09:59.143] [INFO] [run] subject=5, session=2, speed=7, trial=4, x__rid_x=6e52d4238918320e: dummy_return_one(x)
[12:09:59.144] [INFO] [run] subject=5, session=2, speed=7, trial=5, x__rid_x=2cade567c6bd62f2: dummy_return_one(x)
[12:09:59.145] [INFO] [run] subject=5, session=2, speed=7, trial=6, x__rid_x=c58dfbf2fe445b9a: dummy_return_one(x)
[12:09:59.146] [INFO] [run] subject=5, session=2, speed=7, trial=7, x__rid_x=0ca3cdc2bba94b60: dummy_return_one(x)
[12:09:59.147] [INFO] [run] subject=5, session=2, speed=8, trial=1, x__rid_x=e3424c2319a2f232: dummy_return_one(x)
[12:09:59.148] [INFO] [run] subject=5, session=2, speed=8, trial=2, x__rid_x=c125b2068ba1d1eb: dummy_return_one(x)
[12:09:59.149] [INFO] [run] subject=5, session=2, speed=8, trial=3, x__rid_x=b2f81be978c5c326: dummy_return_one(x)
[12:09:59.149] [INFO] [run] subject=5, session=2, speed=8, trial=4, x__rid_x=bfb4bc16c8a31181: dummy_return_one(x)
[12:09:59.150] [INFO] [run] subject=5, session=2, speed=8, trial=5, x__rid_x=f63565460e766c26: dummy_return_one(x)
[12:09:59.150] [INFO] [run] subject=5, session=2, speed=8, trial=6, x__rid_x=e83c4ef35373ced6: dummy_return_one(x)
[12:09:59.151] [INFO] [run] subject=5, session=2, speed=8, trial=7, x__rid_x=41f21e3ebff1a805: dummy_return_one(x)
[12:09:59.152] [INFO] [run] subject=5, session=2, speed=9, trial=1, x__rid_x=d909ad19933df7a8: dummy_return_one(x)
[12:09:59.152] [INFO] [run] subject=5, session=2, speed=9, trial=2, x__rid_x=3eb6a2621e428941: dummy_return_one(x)
[12:09:59.153] [INFO] [run] subject=5, session=2, speed=9, trial=3, x__rid_x=c1b8a3116434ab7a: dummy_return_one(x)
[12:09:59.154] [INFO] [run] subject=5, session=2, speed=9, trial=4, x__rid_x=46e6ffb14de42a87: dummy_return_one(x)
[12:09:59.154] [INFO] [run] subject=5, session=2, speed=9, trial=5, x__rid_x=bbdb926ec71a4970: dummy_return_one(x)
[12:09:59.155] [INFO] [run] subject=5, session=2, speed=9, trial=6, x__rid_x=321521a7157a898d: dummy_return_one(x)
[12:09:59.156] [INFO] [run] subject=5, session=2, speed=9, trial=7, x__rid_x=ede9cdac4cfccab3: dummy_return_one(x)
[12:09:59.156] [INFO] [run] subject=5, session=3, speed=1, trial=1, x__rid_x=0af86c0482a4d285: dummy_return_one(x)
[12:09:59.157] [INFO] [run] subject=5, session=3, speed=1, trial=2, x__rid_x=c923e049964f1faf: dummy_return_one(x)
[12:09:59.158] [INFO] [run] subject=5, session=3, speed=1, trial=3, x__rid_x=818cbf08648e863e: dummy_return_one(x)
[12:09:59.158] [INFO] [run] subject=5, session=3, speed=1, trial=4, x__rid_x=b460f53bdc6a52cf: dummy_return_one(x)
[12:09:59.159] [INFO] [run] subject=5, session=3, speed=1, trial=5, x__rid_x=039c9c43d33b45dd: dummy_return_one(x)
[12:09:59.160] [INFO] [run] subject=5, session=3, speed=1, trial=6, x__rid_x=6b38e63a8bc509fb: dummy_return_one(x)
[12:09:59.160] [INFO] [run] subject=5, session=3, speed=1, trial=7, x__rid_x=00e1be1366dc928d: dummy_return_one(x)
[12:09:59.161] [INFO] [run] subject=5, session=3, speed=10, trial=1, x__rid_x=e42370f7f4614a4e: dummy_return_one(x)
[12:09:59.161] [INFO] [run] subject=5, session=3, speed=10, trial=2, x__rid_x=9d333285d3f01bee: dummy_return_one(x)
[12:09:59.162] [INFO] [run] subject=5, session=3, speed=10, trial=3, x__rid_x=257fa6bf09d5cbe8: dummy_return_one(x)
[12:09:59.163] [INFO] [run] subject=5, session=3, speed=10, trial=4, x__rid_x=86e512c7c228cedd: dummy_return_one(x)
[12:09:59.164] [INFO] [run] subject=5, session=3, speed=10, trial=5, x__rid_x=4827f7062099bbe9: dummy_return_one(x)
[12:09:59.165] [INFO] [run] subject=5, session=3, speed=10, trial=6, x__rid_x=93e3a3b4b08f9d75: dummy_return_one(x)
[12:09:59.166] [INFO] [run] subject=5, session=3, speed=10, trial=7, x__rid_x=7eead7879618c218: dummy_return_one(x)
[12:09:59.166] [INFO] [run] subject=5, session=3, speed=2, trial=1, x__rid_x=e85dcd4bfc531a72: dummy_return_one(x)
[12:09:59.167] [INFO] [run] subject=5, session=3, speed=2, trial=2, x__rid_x=5d584f59886f52da: dummy_return_one(x)
[12:09:59.168] [INFO] [run] subject=5, session=3, speed=2, trial=3, x__rid_x=307299fc8c101c7b: dummy_return_one(x)
[12:09:59.168] [INFO] [run] subject=5, session=3, speed=2, trial=4, x__rid_x=09e9275299df0bc1: dummy_return_one(x)
[12:09:59.169] [INFO] [run] subject=5, session=3, speed=2, trial=5, x__rid_x=1576d4c8fd048db4: dummy_return_one(x)
[12:09:59.170] [INFO] [run] subject=5, session=3, speed=2, trial=6, x__rid_x=fc8dbe6366716426: dummy_return_one(x)
[12:09:59.170] [INFO] [run] subject=5, session=3, speed=2, trial=7, x__rid_x=e13a7c913d74542c: dummy_return_one(x)
[12:09:59.171] [INFO] [run] subject=5, session=3, speed=3, trial=1, x__rid_x=5c27c2ae2d4bebb3: dummy_return_one(x)
[12:09:59.172] [INFO] [run] subject=5, session=3, speed=3, trial=2, x__rid_x=fa14220e8ad13321: dummy_return_one(x)
[12:09:59.172] [INFO] [run] subject=5, session=3, speed=3, trial=3, x__rid_x=7033fc83a87be713: dummy_return_one(x)
[12:09:59.173] [INFO] [run] subject=5, session=3, speed=3, trial=4, x__rid_x=5d2d5964166d1d41: dummy_return_one(x)
[12:09:59.173] [INFO] [run] subject=5, session=3, speed=3, trial=5, x__rid_x=c72639326f2643c8: dummy_return_one(x)
[12:09:59.174] [INFO] [run] subject=5, session=3, speed=3, trial=6, x__rid_x=65d052b4f1a72f47: dummy_return_one(x)
[12:09:59.175] [INFO] [run] subject=5, session=3, speed=3, trial=7, x__rid_x=0f67a1fd11902d94: dummy_return_one(x)
[12:09:59.175] [INFO] [run] subject=5, session=3, speed=4, trial=1, x__rid_x=d522bb49714d30dd: dummy_return_one(x)
[12:09:59.176] [INFO] [run] subject=5, session=3, speed=4, trial=2, x__rid_x=7b9c0b0e5fbf5992: dummy_return_one(x)
[12:09:59.176] [INFO] [run] subject=5, session=3, speed=4, trial=3, x__rid_x=9b26cb2bca7a54b7: dummy_return_one(x)
[12:09:59.177] [INFO] [run] subject=5, session=3, speed=4, trial=4, x__rid_x=869865546e8f1943: dummy_return_one(x)
[12:09:59.178] [INFO] [run] subject=5, session=3, speed=4, trial=5, x__rid_x=1b2571c4ddde9192: dummy_return_one(x)
[12:09:59.178] [INFO] [run] subject=5, session=3, speed=4, trial=6, x__rid_x=3b5f4531d83d3096: dummy_return_one(x)
[12:09:59.179] [INFO] [run] subject=5, session=3, speed=4, trial=7, x__rid_x=75d1760ce7b8fe0b: dummy_return_one(x)
[12:09:59.179] [INFO] [run] subject=5, session=3, speed=5, trial=1, x__rid_x=3dbdf599a4111fbe: dummy_return_one(x)
[12:09:59.180] [INFO] [run] subject=5, session=3, speed=5, trial=2, x__rid_x=576a35e49f69ad3f: dummy_return_one(x)
[12:09:59.181] [INFO] [run] subject=5, session=3, speed=5, trial=3, x__rid_x=4ea5fa340ba91251: dummy_return_one(x)
[12:09:59.182] [INFO] [run] subject=5, session=3, speed=5, trial=4, x__rid_x=fccf2e6f19244f3c: dummy_return_one(x)
[12:09:59.182] [INFO] [run] subject=5, session=3, speed=5, trial=5, x__rid_x=6bacff25514b30e4: dummy_return_one(x)
[12:09:59.183] [INFO] [run] subject=5, session=3, speed=5, trial=6, x__rid_x=96f7412526b01ef3: dummy_return_one(x)
[12:09:59.184] [INFO] [run] subject=5, session=3, speed=5, trial=7, x__rid_x=7cfc20e423736997: dummy_return_one(x)
[12:09:59.184] [INFO] [run] subject=5, session=3, speed=6, trial=1, x__rid_x=8e265fb09c1c16a5: dummy_return_one(x)
[12:09:59.185] [INFO] [run] subject=5, session=3, speed=6, trial=2, x__rid_x=e32f878842588b13: dummy_return_one(x)
[12:09:59.185] [INFO] [run] subject=5, session=3, speed=6, trial=3, x__rid_x=0885a69a2453a001: dummy_return_one(x)
[12:09:59.186] [INFO] [run] subject=5, session=3, speed=6, trial=4, x__rid_x=8077a6308a59e2db: dummy_return_one(x)
[12:09:59.187] [INFO] [run] subject=5, session=3, speed=6, trial=5, x__rid_x=0fab3d77b10ce15a: dummy_return_one(x)
[12:09:59.187] [INFO] [run] subject=5, session=3, speed=6, trial=6, x__rid_x=251e7b61cb3761bf: dummy_return_one(x)
[12:09:59.188] [INFO] [run] subject=5, session=3, speed=6, trial=7, x__rid_x=a30136d2489ef8d0: dummy_return_one(x)
[12:09:59.189] [INFO] [run] subject=5, session=3, speed=7, trial=1, x__rid_x=5b2179dcdb7b605d: dummy_return_one(x)
[12:09:59.189] [INFO] [run] subject=5, session=3, speed=7, trial=2, x__rid_x=093a9575dcc84d03: dummy_return_one(x)
[12:09:59.190] [INFO] [run] subject=5, session=3, speed=7, trial=3, x__rid_x=cb352441c47659d8: dummy_return_one(x)
[12:09:59.191] [INFO] [run] subject=5, session=3, speed=7, trial=4, x__rid_x=f08ec2ab71d1f093: dummy_return_one(x)
[12:09:59.191] [INFO] [run] subject=5, session=3, speed=7, trial=5, x__rid_x=6822652423b9fa5d: dummy_return_one(x)
[12:09:59.192] [INFO] [run] subject=5, session=3, speed=7, trial=6, x__rid_x=942b90eeb7224de7: dummy_return_one(x)
[12:09:59.193] [INFO] [run] subject=5, session=3, speed=7, trial=7, x__rid_x=b2c106b62cb66966: dummy_return_one(x)
[12:09:59.193] [INFO] [run] subject=5, session=3, speed=8, trial=1, x__rid_x=cab50a404f8114b6: dummy_return_one(x)
[12:09:59.194] [INFO] [run] subject=5, session=3, speed=8, trial=2, x__rid_x=b72acf3d3bfa1c7c: dummy_return_one(x)
[12:09:59.195] [INFO] [run] subject=5, session=3, speed=8, trial=3, x__rid_x=41918d09f19b3eba: dummy_return_one(x)
[12:09:59.195] [INFO] [run] subject=5, session=3, speed=8, trial=4, x__rid_x=8a13456967e2bc70: dummy_return_one(x)
[12:09:59.196] [INFO] [run] subject=5, session=3, speed=8, trial=5, x__rid_x=845fc766f9aeb018: dummy_return_one(x)
[12:09:59.197] [INFO] [run] subject=5, session=3, speed=8, trial=6, x__rid_x=803447aa192afb90: dummy_return_one(x)
[12:09:59.198] [INFO] [run] subject=5, session=3, speed=8, trial=7, x__rid_x=07e23230f4e0f7cb: dummy_return_one(x)
[12:09:59.198] [INFO] [run] subject=5, session=3, speed=9, trial=1, x__rid_x=f2fc42605d8c9ba2: dummy_return_one(x)
[12:09:59.199] [INFO] [run] subject=5, session=3, speed=9, trial=2, x__rid_x=2d53e5c01f58957f: dummy_return_one(x)
[12:09:59.200] [INFO] [run] subject=5, session=3, speed=9, trial=3, x__rid_x=1b0f569210690831: dummy_return_one(x)
[12:09:59.200] [INFO] [run] subject=5, session=3, speed=9, trial=4, x__rid_x=284325464bd92932: dummy_return_one(x)
[12:09:59.201] [INFO] [run] subject=5, session=3, speed=9, trial=5, x__rid_x=5163383cc7bd8937: dummy_return_one(x)
[12:09:59.201] [INFO] [run] subject=5, session=3, speed=9, trial=6, x__rid_x=35442c68739391b6: dummy_return_one(x)
[12:09:59.202] [INFO] [run] subject=5, session=3, speed=9, trial=7, x__rid_x=7cacb68a35341ba5: dummy_return_one(x)
[12:09:59.202] [INFO] [run] subject=5, session=4, speed=1, trial=1, x__rid_x=ac1fda3277b7cf14: dummy_return_one(x)
[12:09:59.203] [INFO] [run] subject=5, session=4, speed=1, trial=2, x__rid_x=c9770b4ec3536af4: dummy_return_one(x)
[12:09:59.204] [INFO] [run] subject=5, session=4, speed=1, trial=3, x__rid_x=352af763fcb74603: dummy_return_one(x)
[12:09:59.204] [INFO] [run] subject=5, session=4, speed=1, trial=4, x__rid_x=980924d0745438a8: dummy_return_one(x)
[12:09:59.205] [INFO] [run] subject=5, session=4, speed=1, trial=5, x__rid_x=06a6898983b16c24: dummy_return_one(x)
[12:09:59.205] [INFO] [run] subject=5, session=4, speed=1, trial=6, x__rid_x=45fb438a911165c0: dummy_return_one(x)
[12:09:59.206] [INFO] [run] subject=5, session=4, speed=1, trial=7, x__rid_x=dc8d324aa4cdd7fb: dummy_return_one(x)
[12:09:59.206] [INFO] [run] subject=5, session=4, speed=10, trial=1, x__rid_x=311a34f907c986e3: dummy_return_one(x)
[12:09:59.207] [INFO] [run] subject=5, session=4, speed=10, trial=2, x__rid_x=e4924841ee7a7dac: dummy_return_one(x)
[12:09:59.208] [INFO] [run] subject=5, session=4, speed=10, trial=3, x__rid_x=3a2a1231d8a460bc: dummy_return_one(x)
[12:09:59.208] [INFO] [run] subject=5, session=4, speed=10, trial=4, x__rid_x=74d8cef39a54a721: dummy_return_one(x)
[12:09:59.209] [INFO] [run] subject=5, session=4, speed=10, trial=5, x__rid_x=ac9bae746b234520: dummy_return_one(x)
[12:09:59.210] [INFO] [run] subject=5, session=4, speed=10, trial=6, x__rid_x=77b07f916060c242: dummy_return_one(x)
[12:09:59.210] [INFO] [run] subject=5, session=4, speed=10, trial=7, x__rid_x=4556382b31ed050e: dummy_return_one(x)
[12:09:59.211] [INFO] [run] subject=5, session=4, speed=2, trial=1, x__rid_x=adc8ab92e58dcc6d: dummy_return_one(x)
[12:09:59.212] [INFO] [run] subject=5, session=4, speed=2, trial=2, x__rid_x=f755a4861eb3966f: dummy_return_one(x)
[12:09:59.212] [INFO] [run] subject=5, session=4, speed=2, trial=3, x__rid_x=97ca0a3444fa8a0a: dummy_return_one(x)
[12:09:59.213] [INFO] [run] subject=5, session=4, speed=2, trial=4, x__rid_x=bfa9142d7a32dcf9: dummy_return_one(x)
[12:09:59.214] [INFO] [run] subject=5, session=4, speed=2, trial=5, x__rid_x=d562206d5ad98bf5: dummy_return_one(x)
[12:09:59.214] [INFO] [run] subject=5, session=4, speed=2, trial=6, x__rid_x=17bfacf781356902: dummy_return_one(x)
[12:09:59.215] [INFO] [run] subject=5, session=4, speed=2, trial=7, x__rid_x=d53a0e7e2b414587: dummy_return_one(x)
[12:09:59.216] [INFO] [run] subject=5, session=4, speed=3, trial=1, x__rid_x=03155ef9fcbc1900: dummy_return_one(x)
[12:09:59.216] [INFO] [run] subject=5, session=4, speed=3, trial=2, x__rid_x=0d59972a554bbc93: dummy_return_one(x)
[12:09:59.217] [INFO] [run] subject=5, session=4, speed=3, trial=3, x__rid_x=eff3ee8908a0df4e: dummy_return_one(x)
[12:09:59.218] [INFO] [run] subject=5, session=4, speed=3, trial=4, x__rid_x=562c7d23eb20ae11: dummy_return_one(x)
[12:09:59.218] [INFO] [run] subject=5, session=4, speed=3, trial=5, x__rid_x=6928d8ac4d01310b: dummy_return_one(x)
[12:09:59.219] [INFO] [run] subject=5, session=4, speed=3, trial=6, x__rid_x=6d3283e4222fc1ca: dummy_return_one(x)
[12:09:59.219] [INFO] [run] subject=5, session=4, speed=3, trial=7, x__rid_x=5dd61c8f8e5adc21: dummy_return_one(x)
[12:09:59.220] [INFO] [run] subject=5, session=4, speed=4, trial=1, x__rid_x=f0f52a508111d7d0: dummy_return_one(x)
[12:09:59.221] [INFO] [run] subject=5, session=4, speed=4, trial=2, x__rid_x=70a762d4d8b33138: dummy_return_one(x)
[12:09:59.221] [INFO] [run] subject=5, session=4, speed=4, trial=3, x__rid_x=7dca804b4f50a367: dummy_return_one(x)
[12:09:59.222] [INFO] [run] subject=5, session=4, speed=4, trial=4, x__rid_x=b39d8d8e8c81930c: dummy_return_one(x)
[12:09:59.222] [INFO] [run] subject=5, session=4, speed=4, trial=5, x__rid_x=1c897e2e8fb9b40c: dummy_return_one(x)
[12:09:59.223] [INFO] [run] subject=5, session=4, speed=4, trial=6, x__rid_x=586eb548dc67ce96: dummy_return_one(x)
[12:09:59.224] [INFO] [run] subject=5, session=4, speed=4, trial=7, x__rid_x=1027bd221c984b0e: dummy_return_one(x)
[12:09:59.224] [INFO] [run] subject=5, session=4, speed=5, trial=1, x__rid_x=c29c9ccffc8330c2: dummy_return_one(x)
[12:09:59.225] [INFO] [run] subject=5, session=4, speed=5, trial=2, x__rid_x=9f2198b389320d72: dummy_return_one(x)
[12:09:59.225] [INFO] [run] subject=5, session=4, speed=5, trial=3, x__rid_x=f941379cad814f63: dummy_return_one(x)
[12:09:59.226] [INFO] [run] subject=5, session=4, speed=5, trial=4, x__rid_x=f99aef03f5595c1f: dummy_return_one(x)
[12:09:59.227] [INFO] [run] subject=5, session=4, speed=5, trial=5, x__rid_x=3eae684088bc5670: dummy_return_one(x)
[12:09:59.227] [INFO] [run] subject=5, session=4, speed=5, trial=6, x__rid_x=3a6c393628974742: dummy_return_one(x)
[12:09:59.228] [INFO] [run] subject=5, session=4, speed=5, trial=7, x__rid_x=9199807464fb3904: dummy_return_one(x)
[12:09:59.228] [INFO] [run] subject=5, session=4, speed=6, trial=1, x__rid_x=8001939f5f564616: dummy_return_one(x)
[12:09:59.229] [INFO] [run] subject=5, session=4, speed=6, trial=2, x__rid_x=36c471817018c605: dummy_return_one(x)
[12:09:59.229] [INFO] [run] subject=5, session=4, speed=6, trial=3, x__rid_x=ebd7bceb01b5c511: dummy_return_one(x)
[12:09:59.230] [INFO] [run] subject=5, session=4, speed=6, trial=4, x__rid_x=8566a2a21461e8ad: dummy_return_one(x)
[12:09:59.231] [INFO] [run] subject=5, session=4, speed=6, trial=5, x__rid_x=f0075a88656abedd: dummy_return_one(x)
[12:09:59.232] [INFO] [run] subject=5, session=4, speed=6, trial=6, x__rid_x=98872a1ef88c9479: dummy_return_one(x)
[12:09:59.232] [INFO] [run] subject=5, session=4, speed=6, trial=7, x__rid_x=a8c9e151ef1f1017: dummy_return_one(x)
[12:09:59.233] [INFO] [run] subject=5, session=4, speed=7, trial=1, x__rid_x=9443f45768791113: dummy_return_one(x)
[12:09:59.234] [INFO] [run] subject=5, session=4, speed=7, trial=2, x__rid_x=6aea810234afbeb5: dummy_return_one(x)
[12:09:59.234] [INFO] [run] subject=5, session=4, speed=7, trial=3, x__rid_x=886e369b01f06b73: dummy_return_one(x)
[12:09:59.235] [INFO] [run] subject=5, session=4, speed=7, trial=4, x__rid_x=e011852eb4f69e02: dummy_return_one(x)
[12:09:59.236] [INFO] [run] subject=5, session=4, speed=7, trial=5, x__rid_x=20aa6b84b3b23633: dummy_return_one(x)
[12:09:59.236] [INFO] [run] subject=5, session=4, speed=7, trial=6, x__rid_x=3b722cc3e8413768: dummy_return_one(x)
[12:09:59.237] [INFO] [run] subject=5, session=4, speed=7, trial=7, x__rid_x=2e2f5f3e4672d8e8: dummy_return_one(x)
[12:09:59.237] [INFO] [run] subject=5, session=4, speed=8, trial=1, x__rid_x=911b0613152fb7c1: dummy_return_one(x)
[12:09:59.238] [INFO] [run] subject=5, session=4, speed=8, trial=2, x__rid_x=083add7a68135b34: dummy_return_one(x)
[12:09:59.239] [INFO] [run] subject=5, session=4, speed=8, trial=3, x__rid_x=347650bbf8d0af2e: dummy_return_one(x)
[12:09:59.239] [INFO] [run] subject=5, session=4, speed=8, trial=4, x__rid_x=13efa61f4213cff4: dummy_return_one(x)
[12:09:59.240] [INFO] [run] subject=5, session=4, speed=8, trial=5, x__rid_x=6266e40f9b42112b: dummy_return_one(x)
[12:09:59.241] [INFO] [run] subject=5, session=4, speed=8, trial=6, x__rid_x=62e3bb1ea5e793a1: dummy_return_one(x)
[12:09:59.241] [INFO] [run] subject=5, session=4, speed=8, trial=7, x__rid_x=21ebc7a66007a68a: dummy_return_one(x)
[12:09:59.242] [INFO] [run] subject=5, session=4, speed=9, trial=1, x__rid_x=eb43cb4a298807a3: dummy_return_one(x)
[12:09:59.242] [INFO] [run] subject=5, session=4, speed=9, trial=2, x__rid_x=5c4508a7930e559e: dummy_return_one(x)
[12:09:59.243] [INFO] [run] subject=5, session=4, speed=9, trial=3, x__rid_x=8e357cd46d44a9bf: dummy_return_one(x)
[12:09:59.243] [INFO] [run] subject=5, session=4, speed=9, trial=4, x__rid_x=cf38a9b677896c31: dummy_return_one(x)
[12:09:59.244] [INFO] [run] subject=5, session=4, speed=9, trial=5, x__rid_x=218450f131995f7d: dummy_return_one(x)
[12:09:59.245] [INFO] [run] subject=5, session=4, speed=9, trial=6, x__rid_x=46119726d2d70d31: dummy_return_one(x)
[12:09:59.245] [INFO] [run] subject=5, session=4, speed=9, trial=7, x__rid_x=b1ff309382a12e28: dummy_return_one(x)
[12:09:59.246] [INFO] [run] subject=5, session=5, speed=1, trial=1, x__rid_x=53f36ac1d2dd69fd: dummy_return_one(x)
[12:09:59.247] [INFO] [run] subject=5, session=5, speed=1, trial=2, x__rid_x=bd398c5264825f01: dummy_return_one(x)
[12:09:59.247] [INFO] [run] subject=5, session=5, speed=1, trial=3, x__rid_x=e3ef0d1f8f01b74d: dummy_return_one(x)
[12:09:59.248] [INFO] [run] subject=5, session=5, speed=1, trial=4, x__rid_x=139a5aae382765a4: dummy_return_one(x)
[12:09:59.249] [INFO] [run] subject=5, session=5, speed=1, trial=5, x__rid_x=0c146348a91ea2d3: dummy_return_one(x)
[12:09:59.249] [INFO] [run] subject=5, session=5, speed=1, trial=6, x__rid_x=1ba00254ec871c7b: dummy_return_one(x)
[12:09:59.250] [INFO] [run] subject=5, session=5, speed=1, trial=7, x__rid_x=085eafa2d69d4eac: dummy_return_one(x)
[12:09:59.251] [INFO] [run] subject=5, session=5, speed=10, trial=1, x__rid_x=c9fa2992f6d9fa4f: dummy_return_one(x)
[12:09:59.251] [INFO] [run] subject=5, session=5, speed=10, trial=2, x__rid_x=9936092d82e9f316: dummy_return_one(x)
[12:09:59.252] [INFO] [run] subject=5, session=5, speed=10, trial=3, x__rid_x=223f437e91366b82: dummy_return_one(x)
[12:09:59.253] [INFO] [run] subject=5, session=5, speed=10, trial=4, x__rid_x=11f2df6723916667: dummy_return_one(x)
[12:09:59.253] [INFO] [run] subject=5, session=5, speed=10, trial=5, x__rid_x=324d2a229d57defe: dummy_return_one(x)
[12:09:59.254] [INFO] [run] subject=5, session=5, speed=10, trial=6, x__rid_x=70f12e83e970ecdb: dummy_return_one(x)
[12:09:59.254] [INFO] [run] subject=5, session=5, speed=10, trial=7, x__rid_x=2b0dd8ea9a3c8b7a: dummy_return_one(x)
[12:09:59.255] [INFO] [run] subject=5, session=5, speed=2, trial=1, x__rid_x=ed621a9f7d281a6e: dummy_return_one(x)
[12:09:59.255] [INFO] [run] subject=5, session=5, speed=2, trial=2, x__rid_x=450b6611ee62b389: dummy_return_one(x)
[12:09:59.256] [INFO] [run] subject=5, session=5, speed=2, trial=3, x__rid_x=65bdcae1c0c2d8ab: dummy_return_one(x)
[12:09:59.257] [INFO] [run] subject=5, session=5, speed=2, trial=4, x__rid_x=b325c2f351374d26: dummy_return_one(x)
[12:09:59.257] [INFO] [run] subject=5, session=5, speed=2, trial=5, x__rid_x=89fd18d20af3d018: dummy_return_one(x)
[12:09:59.258] [INFO] [run] subject=5, session=5, speed=2, trial=6, x__rid_x=a7c28106d2179ac1: dummy_return_one(x)
[12:09:59.258] [INFO] [run] subject=5, session=5, speed=2, trial=7, x__rid_x=89e4062acc534a4d: dummy_return_one(x)
[12:09:59.259] [INFO] [run] subject=5, session=5, speed=3, trial=1, x__rid_x=31e86837a9324abd: dummy_return_one(x)
[12:09:59.260] [INFO] [run] subject=5, session=5, speed=3, trial=2, x__rid_x=65da7f37b5b567b3: dummy_return_one(x)
[12:09:59.260] [INFO] [run] subject=5, session=5, speed=3, trial=3, x__rid_x=6265eec01d306b9c: dummy_return_one(x)
[12:09:59.261] [INFO] [run] subject=5, session=5, speed=3, trial=4, x__rid_x=63454ae8cf03b35c: dummy_return_one(x)
[12:09:59.261] [INFO] [run] subject=5, session=5, speed=3, trial=5, x__rid_x=bd87c3b3dde1010a: dummy_return_one(x)
[12:09:59.262] [INFO] [run] subject=5, session=5, speed=3, trial=6, x__rid_x=bb7ee3f077950fe8: dummy_return_one(x)
[12:09:59.263] [INFO] [run] subject=5, session=5, speed=3, trial=7, x__rid_x=a9a66faf7fe3fef9: dummy_return_one(x)
[12:09:59.264] [INFO] [run] subject=5, session=5, speed=4, trial=1, x__rid_x=bd449b4c985f4b79: dummy_return_one(x)
[12:09:59.264] [INFO] [run] subject=5, session=5, speed=4, trial=2, x__rid_x=ddd60c4704f13a8c: dummy_return_one(x)
[12:09:59.265] [INFO] [run] subject=5, session=5, speed=4, trial=3, x__rid_x=07e4a5597eea161b: dummy_return_one(x)
[12:09:59.266] [INFO] [run] subject=5, session=5, speed=4, trial=4, x__rid_x=f198e62f34166511: dummy_return_one(x)
[12:09:59.266] [INFO] [run] subject=5, session=5, speed=4, trial=5, x__rid_x=f024d3698a809499: dummy_return_one(x)
[12:09:59.267] [INFO] [run] subject=5, session=5, speed=4, trial=6, x__rid_x=d998234b66fd0223: dummy_return_one(x)
[12:09:59.267] [INFO] [run] subject=5, session=5, speed=4, trial=7, x__rid_x=56e48691bf174ba2: dummy_return_one(x)
[12:09:59.268] [INFO] [run] subject=5, session=5, speed=5, trial=1, x__rid_x=82bbf0adef76ebc2: dummy_return_one(x)
[12:09:59.269] [INFO] [run] subject=5, session=5, speed=5, trial=2, x__rid_x=36f9027b7b727e7b: dummy_return_one(x)
[12:09:59.269] [INFO] [run] subject=5, session=5, speed=5, trial=3, x__rid_x=32c9ed916c91f563: dummy_return_one(x)
[12:09:59.270] [INFO] [run] subject=5, session=5, speed=5, trial=4, x__rid_x=c189935f0e630702: dummy_return_one(x)
[12:09:59.270] [INFO] [run] subject=5, session=5, speed=5, trial=5, x__rid_x=c1aa6dfd60560173: dummy_return_one(x)
[12:09:59.271] [INFO] [run] subject=5, session=5, speed=5, trial=6, x__rid_x=3473153fabebb6fe: dummy_return_one(x)
[12:09:59.272] [INFO] [run] subject=5, session=5, speed=5, trial=7, x__rid_x=aacfb149f446e07f: dummy_return_one(x)
[12:09:59.272] [INFO] [run] subject=5, session=5, speed=6, trial=1, x__rid_x=ffd199727302826a: dummy_return_one(x)
[12:09:59.273] [INFO] [run] subject=5, session=5, speed=6, trial=2, x__rid_x=e70d9a3e82519915: dummy_return_one(x)
[12:09:59.273] [INFO] [run] subject=5, session=5, speed=6, trial=3, x__rid_x=7589ea9b14d28025: dummy_return_one(x)
[12:09:59.274] [INFO] [run] subject=5, session=5, speed=6, trial=4, x__rid_x=3ef8029414a9b18b: dummy_return_one(x)
[12:09:59.275] [INFO] [run] subject=5, session=5, speed=6, trial=5, x__rid_x=b5c457a9b14748c3: dummy_return_one(x)
[12:09:59.275] [INFO] [run] subject=5, session=5, speed=6, trial=6, x__rid_x=f6c5365fafbbc704: dummy_return_one(x)
[12:09:59.276] [INFO] [run] subject=5, session=5, speed=6, trial=7, x__rid_x=a36e23c45692d377: dummy_return_one(x)
[12:09:59.276] [INFO] [run] subject=5, session=5, speed=7, trial=1, x__rid_x=77a8693cfbdaf732: dummy_return_one(x)
[12:09:59.277] [INFO] [run] subject=5, session=5, speed=7, trial=2, x__rid_x=80de34f289085b82: dummy_return_one(x)
[12:09:59.278] [INFO] [run] subject=5, session=5, speed=7, trial=3, x__rid_x=7bb95513defde61a: dummy_return_one(x)
[12:09:59.278] [INFO] [run] subject=5, session=5, speed=7, trial=4, x__rid_x=4a62ba86cc7e5c8c: dummy_return_one(x)
[12:09:59.279] [INFO] [run] subject=5, session=5, speed=7, trial=5, x__rid_x=3d440db5021b0210: dummy_return_one(x)
[12:09:59.280] [INFO] [run] subject=5, session=5, speed=7, trial=6, x__rid_x=58834de8f947be73: dummy_return_one(x)
[12:09:59.281] [INFO] [run] subject=5, session=5, speed=7, trial=7, x__rid_x=98fc57d3648239fc: dummy_return_one(x)
[12:09:59.281] [INFO] [run] subject=5, session=5, speed=8, trial=1, x__rid_x=377ffa28cd6a8270: dummy_return_one(x)
[12:09:59.282] [INFO] [run] subject=5, session=5, speed=8, trial=2, x__rid_x=c51609cc40adfe2d: dummy_return_one(x)
[12:09:59.283] [INFO] [run] subject=5, session=5, speed=8, trial=3, x__rid_x=d09df9f132b42c17: dummy_return_one(x)
[12:09:59.283] [INFO] [run] subject=5, session=5, speed=8, trial=4, x__rid_x=c834c6a3753270ad: dummy_return_one(x)
[12:09:59.284] [INFO] [run] subject=5, session=5, speed=8, trial=5, x__rid_x=633e99f73b6ac925: dummy_return_one(x)
[12:09:59.285] [INFO] [run] subject=5, session=5, speed=8, trial=6, x__rid_x=48f2ab4050843178: dummy_return_one(x)
[12:09:59.285] [INFO] [run] subject=5, session=5, speed=8, trial=7, x__rid_x=5792e1063457c242: dummy_return_one(x)
[12:09:59.286] [INFO] [run] subject=5, session=5, speed=9, trial=1, x__rid_x=e81fe40431fd4b8c: dummy_return_one(x)
[12:09:59.286] [INFO] [run] subject=5, session=5, speed=9, trial=2, x__rid_x=66186f3115c39c75: dummy_return_one(x)
[12:09:59.287] [INFO] [run] subject=5, session=5, speed=9, trial=3, x__rid_x=c2e09ef48c805ee6: dummy_return_one(x)
[12:09:59.288] [INFO] [run] subject=5, session=5, speed=9, trial=4, x__rid_x=1bf827765a553412: dummy_return_one(x)
[12:09:59.288] [INFO] [run] subject=5, session=5, speed=9, trial=5, x__rid_x=109d2fbf697cd698: dummy_return_one(x)
[12:09:59.289] [INFO] [run] subject=5, session=5, speed=9, trial=6, x__rid_x=82c8097e5ca1516f: dummy_return_one(x)
[12:09:59.289] [INFO] [run] subject=5, session=5, speed=9, trial=7, x__rid_x=05bbe5947aad259b: dummy_return_one(x)
[12:09:59.290] [INFO] [run] subject=6, session=1, speed=1, trial=1, x__rid_x=c2ad5ecc43f28c66: dummy_return_one(x)
[12:09:59.290] [INFO] [run] subject=6, session=1, speed=1, trial=2, x__rid_x=a96f3627ca738e22: dummy_return_one(x)
[12:09:59.291] [INFO] [run] subject=6, session=1, speed=1, trial=3, x__rid_x=44bd71d13b164a26: dummy_return_one(x)
[12:09:59.292] [INFO] [run] subject=6, session=1, speed=1, trial=4, x__rid_x=3076a8fd9e975826: dummy_return_one(x)
[12:09:59.292] [INFO] [run] subject=6, session=1, speed=1, trial=5, x__rid_x=003ad1807ede71f6: dummy_return_one(x)
[12:09:59.293] [INFO] [run] subject=6, session=1, speed=1, trial=6, x__rid_x=9effd1ea93662ae7: dummy_return_one(x)
[12:09:59.293] [INFO] [run] subject=6, session=1, speed=1, trial=7, x__rid_x=67658c4a3f5a1145: dummy_return_one(x)
[12:09:59.294] [INFO] [run] subject=6, session=1, speed=10, trial=1, x__rid_x=441cbca732c054c6: dummy_return_one(x)
[12:09:59.295] [INFO] [run] subject=6, session=1, speed=10, trial=2, x__rid_x=3a00d8c16fbb55c3: dummy_return_one(x)
[12:09:59.295] [INFO] [run] subject=6, session=1, speed=10, trial=3, x__rid_x=4f744c48044c6e55: dummy_return_one(x)
[12:09:59.296] [INFO] [run] subject=6, session=1, speed=10, trial=4, x__rid_x=0e31669e50e3c377: dummy_return_one(x)
[12:09:59.297] [INFO] [run] subject=6, session=1, speed=10, trial=5, x__rid_x=2247ba1a1618d484: dummy_return_one(x)
[12:09:59.298] [INFO] [run] subject=6, session=1, speed=10, trial=6, x__rid_x=41c951c8cc3aa416: dummy_return_one(x)
[12:09:59.298] [INFO] [run] subject=6, session=1, speed=10, trial=7, x__rid_x=73d5f8b0245550a5: dummy_return_one(x)
[12:09:59.299] [INFO] [run] subject=6, session=1, speed=2, trial=1, x__rid_x=a659467f0c996b4b: dummy_return_one(x)
[12:09:59.300] [INFO] [run] subject=6, session=1, speed=2, trial=2, x__rid_x=497307247ff253ed: dummy_return_one(x)
[12:09:59.300] [INFO] [run] subject=6, session=1, speed=2, trial=3, x__rid_x=16a584298ab75398: dummy_return_one(x)
[12:09:59.301] [INFO] [run] subject=6, session=1, speed=2, trial=4, x__rid_x=6fb8cec8accfe074: dummy_return_one(x)
[12:09:59.301] [INFO] [run] subject=6, session=1, speed=2, trial=5, x__rid_x=28ef93281e2af74e: dummy_return_one(x)
[12:09:59.302] [INFO] [run] subject=6, session=1, speed=2, trial=6, x__rid_x=8681cf346cc942c0: dummy_return_one(x)
[12:09:59.303] [INFO] [run] subject=6, session=1, speed=2, trial=7, x__rid_x=5b3f6cb2e9d61537: dummy_return_one(x)
[12:09:59.303] [INFO] [run] subject=6, session=1, speed=3, trial=1, x__rid_x=63e869959c9b6b67: dummy_return_one(x)
[12:09:59.304] [INFO] [run] subject=6, session=1, speed=3, trial=2, x__rid_x=34b23bd1ea1e9bea: dummy_return_one(x)
[12:09:59.304] [INFO] [run] subject=6, session=1, speed=3, trial=3, x__rid_x=16c0e5a774aaf295: dummy_return_one(x)
[12:09:59.305] [INFO] [run] subject=6, session=1, speed=3, trial=4, x__rid_x=4fd3f666a65ed1cc: dummy_return_one(x)
[12:09:59.305] [INFO] [run] subject=6, session=1, speed=3, trial=5, x__rid_x=4787bb159f2a8820: dummy_return_one(x)
[12:09:59.306] [INFO] [run] subject=6, session=1, speed=3, trial=6, x__rid_x=4bdfce5ad26ef378: dummy_return_one(x)
[12:09:59.307] [INFO] [run] subject=6, session=1, speed=3, trial=7, x__rid_x=f76241044fe5857c: dummy_return_one(x)
[12:09:59.307] [INFO] [run] subject=6, session=1, speed=4, trial=1, x__rid_x=f279f2d5a8ba1c96: dummy_return_one(x)
[12:09:59.308] [INFO] [run] subject=6, session=1, speed=4, trial=2, x__rid_x=5b26a6b10b6167d8: dummy_return_one(x)
[12:09:59.308] [INFO] [run] subject=6, session=1, speed=4, trial=3, x__rid_x=b128c976675e0911: dummy_return_one(x)
[12:09:59.309] [INFO] [run] subject=6, session=1, speed=4, trial=4, x__rid_x=fefc6b4b88782d70: dummy_return_one(x)
[12:09:59.310] [INFO] [run] subject=6, session=1, speed=4, trial=5, x__rid_x=bb2d5bf767852853: dummy_return_one(x)
[12:09:59.310] [INFO] [run] subject=6, session=1, speed=4, trial=6, x__rid_x=94734334ae4ea711: dummy_return_one(x)
[12:09:59.311] [INFO] [run] subject=6, session=1, speed=4, trial=7, x__rid_x=6c7472aaabda3dbf: dummy_return_one(x)
[12:09:59.311] [INFO] [run] subject=6, session=1, speed=5, trial=1, x__rid_x=8073e0deb1c4e2c4: dummy_return_one(x)
[12:09:59.312] [INFO] [run] subject=6, session=1, speed=5, trial=2, x__rid_x=72212ddc640f0ceb: dummy_return_one(x)
[12:09:59.313] [INFO] [run] subject=6, session=1, speed=5, trial=3, x__rid_x=d9605613a320605a: dummy_return_one(x)
[12:09:59.314] [INFO] [run] subject=6, session=1, speed=5, trial=4, x__rid_x=9aa8fec7021eed77: dummy_return_one(x)
[12:09:59.314] [INFO] [run] subject=6, session=1, speed=5, trial=5, x__rid_x=5baa951aa89ee851: dummy_return_one(x)
[12:09:59.315] [INFO] [run] subject=6, session=1, speed=5, trial=6, x__rid_x=185023bfa917490a: dummy_return_one(x)
[12:09:59.316] [INFO] [run] subject=6, session=1, speed=5, trial=7, x__rid_x=2e034425ab622ce3: dummy_return_one(x)
[12:09:59.316] [INFO] [run] subject=6, session=1, speed=6, trial=1, x__rid_x=7007803d9d6cb476: dummy_return_one(x)
[12:09:59.317] [INFO] [run] subject=6, session=1, speed=6, trial=2, x__rid_x=0b80c8364fa42e5c: dummy_return_one(x)
[12:09:59.317] [INFO] [run] subject=6, session=1, speed=6, trial=3, x__rid_x=4d23d3cc59a43c0e: dummy_return_one(x)
[12:09:59.318] [INFO] [run] subject=6, session=1, speed=6, trial=4, x__rid_x=9ff808ea6e8f7f1f: dummy_return_one(x)
[12:09:59.319] [INFO] [run] subject=6, session=1, speed=6, trial=5, x__rid_x=55b26c96b5b78aea: dummy_return_one(x)
[12:09:59.319] [INFO] [run] subject=6, session=1, speed=6, trial=6, x__rid_x=8c08a62d12550788: dummy_return_one(x)
[12:09:59.320] [INFO] [run] subject=6, session=1, speed=6, trial=7, x__rid_x=11a640431b517389: dummy_return_one(x)
[12:09:59.321] [INFO] [run] subject=6, session=1, speed=7, trial=1, x__rid_x=2d30cccc6a0c5c89: dummy_return_one(x)
[12:09:59.321] [INFO] [run] subject=6, session=1, speed=7, trial=2, x__rid_x=6d45329e658ba8fc: dummy_return_one(x)
[12:09:59.322] [INFO] [run] subject=6, session=1, speed=7, trial=3, x__rid_x=f616912279f7e35c: dummy_return_one(x)
[12:09:59.323] [INFO] [run] subject=6, session=1, speed=7, trial=4, x__rid_x=c4ba0189cf848628: dummy_return_one(x)
[12:09:59.323] [INFO] [run] subject=6, session=1, speed=7, trial=5, x__rid_x=8aadcab23c022513: dummy_return_one(x)
[12:09:59.324] [INFO] [run] subject=6, session=1, speed=7, trial=6, x__rid_x=5d0496aacca0545f: dummy_return_one(x)
[12:09:59.325] [INFO] [run] subject=6, session=1, speed=7, trial=7, x__rid_x=1b17b44c1d8d2615: dummy_return_one(x)
[12:09:59.325] [INFO] [run] subject=6, session=1, speed=8, trial=1, x__rid_x=7c1bfd3d8a60dfb9: dummy_return_one(x)
[12:09:59.326] [INFO] [run] subject=6, session=1, speed=8, trial=2, x__rid_x=9c924a9db730e65a: dummy_return_one(x)
[12:09:59.326] [INFO] [run] subject=6, session=1, speed=8, trial=3, x__rid_x=cda81c5072d0d15d: dummy_return_one(x)
[12:09:59.327] [INFO] [run] subject=6, session=1, speed=8, trial=4, x__rid_x=231703ad93bee6d2: dummy_return_one(x)
[12:09:59.328] [INFO] [run] subject=6, session=1, speed=8, trial=5, x__rid_x=365c51b5c5760241: dummy_return_one(x)
[12:09:59.328] [INFO] [run] subject=6, session=1, speed=8, trial=6, x__rid_x=90f96bd4742751e9: dummy_return_one(x)
[12:09:59.329] [INFO] [run] subject=6, session=1, speed=8, trial=7, x__rid_x=fdfafba41d30e7ba: dummy_return_one(x)
[12:09:59.329] [INFO] [run] subject=6, session=1, speed=9, trial=1, x__rid_x=a757699831969dc5: dummy_return_one(x)
[12:09:59.330] [INFO] [run] subject=6, session=1, speed=9, trial=2, x__rid_x=a3e0fd8ebecb1f98: dummy_return_one(x)
[12:09:59.331] [INFO] [run] subject=6, session=1, speed=9, trial=3, x__rid_x=30ce8444006cd4b7: dummy_return_one(x)
[12:09:59.332] [INFO] [run] subject=6, session=1, speed=9, trial=4, x__rid_x=1703073455592fee: dummy_return_one(x)
[12:09:59.332] [INFO] [run] subject=6, session=1, speed=9, trial=5, x__rid_x=7da6e63274b01ae8: dummy_return_one(x)
[12:09:59.333] [INFO] [run] subject=6, session=1, speed=9, trial=6, x__rid_x=177ac4ef27c1a77b: dummy_return_one(x)
[12:09:59.334] [INFO] [run] subject=6, session=1, speed=9, trial=7, x__rid_x=4458fcd9d5ebd886: dummy_return_one(x)
[12:09:59.334] [INFO] [run] subject=6, session=2, speed=1, trial=1, x__rid_x=e35d613a19a180f7: dummy_return_one(x)
[12:09:59.335] [INFO] [run] subject=6, session=2, speed=1, trial=2, x__rid_x=c1837d75058c0c97: dummy_return_one(x)
[12:09:59.336] [INFO] [run] subject=6, session=2, speed=1, trial=3, x__rid_x=5d69c63769610af0: dummy_return_one(x)
[12:09:59.336] [INFO] [run] subject=6, session=2, speed=1, trial=4, x__rid_x=9b8cebc9bcadd8f7: dummy_return_one(x)
[12:09:59.337] [INFO] [run] subject=6, session=2, speed=1, trial=5, x__rid_x=84358ea8ce60f732: dummy_return_one(x)
[12:09:59.337] [INFO] [run] subject=6, session=2, speed=1, trial=6, x__rid_x=e3a568c9f08e0822: dummy_return_one(x)
[12:09:59.338] [INFO] [run] subject=6, session=2, speed=1, trial=7, x__rid_x=b47cd9a6ea5f83ce: dummy_return_one(x)
[12:09:59.339] [INFO] [run] subject=6, session=2, speed=10, trial=1, x__rid_x=a55fc22eaade8ce2: dummy_return_one(x)
[12:09:59.339] [INFO] [run] subject=6, session=2, speed=10, trial=2, x__rid_x=ecf20e3434ce2cea: dummy_return_one(x)
[12:09:59.340] [INFO] [run] subject=6, session=2, speed=10, trial=3, x__rid_x=570190018fb4a3f7: dummy_return_one(x)
[12:09:59.341] [INFO] [run] subject=6, session=2, speed=10, trial=4, x__rid_x=3cb2e8008baaf51a: dummy_return_one(x)
[12:09:59.341] [INFO] [run] subject=6, session=2, speed=10, trial=5, x__rid_x=d10c2d406fddc9fb: dummy_return_one(x)
[12:09:59.342] [INFO] [run] subject=6, session=2, speed=10, trial=6, x__rid_x=c31086baa4f35bf4: dummy_return_one(x)
[12:09:59.342] [INFO] [run] subject=6, session=2, speed=10, trial=7, x__rid_x=1b5985c9b76df226: dummy_return_one(x)
[12:09:59.343] [INFO] [run] subject=6, session=2, speed=2, trial=1, x__rid_x=490b2b6281c72308: dummy_return_one(x)
[12:09:59.344] [INFO] [run] subject=6, session=2, speed=2, trial=2, x__rid_x=f4c6a15694636667: dummy_return_one(x)
[12:09:59.344] [INFO] [run] subject=6, session=2, speed=2, trial=3, x__rid_x=497f72701a24b384: dummy_return_one(x)
[12:09:59.345] [INFO] [run] subject=6, session=2, speed=2, trial=4, x__rid_x=6041677362ffd15f: dummy_return_one(x)
[12:09:59.345] [INFO] [run] subject=6, session=2, speed=2, trial=5, x__rid_x=ca5c54bb5b8d73fc: dummy_return_one(x)
[12:09:59.346] [INFO] [run] subject=6, session=2, speed=2, trial=6, x__rid_x=3ca3c39584b2f8a6: dummy_return_one(x)
[12:09:59.347] [INFO] [run] subject=6, session=2, speed=2, trial=7, x__rid_x=aeb1754406ef7dfe: dummy_return_one(x)
[12:09:59.348] [INFO] [run] subject=6, session=2, speed=3, trial=1, x__rid_x=0dcb0229de2ed711: dummy_return_one(x)
[12:09:59.348] [INFO] [run] subject=6, session=2, speed=3, trial=2, x__rid_x=8bf19a3777695389: dummy_return_one(x)
[12:09:59.349] [INFO] [run] subject=6, session=2, speed=3, trial=3, x__rid_x=05198af854e68796: dummy_return_one(x)
[12:09:59.350] [INFO] [run] subject=6, session=2, speed=3, trial=4, x__rid_x=9d97605cd54f9cde: dummy_return_one(x)
[12:09:59.350] [INFO] [run] subject=6, session=2, speed=3, trial=5, x__rid_x=7053b1a7171c590e: dummy_return_one(x)
[12:09:59.351] [INFO] [run] subject=6, session=2, speed=3, trial=6, x__rid_x=1d2c22cf59a20254: dummy_return_one(x)
[12:09:59.351] [INFO] [run] subject=6, session=2, speed=3, trial=7, x__rid_x=d7df1b8d445c1ec2: dummy_return_one(x)
[12:09:59.352] [INFO] [run] subject=6, session=2, speed=4, trial=1, x__rid_x=73ec5443741ebf06: dummy_return_one(x)
[12:09:59.353] [INFO] [run] subject=6, session=2, speed=4, trial=2, x__rid_x=1b5c5b2995abf5b5: dummy_return_one(x)
[12:09:59.353] [INFO] [run] subject=6, session=2, speed=4, trial=3, x__rid_x=214a4311fe9d23e9: dummy_return_one(x)
[12:09:59.354] [INFO] [run] subject=6, session=2, speed=4, trial=4, x__rid_x=9d09083be2e29792: dummy_return_one(x)
[12:09:59.354] [INFO] [run] subject=6, session=2, speed=4, trial=5, x__rid_x=cb2f9526687bc3ad: dummy_return_one(x)
[12:09:59.355] [INFO] [run] subject=6, session=2, speed=4, trial=6, x__rid_x=d95182a40bf97975: dummy_return_one(x)
[12:09:59.356] [INFO] [run] subject=6, session=2, speed=4, trial=7, x__rid_x=97b873ce130ac018: dummy_return_one(x)
[12:09:59.356] [INFO] [run] subject=6, session=2, speed=5, trial=1, x__rid_x=a041d80b4177519a: dummy_return_one(x)
[12:09:59.357] [INFO] [run] subject=6, session=2, speed=5, trial=2, x__rid_x=cdcb41fa7624b680: dummy_return_one(x)
[12:09:59.357] [INFO] [run] subject=6, session=2, speed=5, trial=3, x__rid_x=81ea6ab044200c74: dummy_return_one(x)
[12:09:59.358] [INFO] [run] subject=6, session=2, speed=5, trial=4, x__rid_x=d4a873d9c99a6dde: dummy_return_one(x)
[12:09:59.359] [INFO] [run] subject=6, session=2, speed=5, trial=5, x__rid_x=2848fe69edfe0f15: dummy_return_one(x)
[12:09:59.359] [INFO] [run] subject=6, session=2, speed=5, trial=6, x__rid_x=d771836576391eba: dummy_return_one(x)
[12:09:59.360] [INFO] [run] subject=6, session=2, speed=5, trial=7, x__rid_x=864b9991900bd46d: dummy_return_one(x)
[12:09:59.360] [INFO] [run] subject=6, session=2, speed=6, trial=1, x__rid_x=0b1e746d39895513: dummy_return_one(x)
[12:09:59.361] [INFO] [run] subject=6, session=2, speed=6, trial=2, x__rid_x=656e8ecbd6e39d6c: dummy_return_one(x)
[12:09:59.361] [INFO] [run] subject=6, session=2, speed=6, trial=3, x__rid_x=b8eda67bb8b8a47c: dummy_return_one(x)
[12:09:59.362] [INFO] [run] subject=6, session=2, speed=6, trial=4, x__rid_x=ab9dec5b7da69302: dummy_return_one(x)
[12:09:59.363] [INFO] [run] subject=6, session=2, speed=6, trial=5, x__rid_x=a799b8de13e03b33: dummy_return_one(x)
[12:09:59.364] [INFO] [run] subject=6, session=2, speed=6, trial=6, x__rid_x=121fe95d4762966d: dummy_return_one(x)
[12:09:59.364] [INFO] [run] subject=6, session=2, speed=6, trial=7, x__rid_x=402abc996a2311bf: dummy_return_one(x)
[12:09:59.365] [INFO] [run] subject=6, session=2, speed=7, trial=1, x__rid_x=2f5c330279f7631a: dummy_return_one(x)
[12:09:59.366] [INFO] [run] subject=6, session=2, speed=7, trial=2, x__rid_x=d15d2dcfa1acdb77: dummy_return_one(x)
[12:09:59.366] [INFO] [run] subject=6, session=2, speed=7, trial=3, x__rid_x=0ea22a4c3584b02b: dummy_return_one(x)
[12:09:59.367] [INFO] [run] subject=6, session=2, speed=7, trial=4, x__rid_x=3366c1470b0a2b95: dummy_return_one(x)
[12:09:59.367] [INFO] [run] subject=6, session=2, speed=7, trial=5, x__rid_x=d8bc6160196363b5: dummy_return_one(x)
[12:09:59.368] [INFO] [run] subject=6, session=2, speed=7, trial=6, x__rid_x=8ba6f1eac6d2c172: dummy_return_one(x)
[12:09:59.368] [INFO] [run] subject=6, session=2, speed=7, trial=7, x__rid_x=82783b9ffbedf24e: dummy_return_one(x)
[12:09:59.369] [INFO] [run] subject=6, session=2, speed=8, trial=1, x__rid_x=e98344e29e1b7a99: dummy_return_one(x)
[12:09:59.370] [INFO] [run] subject=6, session=2, speed=8, trial=2, x__rid_x=8f5ed961c78e0304: dummy_return_one(x)
[12:09:59.370] [INFO] [run] subject=6, session=2, speed=8, trial=3, x__rid_x=a7bcab8c820b64fb: dummy_return_one(x)
[12:09:59.371] [INFO] [run] subject=6, session=2, speed=8, trial=4, x__rid_x=f0b24d21a7f6598d: dummy_return_one(x)
[12:09:59.371] [INFO] [run] subject=6, session=2, speed=8, trial=5, x__rid_x=fea3d9065dbba8c0: dummy_return_one(x)
[12:09:59.372] [INFO] [run] subject=6, session=2, speed=8, trial=6, x__rid_x=65e36f8359e30c0b: dummy_return_one(x)
[12:09:59.373] [INFO] [run] subject=6, session=2, speed=8, trial=7, x__rid_x=08d5f99af83d215d: dummy_return_one(x)
[12:09:59.374] [INFO] [run] subject=6, session=2, speed=9, trial=1, x__rid_x=93a17c345ed132cb: dummy_return_one(x)
[12:09:59.374] [INFO] [run] subject=6, session=2, speed=9, trial=2, x__rid_x=9b9701d0273bc014: dummy_return_one(x)
[12:09:59.375] [INFO] [run] subject=6, session=2, speed=9, trial=3, x__rid_x=c765ea6c1e778f78: dummy_return_one(x)
[12:09:59.376] [INFO] [run] subject=6, session=2, speed=9, trial=4, x__rid_x=f552056ebfadda8b: dummy_return_one(x)
[12:09:59.377] [INFO] [run] subject=6, session=2, speed=9, trial=5, x__rid_x=af77e687763d6463: dummy_return_one(x)
[12:09:59.377] [INFO] [run] subject=6, session=2, speed=9, trial=6, x__rid_x=f1b8e85a06886d69: dummy_return_one(x)
[12:09:59.378] [INFO] [run] subject=6, session=2, speed=9, trial=7, x__rid_x=cacceff1311c56ec: dummy_return_one(x)
[12:09:59.378] [INFO] [run] subject=6, session=3, speed=1, trial=1, x__rid_x=a08b3cf3defb826e: dummy_return_one(x)
[12:09:59.379] [INFO] [run] subject=6, session=3, speed=1, trial=2, x__rid_x=ef2dbf576b0777bd: dummy_return_one(x)
[12:09:59.380] [INFO] [run] subject=6, session=3, speed=1, trial=3, x__rid_x=151b234bc84521fc: dummy_return_one(x)
[12:09:59.381] [INFO] [run] subject=6, session=3, speed=1, trial=4, x__rid_x=b3bc4643bf0726b2: dummy_return_one(x)
[12:09:59.381] [INFO] [run] subject=6, session=3, speed=1, trial=5, x__rid_x=c8ca3c36a06bf228: dummy_return_one(x)
[12:09:59.382] [INFO] [run] subject=6, session=3, speed=1, trial=6, x__rid_x=b53a511123248622: dummy_return_one(x)
[12:09:59.383] [INFO] [run] subject=6, session=3, speed=1, trial=7, x__rid_x=d42001eb401337ea: dummy_return_one(x)
[12:09:59.383] [INFO] [run] subject=6, session=3, speed=10, trial=1, x__rid_x=6fca138c1f796996: dummy_return_one(x)
[12:09:59.384] [INFO] [run] subject=6, session=3, speed=10, trial=2, x__rid_x=2fd265d78b28728b: dummy_return_one(x)
[12:09:59.384] [INFO] [run] subject=6, session=3, speed=10, trial=3, x__rid_x=c9c50f6e99a69c46: dummy_return_one(x)
[12:09:59.385] [INFO] [run] subject=6, session=3, speed=10, trial=4, x__rid_x=9a258b11d18d5fb8: dummy_return_one(x)
[12:09:59.386] [INFO] [run] subject=6, session=3, speed=10, trial=5, x__rid_x=79f81b49a898dc83: dummy_return_one(x)
[12:09:59.386] [INFO] [run] subject=6, session=3, speed=10, trial=6, x__rid_x=35d78b883852b429: dummy_return_one(x)
[12:09:59.387] [INFO] [run] subject=6, session=3, speed=10, trial=7, x__rid_x=a021d798a0d39072: dummy_return_one(x)
[12:09:59.387] [INFO] [run] subject=6, session=3, speed=2, trial=1, x__rid_x=96b7a63aae8a0ddb: dummy_return_one(x)
[12:09:59.388] [INFO] [run] subject=6, session=3, speed=2, trial=2, x__rid_x=53050ca903fae244: dummy_return_one(x)
[12:09:59.388] [INFO] [run] subject=6, session=3, speed=2, trial=3, x__rid_x=89ad8f327121717a: dummy_return_one(x)
[12:09:59.389] [INFO] [run] subject=6, session=3, speed=2, trial=4, x__rid_x=832e7fcf9f2bf59a: dummy_return_one(x)
[12:09:59.390] [INFO] [run] subject=6, session=3, speed=2, trial=5, x__rid_x=1c993190a9ff447b: dummy_return_one(x)
[12:09:59.390] [INFO] [run] subject=6, session=3, speed=2, trial=6, x__rid_x=488886f368116d80: dummy_return_one(x)
[12:09:59.391] [INFO] [run] subject=6, session=3, speed=2, trial=7, x__rid_x=7431a05bf51b6b1d: dummy_return_one(x)
[12:09:59.392] [INFO] [run] subject=6, session=3, speed=3, trial=1, x__rid_x=80e66498d0badff8: dummy_return_one(x)
[12:09:59.392] [INFO] [run] subject=6, session=3, speed=3, trial=2, x__rid_x=967386d3e762a6fc: dummy_return_one(x)
[12:09:59.393] [INFO] [run] subject=6, session=3, speed=3, trial=3, x__rid_x=ad87e98ff2466124: dummy_return_one(x)
[12:09:59.394] [INFO] [run] subject=6, session=3, speed=3, trial=4, x__rid_x=16906cae6c47baf2: dummy_return_one(x)
[12:09:59.394] [INFO] [run] subject=6, session=3, speed=3, trial=5, x__rid_x=344f91794bc19f39: dummy_return_one(x)
[12:09:59.395] [INFO] [run] subject=6, session=3, speed=3, trial=6, x__rid_x=a0034090380de486: dummy_return_one(x)
[12:09:59.395] [INFO] [run] subject=6, session=3, speed=3, trial=7, x__rid_x=0a4abdeb6ea35070: dummy_return_one(x)
[12:09:59.396] [INFO] [run] subject=6, session=3, speed=4, trial=1, x__rid_x=f4ffe49e158fe302: dummy_return_one(x)
[12:09:59.397] [INFO] [run] subject=6, session=3, speed=4, trial=2, x__rid_x=82fabc5bcc67ab1a: dummy_return_one(x)
[12:09:59.398] [INFO] [run] subject=6, session=3, speed=4, trial=3, x__rid_x=d8edd16f949f56ae: dummy_return_one(x)
[12:09:59.398] [INFO] [run] subject=6, session=3, speed=4, trial=4, x__rid_x=26231655d5e966c4: dummy_return_one(x)
[12:09:59.399] [INFO] [run] subject=6, session=3, speed=4, trial=5, x__rid_x=c13d933024a5587a: dummy_return_one(x)
[12:09:59.399] [INFO] [run] subject=6, session=3, speed=4, trial=6, x__rid_x=ff048070aac1354c: dummy_return_one(x)
[12:09:59.400] [INFO] [run] subject=6, session=3, speed=4, trial=7, x__rid_x=c173ccb630dd37cf: dummy_return_one(x)
[12:09:59.401] [INFO] [run] subject=6, session=3, speed=5, trial=1, x__rid_x=db38a61542dc1626: dummy_return_one(x)
[12:09:59.401] [INFO] [run] subject=6, session=3, speed=5, trial=2, x__rid_x=26d388fbb7043d78: dummy_return_one(x)
[12:09:59.402] [INFO] [run] subject=6, session=3, speed=5, trial=3, x__rid_x=b269b360321d4edc: dummy_return_one(x)
[12:09:59.402] [INFO] [run] subject=6, session=3, speed=5, trial=4, x__rid_x=106345b96461f003: dummy_return_one(x)
[12:09:59.403] [INFO] [run] subject=6, session=3, speed=5, trial=5, x__rid_x=c20a0f32b973e2c3: dummy_return_one(x)
[12:09:59.404] [INFO] [run] subject=6, session=3, speed=5, trial=6, x__rid_x=bcc3a2d345fab64f: dummy_return_one(x)
[12:09:59.404] [INFO] [run] subject=6, session=3, speed=5, trial=7, x__rid_x=d2746646e65883ca: dummy_return_one(x)
[12:09:59.405] [INFO] [run] subject=6, session=3, speed=6, trial=1, x__rid_x=8504b80dda4d26ec: dummy_return_one(x)
[12:09:59.406] [INFO] [run] subject=6, session=3, speed=6, trial=2, x__rid_x=e1b3f28d912c540a: dummy_return_one(x)
[12:09:59.406] [INFO] [run] subject=6, session=3, speed=6, trial=3, x__rid_x=53dfdaa8c0cd056b: dummy_return_one(x)
[12:09:59.407] [INFO] [run] subject=6, session=3, speed=6, trial=4, x__rid_x=f79ba95318683292: dummy_return_one(x)
[12:09:59.407] [INFO] [run] subject=6, session=3, speed=6, trial=5, x__rid_x=fc32eb03ca2f2b57: dummy_return_one(x)
[12:09:59.408] [INFO] [run] subject=6, session=3, speed=6, trial=6, x__rid_x=39a31ebc7395d042: dummy_return_one(x)
[12:09:59.409] [INFO] [run] subject=6, session=3, speed=6, trial=7, x__rid_x=fe1b37bf2dbfca42: dummy_return_one(x)
[12:09:59.409] [INFO] [run] subject=6, session=3, speed=7, trial=1, x__rid_x=a7810169311d41cb: dummy_return_one(x)
[12:09:59.410] [INFO] [run] subject=6, session=3, speed=7, trial=2, x__rid_x=846da8caac732c08: dummy_return_one(x)
[12:09:59.411] [INFO] [run] subject=6, session=3, speed=7, trial=3, x__rid_x=b6da3850755d1cc4: dummy_return_one(x)
[12:09:59.411] [INFO] [run] subject=6, session=3, speed=7, trial=4, x__rid_x=8e61971ee60fe886: dummy_return_one(x)
[12:09:59.412] [INFO] [run] subject=6, session=3, speed=7, trial=5, x__rid_x=4124ee5f949bbf1e: dummy_return_one(x)
[12:09:59.413] [INFO] [run] subject=6, session=3, speed=7, trial=6, x__rid_x=a9c5c770cae27102: dummy_return_one(x)
[12:09:59.414] [INFO] [run] subject=6, session=3, speed=7, trial=7, x__rid_x=3a1583a229b9badb: dummy_return_one(x)
[12:09:59.414] [INFO] [run] subject=6, session=3, speed=8, trial=1, x__rid_x=50340db73b79c3fe: dummy_return_one(x)
[12:09:59.415] [INFO] [run] subject=6, session=3, speed=8, trial=2, x__rid_x=acee63efe9876db7: dummy_return_one(x)
[12:09:59.416] [INFO] [run] subject=6, session=3, speed=8, trial=3, x__rid_x=081e607c2544c8a7: dummy_return_one(x)
[12:09:59.416] [INFO] [run] subject=6, session=3, speed=8, trial=4, x__rid_x=9bb326e66912578e: dummy_return_one(x)
[12:09:59.417] [INFO] [run] subject=6, session=3, speed=8, trial=5, x__rid_x=a2fc5d4915ec2421: dummy_return_one(x)
[12:09:59.417] [INFO] [run] subject=6, session=3, speed=8, trial=6, x__rid_x=9f7354404d4a6144: dummy_return_one(x)
[12:09:59.418] [INFO] [run] subject=6, session=3, speed=8, trial=7, x__rid_x=3e08299da5156000: dummy_return_one(x)
[12:09:59.418] [INFO] [run] subject=6, session=3, speed=9, trial=1, x__rid_x=bfe8faeff7313657: dummy_return_one(x)
[12:09:59.419] [INFO] [run] subject=6, session=3, speed=9, trial=2, x__rid_x=246cd29465626792: dummy_return_one(x)
[12:09:59.420] [INFO] [run] subject=6, session=3, speed=9, trial=3, x__rid_x=7282572ca18c0b4f: dummy_return_one(x)
[12:09:59.420] [INFO] [run] subject=6, session=3, speed=9, trial=4, x__rid_x=48c6396e26fa185a: dummy_return_one(x)
[12:09:59.421] [INFO] [run] subject=6, session=3, speed=9, trial=5, x__rid_x=1a2c74640125dc99: dummy_return_one(x)
[12:09:59.421] [INFO] [run] subject=6, session=3, speed=9, trial=6, x__rid_x=17c1ca565b0bf05d: dummy_return_one(x)
[12:09:59.422] [INFO] [run] subject=6, session=3, speed=9, trial=7, x__rid_x=2e4566373a534155: dummy_return_one(x)
[12:09:59.423] [INFO] [run] subject=6, session=4, speed=1, trial=1, x__rid_x=25d1901f2dc833d3: dummy_return_one(x)
[12:09:59.423] [INFO] [run] subject=6, session=4, speed=1, trial=2, x__rid_x=1bb0b7d93db55d4c: dummy_return_one(x)
[12:09:59.424] [INFO] [run] subject=6, session=4, speed=1, trial=3, x__rid_x=f7e9722ae9eaf88b: dummy_return_one(x)
[12:09:59.424] [INFO] [run] subject=6, session=4, speed=1, trial=4, x__rid_x=5d3f422e70f7ad9f: dummy_return_one(x)
[12:09:59.425] [INFO] [run] subject=6, session=4, speed=1, trial=5, x__rid_x=b89d880f24f04460: dummy_return_one(x)
[12:09:59.426] [INFO] [run] subject=6, session=4, speed=1, trial=6, x__rid_x=bc0dfc13a8adc217: dummy_return_one(x)
[12:09:59.426] [INFO] [run] subject=6, session=4, speed=1, trial=7, x__rid_x=ad9931f3237ad178: dummy_return_one(x)
[12:09:59.427] [INFO] [run] subject=6, session=4, speed=10, trial=1, x__rid_x=5d846618bb6f2245: dummy_return_one(x)
[12:09:59.428] [INFO] [run] subject=6, session=4, speed=10, trial=2, x__rid_x=d5afb45171792b59: dummy_return_one(x)
[12:09:59.428] [INFO] [run] subject=6, session=4, speed=10, trial=3, x__rid_x=0c669dcf4c308470: dummy_return_one(x)
[12:09:59.429] [INFO] [run] subject=6, session=4, speed=10, trial=4, x__rid_x=d9315d6ac14d9c5c: dummy_return_one(x)
[12:09:59.430] [INFO] [run] subject=6, session=4, speed=10, trial=5, x__rid_x=7edbfae6a669db8b: dummy_return_one(x)
[12:09:59.430] [INFO] [run] subject=6, session=4, speed=10, trial=6, x__rid_x=4476ec4fa95e70fa: dummy_return_one(x)
[12:09:59.431] [INFO] [run] subject=6, session=4, speed=10, trial=7, x__rid_x=68ad2c6e568ff1bb: dummy_return_one(x)
[12:09:59.432] [INFO] [run] subject=6, session=4, speed=2, trial=1, x__rid_x=1d3951282cdb6adf: dummy_return_one(x)
[12:09:59.433] [INFO] [run] subject=6, session=4, speed=2, trial=2, x__rid_x=fb381b6814b050ae: dummy_return_one(x)
[12:09:59.433] [INFO] [run] subject=6, session=4, speed=2, trial=3, x__rid_x=a3c6ad0a98170d87: dummy_return_one(x)
[12:09:59.434] [INFO] [run] subject=6, session=4, speed=2, trial=4, x__rid_x=6f83c7596f5a4dfe: dummy_return_one(x)
[12:09:59.434] [INFO] [run] subject=6, session=4, speed=2, trial=5, x__rid_x=7e530150b19f8f5a: dummy_return_one(x)
[12:09:59.435] [INFO] [run] subject=6, session=4, speed=2, trial=6, x__rid_x=3342466ee58fc4f5: dummy_return_one(x)
[12:09:59.436] [INFO] [run] subject=6, session=4, speed=2, trial=7, x__rid_x=73864a538e7acdcc: dummy_return_one(x)
[12:09:59.436] [INFO] [run] subject=6, session=4, speed=3, trial=1, x__rid_x=7ba22d8279e7a780: dummy_return_one(x)
[12:09:59.437] [INFO] [run] subject=6, session=4, speed=3, trial=2, x__rid_x=33f0414d639274e7: dummy_return_one(x)
[12:09:59.437] [INFO] [run] subject=6, session=4, speed=3, trial=3, x__rid_x=0a53df914ba01e69: dummy_return_one(x)
[12:09:59.438] [INFO] [run] subject=6, session=4, speed=3, trial=4, x__rid_x=5359e250bd103a5e: dummy_return_one(x)
[12:09:59.439] [INFO] [run] subject=6, session=4, speed=3, trial=5, x__rid_x=b039bf1b00c3dda9: dummy_return_one(x)
[12:09:59.439] [INFO] [run] subject=6, session=4, speed=3, trial=6, x__rid_x=f09f342081362296: dummy_return_one(x)
[12:09:59.440] [INFO] [run] subject=6, session=4, speed=3, trial=7, x__rid_x=5ceb862aaa6a027f: dummy_return_one(x)
[12:09:59.441] [INFO] [run] subject=6, session=4, speed=4, trial=1, x__rid_x=402696ebf544771c: dummy_return_one(x)
[12:09:59.441] [INFO] [run] subject=6, session=4, speed=4, trial=2, x__rid_x=21bb9b8b88d56c78: dummy_return_one(x)
[12:09:59.442] [INFO] [run] subject=6, session=4, speed=4, trial=3, x__rid_x=41f0b71dffb58219: dummy_return_one(x)
[12:09:59.442] [INFO] [run] subject=6, session=4, speed=4, trial=4, x__rid_x=002c193525745f80: dummy_return_one(x)
[12:09:59.443] [INFO] [run] subject=6, session=4, speed=4, trial=5, x__rid_x=0cbe9e3c82a87406: dummy_return_one(x)
[12:09:59.443] [INFO] [run] subject=6, session=4, speed=4, trial=6, x__rid_x=69d18e900cc95d55: dummy_return_one(x)
[12:09:59.444] [INFO] [run] subject=6, session=4, speed=4, trial=7, x__rid_x=65b2749c4a1995df: dummy_return_one(x)
[12:09:59.445] [INFO] [run] subject=6, session=4, speed=5, trial=1, x__rid_x=bb6c1969e9cc401d: dummy_return_one(x)
[12:09:59.445] [INFO] [run] subject=6, session=4, speed=5, trial=2, x__rid_x=266b3967f7fcf17b: dummy_return_one(x)
[12:09:59.446] [INFO] [run] subject=6, session=4, speed=5, trial=3, x__rid_x=0a0916be935135ca: dummy_return_one(x)
[12:09:59.447] [INFO] [run] subject=6, session=4, speed=5, trial=4, x__rid_x=eea8ec60c57276ba: dummy_return_one(x)
[12:09:59.448] [INFO] [run] subject=6, session=4, speed=5, trial=5, x__rid_x=3b9fd50497d23e59: dummy_return_one(x)
[12:09:59.448] [INFO] [run] subject=6, session=4, speed=5, trial=6, x__rid_x=61384f4ede3da4fa: dummy_return_one(x)
[12:09:59.449] [INFO] [run] subject=6, session=4, speed=5, trial=7, x__rid_x=d4b187df3c48a967: dummy_return_one(x)
[12:09:59.450] [INFO] [run] subject=6, session=4, speed=6, trial=1, x__rid_x=cf03ab0f5f41249c: dummy_return_one(x)
[12:09:59.450] [INFO] [run] subject=6, session=4, speed=6, trial=2, x__rid_x=99a1339081ac3eb2: dummy_return_one(x)
[12:09:59.451] [INFO] [run] subject=6, session=4, speed=6, trial=3, x__rid_x=23bb8189dc0c1fef: dummy_return_one(x)
[12:09:59.451] [INFO] [run] subject=6, session=4, speed=6, trial=4, x__rid_x=628958a71c247050: dummy_return_one(x)
[12:09:59.452] [INFO] [run] subject=6, session=4, speed=6, trial=5, x__rid_x=4fe9e5ca26721f82: dummy_return_one(x)
[12:09:59.453] [INFO] [run] subject=6, session=4, speed=6, trial=6, x__rid_x=baac91d535040d5c: dummy_return_one(x)
[12:09:59.453] [INFO] [run] subject=6, session=4, speed=6, trial=7, x__rid_x=5c0ea8626b2179af: dummy_return_one(x)
[12:09:59.454] [INFO] [run] subject=6, session=4, speed=7, trial=1, x__rid_x=555314506fe8a730: dummy_return_one(x)
[12:09:59.454] [INFO] [run] subject=6, session=4, speed=7, trial=2, x__rid_x=d542d0a81a879097: dummy_return_one(x)
[12:09:59.455] [INFO] [run] subject=6, session=4, speed=7, trial=3, x__rid_x=4da017909f4296ba: dummy_return_one(x)
[12:09:59.456] [INFO] [run] subject=6, session=4, speed=7, trial=4, x__rid_x=2df62848dcc5387a: dummy_return_one(x)
[12:09:59.456] [INFO] [run] subject=6, session=4, speed=7, trial=5, x__rid_x=ad3e45af23306858: dummy_return_one(x)
[12:09:59.457] [INFO] [run] subject=6, session=4, speed=7, trial=6, x__rid_x=891fe1526b94bcbe: dummy_return_one(x)
[12:09:59.457] [INFO] [run] subject=6, session=4, speed=7, trial=7, x__rid_x=eaa4e1056001c707: dummy_return_one(x)
[12:09:59.458] [INFO] [run] subject=6, session=4, speed=8, trial=1, x__rid_x=d1ab6b62d3f0956f: dummy_return_one(x)
[12:09:59.459] [INFO] [run] subject=6, session=4, speed=8, trial=2, x__rid_x=8e28b5ea9baa3ae6: dummy_return_one(x)
[12:09:59.459] [INFO] [run] subject=6, session=4, speed=8, trial=3, x__rid_x=4510c04aac3f7d43: dummy_return_one(x)
[12:09:59.460] [INFO] [run] subject=6, session=4, speed=8, trial=4, x__rid_x=05017a5515b27bdb: dummy_return_one(x)
[12:09:59.460] [INFO] [run] subject=6, session=4, speed=8, trial=5, x__rid_x=f100e867efc316d0: dummy_return_one(x)
[12:09:59.461] [INFO] [run] subject=6, session=4, speed=8, trial=6, x__rid_x=700fc7c1153b8396: dummy_return_one(x)
[12:09:59.461] [INFO] [run] subject=6, session=4, speed=8, trial=7, x__rid_x=b01293c99db68f31: dummy_return_one(x)
[12:09:59.462] [INFO] [run] subject=6, session=4, speed=9, trial=1, x__rid_x=eea1dbf9213807ab: dummy_return_one(x)
[12:09:59.463] [INFO] [run] subject=6, session=4, speed=9, trial=2, x__rid_x=36f843a38df3ecbe: dummy_return_one(x)
[12:09:59.464] [INFO] [run] subject=6, session=4, speed=9, trial=3, x__rid_x=9e8801b7e9a74207: dummy_return_one(x)
[12:09:59.464] [INFO] [run] subject=6, session=4, speed=9, trial=4, x__rid_x=f05816178d052e97: dummy_return_one(x)
[12:09:59.465] [INFO] [run] subject=6, session=4, speed=9, trial=5, x__rid_x=3d465e41e3f6ce19: dummy_return_one(x)
[12:09:59.466] [INFO] [run] subject=6, session=4, speed=9, trial=6, x__rid_x=4d71c30ae467f93a: dummy_return_one(x)
[12:09:59.466] [INFO] [run] subject=6, session=4, speed=9, trial=7, x__rid_x=137534a8b1b97726: dummy_return_one(x)
[12:09:59.467] [INFO] [run] subject=6, session=5, speed=1, trial=1, x__rid_x=7eae952b11ee0ac7: dummy_return_one(x)
[12:09:59.467] [INFO] [run] subject=6, session=5, speed=1, trial=2, x__rid_x=7384538952e08688: dummy_return_one(x)
[12:09:59.468] [INFO] [run] subject=6, session=5, speed=1, trial=3, x__rid_x=401fe4df05118507: dummy_return_one(x)
[12:09:59.469] [INFO] [run] subject=6, session=5, speed=1, trial=4, x__rid_x=df4922ce78a4e8aa: dummy_return_one(x)
[12:09:59.469] [INFO] [run] subject=6, session=5, speed=1, trial=5, x__rid_x=8a74887f325b53f5: dummy_return_one(x)
[12:09:59.470] [INFO] [run] subject=6, session=5, speed=1, trial=6, x__rid_x=c9b23a4d6d0da0d1: dummy_return_one(x)
[12:09:59.471] [INFO] [run] subject=6, session=5, speed=1, trial=7, x__rid_x=ae623cd2175e92b1: dummy_return_one(x)
[12:09:59.471] [INFO] [run] subject=6, session=5, speed=10, trial=1, x__rid_x=614966a3f31ff6dc: dummy_return_one(x)
[12:09:59.472] [INFO] [run] subject=6, session=5, speed=10, trial=2, x__rid_x=4e5eef2128c6eb82: dummy_return_one(x)
[12:09:59.472] [INFO] [run] subject=6, session=5, speed=10, trial=3, x__rid_x=d4551eacf5322e63: dummy_return_one(x)
[12:09:59.473] [INFO] [run] subject=6, session=5, speed=10, trial=4, x__rid_x=f856521ee1b5685d: dummy_return_one(x)
[12:09:59.474] [INFO] [run] subject=6, session=5, speed=10, trial=5, x__rid_x=91cdb6d05d8db491: dummy_return_one(x)
[12:09:59.474] [INFO] [run] subject=6, session=5, speed=10, trial=6, x__rid_x=30995c34810111fb: dummy_return_one(x)
[12:09:59.475] [INFO] [run] subject=6, session=5, speed=10, trial=7, x__rid_x=6abca6ee50ca648d: dummy_return_one(x)
[12:09:59.475] [INFO] [run] subject=6, session=5, speed=2, trial=1, x__rid_x=ec97d2f87bede29a: dummy_return_one(x)
[12:09:59.476] [INFO] [run] subject=6, session=5, speed=2, trial=2, x__rid_x=2cfc72b78e9dd70c: dummy_return_one(x)
[12:09:59.477] [INFO] [run] subject=6, session=5, speed=2, trial=3, x__rid_x=24731f52f84d2d39: dummy_return_one(x)
[12:09:59.477] [INFO] [run] subject=6, session=5, speed=2, trial=4, x__rid_x=662693b952ff0932: dummy_return_one(x)
[12:09:59.478] [INFO] [run] subject=6, session=5, speed=2, trial=5, x__rid_x=9eea8963bafed9ba: dummy_return_one(x)
[12:09:59.479] [INFO] [run] subject=6, session=5, speed=2, trial=6, x__rid_x=7acaed77ce956c2b: dummy_return_one(x)
[12:09:59.479] [INFO] [run] subject=6, session=5, speed=2, trial=7, x__rid_x=fd40449c7488d590: dummy_return_one(x)
[12:09:59.480] [INFO] [run] subject=6, session=5, speed=3, trial=1, x__rid_x=4f2f91e5f1163c92: dummy_return_one(x)
[12:09:59.481] [INFO] [run] subject=6, session=5, speed=3, trial=2, x__rid_x=bb2bc77e8791df62: dummy_return_one(x)
[12:09:59.482] [INFO] [run] subject=6, session=5, speed=3, trial=3, x__rid_x=6f01b89a7b0387a6: dummy_return_one(x)
[12:09:59.482] [INFO] [run] subject=6, session=5, speed=3, trial=4, x__rid_x=73c3de180581b121: dummy_return_one(x)
[12:09:59.483] [INFO] [run] subject=6, session=5, speed=3, trial=5, x__rid_x=6564b8b0379228fc: dummy_return_one(x)
[12:09:59.484] [INFO] [run] subject=6, session=5, speed=3, trial=6, x__rid_x=4b9b0cb840b914b6: dummy_return_one(x)
[12:09:59.484] [INFO] [run] subject=6, session=5, speed=3, trial=7, x__rid_x=f05b5485a8533798: dummy_return_one(x)
[12:09:59.485] [INFO] [run] subject=6, session=5, speed=4, trial=1, x__rid_x=f094662a5fcb8d0a: dummy_return_one(x)
[12:09:59.486] [INFO] [run] subject=6, session=5, speed=4, trial=2, x__rid_x=d507128f8833bb86: dummy_return_one(x)
[12:09:59.486] [INFO] [run] subject=6, session=5, speed=4, trial=3, x__rid_x=3cdbb670619eff08: dummy_return_one(x)
[12:09:59.487] [INFO] [run] subject=6, session=5, speed=4, trial=4, x__rid_x=715bbe09cd2aa78b: dummy_return_one(x)
[12:09:59.487] [INFO] [run] subject=6, session=5, speed=4, trial=5, x__rid_x=30f1f0f8293d72c4: dummy_return_one(x)
[12:09:59.488] [INFO] [run] subject=6, session=5, speed=4, trial=6, x__rid_x=226aa4f39b4e19b2: dummy_return_one(x)
[12:09:59.489] [INFO] [run] subject=6, session=5, speed=4, trial=7, x__rid_x=a3574ac8451d52f7: dummy_return_one(x)
[12:09:59.489] [INFO] [run] subject=6, session=5, speed=5, trial=1, x__rid_x=c4d2f47ce0023ed3: dummy_return_one(x)
[12:09:59.490] [INFO] [run] subject=6, session=5, speed=5, trial=2, x__rid_x=fbad628187e08b5f: dummy_return_one(x)
[12:09:59.491] [INFO] [run] subject=6, session=5, speed=5, trial=3, x__rid_x=dc7aa5cac2752f1b: dummy_return_one(x)
[12:09:59.491] [INFO] [run] subject=6, session=5, speed=5, trial=4, x__rid_x=64a601c18353c09e: dummy_return_one(x)
[12:09:59.492] [INFO] [run] subject=6, session=5, speed=5, trial=5, x__rid_x=cf20e458ebbe3919: dummy_return_one(x)
[12:09:59.492] [INFO] [run] subject=6, session=5, speed=5, trial=6, x__rid_x=fcf9152c3c7ff5a1: dummy_return_one(x)
[12:09:59.493] [INFO] [run] subject=6, session=5, speed=5, trial=7, x__rid_x=7926a2766f472e7f: dummy_return_one(x)
[12:09:59.494] [INFO] [run] subject=6, session=5, speed=6, trial=1, x__rid_x=2b50d974bd6b79a7: dummy_return_one(x)
[12:09:59.494] [INFO] [run] subject=6, session=5, speed=6, trial=2, x__rid_x=85b3cc04f11302b4: dummy_return_one(x)
[12:09:59.495] [INFO] [run] subject=6, session=5, speed=6, trial=3, x__rid_x=ba88c5190a435066: dummy_return_one(x)
[12:09:59.496] [INFO] [run] subject=6, session=5, speed=6, trial=4, x__rid_x=bc047e37a97ab9e7: dummy_return_one(x)
[12:09:59.497] [INFO] [run] subject=6, session=5, speed=6, trial=5, x__rid_x=361062edf1045e20: dummy_return_one(x)
[12:09:59.497] [INFO] [run] subject=6, session=5, speed=6, trial=6, x__rid_x=8381a08f2e57c17a: dummy_return_one(x)
[12:09:59.498] [INFO] [run] subject=6, session=5, speed=6, trial=7, x__rid_x=4df1582b7ead1a74: dummy_return_one(x)
[12:09:59.499] [INFO] [run] subject=6, session=5, speed=7, trial=1, x__rid_x=4f3d241aa48ef7a7: dummy_return_one(x)
[12:09:59.500] [INFO] [run] subject=6, session=5, speed=7, trial=2, x__rid_x=0e78272e55207f12: dummy_return_one(x)
[12:09:59.500] [INFO] [run] subject=6, session=5, speed=7, trial=3, x__rid_x=04635331954176a8: dummy_return_one(x)
[12:09:59.501] [INFO] [run] subject=6, session=5, speed=7, trial=4, x__rid_x=d56b4d773b256302: dummy_return_one(x)
[12:09:59.502] [INFO] [run] subject=6, session=5, speed=7, trial=5, x__rid_x=31e88fd11da6b8ea: dummy_return_one(x)
[12:09:59.502] [INFO] [run] subject=6, session=5, speed=7, trial=6, x__rid_x=9a2265cb1886f867: dummy_return_one(x)
[12:09:59.503] [INFO] [run] subject=6, session=5, speed=7, trial=7, x__rid_x=bdcee8fe4c72cfa8: dummy_return_one(x)
[12:09:59.504] [INFO] [run] subject=6, session=5, speed=8, trial=1, x__rid_x=78d1357844e53cd3: dummy_return_one(x)
[12:09:59.504] [INFO] [run] subject=6, session=5, speed=8, trial=2, x__rid_x=c3c1a265ba23bc05: dummy_return_one(x)
[12:09:59.505] [INFO] [run] subject=6, session=5, speed=8, trial=3, x__rid_x=dd858e14142b3188: dummy_return_one(x)
[12:09:59.505] [INFO] [run] subject=6, session=5, speed=8, trial=4, x__rid_x=e7e81010ca516b64: dummy_return_one(x)
[12:09:59.506] [INFO] [run] subject=6, session=5, speed=8, trial=5, x__rid_x=3320b48c36c1a9be: dummy_return_one(x)
[12:09:59.507] [INFO] [run] subject=6, session=5, speed=8, trial=6, x__rid_x=0d99673241f09544: dummy_return_one(x)
[12:09:59.507] [INFO] [run] subject=6, session=5, speed=8, trial=7, x__rid_x=5079f455a663a96f: dummy_return_one(x)
[12:09:59.508] [INFO] [run] subject=6, session=5, speed=9, trial=1, x__rid_x=ffc9f2f8be9aaa17: dummy_return_one(x)
[12:09:59.509] [INFO] [run] subject=6, session=5, speed=9, trial=2, x__rid_x=8c7aa73efa8a5d36: dummy_return_one(x)
[12:09:59.509] [INFO] [run] subject=6, session=5, speed=9, trial=3, x__rid_x=cabcce1d1b4dca8a: dummy_return_one(x)
[12:09:59.510] [INFO] [run] subject=6, session=5, speed=9, trial=4, x__rid_x=aef195edee778579: dummy_return_one(x)
[12:09:59.511] [INFO] [run] subject=6, session=5, speed=9, trial=5, x__rid_x=7c8867e92d795655: dummy_return_one(x)
[12:09:59.511] [INFO] [run] subject=6, session=5, speed=9, trial=6, x__rid_x=2aa6c179bbe965c4: dummy_return_one(x)
[12:09:59.512] [INFO] [run] subject=6, session=5, speed=9, trial=7, x__rid_x=0d0e357de9bda736: dummy_return_one(x)
[12:09:59.513] [INFO] [run] subject=7, session=1, speed=1, trial=1, x__rid_x=3fc023e4b04af8cf: dummy_return_one(x)
[12:09:59.514] [INFO] [run] subject=7, session=1, speed=1, trial=2, x__rid_x=39e668e6297c4488: dummy_return_one(x)
[12:09:59.514] [INFO] [run] subject=7, session=1, speed=1, trial=3, x__rid_x=7d37f505582acefb: dummy_return_one(x)
[12:09:59.515] [INFO] [run] subject=7, session=1, speed=1, trial=4, x__rid_x=431be15b6184c5b9: dummy_return_one(x)
[12:09:59.516] [INFO] [run] subject=7, session=1, speed=1, trial=5, x__rid_x=cd30234a77109690: dummy_return_one(x)
[12:09:59.517] [INFO] [run] subject=7, session=1, speed=1, trial=6, x__rid_x=133ac793b3d44f98: dummy_return_one(x)
[12:09:59.517] [INFO] [run] subject=7, session=1, speed=1, trial=7, x__rid_x=f3a2d80e9382b574: dummy_return_one(x)
[12:09:59.518] [INFO] [run] subject=7, session=1, speed=10, trial=1, x__rid_x=2a949523c5f12db0: dummy_return_one(x)
[12:09:59.519] [INFO] [run] subject=7, session=1, speed=10, trial=2, x__rid_x=31f8b5d14c5acd42: dummy_return_one(x)
[12:09:59.519] [INFO] [run] subject=7, session=1, speed=10, trial=3, x__rid_x=ddd71e9bd578c56f: dummy_return_one(x)
[12:09:59.520] [INFO] [run] subject=7, session=1, speed=10, trial=4, x__rid_x=8e1f772c621a1038: dummy_return_one(x)
[12:09:59.520] [INFO] [run] subject=7, session=1, speed=10, trial=5, x__rid_x=da0487e57b66fbb1: dummy_return_one(x)
[12:09:59.521] [INFO] [run] subject=7, session=1, speed=10, trial=6, x__rid_x=39cdd51649c6c89b: dummy_return_one(x)
[12:09:59.522] [INFO] [run] subject=7, session=1, speed=10, trial=7, x__rid_x=9a35b21827923d98: dummy_return_one(x)
[12:09:59.523] [INFO] [run] subject=7, session=1, speed=2, trial=1, x__rid_x=862fd510bc06b705: dummy_return_one(x)
[12:09:59.523] [INFO] [run] subject=7, session=1, speed=2, trial=2, x__rid_x=83b837503fc703eb: dummy_return_one(x)
[12:09:59.524] [INFO] [run] subject=7, session=1, speed=2, trial=3, x__rid_x=e038ace0c4e1341a: dummy_return_one(x)
[12:09:59.524] [INFO] [run] subject=7, session=1, speed=2, trial=4, x__rid_x=a161e6d68db76815: dummy_return_one(x)
[12:09:59.525] [INFO] [run] subject=7, session=1, speed=2, trial=5, x__rid_x=77798043cfe88e6a: dummy_return_one(x)
[12:09:59.526] [INFO] [run] subject=7, session=1, speed=2, trial=6, x__rid_x=196a522bab97e6ec: dummy_return_one(x)
[12:09:59.526] [INFO] [run] subject=7, session=1, speed=2, trial=7, x__rid_x=ad7a63e88b9febab: dummy_return_one(x)
[12:09:59.527] [INFO] [run] subject=7, session=1, speed=3, trial=1, x__rid_x=2435cc76a4f7ba10: dummy_return_one(x)
[12:09:59.528] [INFO] [run] subject=7, session=1, speed=3, trial=2, x__rid_x=4287ce0cbc048987: dummy_return_one(x)
[12:09:59.528] [INFO] [run] subject=7, session=1, speed=3, trial=3, x__rid_x=ab944320b56238ff: dummy_return_one(x)
[12:09:59.529] [INFO] [run] subject=7, session=1, speed=3, trial=4, x__rid_x=9a6d0f5b862c1b49: dummy_return_one(x)
[12:09:59.530] [INFO] [run] subject=7, session=1, speed=3, trial=5, x__rid_x=8eb45bbee607e697: dummy_return_one(x)
[12:09:59.531] [INFO] [run] subject=7, session=1, speed=3, trial=6, x__rid_x=aaac7edc6a3763e9: dummy_return_one(x)
[12:09:59.531] [INFO] [run] subject=7, session=1, speed=3, trial=7, x__rid_x=ce1d2a5b1a8825d5: dummy_return_one(x)
[12:09:59.532] [INFO] [run] subject=7, session=1, speed=4, trial=1, x__rid_x=80a705d7ae7a17d6: dummy_return_one(x)
[12:09:59.533] [INFO] [run] subject=7, session=1, speed=4, trial=2, x__rid_x=705984b54f7a8a9f: dummy_return_one(x)
[12:09:59.533] [INFO] [run] subject=7, session=1, speed=4, trial=3, x__rid_x=65f43ad7f1a53f7a: dummy_return_one(x)
[12:09:59.534] [INFO] [run] subject=7, session=1, speed=4, trial=4, x__rid_x=fc0f554b5b85a1d4: dummy_return_one(x)
[12:09:59.535] [INFO] [run] subject=7, session=1, speed=4, trial=5, x__rid_x=97fed2d9c440e308: dummy_return_one(x)
[12:09:59.535] [INFO] [run] subject=7, session=1, speed=4, trial=6, x__rid_x=536ec925196ba4e1: dummy_return_one(x)
[12:09:59.536] [INFO] [run] subject=7, session=1, speed=4, trial=7, x__rid_x=b3726b64943b22ce: dummy_return_one(x)
[12:09:59.537] [INFO] [run] subject=7, session=1, speed=5, trial=1, x__rid_x=2a59aca9d0af8a4a: dummy_return_one(x)
[12:09:59.537] [INFO] [run] subject=7, session=1, speed=5, trial=2, x__rid_x=86059b8c5337cd95: dummy_return_one(x)
[12:09:59.538] [INFO] [run] subject=7, session=1, speed=5, trial=3, x__rid_x=ea8caef646379ebd: dummy_return_one(x)
[12:09:59.539] [INFO] [run] subject=7, session=1, speed=5, trial=4, x__rid_x=5dd06a2eaa6d2f0e: dummy_return_one(x)
[12:09:59.539] [INFO] [run] subject=7, session=1, speed=5, trial=5, x__rid_x=6bbfaf5fa5702062: dummy_return_one(x)
[12:09:59.540] [INFO] [run] subject=7, session=1, speed=5, trial=6, x__rid_x=46bb1df2b4e6230b: dummy_return_one(x)
[12:09:59.540] [INFO] [run] subject=7, session=1, speed=5, trial=7, x__rid_x=1e1d8677bf00653b: dummy_return_one(x)
[12:09:59.541] [INFO] [run] subject=7, session=1, speed=6, trial=1, x__rid_x=efce2fb4eb87143a: dummy_return_one(x)
[12:09:59.542] [INFO] [run] subject=7, session=1, speed=6, trial=2, x__rid_x=85a6f616f547dca2: dummy_return_one(x)
[12:09:59.543] [INFO] [run] subject=7, session=1, speed=6, trial=3, x__rid_x=690755c613e6519b: dummy_return_one(x)
[12:09:59.543] [INFO] [run] subject=7, session=1, speed=6, trial=4, x__rid_x=4c3ecebbe52c50bc: dummy_return_one(x)
[12:09:59.544] [INFO] [run] subject=7, session=1, speed=6, trial=5, x__rid_x=219c9f18c68ae5b8: dummy_return_one(x)
[12:09:59.544] [INFO] [run] subject=7, session=1, speed=6, trial=6, x__rid_x=cc2478d2b273a027: dummy_return_one(x)
[12:09:59.545] [INFO] [run] subject=7, session=1, speed=6, trial=7, x__rid_x=a71232e8136d2160: dummy_return_one(x)
[12:09:59.546] [INFO] [run] subject=7, session=1, speed=7, trial=1, x__rid_x=3e9ef02154705ffd: dummy_return_one(x)
[12:09:59.546] [INFO] [run] subject=7, session=1, speed=7, trial=2, x__rid_x=fb70bcaf3aa95775: dummy_return_one(x)
[12:09:59.547] [INFO] [run] subject=7, session=1, speed=7, trial=3, x__rid_x=9ded373b5b60730e: dummy_return_one(x)
[12:09:59.548] [INFO] [run] subject=7, session=1, speed=7, trial=4, x__rid_x=a0ff505822dd122e: dummy_return_one(x)
[12:09:59.549] [INFO] [run] subject=7, session=1, speed=7, trial=5, x__rid_x=d22b78dc63db4902: dummy_return_one(x)
[12:09:59.549] [INFO] [run] subject=7, session=1, speed=7, trial=6, x__rid_x=bf16726748567ec9: dummy_return_one(x)
[12:09:59.550] [INFO] [run] subject=7, session=1, speed=7, trial=7, x__rid_x=cd0cbfab3be7cae8: dummy_return_one(x)
[12:09:59.551] [INFO] [run] subject=7, session=1, speed=8, trial=1, x__rid_x=7ca4b772891962c2: dummy_return_one(x)
[12:09:59.551] [INFO] [run] subject=7, session=1, speed=8, trial=2, x__rid_x=97b49faaedf22410: dummy_return_one(x)
[12:09:59.552] [INFO] [run] subject=7, session=1, speed=8, trial=3, x__rid_x=b4da3851e2ccb371: dummy_return_one(x)
[12:09:59.553] [INFO] [run] subject=7, session=1, speed=8, trial=4, x__rid_x=11946a6bf31ff028: dummy_return_one(x)
[12:09:59.553] [INFO] [run] subject=7, session=1, speed=8, trial=5, x__rid_x=a3ae194a9b1d9970: dummy_return_one(x)
[12:09:59.554] [INFO] [run] subject=7, session=1, speed=8, trial=6, x__rid_x=0e92ab86de56b2cb: dummy_return_one(x)
[12:09:59.555] [INFO] [run] subject=7, session=1, speed=8, trial=7, x__rid_x=e5aec501cb99969c: dummy_return_one(x)
[12:09:59.555] [INFO] [run] subject=7, session=1, speed=9, trial=1, x__rid_x=ad9fcd8d45a31fd0: dummy_return_one(x)
[12:09:59.556] [INFO] [run] subject=7, session=1, speed=9, trial=2, x__rid_x=88b88c243b1b61ab: dummy_return_one(x)
[12:09:59.556] [INFO] [run] subject=7, session=1, speed=9, trial=3, x__rid_x=afeb99079722eeab: dummy_return_one(x)
[12:09:59.557] [INFO] [run] subject=7, session=1, speed=9, trial=4, x__rid_x=a4722662eed65a2e: dummy_return_one(x)
[12:09:59.558] [INFO] [run] subject=7, session=1, speed=9, trial=5, x__rid_x=982741179c35f0f3: dummy_return_one(x)
[12:09:59.559] [INFO] [run] subject=7, session=1, speed=9, trial=6, x__rid_x=03a3f43ae25939c4: dummy_return_one(x)
[12:09:59.559] [INFO] [run] subject=7, session=1, speed=9, trial=7, x__rid_x=242cc76d9365fdd9: dummy_return_one(x)
[12:09:59.560] [INFO] [run] subject=7, session=2, speed=1, trial=1, x__rid_x=280706ce93e62ac4: dummy_return_one(x)
[12:09:59.561] [INFO] [run] subject=7, session=2, speed=1, trial=2, x__rid_x=d1053303e6d5f70c: dummy_return_one(x)
[12:09:59.561] [INFO] [run] subject=7, session=2, speed=1, trial=3, x__rid_x=0be138441ffee4b4: dummy_return_one(x)
[12:09:59.562] [INFO] [run] subject=7, session=2, speed=1, trial=4, x__rid_x=d8dc97ba42d628bb: dummy_return_one(x)
[12:09:59.563] [INFO] [run] subject=7, session=2, speed=1, trial=5, x__rid_x=a933aa1e7873218e: dummy_return_one(x)
[12:09:59.563] [INFO] [run] subject=7, session=2, speed=1, trial=6, x__rid_x=c50403818ffeb9e8: dummy_return_one(x)
[12:09:59.564] [INFO] [run] subject=7, session=2, speed=1, trial=7, x__rid_x=1cb2406e52b89f2b: dummy_return_one(x)
[12:09:59.565] [INFO] [run] subject=7, session=2, speed=10, trial=1, x__rid_x=58c6573499b3d784: dummy_return_one(x)
[12:09:59.565] [INFO] [run] subject=7, session=2, speed=10, trial=2, x__rid_x=c6a4d3f0eb9668de: dummy_return_one(x)
[12:09:59.566] [INFO] [run] subject=7, session=2, speed=10, trial=3, x__rid_x=10bdd36e00f8cdf0: dummy_return_one(x)
[12:09:59.567] [INFO] [run] subject=7, session=2, speed=10, trial=4, x__rid_x=eb2b83eea26a7479: dummy_return_one(x)
[12:09:59.568] [INFO] [run] subject=7, session=2, speed=10, trial=5, x__rid_x=5285b05d19ad4a00: dummy_return_one(x)
[12:09:59.568] [INFO] [run] subject=7, session=2, speed=10, trial=6, x__rid_x=68f48c8defa0ed73: dummy_return_one(x)
[12:09:59.569] [INFO] [run] subject=7, session=2, speed=10, trial=7, x__rid_x=625d27f8a90377cc: dummy_return_one(x)
[12:09:59.570] [INFO] [run] subject=7, session=2, speed=2, trial=1, x__rid_x=d31a59ff410fa2e2: dummy_return_one(x)
[12:09:59.570] [INFO] [run] subject=7, session=2, speed=2, trial=2, x__rid_x=03d54d2f3c622761: dummy_return_one(x)
[12:09:59.571] [INFO] [run] subject=7, session=2, speed=2, trial=3, x__rid_x=ad37ce7dcec8beb5: dummy_return_one(x)
[12:09:59.571] [INFO] [run] subject=7, session=2, speed=2, trial=4, x__rid_x=0b81f7df0d821209: dummy_return_one(x)
[12:09:59.572] [INFO] [run] subject=7, session=2, speed=2, trial=5, x__rid_x=26f419ede71e6680: dummy_return_one(x)
[12:09:59.573] [INFO] [run] subject=7, session=2, speed=2, trial=6, x__rid_x=993a53e3cb3a97f6: dummy_return_one(x)
[12:09:59.573] [INFO] [run] subject=7, session=2, speed=2, trial=7, x__rid_x=bad5e279cb11d986: dummy_return_one(x)
[12:09:59.574] [INFO] [run] subject=7, session=2, speed=3, trial=1, x__rid_x=984ed6ceafe3dc93: dummy_return_one(x)
[12:09:59.575] [INFO] [run] subject=7, session=2, speed=3, trial=2, x__rid_x=572a2dda214a3715: dummy_return_one(x)
[12:09:59.575] [INFO] [run] subject=7, session=2, speed=3, trial=3, x__rid_x=9c7eae51139157df: dummy_return_one(x)
[12:09:59.576] [INFO] [run] subject=7, session=2, speed=3, trial=4, x__rid_x=d9d8b4663953b6e6: dummy_return_one(x)
[12:09:59.576] [INFO] [run] subject=7, session=2, speed=3, trial=5, x__rid_x=6516117d2d1c1e90: dummy_return_one(x)
[12:09:59.577] [INFO] [run] subject=7, session=2, speed=3, trial=6, x__rid_x=12d9353194ac7e49: dummy_return_one(x)
[12:09:59.578] [INFO] [run] subject=7, session=2, speed=3, trial=7, x__rid_x=1cfc41efaa0327ec: dummy_return_one(x)
[12:09:59.578] [INFO] [run] subject=7, session=2, speed=4, trial=1, x__rid_x=358099449fc4fab3: dummy_return_one(x)
[12:09:59.579] [INFO] [run] subject=7, session=2, speed=4, trial=2, x__rid_x=251a517f81653d38: dummy_return_one(x)
[12:09:59.580] [INFO] [run] subject=7, session=2, speed=4, trial=3, x__rid_x=449b830709446505: dummy_return_one(x)
[12:09:59.581] [INFO] [run] subject=7, session=2, speed=4, trial=4, x__rid_x=9e76871f96901523: dummy_return_one(x)
[12:09:59.581] [INFO] [run] subject=7, session=2, speed=4, trial=5, x__rid_x=ce70b06f94af20b1: dummy_return_one(x)
[12:09:59.582] [INFO] [run] subject=7, session=2, speed=4, trial=6, x__rid_x=dd3d29a5a725ed33: dummy_return_one(x)
[12:09:59.582] [INFO] [run] subject=7, session=2, speed=4, trial=7, x__rid_x=14c36ce8740b330a: dummy_return_one(x)
[12:09:59.583] [INFO] [run] subject=7, session=2, speed=5, trial=1, x__rid_x=f557e66e41a58e5d: dummy_return_one(x)
[12:09:59.584] [INFO] [run] subject=7, session=2, speed=5, trial=2, x__rid_x=d5b656f47e927ad4: dummy_return_one(x)
[12:09:59.584] [INFO] [run] subject=7, session=2, speed=5, trial=3, x__rid_x=9f2b05f877d70515: dummy_return_one(x)
[12:09:59.585] [INFO] [run] subject=7, session=2, speed=5, trial=4, x__rid_x=7fea640cb7bf6e35: dummy_return_one(x)
[12:09:59.585] [INFO] [run] subject=7, session=2, speed=5, trial=5, x__rid_x=5f8aa3f9a475cb6d: dummy_return_one(x)
[12:09:59.586] [INFO] [run] subject=7, session=2, speed=5, trial=6, x__rid_x=3f1cdf62e2cd400d: dummy_return_one(x)
[12:09:59.587] [INFO] [run] subject=7, session=2, speed=5, trial=7, x__rid_x=da496f7d5912c25e: dummy_return_one(x)
[12:09:59.587] [INFO] [run] subject=7, session=2, speed=6, trial=1, x__rid_x=773355882f391536: dummy_return_one(x)
[12:09:59.588] [INFO] [run] subject=7, session=2, speed=6, trial=2, x__rid_x=7bab0c2b50ed0a2d: dummy_return_one(x)
[12:09:59.589] [INFO] [run] subject=7, session=2, speed=6, trial=3, x__rid_x=ae2eb2bac0915b90: dummy_return_one(x)
[12:09:59.589] [INFO] [run] subject=7, session=2, speed=6, trial=4, x__rid_x=bcd181370e1c269f: dummy_return_one(x)
[12:09:59.590] [INFO] [run] subject=7, session=2, speed=6, trial=5, x__rid_x=21af3d6ea2e9424d: dummy_return_one(x)
[12:09:59.591] [INFO] [run] subject=7, session=2, speed=6, trial=6, x__rid_x=250150cc8ac08801: dummy_return_one(x)
[12:09:59.591] [INFO] [run] subject=7, session=2, speed=6, trial=7, x__rid_x=66ff2fd4ba57bd66: dummy_return_one(x)
[12:09:59.592] [INFO] [run] subject=7, session=2, speed=7, trial=1, x__rid_x=1351e927e7e40730: dummy_return_one(x)
[12:09:59.592] [INFO] [run] subject=7, session=2, speed=7, trial=2, x__rid_x=59c9b97cfc517fc7: dummy_return_one(x)
[12:09:59.593] [INFO] [run] subject=7, session=2, speed=7, trial=3, x__rid_x=610a135b2ffab6c9: dummy_return_one(x)
[12:09:59.594] [INFO] [run] subject=7, session=2, speed=7, trial=4, x__rid_x=8aa5e729aa285579: dummy_return_one(x)
[12:09:59.594] [INFO] [run] subject=7, session=2, speed=7, trial=5, x__rid_x=a3ab0d5b5c38fcab: dummy_return_one(x)
[12:09:59.595] [INFO] [run] subject=7, session=2, speed=7, trial=6, x__rid_x=829aee6f6ce84f0b: dummy_return_one(x)
[12:09:59.596] [INFO] [run] subject=7, session=2, speed=7, trial=7, x__rid_x=764b7a055e1a025b: dummy_return_one(x)
[12:09:59.596] [INFO] [run] subject=7, session=2, speed=8, trial=1, x__rid_x=082110db00c07d8d: dummy_return_one(x)
[12:09:59.597] [INFO] [run] subject=7, session=2, speed=8, trial=2, x__rid_x=9e71515fde3d62c6: dummy_return_one(x)
[12:09:59.598] [INFO] [run] subject=7, session=2, speed=8, trial=3, x__rid_x=e1babcb78460b10f: dummy_return_one(x)
[12:09:59.598] [INFO] [run] subject=7, session=2, speed=8, trial=4, x__rid_x=8a4dac9d3deb91c2: dummy_return_one(x)
[12:09:59.599] [INFO] [run] subject=7, session=2, speed=8, trial=5, x__rid_x=609bc503813a312d: dummy_return_one(x)
[12:09:59.599] [INFO] [run] subject=7, session=2, speed=8, trial=6, x__rid_x=bac2bd92a9ad1e95: dummy_return_one(x)
[12:09:59.600] [INFO] [run] subject=7, session=2, speed=8, trial=7, x__rid_x=a218710a111bcaa3: dummy_return_one(x)
[12:09:59.601] [INFO] [run] subject=7, session=2, speed=9, trial=1, x__rid_x=d8d3c17ea639bdef: dummy_return_one(x)
[12:09:59.601] [INFO] [run] subject=7, session=2, speed=9, trial=2, x__rid_x=75fb234ceb256599: dummy_return_one(x)
[12:09:59.602] [INFO] [run] subject=7, session=2, speed=9, trial=3, x__rid_x=3f302022b5d8183a: dummy_return_one(x)
[12:09:59.602] [INFO] [run] subject=7, session=2, speed=9, trial=4, x__rid_x=56ebf51fb084b795: dummy_return_one(x)
[12:09:59.603] [INFO] [run] subject=7, session=2, speed=9, trial=5, x__rid_x=faae4962ba834ba0: dummy_return_one(x)
[12:09:59.604] [INFO] [run] subject=7, session=2, speed=9, trial=6, x__rid_x=75bffa09d67d9af2: dummy_return_one(x)
[12:09:59.604] [INFO] [run] subject=7, session=2, speed=9, trial=7, x__rid_x=c42a895a706e51f9: dummy_return_one(x)
[12:09:59.605] [INFO] [run] subject=7, session=3, speed=1, trial=1, x__rid_x=aa55c2380b6aefa7: dummy_return_one(x)
[12:09:59.605] [INFO] [run] subject=7, session=3, speed=1, trial=2, x__rid_x=452199480c440404: dummy_return_one(x)
[12:09:59.606] [INFO] [run] subject=7, session=3, speed=1, trial=3, x__rid_x=64387e533d433304: dummy_return_one(x)
[12:09:59.607] [INFO] [run] subject=7, session=3, speed=1, trial=4, x__rid_x=3905b997908eeb51: dummy_return_one(x)
[12:09:59.607] [INFO] [run] subject=7, session=3, speed=1, trial=5, x__rid_x=e7aea6711fbd0c95: dummy_return_one(x)
[12:09:59.608] [INFO] [run] subject=7, session=3, speed=1, trial=6, x__rid_x=c5976c395db4bd44: dummy_return_one(x)
[12:09:59.608] [INFO] [run] subject=7, session=3, speed=1, trial=7, x__rid_x=45f73068a6969a98: dummy_return_one(x)
[12:09:59.609] [INFO] [run] subject=7, session=3, speed=10, trial=1, x__rid_x=ac225583e84dd2f8: dummy_return_one(x)
[12:09:59.610] [INFO] [run] subject=7, session=3, speed=10, trial=2, x__rid_x=5542e8cfdbcb4317: dummy_return_one(x)
[12:09:59.611] [INFO] [run] subject=7, session=3, speed=10, trial=3, x__rid_x=0bb6ee2fdf73b5b6: dummy_return_one(x)
[12:09:59.611] [INFO] [run] subject=7, session=3, speed=10, trial=4, x__rid_x=70a3436842ed5bd0: dummy_return_one(x)
[12:09:59.612] [INFO] [run] subject=7, session=3, speed=10, trial=5, x__rid_x=660b2109c9595a9d: dummy_return_one(x)
[12:09:59.613] [INFO] [run] subject=7, session=3, speed=10, trial=6, x__rid_x=8389920765d4d295: dummy_return_one(x)
[12:09:59.614] [INFO] [run] subject=7, session=3, speed=10, trial=7, x__rid_x=04bcffb47c9510bf: dummy_return_one(x)
[12:09:59.614] [INFO] [run] subject=7, session=3, speed=2, trial=1, x__rid_x=1422c95605287ef4: dummy_return_one(x)
[12:09:59.615] [INFO] [run] subject=7, session=3, speed=2, trial=2, x__rid_x=15c8f6cd22dbcd9d: dummy_return_one(x)
[12:09:59.615] [INFO] [run] subject=7, session=3, speed=2, trial=3, x__rid_x=9edeb67b406bb3f1: dummy_return_one(x)
[12:09:59.616] [INFO] [run] subject=7, session=3, speed=2, trial=4, x__rid_x=7a01bc633405fac5: dummy_return_one(x)
[12:09:59.617] [INFO] [run] subject=7, session=3, speed=2, trial=5, x__rid_x=aa9ed126ae2332f9: dummy_return_one(x)
[12:09:59.617] [INFO] [run] subject=7, session=3, speed=2, trial=6, x__rid_x=59a17302d8b03078: dummy_return_one(x)
[12:09:59.618] [INFO] [run] subject=7, session=3, speed=2, trial=7, x__rid_x=1bf4a3e6ed1f2a3f: dummy_return_one(x)
[12:09:59.619] [INFO] [run] subject=7, session=3, speed=3, trial=1, x__rid_x=91059f865bc15c0f: dummy_return_one(x)
[12:09:59.619] [INFO] [run] subject=7, session=3, speed=3, trial=2, x__rid_x=16f9d66995751467: dummy_return_one(x)
[12:09:59.620] [INFO] [run] subject=7, session=3, speed=3, trial=3, x__rid_x=5b3998c6034d4875: dummy_return_one(x)
[12:09:59.620] [INFO] [run] subject=7, session=3, speed=3, trial=4, x__rid_x=65ade89ba34cfa2b: dummy_return_one(x)
[12:09:59.621] [INFO] [run] subject=7, session=3, speed=3, trial=5, x__rid_x=4876ae441f944899: dummy_return_one(x)
[12:09:59.622] [INFO] [run] subject=7, session=3, speed=3, trial=6, x__rid_x=2d4bc72137f8eec9: dummy_return_one(x)
[12:09:59.622] [INFO] [run] subject=7, session=3, speed=3, trial=7, x__rid_x=007c8e5e9f4278cc: dummy_return_one(x)
[12:09:59.623] [INFO] [run] subject=7, session=3, speed=4, trial=1, x__rid_x=1e3b07263a9e31a6: dummy_return_one(x)
[12:09:59.624] [INFO] [run] subject=7, session=3, speed=4, trial=2, x__rid_x=5a4f0a459e85d972: dummy_return_one(x)
[12:09:59.624] [INFO] [run] subject=7, session=3, speed=4, trial=3, x__rid_x=7b0796b73ae4e38d: dummy_return_one(x)
[12:09:59.625] [INFO] [run] subject=7, session=3, speed=4, trial=4, x__rid_x=ec7141180da12019: dummy_return_one(x)
[12:09:59.625] [INFO] [run] subject=7, session=3, speed=4, trial=5, x__rid_x=9d588dc3b917050e: dummy_return_one(x)
[12:09:59.626] [INFO] [run] subject=7, session=3, speed=4, trial=6, x__rid_x=468e6000c8a6a28c: dummy_return_one(x)
[12:09:59.626] [INFO] [run] subject=7, session=3, speed=4, trial=7, x__rid_x=17448adee5a104ab: dummy_return_one(x)
[12:09:59.627] [INFO] [run] subject=7, session=3, speed=5, trial=1, x__rid_x=456000495d307cfe: dummy_return_one(x)
[12:09:59.628] [INFO] [run] subject=7, session=3, speed=5, trial=2, x__rid_x=bcfb030279366964: dummy_return_one(x)
[12:09:59.628] [INFO] [run] subject=7, session=3, speed=5, trial=3, x__rid_x=bedfb1800a3d3362: dummy_return_one(x)
[12:09:59.629] [INFO] [run] subject=7, session=3, speed=5, trial=4, x__rid_x=35f97cfdf507ca58: dummy_return_one(x)
[12:09:59.630] [INFO] [run] subject=7, session=3, speed=5, trial=5, x__rid_x=d5a05621235c289e: dummy_return_one(x)
[12:09:59.630] [INFO] [run] subject=7, session=3, speed=5, trial=6, x__rid_x=3e3df5f6a3a2ea75: dummy_return_one(x)
[12:09:59.631] [INFO] [run] subject=7, session=3, speed=5, trial=7, x__rid_x=6215e3414294f5dd: dummy_return_one(x)
[12:09:59.632] [INFO] [run] subject=7, session=3, speed=6, trial=1, x__rid_x=8027c645d975847e: dummy_return_one(x)
[12:09:59.632] [INFO] [run] subject=7, session=3, speed=6, trial=2, x__rid_x=1308aa18485a1ee2: dummy_return_one(x)
[12:09:59.633] [INFO] [run] subject=7, session=3, speed=6, trial=3, x__rid_x=6265d4b4fe756d18: dummy_return_one(x)
[12:09:59.634] [INFO] [run] subject=7, session=3, speed=6, trial=4, x__rid_x=6289cc046876bbb5: dummy_return_one(x)
[12:09:59.634] [INFO] [run] subject=7, session=3, speed=6, trial=5, x__rid_x=2ebef8b7011fece4: dummy_return_one(x)
[12:09:59.635] [INFO] [run] subject=7, session=3, speed=6, trial=6, x__rid_x=d4455dccb237c2f1: dummy_return_one(x)
[12:09:59.635] [INFO] [run] subject=7, session=3, speed=6, trial=7, x__rid_x=a46808f763f50bc3: dummy_return_one(x)
[12:09:59.636] [INFO] [run] subject=7, session=3, speed=7, trial=1, x__rid_x=4ce5d14543cba45f: dummy_return_one(x)
[12:09:59.637] [INFO] [run] subject=7, session=3, speed=7, trial=2, x__rid_x=478cc84386d57af3: dummy_return_one(x)
[12:09:59.637] [INFO] [run] subject=7, session=3, speed=7, trial=3, x__rid_x=b453c1478c7cacb9: dummy_return_one(x)
[12:09:59.638] [INFO] [run] subject=7, session=3, speed=7, trial=4, x__rid_x=bd9620bc15f254ae: dummy_return_one(x)
[12:09:59.638] [INFO] [run] subject=7, session=3, speed=7, trial=5, x__rid_x=70f88217b400998d: dummy_return_one(x)
[12:09:59.639] [INFO] [run] subject=7, session=3, speed=7, trial=6, x__rid_x=3e14f289af4b031e: dummy_return_one(x)
[12:09:59.640] [INFO] [run] subject=7, session=3, speed=7, trial=7, x__rid_x=578cdc766da82960: dummy_return_one(x)
[12:09:59.640] [INFO] [run] subject=7, session=3, speed=8, trial=1, x__rid_x=66bf3c0584c69462: dummy_return_one(x)
[12:09:59.641] [INFO] [run] subject=7, session=3, speed=8, trial=2, x__rid_x=c489e273fb229a91: dummy_return_one(x)
[12:09:59.641] [INFO] [run] subject=7, session=3, speed=8, trial=3, x__rid_x=6eda6a0ef16bb642: dummy_return_one(x)
[12:09:59.642] [INFO] [run] subject=7, session=3, speed=8, trial=4, x__rid_x=4254e9c65ae3a35d: dummy_return_one(x)
[12:09:59.643] [INFO] [run] subject=7, session=3, speed=8, trial=5, x__rid_x=fa183ee7b311ed2a: dummy_return_one(x)
[12:09:59.643] [INFO] [run] subject=7, session=3, speed=8, trial=6, x__rid_x=058d10cf464fd603: dummy_return_one(x)
[12:09:59.644] [INFO] [run] subject=7, session=3, speed=8, trial=7, x__rid_x=479899cb9c1301f0: dummy_return_one(x)
[12:09:59.644] [INFO] [run] subject=7, session=3, speed=9, trial=1, x__rid_x=179e17ed185a45d2: dummy_return_one(x)
[12:09:59.645] [INFO] [run] subject=7, session=3, speed=9, trial=2, x__rid_x=5dd58f5e4a968a90: dummy_return_one(x)
[12:09:59.646] [INFO] [run] subject=7, session=3, speed=9, trial=3, x__rid_x=9543fa07908efbc1: dummy_return_one(x)
[12:09:59.646] [INFO] [run] subject=7, session=3, speed=9, trial=4, x__rid_x=259a62747526b5ae: dummy_return_one(x)
[12:09:59.647] [INFO] [run] subject=7, session=3, speed=9, trial=5, x__rid_x=25840285e23c637b: dummy_return_one(x)
[12:09:59.648] [INFO] [run] subject=7, session=3, speed=9, trial=6, x__rid_x=bb51e055438a4f99: dummy_return_one(x)
[12:09:59.649] [INFO] [run] subject=7, session=3, speed=9, trial=7, x__rid_x=37b685567894acd1: dummy_return_one(x)
[12:09:59.649] [INFO] [run] subject=7, session=4, speed=1, trial=1, x__rid_x=35410e108929aead: dummy_return_one(x)
[12:09:59.650] [INFO] [run] subject=7, session=4, speed=1, trial=2, x__rid_x=25aad482060e4631: dummy_return_one(x)
[12:09:59.651] [INFO] [run] subject=7, session=4, speed=1, trial=3, x__rid_x=5b150019570f9cea: dummy_return_one(x)
[12:09:59.651] [INFO] [run] subject=7, session=4, speed=1, trial=4, x__rid_x=f3286d18ded9e9a1: dummy_return_one(x)
[12:09:59.652] [INFO] [run] subject=7, session=4, speed=1, trial=5, x__rid_x=862bffd677136bee: dummy_return_one(x)
[12:09:59.652] [INFO] [run] subject=7, session=4, speed=1, trial=6, x__rid_x=7620807cf4c0bdc1: dummy_return_one(x)
[12:09:59.653] [INFO] [run] subject=7, session=4, speed=1, trial=7, x__rid_x=2795d926572d0d70: dummy_return_one(x)
[12:09:59.654] [INFO] [run] subject=7, session=4, speed=10, trial=1, x__rid_x=13ea7df0cfab4d80: dummy_return_one(x)
[12:09:59.654] [INFO] [run] subject=7, session=4, speed=10, trial=2, x__rid_x=cd9055233e4af50d: dummy_return_one(x)
[12:09:59.655] [INFO] [run] subject=7, session=4, speed=10, trial=3, x__rid_x=06f0e6741308ec94: dummy_return_one(x)
[12:09:59.656] [INFO] [run] subject=7, session=4, speed=10, trial=4, x__rid_x=eedf5fdf4606ba23: dummy_return_one(x)
[12:09:59.656] [INFO] [run] subject=7, session=4, speed=10, trial=5, x__rid_x=8b67076ad4846403: dummy_return_one(x)
[12:09:59.657] [INFO] [run] subject=7, session=4, speed=10, trial=6, x__rid_x=6eca93a89006954a: dummy_return_one(x)
[12:09:59.657] [INFO] [run] subject=7, session=4, speed=10, trial=7, x__rid_x=a4d52cf10fe4e045: dummy_return_one(x)
[12:09:59.658] [INFO] [run] subject=7, session=4, speed=2, trial=1, x__rid_x=168edf3d101421c9: dummy_return_one(x)
[12:09:59.659] [INFO] [run] subject=7, session=4, speed=2, trial=2, x__rid_x=fb2fca6653d79525: dummy_return_one(x)
[12:09:59.659] [INFO] [run] subject=7, session=4, speed=2, trial=3, x__rid_x=78dfcf143e79c6df: dummy_return_one(x)
[12:09:59.660] [INFO] [run] subject=7, session=4, speed=2, trial=4, x__rid_x=42e0248f9e3b2112: dummy_return_one(x)
[12:09:59.661] [INFO] [run] subject=7, session=4, speed=2, trial=5, x__rid_x=baa7fc2b421ba91c: dummy_return_one(x)
[12:09:59.661] [INFO] [run] subject=7, session=4, speed=2, trial=6, x__rid_x=7f9be44bd27eaa03: dummy_return_one(x)
[12:09:59.662] [INFO] [run] subject=7, session=4, speed=2, trial=7, x__rid_x=08495b53e60b0bc6: dummy_return_one(x)
[12:09:59.663] [INFO] [run] subject=7, session=4, speed=3, trial=1, x__rid_x=4e794016a1fc3aaf: dummy_return_one(x)
[12:09:59.663] [INFO] [run] subject=7, session=4, speed=3, trial=2, x__rid_x=6656f45cd930fb9c: dummy_return_one(x)
[12:09:59.664] [INFO] [run] subject=7, session=4, speed=3, trial=3, x__rid_x=b01ef5a710f3e10e: dummy_return_one(x)
[12:09:59.665] [INFO] [run] subject=7, session=4, speed=3, trial=4, x__rid_x=657cbd869239d43f: dummy_return_one(x)
[12:09:59.665] [INFO] [run] subject=7, session=4, speed=3, trial=5, x__rid_x=b7e09f64279627f0: dummy_return_one(x)
[12:09:59.666] [INFO] [run] subject=7, session=4, speed=3, trial=6, x__rid_x=5023610c4f24c251: dummy_return_one(x)
[12:09:59.667] [INFO] [run] subject=7, session=4, speed=3, trial=7, x__rid_x=50ae4c69e3d67e36: dummy_return_one(x)
[12:09:59.667] [INFO] [run] subject=7, session=4, speed=4, trial=1, x__rid_x=d5eb76968d029fca: dummy_return_one(x)
[12:09:59.668] [INFO] [run] subject=7, session=4, speed=4, trial=2, x__rid_x=82762f934dfc7e32: dummy_return_one(x)
[12:09:59.669] [INFO] [run] subject=7, session=4, speed=4, trial=3, x__rid_x=c8176a205294a6fe: dummy_return_one(x)
[12:09:59.669] [INFO] [run] subject=7, session=4, speed=4, trial=4, x__rid_x=58515ffffb6e4a07: dummy_return_one(x)
[12:09:59.670] [INFO] [run] subject=7, session=4, speed=4, trial=5, x__rid_x=7015598941655e7f: dummy_return_one(x)
[12:09:59.670] [INFO] [run] subject=7, session=4, speed=4, trial=6, x__rid_x=99c005ea697b1eb5: dummy_return_one(x)
[12:09:59.671] [INFO] [run] subject=7, session=4, speed=4, trial=7, x__rid_x=506fd9dcd488c67a: dummy_return_one(x)
[12:09:59.671] [INFO] [run] subject=7, session=4, speed=5, trial=1, x__rid_x=269a28a4ae4200c6: dummy_return_one(x)
[12:09:59.672] [INFO] [run] subject=7, session=4, speed=5, trial=2, x__rid_x=13907162847d53ea: dummy_return_one(x)
[12:09:59.673] [INFO] [run] subject=7, session=4, speed=5, trial=3, x__rid_x=a2595d60ea3f1660: dummy_return_one(x)
[12:09:59.673] [INFO] [run] subject=7, session=4, speed=5, trial=4, x__rid_x=f6b22c4f2869bd3d: dummy_return_one(x)
[12:09:59.674] [INFO] [run] subject=7, session=4, speed=5, trial=5, x__rid_x=3448b9db11d77361: dummy_return_one(x)
[12:09:59.675] [INFO] [run] subject=7, session=4, speed=5, trial=6, x__rid_x=3a3f2d37986b7698: dummy_return_one(x)
[12:09:59.675] [INFO] [run] subject=7, session=4, speed=5, trial=7, x__rid_x=f1b4925b61d9a2da: dummy_return_one(x)
[12:09:59.676] [INFO] [run] subject=7, session=4, speed=6, trial=1, x__rid_x=f93a8a27072937cb: dummy_return_one(x)
[12:09:59.676] [INFO] [run] subject=7, session=4, speed=6, trial=2, x__rid_x=2df21e8690258723: dummy_return_one(x)
[12:09:59.677] [INFO] [run] subject=7, session=4, speed=6, trial=3, x__rid_x=b56ec54c06ef4f1b: dummy_return_one(x)
[12:09:59.678] [INFO] [run] subject=7, session=4, speed=6, trial=4, x__rid_x=a243bcd6b0d7e5b5: dummy_return_one(x)
[12:09:59.678] [INFO] [run] subject=7, session=4, speed=6, trial=5, x__rid_x=2ed65f8451caecee: dummy_return_one(x)
[12:09:59.679] [INFO] [run] subject=7, session=4, speed=6, trial=6, x__rid_x=74e1789a8081d7b6: dummy_return_one(x)
[12:09:59.680] [INFO] [run] subject=7, session=4, speed=6, trial=7, x__rid_x=d87dc32b1f064fbc: dummy_return_one(x)
[12:09:59.681] [INFO] [run] subject=7, session=4, speed=7, trial=1, x__rid_x=9fae1aefa4c8b9b0: dummy_return_one(x)
[12:09:59.681] [INFO] [run] subject=7, session=4, speed=7, trial=2, x__rid_x=db7c1f6501249dcb: dummy_return_one(x)
[12:09:59.682] [INFO] [run] subject=7, session=4, speed=7, trial=3, x__rid_x=acc14295b7df2b10: dummy_return_one(x)
[12:09:59.682] [INFO] [run] subject=7, session=4, speed=7, trial=4, x__rid_x=5da207adb80fe4c1: dummy_return_one(x)
[12:09:59.683] [INFO] [run] subject=7, session=4, speed=7, trial=5, x__rid_x=5f27e222732097e7: dummy_return_one(x)
[12:09:59.684] [INFO] [run] subject=7, session=4, speed=7, trial=6, x__rid_x=7ffec6b2d90e8b6e: dummy_return_one(x)
[12:09:59.685] [INFO] [run] subject=7, session=4, speed=7, trial=7, x__rid_x=941e7e64423ac42a: dummy_return_one(x)
[12:09:59.685] [INFO] [run] subject=7, session=4, speed=8, trial=1, x__rid_x=27ce649d68bbd34d: dummy_return_one(x)
[12:09:59.686] [INFO] [run] subject=7, session=4, speed=8, trial=2, x__rid_x=90a29119ce480a8f: dummy_return_one(x)
[12:09:59.687] [INFO] [run] subject=7, session=4, speed=8, trial=3, x__rid_x=069e9beb2e99a1f6: dummy_return_one(x)
[12:09:59.687] [INFO] [run] subject=7, session=4, speed=8, trial=4, x__rid_x=dcda49a7eaf0662e: dummy_return_one(x)
[12:09:59.688] [INFO] [run] subject=7, session=4, speed=8, trial=5, x__rid_x=5e71a9066e0b42aa: dummy_return_one(x)
[12:09:59.688] [INFO] [run] subject=7, session=4, speed=8, trial=6, x__rid_x=c275cdacdc217704: dummy_return_one(x)
[12:09:59.689] [INFO] [run] subject=7, session=4, speed=8, trial=7, x__rid_x=6fe2e0846dedc93c: dummy_return_one(x)
[12:09:59.690] [INFO] [run] subject=7, session=4, speed=9, trial=1, x__rid_x=8eb3ed0dc5651119: dummy_return_one(x)
[12:09:59.690] [INFO] [run] subject=7, session=4, speed=9, trial=2, x__rid_x=d357edb4e8832433: dummy_return_one(x)
[12:09:59.691] [INFO] [run] subject=7, session=4, speed=9, trial=3, x__rid_x=3354da85ea66f139: dummy_return_one(x)
[12:09:59.692] [INFO] [run] subject=7, session=4, speed=9, trial=4, x__rid_x=6545642b6c29137c: dummy_return_one(x)
[12:09:59.692] [INFO] [run] subject=7, session=4, speed=9, trial=5, x__rid_x=1767afbf7a2870a4: dummy_return_one(x)
[12:09:59.693] [INFO] [run] subject=7, session=4, speed=9, trial=6, x__rid_x=1f5300ebcd9721e8: dummy_return_one(x)
[12:09:59.694] [INFO] [run] subject=7, session=4, speed=9, trial=7, x__rid_x=1bcb4c73a0303a20: dummy_return_one(x)
[12:09:59.694] [INFO] [run] subject=7, session=5, speed=1, trial=1, x__rid_x=41a32139a2af5418: dummy_return_one(x)
[12:09:59.695] [INFO] [run] subject=7, session=5, speed=1, trial=2, x__rid_x=046aee5fde05ca76: dummy_return_one(x)
[12:09:59.695] [INFO] [run] subject=7, session=5, speed=1, trial=3, x__rid_x=3158a79df61de3f1: dummy_return_one(x)
[12:09:59.696] [INFO] [run] subject=7, session=5, speed=1, trial=4, x__rid_x=28e010757f6dc79c: dummy_return_one(x)
[12:09:59.697] [INFO] [run] subject=7, session=5, speed=1, trial=5, x__rid_x=444b5fbfdcb71590: dummy_return_one(x)
[12:09:59.698] [INFO] [run] subject=7, session=5, speed=1, trial=6, x__rid_x=131e2abd9a3a8f19: dummy_return_one(x)
[12:09:59.698] [INFO] [run] subject=7, session=5, speed=1, trial=7, x__rid_x=e355d9e12793362b: dummy_return_one(x)
[12:09:59.699] [INFO] [run] subject=7, session=5, speed=10, trial=1, x__rid_x=9ff2cd821b47eef5: dummy_return_one(x)
[12:09:59.700] [INFO] [run] subject=7, session=5, speed=10, trial=2, x__rid_x=885ed6021f60eb64: dummy_return_one(x)
[12:09:59.700] [INFO] [run] subject=7, session=5, speed=10, trial=3, x__rid_x=4c8efe972fa8fe5e: dummy_return_one(x)
[12:09:59.701] [INFO] [run] subject=7, session=5, speed=10, trial=4, x__rid_x=a957783e5105441a: dummy_return_one(x)
[12:09:59.702] [INFO] [run] subject=7, session=5, speed=10, trial=5, x__rid_x=668265f7ff05c8ab: dummy_return_one(x)
[12:09:59.702] [INFO] [run] subject=7, session=5, speed=10, trial=6, x__rid_x=a098cf9b9b2540f1: dummy_return_one(x)
[12:09:59.703] [INFO] [run] subject=7, session=5, speed=10, trial=7, x__rid_x=d3789fe0517067ac: dummy_return_one(x)
[12:09:59.704] [INFO] [run] subject=7, session=5, speed=2, trial=1, x__rid_x=805a3be657f6cb16: dummy_return_one(x)
[12:09:59.704] [INFO] [run] subject=7, session=5, speed=2, trial=2, x__rid_x=c1cd33c6fcd47818: dummy_return_one(x)
[12:09:59.705] [INFO] [run] subject=7, session=5, speed=2, trial=3, x__rid_x=d58344557ad78015: dummy_return_one(x)
[12:09:59.706] [INFO] [run] subject=7, session=5, speed=2, trial=4, x__rid_x=6a135d3d0291d20d: dummy_return_one(x)
[12:09:59.706] [INFO] [run] subject=7, session=5, speed=2, trial=5, x__rid_x=befc62198f3c5891: dummy_return_one(x)
[12:09:59.707] [INFO] [run] subject=7, session=5, speed=2, trial=6, x__rid_x=c43d58f878c233b3: dummy_return_one(x)
[12:09:59.707] [INFO] [run] subject=7, session=5, speed=2, trial=7, x__rid_x=0a16f550f6c20a53: dummy_return_one(x)
[12:09:59.708] [INFO] [run] subject=7, session=5, speed=3, trial=1, x__rid_x=a2568fd9d741ae80: dummy_return_one(x)
[12:09:59.709] [INFO] [run] subject=7, session=5, speed=3, trial=2, x__rid_x=557ff1f6d8ab38f6: dummy_return_one(x)
[12:09:59.709] [INFO] [run] subject=7, session=5, speed=3, trial=3, x__rid_x=1663df29622d1727: dummy_return_one(x)
[12:09:59.710] [INFO] [run] subject=7, session=5, speed=3, trial=4, x__rid_x=7835c41a9cec6bc3: dummy_return_one(x)
[12:09:59.711] [INFO] [run] subject=7, session=5, speed=3, trial=5, x__rid_x=955d3b94b7940045: dummy_return_one(x)
[12:09:59.712] [INFO] [run] subject=7, session=5, speed=3, trial=6, x__rid_x=59470dfc6f9522dd: dummy_return_one(x)
[12:09:59.712] [INFO] [run] subject=7, session=5, speed=3, trial=7, x__rid_x=1c6e09c8ab49afe5: dummy_return_one(x)
[12:09:59.713] [INFO] [run] subject=7, session=5, speed=4, trial=1, x__rid_x=45be2dfd5fba311b: dummy_return_one(x)
[12:09:59.714] [INFO] [run] subject=7, session=5, speed=4, trial=2, x__rid_x=b9184d450fa7859f: dummy_return_one(x)
[12:09:59.715] [INFO] [run] subject=7, session=5, speed=4, trial=3, x__rid_x=28c262e535b73018: dummy_return_one(x)
[12:09:59.715] [INFO] [run] subject=7, session=5, speed=4, trial=4, x__rid_x=f7b346fff8f242a8: dummy_return_one(x)
[12:09:59.716] [INFO] [run] subject=7, session=5, speed=4, trial=5, x__rid_x=b3d92e4525690bcb: dummy_return_one(x)
[12:09:59.716] [INFO] [run] subject=7, session=5, speed=4, trial=6, x__rid_x=6bb1a8f247e84ac9: dummy_return_one(x)
[12:09:59.717] [INFO] [run] subject=7, session=5, speed=4, trial=7, x__rid_x=0b88fda334e053fd: dummy_return_one(x)
[12:09:59.718] [INFO] [run] subject=7, session=5, speed=5, trial=1, x__rid_x=ba22b412f4c7cd46: dummy_return_one(x)
[12:09:59.718] [INFO] [run] subject=7, session=5, speed=5, trial=2, x__rid_x=27cc6b4a93c58f3f: dummy_return_one(x)
[12:09:59.719] [INFO] [run] subject=7, session=5, speed=5, trial=3, x__rid_x=5b058cce239bb28d: dummy_return_one(x)
[12:09:59.720] [INFO] [run] subject=7, session=5, speed=5, trial=4, x__rid_x=10d85e93f0e9ac78: dummy_return_one(x)
[12:09:59.720] [INFO] [run] subject=7, session=5, speed=5, trial=5, x__rid_x=d12ac7ffaa5e4d59: dummy_return_one(x)
[12:09:59.721] [INFO] [run] subject=7, session=5, speed=5, trial=6, x__rid_x=813b60f9077d850f: dummy_return_one(x)
[12:09:59.721] [INFO] [run] subject=7, session=5, speed=5, trial=7, x__rid_x=314e7ad04211cba2: dummy_return_one(x)
[12:09:59.722] [INFO] [run] subject=7, session=5, speed=6, trial=1, x__rid_x=120f3373a309dd00: dummy_return_one(x)
[12:09:59.723] [INFO] [run] subject=7, session=5, speed=6, trial=2, x__rid_x=2dd8f3a55dc217e0: dummy_return_one(x)
[12:09:59.723] [INFO] [run] subject=7, session=5, speed=6, trial=3, x__rid_x=4deed4c360bee107: dummy_return_one(x)
[12:09:59.724] [INFO] [run] subject=7, session=5, speed=6, trial=4, x__rid_x=4827931a893e9961: dummy_return_one(x)
[12:09:59.724] [INFO] [run] subject=7, session=5, speed=6, trial=5, x__rid_x=8481e84e32cd1bfc: dummy_return_one(x)
[12:09:59.725] [INFO] [run] subject=7, session=5, speed=6, trial=6, x__rid_x=90568e0a0395820d: dummy_return_one(x)
[12:09:59.726] [INFO] [run] subject=7, session=5, speed=6, trial=7, x__rid_x=5c1454625e13376a: dummy_return_one(x)
[12:09:59.726] [INFO] [run] subject=7, session=5, speed=7, trial=1, x__rid_x=dece1c5ab965b808: dummy_return_one(x)
[12:09:59.727] [INFO] [run] subject=7, session=5, speed=7, trial=2, x__rid_x=9c2382734614147d: dummy_return_one(x)
[12:09:59.728] [INFO] [run] subject=7, session=5, speed=7, trial=3, x__rid_x=96d3261d977c561a: dummy_return_one(x)
[12:09:59.728] [INFO] [run] subject=7, session=5, speed=7, trial=4, x__rid_x=f06415024681e425: dummy_return_one(x)
[12:09:59.729] [INFO] [run] subject=7, session=5, speed=7, trial=5, x__rid_x=f33614733fb74aa7: dummy_return_one(x)
[12:09:59.729] [INFO] [run] subject=7, session=5, speed=7, trial=6, x__rid_x=2e471de76c884815: dummy_return_one(x)
[12:09:59.730] [INFO] [run] subject=7, session=5, speed=7, trial=7, x__rid_x=6265df927fd50ee9: dummy_return_one(x)
[12:09:59.731] [INFO] [run] subject=7, session=5, speed=8, trial=1, x__rid_x=ce4163dbd38eec56: dummy_return_one(x)
[12:09:59.732] [INFO] [run] subject=7, session=5, speed=8, trial=2, x__rid_x=803619aa74dc9161: dummy_return_one(x)
[12:09:59.732] [INFO] [run] subject=7, session=5, speed=8, trial=3, x__rid_x=761046fed95a74ac: dummy_return_one(x)
[12:09:59.733] [INFO] [run] subject=7, session=5, speed=8, trial=4, x__rid_x=691906a206016e60: dummy_return_one(x)
[12:09:59.734] [INFO] [run] subject=7, session=5, speed=8, trial=5, x__rid_x=9e7598393ee0b8da: dummy_return_one(x)
[12:09:59.734] [INFO] [run] subject=7, session=5, speed=8, trial=6, x__rid_x=1501783184d86762: dummy_return_one(x)
[12:09:59.735] [INFO] [run] subject=7, session=5, speed=8, trial=7, x__rid_x=7811e085772ae211: dummy_return_one(x)
[12:09:59.736] [INFO] [run] subject=7, session=5, speed=9, trial=1, x__rid_x=06b1c0f6927eaf2e: dummy_return_one(x)
[12:09:59.736] [INFO] [run] subject=7, session=5, speed=9, trial=2, x__rid_x=447b4a9fa136de4b: dummy_return_one(x)
[12:09:59.737] [INFO] [run] subject=7, session=5, speed=9, trial=3, x__rid_x=c44086c9c366076c: dummy_return_one(x)
[12:09:59.738] [INFO] [run] subject=7, session=5, speed=9, trial=4, x__rid_x=6e5e07a57cfe6aa2: dummy_return_one(x)
[12:09:59.738] [INFO] [run] subject=7, session=5, speed=9, trial=5, x__rid_x=231ebd0e931b77fb: dummy_return_one(x)
[12:09:59.739] [INFO] [run] subject=7, session=5, speed=9, trial=6, x__rid_x=07a33c1eb65698a3: dummy_return_one(x)
[12:09:59.739] [INFO] [run] subject=7, session=5, speed=9, trial=7, x__rid_x=5f5a7b95544eb5c7: dummy_return_one(x)
[12:09:59.740] [INFO] [run] subject=8, session=1, speed=1, trial=1, x__rid_x=a7d4ff653327bad0: dummy_return_one(x)
[12:09:59.741] [INFO] [run] subject=8, session=1, speed=1, trial=2, x__rid_x=ae3a9ef018d54aa4: dummy_return_one(x)
[12:09:59.741] [INFO] [run] subject=8, session=1, speed=1, trial=3, x__rid_x=56d4c32463ec053d: dummy_return_one(x)
[12:09:59.742] [INFO] [run] subject=8, session=1, speed=1, trial=4, x__rid_x=0f3dea572aae6207: dummy_return_one(x)
[12:09:59.743] [INFO] [run] subject=8, session=1, speed=1, trial=5, x__rid_x=bb6fa0cb0d1a37e0: dummy_return_one(x)
[12:09:59.743] [INFO] [run] subject=8, session=1, speed=1, trial=6, x__rid_x=fbfeb6966bee976a: dummy_return_one(x)
[12:09:59.744] [INFO] [run] subject=8, session=1, speed=1, trial=7, x__rid_x=60ee2c29b5a7d92f: dummy_return_one(x)
[12:09:59.745] [INFO] [run] subject=8, session=1, speed=10, trial=1, x__rid_x=a18c494d5d970c20: dummy_return_one(x)
[12:09:59.745] [INFO] [run] subject=8, session=1, speed=10, trial=2, x__rid_x=853e2b7944f9fdfc: dummy_return_one(x)
[12:09:59.746] [INFO] [run] subject=8, session=1, speed=10, trial=3, x__rid_x=91770bef7e355451: dummy_return_one(x)
[12:09:59.747] [INFO] [run] subject=8, session=1, speed=10, trial=4, x__rid_x=864dac9848d6248b: dummy_return_one(x)
[12:09:59.748] [INFO] [run] subject=8, session=1, speed=10, trial=5, x__rid_x=bba7000f52b48a29: dummy_return_one(x)
[12:09:59.749] [INFO] [run] subject=8, session=1, speed=10, trial=6, x__rid_x=43a2e205c52417d5: dummy_return_one(x)
[12:09:59.750] [INFO] [run] subject=8, session=1, speed=10, trial=7, x__rid_x=fdce616c24bbc479: dummy_return_one(x)
[12:09:59.750] [INFO] [run] subject=8, session=1, speed=2, trial=1, x__rid_x=f67f83322495c428: dummy_return_one(x)
[12:09:59.751] [INFO] [run] subject=8, session=1, speed=2, trial=2, x__rid_x=6a6816de5e98dab0: dummy_return_one(x)
[12:09:59.751] [INFO] [run] subject=8, session=1, speed=2, trial=3, x__rid_x=29ef2c5d66062986: dummy_return_one(x)
[12:09:59.752] [INFO] [run] subject=8, session=1, speed=2, trial=4, x__rid_x=91dc2dd8d1d5fdf3: dummy_return_one(x)
[12:09:59.753] [INFO] [run] subject=8, session=1, speed=2, trial=5, x__rid_x=45f82aa6e5bd0fed: dummy_return_one(x)
[12:09:59.753] [INFO] [run] subject=8, session=1, speed=2, trial=6, x__rid_x=3e38eeb45aaf596e: dummy_return_one(x)
[12:09:59.754] [INFO] [run] subject=8, session=1, speed=2, trial=7, x__rid_x=8354a7f8879cb5d7: dummy_return_one(x)
[12:09:59.755] [INFO] [run] subject=8, session=1, speed=3, trial=1, x__rid_x=6570c7fcd37c76e3: dummy_return_one(x)
[12:09:59.755] [INFO] [run] subject=8, session=1, speed=3, trial=2, x__rid_x=37e327e14f84184f: dummy_return_one(x)
[12:09:59.756] [INFO] [run] subject=8, session=1, speed=3, trial=3, x__rid_x=6af5aa4ab9aef80e: dummy_return_one(x)
[12:09:59.756] [INFO] [run] subject=8, session=1, speed=3, trial=4, x__rid_x=b15b472389721ba0: dummy_return_one(x)
[12:09:59.757] [INFO] [run] subject=8, session=1, speed=3, trial=5, x__rid_x=8e12e615641de0c8: dummy_return_one(x)
[12:09:59.757] [INFO] [run] subject=8, session=1, speed=3, trial=6, x__rid_x=4a3d16465d269def: dummy_return_one(x)
[12:09:59.758] [INFO] [run] subject=8, session=1, speed=3, trial=7, x__rid_x=c88e195c55cba7d5: dummy_return_one(x)
[12:09:59.759] [INFO] [run] subject=8, session=1, speed=4, trial=1, x__rid_x=2c562076ed669a0b: dummy_return_one(x)
[12:09:59.759] [INFO] [run] subject=8, session=1, speed=4, trial=2, x__rid_x=64b45ad19a28df22: dummy_return_one(x)
[12:09:59.760] [INFO] [run] subject=8, session=1, speed=4, trial=3, x__rid_x=21cac787a917fca0: dummy_return_one(x)
[12:09:59.760] [INFO] [run] subject=8, session=1, speed=4, trial=4, x__rid_x=5592bef508ac68d5: dummy_return_one(x)
[12:09:59.761] [INFO] [run] subject=8, session=1, speed=4, trial=5, x__rid_x=8249f4f7aa197839: dummy_return_one(x)
[12:09:59.762] [INFO] [run] subject=8, session=1, speed=4, trial=6, x__rid_x=c084918b9d50412e: dummy_return_one(x)
[12:09:59.763] [INFO] [run] subject=8, session=1, speed=4, trial=7, x__rid_x=579c4f4a38a5febc: dummy_return_one(x)
[12:09:59.764] [INFO] [run] subject=8, session=1, speed=5, trial=1, x__rid_x=7b8bc6e5b8247874: dummy_return_one(x)
[12:09:59.764] [INFO] [run] subject=8, session=1, speed=5, trial=2, x__rid_x=b8b643b59435645d: dummy_return_one(x)
[12:09:59.765] [INFO] [run] subject=8, session=1, speed=5, trial=3, x__rid_x=852601cfbf91fdf4: dummy_return_one(x)
[12:09:59.766] [INFO] [run] subject=8, session=1, speed=5, trial=4, x__rid_x=69a92d73b31b2f39: dummy_return_one(x)
[12:09:59.766] [INFO] [run] subject=8, session=1, speed=5, trial=5, x__rid_x=f912fb54d080e14b: dummy_return_one(x)
[12:09:59.767] [INFO] [run] subject=8, session=1, speed=5, trial=6, x__rid_x=01c9f0aaca041fac: dummy_return_one(x)
[12:09:59.768] [INFO] [run] subject=8, session=1, speed=5, trial=7, x__rid_x=b780efaef29d11a3: dummy_return_one(x)
[12:09:59.768] [INFO] [run] subject=8, session=1, speed=6, trial=1, x__rid_x=3fee60f800bee3e0: dummy_return_one(x)
[12:09:59.769] [INFO] [run] subject=8, session=1, speed=6, trial=2, x__rid_x=aab37e805c31963e: dummy_return_one(x)
[12:09:59.770] [INFO] [run] subject=8, session=1, speed=6, trial=3, x__rid_x=c27a4037c7fca6de: dummy_return_one(x)
[12:09:59.770] [INFO] [run] subject=8, session=1, speed=6, trial=4, x__rid_x=1500424c77a7521f: dummy_return_one(x)
[12:09:59.771] [INFO] [run] subject=8, session=1, speed=6, trial=5, x__rid_x=b0a7fc61582113e7: dummy_return_one(x)
[12:09:59.771] [INFO] [run] subject=8, session=1, speed=6, trial=6, x__rid_x=98c33e67c59a0206: dummy_return_one(x)
[12:09:59.772] [INFO] [run] subject=8, session=1, speed=6, trial=7, x__rid_x=903c8923e02f06e4: dummy_return_one(x)
[12:09:59.773] [INFO] [run] subject=8, session=1, speed=7, trial=1, x__rid_x=393a491661683b1a: dummy_return_one(x)
[12:09:59.773] [INFO] [run] subject=8, session=1, speed=7, trial=2, x__rid_x=c5ceb9ec7b4283ea: dummy_return_one(x)
[12:09:59.774] [INFO] [run] subject=8, session=1, speed=7, trial=3, x__rid_x=e79251006a994db3: dummy_return_one(x)
[12:09:59.774] [INFO] [run] subject=8, session=1, speed=7, trial=4, x__rid_x=91b2009f8d1ec2f1: dummy_return_one(x)
[12:09:59.775] [INFO] [run] subject=8, session=1, speed=7, trial=5, x__rid_x=ace3fa55176fe22e: dummy_return_one(x)
[12:09:59.776] [INFO] [run] subject=8, session=1, speed=7, trial=6, x__rid_x=c7d09977126064b9: dummy_return_one(x)
[12:09:59.776] [INFO] [run] subject=8, session=1, speed=7, trial=7, x__rid_x=b3e1ac98d727614e: dummy_return_one(x)
[12:09:59.777] [INFO] [run] subject=8, session=1, speed=8, trial=1, x__rid_x=2f47e2487b7e0cff: dummy_return_one(x)
[12:09:59.777] [INFO] [run] subject=8, session=1, speed=8, trial=2, x__rid_x=aff4682df546c96c: dummy_return_one(x)
[12:09:59.778] [INFO] [run] subject=8, session=1, speed=8, trial=3, x__rid_x=4dc5525699fbef16: dummy_return_one(x)
[12:09:59.779] [INFO] [run] subject=8, session=1, speed=8, trial=4, x__rid_x=d219e1a717bc83a3: dummy_return_one(x)
[12:09:59.780] [INFO] [run] subject=8, session=1, speed=8, trial=5, x__rid_x=dd1e1bc8d8598ff1: dummy_return_one(x)
[12:09:59.781] [INFO] [run] subject=8, session=1, speed=8, trial=6, x__rid_x=4a07bf187e116a9d: dummy_return_one(x)
[12:09:59.781] [INFO] [run] subject=8, session=1, speed=8, trial=7, x__rid_x=c084a8b71b9e59b1: dummy_return_one(x)
[12:09:59.782] [INFO] [run] subject=8, session=1, speed=9, trial=1, x__rid_x=b26ff9dc13a3eb78: dummy_return_one(x)
[12:09:59.782] [INFO] [run] subject=8, session=1, speed=9, trial=2, x__rid_x=88f4b50dd4da391e: dummy_return_one(x)
[12:09:59.783] [INFO] [run] subject=8, session=1, speed=9, trial=3, x__rid_x=200b4a5a64b02dd6: dummy_return_one(x)
[12:09:59.784] [INFO] [run] subject=8, session=1, speed=9, trial=4, x__rid_x=363b4b8dba15a06c: dummy_return_one(x)
[12:09:59.784] [INFO] [run] subject=8, session=1, speed=9, trial=5, x__rid_x=2a1730cabeeabc03: dummy_return_one(x)
[12:09:59.785] [INFO] [run] subject=8, session=1, speed=9, trial=6, x__rid_x=b14d903fdea22b5e: dummy_return_one(x)
[12:09:59.786] [INFO] [run] subject=8, session=1, speed=9, trial=7, x__rid_x=ed1cd5931692ff05: dummy_return_one(x)
[12:09:59.786] [INFO] [run] subject=8, session=2, speed=1, trial=1, x__rid_x=6abef38cfc421fc6: dummy_return_one(x)
[12:09:59.787] [INFO] [run] subject=8, session=2, speed=1, trial=2, x__rid_x=901af4248d5a8b51: dummy_return_one(x)
[12:09:59.788] [INFO] [run] subject=8, session=2, speed=1, trial=3, x__rid_x=e171e5198dad70c8: dummy_return_one(x)
[12:09:59.788] [INFO] [run] subject=8, session=2, speed=1, trial=4, x__rid_x=dadf2886fb080a66: dummy_return_one(x)
[12:09:59.789] [INFO] [run] subject=8, session=2, speed=1, trial=5, x__rid_x=c786453f1b60afd3: dummy_return_one(x)
[12:09:59.789] [INFO] [run] subject=8, session=2, speed=1, trial=6, x__rid_x=3c15751c811ef631: dummy_return_one(x)
[12:09:59.790] [INFO] [run] subject=8, session=2, speed=1, trial=7, x__rid_x=8094a2d46c30cbcc: dummy_return_one(x)
[12:09:59.791] [INFO] [run] subject=8, session=2, speed=10, trial=1, x__rid_x=7b29553a05b1df1b: dummy_return_one(x)
[12:09:59.791] [INFO] [run] subject=8, session=2, speed=10, trial=2, x__rid_x=51e78a17f8788f7c: dummy_return_one(x)
[12:09:59.792] [INFO] [run] subject=8, session=2, speed=10, trial=3, x__rid_x=034561c79155d352: dummy_return_one(x)
[12:09:59.792] [INFO] [run] subject=8, session=2, speed=10, trial=4, x__rid_x=61c69b9ac9d7b002: dummy_return_one(x)
[12:09:59.793] [INFO] [run] subject=8, session=2, speed=10, trial=5, x__rid_x=962c9f0629927284: dummy_return_one(x)
[12:09:59.793] [INFO] [run] subject=8, session=2, speed=10, trial=6, x__rid_x=722d2442f7393f9a: dummy_return_one(x)
[12:09:59.794] [INFO] [run] subject=8, session=2, speed=10, trial=7, x__rid_x=ca8f2c0287e6d649: dummy_return_one(x)
[12:09:59.795] [INFO] [run] subject=8, session=2, speed=2, trial=1, x__rid_x=0bcea43a065f0295: dummy_return_one(x)
[12:09:59.795] [INFO] [run] subject=8, session=2, speed=2, trial=2, x__rid_x=0f7e6a62facbc133: dummy_return_one(x)
[12:09:59.796] [INFO] [run] subject=8, session=2, speed=2, trial=3, x__rid_x=202b1514310e866e: dummy_return_one(x)
[12:09:59.797] [INFO] [run] subject=8, session=2, speed=2, trial=4, x__rid_x=0ceba6e209e41317: dummy_return_one(x)
[12:09:59.798] [INFO] [run] subject=8, session=2, speed=2, trial=5, x__rid_x=e85352ac85c93f16: dummy_return_one(x)
[12:09:59.798] [INFO] [run] subject=8, session=2, speed=2, trial=6, x__rid_x=9bad548dd9aa966f: dummy_return_one(x)
[12:09:59.799] [INFO] [run] subject=8, session=2, speed=2, trial=7, x__rid_x=e3d6eb51315348ad: dummy_return_one(x)
[12:09:59.800] [INFO] [run] subject=8, session=2, speed=3, trial=1, x__rid_x=d8a8571b1cda4b71: dummy_return_one(x)
[12:09:59.801] [INFO] [run] subject=8, session=2, speed=3, trial=2, x__rid_x=72b89b7ffb4f3f09: dummy_return_one(x)
[12:09:59.801] [INFO] [run] subject=8, session=2, speed=3, trial=3, x__rid_x=94986027fa88c8cf: dummy_return_one(x)
[12:09:59.802] [INFO] [run] subject=8, session=2, speed=3, trial=4, x__rid_x=02aec6847e526ea1: dummy_return_one(x)
[12:09:59.802] [INFO] [run] subject=8, session=2, speed=3, trial=5, x__rid_x=f7d0c5f7ffc1f4af: dummy_return_one(x)
[12:09:59.803] [INFO] [run] subject=8, session=2, speed=3, trial=6, x__rid_x=35701b866f54c778: dummy_return_one(x)
[12:09:59.804] [INFO] [run] subject=8, session=2, speed=3, trial=7, x__rid_x=7f07cda0693a0aac: dummy_return_one(x)
[12:09:59.804] [INFO] [run] subject=8, session=2, speed=4, trial=1, x__rid_x=fb10d2951b241efa: dummy_return_one(x)
[12:09:59.805] [INFO] [run] subject=8, session=2, speed=4, trial=2, x__rid_x=2d21da79db746c5d: dummy_return_one(x)
[12:09:59.806] [INFO] [run] subject=8, session=2, speed=4, trial=3, x__rid_x=688af437c87c6d6c: dummy_return_one(x)
[12:09:59.806] [INFO] [run] subject=8, session=2, speed=4, trial=4, x__rid_x=923c81c196e77862: dummy_return_one(x)
[12:09:59.807] [INFO] [run] subject=8, session=2, speed=4, trial=5, x__rid_x=dfb1c79019e6263a: dummy_return_one(x)
[12:09:59.807] [INFO] [run] subject=8, session=2, speed=4, trial=6, x__rid_x=7c93764d0758e2cb: dummy_return_one(x)
[12:09:59.808] [INFO] [run] subject=8, session=2, speed=4, trial=7, x__rid_x=9e37db6c4ec529e9: dummy_return_one(x)
[12:09:59.809] [INFO] [run] subject=8, session=2, speed=5, trial=1, x__rid_x=dc56dd982f583592: dummy_return_one(x)
[12:09:59.809] [INFO] [run] subject=8, session=2, speed=5, trial=2, x__rid_x=e5b0021a13609161: dummy_return_one(x)
[12:09:59.810] [INFO] [run] subject=8, session=2, speed=5, trial=3, x__rid_x=2c7aa1fac4a6874e: dummy_return_one(x)
[12:09:59.810] [INFO] [run] subject=8, session=2, speed=5, trial=4, x__rid_x=4fbd4f631aeb045d: dummy_return_one(x)
[12:09:59.811] [INFO] [run] subject=8, session=2, speed=5, trial=5, x__rid_x=38258640dbefe31f: dummy_return_one(x)
[12:09:59.812] [INFO] [run] subject=8, session=2, speed=5, trial=6, x__rid_x=683ee91b885c9c67: dummy_return_one(x)
[12:09:59.812] [INFO] [run] subject=8, session=2, speed=5, trial=7, x__rid_x=1f48c48e7c991c74: dummy_return_one(x)
[12:09:59.813] [INFO] [run] subject=8, session=2, speed=6, trial=1, x__rid_x=19c9c2fcdb9f60b4: dummy_return_one(x)
[12:09:59.814] [INFO] [run] subject=8, session=2, speed=6, trial=2, x__rid_x=fcef9ff5e974ea39: dummy_return_one(x)
[12:09:59.815] [INFO] [run] subject=8, session=2, speed=6, trial=3, x__rid_x=6283a8529c72277d: dummy_return_one(x)
[12:09:59.815] [INFO] [run] subject=8, session=2, speed=6, trial=4, x__rid_x=3b1f4463d96fc205: dummy_return_one(x)
[12:09:59.816] [INFO] [run] subject=8, session=2, speed=6, trial=5, x__rid_x=e5d401ca389680a9: dummy_return_one(x)
[12:09:59.817] [INFO] [run] subject=8, session=2, speed=6, trial=6, x__rid_x=05aa9966b716776d: dummy_return_one(x)
[12:09:59.817] [INFO] [run] subject=8, session=2, speed=6, trial=7, x__rid_x=aec19fa928b4d149: dummy_return_one(x)
[12:09:59.818] [INFO] [run] subject=8, session=2, speed=7, trial=1, x__rid_x=4a578194531a726a: dummy_return_one(x)
[12:09:59.819] [INFO] [run] subject=8, session=2, speed=7, trial=2, x__rid_x=a82ff7dd5a5c94ab: dummy_return_one(x)
[12:09:59.820] [INFO] [run] subject=8, session=2, speed=7, trial=3, x__rid_x=1fe89854ccd2a10a: dummy_return_one(x)
[12:09:59.820] [INFO] [run] subject=8, session=2, speed=7, trial=4, x__rid_x=dde818d4f61c2699: dummy_return_one(x)
[12:09:59.821] [INFO] [run] subject=8, session=2, speed=7, trial=5, x__rid_x=39da69d25f292c25: dummy_return_one(x)
[12:09:59.821] [INFO] [run] subject=8, session=2, speed=7, trial=6, x__rid_x=5c801441a3cf716b: dummy_return_one(x)
[12:09:59.822] [INFO] [run] subject=8, session=2, speed=7, trial=7, x__rid_x=eee80531386c884f: dummy_return_one(x)
[12:09:59.823] [INFO] [run] subject=8, session=2, speed=8, trial=1, x__rid_x=48313be6fd5593e3: dummy_return_one(x)
[12:09:59.823] [INFO] [run] subject=8, session=2, speed=8, trial=2, x__rid_x=bd31f2a4c3533fba: dummy_return_one(x)
[12:09:59.824] [INFO] [run] subject=8, session=2, speed=8, trial=3, x__rid_x=04ccf50bd542c301: dummy_return_one(x)
[12:09:59.825] [INFO] [run] subject=8, session=2, speed=8, trial=4, x__rid_x=01095cc734ddd39b: dummy_return_one(x)
[12:09:59.825] [INFO] [run] subject=8, session=2, speed=8, trial=5, x__rid_x=28b3165cfddfa62d: dummy_return_one(x)
[12:09:59.826] [INFO] [run] subject=8, session=2, speed=8, trial=6, x__rid_x=ed28a5caadbee518: dummy_return_one(x)
[12:09:59.827] [INFO] [run] subject=8, session=2, speed=8, trial=7, x__rid_x=969e72c91873f094: dummy_return_one(x)
[12:09:59.827] [INFO] [run] subject=8, session=2, speed=9, trial=1, x__rid_x=1ceda16298f16f7e: dummy_return_one(x)
[12:09:59.828] [INFO] [run] subject=8, session=2, speed=9, trial=2, x__rid_x=fd8cf840b49a6ef1: dummy_return_one(x)
[12:09:59.828] [INFO] [run] subject=8, session=2, speed=9, trial=3, x__rid_x=29a9d6a3190b36ef: dummy_return_one(x)
[12:09:59.829] [INFO] [run] subject=8, session=2, speed=9, trial=4, x__rid_x=dc22a08c77dc53ea: dummy_return_one(x)
[12:09:59.830] [INFO] [run] subject=8, session=2, speed=9, trial=5, x__rid_x=1975fddf8126b44e: dummy_return_one(x)
[12:09:59.831] [INFO] [run] subject=8, session=2, speed=9, trial=6, x__rid_x=7689f90263423c2d: dummy_return_one(x)
[12:09:59.831] [INFO] [run] subject=8, session=2, speed=9, trial=7, x__rid_x=491fd61b29eb316a: dummy_return_one(x)
[12:09:59.832] [INFO] [run] subject=8, session=3, speed=1, trial=1, x__rid_x=60955e93bd917302: dummy_return_one(x)
[12:09:59.833] [INFO] [run] subject=8, session=3, speed=1, trial=2, x__rid_x=dd62a43446a8760b: dummy_return_one(x)
[12:09:59.833] [INFO] [run] subject=8, session=3, speed=1, trial=3, x__rid_x=842a79435e5145d3: dummy_return_one(x)
[12:09:59.834] [INFO] [run] subject=8, session=3, speed=1, trial=4, x__rid_x=95c087b9868d6c5f: dummy_return_one(x)
[12:09:59.834] [INFO] [run] subject=8, session=3, speed=1, trial=5, x__rid_x=96e9fb408ab9bf20: dummy_return_one(x)
[12:09:59.835] [INFO] [run] subject=8, session=3, speed=1, trial=6, x__rid_x=afc730a6ed91e8bc: dummy_return_one(x)
[12:09:59.836] [INFO] [run] subject=8, session=3, speed=1, trial=7, x__rid_x=de326b2b997a73f2: dummy_return_one(x)
[12:09:59.836] [INFO] [run] subject=8, session=3, speed=10, trial=1, x__rid_x=3474a74abc230af1: dummy_return_one(x)
[12:09:59.837] [INFO] [run] subject=8, session=3, speed=10, trial=2, x__rid_x=ad41711214e42e1f: dummy_return_one(x)
[12:09:59.837] [INFO] [run] subject=8, session=3, speed=10, trial=3, x__rid_x=3c6cfefb00ba31dd: dummy_return_one(x)
[12:09:59.838] [INFO] [run] subject=8, session=3, speed=10, trial=4, x__rid_x=bf4d61eb00dd8e35: dummy_return_one(x)
[12:09:59.839] [INFO] [run] subject=8, session=3, speed=10, trial=5, x__rid_x=f77bedc7956f8980: dummy_return_one(x)
[12:09:59.839] [INFO] [run] subject=8, session=3, speed=10, trial=6, x__rid_x=b45b209f9ac5f33f: dummy_return_one(x)
[12:09:59.840] [INFO] [run] subject=8, session=3, speed=10, trial=7, x__rid_x=88b8c25f66e6fb67: dummy_return_one(x)
[12:09:59.841] [INFO] [run] subject=8, session=3, speed=2, trial=1, x__rid_x=ba632134b4d4201a: dummy_return_one(x)
[12:09:59.841] [INFO] [run] subject=8, session=3, speed=2, trial=2, x__rid_x=c210419ddfae53df: dummy_return_one(x)
[12:09:59.842] [INFO] [run] subject=8, session=3, speed=2, trial=3, x__rid_x=982f0631108ac737: dummy_return_one(x)
[12:09:59.843] [INFO] [run] subject=8, session=3, speed=2, trial=4, x__rid_x=bffb4e25dc5a9b13: dummy_return_one(x)
[12:09:59.843] [INFO] [run] subject=8, session=3, speed=2, trial=5, x__rid_x=c37c310a76df5767: dummy_return_one(x)
[12:09:59.844] [INFO] [run] subject=8, session=3, speed=2, trial=6, x__rid_x=d1ecf9cab2ed65d6: dummy_return_one(x)
[12:09:59.845] [INFO] [run] subject=8, session=3, speed=2, trial=7, x__rid_x=08be7ccdc85e2e18: dummy_return_one(x)
[12:09:59.845] [INFO] [run] subject=8, session=3, speed=3, trial=1, x__rid_x=0f2fdec03a81864d: dummy_return_one(x)
[12:09:59.846] [INFO] [run] subject=8, session=3, speed=3, trial=2, x__rid_x=a2adf1858d9decc2: dummy_return_one(x)
[12:09:59.847] [INFO] [run] subject=8, session=3, speed=3, trial=3, x__rid_x=a178447c3ea9ccf0: dummy_return_one(x)
[12:09:59.848] [INFO] [run] subject=8, session=3, speed=3, trial=4, x__rid_x=12e0916bb0eaaa99: dummy_return_one(x)
[12:09:59.848] [INFO] [run] subject=8, session=3, speed=3, trial=5, x__rid_x=8f7fcaf6cb0d8f7c: dummy_return_one(x)
[12:09:59.849] [INFO] [run] subject=8, session=3, speed=3, trial=6, x__rid_x=9e0721b6d08869cd: dummy_return_one(x)
[12:09:59.849] [INFO] [run] subject=8, session=3, speed=3, trial=7, x__rid_x=f83dc533e6b94b37: dummy_return_one(x)
[12:09:59.850] [INFO] [run] subject=8, session=3, speed=4, trial=1, x__rid_x=8d8a0fbecd2a7642: dummy_return_one(x)
[12:09:59.851] [INFO] [run] subject=8, session=3, speed=4, trial=2, x__rid_x=9e0f5fe90e9c6bc2: dummy_return_one(x)
[12:09:59.851] [INFO] [run] subject=8, session=3, speed=4, trial=3, x__rid_x=a49e2664077ee845: dummy_return_one(x)
[12:09:59.852] [INFO] [run] subject=8, session=3, speed=4, trial=4, x__rid_x=746745a175c3b953: dummy_return_one(x)
[12:09:59.852] [INFO] [run] subject=8, session=3, speed=4, trial=5, x__rid_x=dea6ab46374f378d: dummy_return_one(x)
[12:09:59.853] [INFO] [run] subject=8, session=3, speed=4, trial=6, x__rid_x=ca142fe3dcbdb489: dummy_return_one(x)
[12:09:59.854] [INFO] [run] subject=8, session=3, speed=4, trial=7, x__rid_x=d81bb79d60682912: dummy_return_one(x)
[12:09:59.854] [INFO] [run] subject=8, session=3, speed=5, trial=1, x__rid_x=a29c55dad550237a: dummy_return_one(x)
[12:09:59.855] [INFO] [run] subject=8, session=3, speed=5, trial=2, x__rid_x=112b405ef4ba6462: dummy_return_one(x)
[12:09:59.855] [INFO] [run] subject=8, session=3, speed=5, trial=3, x__rid_x=2720b96ed6125d32: dummy_return_one(x)
[12:09:59.856] [INFO] [run] subject=8, session=3, speed=5, trial=4, x__rid_x=4255e77f4ab32e72: dummy_return_one(x)
[12:09:59.857] [INFO] [run] subject=8, session=3, speed=5, trial=5, x__rid_x=4286014ec0c36e1c: dummy_return_one(x)
[12:09:59.857] [INFO] [run] subject=8, session=3, speed=5, trial=6, x__rid_x=cc28e1c6c646cebb: dummy_return_one(x)
[12:09:59.858] [INFO] [run] subject=8, session=3, speed=5, trial=7, x__rid_x=28d5758fe69cbe5c: dummy_return_one(x)
[12:09:59.859] [INFO] [run] subject=8, session=3, speed=6, trial=1, x__rid_x=08233eb3ca611f88: dummy_return_one(x)
[12:09:59.859] [INFO] [run] subject=8, session=3, speed=6, trial=2, x__rid_x=df99c65cf2d6fb65: dummy_return_one(x)
[12:09:59.860] [INFO] [run] subject=8, session=3, speed=6, trial=3, x__rid_x=a68ad59f84870e22: dummy_return_one(x)
[12:09:59.861] [INFO] [run] subject=8, session=3, speed=6, trial=4, x__rid_x=8ab90b8e412c7243: dummy_return_one(x)
[12:09:59.861] [INFO] [run] subject=8, session=3, speed=6, trial=5, x__rid_x=b5d9af1f6f9cadb4: dummy_return_one(x)
[12:09:59.862] [INFO] [run] subject=8, session=3, speed=6, trial=6, x__rid_x=60b92dcf0d99b120: dummy_return_one(x)
[12:09:59.862] [INFO] [run] subject=8, session=3, speed=6, trial=7, x__rid_x=9fc11f72ea7de1ae: dummy_return_one(x)
[12:09:59.863] [INFO] [run] subject=8, session=3, speed=7, trial=1, x__rid_x=94ff1057d96e0949: dummy_return_one(x)
[12:09:59.864] [INFO] [run] subject=8, session=3, speed=7, trial=2, x__rid_x=08002f018187575b: dummy_return_one(x)
[12:09:59.865] [INFO] [run] subject=8, session=3, speed=7, trial=3, x__rid_x=cc692c3ad9adccf9: dummy_return_one(x)
[12:09:59.865] [INFO] [run] subject=8, session=3, speed=7, trial=4, x__rid_x=88ece46214e8845d: dummy_return_one(x)
[12:09:59.866] [INFO] [run] subject=8, session=3, speed=7, trial=5, x__rid_x=b8163bd34e77d566: dummy_return_one(x)
[12:09:59.867] [INFO] [run] subject=8, session=3, speed=7, trial=6, x__rid_x=b36d9f62575e8aaa: dummy_return_one(x)
[12:09:59.867] [INFO] [run] subject=8, session=3, speed=7, trial=7, x__rid_x=91807d65af119a96: dummy_return_one(x)
[12:09:59.868] [INFO] [run] subject=8, session=3, speed=8, trial=1, x__rid_x=112803f3dc147036: dummy_return_one(x)
[12:09:59.869] [INFO] [run] subject=8, session=3, speed=8, trial=2, x__rid_x=9a59aeef147dbdff: dummy_return_one(x)
[12:09:59.869] [INFO] [run] subject=8, session=3, speed=8, trial=3, x__rid_x=a333b3756e86f9bc: dummy_return_one(x)
[12:09:59.870] [INFO] [run] subject=8, session=3, speed=8, trial=4, x__rid_x=9ef7eac3b0369804: dummy_return_one(x)
[12:09:59.870] [INFO] [run] subject=8, session=3, speed=8, trial=5, x__rid_x=68eb25242118b729: dummy_return_one(x)
[12:09:59.871] [INFO] [run] subject=8, session=3, speed=8, trial=6, x__rid_x=922dc1ac37d7e0bf: dummy_return_one(x)
[12:09:59.872] [INFO] [run] subject=8, session=3, speed=8, trial=7, x__rid_x=6f483dc1c56f13a6: dummy_return_one(x)
[12:09:59.872] [INFO] [run] subject=8, session=3, speed=9, trial=1, x__rid_x=f336252b9f155bef: dummy_return_one(x)
[12:09:59.873] [INFO] [run] subject=8, session=3, speed=9, trial=2, x__rid_x=531257792aaba2f4: dummy_return_one(x)
[12:09:59.874] [INFO] [run] subject=8, session=3, speed=9, trial=3, x__rid_x=de083ee099d21592: dummy_return_one(x)
[12:09:59.874] [INFO] [run] subject=8, session=3, speed=9, trial=4, x__rid_x=c497fea7959da02b: dummy_return_one(x)
[12:09:59.875] [INFO] [run] subject=8, session=3, speed=9, trial=5, x__rid_x=43ba4cf229ac6d99: dummy_return_one(x)
[12:09:59.875] [INFO] [run] subject=8, session=3, speed=9, trial=6, x__rid_x=5fe32a33bd86dbef: dummy_return_one(x)
[12:09:59.876] [INFO] [run] subject=8, session=3, speed=9, trial=7, x__rid_x=448734cae1427c08: dummy_return_one(x)
[12:09:59.876] [INFO] [run] subject=8, session=4, speed=1, trial=1, x__rid_x=248d5bae7c6380ab: dummy_return_one(x)
[12:09:59.877] [INFO] [run] subject=8, session=4, speed=1, trial=2, x__rid_x=dbce34f24acc1577: dummy_return_one(x)
[12:09:59.878] [INFO] [run] subject=8, session=4, speed=1, trial=3, x__rid_x=02203999653cd2ff: dummy_return_one(x)
[12:09:59.878] [INFO] [run] subject=8, session=4, speed=1, trial=4, x__rid_x=88b648e5c975e4cf: dummy_return_one(x)
[12:09:59.879] [INFO] [run] subject=8, session=4, speed=1, trial=5, x__rid_x=cf12408290221ab8: dummy_return_one(x)
[12:09:59.880] [INFO] [run] subject=8, session=4, speed=1, trial=6, x__rid_x=8e66f26c051822fa: dummy_return_one(x)
[12:09:59.881] [INFO] [run] subject=8, session=4, speed=1, trial=7, x__rid_x=0c445206e46e972e: dummy_return_one(x)
[12:09:59.882] [INFO] [run] subject=8, session=4, speed=10, trial=1, x__rid_x=12b577516ca5f2d8: dummy_return_one(x)
[12:09:59.882] [INFO] [run] subject=8, session=4, speed=10, trial=2, x__rid_x=28b18b241236e78c: dummy_return_one(x)
[12:09:59.883] [INFO] [run] subject=8, session=4, speed=10, trial=3, x__rid_x=51baa7cbc4c0366a: dummy_return_one(x)
[12:09:59.884] [INFO] [run] subject=8, session=4, speed=10, trial=4, x__rid_x=168052717403d61f: dummy_return_one(x)
[12:09:59.884] [INFO] [run] subject=8, session=4, speed=10, trial=5, x__rid_x=fad28216a56e28f3: dummy_return_one(x)
[12:09:59.885] [INFO] [run] subject=8, session=4, speed=10, trial=6, x__rid_x=1b04dacb6ab11d8f: dummy_return_one(x)
[12:09:59.885] [INFO] [run] subject=8, session=4, speed=10, trial=7, x__rid_x=9d8925e76ad1f5ad: dummy_return_one(x)
[12:09:59.886] [INFO] [run] subject=8, session=4, speed=2, trial=1, x__rid_x=db4e63fac7d196da: dummy_return_one(x)
[12:09:59.887] [INFO] [run] subject=8, session=4, speed=2, trial=2, x__rid_x=dfbbf2db9492f457: dummy_return_one(x)
[12:09:59.887] [INFO] [run] subject=8, session=4, speed=2, trial=3, x__rid_x=ea2140c3102874b3: dummy_return_one(x)
[12:09:59.888] [INFO] [run] subject=8, session=4, speed=2, trial=4, x__rid_x=0e6fbd26fef8cba0: dummy_return_one(x)
[12:09:59.888] [INFO] [run] subject=8, session=4, speed=2, trial=5, x__rid_x=9d732c3e1780fcff: dummy_return_one(x)
[12:09:59.889] [INFO] [run] subject=8, session=4, speed=2, trial=6, x__rid_x=3577f48656fd0959: dummy_return_one(x)
[12:09:59.890] [INFO] [run] subject=8, session=4, speed=2, trial=7, x__rid_x=a6b6856cd0a2ef35: dummy_return_one(x)
[12:09:59.891] [INFO] [run] subject=8, session=4, speed=3, trial=1, x__rid_x=a653acf9380968f9: dummy_return_one(x)
[12:09:59.891] [INFO] [run] subject=8, session=4, speed=3, trial=2, x__rid_x=c46c183da65cc07c: dummy_return_one(x)
[12:09:59.892] [INFO] [run] subject=8, session=4, speed=3, trial=3, x__rid_x=a8d844b2c6d92278: dummy_return_one(x)
[12:09:59.892] [INFO] [run] subject=8, session=4, speed=3, trial=4, x__rid_x=9679a433a5b14aec: dummy_return_one(x)
[12:09:59.893] [INFO] [run] subject=8, session=4, speed=3, trial=5, x__rid_x=7091333b2c754524: dummy_return_one(x)
[12:09:59.893] [INFO] [run] subject=8, session=4, speed=3, trial=6, x__rid_x=abd35734224bcbe7: dummy_return_one(x)
[12:09:59.894] [INFO] [run] subject=8, session=4, speed=3, trial=7, x__rid_x=dc3d6b334891db49: dummy_return_one(x)
[12:09:59.895] [INFO] [run] subject=8, session=4, speed=4, trial=1, x__rid_x=033bcd8c4691ac43: dummy_return_one(x)
[12:09:59.895] [INFO] [run] subject=8, session=4, speed=4, trial=2, x__rid_x=682782d02693df29: dummy_return_one(x)
[12:09:59.896] [INFO] [run] subject=8, session=4, speed=4, trial=3, x__rid_x=8ec6eb12c3c80f7e: dummy_return_one(x)
[12:09:59.897] [INFO] [run] subject=8, session=4, speed=4, trial=4, x__rid_x=0e7577c844604cac: dummy_return_one(x)
[12:09:59.898] [INFO] [run] subject=8, session=4, speed=4, trial=5, x__rid_x=214dab84419dda7b: dummy_return_one(x)
[12:09:59.898] [INFO] [run] subject=8, session=4, speed=4, trial=6, x__rid_x=28089d79255c498e: dummy_return_one(x)
[12:09:59.899] [INFO] [run] subject=8, session=4, speed=4, trial=7, x__rid_x=afcd02f5dc21735a: dummy_return_one(x)
[12:09:59.900] [INFO] [run] subject=8, session=4, speed=5, trial=1, x__rid_x=fd85550d6280932f: dummy_return_one(x)
[12:09:59.900] [INFO] [run] subject=8, session=4, speed=5, trial=2, x__rid_x=759cf0937f6df69d: dummy_return_one(x)
[12:09:59.901] [INFO] [run] subject=8, session=4, speed=5, trial=3, x__rid_x=25f670a2575e4a2f: dummy_return_one(x)
[12:09:59.901] [INFO] [run] subject=8, session=4, speed=5, trial=4, x__rid_x=80daaf96dd6a2c04: dummy_return_one(x)
[12:09:59.902] [INFO] [run] subject=8, session=4, speed=5, trial=5, x__rid_x=263a516a35d8803e: dummy_return_one(x)
[12:09:59.903] [INFO] [run] subject=8, session=4, speed=5, trial=6, x__rid_x=6f8ae842c3a1d81e: dummy_return_one(x)
[12:09:59.903] [INFO] [run] subject=8, session=4, speed=5, trial=7, x__rid_x=7374ffaad32e0232: dummy_return_one(x)
[12:09:59.904] [INFO] [run] subject=8, session=4, speed=6, trial=1, x__rid_x=04de40df305f8739: dummy_return_one(x)
[12:09:59.905] [INFO] [run] subject=8, session=4, speed=6, trial=2, x__rid_x=5e0f1e38feda9bc2: dummy_return_one(x)
[12:09:59.905] [INFO] [run] subject=8, session=4, speed=6, trial=3, x__rid_x=afa1767c601229f4: dummy_return_one(x)
[12:09:59.906] [INFO] [run] subject=8, session=4, speed=6, trial=4, x__rid_x=01d0274fca702b19: dummy_return_one(x)
[12:09:59.907] [INFO] [run] subject=8, session=4, speed=6, trial=5, x__rid_x=e848b656d98b7f30: dummy_return_one(x)
[12:09:59.907] [INFO] [run] subject=8, session=4, speed=6, trial=6, x__rid_x=a8b321df19cdaecd: dummy_return_one(x)
[12:09:59.908] [INFO] [run] subject=8, session=4, speed=6, trial=7, x__rid_x=ca46425dc17be361: dummy_return_one(x)
[12:09:59.908] [INFO] [run] subject=8, session=4, speed=7, trial=1, x__rid_x=3dabec1f710c5762: dummy_return_one(x)
[12:09:59.909] [INFO] [run] subject=8, session=4, speed=7, trial=2, x__rid_x=fc8631cae5f7d956: dummy_return_one(x)
[12:09:59.910] [INFO] [run] subject=8, session=4, speed=7, trial=3, x__rid_x=ebab8427a3e26e67: dummy_return_one(x)
[12:09:59.910] [INFO] [run] subject=8, session=4, speed=7, trial=4, x__rid_x=67f5162569c61df1: dummy_return_one(x)
[12:09:59.911] [INFO] [run] subject=8, session=4, speed=7, trial=5, x__rid_x=c39b3b60454711a5: dummy_return_one(x)
[12:09:59.912] [INFO] [run] subject=8, session=4, speed=7, trial=6, x__rid_x=29a4464db87975e4: dummy_return_one(x)
[12:09:59.912] [INFO] [run] subject=8, session=4, speed=7, trial=7, x__rid_x=83a2a9559d407126: dummy_return_one(x)
[12:09:59.913] [INFO] [run] subject=8, session=4, speed=8, trial=1, x__rid_x=26c115db8916d59b: dummy_return_one(x)
[12:09:59.914] [INFO] [run] subject=8, session=4, speed=8, trial=2, x__rid_x=7cef904d95dbe4b5: dummy_return_one(x)
[12:09:59.915] [INFO] [run] subject=8, session=4, speed=8, trial=3, x__rid_x=8e5305a69ca31cc8: dummy_return_one(x)
[12:09:59.916] [INFO] [run] subject=8, session=4, speed=8, trial=4, x__rid_x=12a6faaca2003fab: dummy_return_one(x)
[12:09:59.916] [INFO] [run] subject=8, session=4, speed=8, trial=5, x__rid_x=eb08f35e7cb8ee17: dummy_return_one(x)
[12:09:59.917] [INFO] [run] subject=8, session=4, speed=8, trial=6, x__rid_x=3704510bf10ddfe3: dummy_return_one(x)
[12:09:59.918] [INFO] [run] subject=8, session=4, speed=8, trial=7, x__rid_x=5e99b6e6fa52d5db: dummy_return_one(x)
[12:09:59.918] [INFO] [run] subject=8, session=4, speed=9, trial=1, x__rid_x=eb0bf2a2bee4f5b8: dummy_return_one(x)
[12:09:59.919] [INFO] [run] subject=8, session=4, speed=9, trial=2, x__rid_x=d0cc95b4b17fe0b8: dummy_return_one(x)
[12:09:59.920] [INFO] [run] subject=8, session=4, speed=9, trial=3, x__rid_x=1b7c9a000d389a9f: dummy_return_one(x)
[12:09:59.920] [INFO] [run] subject=8, session=4, speed=9, trial=4, x__rid_x=6cb81fba1368f3d2: dummy_return_one(x)
[12:09:59.921] [INFO] [run] subject=8, session=4, speed=9, trial=5, x__rid_x=62065a2f92bba5b8: dummy_return_one(x)
[12:09:59.921] [INFO] [run] subject=8, session=4, speed=9, trial=6, x__rid_x=c636ff3237d4ea9e: dummy_return_one(x)
[12:09:59.922] [INFO] [run] subject=8, session=4, speed=9, trial=7, x__rid_x=0e890eb1aec1ef47: dummy_return_one(x)
[12:09:59.923] [INFO] [run] subject=8, session=5, speed=1, trial=1, x__rid_x=47237f40879ef8ce: dummy_return_one(x)
[12:09:59.923] [INFO] [run] subject=8, session=5, speed=1, trial=2, x__rid_x=6a9cb360f1e613c8: dummy_return_one(x)
[12:09:59.924] [INFO] [run] subject=8, session=5, speed=1, trial=3, x__rid_x=bb0dcec4d7dfd1cd: dummy_return_one(x)
[12:09:59.925] [INFO] [run] subject=8, session=5, speed=1, trial=4, x__rid_x=04eadca6daa286ef: dummy_return_one(x)
[12:09:59.925] [INFO] [run] subject=8, session=5, speed=1, trial=5, x__rid_x=4e574cfa8f4eaea2: dummy_return_one(x)
[12:09:59.926] [INFO] [run] subject=8, session=5, speed=1, trial=6, x__rid_x=5f16864fc4518bc0: dummy_return_one(x)
[12:09:59.926] [INFO] [run] subject=8, session=5, speed=1, trial=7, x__rid_x=50cc44891abcc1e0: dummy_return_one(x)
[12:09:59.927] [INFO] [run] subject=8, session=5, speed=10, trial=1, x__rid_x=bdeb5230446127fe: dummy_return_one(x)
[12:09:59.928] [INFO] [run] subject=8, session=5, speed=10, trial=2, x__rid_x=1ca93de33572e11e: dummy_return_one(x)
[12:09:59.928] [INFO] [run] subject=8, session=5, speed=10, trial=3, x__rid_x=14dcacfef2faf364: dummy_return_one(x)
[12:09:59.929] [INFO] [run] subject=8, session=5, speed=10, trial=4, x__rid_x=670073a70f9d5635: dummy_return_one(x)
[12:09:59.930] [INFO] [run] subject=8, session=5, speed=10, trial=5, x__rid_x=f3492681edc6b369: dummy_return_one(x)
[12:09:59.931] [INFO] [run] subject=8, session=5, speed=10, trial=6, x__rid_x=1470d6705f28c7fd: dummy_return_one(x)
[12:09:59.931] [INFO] [run] subject=8, session=5, speed=10, trial=7, x__rid_x=57769459eb66ad4a: dummy_return_one(x)
[12:09:59.932] [INFO] [run] subject=8, session=5, speed=2, trial=1, x__rid_x=05254f92aee5e6be: dummy_return_one(x)
[12:09:59.933] [INFO] [run] subject=8, session=5, speed=2, trial=2, x__rid_x=a66c62f1d337587e: dummy_return_one(x)
[12:09:59.933] [INFO] [run] subject=8, session=5, speed=2, trial=3, x__rid_x=3efa7c015a8d1b62: dummy_return_one(x)
[12:09:59.934] [INFO] [run] subject=8, session=5, speed=2, trial=4, x__rid_x=c41ebc91213fa8a4: dummy_return_one(x)
[12:09:59.934] [INFO] [run] subject=8, session=5, speed=2, trial=5, x__rid_x=ca22587b8546411c: dummy_return_one(x)
[12:09:59.935] [INFO] [run] subject=8, session=5, speed=2, trial=6, x__rid_x=a47fa8dcfa9cebec: dummy_return_one(x)
[12:09:59.936] [INFO] [run] subject=8, session=5, speed=2, trial=7, x__rid_x=7ec2406439d7b3a4: dummy_return_one(x)
[12:09:59.936] [INFO] [run] subject=8, session=5, speed=3, trial=1, x__rid_x=b79149dcc642d26f: dummy_return_one(x)
[12:09:59.937] [INFO] [run] subject=8, session=5, speed=3, trial=2, x__rid_x=9175f7effb957230: dummy_return_one(x)
[12:09:59.938] [INFO] [run] subject=8, session=5, speed=3, trial=3, x__rid_x=8b408bece9faad3a: dummy_return_one(x)
[12:09:59.938] [INFO] [run] subject=8, session=5, speed=3, trial=4, x__rid_x=1c13818418c9cade: dummy_return_one(x)
[12:09:59.939] [INFO] [run] subject=8, session=5, speed=3, trial=5, x__rid_x=6ac1c7ba27593467: dummy_return_one(x)
[12:09:59.939] [INFO] [run] subject=8, session=5, speed=3, trial=6, x__rid_x=8eebcdffa8376152: dummy_return_one(x)
[12:09:59.940] [INFO] [run] subject=8, session=5, speed=3, trial=7, x__rid_x=f977449b2c3ac6a0: dummy_return_one(x)
[12:09:59.940] [INFO] [run] subject=8, session=5, speed=4, trial=1, x__rid_x=d5ba1b252273ff13: dummy_return_one(x)
[12:09:59.941] [INFO] [run] subject=8, session=5, speed=4, trial=2, x__rid_x=b45d10fcf61dde6e: dummy_return_one(x)
[12:09:59.942] [INFO] [run] subject=8, session=5, speed=4, trial=3, x__rid_x=0ee0aa15433f8f83: dummy_return_one(x)
[12:09:59.942] [INFO] [run] subject=8, session=5, speed=4, trial=4, x__rid_x=c1b3e63f9e1aa57a: dummy_return_one(x)
[12:09:59.943] [INFO] [run] subject=8, session=5, speed=4, trial=5, x__rid_x=bc551dad23c6b892: dummy_return_one(x)
[12:09:59.944] [INFO] [run] subject=8, session=5, speed=4, trial=6, x__rid_x=5cfd1265ca97425d: dummy_return_one(x)
[12:09:59.944] [INFO] [run] subject=8, session=5, speed=4, trial=7, x__rid_x=7fd3840298f03b2b: dummy_return_one(x)
[12:09:59.945] [INFO] [run] subject=8, session=5, speed=5, trial=1, x__rid_x=a59a876857792ca9: dummy_return_one(x)
[12:09:59.945] [INFO] [run] subject=8, session=5, speed=5, trial=2, x__rid_x=f033cdd3d24a7356: dummy_return_one(x)
[12:09:59.946] [INFO] [run] subject=8, session=5, speed=5, trial=3, x__rid_x=4bb7e6c90063c367: dummy_return_one(x)
[12:09:59.947] [INFO] [run] subject=8, session=5, speed=5, trial=4, x__rid_x=6fc6bca2527ffd93: dummy_return_one(x)
[12:09:59.948] [INFO] [run] subject=8, session=5, speed=5, trial=5, x__rid_x=05c51a87a9958d90: dummy_return_one(x)
[12:09:59.948] [INFO] [run] subject=8, session=5, speed=5, trial=6, x__rid_x=db5ad51e4698042e: dummy_return_one(x)
[12:09:59.949] [INFO] [run] subject=8, session=5, speed=5, trial=7, x__rid_x=d099cbd510777a48: dummy_return_one(x)
[12:09:59.950] [INFO] [run] subject=8, session=5, speed=6, trial=1, x__rid_x=0d979a4cd6acfa39: dummy_return_one(x)
[12:09:59.950] [INFO] [run] subject=8, session=5, speed=6, trial=2, x__rid_x=dc09104bc27b67da: dummy_return_one(x)
[12:09:59.951] [INFO] [run] subject=8, session=5, speed=6, trial=3, x__rid_x=f617bcf184ab6197: dummy_return_one(x)
[12:09:59.952] [INFO] [run] subject=8, session=5, speed=6, trial=4, x__rid_x=bf7d2476a17cf48f: dummy_return_one(x)
[12:09:59.952] [INFO] [run] subject=8, session=5, speed=6, trial=5, x__rid_x=5a9b606654fcc694: dummy_return_one(x)
[12:09:59.953] [INFO] [run] subject=8, session=5, speed=6, trial=6, x__rid_x=98a2d2fec77efba3: dummy_return_one(x)
[12:09:59.954] [INFO] [run] subject=8, session=5, speed=6, trial=7, x__rid_x=94321e75cf232b57: dummy_return_one(x)
[12:09:59.954] [INFO] [run] subject=8, session=5, speed=7, trial=1, x__rid_x=b8cecd7e7e000a00: dummy_return_one(x)
[12:09:59.955] [INFO] [run] subject=8, session=5, speed=7, trial=2, x__rid_x=783b00e8f40b2910: dummy_return_one(x)
[12:09:59.956] [INFO] [run] subject=8, session=5, speed=7, trial=3, x__rid_x=c9cd8f5ef23fd11c: dummy_return_one(x)
[12:09:59.956] [INFO] [run] subject=8, session=5, speed=7, trial=4, x__rid_x=c279183e6482d4e6: dummy_return_one(x)
[12:09:59.957] [INFO] [run] subject=8, session=5, speed=7, trial=5, x__rid_x=7b001b083c79199d: dummy_return_one(x)
[12:09:59.958] [INFO] [run] subject=8, session=5, speed=7, trial=6, x__rid_x=3caad28b0a01e6e4: dummy_return_one(x)
[12:09:59.958] [INFO] [run] subject=8, session=5, speed=7, trial=7, x__rid_x=44ab7df10e5b6c1e: dummy_return_one(x)
[12:09:59.959] [INFO] [run] subject=8, session=5, speed=8, trial=1, x__rid_x=4f3de9c78ee58674: dummy_return_one(x)
[12:09:59.960] [INFO] [run] subject=8, session=5, speed=8, trial=2, x__rid_x=771900380441d94a: dummy_return_one(x)
[12:09:59.960] [INFO] [run] subject=8, session=5, speed=8, trial=3, x__rid_x=80e49efc84b8af0d: dummy_return_one(x)
[12:09:59.961] [INFO] [run] subject=8, session=5, speed=8, trial=4, x__rid_x=6ef3ceea051dc1d0: dummy_return_one(x)
[12:09:59.961] [INFO] [run] subject=8, session=5, speed=8, trial=5, x__rid_x=247405f211a9dadc: dummy_return_one(x)
[12:09:59.962] [INFO] [run] subject=8, session=5, speed=8, trial=6, x__rid_x=77985a1656a51f4f: dummy_return_one(x)
[12:09:59.963] [INFO] [run] subject=8, session=5, speed=8, trial=7, x__rid_x=4ef85e4f956da98b: dummy_return_one(x)
[12:09:59.964] [INFO] [run] subject=8, session=5, speed=9, trial=1, x__rid_x=d7d81e6740c928c1: dummy_return_one(x)
[12:09:59.964] [INFO] [run] subject=8, session=5, speed=9, trial=2, x__rid_x=aa15cac98bcb4a30: dummy_return_one(x)
[12:09:59.965] [INFO] [run] subject=8, session=5, speed=9, trial=3, x__rid_x=fe80d197650e48a5: dummy_return_one(x)
[12:09:59.966] [INFO] [run] subject=8, session=5, speed=9, trial=4, x__rid_x=d0c057706d061565: dummy_return_one(x)
[12:09:59.967] [INFO] [run] subject=8, session=5, speed=9, trial=5, x__rid_x=6c6da34041576104: dummy_return_one(x)
[12:09:59.967] [INFO] [run] subject=8, session=5, speed=9, trial=6, x__rid_x=bcbfeeb79736ae5a: dummy_return_one(x)
[12:09:59.968] [INFO] [run] subject=8, session=5, speed=9, trial=7, x__rid_x=ad6e1dd39fa01edd: dummy_return_one(x)
[12:09:59.968] [INFO] [run] subject=9, session=1, speed=1, trial=1, x__rid_x=22665eb0a4bfec6c: dummy_return_one(x)
[12:09:59.969] [INFO] [run] subject=9, session=1, speed=1, trial=2, x__rid_x=1f4f4b5d58a4e849: dummy_return_one(x)
[12:09:59.970] [INFO] [run] subject=9, session=1, speed=1, trial=3, x__rid_x=25618d19c9077519: dummy_return_one(x)
[12:09:59.971] [INFO] [run] subject=9, session=1, speed=1, trial=4, x__rid_x=7d36e92cca51139f: dummy_return_one(x)
[12:09:59.971] [INFO] [run] subject=9, session=1, speed=1, trial=5, x__rid_x=9543d928060d8f1d: dummy_return_one(x)
[12:09:59.972] [INFO] [run] subject=9, session=1, speed=1, trial=6, x__rid_x=732de141b68d09fb: dummy_return_one(x)
[12:09:59.973] [INFO] [run] subject=9, session=1, speed=1, trial=7, x__rid_x=275d8d8ad34ef710: dummy_return_one(x)
[12:09:59.973] [INFO] [run] subject=9, session=1, speed=10, trial=1, x__rid_x=fb407e4e0292f73a: dummy_return_one(x)
[12:09:59.974] [INFO] [run] subject=9, session=1, speed=10, trial=2, x__rid_x=9b179090bd6725a6: dummy_return_one(x)
[12:09:59.975] [INFO] [run] subject=9, session=1, speed=10, trial=3, x__rid_x=b924af7765476249: dummy_return_one(x)
[12:09:59.975] [INFO] [run] subject=9, session=1, speed=10, trial=4, x__rid_x=c664bf6ce9b6d46e: dummy_return_one(x)
[12:09:59.976] [INFO] [run] subject=9, session=1, speed=10, trial=5, x__rid_x=1ccb2f1bd56863fa: dummy_return_one(x)
[12:09:59.976] [INFO] [run] subject=9, session=1, speed=10, trial=6, x__rid_x=bf7e9abae51ea818: dummy_return_one(x)
[12:09:59.977] [INFO] [run] subject=9, session=1, speed=10, trial=7, x__rid_x=7441cb0c16ce2c30: dummy_return_one(x)
[12:09:59.978] [INFO] [run] subject=9, session=1, speed=2, trial=1, x__rid_x=aded81e521bda4c3: dummy_return_one(x)
[12:09:59.978] [INFO] [run] subject=9, session=1, speed=2, trial=2, x__rid_x=8b6b79377bb3a49f: dummy_return_one(x)
[12:09:59.979] [INFO] [run] subject=9, session=1, speed=2, trial=3, x__rid_x=4cae2192c13b2062: dummy_return_one(x)
[12:09:59.979] [INFO] [run] subject=9, session=1, speed=2, trial=4, x__rid_x=c8e587e5851b482c: dummy_return_one(x)
[12:09:59.980] [INFO] [run] subject=9, session=1, speed=2, trial=5, x__rid_x=0ba52dcd70c0ef79: dummy_return_one(x)
[12:09:59.981] [INFO] [run] subject=9, session=1, speed=2, trial=6, x__rid_x=97baff871f0a565f: dummy_return_one(x)
[12:09:59.982] [INFO] [run] subject=9, session=1, speed=2, trial=7, x__rid_x=75218892b1657395: dummy_return_one(x)
[12:09:59.982] [INFO] [run] subject=9, session=1, speed=3, trial=1, x__rid_x=bc5a95e10ef8046b: dummy_return_one(x)
[12:09:59.983] [INFO] [run] subject=9, session=1, speed=3, trial=2, x__rid_x=d07878e2f6432b9a: dummy_return_one(x)
[12:09:59.983] [INFO] [run] subject=9, session=1, speed=3, trial=3, x__rid_x=a3ea4897575bb936: dummy_return_one(x)
[12:09:59.984] [INFO] [run] subject=9, session=1, speed=3, trial=4, x__rid_x=82dcdb2ab7ebc41f: dummy_return_one(x)
[12:09:59.984] [INFO] [run] subject=9, session=1, speed=3, trial=5, x__rid_x=14cf19fc4e490734: dummy_return_one(x)
[12:09:59.985] [INFO] [run] subject=9, session=1, speed=3, trial=6, x__rid_x=80ae9af4be67445e: dummy_return_one(x)
[12:09:59.986] [INFO] [run] subject=9, session=1, speed=3, trial=7, x__rid_x=6155f00b688bbafb: dummy_return_one(x)
[12:09:59.986] [INFO] [run] subject=9, session=1, speed=4, trial=1, x__rid_x=bffc3bcb1191bf1c: dummy_return_one(x)
[12:09:59.987] [INFO] [run] subject=9, session=1, speed=4, trial=2, x__rid_x=ccd53e50387d4a04: dummy_return_one(x)
[12:09:59.988] [INFO] [run] subject=9, session=1, speed=4, trial=3, x__rid_x=611f0581a9dd716f: dummy_return_one(x)
[12:09:59.988] [INFO] [run] subject=9, session=1, speed=4, trial=4, x__rid_x=bbfd124454b17b8f: dummy_return_one(x)
[12:09:59.989] [INFO] [run] subject=9, session=1, speed=4, trial=5, x__rid_x=270aafd67a6f99db: dummy_return_one(x)
[12:09:59.990] [INFO] [run] subject=9, session=1, speed=4, trial=6, x__rid_x=bdd21580258cfc6f: dummy_return_one(x)
[12:09:59.991] [INFO] [run] subject=9, session=1, speed=4, trial=7, x__rid_x=8429a27e5b62a374: dummy_return_one(x)
[12:09:59.991] [INFO] [run] subject=9, session=1, speed=5, trial=1, x__rid_x=7f4893078842a30b: dummy_return_one(x)
[12:09:59.992] [INFO] [run] subject=9, session=1, speed=5, trial=2, x__rid_x=0e03e18639b10d6a: dummy_return_one(x)
[12:09:59.993] [INFO] [run] subject=9, session=1, speed=5, trial=3, x__rid_x=130b0938158cc3d2: dummy_return_one(x)
[12:09:59.993] [INFO] [run] subject=9, session=1, speed=5, trial=4, x__rid_x=56fbe9b064d7284e: dummy_return_one(x)
[12:09:59.994] [INFO] [run] subject=9, session=1, speed=5, trial=5, x__rid_x=2d735862bd02598f: dummy_return_one(x)
[12:09:59.994] [INFO] [run] subject=9, session=1, speed=5, trial=6, x__rid_x=424a6ebb204f89fb: dummy_return_one(x)
[12:09:59.995] [INFO] [run] subject=9, session=1, speed=5, trial=7, x__rid_x=b0d53e38faa82eee: dummy_return_one(x)
[12:09:59.996] [INFO] [run] subject=9, session=1, speed=6, trial=1, x__rid_x=18967dad7808eae6: dummy_return_one(x)
[12:09:59.997] [INFO] [run] subject=9, session=1, speed=6, trial=2, x__rid_x=4e0d8b5b7fa0eb9b: dummy_return_one(x)
[12:09:59.998] [INFO] [run] subject=9, session=1, speed=6, trial=3, x__rid_x=223839e982f36456: dummy_return_one(x)
[12:09:59.998] [INFO] [run] subject=9, session=1, speed=6, trial=4, x__rid_x=ba01d3aadec74d32: dummy_return_one(x)
[12:09:59.999] [INFO] [run] subject=9, session=1, speed=6, trial=5, x__rid_x=90ca5e2960a87e32: dummy_return_one(x)
[12:10:00.000] [INFO] [run] subject=9, session=1, speed=6, trial=6, x__rid_x=a630a80756e4b4a2: dummy_return_one(x)
[12:10:00.000] [INFO] [run] subject=9, session=1, speed=6, trial=7, x__rid_x=badfc7765e9bfd60: dummy_return_one(x)
[12:10:00.001] [INFO] [run] subject=9, session=1, speed=7, trial=1, x__rid_x=5c3f4e4cb7b4f6d4: dummy_return_one(x)
[12:10:00.002] [INFO] [run] subject=9, session=1, speed=7, trial=2, x__rid_x=fcd86e7833fd8683: dummy_return_one(x)
[12:10:00.002] [INFO] [run] subject=9, session=1, speed=7, trial=3, x__rid_x=e2b1b1c039cf11ef: dummy_return_one(x)
[12:10:00.003] [INFO] [run] subject=9, session=1, speed=7, trial=4, x__rid_x=fc99c73a1ec6f0cf: dummy_return_one(x)
[12:10:00.003] [INFO] [run] subject=9, session=1, speed=7, trial=5, x__rid_x=5b4b30f05c38be83: dummy_return_one(x)
[12:10:00.004] [INFO] [run] subject=9, session=1, speed=7, trial=6, x__rid_x=e3fe901408e1f742: dummy_return_one(x)
[12:10:00.005] [INFO] [run] subject=9, session=1, speed=7, trial=7, x__rid_x=2f1a230359f29b6e: dummy_return_one(x)
[12:10:00.005] [INFO] [run] subject=9, session=1, speed=8, trial=1, x__rid_x=71a2776c7e278c5b: dummy_return_one(x)
[12:10:00.006] [INFO] [run] subject=9, session=1, speed=8, trial=2, x__rid_x=16f5a05d16555dc1: dummy_return_one(x)
[12:10:00.007] [INFO] [run] subject=9, session=1, speed=8, trial=3, x__rid_x=455566971f409b94: dummy_return_one(x)
[12:10:00.007] [INFO] [run] subject=9, session=1, speed=8, trial=4, x__rid_x=93271acbd796bbf6: dummy_return_one(x)
[12:10:00.008] [INFO] [run] subject=9, session=1, speed=8, trial=5, x__rid_x=9038f5ecd96bc3ec: dummy_return_one(x)
[12:10:00.009] [INFO] [run] subject=9, session=1, speed=8, trial=6, x__rid_x=380767def7495400: dummy_return_one(x)
[12:10:00.009] [INFO] [run] subject=9, session=1, speed=8, trial=7, x__rid_x=d109f4e4b9a1e9c2: dummy_return_one(x)
[12:10:00.010] [INFO] [run] subject=9, session=1, speed=9, trial=1, x__rid_x=56b3c468c7af6c98: dummy_return_one(x)
[12:10:00.010] [INFO] [run] subject=9, session=1, speed=9, trial=2, x__rid_x=e74f19a655662ba6: dummy_return_one(x)
[12:10:00.011] [INFO] [run] subject=9, session=1, speed=9, trial=3, x__rid_x=d23b5e7f06a7bd32: dummy_return_one(x)
[12:10:00.012] [INFO] [run] subject=9, session=1, speed=9, trial=4, x__rid_x=90294c6fbfb7ede8: dummy_return_one(x)
[12:10:00.012] [INFO] [run] subject=9, session=1, speed=9, trial=5, x__rid_x=1033339dbded0856: dummy_return_one(x)
[12:10:00.013] [INFO] [run] subject=9, session=1, speed=9, trial=6, x__rid_x=6f10cc6f72ec6d96: dummy_return_one(x)
[12:10:00.014] [INFO] [run] subject=9, session=1, speed=9, trial=7, x__rid_x=d723625c6365c9bc: dummy_return_one(x)
[12:10:00.015] [INFO] [run] subject=9, session=2, speed=1, trial=1, x__rid_x=bda98854f2d8a8c3: dummy_return_one(x)
[12:10:00.015] [INFO] [run] subject=9, session=2, speed=1, trial=2, x__rid_x=30f08086dee4df99: dummy_return_one(x)
[12:10:00.016] [INFO] [run] subject=9, session=2, speed=1, trial=3, x__rid_x=5c99cfb7492b2f00: dummy_return_one(x)
[12:10:00.017] [INFO] [run] subject=9, session=2, speed=1, trial=4, x__rid_x=022ad726908752a3: dummy_return_one(x)
[12:10:00.017] [INFO] [run] subject=9, session=2, speed=1, trial=5, x__rid_x=86d1db94fb3e81f2: dummy_return_one(x)
[12:10:00.018] [INFO] [run] subject=9, session=2, speed=1, trial=6, x__rid_x=7aae91e48f5b3c06: dummy_return_one(x)
[12:10:00.018] [INFO] [run] subject=9, session=2, speed=1, trial=7, x__rid_x=32f5e7e390aff7a8: dummy_return_one(x)
[12:10:00.019] [INFO] [run] subject=9, session=2, speed=10, trial=1, x__rid_x=9e2733dd9fc71930: dummy_return_one(x)
[12:10:00.020] [INFO] [run] subject=9, session=2, speed=10, trial=2, x__rid_x=75cdd74765420242: dummy_return_one(x)
[12:10:00.020] [INFO] [run] subject=9, session=2, speed=10, trial=3, x__rid_x=0eb66d9ccc9dfed1: dummy_return_one(x)
[12:10:00.021] [INFO] [run] subject=9, session=2, speed=10, trial=4, x__rid_x=e596c66fae868607: dummy_return_one(x)
[12:10:00.022] [INFO] [run] subject=9, session=2, speed=10, trial=5, x__rid_x=2c481fc9c49542b4: dummy_return_one(x)
[12:10:00.022] [INFO] [run] subject=9, session=2, speed=10, trial=6, x__rid_x=89096826a71c9fd3: dummy_return_one(x)
[12:10:00.023] [INFO] [run] subject=9, session=2, speed=10, trial=7, x__rid_x=0c1888a89a245399: dummy_return_one(x)
[12:10:00.023] [INFO] [run] subject=9, session=2, speed=2, trial=1, x__rid_x=a2145aa08bff30cf: dummy_return_one(x)
[12:10:00.024] [INFO] [run] subject=9, session=2, speed=2, trial=2, x__rid_x=a03addb411764488: dummy_return_one(x)
[12:10:00.025] [INFO] [run] subject=9, session=2, speed=2, trial=3, x__rid_x=7f1c0933bad85c08: dummy_return_one(x)
[12:10:00.025] [INFO] [run] subject=9, session=2, speed=2, trial=4, x__rid_x=290acd82b6f29a5a: dummy_return_one(x)
[12:10:00.026] [INFO] [run] subject=9, session=2, speed=2, trial=5, x__rid_x=980216fdc0e34449: dummy_return_one(x)
[12:10:00.026] [INFO] [run] subject=9, session=2, speed=2, trial=6, x__rid_x=8f455ab1d4006c0e: dummy_return_one(x)
[12:10:00.027] [INFO] [run] subject=9, session=2, speed=2, trial=7, x__rid_x=a723633e4fde1e6c: dummy_return_one(x)
[12:10:00.028] [INFO] [run] subject=9, session=2, speed=3, trial=1, x__rid_x=24655041b9cc9925: dummy_return_one(x)
[12:10:00.028] [INFO] [run] subject=9, session=2, speed=3, trial=2, x__rid_x=1bf137e7b49e69aa: dummy_return_one(x)
[12:10:00.029] [INFO] [run] subject=9, session=2, speed=3, trial=3, x__rid_x=d95bb1230daefa5e: dummy_return_one(x)
[12:10:00.030] [INFO] [run] subject=9, session=2, speed=3, trial=4, x__rid_x=7029321a22bb91c8: dummy_return_one(x)
[12:10:00.031] [INFO] [run] subject=9, session=2, speed=3, trial=5, x__rid_x=a2f598e1f73eb6ae: dummy_return_one(x)
[12:10:00.032] [INFO] [run] subject=9, session=2, speed=3, trial=6, x__rid_x=a83a40243053c301: dummy_return_one(x)
[12:10:00.032] [INFO] [run] subject=9, session=2, speed=3, trial=7, x__rid_x=6f7fd994a3d345a7: dummy_return_one(x)
[12:10:00.033] [INFO] [run] subject=9, session=2, speed=4, trial=1, x__rid_x=ac8f6efb4374e7c6: dummy_return_one(x)
[12:10:00.034] [INFO] [run] subject=9, session=2, speed=4, trial=2, x__rid_x=ae18a15671050049: dummy_return_one(x)
[12:10:00.034] [INFO] [run] subject=9, session=2, speed=4, trial=3, x__rid_x=472cd84654875b57: dummy_return_one(x)
[12:10:00.035] [INFO] [run] subject=9, session=2, speed=4, trial=4, x__rid_x=0a6ddcb7cc3022b6: dummy_return_one(x)
[12:10:00.036] [INFO] [run] subject=9, session=2, speed=4, trial=5, x__rid_x=f45e6fd2e4bc0372: dummy_return_one(x)
[12:10:00.036] [INFO] [run] subject=9, session=2, speed=4, trial=6, x__rid_x=776a69bfa3543e3e: dummy_return_one(x)
[12:10:00.037] [INFO] [run] subject=9, session=2, speed=4, trial=7, x__rid_x=336dcf0ed0b73aa0: dummy_return_one(x)
[12:10:00.038] [INFO] [run] subject=9, session=2, speed=5, trial=1, x__rid_x=43a4be69eed2e0fd: dummy_return_one(x)
[12:10:00.039] [INFO] [run] subject=9, session=2, speed=5, trial=2, x__rid_x=8ad5aeb33912da02: dummy_return_one(x)
[12:10:00.039] [INFO] [run] subject=9, session=2, speed=5, trial=3, x__rid_x=83ddc9c9d7d603cc: dummy_return_one(x)
[12:10:00.040] [INFO] [run] subject=9, session=2, speed=5, trial=4, x__rid_x=f8317fe7f0ac6d2d: dummy_return_one(x)
[12:10:00.040] [INFO] [run] subject=9, session=2, speed=5, trial=5, x__rid_x=3a91120a4629e318: dummy_return_one(x)
[12:10:00.041] [INFO] [run] subject=9, session=2, speed=5, trial=6, x__rid_x=c3d6b56ca13c5203: dummy_return_one(x)
[12:10:00.042] [INFO] [run] subject=9, session=2, speed=5, trial=7, x__rid_x=be78078600b34725: dummy_return_one(x)
[12:10:00.042] [INFO] [run] subject=9, session=2, speed=6, trial=1, x__rid_x=9b7029ceed527685: dummy_return_one(x)
[12:10:00.043] [INFO] [run] subject=9, session=2, speed=6, trial=2, x__rid_x=5f329f71974ff2d1: dummy_return_one(x)
[12:10:00.044] [INFO] [run] subject=9, session=2, speed=6, trial=3, x__rid_x=bf7e25fefc281c59: dummy_return_one(x)
[12:10:00.044] [INFO] [run] subject=9, session=2, speed=6, trial=4, x__rid_x=f0439452ddfd52ea: dummy_return_one(x)
[12:10:00.045] [INFO] [run] subject=9, session=2, speed=6, trial=5, x__rid_x=6e9aa7f7e11815de: dummy_return_one(x)
[12:10:00.046] [INFO] [run] subject=9, session=2, speed=6, trial=6, x__rid_x=99d917146f59b9aa: dummy_return_one(x)
[12:10:00.046] [INFO] [run] subject=9, session=2, speed=6, trial=7, x__rid_x=cb420d46a4bdd2ac: dummy_return_one(x)
[12:10:00.047] [INFO] [run] subject=9, session=2, speed=7, trial=1, x__rid_x=15bd5c850b89d0a1: dummy_return_one(x)
[12:10:00.048] [INFO] [run] subject=9, session=2, speed=7, trial=2, x__rid_x=c4af270d2c9152fc: dummy_return_one(x)
[12:10:00.049] [INFO] [run] subject=9, session=2, speed=7, trial=3, x__rid_x=3ee0a78f939246d6: dummy_return_one(x)
[12:10:00.049] [INFO] [run] subject=9, session=2, speed=7, trial=4, x__rid_x=9fba9383ad4ded38: dummy_return_one(x)
[12:10:00.050] [INFO] [run] subject=9, session=2, speed=7, trial=5, x__rid_x=a20c6c41108c5cba: dummy_return_one(x)
[12:10:00.051] [INFO] [run] subject=9, session=2, speed=7, trial=6, x__rid_x=64f446c3a0d88af3: dummy_return_one(x)
[12:10:00.051] [INFO] [run] subject=9, session=2, speed=7, trial=7, x__rid_x=016a4709f8816af8: dummy_return_one(x)
[12:10:00.052] [INFO] [run] subject=9, session=2, speed=8, trial=1, x__rid_x=dc990cd463d0dc59: dummy_return_one(x)
[12:10:00.053] [INFO] [run] subject=9, session=2, speed=8, trial=2, x__rid_x=d41236f01304d5f7: dummy_return_one(x)
[12:10:00.053] [INFO] [run] subject=9, session=2, speed=8, trial=3, x__rid_x=2371dc70d2a23869: dummy_return_one(x)
[12:10:00.054] [INFO] [run] subject=9, session=2, speed=8, trial=4, x__rid_x=6ebe135db1ae1ce9: dummy_return_one(x)
[12:10:00.054] [INFO] [run] subject=9, session=2, speed=8, trial=5, x__rid_x=70254e001140cd65: dummy_return_one(x)
[12:10:00.055] [INFO] [run] subject=9, session=2, speed=8, trial=6, x__rid_x=00d8dd991c307086: dummy_return_one(x)
[12:10:00.056] [INFO] [run] subject=9, session=2, speed=8, trial=7, x__rid_x=2fbf2bd29274d003: dummy_return_one(x)
[12:10:00.056] [INFO] [run] subject=9, session=2, speed=9, trial=1, x__rid_x=4d37189c4a5c904e: dummy_return_one(x)
[12:10:00.057] [INFO] [run] subject=9, session=2, speed=9, trial=2, x__rid_x=dd8324fe831aefc5: dummy_return_one(x)
[12:10:00.057] [INFO] [run] subject=9, session=2, speed=9, trial=3, x__rid_x=adaa51ed646c5329: dummy_return_one(x)
[12:10:00.058] [INFO] [run] subject=9, session=2, speed=9, trial=4, x__rid_x=e1deb12f4dc05c3a: dummy_return_one(x)
[12:10:00.059] [INFO] [run] subject=9, session=2, speed=9, trial=5, x__rid_x=cfe7b5fcc3f01e60: dummy_return_one(x)
[12:10:00.059] [INFO] [run] subject=9, session=2, speed=9, trial=6, x__rid_x=38b9a38c0f072342: dummy_return_one(x)
[12:10:00.060] [INFO] [run] subject=9, session=2, speed=9, trial=7, x__rid_x=84eda91175b3d9b2: dummy_return_one(x)
[12:10:00.060] [INFO] [run] subject=9, session=3, speed=1, trial=1, x__rid_x=e15eb738df1a28ab: dummy_return_one(x)
[12:10:00.061] [INFO] [run] subject=9, session=3, speed=1, trial=2, x__rid_x=e3c3f37d2098f268: dummy_return_one(x)
[12:10:00.062] [INFO] [run] subject=9, session=3, speed=1, trial=3, x__rid_x=184493a66ce62b4a: dummy_return_one(x)
[12:10:00.062] [INFO] [run] subject=9, session=3, speed=1, trial=4, x__rid_x=8d8f267e2a59e014: dummy_return_one(x)
[12:10:00.063] [INFO] [run] subject=9, session=3, speed=1, trial=5, x__rid_x=c2ed2bd68f7e46eb: dummy_return_one(x)
[12:10:00.064] [INFO] [run] subject=9, session=3, speed=1, trial=6, x__rid_x=6cba6a32916d3583: dummy_return_one(x)
[12:10:00.065] [INFO] [run] subject=9, session=3, speed=1, trial=7, x__rid_x=c62825f4aa9bfd32: dummy_return_one(x)
[12:10:00.065] [INFO] [run] subject=9, session=3, speed=10, trial=1, x__rid_x=614d942c2295b5e3: dummy_return_one(x)
[12:10:00.066] [INFO] [run] subject=9, session=3, speed=10, trial=2, x__rid_x=5aa72d47767b12f2: dummy_return_one(x)
[12:10:00.067] [INFO] [run] subject=9, session=3, speed=10, trial=3, x__rid_x=bf5ebdce688a0b7f: dummy_return_one(x)
[12:10:00.068] [INFO] [run] subject=9, session=3, speed=10, trial=4, x__rid_x=215d54785970e065: dummy_return_one(x)
[12:10:00.068] [INFO] [run] subject=9, session=3, speed=10, trial=5, x__rid_x=e3e23886dca2c719: dummy_return_one(x)
[12:10:00.069] [INFO] [run] subject=9, session=3, speed=10, trial=6, x__rid_x=187758a1d7a8c111: dummy_return_one(x)
[12:10:00.070] [INFO] [run] subject=9, session=3, speed=10, trial=7, x__rid_x=c95fc3ea0ff67150: dummy_return_one(x)
[12:10:00.070] [INFO] [run] subject=9, session=3, speed=2, trial=1, x__rid_x=62f3ba4cdf103633: dummy_return_one(x)
[12:10:00.071] [INFO] [run] subject=9, session=3, speed=2, trial=2, x__rid_x=dfcaeaa5e938b1ce: dummy_return_one(x)
[12:10:00.071] [INFO] [run] subject=9, session=3, speed=2, trial=3, x__rid_x=430e5be0aaadc44c: dummy_return_one(x)
[12:10:00.072] [INFO] [run] subject=9, session=3, speed=2, trial=4, x__rid_x=69ff4b655e6461a6: dummy_return_one(x)
[12:10:00.073] [INFO] [run] subject=9, session=3, speed=2, trial=5, x__rid_x=db97e5f9fcd4e34f: dummy_return_one(x)
[12:10:00.073] [INFO] [run] subject=9, session=3, speed=2, trial=6, x__rid_x=98616f172844feb7: dummy_return_one(x)
[12:10:00.074] [INFO] [run] subject=9, session=3, speed=2, trial=7, x__rid_x=ff91eeadd9cf95ed: dummy_return_one(x)
[12:10:00.075] [INFO] [run] subject=9, session=3, speed=3, trial=1, x__rid_x=71ead2dbdfa265e1: dummy_return_one(x)
[12:10:00.075] [INFO] [run] subject=9, session=3, speed=3, trial=2, x__rid_x=ca8a343176529d11: dummy_return_one(x)
[12:10:00.076] [INFO] [run] subject=9, session=3, speed=3, trial=3, x__rid_x=037e7c0b89cce055: dummy_return_one(x)
[12:10:00.077] [INFO] [run] subject=9, session=3, speed=3, trial=4, x__rid_x=62360e915e045e67: dummy_return_one(x)
[12:10:00.077] [INFO] [run] subject=9, session=3, speed=3, trial=5, x__rid_x=f0ed3f5912e0a885: dummy_return_one(x)
[12:10:00.078] [INFO] [run] subject=9, session=3, speed=3, trial=6, x__rid_x=bd9eab2e0bf26095: dummy_return_one(x)
[12:10:00.079] [INFO] [run] subject=9, session=3, speed=3, trial=7, x__rid_x=2f6128f17d57e6d4: dummy_return_one(x)
[12:10:00.079] [INFO] [run] subject=9, session=3, speed=4, trial=1, x__rid_x=8c56a20e01353f78: dummy_return_one(x)
[12:10:00.080] [INFO] [run] subject=9, session=3, speed=4, trial=2, x__rid_x=3ee6047971482a48: dummy_return_one(x)
[12:10:00.081] [INFO] [run] subject=9, session=3, speed=4, trial=3, x__rid_x=cf5b5114a0cbeb94: dummy_return_one(x)
[12:10:00.082] [INFO] [run] subject=9, session=3, speed=4, trial=4, x__rid_x=41a793c5b0d5f6da: dummy_return_one(x)
[12:10:00.082] [INFO] [run] subject=9, session=3, speed=4, trial=5, x__rid_x=0e58ade048303228: dummy_return_one(x)
[12:10:00.083] [INFO] [run] subject=9, session=3, speed=4, trial=6, x__rid_x=358883ddb12723a5: dummy_return_one(x)
[12:10:00.083] [INFO] [run] subject=9, session=3, speed=4, trial=7, x__rid_x=aca5cd2fa2c63939: dummy_return_one(x)
[12:10:00.084] [INFO] [run] subject=9, session=3, speed=5, trial=1, x__rid_x=8e27d78d1b5b43aa: dummy_return_one(x)
[12:10:00.085] [INFO] [run] subject=9, session=3, speed=5, trial=2, x__rid_x=455df449bda25728: dummy_return_one(x)
[12:10:00.085] [INFO] [run] subject=9, session=3, speed=5, trial=3, x__rid_x=aaf890de1335db14: dummy_return_one(x)
[12:10:00.086] [INFO] [run] subject=9, session=3, speed=5, trial=4, x__rid_x=7bccfe071946bdf1: dummy_return_one(x)
[12:10:00.086] [INFO] [run] subject=9, session=3, speed=5, trial=5, x__rid_x=a7563886607caec4: dummy_return_one(x)
[12:10:00.087] [INFO] [run] subject=9, session=3, speed=5, trial=6, x__rid_x=689519665e47df10: dummy_return_one(x)
[12:10:00.088] [INFO] [run] subject=9, session=3, speed=5, trial=7, x__rid_x=f413edef6d611c84: dummy_return_one(x)
[12:10:00.088] [INFO] [run] subject=9, session=3, speed=6, trial=1, x__rid_x=2651089cc4fbc6cb: dummy_return_one(x)
[12:10:00.089] [INFO] [run] subject=9, session=3, speed=6, trial=2, x__rid_x=3a62f795d689cfd0: dummy_return_one(x)
[12:10:00.090] [INFO] [run] subject=9, session=3, speed=6, trial=3, x__rid_x=46d50b57b7805f34: dummy_return_one(x)
[12:10:00.090] [INFO] [run] subject=9, session=3, speed=6, trial=4, x__rid_x=eec70d6294f406b2: dummy_return_one(x)
[12:10:00.091] [INFO] [run] subject=9, session=3, speed=6, trial=5, x__rid_x=2a25e2dbcdbbd91f: dummy_return_one(x)
[12:10:00.091] [INFO] [run] subject=9, session=3, speed=6, trial=6, x__rid_x=fa175f803d3e003e: dummy_return_one(x)
[12:10:00.092] [INFO] [run] subject=9, session=3, speed=6, trial=7, x__rid_x=6f38f6fc11399999: dummy_return_one(x)
[12:10:00.093] [INFO] [run] subject=9, session=3, speed=7, trial=1, x__rid_x=0960590947ba74ff: dummy_return_one(x)
[12:10:00.093] [INFO] [run] subject=9, session=3, speed=7, trial=2, x__rid_x=c639ee59f2490bd9: dummy_return_one(x)
[12:10:00.094] [INFO] [run] subject=9, session=3, speed=7, trial=3, x__rid_x=7ef75dcd24f34067: dummy_return_one(x)
[12:10:00.095] [INFO] [run] subject=9, session=3, speed=7, trial=4, x__rid_x=a2d44fcc57dfcd0a: dummy_return_one(x)
[12:10:00.095] [INFO] [run] subject=9, session=3, speed=7, trial=5, x__rid_x=03e86f9c157425ff: dummy_return_one(x)
[12:10:00.096] [INFO] [run] subject=9, session=3, speed=7, trial=6, x__rid_x=a92273760dd3f303: dummy_return_one(x)
[12:10:00.097] [INFO] [run] subject=9, session=3, speed=7, trial=7, x__rid_x=eb41e8374d6a1187: dummy_return_one(x)
[12:10:00.098] [INFO] [run] subject=9, session=3, speed=8, trial=1, x__rid_x=0d41bd3bed5c45e6: dummy_return_one(x)
[12:10:00.099] [INFO] [run] subject=9, session=3, speed=8, trial=2, x__rid_x=cd638b9a133f82ce: dummy_return_one(x)
[12:10:00.099] [INFO] [run] subject=9, session=3, speed=8, trial=3, x__rid_x=1fc741bc0a2ec550: dummy_return_one(x)
[12:10:00.100] [INFO] [run] subject=9, session=3, speed=8, trial=4, x__rid_x=80daa04dfdeb587b: dummy_return_one(x)
[12:10:00.101] [INFO] [run] subject=9, session=3, speed=8, trial=5, x__rid_x=6028ea8543d9db5a: dummy_return_one(x)
[12:10:00.101] [INFO] [run] subject=9, session=3, speed=8, trial=6, x__rid_x=2a571abda6f033b1: dummy_return_one(x)
[12:10:00.102] [INFO] [run] subject=9, session=3, speed=8, trial=7, x__rid_x=b3390abdd07bd10a: dummy_return_one(x)
[12:10:00.103] [INFO] [run] subject=9, session=3, speed=9, trial=1, x__rid_x=ecb36da98ab3f136: dummy_return_one(x)
[12:10:00.103] [INFO] [run] subject=9, session=3, speed=9, trial=2, x__rid_x=8e545feadcc4fdd4: dummy_return_one(x)
[12:10:00.104] [INFO] [run] subject=9, session=3, speed=9, trial=3, x__rid_x=859ed0849fc0369f: dummy_return_one(x)
[12:10:00.104] [INFO] [run] subject=9, session=3, speed=9, trial=4, x__rid_x=f55f56df00939aa1: dummy_return_one(x)
[12:10:00.105] [INFO] [run] subject=9, session=3, speed=9, trial=5, x__rid_x=2dcc69a6c754dadd: dummy_return_one(x)
[12:10:00.106] [INFO] [run] subject=9, session=3, speed=9, trial=6, x__rid_x=ab9d290bc471580e: dummy_return_one(x)
[12:10:00.106] [INFO] [run] subject=9, session=3, speed=9, trial=7, x__rid_x=cd504be4b31fea78: dummy_return_one(x)
[12:10:00.107] [INFO] [run] subject=9, session=4, speed=1, trial=1, x__rid_x=a0304ffd1b64da29: dummy_return_one(x)
[12:10:00.107] [INFO] [run] subject=9, session=4, speed=1, trial=2, x__rid_x=3411262552033d26: dummy_return_one(x)
[12:10:00.108] [INFO] [run] subject=9, session=4, speed=1, trial=3, x__rid_x=e4af832af6cab25b: dummy_return_one(x)
[12:10:00.109] [INFO] [run] subject=9, session=4, speed=1, trial=4, x__rid_x=96555ed12b620c27: dummy_return_one(x)
[12:10:00.109] [INFO] [run] subject=9, session=4, speed=1, trial=5, x__rid_x=162fc5cd06234696: dummy_return_one(x)
[12:10:00.110] [INFO] [run] subject=9, session=4, speed=1, trial=6, x__rid_x=a2ab5e08b336b710: dummy_return_one(x)
[12:10:00.111] [INFO] [run] subject=9, session=4, speed=1, trial=7, x__rid_x=01feba5575caff15: dummy_return_one(x)
[12:10:00.111] [INFO] [run] subject=9, session=4, speed=10, trial=1, x__rid_x=b907d42d38d4981b: dummy_return_one(x)
[12:10:00.112] [INFO] [run] subject=9, session=4, speed=10, trial=2, x__rid_x=02a50428c7355050: dummy_return_one(x)
[12:10:00.113] [INFO] [run] subject=9, session=4, speed=10, trial=3, x__rid_x=4b9fc84e364a66f6: dummy_return_one(x)
[12:10:00.113] [INFO] [run] subject=9, session=4, speed=10, trial=4, x__rid_x=374140e376af12b4: dummy_return_one(x)
[12:10:00.114] [INFO] [run] subject=9, session=4, speed=10, trial=5, x__rid_x=4da6674e8482e8a6: dummy_return_one(x)
[12:10:00.115] [INFO] [run] subject=9, session=4, speed=10, trial=6, x__rid_x=fba80d3b765419f2: dummy_return_one(x)
[12:10:00.115] [INFO] [run] subject=9, session=4, speed=10, trial=7, x__rid_x=77f206898924eef5: dummy_return_one(x)
[12:10:00.116] [INFO] [run] subject=9, session=4, speed=2, trial=1, x__rid_x=0abb15ef3448b835: dummy_return_one(x)
[12:10:00.117] [INFO] [run] subject=9, session=4, speed=2, trial=2, x__rid_x=cc11569380cc0c53: dummy_return_one(x)
[12:10:00.117] [INFO] [run] subject=9, session=4, speed=2, trial=3, x__rid_x=ea5fee2ac3d460b0: dummy_return_one(x)
[12:10:00.118] [INFO] [run] subject=9, session=4, speed=2, trial=4, x__rid_x=fda9df4ab0aa0b97: dummy_return_one(x)
[12:10:00.118] [INFO] [run] subject=9, session=4, speed=2, trial=5, x__rid_x=5d1e9c6ed8864f39: dummy_return_one(x)
[12:10:00.119] [INFO] [run] subject=9, session=4, speed=2, trial=6, x__rid_x=014af0399fffb7a7: dummy_return_one(x)
[12:10:00.120] [INFO] [run] subject=9, session=4, speed=2, trial=7, x__rid_x=54ff64465b175f33: dummy_return_one(x)
[12:10:00.120] [INFO] [run] subject=9, session=4, speed=3, trial=1, x__rid_x=87f612f88970b28f: dummy_return_one(x)
[12:10:00.121] [INFO] [run] subject=9, session=4, speed=3, trial=2, x__rid_x=e72584e82d2a270d: dummy_return_one(x)
[12:10:00.122] [INFO] [run] subject=9, session=4, speed=3, trial=3, x__rid_x=fa0a156825c5a1a1: dummy_return_one(x)
[12:10:00.123] [INFO] [run] subject=9, session=4, speed=3, trial=4, x__rid_x=6e366be9c8808753: dummy_return_one(x)
[12:10:00.123] [INFO] [run] subject=9, session=4, speed=3, trial=5, x__rid_x=7d2d162018ac2f4f: dummy_return_one(x)
[12:10:00.124] [INFO] [run] subject=9, session=4, speed=3, trial=6, x__rid_x=0d1c502b49c48b25: dummy_return_one(x)
[12:10:00.124] [INFO] [run] subject=9, session=4, speed=3, trial=7, x__rid_x=0e8f2472e033e86b: dummy_return_one(x)
[12:10:00.125] [INFO] [run] subject=9, session=4, speed=4, trial=1, x__rid_x=ecd306cf667782f7: dummy_return_one(x)
[12:10:00.126] [INFO] [run] subject=9, session=4, speed=4, trial=2, x__rid_x=f9fd8e1089f596f3: dummy_return_one(x)
[12:10:00.126] [INFO] [run] subject=9, session=4, speed=4, trial=3, x__rid_x=7909abd8d044da49: dummy_return_one(x)
[12:10:00.127] [INFO] [run] subject=9, session=4, speed=4, trial=4, x__rid_x=4b460c34eaa499e9: dummy_return_one(x)
[12:10:00.128] [INFO] [run] subject=9, session=4, speed=4, trial=5, x__rid_x=297e6f0ce6476f1e: dummy_return_one(x)
[12:10:00.128] [INFO] [run] subject=9, session=4, speed=4, trial=6, x__rid_x=2ee40b57495196c3: dummy_return_one(x)
[12:10:00.129] [INFO] [run] subject=9, session=4, speed=4, trial=7, x__rid_x=77a0ec42de3a1a10: dummy_return_one(x)
[12:10:00.130] [INFO] [run] subject=9, session=4, speed=5, trial=1, x__rid_x=e275276414dae35b: dummy_return_one(x)
[12:10:00.131] [INFO] [run] subject=9, session=4, speed=5, trial=2, x__rid_x=cfa64c3a78713cf9: dummy_return_one(x)
[12:10:00.132] [INFO] [run] subject=9, session=4, speed=5, trial=3, x__rid_x=36aca2983adc9a9b: dummy_return_one(x)
[12:10:00.133] [INFO] [run] subject=9, session=4, speed=5, trial=4, x__rid_x=62328ec44af9fbed: dummy_return_one(x)
[12:10:00.133] [INFO] [run] subject=9, session=4, speed=5, trial=5, x__rid_x=e407924076512925: dummy_return_one(x)
[12:10:00.134] [INFO] [run] subject=9, session=4, speed=5, trial=6, x__rid_x=2b3404fb2bc6bf78: dummy_return_one(x)
[12:10:00.134] [INFO] [run] subject=9, session=4, speed=5, trial=7, x__rid_x=abbbd8a93db6bd5f: dummy_return_one(x)
[12:10:00.135] [INFO] [run] subject=9, session=4, speed=6, trial=1, x__rid_x=67ccf6f03657e56e: dummy_return_one(x)
[12:10:00.136] [INFO] [run] subject=9, session=4, speed=6, trial=2, x__rid_x=b446ccff7f6fcbdd: dummy_return_one(x)
[12:10:00.136] [INFO] [run] subject=9, session=4, speed=6, trial=3, x__rid_x=f004dbb616fbe41a: dummy_return_one(x)
[12:10:00.137] [INFO] [run] subject=9, session=4, speed=6, trial=4, x__rid_x=aa8b41e0db7a201d: dummy_return_one(x)
[12:10:00.137] [INFO] [run] subject=9, session=4, speed=6, trial=5, x__rid_x=a9642eaa87ad3c6c: dummy_return_one(x)
[12:10:00.138] [INFO] [run] subject=9, session=4, speed=6, trial=6, x__rid_x=96d6af3495e204c7: dummy_return_one(x)
[12:10:00.139] [INFO] [run] subject=9, session=4, speed=6, trial=7, x__rid_x=84ae24da9f15ba03: dummy_return_one(x)
[12:10:00.139] [INFO] [run] subject=9, session=4, speed=7, trial=1, x__rid_x=dd278ac4adec07da: dummy_return_one(x)
[12:10:00.140] [INFO] [run] subject=9, session=4, speed=7, trial=2, x__rid_x=92c72f9ad6e01d8d: dummy_return_one(x)
[12:10:00.140] [INFO] [run] subject=9, session=4, speed=7, trial=3, x__rid_x=bb93d6861dcfcd71: dummy_return_one(x)
[12:10:00.141] [INFO] [run] subject=9, session=4, speed=7, trial=4, x__rid_x=5dc068b62de09289: dummy_return_one(x)
[12:10:00.142] [INFO] [run] subject=9, session=4, speed=7, trial=5, x__rid_x=1ef8dc2e27b5bc5c: dummy_return_one(x)
[12:10:00.142] [INFO] [run] subject=9, session=4, speed=7, trial=6, x__rid_x=a21c1574d6a1869f: dummy_return_one(x)
[12:10:00.143] [INFO] [run] subject=9, session=4, speed=7, trial=7, x__rid_x=b7f66e0caede66bb: dummy_return_one(x)
[12:10:00.144] [INFO] [run] subject=9, session=4, speed=8, trial=1, x__rid_x=07590dd8712b4c53: dummy_return_one(x)
[12:10:00.144] [INFO] [run] subject=9, session=4, speed=8, trial=2, x__rid_x=7dc2f4da69a7715d: dummy_return_one(x)
[12:10:00.145] [INFO] [run] subject=9, session=4, speed=8, trial=3, x__rid_x=091edbf184374e1b: dummy_return_one(x)
[12:10:00.145] [INFO] [run] subject=9, session=4, speed=8, trial=4, x__rid_x=f0c499c3441c3d9a: dummy_return_one(x)
[12:10:00.146] [INFO] [run] subject=9, session=4, speed=8, trial=5, x__rid_x=6fc38b38c34b1a88: dummy_return_one(x)
[12:10:00.147] [INFO] [run] subject=9, session=4, speed=8, trial=6, x__rid_x=fc98b18df68aafa0: dummy_return_one(x)
[12:10:00.148] [INFO] [run] subject=9, session=4, speed=8, trial=7, x__rid_x=67f2ae9aa4780ff0: dummy_return_one(x)
[12:10:00.149] [INFO] [run] subject=9, session=4, speed=9, trial=1, x__rid_x=1f0d8a7df73287ac: dummy_return_one(x)
[12:10:00.149] [INFO] [run] subject=9, session=4, speed=9, trial=2, x__rid_x=fbf85fa604bb20f4: dummy_return_one(x)
[12:10:00.150] [INFO] [run] subject=9, session=4, speed=9, trial=3, x__rid_x=dce38a4c49da537a: dummy_return_one(x)
[12:10:00.151] [INFO] [run] subject=9, session=4, speed=9, trial=4, x__rid_x=f0d33eb10b25dce8: dummy_return_one(x)
[12:10:00.152] [INFO] [run] subject=9, session=4, speed=9, trial=5, x__rid_x=b9f6822684800462: dummy_return_one(x)
[12:10:00.152] [INFO] [run] subject=9, session=4, speed=9, trial=6, x__rid_x=a06e0a26ee36e6fe: dummy_return_one(x)
[12:10:00.153] [INFO] [run] subject=9, session=4, speed=9, trial=7, x__rid_x=3455866a1df2cbd6: dummy_return_one(x)
[12:10:00.153] [INFO] [run] subject=9, session=5, speed=1, trial=1, x__rid_x=830cc2c365369ead: dummy_return_one(x)
[12:10:00.154] [INFO] [run] subject=9, session=5, speed=1, trial=2, x__rid_x=af9c51ece732c9eb: dummy_return_one(x)
[12:10:00.155] [INFO] [run] subject=9, session=5, speed=1, trial=3, x__rid_x=e5a98c38c9618b3c: dummy_return_one(x)
[12:10:00.155] [INFO] [run] subject=9, session=5, speed=1, trial=4, x__rid_x=a4a78d44329eaad5: dummy_return_one(x)
[12:10:00.156] [INFO] [run] subject=9, session=5, speed=1, trial=5, x__rid_x=c0a5138aadd948d9: dummy_return_one(x)
[12:10:00.156] [INFO] [run] subject=9, session=5, speed=1, trial=6, x__rid_x=728f19e428e11896: dummy_return_one(x)
[12:10:00.157] [INFO] [run] subject=9, session=5, speed=1, trial=7, x__rid_x=8c50df5bd6c7eb27: dummy_return_one(x)
[12:10:00.158] [INFO] [run] subject=9, session=5, speed=10, trial=1, x__rid_x=196ea3d6e1f8c17b: dummy_return_one(x)
[12:10:00.158] [INFO] [run] subject=9, session=5, speed=10, trial=2, x__rid_x=f632d9b3586874bf: dummy_return_one(x)
[12:10:00.159] [INFO] [run] subject=9, session=5, speed=10, trial=3, x__rid_x=22fcd9687c5ff3b5: dummy_return_one(x)
[12:10:00.160] [INFO] [run] subject=9, session=5, speed=10, trial=4, x__rid_x=79af55718da07d36: dummy_return_one(x)
[12:10:00.160] [INFO] [run] subject=9, session=5, speed=10, trial=5, x__rid_x=2b147e2a66a4696d: dummy_return_one(x)
[12:10:00.161] [INFO] [run] subject=9, session=5, speed=10, trial=6, x__rid_x=21166269ea068f77: dummy_return_one(x)
[12:10:00.162] [INFO] [run] subject=9, session=5, speed=10, trial=7, x__rid_x=368e6f9fbebcc744: dummy_return_one(x)
[12:10:00.162] [INFO] [run] subject=9, session=5, speed=2, trial=1, x__rid_x=7aa0c8ae60ed5916: dummy_return_one(x)
[12:10:00.163] [INFO] [run] subject=9, session=5, speed=2, trial=2, x__rid_x=fdd4f9e7a9b7619b: dummy_return_one(x)
[12:10:00.164] [INFO] [run] subject=9, session=5, speed=2, trial=3, x__rid_x=6cbde3148647adaa: dummy_return_one(x)
[12:10:00.165] [INFO] [run] subject=9, session=5, speed=2, trial=4, x__rid_x=edc365fa623b61a8: dummy_return_one(x)
[12:10:00.165] [INFO] [run] subject=9, session=5, speed=2, trial=5, x__rid_x=4847e1e62a310c41: dummy_return_one(x)
[12:10:00.166] [INFO] [run] subject=9, session=5, speed=2, trial=6, x__rid_x=a4656041131043a0: dummy_return_one(x)
[12:10:00.167] [INFO] [run] subject=9, session=5, speed=2, trial=7, x__rid_x=ff6a8b2f8d710bfa: dummy_return_one(x)
[12:10:00.167] [INFO] [run] subject=9, session=5, speed=3, trial=1, x__rid_x=2612efa044b16377: dummy_return_one(x)
[12:10:00.168] [INFO] [run] subject=9, session=5, speed=3, trial=2, x__rid_x=35fc43dcbcf32ec3: dummy_return_one(x)
[12:10:00.169] [INFO] [run] subject=9, session=5, speed=3, trial=3, x__rid_x=e27005706b8e48dd: dummy_return_one(x)
[12:10:00.169] [INFO] [run] subject=9, session=5, speed=3, trial=4, x__rid_x=9863867fcce70494: dummy_return_one(x)
[12:10:00.170] [INFO] [run] subject=9, session=5, speed=3, trial=5, x__rid_x=1ef84f0af845c359: dummy_return_one(x)
[12:10:00.170] [INFO] [run] subject=9, session=5, speed=3, trial=6, x__rid_x=8c9a99e0cf4474ff: dummy_return_one(x)
[12:10:00.171] [INFO] [run] subject=9, session=5, speed=3, trial=7, x__rid_x=cf00b67279407aa1: dummy_return_one(x)
[12:10:00.172] [INFO] [run] subject=9, session=5, speed=4, trial=1, x__rid_x=57a566e0267c5685: dummy_return_one(x)
[12:10:00.172] [INFO] [run] subject=9, session=5, speed=4, trial=2, x__rid_x=a8d773d725e6986f: dummy_return_one(x)
[12:10:00.173] [INFO] [run] subject=9, session=5, speed=4, trial=3, x__rid_x=de31bdcd16404a0b: dummy_return_one(x)
[12:10:00.174] [INFO] [run] subject=9, session=5, speed=4, trial=4, x__rid_x=c1a81e96c814d5dc: dummy_return_one(x)
[12:10:00.174] [INFO] [run] subject=9, session=5, speed=4, trial=5, x__rid_x=ce027a9cec6f69f0: dummy_return_one(x)
[12:10:00.175] [INFO] [run] subject=9, session=5, speed=4, trial=6, x__rid_x=4eb8811f88b876d5: dummy_return_one(x)
[12:10:00.175] [INFO] [run] subject=9, session=5, speed=4, trial=7, x__rid_x=b8e47dff889345cb: dummy_return_one(x)
[12:10:00.176] [INFO] [run] subject=9, session=5, speed=5, trial=1, x__rid_x=6bcd0fea8ae34bba: dummy_return_one(x)
[12:10:00.177] [INFO] [run] subject=9, session=5, speed=5, trial=2, x__rid_x=0f4192db04995d02: dummy_return_one(x)
[12:10:00.177] [INFO] [run] subject=9, session=5, speed=5, trial=3, x__rid_x=fa16df62043a5dd8: dummy_return_one(x)
[12:10:00.178] [INFO] [run] subject=9, session=5, speed=5, trial=4, x__rid_x=2422715cf1dd57ba: dummy_return_one(x)
[12:10:00.178] [INFO] [run] subject=9, session=5, speed=5, trial=5, x__rid_x=b1e7b43dc39bd1ff: dummy_return_one(x)
[12:10:00.179] [INFO] [run] subject=9, session=5, speed=5, trial=6, x__rid_x=0ad200aa13ce4a1b: dummy_return_one(x)
[12:10:00.180] [INFO] [run] subject=9, session=5, speed=5, trial=7, x__rid_x=3161ed3ad2d754ed: dummy_return_one(x)
[12:10:00.181] [INFO] [run] subject=9, session=5, speed=6, trial=1, x__rid_x=6e7dac43ce55605e: dummy_return_one(x)
[12:10:00.182] [INFO] [run] subject=9, session=5, speed=6, trial=2, x__rid_x=12e345ffa0def59a: dummy_return_one(x)
[12:10:00.182] [INFO] [run] subject=9, session=5, speed=6, trial=3, x__rid_x=e76d31933fe0ffa5: dummy_return_one(x)
[12:10:00.183] [INFO] [run] subject=9, session=5, speed=6, trial=4, x__rid_x=df3923d6f8084cbd: dummy_return_one(x)
[12:10:00.184] [INFO] [run] subject=9, session=5, speed=6, trial=5, x__rid_x=0f9dc33e99a19e5d: dummy_return_one(x)
[12:10:00.184] [INFO] [run] subject=9, session=5, speed=6, trial=6, x__rid_x=f9afe227d09719a9: dummy_return_one(x)
[12:10:00.185] [INFO] [run] subject=9, session=5, speed=6, trial=7, x__rid_x=6a403bd0a9f0ca65: dummy_return_one(x)
[12:10:00.185] [INFO] [run] subject=9, session=5, speed=7, trial=1, x__rid_x=a1cd00f8d97edb4c: dummy_return_one(x)
[12:10:00.186] [INFO] [run] subject=9, session=5, speed=7, trial=2, x__rid_x=1865728932df02ae: dummy_return_one(x)
[12:10:00.187] [INFO] [run] subject=9, session=5, speed=7, trial=3, x__rid_x=a43cc2fca34b2e52: dummy_return_one(x)
[12:10:00.188] [INFO] [run] subject=9, session=5, speed=7, trial=4, x__rid_x=0a5778a7423ca533: dummy_return_one(x)
[12:10:00.188] [INFO] [run] subject=9, session=5, speed=7, trial=5, x__rid_x=633cecc5d1ac7d90: dummy_return_one(x)
[12:10:00.189] [INFO] [run] subject=9, session=5, speed=7, trial=6, x__rid_x=d47f58ea793d7f5d: dummy_return_one(x)
[12:10:00.189] [INFO] [run] subject=9, session=5, speed=7, trial=7, x__rid_x=d4ebbee1e61e09c7: dummy_return_one(x)
[12:10:00.190] [INFO] [run] subject=9, session=5, speed=8, trial=1, x__rid_x=a8f0997fd0455185: dummy_return_one(x)
[12:10:00.190] [INFO] [run] subject=9, session=5, speed=8, trial=2, x__rid_x=ba392acad14a1ddd: dummy_return_one(x)
[12:10:00.191] [INFO] [run] subject=9, session=5, speed=8, trial=3, x__rid_x=6d1aedd3bf0f6243: dummy_return_one(x)
[12:10:00.192] [INFO] [run] subject=9, session=5, speed=8, trial=4, x__rid_x=8f3a9cd8e3d1b1d5: dummy_return_one(x)
[12:10:00.192] [INFO] [run] subject=9, session=5, speed=8, trial=5, x__rid_x=23797c104edab55e: dummy_return_one(x)
[12:10:00.193] [INFO] [run] subject=9, session=5, speed=8, trial=6, x__rid_x=fee4f6ed75b7b8a4: dummy_return_one(x)
[12:10:00.193] [INFO] [run] subject=9, session=5, speed=8, trial=7, x__rid_x=e4a82b928bc45575: dummy_return_one(x)
[12:10:00.194] [INFO] [run] subject=9, session=5, speed=9, trial=1, x__rid_x=05396f187aa7fddb: dummy_return_one(x)
[12:10:00.195] [INFO] [run] subject=9, session=5, speed=9, trial=2, x__rid_x=cf311052fdd0eea2: dummy_return_one(x)
[12:10:00.196] [INFO] [run] subject=9, session=5, speed=9, trial=3, x__rid_x=952be8b04f141e86: dummy_return_one(x)
[12:10:00.196] [INFO] [run] subject=9, session=5, speed=9, trial=4, x__rid_x=cf7437915baea81c: dummy_return_one(x)
[12:10:00.197] [INFO] [run] subject=9, session=5, speed=9, trial=5, x__rid_x=e6412aa30bab7fc2: dummy_return_one(x)
[12:10:00.198] [INFO] [run] subject=9, session=5, speed=9, trial=6, x__rid_x=7de651aa0e88b28f: dummy_return_one(x)
[12:10:00.199] [INFO] [run] subject=9, session=5, speed=9, trial=7, x__rid_x=da8b5d06a10cffde: dummy_return_one(x)
[12:10:00.201] [INFO] ----------------------------------------------------------------
[12:10:00.201] [INFO] for_each(dummy_return_one) done: completed=7000, skipped=0, total=7000
[12:10:00.202] [INFO] ================================================================
[12:10:00.404] [INFO] [bridge] for_each_save: handle=85, result_tbl shape=(7000, 6), columns=['subject', 'session', 'speed', 'trial', '__rid_x', 'DummyOut']
[12:10:00.404] [INFO] [scidb] Step 18: restoring scifor schema to 4 keys (removing 1 rid keys)
[12:10:00.404] [INFO] [scidb] Step 19: saving 7000 result row(s) for 1 output(s)
[12:10:00.404] [INFO] [batch_save] Preparing 7000 result row(s) for batch save
[12:10:00.439] [INFO] [batch_save] Preparation complete in 0.035s: 1 batch group(s), 0 generates_file item(s)
[12:10:00.439] [INFO] [batch_save] Saving 7000 record(s) for DummyOut (normal path)
[12:10:00.439] [INFO] save_batch(DummyOut): 7000 items, mode=single_column, data: float, DuckDB columns: [value: DOUBLE]
[12:10:04.382] [INFO] [timing] save_batch(DummyOut): 7000 items (7000 new rows, 7000 total storage rows), 7000 schemas, 3.943s
[12:10:04.382] [DEBUG]   save_batch 1_setup                        0.002s
[12:10:04.382] [DEBUG]   save_batch 2_split_metadata               0.034s
[12:10:04.382] [DEBUG]   save_batch 3_schema_resolution            0.020s
[12:10:04.382] [DEBUG]   save_batch 4_per_row_hashing              0.133s
[12:10:04.382] [DEBUG]   save_batch 4a_canonical_hash              0.011s
[12:10:04.382] [DEBUG]   save_batch 4b_record_id                   0.109s
[12:10:04.382] [DEBUG]   save_batch 4c_storage_row                 0.002s
[12:10:04.382] [DEBUG]   save_batch 4d_meta_row                    0.000s
[12:10:04.382] [DEBUG]   save_batch 5_dedup_check                  0.000s
[12:10:04.382] [DEBUG]   save_batch 6a_data_df_create              0.001s
[12:10:04.382] [DEBUG]   save_batch 6b_data_insert                 0.004s
[12:10:04.382] [DEBUG]   save_batch 6c_meta_insert                 3.583s
[12:10:04.382] [DEBUG]   save_batch 6d_variables_upsert            0.001s
[12:10:04.383] [DEBUG]   save_batch 6e_commit                      0.162s
[12:10:04.383] [DEBUG]   save_batch 6_batch_inserts                3.752s
[12:10:04.383] [DEBUG]   save_batch total                          3.943s
[12:10:04.386] [INFO] [save] subject=1, session=1, speed=1, trial=1: DummyOut -> record_id=5fe982ae0ed4 (float)
[12:10:04.386] [INFO] [save] subject=1, session=1, speed=1, trial=2: DummyOut -> record_id=ef5f184d5779 (float)
[12:10:04.386] [INFO] [save] subject=1, session=1, speed=1, trial=3: DummyOut -> record_id=b277ffdae143 (float)
[12:10:04.386] [INFO] [save] ... and 6997 more record(s)
[12:10:04.386] [INFO] [batch_save] Completed 7000 save(s) for DummyOut in 3.945s (1774.2 records/s)
[12:10:21.926] [INFO] [provenance] recorded run_id=8905fe28be6f4865 for 7000 record(s) of fn=dummy_return_one
[12:10:21.926] [INFO] [batch_save] Total: saved 7000 record(s) in 21.522s (325.2 records/s)
[12:10:21.930] [INFO] [scidb] Step 19 complete: saved 7000 result(s) in 21.526s
[12:10:21.941] [INFO] for_each_save returned in 21.537s
[12:10:23.143] [INFO] ===== for_each(dummy_return_one) done =====
[12:10:23.200] [INFO] load(DummyOut): metadata={}
[12:10:23.211] [DEBUG] _find_record(DummyOut): SQL returned 7000 records, version_id=all
[12:10:23.224] [INFO] [timing] _find_record(DummyOut, version_id='all'): total=0.024s, sql=0.011s (7000 rows), collapse=0.000s, vk_filter=0.000s, bp_filter=0.000s, sort=0.013s, returned=7000 rows
[12:10:23.225] [INFO] load(DummyOut): found 7000 record(s)
[12:10:23.335] [INFO] [timing] load(DummyOut): pre-yield setup: find=0.024s, dtype_lookup=0.001s, chunks_total=0.110s (sql=0.067s, deserialize=0.043s, n_chunks=14, mode=single_column)
[12:10:33.786] [INFO] [timing] load(DummyOut): TOTAL=10.586s (find=0.024s, chunks=0.110s, yield_body=10.421s for 7000 records, caller_overhead~=0.030s)
