[22:33:07.844] [INFO] configure_database: path=/private/var/folders/hx/ql6ztbg12wg_5d8k27g3wxq40000gn/T/tp24424620_ab75_4933_80a1_27ef01c8aa52/test.duckdb, schema_keys=['subject', 'session', 'speed', 'trial']
[22:33:07.847] [INFO] MATLAB: configure_database — DuckDB lock ACQUIRED: /private/var/folders/hx/ql6ztbg12wg_5d8k27g3wxq40000gn/T/tp24424620_ab75_4933_80a1_27ef01c8aa52/test.duckdb
[22:33:20.439] [INFO] [timing] save_from_table(DummyMixed): data_convert=2.097s, mode=vertcat, n=7000
[22:33:20.626] [DEBUG] [timing] save_batch_bridge(DummyMixed): n=7000, mode=vertcat_df, split=0.174s, assembly=0.004s
[22:33:20.627] [INFO] save_batch(DummyMixed): 7000 items, mode=dataframe, data: DataFrame 1x54 cols=['dbl_01', 'dbl_02', 'dbl_03', 'dbl_04', 'dbl_05', 'dbl_06', 'dbl_07', 'dbl_08', 'dbl_09', 'dbl_10', 'dbl_11', 'dbl_12', 'dbl_13', 'dbl_14', 'dbl_15', 'dbl_16', 'dbl_17', 'dbl_18', 'dbl_19', 'dbl_20', 'dbl_21', 'dbl_22', 'dbl_23', 'dbl_24', 'dbl_25', 'dbl_26', 'dbl_27', 'arr_01', 'arr_02', 'arr_03', 'arr_04', 'arr_05', 'arr_06', 'arr_07', 'arr_08', 'arr_09', 'arr_10', 'arr_11', 'arr_12', 'arr_13', 'arr_14', 'arr_15', 'arr_16', 'arr_17', 'arr_18', 'arr_19', 'arr_20', 'arr_21', 'arr_22', 'arr_23', 'arr_24', 'arr_25', 'json_01', 'json_02'], DuckDB columns: [dbl_01: DOUBLE, dbl_02: DOUBLE, dbl_03: DOUBLE, dbl_04: DOUBLE, dbl_05: DOUBLE, dbl_06: DOUBLE, dbl_07: DOUBLE, dbl_08: DOUBLE, dbl_09: DOUBLE, dbl_10: DOUBLE, dbl_11: DOUBLE, dbl_12: DOUBLE, dbl_13: DOUBLE, dbl_14: DOUBLE, dbl_15: DOUBLE, dbl_16: DOUBLE, dbl_17: DOUBLE, dbl_18: DOUBLE, dbl_19: DOUBLE, dbl_20: DOUBLE, dbl_21: DOUBLE, dbl_22: DOUBLE, dbl_23: DOUBLE, dbl_24: DOUBLE, dbl_25: DOUBLE, dbl_26: DOUBLE, dbl_27: DOUBLE, arr_01: DOUBLE[], arr_02: DOUBLE[], arr_03: DOUBLE[], arr_04: DOUBLE[], arr_05: DOUBLE[], arr_06: DOUBLE[], arr_07: DOUBLE[], arr_08: DOUBLE[], arr_09: DOUBLE[], arr_10: DOUBLE[], arr_11: DOUBLE[], arr_12: DOUBLE[], arr_13: DOUBLE[], arr_14: DOUBLE[], arr_15: DOUBLE[], arr_16: DOUBLE[], arr_17: DOUBLE[], arr_18: DOUBLE[], arr_19: DOUBLE[], arr_20: DOUBLE[], arr_21: DOUBLE[], arr_22: DOUBLE[], arr_23: DOUBLE[], arr_24: DOUBLE[], arr_25: DOUBLE[], json_01: JSON, json_02: JSON]
[22:33:21.518] [INFO] [timing] save_batch(DummyMixed): 7000 items (7000 new rows, 7000 total storage rows), 7000 schemas, 0.892s
[22:33:21.518] [DEBUG]   save_batch 1_setup                        0.009s
[22:33:21.519] [DEBUG]   save_batch 2_split_metadata               0.017s
[22:33:21.519] [DEBUG]   save_batch 3_schema_resolution            0.069s
[22:33:21.519] [DEBUG]   save_batch 4_per_row_hashing              0.583s
[22:33:21.519] [DEBUG]   save_batch 4a_canonical_hash              0.296s
[22:33:21.519] [DEBUG]   save_batch 4b_record_id                   0.073s
[22:33:21.519] [DEBUG]   save_batch 4c_storage_row                 0.179s
[22:33:21.519] [DEBUG]   save_batch 4d_meta_row                    0.019s
[22:33:21.519] [DEBUG]   save_batch 5_dedup_check                  0.049s
[22:33:21.519] [DEBUG]   save_batch 6a_data_df_create              0.013s
[22:33:21.519] [DEBUG]   save_batch 6b_data_insert                 0.119s
[22:33:21.519] [DEBUG]   save_batch 6c_meta_insert                 0.013s
[22:33:21.519] [DEBUG]   save_batch 6d_variables_upsert            0.001s
[22:33:21.519] [DEBUG]   save_batch 6e_commit                      0.020s
[22:33:21.519] [DEBUG]   save_batch 6_batch_inserts                0.167s
[22:33:21.519] [DEBUG]   save_batch total                          0.892s
[22:33:21.527] [INFO] [timing] save_batch_bridge(DummyMixed): n=7000, mode=vertcat_df, split=0.174s, total=1.078s
[22:33:21.569] [INFO] load_all(DummyMixed): metadata={'subject': 1, 'session': 1, 'speed': 1, 'trial': 1}
[22:33:21.571] [DEBUG] _find_record(DummyMixed): SQL returned 1 records, version_id=latest
[22:33:21.572] [DEBUG] _find_record: record 83608120bd873794: version_keys = {}
[22:33:21.574] [DEBUG] _find_record(DummyMixed): 1 record(s) matched (before branch_params filter)
[22:33:21.575] [INFO] [timing] _find_record(DummyMixed, version_id='latest'): total=0.006s, sql=0.002s (1 rows), collapse=0.002s, vk_filter=0.000s, bp_filter=0.000s, sort=0.001s, returned=1 rows
[22:33:21.575] [INFO] load_all(DummyMixed): found 1 record(s)
[22:33:21.578] [INFO] [timing] load_all(DummyMixed): pre-yield setup: find=0.006s, dtype_lookup=0.000s, chunks_total=0.003s (sql=0.001s, deserialize=0.001s, n_chunks=1, mode=dataframe)
[22:33:21.579] [INFO] [timing] load_all(DummyMixed): TOTAL=0.010s (find=0.006s, chunks=0.003s, yield_body=0.000s for 1 records, caller_overhead~=0.001s)
[22:33:21.579] [DEBUG] wrap_batch_bridge: found 27 object-dtype columns to check
[22:33:21.579] [DEBUG] wrap_batch_bridge: column "arr_01" first value type: ndarray
[22:33:21.579] [DEBUG] wrap_batch_bridge: flattening column "arr_01"...
[22:33:21.580] [DEBUG] wrap_batch_bridge: column "arr_01" flattened: 10 total elements in 1 arrays
[22:33:21.580] [DEBUG] wrap_batch_bridge: column "arr_02" first value type: ndarray
[22:33:21.580] [DEBUG] wrap_batch_bridge: flattening column "arr_02"...
[22:33:21.580] [DEBUG] wrap_batch_bridge: column "arr_02" flattened: 10 total elements in 1 arrays
[22:33:21.580] [DEBUG] wrap_batch_bridge: column "arr_03" first value type: ndarray
[22:33:21.580] [DEBUG] wrap_batch_bridge: flattening column "arr_03"...
[22:33:21.580] [DEBUG] wrap_batch_bridge: column "arr_03" flattened: 10 total elements in 1 arrays
[22:33:21.580] [DEBUG] wrap_batch_bridge: column "arr_04" first value type: ndarray
[22:33:21.580] [DEBUG] wrap_batch_bridge: flattening column "arr_04"...
[22:33:21.580] [DEBUG] wrap_batch_bridge: column "arr_04" flattened: 10 total elements in 1 arrays
[22:33:21.580] [DEBUG] wrap_batch_bridge: column "arr_05" first value type: ndarray
[22:33:21.580] [DEBUG] wrap_batch_bridge: flattening column "arr_05"...
[22:33:21.580] [DEBUG] wrap_batch_bridge: column "arr_05" flattened: 10 total elements in 1 arrays
[22:33:21.580] [DEBUG] wrap_batch_bridge: column "arr_06" first value type: ndarray
[22:33:21.580] [DEBUG] wrap_batch_bridge: flattening column "arr_06"...
[22:33:21.581] [DEBUG] wrap_batch_bridge: column "arr_06" flattened: 10 total elements in 1 arrays
[22:33:21.581] [DEBUG] wrap_batch_bridge: column "arr_07" first value type: ndarray
[22:33:21.581] [DEBUG] wrap_batch_bridge: flattening column "arr_07"...
[22:33:21.581] [DEBUG] wrap_batch_bridge: column "arr_07" flattened: 10 total elements in 1 arrays
[22:33:21.581] [DEBUG] wrap_batch_bridge: column "arr_08" first value type: ndarray
[22:33:21.581] [DEBUG] wrap_batch_bridge: flattening column "arr_08"...
[22:33:21.581] [DEBUG] wrap_batch_bridge: column "arr_08" flattened: 10 total elements in 1 arrays
[22:33:21.581] [DEBUG] wrap_batch_bridge: column "arr_09" first value type: ndarray
[22:33:21.581] [DEBUG] wrap_batch_bridge: flattening column "arr_09"...
[22:33:21.581] [DEBUG] wrap_batch_bridge: column "arr_09" flattened: 10 total elements in 1 arrays
[22:33:21.581] [DEBUG] wrap_batch_bridge: column "arr_10" first value type: ndarray
[22:33:21.581] [DEBUG] wrap_batch_bridge: flattening column "arr_10"...
[22:33:21.581] [DEBUG] wrap_batch_bridge: column "arr_10" flattened: 10 total elements in 1 arrays
[22:33:21.581] [DEBUG] wrap_batch_bridge: column "arr_11" first value type: ndarray
[22:33:21.581] [DEBUG] wrap_batch_bridge: flattening column "arr_11"...
[22:33:21.581] [DEBUG] wrap_batch_bridge: column "arr_11" flattened: 10 total elements in 1 arrays
[22:33:21.581] [DEBUG] wrap_batch_bridge: column "arr_12" first value type: ndarray
[22:33:21.581] [DEBUG] wrap_batch_bridge: flattening column "arr_12"...
[22:33:21.581] [DEBUG] wrap_batch_bridge: column "arr_12" flattened: 10 total elements in 1 arrays
[22:33:21.581] [DEBUG] wrap_batch_bridge: column "arr_13" first value type: ndarray
[22:33:21.582] [DEBUG] wrap_batch_bridge: flattening column "arr_13"...
[22:33:21.582] [DEBUG] wrap_batch_bridge: column "arr_13" flattened: 10 total elements in 1 arrays
[22:33:21.582] [DEBUG] wrap_batch_bridge: column "arr_14" first value type: ndarray
[22:33:21.582] [DEBUG] wrap_batch_bridge: flattening column "arr_14"...
[22:33:21.582] [DEBUG] wrap_batch_bridge: column "arr_14" flattened: 10 total elements in 1 arrays
[22:33:21.582] [DEBUG] wrap_batch_bridge: column "arr_15" first value type: ndarray
[22:33:21.582] [DEBUG] wrap_batch_bridge: flattening column "arr_15"...
[22:33:21.582] [DEBUG] wrap_batch_bridge: column "arr_15" flattened: 10 total elements in 1 arrays
[22:33:21.582] [DEBUG] wrap_batch_bridge: column "arr_16" first value type: ndarray
[22:33:21.582] [DEBUG] wrap_batch_bridge: flattening column "arr_16"...
[22:33:21.582] [DEBUG] wrap_batch_bridge: column "arr_16" flattened: 10 total elements in 1 arrays
[22:33:21.582] [DEBUG] wrap_batch_bridge: column "arr_17" first value type: ndarray
[22:33:21.582] [DEBUG] wrap_batch_bridge: flattening column "arr_17"...
[22:33:21.582] [DEBUG] wrap_batch_bridge: column "arr_17" flattened: 10 total elements in 1 arrays
[22:33:21.582] [DEBUG] wrap_batch_bridge: column "arr_18" first value type: ndarray
[22:33:21.582] [DEBUG] wrap_batch_bridge: flattening column "arr_18"...
[22:33:21.582] [DEBUG] wrap_batch_bridge: column "arr_18" flattened: 10 total elements in 1 arrays
[22:33:21.582] [DEBUG] wrap_batch_bridge: column "arr_19" first value type: ndarray
[22:33:21.582] [DEBUG] wrap_batch_bridge: flattening column "arr_19"...
[22:33:21.583] [DEBUG] wrap_batch_bridge: column "arr_19" flattened: 10 total elements in 1 arrays
[22:33:21.583] [DEBUG] wrap_batch_bridge: column "arr_20" first value type: ndarray
[22:33:21.583] [DEBUG] wrap_batch_bridge: flattening column "arr_20"...
[22:33:21.583] [DEBUG] wrap_batch_bridge: column "arr_20" flattened: 10 total elements in 1 arrays
[22:33:21.583] [DEBUG] wrap_batch_bridge: column "arr_21" first value type: ndarray
[22:33:21.583] [DEBUG] wrap_batch_bridge: flattening column "arr_21"...
[22:33:21.583] [DEBUG] wrap_batch_bridge: column "arr_21" flattened: 10 total elements in 1 arrays
[22:33:21.583] [DEBUG] wrap_batch_bridge: column "arr_22" first value type: ndarray
[22:33:21.583] [DEBUG] wrap_batch_bridge: flattening column "arr_22"...
[22:33:21.583] [DEBUG] wrap_batch_bridge: column "arr_22" flattened: 10 total elements in 1 arrays
[22:33:21.583] [DEBUG] wrap_batch_bridge: column "arr_23" first value type: ndarray
[22:33:21.583] [DEBUG] wrap_batch_bridge: flattening column "arr_23"...
[22:33:21.583] [DEBUG] wrap_batch_bridge: column "arr_23" flattened: 10 total elements in 1 arrays
[22:33:21.583] [DEBUG] wrap_batch_bridge: column "arr_24" first value type: ndarray
[22:33:21.583] [DEBUG] wrap_batch_bridge: flattening column "arr_24"...
[22:33:21.583] [DEBUG] wrap_batch_bridge: column "arr_24" flattened: 10 total elements in 1 arrays
[22:33:21.583] [DEBUG] wrap_batch_bridge: column "arr_25" first value type: ndarray
[22:33:21.583] [DEBUG] wrap_batch_bridge: flattening column "arr_25"...
[22:33:21.583] [DEBUG] wrap_batch_bridge: column "arr_25" flattened: 10 total elements in 1 arrays
[22:33:21.583] [DEBUG] wrap_batch_bridge: column "json_01" first value type: dict
[22:33:21.584] [DEBUG] wrap_batch_bridge: column "json_01" contains dicts, serializing to JSON...
[22:33:21.584] [DEBUG] wrap_batch_bridge: column "json_01" serialized to JSON strings
[22:33:21.584] [DEBUG] wrap_batch_bridge: column "json_02" first value type: dict
[22:33:21.584] [DEBUG] wrap_batch_bridge: column "json_02" contains dicts, serializing to JSON...
[22:33:21.584] [DEBUG] wrap_batch_bridge: column "json_02" serialized to JSON strings
[22:33:21.584] [INFO] wrap_batch_bridge: optimized 27 array columns for MATLAB transfer: ['arr_01', 'arr_02', 'arr_03', 'arr_04', 'arr_05']
[22:33:21.966] [INFO] wrap_py_vars_batch: reconstructed 25 flattened array columns
[22:33:21.974] [INFO] wrap_py_vars_batch: parsed 2 JSON columns to structs
[22:33:22.016] [INFO] ===== for_each(dummy_return_one) start =====
[22:33:22.036] [INFO] [scidb] entry: metadata_iterables keys=['subject', 'session', 'speed', 'trial'], types=['list', 'list', 'list', 'list'], lens=[0, 0, 0, 0], user_explicit_keys=[]
[22:33:22.036] [INFO] [scidb] Step 2: resolving 4 empty list(s) from database: ['subject', 'session', 'speed', 'trial']
[22:33:22.037] [INFO] [scidb] resolved 'subject' from database: 20 values
[22:33:22.038] [INFO] [scidb] resolved 'session' from database: 5 values
[22:33:22.039] [INFO] [scidb] resolved 'speed' from database: 10 values
[22:33:22.040] [INFO] [scidb] resolved 'trial' from database: 7 values
[22:33:22.040] [INFO] [scidb] Step 3: no PathInput detected, skipping filesystem discovery
[22:33:22.040] [INFO] [scidb] Step 4: propagating schema keys to scifor
[22:33:22.040] [INFO] [scidb] Step 5: stringifying metadata iterable values for schema keys
[22:33:22.040] [INFO] [scidb] stringified 4 schema key iterable(s)
[22:33:22.040] [INFO] [scidb] Step 6: resolved 1 output name(s): ['DummyOut']
[22:33:22.040] [INFO] [scidb] Step 8: building ForEachConfig version keys
[22:33:22.041] [INFO] [scidb] ForEachConfig: call_id=94295c89bb0d82bf, version_keys=['__fn', '__fn_hash', '__inputs', '__constants', '__as_table']
[22:33:22.041] [INFO] [scidb] Step 9: pre-filtering combos to only existing schema combinations
[22:33:22.053] [INFO] [scidb] all 7000 combos exist in database
[22:33:22.053] [INFO] [scidb] Step 10: loading 1 input(s) into DataFrames
[22:33:22.066] [DEBUG] _find_record(DummyMixed): SQL returned 7000 records, version_id=latest
[22:33:22.066] [DEBUG] _find_record: record 40d0a2bab2e68939: version_keys = {}
[22:33:22.067] [DEBUG] _find_record: record e499ae324f59d834: version_keys = {}
[22:33:22.067] [DEBUG] _find_record: record 7ed60302c1bee089: version_keys = {}
[22:33:22.067] [DEBUG] _find_record: record 28e1fc1b142b49db: version_keys = {}
[22:33:22.067] [DEBUG] _find_record: record 5e8c4280e66f5728: version_keys = {}
[22:33:22.067] [DEBUG] _find_record: record 8eca51c98b4f3e19: version_keys = {}
[22:33:22.067] [DEBUG] _find_record: record 6b0b4838a1171542: version_keys = {}
[22:33:22.067] [DEBUG] _find_record: record e3a30035a4cd1f3e: version_keys = {}
[22:33:22.067] [DEBUG] _find_record: record 0a81a8f91b6f1919: version_keys = {}
[22:33:22.067] [DEBUG] _find_record: record 0a8db589e5837797: version_keys = {}
[22:33:22.067] [DEBUG] _find_record: record b14db421c061db89: version_keys = {}
[22:33:22.067] [DEBUG] _find_record: record 666080f0d3304a7f: version_keys = {}
[22:33:22.067] [DEBUG] _find_record: record 2246f60cce981712: version_keys = {}
[22:33:22.067] [DEBUG] _find_record: record 9cd25884e9ec4d1f: version_keys = {}
[22:33:22.067] [DEBUG] _find_record: record 68af3cecada234d9: version_keys = {}
[22:33:22.067] [DEBUG] _find_record: record dda152b4a634d122: version_keys = {}
[22:33:22.067] [DEBUG] _find_record: record 3beccb1470e36f94: version_keys = {}
[22:33:22.067] [DEBUG] _find_record: record 595027dd4cd27fc9: version_keys = {}
[22:33:22.068] [DEBUG] _find_record: record 9799af3490652e4d: version_keys = {}
[22:33:22.068] [DEBUG] _find_record: record ebddad996d4ed643: version_keys = {}
[22:33:22.068] [DEBUG] _find_record: record 68964b238dd61c5f: version_keys = {}
[22:33:22.068] [DEBUG] _find_record: record 106e3cff0ad234a0: version_keys = {}
[22:33:22.068] [DEBUG] _find_record: record a61baba8c2a2a35e: version_keys = {}
[22:33:22.068] [DEBUG] _find_record: record c1e6922fba49ac3d: version_keys = {}
[22:33:22.068] [DEBUG] _find_record: record fff5bb41d5ffb735: version_keys = {}
[22:33:22.068] [DEBUG] _find_record: record 8a39f0b19a559dda: version_keys = {}
[22:33:22.068] [DEBUG] _find_record: record 8aea1ca1114949f8: version_keys = {}
[22:33:22.068] [DEBUG] _find_record: record 796cc84d836e926a: version_keys = {}
[22:33:22.068] [DEBUG] _find_record: record 1bfbf7aa4b46af01: version_keys = {}
[22:33:22.068] [DEBUG] _find_record: record f7dbf739b848df5c: version_keys = {}
[22:33:22.068] [DEBUG] _find_record: record 1b56b7311b8a8fb8: version_keys = {}
[22:33:22.068] [DEBUG] _find_record: record 7ee6f51d1f7adde1: version_keys = {}
[22:33:22.068] [DEBUG] _find_record: record a1deff6e4b52a4f3: version_keys = {}
[22:33:22.068] [DEBUG] _find_record: record 83360d159b1cbbd8: version_keys = {}
[22:33:22.068] [DEBUG] _find_record: record 5289af945e32ddec: version_keys = {}
[22:33:22.068] [DEBUG] _find_record: record 24ddd3f68673d161: version_keys = {}
[22:33:22.068] [DEBUG] _find_record: record 700eea29e41c8a8c: version_keys = {}
[22:33:22.069] [DEBUG] _find_record: record fc3559002d30db4e: version_keys = {}
[22:33:22.069] [DEBUG] _find_record: record ac1da4240a5a1813: version_keys = {}
[22:33:22.069] [DEBUG] _find_record: record 329e0afd027ddc31: version_keys = {}
[22:33:22.069] [DEBUG] _find_record: record f384833f4af7f04c: version_keys = {}
[22:33:22.069] [DEBUG] _find_record: record 388ae1dd264c772b: version_keys = {}
[22:33:22.069] [DEBUG] _find_record: record 1f181028ef8be610: version_keys = {}
[22:33:22.069] [DEBUG] _find_record: record 3ff8063ce900cabd: version_keys = {}
[22:33:22.069] [DEBUG] _find_record: record def596ecc6898ac7: version_keys = {}
[22:33:22.069] [DEBUG] _find_record: record 629bf624028026fb: version_keys = {}
[22:33:22.069] [DEBUG] _find_record: record 29bc67a6ff03dd5b: version_keys = {}
[22:33:22.069] [DEBUG] _find_record: record 6a6cce064235faf2: version_keys = {}
[22:33:22.069] [DEBUG] _find_record: record 0bf93e690e8f0afa: version_keys = {}
[22:33:22.069] [DEBUG] _find_record: record a2bad2343e84459d: version_keys = {}
[22:33:22.069] [DEBUG] _find_record: record b9c69df90f08a5f4: version_keys = {}
[22:33:22.069] [DEBUG] _find_record: record 062cd88fc08a0138: version_keys = {}
[22:33:22.069] [DEBUG] _find_record: record c1e21119259f5da4: version_keys = {}
[22:33:22.069] [DEBUG] _find_record: record b13602945a0dd848: version_keys = {}
[22:33:22.069] [DEBUG] _find_record: record f83c1e815301529b: version_keys = {}
[22:33:22.069] [DEBUG] _find_record: record e342b27889ce935d: version_keys = {}
[22:33:22.069] [DEBUG] _find_record: record 0828dd9ea1a390fc: version_keys = {}
[22:33:22.069] [DEBUG] _find_record: record 66ff66125db227f1: version_keys = {}
[22:33:22.069] [DEBUG] _find_record: record d09c197560ca42f9: version_keys = {}
[22:33:22.070] [DEBUG] _find_record: record 10601cd1c607bd96: version_keys = {}
[22:33:22.070] [DEBUG] _find_record: record dcdb9d9551089258: version_keys = {}
[22:33:22.070] [DEBUG] _find_record: record d556b7f12282a13c: version_keys = {}
[22:33:22.070] [DEBUG] _find_record: record 19afe75f2cf8b2f1: version_keys = {}
[22:33:22.070] [DEBUG] _find_record: record cd99016b69ca69a3: version_keys = {}
[22:33:22.070] [DEBUG] _find_record: record 0a3e5d6afd64dfa3: version_keys = {}
[22:33:22.070] [DEBUG] _find_record: record 2d0963e370387c9a: version_keys = {}
[22:33:22.070] [DEBUG] _find_record: record cef8253e5c9620b1: version_keys = {}
[22:33:22.070] [DEBUG] _find_record: record 77da9ee46649a75f: version_keys = {}
[22:33:22.070] [DEBUG] _find_record: record e50dd5dc309c72aa: version_keys = {}
[22:33:22.070] [DEBUG] _find_record: record 30a57637d94eedf0: version_keys = {}
[22:33:22.070] [DEBUG] _find_record: record 30f6fe9ba87f408b: version_keys = {}
[22:33:22.070] [DEBUG] _find_record: record 1e778c7535d27425: version_keys = {}
[22:33:22.070] [DEBUG] _find_record: record 6b32de16b3c7e02a: version_keys = {}
[22:33:22.070] [DEBUG] _find_record: record 3c04dc588511600e: version_keys = {}
[22:33:22.070] [DEBUG] _find_record: record 552701f42f3b483d: version_keys = {}
[22:33:22.070] [DEBUG] _find_record: record cff0437ff59aa9fc: version_keys = {}
[22:33:22.070] [DEBUG] _find_record: record 24f53e4d820d8d0c: version_keys = {}
[22:33:22.070] [DEBUG] _find_record: record 97b1af25d8395e3a: version_keys = {}
[22:33:22.070] [DEBUG] _find_record: record 262c03d3fb5b8fcc: version_keys = {}
[22:33:22.070] [DEBUG] _find_record: record 9524ed883c638026: version_keys = {}
[22:33:22.070] [DEBUG] _find_record: record f4ba776c6ccc1267: version_keys = {}
[22:33:22.070] [DEBUG] _find_record: record 77ac7e44c1b08fcc: version_keys = {}
[22:33:22.070] [DEBUG] _find_record: record 339dfa5b56eafd44: version_keys = {}
[22:33:22.070] [DEBUG] _find_record: record edfd0eb631d1b094: version_keys = {}
[22:33:22.070] [DEBUG] _find_record: record ec6a198f8080713f: version_keys = {}
[22:33:22.070] [DEBUG] _find_record: record 7efa97bb087b9116: version_keys = {}
[22:33:22.070] [DEBUG] _find_record: record 14efc15f5f07fc5b: version_keys = {}
[22:33:22.070] [DEBUG] _find_record: record b35d904b1ef29ae1: version_keys = {}
[22:33:22.071] [DEBUG] _find_record: record f189c15f854a3b5e: version_keys = {}
[22:33:22.071] [DEBUG] _find_record: record 321442ed73954d95: version_keys = {}
[22:33:22.071] [DEBUG] _find_record: record 2bdddeeb2e9fc1b7: version_keys = {}
[22:33:22.071] [DEBUG] _find_record: record 07fb5eaa12e88924: version_keys = {}
[22:33:22.071] [DEBUG] _find_record: record 47c2abef6486b595: version_keys = {}
[22:33:22.071] [DEBUG] _find_record: record eab2124ad7171d50: version_keys = {}
[22:33:22.071] [DEBUG] _find_record: record 23310054cfeed2a9: version_keys = {}
[22:33:22.071] [DEBUG] _find_record: record ecd26a50950caa02: version_keys = {}
[22:33:22.071] [DEBUG] _find_record: record e89a94ceeec33c34: version_keys = {}
[22:33:22.071] [DEBUG] _find_record: record f65a9401d689bce3: version_keys = {}
[22:33:22.071] [DEBUG] _find_record: record 8719a356051cc247: version_keys = {}
[22:33:22.071] [DEBUG] _find_record: record 93f7c734252ff474: version_keys = {}
[22:33:22.071] [DEBUG] _find_record: record 3aaf7493170a7c78: version_keys = {}
[22:33:22.071] [DEBUG] _find_record: record 1f6e49498dbc2bac: version_keys = {}
[22:33:22.071] [DEBUG] _find_record: record 8a74dc68184d37ef: version_keys = {}
[22:33:22.071] [DEBUG] _find_record: record d44699dd449414a4: version_keys = {}
[22:33:22.071] [DEBUG] _find_record: record ab206bc2fa79a498: version_keys = {}
[22:33:22.071] [DEBUG] _find_record: record b81cd5d9015695fe: version_keys = {}
[22:33:22.071] [DEBUG] _find_record: record 928940c5eaf065ae: version_keys = {}
[22:33:22.071] [DEBUG] _find_record: record cb86c233df4999ac: version_keys = {}
[22:33:22.071] [DEBUG] _find_record: record 45da78201277a0bf: version_keys = {}
[22:33:22.071] [DEBUG] _find_record: record e0189db6727a22e6: version_keys = {}
[22:33:22.071] [DEBUG] _find_record: record aac1baac233a6aef: version_keys = {}
[22:33:22.071] [DEBUG] _find_record: record 81f70feea98ec52d: version_keys = {}
[22:33:22.071] [DEBUG] _find_record: record 8da785ea515e486a: version_keys = {}
[22:33:22.071] [DEBUG] _find_record: record 3377f66eddf149d4: version_keys = {}
[22:33:22.071] [DEBUG] _find_record: record 820021d59a909c48: version_keys = {}
[22:33:22.071] [DEBUG] _find_record: record 5c7c62e9f340b83d: version_keys = {}
[22:33:22.071] [DEBUG] _find_record: record 2b53d09324c7379f: version_keys = {}
[22:33:22.071] [DEBUG] _find_record: record 0ae4de802ac67841: version_keys = {}
[22:33:22.072] [DEBUG] _find_record: record 4ab39497b2e1f35b: version_keys = {}
[22:33:22.072] [DEBUG] _find_record: record e68bf3ca1194b812: version_keys = {}
[22:33:22.072] [DEBUG] _find_record: record bfce6191a69d806f: version_keys = {}
[22:33:22.072] [DEBUG] _find_record: record 01ab5932e70fc879: version_keys = {}
[22:33:22.072] [DEBUG] _find_record: record 2ce25a2c5d70bf38: version_keys = {}
[22:33:22.072] [DEBUG] _find_record: record b85613225803e385: version_keys = {}
[22:33:22.072] [DEBUG] _find_record: record bc864c57c218bedb: version_keys = {}
[22:33:22.072] [DEBUG] _find_record: record bdf21d2b628b9c83: version_keys = {}
[22:33:22.072] [DEBUG] _find_record: record cf09af7f176c1409: version_keys = {}
[22:33:22.072] [DEBUG] _find_record: record 5e981680af631daa: version_keys = {}
[22:33:22.072] [DEBUG] _find_record: record 0d123e6ba5d53bce: version_keys = {}
[22:33:22.072] [DEBUG] _find_record: record 85ae276b3e5e8b09: version_keys = {}
[22:33:22.072] [DEBUG] _find_record: record a2539e78d7fae41a: version_keys = {}
[22:33:22.072] [DEBUG] _find_record: record e81e4c990c81aff0: version_keys = {}
[22:33:22.072] [DEBUG] _find_record: record 03f8f62d33788098: version_keys = {}
[22:33:22.072] [DEBUG] _find_record: record 6370c6582e091273: version_keys = {}
[22:33:22.072] [DEBUG] _find_record: record e4865cf40909389d: version_keys = {}
[22:33:22.072] [DEBUG] _find_record: record f4fcc7dd79c71222: version_keys = {}
[22:33:22.072] [DEBUG] _find_record: record 4ff5fa5c4de749bd: version_keys = {}
[22:33:22.072] [DEBUG] _find_record: record f7f8d1bc78cf9d6c: version_keys = {}
[22:33:22.072] [DEBUG] _find_record: record a1ba65058ca5c35f: version_keys = {}
[22:33:22.072] [DEBUG] _find_record: record abc1c436d473db4b: version_keys = {}
[22:33:22.072] [DEBUG] _find_record: record 0f4da2c9b96cde8e: version_keys = {}
[22:33:22.072] [DEBUG] _find_record: record 6af4cce5d0d852c1: version_keys = {}
[22:33:22.072] [DEBUG] _find_record: record 54489f514a24ddc3: version_keys = {}
[22:33:22.072] [DEBUG] _find_record: record 75d71dfe1659526a: version_keys = {}
[22:33:22.072] [DEBUG] _find_record: record a6ef63b986a7ba0f: version_keys = {}
[22:33:22.072] [DEBUG] _find_record: record 06673d742610ab12: version_keys = {}
[22:33:22.073] [DEBUG] _find_record: record 122ddf2b256b0277: version_keys = {}
[22:33:22.073] [DEBUG] _find_record: record 18785c73d0052b42: version_keys = {}
[22:33:22.073] [DEBUG] _find_record: record baacad2681e6d33c: version_keys = {}
[22:33:22.073] [DEBUG] _find_record: record 3d04e1baea45faac: version_keys = {}
[22:33:22.073] [DEBUG] _find_record: record e2d3a5aa377014e4: version_keys = {}
[22:33:22.073] [DEBUG] _find_record: record 86c671576278d5f3: version_keys = {}
[22:33:22.073] [DEBUG] _find_record: record 387b88e3428cfac8: version_keys = {}
[22:33:22.073] [DEBUG] _find_record: record 9e6637506c3a43fd: version_keys = {}
[22:33:22.073] [DEBUG] _find_record: record 387c330e1618b3dd: version_keys = {}
[22:33:22.073] [DEBUG] _find_record: record fcfe55cf9ff0e5ab: version_keys = {}
[22:33:22.073] [DEBUG] _find_record: record c5353e01e1beffdf: version_keys = {}
[22:33:22.073] [DEBUG] _find_record: record 451c5db078aeaa68: version_keys = {}
[22:33:22.073] [DEBUG] _find_record: record 04e11caaa2a31522: version_keys = {}
[22:33:22.073] [DEBUG] _find_record: record 60664ec9b40ca9ab: version_keys = {}
[22:33:22.073] [DEBUG] _find_record: record 5600a8c36cdae71a: version_keys = {}
[22:33:22.073] [DEBUG] _find_record: record 811f99daf640f70a: version_keys = {}
[22:33:22.073] [DEBUG] _find_record: record 5f5b14a210c2a133: version_keys = {}
[22:33:22.073] [DEBUG] _find_record: record 176072eef5235f94: version_keys = {}
[22:33:22.073] [DEBUG] _find_record: record 92d1f6f3b47591be: version_keys = {}
[22:33:22.073] [DEBUG] _find_record: record b8fdf3d8b402d1e5: version_keys = {}
[22:33:22.073] [DEBUG] _find_record: record 687badf3bfe2254e: version_keys = {}
[22:33:22.073] [DEBUG] _find_record: record 4c69ff893916d136: version_keys = {}
[22:33:22.073] [DEBUG] _find_record: record cd1c5a686564c356: version_keys = {}
[22:33:22.073] [DEBUG] _find_record: record 81c64f1e31f668bd: version_keys = {}
[22:33:22.073] [DEBUG] _find_record: record e2bc45d9fc9ffd64: version_keys = {}
[22:33:22.073] [DEBUG] _find_record: record af76e52d2d734f8a: version_keys = {}
[22:33:22.074] [DEBUG] _find_record: record e9b0e8bf3177fd9f: version_keys = {}
[22:33:22.074] [DEBUG] _find_record: record 45b43a5802fcb376: version_keys = {}
[22:33:22.074] [DEBUG] _find_record: record f1e0981a70ca9352: version_keys = {}
[22:33:22.074] [DEBUG] _find_record: record 09b1531115b007ff: version_keys = {}
[22:33:22.074] [DEBUG] _find_record: record 4382d7874172c34e: version_keys = {}
[22:33:22.074] [DEBUG] _find_record: record 23680cf1e7c3ec11: version_keys = {}
[22:33:22.074] [DEBUG] _find_record: record e27be59a395dae30: version_keys = {}
[22:33:22.074] [DEBUG] _find_record: record c60669661193f80d: version_keys = {}
[22:33:22.074] [DEBUG] _find_record: record 85a202c2c49f8f22: version_keys = {}
[22:33:22.074] [DEBUG] _find_record: record 6d9ddf6a4cf5673a: version_keys = {}
[22:33:22.074] [DEBUG] _find_record: record c69a518274a2280e: version_keys = {}
[22:33:22.074] [DEBUG] _find_record: record f225ea9a12cc4820: version_keys = {}
[22:33:22.074] [DEBUG] _find_record: record 1fd262891c69a31e: version_keys = {}
[22:33:22.074] [DEBUG] _find_record: record 6975b9d2d972c7f4: version_keys = {}
[22:33:22.074] [DEBUG] _find_record: record a1704cacdd7875f3: version_keys = {}
[22:33:22.074] [DEBUG] _find_record: record 24648c75242db815: version_keys = {}
[22:33:22.074] [DEBUG] _find_record: record 21a54adbca8e1967: version_keys = {}
[22:33:22.074] [DEBUG] _find_record: record 7cf7835265f959bf: version_keys = {}
[22:33:22.074] [DEBUG] _find_record: record 3f203aeeaf05dc1a: version_keys = {}
[22:33:22.074] [DEBUG] _find_record: record aceb938a8173126f: version_keys = {}
[22:33:22.074] [DEBUG] _find_record: record 936ad81a3da8533d: version_keys = {}
[22:33:22.074] [DEBUG] _find_record: record 247ce9dacd9818e7: version_keys = {}
[22:33:22.074] [DEBUG] _find_record: record 38743b81ee94fc79: version_keys = {}
[22:33:22.074] [DEBUG] _find_record: record 7cf197e3de3a8b4a: version_keys = {}
[22:33:22.074] [DEBUG] _find_record: record 85187d6e2d8c88a9: version_keys = {}
[22:33:22.074] [DEBUG] _find_record: record 49b9ab88daab7e9f: version_keys = {}
[22:33:22.074] [DEBUG] _find_record: record 54b48887e72aaf3a: version_keys = {}
[22:33:22.074] [DEBUG] _find_record: record 7ef4217ebf10d1ea: version_keys = {}
[22:33:22.075] [DEBUG] _find_record: record e772e8e1656e2955: version_keys = {}
[22:33:22.075] [DEBUG] _find_record: record 55ac4fe2aa5bc63f: version_keys = {}
[22:33:22.075] [DEBUG] _find_record: record b599d28f587b9b7b: version_keys = {}
[22:33:22.075] [DEBUG] _find_record: record 80790ffce74d9800: version_keys = {}
[22:33:22.075] [DEBUG] _find_record: record 5087330c9f9f40d3: version_keys = {}
[22:33:22.075] [DEBUG] _find_record: record d5b08c4ed007284a: version_keys = {}
[22:33:22.075] [DEBUG] _find_record: record 53592042dc9a9648: version_keys = {}
[22:33:22.075] [DEBUG] _find_record: record d801c067add8dec1: version_keys = {}
[22:33:22.075] [DEBUG] _find_record: record 501ae1166e94ec51: version_keys = {}
[22:33:22.075] [DEBUG] _find_record: record de14772f34db5196: version_keys = {}
[22:33:22.075] [DEBUG] _find_record: record c337395d83218307: version_keys = {}
[22:33:22.075] [DEBUG] _find_record: record 1c666515bbb3989b: version_keys = {}
[22:33:22.075] [DEBUG] _find_record: record a0509bc6b7d44ad0: version_keys = {}
[22:33:22.075] [DEBUG] _find_record: record d03f3f93bff24df3: version_keys = {}
[22:33:22.075] [DEBUG] _find_record: record 359491734ba39811: version_keys = {}
[22:33:22.075] [DEBUG] _find_record: record 59a5b1a5b5a4586e: version_keys = {}
[22:33:22.075] [DEBUG] _find_record: record 4442b3978dbf2585: version_keys = {}
[22:33:22.075] [DEBUG] _find_record: record 7437969b86e91f41: version_keys = {}
[22:33:22.075] [DEBUG] _find_record: record 7d86a7d33db2bc48: version_keys = {}
[22:33:22.075] [DEBUG] _find_record: record ab24bcb87daab237: version_keys = {}
[22:33:22.075] [DEBUG] _find_record: record b59d74ada7065783: version_keys = {}
[22:33:22.075] [DEBUG] _find_record: record 04893b0f99c8a9e2: version_keys = {}
[22:33:22.075] [DEBUG] _find_record: record afc490fb17cd7332: version_keys = {}
[22:33:22.075] [DEBUG] _find_record: record b91f2ad2d8e98ba7: version_keys = {}
[22:33:22.075] [DEBUG] _find_record: record e1745856045b79ea: version_keys = {}
[22:33:22.075] [DEBUG] _find_record: record b5c0f08e506441dd: version_keys = {}
[22:33:22.075] [DEBUG] _find_record: record 360ea6b05973f55d: version_keys = {}
[22:33:22.076] [DEBUG] _find_record: record e231a98328f29b14: version_keys = {}
[22:33:22.076] [DEBUG] _find_record: record 3b16020b56c256d4: version_keys = {}
[22:33:22.076] [DEBUG] _find_record: record af602d94cb2e7d9a: version_keys = {}
[22:33:22.076] [DEBUG] _find_record: record 9706db79c3d5471b: version_keys = {}
[22:33:22.076] [DEBUG] _find_record: record 3e1e5259525df32f: version_keys = {}
[22:33:22.076] [DEBUG] _find_record: record 570762e7ee38d037: version_keys = {}
[22:33:22.076] [DEBUG] _find_record: record aa76a227a9ed4b76: version_keys = {}
[22:33:22.076] [DEBUG] _find_record: record 31912376136bd944: version_keys = {}
[22:33:22.076] [DEBUG] _find_record: record 84e7773615133235: version_keys = {}
[22:33:22.076] [DEBUG] _find_record: record f8d3b95feed2c534: version_keys = {}
[22:33:22.076] [DEBUG] _find_record: record e90a16adaf3d76aa: version_keys = {}
[22:33:22.076] [DEBUG] _find_record: record e127881d40af6114: version_keys = {}
[22:33:22.076] [DEBUG] _find_record: record debcc05e2efc8c5a: version_keys = {}
[22:33:22.076] [DEBUG] _find_record: record 7ef5b883fd6ed490: version_keys = {}
[22:33:22.076] [DEBUG] _find_record: record 6d3cb3747867343d: version_keys = {}
[22:33:22.076] [DEBUG] _find_record: record c7addbf265b36987: version_keys = {}
[22:33:22.076] [DEBUG] _find_record: record 146c4d669a767a26: version_keys = {}
[22:33:22.076] [DEBUG] _find_record: record d524919cad02beb4: version_keys = {}
[22:33:22.076] [DEBUG] _find_record: record fcd2268af912192f: version_keys = {}
[22:33:22.076] [DEBUG] _find_record: record 4d24a429903c5963: version_keys = {}
[22:33:22.076] [DEBUG] _find_record: record 58defdd0a0ee9045: version_keys = {}
[22:33:22.076] [DEBUG] _find_record: record 734c83203ed5af59: version_keys = {}
[22:33:22.076] [DEBUG] _find_record: record 89510c3b081355a8: version_keys = {}
[22:33:22.076] [DEBUG] _find_record: record ae19eed902614144: version_keys = {}
[22:33:22.076] [DEBUG] _find_record: record 7a461c80800e7741: version_keys = {}
[22:33:22.076] [DEBUG] _find_record: record 718613635c866b61: version_keys = {}
[22:33:22.076] [DEBUG] _find_record: record f1110c72a0a3972f: version_keys = {}
[22:33:22.076] [DEBUG] _find_record: record dab9b01cbe3b536a: version_keys = {}
[22:33:22.077] [DEBUG] _find_record: record 437e730013ddb98a: version_keys = {}
[22:33:22.077] [DEBUG] _find_record: record 69331efc26dcb5a5: version_keys = {}
[22:33:22.077] [DEBUG] _find_record: record 890efa5de8228206: version_keys = {}
[22:33:22.077] [DEBUG] _find_record: record 4be417b9a067eed9: version_keys = {}
[22:33:22.077] [DEBUG] _find_record: record e0e0979008824e95: version_keys = {}
[22:33:22.077] [DEBUG] _find_record: record 0a2b3181ab3f6a66: version_keys = {}
[22:33:22.077] [DEBUG] _find_record: record 6fbfbc938efdf995: version_keys = {}
[22:33:22.077] [DEBUG] _find_record: record 8c91cd6b17b08d26: version_keys = {}
[22:33:22.077] [DEBUG] _find_record: record 8bbd348a9f92558b: version_keys = {}
[22:33:22.077] [DEBUG] _find_record: record 02452cdfcca6a2d5: version_keys = {}
[22:33:22.077] [DEBUG] _find_record: record 1659967135d94466: version_keys = {}
[22:33:22.077] [DEBUG] _find_record: record 115bca48d0f7152c: version_keys = {}
[22:33:22.077] [DEBUG] _find_record: record b49aa660fcae5a51: version_keys = {}
[22:33:22.077] [DEBUG] _find_record: record 9d3de6090bd0ffc5: version_keys = {}
[22:33:22.077] [DEBUG] _find_record: record acac7994ee4b617d: version_keys = {}
[22:33:22.077] [DEBUG] _find_record: record e8580405a5ecaa26: version_keys = {}
[22:33:22.077] [DEBUG] _find_record: record 74cf80ef2c7486cb: version_keys = {}
[22:33:22.077] [DEBUG] _find_record: record ba68a89245ce2a83: version_keys = {}
[22:33:22.077] [DEBUG] _find_record: record 41381ef75456f6ef: version_keys = {}
[22:33:22.077] [DEBUG] _find_record: record ad02f496dcc94677: version_keys = {}
[22:33:22.077] [DEBUG] _find_record: record d253fd475c16d878: version_keys = {}
[22:33:22.077] [DEBUG] _find_record: record d31ed55049bac531: version_keys = {}
[22:33:22.077] [DEBUG] _find_record: record 1f05d83524e88290: version_keys = {}
[22:33:22.077] [DEBUG] _find_record: record d2ee90e943073f46: version_keys = {}
[22:33:22.077] [DEBUG] _find_record: record ffed9515d15ddc56: version_keys = {}
[22:33:22.077] [DEBUG] _find_record: record 09f39c98f27a78c1: version_keys = {}
[22:33:22.077] [DEBUG] _find_record: record 0448c6db9066f54c: version_keys = {}
[22:33:22.077] [DEBUG] _find_record: record 0980eb10d2857955: version_keys = {}
[22:33:22.077] [DEBUG] _find_record: record a279e20076132676: version_keys = {}
[22:33:22.077] [DEBUG] _find_record: record 2811cff7af036ffb: version_keys = {}
[22:33:22.078] [DEBUG] _find_record: record c0b9aa082b4f4a3c: version_keys = {}
[22:33:22.078] [DEBUG] _find_record: record 7b158e2b377497ff: version_keys = {}
[22:33:22.078] [DEBUG] _find_record: record ce7bad1f9cbca1ee: version_keys = {}
[22:33:22.078] [DEBUG] _find_record: record 25b3772556ebe1da: version_keys = {}
[22:33:22.078] [DEBUG] _find_record: record 3d04115267bbeca2: version_keys = {}
[22:33:22.078] [DEBUG] _find_record: record ce3a552f33f6ba63: version_keys = {}
[22:33:22.078] [DEBUG] _find_record: record b6ab73075e521856: version_keys = {}
[22:33:22.078] [DEBUG] _find_record: record bfa4317b9bd69653: version_keys = {}
[22:33:22.078] [DEBUG] _find_record: record 7abd8b3b142e9338: version_keys = {}
[22:33:22.078] [DEBUG] _find_record: record 5af84d50090fcd87: version_keys = {}
[22:33:22.078] [DEBUG] _find_record: record fbff71d0cb8f950b: version_keys = {}
[22:33:22.078] [DEBUG] _find_record: record a7762c68a5f61ef6: version_keys = {}
[22:33:22.078] [DEBUG] _find_record: record 61ffec78c3d3515d: version_keys = {}
[22:33:22.078] [DEBUG] _find_record: record 80c7c383b612909f: version_keys = {}
[22:33:22.078] [DEBUG] _find_record: record 4257265a47a8cda7: version_keys = {}
[22:33:22.078] [DEBUG] _find_record: record bab5eabbbf289026: version_keys = {}
[22:33:22.078] [DEBUG] _find_record: record d3fc4d98bfe3a7b2: version_keys = {}
[22:33:22.078] [DEBUG] _find_record: record 2a7841f9fef503a4: version_keys = {}
[22:33:22.078] [DEBUG] _find_record: record 52d1fa8fcfe3f91e: version_keys = {}
[22:33:22.078] [DEBUG] _find_record: record 92d21f1fa8ef8c10: version_keys = {}
[22:33:22.078] [DEBUG] _find_record: record decc4d99c808f271: version_keys = {}
[22:33:22.078] [DEBUG] _find_record: record 70fdd3e9c3c89a80: version_keys = {}
[22:33:22.078] [DEBUG] _find_record: record c105737665ec9fcc: version_keys = {}
[22:33:22.078] [DEBUG] _find_record: record f108e1b77336017d: version_keys = {}
[22:33:22.078] [DEBUG] _find_record: record 660762ce3a79ef4f: version_keys = {}
[22:33:22.078] [DEBUG] _find_record: record bc1359456f7c60ac: version_keys = {}
[22:33:22.078] [DEBUG] _find_record: record f875639845ee56b9: version_keys = {}
[22:33:22.078] [DEBUG] _find_record: record feb3d9a7c2ebd339: version_keys = {}
[22:33:22.078] [DEBUG] _find_record: record 25d65ae729b6d540: version_keys = {}
[22:33:22.078] [DEBUG] _find_record: record d75da31903218b45: version_keys = {}
[22:33:22.079] [DEBUG] _find_record: record f6aba8b2c756423f: version_keys = {}
[22:33:22.079] [DEBUG] _find_record: record 0137df545efde6bd: version_keys = {}
[22:33:22.079] [DEBUG] _find_record: record 355400fb362decf4: version_keys = {}
[22:33:22.079] [DEBUG] _find_record: record f4ee2b04bc83d67b: version_keys = {}
[22:33:22.079] [DEBUG] _find_record: record 17d1a5d6104c095a: version_keys = {}
[22:33:22.079] [DEBUG] _find_record: record 4060fc546b0ed346: version_keys = {}
[22:33:22.079] [DEBUG] _find_record: record e958e9493f861800: version_keys = {}
[22:33:22.079] [DEBUG] _find_record: record ecd0e5230ea6f75b: version_keys = {}
[22:33:22.079] [DEBUG] _find_record: record 641e5872446bf4d7: version_keys = {}
[22:33:22.079] [DEBUG] _find_record: record 788449814128d07f: version_keys = {}
[22:33:22.079] [DEBUG] _find_record: record 58bb4302b1ab30ee: version_keys = {}
[22:33:22.079] [DEBUG] _find_record: record 94e72c8690360315: version_keys = {}
[22:33:22.079] [DEBUG] _find_record: record 3b3afc684af02bd4: version_keys = {}
[22:33:22.079] [DEBUG] _find_record: record 5b4107ae60b96daa: version_keys = {}
[22:33:22.079] [DEBUG] _find_record: record a43437f94ed55afd: version_keys = {}
[22:33:22.079] [DEBUG] _find_record: record 1682f361ffd4f4b5: version_keys = {}
[22:33:22.079] [DEBUG] _find_record: record 66dbdec257c4594c: version_keys = {}
[22:33:22.079] [DEBUG] _find_record: record 50951be53eb91a7d: version_keys = {}
[22:33:22.079] [DEBUG] _find_record: record f689222fdd1d888a: version_keys = {}
[22:33:22.079] [DEBUG] _find_record: record 9a01e76fc23215fe: version_keys = {}
[22:33:22.079] [DEBUG] _find_record: record 6c7690cb935da338: version_keys = {}
[22:33:22.079] [DEBUG] _find_record: record 222d6356f22abe1c: version_keys = {}
[22:33:22.079] [DEBUG] _find_record: record 071d038218f2c3df: version_keys = {}
[22:33:22.079] [DEBUG] _find_record: record 591fed47cb845e92: version_keys = {}
[22:33:22.079] [DEBUG] _find_record: record 042116eebf41d1eb: version_keys = {}
[22:33:22.079] [DEBUG] _find_record: record 090b1f6208930758: version_keys = {}
[22:33:22.079] [DEBUG] _find_record: record d8cd342018b5d8d7: version_keys = {}
[22:33:22.079] [DEBUG] _find_record: record edf3c98729cf0eea: version_keys = {}
[22:33:22.079] [DEBUG] _find_record: record 9f003a37449b7486: version_keys = {}
[22:33:22.080] [DEBUG] _find_record: record 18340e9e196e0d6a: version_keys = {}
[22:33:22.080] [DEBUG] _find_record: record 5e269cd737bbbc1a: version_keys = {}
[22:33:22.080] [DEBUG] _find_record: record 47e3657c59449746: version_keys = {}
[22:33:22.080] [DEBUG] _find_record: record 19339725d6253a58: version_keys = {}
[22:33:22.080] [DEBUG] _find_record: record 5f607ea2660f8177: version_keys = {}
[22:33:22.080] [DEBUG] _find_record: record e462947f29840e52: version_keys = {}
[22:33:22.080] [DEBUG] _find_record: record 39ec7ed6ce994adf: version_keys = {}
[22:33:22.080] [DEBUG] _find_record: record 83d713dac3637160: version_keys = {}
[22:33:22.080] [DEBUG] _find_record: record 6e7dc3a80700300a: version_keys = {}
[22:33:22.080] [DEBUG] _find_record: record b1e9495abb273061: version_keys = {}
[22:33:22.080] [DEBUG] _find_record: record 5edf0374dbb6b3a7: version_keys = {}
[22:33:22.080] [DEBUG] _find_record: record ad8e5e8c19b1fe04: version_keys = {}
[22:33:22.080] [DEBUG] _find_record: record f6886eb3e08a8648: version_keys = {}
[22:33:22.080] [DEBUG] _find_record: record cae06891788c27a5: version_keys = {}
[22:33:22.080] [DEBUG] _find_record: record 1be520e674d9bba0: version_keys = {}
[22:33:22.080] [DEBUG] _find_record: record 93d8663cbe2c18fa: version_keys = {}
[22:33:22.080] [DEBUG] _find_record: record 10c3d537aa806936: version_keys = {}
[22:33:22.080] [DEBUG] _find_record: record 59d23aed69007398: version_keys = {}
[22:33:22.080] [DEBUG] _find_record: record 6d82ea9799c28bc9: version_keys = {}
[22:33:22.080] [DEBUG] _find_record: record d5e7c92a6e1435f9: version_keys = {}
[22:33:22.080] [DEBUG] _find_record: record 48cdaa91882a923e: version_keys = {}
[22:33:22.080] [DEBUG] _find_record: record 5842beaa0fdba6aa: version_keys = {}
[22:33:22.080] [DEBUG] _find_record: record 42fcee8dbade83d3: version_keys = {}
[22:33:22.080] [DEBUG] _find_record: record 8b1ab1428227e795: version_keys = {}
[22:33:22.080] [DEBUG] _find_record: record 4f1dd0f4888b8384: version_keys = {}
[22:33:22.080] [DEBUG] _find_record: record eaaf741a7512b0b6: version_keys = {}
[22:33:22.080] [DEBUG] _find_record: record 471f4358db380edc: version_keys = {}
[22:33:22.081] [DEBUG] _find_record: record 019a7967cca0655b: version_keys = {}
[22:33:22.081] [DEBUG] _find_record: record 6be6bcba2589d4dd: version_keys = {}
[22:33:22.081] [DEBUG] _find_record: record bbc7a5de20834b30: version_keys = {}
[22:33:22.081] [DEBUG] _find_record: record 9a5eade01a729a0e: version_keys = {}
[22:33:22.081] [DEBUG] _find_record: record dd6a3113d50789e1: version_keys = {}
[22:33:22.081] [DEBUG] _find_record: record 7c20fabfe8e80c42: version_keys = {}
[22:33:22.081] [DEBUG] _find_record: record 590029162ca52155: version_keys = {}
[22:33:22.081] [DEBUG] _find_record: record 947edc8ec26074c2: version_keys = {}
[22:33:22.081] [DEBUG] _find_record: record a457776bc6296902: version_keys = {}
[22:33:22.081] [DEBUG] _find_record: record dca6f215b0123d26: version_keys = {}
[22:33:22.081] [DEBUG] _find_record: record d8afbc5437632473: version_keys = {}
[22:33:22.081] [DEBUG] _find_record: record 44370995625413f6: version_keys = {}
[22:33:22.081] [DEBUG] _find_record: record 1e10dcfa701fda33: version_keys = {}
[22:33:22.081] [DEBUG] _find_record: record c3b1d1b8ef6370dc: version_keys = {}
[22:33:22.081] [DEBUG] _find_record: record d8e4fa6361b90d79: version_keys = {}
[22:33:22.081] [DEBUG] _find_record: record 0246db7bb6e69980: version_keys = {}
[22:33:22.081] [DEBUG] _find_record: record 24361f2b166029de: version_keys = {}
[22:33:22.081] [DEBUG] _find_record: record 4a21368bbc70e64b: version_keys = {}
[22:33:22.081] [DEBUG] _find_record: record 46559c9c7fd85c4d: version_keys = {}
[22:33:22.081] [DEBUG] _find_record: record 8c751ab2ce45875e: version_keys = {}
[22:33:22.081] [DEBUG] _find_record: record 38299b9a42c4dd6a: version_keys = {}
[22:33:22.081] [DEBUG] _find_record: record 3417323ecc0fe516: version_keys = {}
[22:33:22.081] [DEBUG] _find_record: record c65269ba85022fb3: version_keys = {}
[22:33:22.081] [DEBUG] _find_record: record fdbf86c1d7919126: version_keys = {}
[22:33:22.081] [DEBUG] _find_record: record efa9e0bc4ab1673c: version_keys = {}
[22:33:22.082] [DEBUG] _find_record: record 28a8973d4aaeec4d: version_keys = {}
[22:33:22.082] [DEBUG] _find_record: record e8b04f2ff91e5780: version_keys = {}
[22:33:22.082] [DEBUG] _find_record: record 3a63be92505deeb4: version_keys = {}
[22:33:22.082] [DEBUG] _find_record: record f7277b22d6be63ec: version_keys = {}
[22:33:22.082] [DEBUG] _find_record: record 004bda84c952e62d: version_keys = {}
[22:33:22.082] [DEBUG] _find_record: record b30bb3f62db0f1a4: version_keys = {}
[22:33:22.082] [DEBUG] _find_record: record f3f5074150ce071f: version_keys = {}
[22:33:22.082] [DEBUG] _find_record: record 8098dc0e4a4d1eb3: version_keys = {}
[22:33:22.082] [DEBUG] _find_record: record dd82bbb361b31cc9: version_keys = {}
[22:33:22.082] [DEBUG] _find_record: record 0a22a25dc5d9b8f0: version_keys = {}
[22:33:22.082] [DEBUG] _find_record: record d0e67d73ac39ed8e: version_keys = {}
[22:33:22.082] [DEBUG] _find_record: record 6ee36b2861a22f06: version_keys = {}
[22:33:22.082] [DEBUG] _find_record: record cdbd415deb54afe7: version_keys = {}
[22:33:22.082] [DEBUG] _find_record: record b5d1581951f5defe: version_keys = {}
[22:33:22.082] [DEBUG] _find_record: record bb07c1e90dea0c88: version_keys = {}
[22:33:22.082] [DEBUG] _find_record: record 5ae7366bf63b119c: version_keys = {}
[22:33:22.082] [DEBUG] _find_record: record 3a9bd13ecc04404d: version_keys = {}
[22:33:22.082] [DEBUG] _find_record: record 45613281847c5d1e: version_keys = {}
[22:33:22.082] [DEBUG] _find_record: record 5fe8644208df48c6: version_keys = {}
[22:33:22.082] [DEBUG] _find_record: record c500d6a55db31c5b: version_keys = {}
[22:33:22.082] [DEBUG] _find_record: record 4acdde876ce91b20: version_keys = {}
[22:33:22.082] [DEBUG] _find_record: record 2aeb570405a968c0: version_keys = {}
[22:33:22.082] [DEBUG] _find_record: record e2d7034d855614f0: version_keys = {}
[22:33:22.082] [DEBUG] _find_record: record 5240ea05804b9315: version_keys = {}
[22:33:22.082] [DEBUG] _find_record: record dfa27e126a8edaba: version_keys = {}
[22:33:22.082] [DEBUG] _find_record: record 3c109bc3e9ec8ef3: version_keys = {}
[22:33:22.083] [DEBUG] _find_record: record 8a43566863bd99e9: version_keys = {}
[22:33:22.083] [DEBUG] _find_record: record fb3ebf067a6f6e07: version_keys = {}
[22:33:22.083] [DEBUG] _find_record: record 0383b57e48e4e318: version_keys = {}
[22:33:22.083] [DEBUG] _find_record: record 149bc5a7535f5127: version_keys = {}
[22:33:22.083] [DEBUG] _find_record: record bd3646f8c6f7bef2: version_keys = {}
[22:33:22.083] [DEBUG] _find_record: record 10c22cc970e5d811: version_keys = {}
[22:33:22.083] [DEBUG] _find_record: record 3615f0fcf65085a9: version_keys = {}
[22:33:22.083] [DEBUG] _find_record: record 1be2e3ac6599803f: version_keys = {}
[22:33:22.083] [DEBUG] _find_record: record 7e8c2d0213f18e1c: version_keys = {}
[22:33:22.083] [DEBUG] _find_record: record 2e8974d2e5080eba: version_keys = {}
[22:33:22.083] [DEBUG] _find_record: record 2c899fab6862ac14: version_keys = {}
[22:33:22.083] [DEBUG] _find_record: record 04f5eea947f6217d: version_keys = {}
[22:33:22.083] [DEBUG] _find_record: record 032294471ff9df84: version_keys = {}
[22:33:22.083] [DEBUG] _find_record: record 464c0ef34d4c86e4: version_keys = {}
[22:33:22.083] [DEBUG] _find_record: record 84f7376d364d8e58: version_keys = {}
[22:33:22.083] [DEBUG] _find_record: record 4830bfedb6d743fa: version_keys = {}
[22:33:22.083] [DEBUG] _find_record: record 25f902dbcfd45946: version_keys = {}
[22:33:22.083] [DEBUG] _find_record: record 65e10cc51dd2300c: version_keys = {}
[22:33:22.083] [DEBUG] _find_record: record 65cd8bea23882d4f: version_keys = {}
[22:33:22.083] [DEBUG] _find_record: record c5f0fa4b536d8c19: version_keys = {}
[22:33:22.083] [DEBUG] _find_record: record 7308443af0e5fb41: version_keys = {}
[22:33:22.083] [DEBUG] _find_record: record 1dfb9f195b25a015: version_keys = {}
[22:33:22.083] [DEBUG] _find_record: record 448c69ae297d93a0: version_keys = {}
[22:33:22.083] [DEBUG] _find_record: record 1e1653886eba28d8: version_keys = {}
[22:33:22.083] [DEBUG] _find_record: record 6d38bdf223d1b837: version_keys = {}
[22:33:22.083] [DEBUG] _find_record: record 88cc235384baf105: version_keys = {}
[22:33:22.084] [DEBUG] _find_record: record da542cf7c508093e: version_keys = {}
[22:33:22.084] [DEBUG] _find_record: record 48b2f117a078e6d4: version_keys = {}
[22:33:22.084] [DEBUG] _find_record: record 027d75d12ea4090d: version_keys = {}
[22:33:22.084] [DEBUG] _find_record: record 34240b23a2a1ee3f: version_keys = {}
[22:33:22.084] [DEBUG] _find_record: record de61ea19cdce077d: version_keys = {}
[22:33:22.084] [DEBUG] _find_record: record c6a0736388265d79: version_keys = {}
[22:33:22.084] [DEBUG] _find_record: record 36861e1572d957f6: version_keys = {}
[22:33:22.084] [DEBUG] _find_record: record 33afc5faa44fabc9: version_keys = {}
[22:33:22.084] [DEBUG] _find_record: record f922eb2911af1dd8: version_keys = {}
[22:33:22.084] [DEBUG] _find_record: record 1026fa8c2bf203d0: version_keys = {}
[22:33:22.084] [DEBUG] _find_record: record a1a7168e38bb35cc: version_keys = {}
[22:33:22.084] [DEBUG] _find_record: record f5a8cb45117a165e: version_keys = {}
[22:33:22.084] [DEBUG] _find_record: record 15e54926e308bf92: version_keys = {}
[22:33:22.084] [DEBUG] _find_record: record 24d948e1999ab16b: version_keys = {}
[22:33:22.084] [DEBUG] _find_record: record c14344c49825554f: version_keys = {}
[22:33:22.084] [DEBUG] _find_record: record 3dedf09162f30ebf: version_keys = {}
[22:33:22.084] [DEBUG] _find_record: record 5c2387ae6efa9ed1: version_keys = {}
[22:33:22.084] [DEBUG] _find_record: record b0f3136c625f3d28: version_keys = {}
[22:33:22.084] [DEBUG] _find_record: record b461f527558b92c5: version_keys = {}
[22:33:22.084] [DEBUG] _find_record: record e9e4c115f10d7e6b: version_keys = {}
[22:33:22.084] [DEBUG] _find_record: record 341d35d85930de90: version_keys = {}
[22:33:22.084] [DEBUG] _find_record: record 3b53b44a654a79f2: version_keys = {}
[22:33:22.084] [DEBUG] _find_record: record 6846e766b566a68e: version_keys = {}
[22:33:22.084] [DEBUG] _find_record: record 742bc0141f1bb50e: version_keys = {}
[22:33:22.084] [DEBUG] _find_record: record 1d18028689d98f2b: version_keys = {}
[22:33:22.084] [DEBUG] _find_record: record 35b28601e4edb2a3: version_keys = {}
[22:33:22.084] [DEBUG] _find_record: record 778eb0f2fa7fc8f9: version_keys = {}
[22:33:22.084] [DEBUG] _find_record: record c8e9f37b772aaebf: version_keys = {}
[22:33:22.084] [DEBUG] _find_record: record 14ca4fee6f5275c6: version_keys = {}
[22:33:22.084] [DEBUG] _find_record: record 87485dda7eb8b344: version_keys = {}
[22:33:22.084] [DEBUG] _find_record: record 896c2c203256e791: version_keys = {}
[22:33:22.085] [DEBUG] _find_record: record 443991fd6d2aada5: version_keys = {}
[22:33:22.085] [DEBUG] _find_record: record 3241cccb4d6391ca: version_keys = {}
[22:33:22.085] [DEBUG] _find_record: record f4edb8a2464a9ab1: version_keys = {}
[22:33:22.085] [DEBUG] _find_record: record cbfc70df9f17d2f2: version_keys = {}
[22:33:22.085] [DEBUG] _find_record: record 28520453d168f33b: version_keys = {}
[22:33:22.085] [DEBUG] _find_record: record b7e08e69d2dc93fd: version_keys = {}
[22:33:22.085] [DEBUG] _find_record: record 34ce72726ad91d27: version_keys = {}
[22:33:22.085] [DEBUG] _find_record: record 5cbf4eb6f9cb6b13: version_keys = {}
[22:33:22.085] [DEBUG] _find_record: record 7efff2e396e35dd6: version_keys = {}
[22:33:22.085] [DEBUG] _find_record: record 89df8b9a0f8dd7bd: version_keys = {}
[22:33:22.085] [DEBUG] _find_record: record 25789b3972a20097: version_keys = {}
[22:33:22.085] [DEBUG] _find_record: record 925b6c5a1580f860: version_keys = {}
[22:33:22.085] [DEBUG] _find_record: record 25a6729bce66520c: version_keys = {}
[22:33:22.085] [DEBUG] _find_record: record 5687a56578f23615: version_keys = {}
[22:33:22.085] [DEBUG] _find_record: record 7f49d35e898be09e: version_keys = {}
[22:33:22.085] [DEBUG] _find_record: record 4b39c83695714e47: version_keys = {}
[22:33:22.085] [DEBUG] _find_record: record 97f0b9b71f6e419d: version_keys = {}
[22:33:22.085] [DEBUG] _find_record: record 425ad1bc92686461: version_keys = {}
[22:33:22.085] [DEBUG] _find_record: record d738e4278fd8a5d0: version_keys = {}
[22:33:22.085] [DEBUG] _find_record: record 0897c1076fc2c803: version_keys = {}
[22:33:22.085] [DEBUG] _find_record: record b54270247e340dbf: version_keys = {}
[22:33:22.085] [DEBUG] _find_record: record 45d88e33d8285854: version_keys = {}
[22:33:22.085] [DEBUG] _find_record: record bdefb686bfeb3edf: version_keys = {}
[22:33:22.085] [DEBUG] _find_record: record 3bc73ccdbb634021: version_keys = {}
[22:33:22.085] [DEBUG] _find_record: record f160f262f4e7bd06: version_keys = {}
[22:33:22.085] [DEBUG] _find_record: record bd162edb21404038: version_keys = {}
[22:33:22.085] [DEBUG] _find_record: record 19fef01e6662dbaa: version_keys = {}
[22:33:22.085] [DEBUG] _find_record: record 0069b42a659fb7b9: version_keys = {}
[22:33:22.085] [DEBUG] _find_record: record 981e336b96bd0f49: version_keys = {}
[22:33:22.085] [DEBUG] _find_record: record 58fb2b5a29bbeed3: version_keys = {}
[22:33:22.086] [DEBUG] _find_record: record 42daa13603c09975: version_keys = {}
[22:33:22.086] [DEBUG] _find_record: record ed397060d1a12945: version_keys = {}
[22:33:22.086] [DEBUG] _find_record: record be182a84caebd14d: version_keys = {}
[22:33:22.086] [DEBUG] _find_record: record 8f26ca0d65500424: version_keys = {}
[22:33:22.086] [DEBUG] _find_record: record a5eecbca4f674afe: version_keys = {}
[22:33:22.086] [DEBUG] _find_record: record 1b41ab50bc484a91: version_keys = {}
[22:33:22.086] [DEBUG] _find_record: record f63ad82fee959c52: version_keys = {}
[22:33:22.086] [DEBUG] _find_record: record 2d8e323ee8f996aa: version_keys = {}
[22:33:22.086] [DEBUG] _find_record: record 46f9b77b9776c9bf: version_keys = {}
[22:33:22.086] [DEBUG] _find_record: record 4ff7a78c42daf2e4: version_keys = {}
[22:33:22.086] [DEBUG] _find_record: record 70f6211a633ba289: version_keys = {}
[22:33:22.086] [DEBUG] _find_record: record a808e2b4dd5fe633: version_keys = {}
[22:33:22.086] [DEBUG] _find_record: record 0d4b091ca5ffc2ab: version_keys = {}
[22:33:22.086] [DEBUG] _find_record: record a12fd3b541294500: version_keys = {}
[22:33:22.086] [DEBUG] _find_record: record 6215a56382f16efa: version_keys = {}
[22:33:22.086] [DEBUG] _find_record: record 4e01bda5ebe588d0: version_keys = {}
[22:33:22.086] [DEBUG] _find_record: record 0d904cc4ba4c977f: version_keys = {}
[22:33:22.086] [DEBUG] _find_record: record 2d13850ad6224318: version_keys = {}
[22:33:22.086] [DEBUG] _find_record: record 55bd252250303ef3: version_keys = {}
[22:33:22.086] [DEBUG] _find_record: record aaf2510da7a98f81: version_keys = {}
[22:33:22.086] [DEBUG] _find_record: record 369bdececc1651f8: version_keys = {}
[22:33:22.086] [DEBUG] _find_record: record 10309216369f922b: version_keys = {}
[22:33:22.086] [DEBUG] _find_record: record 39e06ab5176d38f9: version_keys = {}
[22:33:22.086] [DEBUG] _find_record: record 1c01672eb36492dc: version_keys = {}
[22:33:22.086] [DEBUG] _find_record: record 675ce440b843df41: version_keys = {}
[22:33:22.086] [DEBUG] _find_record: record ba58a3fabda53145: version_keys = {}
[22:33:22.086] [DEBUG] _find_record: record 07087a39bd58d83e: version_keys = {}
[22:33:22.087] [DEBUG] _find_record: record 9a264e08fc0cf1e4: version_keys = {}
[22:33:22.087] [DEBUG] _find_record: record 6c113ed074b47fe1: version_keys = {}
[22:33:22.087] [DEBUG] _find_record: record f900e762d7c13a23: version_keys = {}
[22:33:22.087] [DEBUG] _find_record: record 707250c956920e73: version_keys = {}
[22:33:22.087] [DEBUG] _find_record: record a99127367fa4e71f: version_keys = {}
[22:33:22.087] [DEBUG] _find_record: record 19fd9a806c6bff3a: version_keys = {}
[22:33:22.087] [DEBUG] _find_record: record 1a5a34bb0577dcc2: version_keys = {}
[22:33:22.087] [DEBUG] _find_record: record c7c0b564ed2e626b: version_keys = {}
[22:33:22.087] [DEBUG] _find_record: record ef44f218db415565: version_keys = {}
[22:33:22.087] [DEBUG] _find_record: record 0617771f6ec67731: version_keys = {}
[22:33:22.087] [DEBUG] _find_record: record a47eb0ebbe326778: version_keys = {}
[22:33:22.087] [DEBUG] _find_record: record cdad45f582f975bd: version_keys = {}
[22:33:22.087] [DEBUG] _find_record: record b6a907443d2d2a33: version_keys = {}
[22:33:22.087] [DEBUG] _find_record: record 6413f8012eb7f9d6: version_keys = {}
[22:33:22.087] [DEBUG] _find_record: record 5e3c445d039f6860: version_keys = {}
[22:33:22.087] [DEBUG] _find_record: record 6dd40716d2540419: version_keys = {}
[22:33:22.087] [DEBUG] _find_record: record 7b16ce973408ea7b: version_keys = {}
[22:33:22.087] [DEBUG] _find_record: record b8002abafbd1de84: version_keys = {}
[22:33:22.087] [DEBUG] _find_record: record 2e8ef839b6e16d25: version_keys = {}
[22:33:22.087] [DEBUG] _find_record: record 29b16690aa824d39: version_keys = {}
[22:33:22.087] [DEBUG] _find_record: record 29bed94cd035c5db: version_keys = {}
[22:33:22.087] [DEBUG] _find_record: record f98d72851d9ae539: version_keys = {}
[22:33:22.087] [DEBUG] _find_record: record 884f9f2a3e43aee6: version_keys = {}
[22:33:22.087] [DEBUG] _find_record: record 3cb9fb47c6797fa7: version_keys = {}
[22:33:22.087] [DEBUG] _find_record: record cc023b68951fcb3a: version_keys = {}
[22:33:22.087] [DEBUG] _find_record: record aeb6c8c1ae6d14b9: version_keys = {}
[22:33:22.087] [DEBUG] _find_record: record 9807f5c3a1de5475: version_keys = {}
[22:33:22.087] [DEBUG] _find_record: record c810a9886296ef53: version_keys = {}
[22:33:22.088] [DEBUG] _find_record: record 1a9f210fa0acce7f: version_keys = {}
[22:33:22.088] [DEBUG] _find_record: record 2b9a8515c330ef28: version_keys = {}
[22:33:22.088] [DEBUG] _find_record: record 62eed3015ebb14fb: version_keys = {}
[22:33:22.088] [DEBUG] _find_record: record 3be507d3e10800ff: version_keys = {}
[22:33:22.088] [DEBUG] _find_record: record 0ac6d0e0da0e482d: version_keys = {}
[22:33:22.088] [DEBUG] _find_record: record ae244ebc9c4a3808: version_keys = {}
[22:33:22.088] [DEBUG] _find_record: record 38e8668c362514a1: version_keys = {}
[22:33:22.088] [DEBUG] _find_record: record 2b8d4bcde794adc5: version_keys = {}
[22:33:22.088] [DEBUG] _find_record: record d064cc08ee47d584: version_keys = {}
[22:33:22.088] [DEBUG] _find_record: record 5b0a59f555e8e721: version_keys = {}
[22:33:22.088] [DEBUG] _find_record: record 4d50cdfbf6ae5307: version_keys = {}
[22:33:22.088] [DEBUG] _find_record: record 778d783c8fe3e8a5: version_keys = {}
[22:33:22.088] [DEBUG] _find_record: record 7677f60f5660ad19: version_keys = {}
[22:33:22.088] [DEBUG] _find_record: record f6c9c94a3f1553e9: version_keys = {}
[22:33:22.088] [DEBUG] _find_record: record fbdee060699de2db: version_keys = {}
[22:33:22.088] [DEBUG] _find_record: record d6454387d36463cf: version_keys = {}
[22:33:22.088] [DEBUG] _find_record: record d884bdb7be8867c4: version_keys = {}
[22:33:22.088] [DEBUG] _find_record: record 87454050d2ef2b2f: version_keys = {}
[22:33:22.088] [DEBUG] _find_record: record 1ca6ec298104f3af: version_keys = {}
[22:33:22.088] [DEBUG] _find_record: record 64b96a8f6035e30c: version_keys = {}
[22:33:22.088] [DEBUG] _find_record: record 32ee86d77dee3348: version_keys = {}
[22:33:22.088] [DEBUG] _find_record: record 1ce196d9312cfd85: version_keys = {}
[22:33:22.088] [DEBUG] _find_record: record 65a29ccf938d5c40: version_keys = {}
[22:33:22.088] [DEBUG] _find_record: record d09ba4823e63ed48: version_keys = {}
[22:33:22.088] [DEBUG] _find_record: record 4907450a614a3a39: version_keys = {}
[22:33:22.088] [DEBUG] _find_record: record bbd84518d3446240: version_keys = {}
[22:33:22.088] [DEBUG] _find_record: record f69eac0bd5640aee: version_keys = {}
[22:33:22.089] [DEBUG] _find_record: record 830e2119d97cbe44: version_keys = {}
[22:33:22.089] [DEBUG] _find_record: record bf50343af4622111: version_keys = {}
[22:33:22.089] [DEBUG] _find_record: record 447168459e45cc6e: version_keys = {}
[22:33:22.089] [DEBUG] _find_record: record 0c9aa1dad7371365: version_keys = {}
[22:33:22.089] [DEBUG] _find_record: record 29932c2d32793829: version_keys = {}
[22:33:22.089] [DEBUG] _find_record: record 0bf5d8a0d17c60db: version_keys = {}
[22:33:22.089] [DEBUG] _find_record: record 11c9a5a271192cde: version_keys = {}
[22:33:22.089] [DEBUG] _find_record: record f42e002f39931b79: version_keys = {}
[22:33:22.089] [DEBUG] _find_record: record c8f22eaf42b0c7d6: version_keys = {}
[22:33:22.089] [DEBUG] _find_record: record 7302ce3bf8fc22c5: version_keys = {}
[22:33:22.089] [DEBUG] _find_record: record 49009c9f08de095a: version_keys = {}
[22:33:22.089] [DEBUG] _find_record: record d17d7cd3c2ec66fb: version_keys = {}
[22:33:22.089] [DEBUG] _find_record: record 3814ff99c960b277: version_keys = {}
[22:33:22.089] [DEBUG] _find_record: record 7de9ddc035e69259: version_keys = {}
[22:33:22.089] [DEBUG] _find_record: record bd9fc873463b9873: version_keys = {}
[22:33:22.089] [DEBUG] _find_record: record 474da4e22c33d118: version_keys = {}
[22:33:22.089] [DEBUG] _find_record: record 11337688e46b6c8c: version_keys = {}
[22:33:22.089] [DEBUG] _find_record: record 731c4b6f86873223: version_keys = {}
[22:33:22.089] [DEBUG] _find_record: record 6e4095475af3a006: version_keys = {}
[22:33:22.089] [DEBUG] _find_record: record 7a7e7d3180244e08: version_keys = {}
[22:33:22.089] [DEBUG] _find_record: record dd1506db1c05aa5c: version_keys = {}
[22:33:22.089] [DEBUG] _find_record: record c1df20e867999df8: version_keys = {}
[22:33:22.089] [DEBUG] _find_record: record 8255d77803d1a09d: version_keys = {}
[22:33:22.089] [DEBUG] _find_record: record f3b1082c1833e124: version_keys = {}
[22:33:22.089] [DEBUG] _find_record: record bfbd1689d8cb6952: version_keys = {}
[22:33:22.090] [DEBUG] _find_record: record 6d6706ae2d845726: version_keys = {}
[22:33:22.090] [DEBUG] _find_record: record 7c4032d6b63f05ac: version_keys = {}
[22:33:22.090] [DEBUG] _find_record: record 84c68d3010f40e0e: version_keys = {}
[22:33:22.090] [DEBUG] _find_record: record 8d22c6cbfeb1d8d8: version_keys = {}
[22:33:22.090] [DEBUG] _find_record: record fdaf185745fbb9a3: version_keys = {}
[22:33:22.090] [DEBUG] _find_record: record 5e33a76b36ad4529: version_keys = {}
[22:33:22.090] [DEBUG] _find_record: record ff4547777c71b502: version_keys = {}
[22:33:22.090] [DEBUG] _find_record: record 46e268496b2e78d5: version_keys = {}
[22:33:22.090] [DEBUG] _find_record: record 54a5e8589acaca9b: version_keys = {}
[22:33:22.090] [DEBUG] _find_record: record a19e35c3d2b35592: version_keys = {}
[22:33:22.090] [DEBUG] _find_record: record 3938d673afd4f9c9: version_keys = {}
[22:33:22.090] [DEBUG] _find_record: record 5858a9f1be149853: version_keys = {}
[22:33:22.090] [DEBUG] _find_record: record 433139862507455e: version_keys = {}
[22:33:22.090] [DEBUG] _find_record: record 6af6e991b6a105ab: version_keys = {}
[22:33:22.090] [DEBUG] _find_record: record 66ebdcf5f8a15322: version_keys = {}
[22:33:22.090] [DEBUG] _find_record: record ab927c3ab38133d9: version_keys = {}
[22:33:22.090] [DEBUG] _find_record: record 22cee974f5b74449: version_keys = {}
[22:33:22.090] [DEBUG] _find_record: record 563af8b6ed20b579: version_keys = {}
[22:33:22.090] [DEBUG] _find_record: record 803b0f29672248ef: version_keys = {}
[22:33:22.090] [DEBUG] _find_record: record b10ca357984b8f4f: version_keys = {}
[22:33:22.090] [DEBUG] _find_record: record fb43afa2c396c279: version_keys = {}
[22:33:22.090] [DEBUG] _find_record: record 08d00a2ea2d99fe8: version_keys = {}
[22:33:22.090] [DEBUG] _find_record: record a668576a5e4a05a6: version_keys = {}
[22:33:22.090] [DEBUG] _find_record: record d17692064096769c: version_keys = {}
[22:33:22.090] [DEBUG] _find_record: record 0139b2c705971f10: version_keys = {}
[22:33:22.090] [DEBUG] _find_record: record 0d452822b12ef5b2: version_keys = {}
[22:33:22.090] [DEBUG] _find_record: record 3f0af8b3135c06f6: version_keys = {}
[22:33:22.091] [DEBUG] _find_record: record 826d692628dbb09e: version_keys = {}
[22:33:22.091] [DEBUG] _find_record: record a12e0dbab3a2d0c7: version_keys = {}
[22:33:22.091] [DEBUG] _find_record: record 220ada63052d10b0: version_keys = {}
[22:33:22.091] [DEBUG] _find_record: record fa7d25dce254f3dc: version_keys = {}
[22:33:22.091] [DEBUG] _find_record: record e08f856163f94dd7: version_keys = {}
[22:33:22.091] [DEBUG] _find_record: record ea9f04532c019a77: version_keys = {}
[22:33:22.091] [DEBUG] _find_record: record b1b56b022f485ed9: version_keys = {}
[22:33:22.091] [DEBUG] _find_record: record f49f629c3cc87208: version_keys = {}
[22:33:22.091] [DEBUG] _find_record: record a60ac24398423e31: version_keys = {}
[22:33:22.091] [DEBUG] _find_record: record f341eb227f26d5a7: version_keys = {}
[22:33:22.091] [DEBUG] _find_record: record 1d46b8b096a3c31f: version_keys = {}
[22:33:22.091] [DEBUG] _find_record: record c23eeb67d4ca3235: version_keys = {}
[22:33:22.091] [DEBUG] _find_record: record 2e0b4e57eca20909: version_keys = {}
[22:33:22.091] [DEBUG] _find_record: record 55d327f858dde021: version_keys = {}
[22:33:22.091] [DEBUG] _find_record: record 8b73072c91f1560f: version_keys = {}
[22:33:22.091] [DEBUG] _find_record: record 70d71fc7895b261c: version_keys = {}
[22:33:22.091] [DEBUG] _find_record: record f71a1796cd58f0ec: version_keys = {}
[22:33:22.091] [DEBUG] _find_record: record c829e51cc0099613: version_keys = {}
[22:33:22.091] [DEBUG] _find_record: record 69ee08cea312a43b: version_keys = {}
[22:33:22.091] [DEBUG] _find_record: record 3ba7119559a0a758: version_keys = {}
[22:33:22.091] [DEBUG] _find_record: record 0a3776f6ac84804b: version_keys = {}
[22:33:22.091] [DEBUG] _find_record: record 3bce28454f30cb43: version_keys = {}
[22:33:22.091] [DEBUG] _find_record: record 986c283d66666687: version_keys = {}
[22:33:22.091] [DEBUG] _find_record: record c0badc50e6ac46a3: version_keys = {}
[22:33:22.091] [DEBUG] _find_record: record b7b7ba9fc13ab49d: version_keys = {}
[22:33:22.091] [DEBUG] _find_record: record adb7250270c84542: version_keys = {}
[22:33:22.091] [DEBUG] _find_record: record 00be4edfa0ba6e8c: version_keys = {}
[22:33:22.092] [DEBUG] _find_record: record b1b10b5c68225e51: version_keys = {}
[22:33:22.092] [DEBUG] _find_record: record 608b76b9c780745b: version_keys = {}
[22:33:22.092] [DEBUG] _find_record: record e45eea9d96e61c7b: version_keys = {}
[22:33:22.092] [DEBUG] _find_record: record 8bc618833b9f594b: version_keys = {}
[22:33:22.092] [DEBUG] _find_record: record 80c3fee8d4ed62b3: version_keys = {}
[22:33:22.092] [DEBUG] _find_record: record c468f6c31cf4a48c: version_keys = {}
[22:33:22.092] [DEBUG] _find_record: record 0c77d41944a7c2e4: version_keys = {}
[22:33:22.092] [DEBUG] _find_record: record f5de164ee7679fdc: version_keys = {}
[22:33:22.092] [DEBUG] _find_record: record a53edd3fa4fa219b: version_keys = {}
[22:33:22.092] [DEBUG] _find_record: record f53608aca5628792: version_keys = {}
[22:33:22.092] [DEBUG] _find_record: record 8aadb0194a3aae01: version_keys = {}
[22:33:22.092] [DEBUG] _find_record: record ef95e1d6e9ce11f8: version_keys = {}
[22:33:22.092] [DEBUG] _find_record: record 0e87fae3358e4428: version_keys = {}
[22:33:22.092] [DEBUG] _find_record: record b9263809f5fa36e6: version_keys = {}
[22:33:22.092] [DEBUG] _find_record: record b95ac77e51d22b0c: version_keys = {}
[22:33:22.092] [DEBUG] _find_record: record a6809579ef0aecce: version_keys = {}
[22:33:22.092] [DEBUG] _find_record: record 4aab2283f580d8d5: version_keys = {}
[22:33:22.092] [DEBUG] _find_record: record 1e3ed724fc474b5c: version_keys = {}
[22:33:22.092] [DEBUG] _find_record: record ccdd73ba29e33e2c: version_keys = {}
[22:33:22.092] [DEBUG] _find_record: record 861195a63a0091f9: version_keys = {}
[22:33:22.092] [DEBUG] _find_record: record 59f59e14634aba3f: version_keys = {}
[22:33:22.092] [DEBUG] _find_record: record e0743aef74831cca: version_keys = {}
[22:33:22.092] [DEBUG] _find_record: record c644e7f31e46e1a7: version_keys = {}
[22:33:22.092] [DEBUG] _find_record: record 9dd020242054f44f: version_keys = {}
[22:33:22.092] [DEBUG] _find_record: record 7e957d540e59b8aa: version_keys = {}
[22:33:22.092] [DEBUG] _find_record: record b5e0fa5d89fdcc48: version_keys = {}
[22:33:22.092] [DEBUG] _find_record: record b7bfac1436d6e9a5: version_keys = {}
[22:33:22.092] [DEBUG] _find_record: record 513391bf9bf5eafd: version_keys = {}
[22:33:22.092] [DEBUG] _find_record: record 31810b0d2dea5bfa: version_keys = {}
[22:33:22.092] [DEBUG] _find_record: record d104d60e4449eb3a: version_keys = {}
[22:33:22.092] [DEBUG] _find_record: record 205d1760b23daf3c: version_keys = {}
[22:33:22.093] [DEBUG] _find_record: record 17fabab0a0514dcf: version_keys = {}
[22:33:22.093] [DEBUG] _find_record: record 2cca0fed7cdae094: version_keys = {}
[22:33:22.093] [DEBUG] _find_record: record 6e3a8d2ac415d610: version_keys = {}
[22:33:22.093] [DEBUG] _find_record: record 81e4c19405ea20e9: version_keys = {}
[22:33:22.093] [DEBUG] _find_record: record d23a25a6f2a89785: version_keys = {}
[22:33:22.093] [DEBUG] _find_record: record 5f600fe22cdff7cd: version_keys = {}
[22:33:22.093] [DEBUG] _find_record: record ca0fd603bcee6f7b: version_keys = {}
[22:33:22.093] [DEBUG] _find_record: record 05a170756d0684f3: version_keys = {}
[22:33:22.093] [DEBUG] _find_record: record a9e2355c1f0ae83c: version_keys = {}
[22:33:22.093] [DEBUG] _find_record: record 008de567067532a3: version_keys = {}
[22:33:22.093] [DEBUG] _find_record: record 13c121e9ebbbe6a2: version_keys = {}
[22:33:22.093] [DEBUG] _find_record: record e32565146e23a6bd: version_keys = {}
[22:33:22.093] [DEBUG] _find_record: record 91410e494d4f97f9: version_keys = {}
[22:33:22.093] [DEBUG] _find_record: record f50aa15d9fc260ca: version_keys = {}
[22:33:22.093] [DEBUG] _find_record: record 40a833c0945367f1: version_keys = {}
[22:33:22.093] [DEBUG] _find_record: record af9c60f1828e958a: version_keys = {}
[22:33:22.093] [DEBUG] _find_record: record 2a55b5c2c542979a: version_keys = {}
[22:33:22.093] [DEBUG] _find_record: record b9ccf82a56d87968: version_keys = {}
[22:33:22.093] [DEBUG] _find_record: record c61b8016c17b7759: version_keys = {}
[22:33:22.093] [DEBUG] _find_record: record 3d357afc67480174: version_keys = {}
[22:33:22.093] [DEBUG] _find_record: record c5ca7b28bc0ba4e2: version_keys = {}
[22:33:22.093] [DEBUG] _find_record: record 90296f2467823a51: version_keys = {}
[22:33:22.093] [DEBUG] _find_record: record e582538f3be1cd71: version_keys = {}
[22:33:22.093] [DEBUG] _find_record: record 61400662ea0d90cf: version_keys = {}
[22:33:22.093] [DEBUG] _find_record: record c2ff7382ea23c3a5: version_keys = {}
[22:33:22.093] [DEBUG] _find_record: record 7c3834f809a61a91: version_keys = {}
[22:33:22.093] [DEBUG] _find_record: record a3a2c92a5de48a77: version_keys = {}
[22:33:22.093] [DEBUG] _find_record: record 0ca11bce1e75445a: version_keys = {}
[22:33:22.093] [DEBUG] _find_record: record 782c643e63da90ec: version_keys = {}
[22:33:22.094] [DEBUG] _find_record: record fd8f532169431393: version_keys = {}
[22:33:22.094] [DEBUG] _find_record: record 8b6f17bee1b8d2e2: version_keys = {}
[22:33:22.094] [DEBUG] _find_record: record 2641450a0e3c70a7: version_keys = {}
[22:33:22.094] [DEBUG] _find_record: record 9b64784468a38e96: version_keys = {}
[22:33:22.094] [DEBUG] _find_record: record d42363043a50fd5c: version_keys = {}
[22:33:22.094] [DEBUG] _find_record: record f960e9f0a2913a2a: version_keys = {}
[22:33:22.094] [DEBUG] _find_record: record a094f81f55e4f458: version_keys = {}
[22:33:22.094] [DEBUG] _find_record: record 959cd181ad03c67b: version_keys = {}
[22:33:22.094] [DEBUG] _find_record: record 13a9c5aaecb908be: version_keys = {}
[22:33:22.094] [DEBUG] _find_record: record 6abb7a6e47fc2a53: version_keys = {}
[22:33:22.094] [DEBUG] _find_record: record b316d16fb276e24e: version_keys = {}
[22:33:22.094] [DEBUG] _find_record: record 1c8c5d87a4a4e42e: version_keys = {}
[22:33:22.094] [DEBUG] _find_record: record 92c9c7a398a1279c: version_keys = {}
[22:33:22.094] [DEBUG] _find_record: record 0790fcb07f13e3b8: version_keys = {}
[22:33:22.094] [DEBUG] _find_record: record 8f4e1f3dc25e4e87: version_keys = {}
[22:33:22.094] [DEBUG] _find_record: record e42800788a162977: version_keys = {}
[22:33:22.094] [DEBUG] _find_record: record 0a490c6f952fc4bd: version_keys = {}
[22:33:22.094] [DEBUG] _find_record: record 5e92026f16706147: version_keys = {}
[22:33:22.094] [DEBUG] _find_record: record 9a5525092cb2b38b: version_keys = {}
[22:33:22.094] [DEBUG] _find_record: record 402c0a1f0883147d: version_keys = {}
[22:33:22.094] [DEBUG] _find_record: record 1c8f5b4e65ce8c49: version_keys = {}
[22:33:22.094] [DEBUG] _find_record: record c68cd29d2317e15a: version_keys = {}
[22:33:22.094] [DEBUG] _find_record: record 78d885d1b96e03f8: version_keys = {}
[22:33:22.094] [DEBUG] _find_record: record 9ba44f4175a9e6ff: version_keys = {}
[22:33:22.094] [DEBUG] _find_record: record 66d314c9ac0a9297: version_keys = {}
[22:33:22.094] [DEBUG] _find_record: record d0cbd5a16660a2f1: version_keys = {}
[22:33:22.094] [DEBUG] _find_record: record 4d2b6c772c2500a2: version_keys = {}
[22:33:22.094] [DEBUG] _find_record: record 73d532ce0a721ba3: version_keys = {}
[22:33:22.094] [DEBUG] _find_record: record 864d4d811b217084: version_keys = {}
[22:33:22.095] [DEBUG] _find_record: record 917ed758220890e5: version_keys = {}
[22:33:22.095] [DEBUG] _find_record: record 2692bb5e5a51a9b4: version_keys = {}
[22:33:22.095] [DEBUG] _find_record: record bed43545f33aee1b: version_keys = {}
[22:33:22.095] [DEBUG] _find_record: record b0f61bf886f036a6: version_keys = {}
[22:33:22.095] [DEBUG] _find_record: record 17dca4e0a1650c0c: version_keys = {}
[22:33:22.095] [DEBUG] _find_record: record a701054ee21f5fb2: version_keys = {}
[22:33:22.095] [DEBUG] _find_record: record eb45a96d3a199c52: version_keys = {}
[22:33:22.095] [DEBUG] _find_record: record 9694153adfa621bd: version_keys = {}
[22:33:22.095] [DEBUG] _find_record: record 847c7d6509236762: version_keys = {}
[22:33:22.095] [DEBUG] _find_record: record 5a66918915accfe1: version_keys = {}
[22:33:22.095] [DEBUG] _find_record: record 8a8c7251b07f58f7: version_keys = {}
[22:33:22.095] [DEBUG] _find_record: record 8ee19f709295b57e: version_keys = {}
[22:33:22.095] [DEBUG] _find_record: record c8911cfc2a619556: version_keys = {}
[22:33:22.095] [DEBUG] _find_record: record ff706a51ad6880aa: version_keys = {}
[22:33:22.095] [DEBUG] _find_record: record d29dd44067143230: version_keys = {}
[22:33:22.095] [DEBUG] _find_record: record 69fc73335caf27af: version_keys = {}
[22:33:22.095] [DEBUG] _find_record: record b1155918c48141ab: version_keys = {}
[22:33:22.095] [DEBUG] _find_record: record 44cbfea9082ac719: version_keys = {}
[22:33:22.095] [DEBUG] _find_record: record 7b119bef4e958d56: version_keys = {}
[22:33:22.095] [DEBUG] _find_record: record d275f1938356253e: version_keys = {}
[22:33:22.095] [DEBUG] _find_record: record 75e5d5673c6abfa3: version_keys = {}
[22:33:22.095] [DEBUG] _find_record: record 96b45661a6ca7f0b: version_keys = {}
[22:33:22.095] [DEBUG] _find_record: record b396af145a239ab9: version_keys = {}
[22:33:22.095] [DEBUG] _find_record: record 81ab2f16158456e3: version_keys = {}
[22:33:22.095] [DEBUG] _find_record: record fcce797b28a30134: version_keys = {}
[22:33:22.095] [DEBUG] _find_record: record 81691d2374b63536: version_keys = {}
[22:33:22.095] [DEBUG] _find_record: record 8ebd46d2e9f1cbcc: version_keys = {}
[22:33:22.095] [DEBUG] _find_record: record a103c479eda705ab: version_keys = {}
[22:33:22.095] [DEBUG] _find_record: record 1eca9057dcc7c8e3: version_keys = {}
[22:33:22.095] [DEBUG] _find_record: record 48d7910f0b912137: version_keys = {}
[22:33:22.096] [DEBUG] _find_record: record 04dc703c1b0452f8: version_keys = {}
[22:33:22.096] [DEBUG] _find_record: record 5542d401d2394bf9: version_keys = {}
[22:33:22.096] [DEBUG] _find_record: record 9854341a91c87568: version_keys = {}
[22:33:22.096] [DEBUG] _find_record: record 6167f7a2ccd12ab7: version_keys = {}
[22:33:22.096] [DEBUG] _find_record: record 31ce7f43b673e585: version_keys = {}
[22:33:22.096] [DEBUG] _find_record: record de9e37cd7fd3865e: version_keys = {}
[22:33:22.096] [DEBUG] _find_record: record b747a7fc93204e21: version_keys = {}
[22:33:22.096] [DEBUG] _find_record: record 51c01c75e319a7b5: version_keys = {}
[22:33:22.096] [DEBUG] _find_record: record cdb4e3f35c104a62: version_keys = {}
[22:33:22.096] [DEBUG] _find_record: record c816f162e9d2722f: version_keys = {}
[22:33:22.096] [DEBUG] _find_record: record a8d7e1cea9271285: version_keys = {}
[22:33:22.096] [DEBUG] _find_record: record 8134d4de2e612df1: version_keys = {}
[22:33:22.096] [DEBUG] _find_record: record ff7da01bf647fdd3: version_keys = {}
[22:33:22.096] [DEBUG] _find_record: record fd69f46ebcfb4abd: version_keys = {}
[22:33:22.096] [DEBUG] _find_record: record 1e513f560fdb0a37: version_keys = {}
[22:33:22.096] [DEBUG] _find_record: record 10ec49a7ccc6ccd5: version_keys = {}
[22:33:22.096] [DEBUG] _find_record: record ef727be1e192136b: version_keys = {}
[22:33:22.096] [DEBUG] _find_record: record f990dda134214916: version_keys = {}
[22:33:22.096] [DEBUG] _find_record: record ffe1f83df0ab32a7: version_keys = {}
[22:33:22.096] [DEBUG] _find_record: record 8acdd5c56ec8c04f: version_keys = {}
[22:33:22.096] [DEBUG] _find_record: record 9cd0f69523e68f58: version_keys = {}
[22:33:22.096] [DEBUG] _find_record: record 260832808f9472fb: version_keys = {}
[22:33:22.096] [DEBUG] _find_record: record 157b6326a13a6a09: version_keys = {}
[22:33:22.096] [DEBUG] _find_record: record cc66470b91cec68d: version_keys = {}
[22:33:22.096] [DEBUG] _find_record: record 67f181c154203388: version_keys = {}
[22:33:22.096] [DEBUG] _find_record: record d016ffb218129440: version_keys = {}
[22:33:22.096] [DEBUG] _find_record: record 78d8977669db231c: version_keys = {}
[22:33:22.096] [DEBUG] _find_record: record ed4e842d5682ded2: version_keys = {}
[22:33:22.096] [DEBUG] _find_record: record 7a6e1f92208f6225: version_keys = {}
[22:33:22.097] [DEBUG] _find_record: record b24b805de0c17b19: version_keys = {}
[22:33:22.097] [DEBUG] _find_record: record e25306a4ad081e89: version_keys = {}
[22:33:22.097] [DEBUG] _find_record: record cc9f3ba386308262: version_keys = {}
[22:33:22.097] [DEBUG] _find_record: record d63b9b98e9c2d7c3: version_keys = {}
[22:33:22.097] [DEBUG] _find_record: record 12983120dfdad936: version_keys = {}
[22:33:22.097] [DEBUG] _find_record: record 2624e0edd4a79f00: version_keys = {}
[22:33:22.097] [DEBUG] _find_record: record 6f1693b89b679471: version_keys = {}
[22:33:22.097] [DEBUG] _find_record: record dbb10818ba3881e9: version_keys = {}
[22:33:22.097] [DEBUG] _find_record: record e0497d24a14b5f61: version_keys = {}
[22:33:22.097] [DEBUG] _find_record: record 83a204972fd29dc1: version_keys = {}
[22:33:22.097] [DEBUG] _find_record: record df0611e782b76a1b: version_keys = {}
[22:33:22.097] [DEBUG] _find_record: record 5a7ce02e0bf75fe8: version_keys = {}
[22:33:22.097] [DEBUG] _find_record: record d8cc969f7ebde3bd: version_keys = {}
[22:33:22.097] [DEBUG] _find_record: record f1c2dfb2c06bf74c: version_keys = {}
[22:33:22.097] [DEBUG] _find_record: record 531de464e53e48b0: version_keys = {}
[22:33:22.097] [DEBUG] _find_record: record 15cf7d4da21747fe: version_keys = {}
[22:33:22.097] [DEBUG] _find_record: record 47b1f062ba7a7ab1: version_keys = {}
[22:33:22.097] [DEBUG] _find_record: record 1603b6497aece18e: version_keys = {}
[22:33:22.097] [DEBUG] _find_record: record d8d48c3255907220: version_keys = {}
[22:33:22.097] [DEBUG] _find_record: record c2bb70e04a9715ad: version_keys = {}
[22:33:22.097] [DEBUG] _find_record: record 0e3653763b3e2a2d: version_keys = {}
[22:33:22.097] [DEBUG] _find_record: record a4a3965d497861d7: version_keys = {}
[22:33:22.097] [DEBUG] _find_record: record c24d8fbbd309e1d7: version_keys = {}
[22:33:22.097] [DEBUG] _find_record: record 6dc29d9b57ffdb1d: version_keys = {}
[22:33:22.097] [DEBUG] _find_record: record 874011ab09c5c182: version_keys = {}
[22:33:22.097] [DEBUG] _find_record: record 8f5d512dc8d2edc1: version_keys = {}
[22:33:22.097] [DEBUG] _find_record: record 865c26f6b7d9e1d0: version_keys = {}
[22:33:22.097] [DEBUG] _find_record: record 06824cdb67adcca0: version_keys = {}
[22:33:22.097] [DEBUG] _find_record: record 32a8eeab6245c261: version_keys = {}
[22:33:22.097] [DEBUG] _find_record: record 000dbab884f9bf52: version_keys = {}
[22:33:22.098] [DEBUG] _find_record: record 52f19ed0286bbbe7: version_keys = {}
[22:33:22.098] [DEBUG] _find_record: record e3cffb20ecfd9dcc: version_keys = {}
[22:33:22.098] [DEBUG] _find_record: record ca83ca265ed8f46e: version_keys = {}
[22:33:22.098] [DEBUG] _find_record: record 53edae6ac490ce0d: version_keys = {}
[22:33:22.098] [DEBUG] _find_record: record 03b18b8e7e201b68: version_keys = {}
[22:33:22.098] [DEBUG] _find_record: record de770a4530fbcbb7: version_keys = {}
[22:33:22.098] [DEBUG] _find_record: record cb972fe932b83f9e: version_keys = {}
[22:33:22.098] [DEBUG] _find_record: record 48ebc5359860eb72: version_keys = {}
[22:33:22.098] [DEBUG] _find_record: record 778113cd02fd0843: version_keys = {}
[22:33:22.098] [DEBUG] _find_record: record f3e2645a5706dd51: version_keys = {}
[22:33:22.098] [DEBUG] _find_record: record de357af0064a9100: version_keys = {}
[22:33:22.098] [DEBUG] _find_record: record 4ddf389dfdfc2f3d: version_keys = {}
[22:33:22.098] [DEBUG] _find_record: record 1e5bac52388441d8: version_keys = {}
[22:33:22.098] [DEBUG] _find_record: record 573666a85ab5e8b1: version_keys = {}
[22:33:22.098] [DEBUG] _find_record: record 1d67ce9dad688167: version_keys = {}
[22:33:22.098] [DEBUG] _find_record: record 82c89a46df25479b: version_keys = {}
[22:33:22.098] [DEBUG] _find_record: record 6d077e392f2ebaf6: version_keys = {}
[22:33:22.098] [DEBUG] _find_record: record 16eeaca100b4bc3e: version_keys = {}
[22:33:22.098] [DEBUG] _find_record: record 87de5b83208700b9: version_keys = {}
[22:33:22.098] [DEBUG] _find_record: record dc3d8e8ef5e5561f: version_keys = {}
[22:33:22.098] [DEBUG] _find_record: record c12ff0abeb250f69: version_keys = {}
[22:33:22.098] [DEBUG] _find_record: record ae9aa47ef00add14: version_keys = {}
[22:33:22.098] [DEBUG] _find_record: record e28fd0138d287564: version_keys = {}
[22:33:22.098] [DEBUG] _find_record: record 5904489369671849: version_keys = {}
[22:33:22.098] [DEBUG] _find_record: record 4d75e84924099b58: version_keys = {}
[22:33:22.098] [DEBUG] _find_record: record 676bb1b12bfb1a65: version_keys = {}
[22:33:22.098] [DEBUG] _find_record: record e4893ccda8ac9b68: version_keys = {}
[22:33:22.098] [DEBUG] _find_record: record edc1c8fd2aefb919: version_keys = {}
[22:33:22.098] [DEBUG] _find_record: record f8a469e60be87d08: version_keys = {}
[22:33:22.098] [DEBUG] _find_record: record 7dbd09b608c360fc: version_keys = {}
[22:33:22.099] [DEBUG] _find_record: record 31cee2c7d8301f3e: version_keys = {}
[22:33:22.099] [DEBUG] _find_record: record 69fdb5e48cb26155: version_keys = {}
[22:33:22.099] [DEBUG] _find_record: record a541449eaf9b683e: version_keys = {}
[22:33:22.099] [DEBUG] _find_record: record b4ea54fee87e286e: version_keys = {}
[22:33:22.099] [DEBUG] _find_record: record f13ab23c93a47a6d: version_keys = {}
[22:33:22.099] [DEBUG] _find_record: record d2beb9013dbbee33: version_keys = {}
[22:33:22.099] [DEBUG] _find_record: record e82980d19dd8d91c: version_keys = {}
[22:33:22.099] [DEBUG] _find_record: record eb058a57bdca2175: version_keys = {}
[22:33:22.099] [DEBUG] _find_record: record 141a2f87f542d0ab: version_keys = {}
[22:33:22.099] [DEBUG] _find_record: record 2368df71c266301f: version_keys = {}
[22:33:22.099] [DEBUG] _find_record: record 540be834bec7d891: version_keys = {}
[22:33:22.099] [DEBUG] _find_record: record 08db59f1dd2fd497: version_keys = {}
[22:33:22.099] [DEBUG] _find_record: record 75acfcf2bdb411c6: version_keys = {}
[22:33:22.099] [DEBUG] _find_record: record 552723243aa7eb13: version_keys = {}
[22:33:22.099] [DEBUG] _find_record: record 4b33c3f01da32169: version_keys = {}
[22:33:22.099] [DEBUG] _find_record: record 8a2928191aa1621b: version_keys = {}
[22:33:22.099] [DEBUG] _find_record: record 67f59e5728106041: version_keys = {}
[22:33:22.099] [DEBUG] _find_record: record 5f34d5c9ad9e6767: version_keys = {}
[22:33:22.099] [DEBUG] _find_record: record 6d360fffaf7fe73d: version_keys = {}
[22:33:22.099] [DEBUG] _find_record: record cff7bb8d7006017e: version_keys = {}
[22:33:22.099] [DEBUG] _find_record: record c2224c1a17c5c83e: version_keys = {}
[22:33:22.099] [DEBUG] _find_record: record d28a8da699e708ce: version_keys = {}
[22:33:22.099] [DEBUG] _find_record: record cd4d7bee38dd0bb8: version_keys = {}
[22:33:22.099] [DEBUG] _find_record: record ae25bf3d6fbc7800: version_keys = {}
[22:33:22.099] [DEBUG] _find_record: record 9f82464b8190c23c: version_keys = {}
[22:33:22.099] [DEBUG] _find_record: record 0ad5bcbdef859ea1: version_keys = {}
[22:33:22.099] [DEBUG] _find_record: record 700ac9e4814efd4f: version_keys = {}
[22:33:22.099] [DEBUG] _find_record: record e64673c2677420dd: version_keys = {}
[22:33:22.099] [DEBUG] _find_record: record 0808e8617119d382: version_keys = {}
[22:33:22.099] [DEBUG] _find_record: record cb2e8044b8275b3a: version_keys = {}
[22:33:22.099] [DEBUG] _find_record: record cca7c1a2681148ea: version_keys = {}
[22:33:22.100] [DEBUG] _find_record: record 3562fa029016ae39: version_keys = {}
[22:33:22.100] [DEBUG] _find_record: record 0bb5be567b865faa: version_keys = {}
[22:33:22.100] [DEBUG] _find_record: record 5b296753c231810d: version_keys = {}
[22:33:22.100] [DEBUG] _find_record: record f4687d7affa89d5b: version_keys = {}
[22:33:22.100] [DEBUG] _find_record: record 3cb6749dca028b76: version_keys = {}
[22:33:22.100] [DEBUG] _find_record: record ca72c08c1e551a3b: version_keys = {}
[22:33:22.100] [DEBUG] _find_record: record 2516d1431280b75b: version_keys = {}
[22:33:22.100] [DEBUG] _find_record: record 7da9383ad721016e: version_keys = {}
[22:33:22.100] [DEBUG] _find_record: record 2952e33da9bfb542: version_keys = {}
[22:33:22.100] [DEBUG] _find_record: record 5ec570385d5ebbbd: version_keys = {}
[22:33:22.100] [DEBUG] _find_record: record 1d9398ec768db61e: version_keys = {}
[22:33:22.100] [DEBUG] _find_record: record 756df04f1a4a050b: version_keys = {}
[22:33:22.100] [DEBUG] _find_record: record cc7c8d641fec82ae: version_keys = {}
[22:33:22.100] [DEBUG] _find_record: record 220b610c56311d1f: version_keys = {}
[22:33:22.100] [DEBUG] _find_record: record 3531374b86b7c395: version_keys = {}
[22:33:22.100] [DEBUG] _find_record: record a9568fda1dfbda1f: version_keys = {}
[22:33:22.100] [DEBUG] _find_record: record f7c9c4a8aef58781: version_keys = {}
[22:33:22.100] [DEBUG] _find_record: record d1e2ec0af72a10a7: version_keys = {}
[22:33:22.100] [DEBUG] _find_record: record 23b0d7430011a308: version_keys = {}
[22:33:22.100] [DEBUG] _find_record: record da05ef4d69155e62: version_keys = {}
[22:33:22.100] [DEBUG] _find_record: record 407f95339bbd9536: version_keys = {}
[22:33:22.100] [DEBUG] _find_record: record d90da445d449745f: version_keys = {}
[22:33:22.100] [DEBUG] _find_record: record a8287c7b33aab958: version_keys = {}
[22:33:22.100] [DEBUG] _find_record: record 2c112f938edc2265: version_keys = {}
[22:33:22.100] [DEBUG] _find_record: record e2a729b7ec469306: version_keys = {}
[22:33:22.100] [DEBUG] _find_record: record 773a4a9f429df901: version_keys = {}
[22:33:22.100] [DEBUG] _find_record: record 42e8b5af9f824437: version_keys = {}
[22:33:22.100] [DEBUG] _find_record: record d80afffb27046617: version_keys = {}
[22:33:22.101] [DEBUG] _find_record: record af8d96bfef120117: version_keys = {}
[22:33:22.101] [DEBUG] _find_record: record ac591f9b7c43e2f3: version_keys = {}
[22:33:22.101] [DEBUG] _find_record: record 611b604c47184112: version_keys = {}
[22:33:22.101] [DEBUG] _find_record: record 4c4b3fb34dcd49d2: version_keys = {}
[22:33:22.101] [DEBUG] _find_record: record b937bbe3caa409f8: version_keys = {}
[22:33:22.101] [DEBUG] _find_record: record 733d74969eb9b0cd: version_keys = {}
[22:33:22.101] [DEBUG] _find_record: record b85b23592ce775fa: version_keys = {}
[22:33:22.101] [DEBUG] _find_record: record 96f435cf343d8eba: version_keys = {}
[22:33:22.101] [DEBUG] _find_record: record c322827af066eeb7: version_keys = {}
[22:33:22.101] [DEBUG] _find_record: record cab68b38374da77f: version_keys = {}
[22:33:22.101] [DEBUG] _find_record: record 5ead8d862433ff18: version_keys = {}
[22:33:22.101] [DEBUG] _find_record: record f57c07e985692fae: version_keys = {}
[22:33:22.101] [DEBUG] _find_record: record 6570e47e6420d86b: version_keys = {}
[22:33:22.101] [DEBUG] _find_record: record 1b467fc1038a2059: version_keys = {}
[22:33:22.101] [DEBUG] _find_record: record 40235beefb9fcb91: version_keys = {}
[22:33:22.101] [DEBUG] _find_record: record 13fa597ecc7bc1d9: version_keys = {}
[22:33:22.101] [DEBUG] _find_record: record 03d2871c6c64756c: version_keys = {}
[22:33:22.101] [DEBUG] _find_record: record 8dc4c0131659f5b2: version_keys = {}
[22:33:22.101] [DEBUG] _find_record: record 7e11d09af5652a5e: version_keys = {}
[22:33:22.101] [DEBUG] _find_record: record a964aacc7858e946: version_keys = {}
[22:33:22.101] [DEBUG] _find_record: record 106699522e477b7e: version_keys = {}
[22:33:22.101] [DEBUG] _find_record: record 58a6a14664cea314: version_keys = {}
[22:33:22.101] [DEBUG] _find_record: record 4462769be1b57705: version_keys = {}
[22:33:22.101] [DEBUG] _find_record: record 23936701fefb40a4: version_keys = {}
[22:33:22.101] [DEBUG] _find_record: record 3af0ebcbe93f5b60: version_keys = {}
[22:33:22.101] [DEBUG] _find_record: record 37c576c66526c472: version_keys = {}
[22:33:22.101] [DEBUG] _find_record: record 3548d7fee915c534: version_keys = {}
[22:33:22.101] [DEBUG] _find_record: record 1832793adc529fb9: version_keys = {}
[22:33:22.101] [DEBUG] _find_record: record eff62b5010ef4197: version_keys = {}
[22:33:22.101] [DEBUG] _find_record: record 4c31d523ba0141d1: version_keys = {}
[22:33:22.101] [DEBUG] _find_record: record 9256ad6aba98d978: version_keys = {}
[22:33:22.102] [DEBUG] _find_record: record 95aa136ecd450381: version_keys = {}
[22:33:22.102] [DEBUG] _find_record: record ce19d62cf9a0f9fe: version_keys = {}
[22:33:22.102] [DEBUG] _find_record: record 2f9158224bc78ba4: version_keys = {}
[22:33:22.102] [DEBUG] _find_record: record 1ecfeb4df2f18fd6: version_keys = {}
[22:33:22.102] [DEBUG] _find_record: record 36887b8d0e4c66cf: version_keys = {}
[22:33:22.102] [DEBUG] _find_record: record 7443bdf7c7b54d84: version_keys = {}
[22:33:22.102] [DEBUG] _find_record: record b18c932ef21d2ee8: version_keys = {}
[22:33:22.102] [DEBUG] _find_record: record 4d9e5c4aa4db9007: version_keys = {}
[22:33:22.102] [DEBUG] _find_record: record f853fde6076a6a2b: version_keys = {}
[22:33:22.102] [DEBUG] _find_record: record 7cdbd6eb29246098: version_keys = {}
[22:33:22.102] [DEBUG] _find_record: record fede85c5821a9caf: version_keys = {}
[22:33:22.102] [DEBUG] _find_record: record 184e34af94b2daee: version_keys = {}
[22:33:22.102] [DEBUG] _find_record: record dbaf5b82a4e10f41: version_keys = {}
[22:33:22.102] [DEBUG] _find_record: record 986a6944c645c62c: version_keys = {}
[22:33:22.102] [DEBUG] _find_record: record 38c5cc25e53c61f4: version_keys = {}
[22:33:22.102] [DEBUG] _find_record: record 0cbefd77f4e0d4d4: version_keys = {}
[22:33:22.102] [DEBUG] _find_record: record 9c085af8b7197156: version_keys = {}
[22:33:22.102] [DEBUG] _find_record: record 9500bcfd89a0eb38: version_keys = {}
[22:33:22.102] [DEBUG] _find_record: record 0f49d3dd248ea324: version_keys = {}
[22:33:22.102] [DEBUG] _find_record: record 0d1302c20dc434a5: version_keys = {}
[22:33:22.102] [DEBUG] _find_record: record 861d4e915bcd5031: version_keys = {}
[22:33:22.102] [DEBUG] _find_record: record ef0c5ec8ed1d5a53: version_keys = {}
[22:33:22.102] [DEBUG] _find_record: record ab5a3637829b25cf: version_keys = {}
[22:33:22.102] [DEBUG] _find_record: record 25588a1184460272: version_keys = {}
[22:33:22.102] [DEBUG] _find_record: record 55c5e4ce33407d2f: version_keys = {}
[22:33:22.102] [DEBUG] _find_record: record 66c7364f3b127159: version_keys = {}
[22:33:22.102] [DEBUG] _find_record: record 1c52fb6a4136ec36: version_keys = {}
[22:33:22.102] [DEBUG] _find_record: record 318beaaf9d87cb50: version_keys = {}
[22:33:22.102] [DEBUG] _find_record: record ea6159131ccd6dba: version_keys = {}
[22:33:22.102] [DEBUG] _find_record: record 423ac9c059908bfe: version_keys = {}
[22:33:22.103] [DEBUG] _find_record: record d2643797b74a8f7f: version_keys = {}
[22:33:22.103] [DEBUG] _find_record: record 43913a45afe13799: version_keys = {}
[22:33:22.103] [DEBUG] _find_record: record 789c9ac3fb6286ea: version_keys = {}
[22:33:22.103] [DEBUG] _find_record: record 7354aa8d09038827: version_keys = {}
[22:33:22.103] [DEBUG] _find_record: record ed2ab540626a1d64: version_keys = {}
[22:33:22.103] [DEBUG] _find_record: record 5cd5e52445190ba0: version_keys = {}
[22:33:22.103] [DEBUG] _find_record: record e6b8e76c6e4a71ab: version_keys = {}
[22:33:22.103] [DEBUG] _find_record: record 235141733688119a: version_keys = {}
[22:33:22.103] [DEBUG] _find_record: record d7c87997771747a3: version_keys = {}
[22:33:22.103] [DEBUG] _find_record: record ea28ea357807030a: version_keys = {}
[22:33:22.103] [DEBUG] _find_record: record 39555946f9b310f3: version_keys = {}
[22:33:22.103] [DEBUG] _find_record: record 02ec896183f90491: version_keys = {}
[22:33:22.103] [DEBUG] _find_record: record c9ad0eee9017cd19: version_keys = {}
[22:33:22.103] [DEBUG] _find_record: record 72b5067fda4f5288: version_keys = {}
[22:33:22.103] [DEBUG] _find_record: record 2d987f24e3b3d170: version_keys = {}
[22:33:22.103] [DEBUG] _find_record: record 35a37d3d443ea5a0: version_keys = {}
[22:33:22.103] [DEBUG] _find_record: record d53d6f996764ae6d: version_keys = {}
[22:33:22.103] [DEBUG] _find_record: record 242a98a697a70926: version_keys = {}
[22:33:22.103] [DEBUG] _find_record: record 8c9ea26a41581cb7: version_keys = {}
[22:33:22.103] [DEBUG] _find_record: record d64e3664375c772a: version_keys = {}
[22:33:22.103] [DEBUG] _find_record: record 4bf0656e9fbb2309: version_keys = {}
[22:33:22.103] [DEBUG] _find_record: record 26ceb0b056c76e5b: version_keys = {}
[22:33:22.103] [DEBUG] _find_record: record 9a497dd09183e243: version_keys = {}
[22:33:22.103] [DEBUG] _find_record: record dc4463537e047aed: version_keys = {}
[22:33:22.103] [DEBUG] _find_record: record 68fd98b1a4b213e9: version_keys = {}
[22:33:22.103] [DEBUG] _find_record: record 00614de13a9045a5: version_keys = {}
[22:33:22.103] [DEBUG] _find_record: record 1d850df7b5add3d9: version_keys = {}
[22:33:22.103] [DEBUG] _find_record: record dcecc7338bf91874: version_keys = {}
[22:33:22.103] [DEBUG] _find_record: record 3711398a1578f1f7: version_keys = {}
[22:33:22.103] [DEBUG] _find_record: record b6f70f9fc8bc677c: version_keys = {}
[22:33:22.104] [DEBUG] _find_record: record bf692934d2fc39c6: version_keys = {}
[22:33:22.104] [DEBUG] _find_record: record 080007a5a52efb61: version_keys = {}
[22:33:22.104] [DEBUG] _find_record: record 017ec859a6b759e4: version_keys = {}
[22:33:22.104] [DEBUG] _find_record: record 41720c49f8225199: version_keys = {}
[22:33:22.104] [DEBUG] _find_record: record 7865c50bc70518c6: version_keys = {}
[22:33:22.104] [DEBUG] _find_record: record 06e269dafaec8bf7: version_keys = {}
[22:33:22.104] [DEBUG] _find_record: record b0c72c2496b03c18: version_keys = {}
[22:33:22.104] [DEBUG] _find_record: record 36431d146bdea8b0: version_keys = {}
[22:33:22.104] [DEBUG] _find_record: record 501f3e88aac7ee82: version_keys = {}
[22:33:22.104] [DEBUG] _find_record: record 511fcadf72d827b4: version_keys = {}
[22:33:22.104] [DEBUG] _find_record: record e9f190f1c9ced1e2: version_keys = {}
[22:33:22.104] [DEBUG] _find_record: record 98ba1a8f5de9f0f8: version_keys = {}
[22:33:22.104] [DEBUG] _find_record: record 7aeda9839868c68e: version_keys = {}
[22:33:22.104] [DEBUG] _find_record: record afbb891c393520b0: version_keys = {}
[22:33:22.104] [DEBUG] _find_record: record 348c9f259bfdb2b9: version_keys = {}
[22:33:22.104] [DEBUG] _find_record: record 9306868a89a7bb77: version_keys = {}
[22:33:22.104] [DEBUG] _find_record: record 32262bb6fced9872: version_keys = {}
[22:33:22.104] [DEBUG] _find_record: record bcb2ebbbd6bce822: version_keys = {}
[22:33:22.104] [DEBUG] _find_record: record bf47e96663e2ba36: version_keys = {}
[22:33:22.104] [DEBUG] _find_record: record f1d245e319e995d9: version_keys = {}
[22:33:22.104] [DEBUG] _find_record: record ab874d7a6e14a947: version_keys = {}
[22:33:22.104] [DEBUG] _find_record: record ffe8f7f9b43316a9: version_keys = {}
[22:33:22.104] [DEBUG] _find_record: record 46796c8296e98bdf: version_keys = {}
[22:33:22.104] [DEBUG] _find_record: record 681a2a62494ca26f: version_keys = {}
[22:33:22.104] [DEBUG] _find_record: record baf298fe2702f7e5: version_keys = {}
[22:33:22.104] [DEBUG] _find_record: record 484d9ccd49d5ac33: version_keys = {}
[22:33:22.104] [DEBUG] _find_record: record 0fc2dd3aa19455d0: version_keys = {}
[22:33:22.104] [DEBUG] _find_record: record 1c31a15240373297: version_keys = {}
[22:33:22.104] [DEBUG] _find_record: record 065b72114483070c: version_keys = {}
[22:33:22.105] [DEBUG] _find_record: record 047b10f471fc12f2: version_keys = {}
[22:33:22.105] [DEBUG] _find_record: record ae52bfbeb60ddb06: version_keys = {}
[22:33:22.105] [DEBUG] _find_record: record 5518305b275e8d3c: version_keys = {}
[22:33:22.105] [DEBUG] _find_record: record 703e07434e1c22d7: version_keys = {}
[22:33:22.105] [DEBUG] _find_record: record 4c427913d3c42e14: version_keys = {}
[22:33:22.105] [DEBUG] _find_record: record 950ade23379795b4: version_keys = {}
[22:33:22.105] [DEBUG] _find_record: record 73fe042a0da34330: version_keys = {}
[22:33:22.105] [DEBUG] _find_record: record f1a64fa4134a0cc9: version_keys = {}
[22:33:22.105] [DEBUG] _find_record: record b8597006667e7f98: version_keys = {}
[22:33:22.105] [DEBUG] _find_record: record 049fe327b43c8a1d: version_keys = {}
[22:33:22.105] [DEBUG] _find_record: record beb310a8822a69de: version_keys = {}
[22:33:22.105] [DEBUG] _find_record: record 8c43382aeb7817f6: version_keys = {}
[22:33:22.105] [DEBUG] _find_record: record ac2a12a0dfd6d8ec: version_keys = {}
[22:33:22.105] [DEBUG] _find_record: record 9e90624b896f306d: version_keys = {}
[22:33:22.105] [DEBUG] _find_record: record 2bbd687d4104ba16: version_keys = {}
[22:33:22.105] [DEBUG] _find_record: record 2242b50d39254434: version_keys = {}
[22:33:22.105] [DEBUG] _find_record: record 3a3fc5aafa7fbd39: version_keys = {}
[22:33:22.105] [DEBUG] _find_record: record 360bf91f1d637f19: version_keys = {}
[22:33:22.105] [DEBUG] _find_record: record ff93333ca7b5efbf: version_keys = {}
[22:33:22.105] [DEBUG] _find_record: record 0359c2d190e8b54c: version_keys = {}
[22:33:22.105] [DEBUG] _find_record: record 10a3d75fab9385e2: version_keys = {}
[22:33:22.105] [DEBUG] _find_record: record edcfa1b754ed25c9: version_keys = {}
[22:33:22.105] [DEBUG] _find_record: record 74d2cdb4800a8472: version_keys = {}
[22:33:22.105] [DEBUG] _find_record: record c3cbd3ee9d58571a: version_keys = {}
[22:33:22.105] [DEBUG] _find_record: record a080676419d835fc: version_keys = {}
[22:33:22.105] [DEBUG] _find_record: record f0ac5aa0f96099d2: version_keys = {}
[22:33:22.105] [DEBUG] _find_record: record 97d06eca51089b8b: version_keys = {}
[22:33:22.105] [DEBUG] _find_record: record 0c5204c08f8bfaf1: version_keys = {}
[22:33:22.105] [DEBUG] _find_record: record f8ecfd9a2fdd176d: version_keys = {}
[22:33:22.105] [DEBUG] _find_record: record f5a736f50def54b7: version_keys = {}
[22:33:22.105] [DEBUG] _find_record: record 2547a1d697eff1a1: version_keys = {}
[22:33:22.106] [DEBUG] _find_record: record bed59e69d5f755f1: version_keys = {}
[22:33:22.106] [DEBUG] _find_record: record dbd48ea7bf7f36f4: version_keys = {}
[22:33:22.106] [DEBUG] _find_record: record 8fb5b7e4708a7ad2: version_keys = {}
[22:33:22.106] [DEBUG] _find_record: record 4fcbd3301cf21dcd: version_keys = {}
[22:33:22.106] [DEBUG] _find_record: record 4564124ff5842197: version_keys = {}
[22:33:22.106] [DEBUG] _find_record: record f304a4b6d46d9f29: version_keys = {}
[22:33:22.106] [DEBUG] _find_record: record ccce68a27d0f15b5: version_keys = {}
[22:33:22.106] [DEBUG] _find_record: record 83fabd494e1c16e3: version_keys = {}
[22:33:22.106] [DEBUG] _find_record: record 04b9432c06f30f3c: version_keys = {}
[22:33:22.106] [DEBUG] _find_record: record 9aedf29a713a0126: version_keys = {}
[22:33:22.106] [DEBUG] _find_record: record 055d68e1684b60c9: version_keys = {}
[22:33:22.106] [DEBUG] _find_record: record 771be10a785fca62: version_keys = {}
[22:33:22.106] [DEBUG] _find_record: record 50c14a30d202d80f: version_keys = {}
[22:33:22.106] [DEBUG] _find_record: record e5b8e24bc122e447: version_keys = {}
[22:33:22.106] [DEBUG] _find_record: record d1f08f05a52d1596: version_keys = {}
[22:33:22.106] [DEBUG] _find_record: record 3a3f8cda9fd09893: version_keys = {}
[22:33:22.106] [DEBUG] _find_record: record ef07c1eb7269fa75: version_keys = {}
[22:33:22.106] [DEBUG] _find_record: record e24ea43cb694afeb: version_keys = {}
[22:33:22.106] [DEBUG] _find_record: record 6d44d929d89d5c33: version_keys = {}
[22:33:22.106] [DEBUG] _find_record: record 52251139ae035c5d: version_keys = {}
[22:33:22.106] [DEBUG] _find_record: record 01b04e64a1a932fa: version_keys = {}
[22:33:22.106] [DEBUG] _find_record: record 3021a9f805d3eedd: version_keys = {}
[22:33:22.106] [DEBUG] _find_record: record b6123dbd420678c9: version_keys = {}
[22:33:22.106] [DEBUG] _find_record: record 1881ee70da342ebc: version_keys = {}
[22:33:22.106] [DEBUG] _find_record: record aa05d0d1e13a6a34: version_keys = {}
[22:33:22.106] [DEBUG] _find_record: record 965e21572eee76b2: version_keys = {}
[22:33:22.106] [DEBUG] _find_record: record cf0e5ee1b7565426: version_keys = {}
[22:33:22.106] [DEBUG] _find_record: record 18f8f7729b9861de: version_keys = {}
[22:33:22.106] [DEBUG] _find_record: record af54ef1ac3152247: version_keys = {}
[22:33:22.106] [DEBUG] _find_record: record 122b0b3665e08c2e: version_keys = {}
[22:33:22.106] [DEBUG] _find_record: record 12374a44686f82d0: version_keys = {}
[22:33:22.107] [DEBUG] _find_record: record 859e308685ce2540: version_keys = {}
[22:33:22.107] [DEBUG] _find_record: record 60ef27d06e83c7bb: version_keys = {}
[22:33:22.107] [DEBUG] _find_record: record 0870d63476cc1dad: version_keys = {}
[22:33:22.107] [DEBUG] _find_record: record 00e3491c26698345: version_keys = {}
[22:33:22.107] [DEBUG] _find_record: record 5c373d054fa049c1: version_keys = {}
[22:33:22.107] [DEBUG] _find_record: record c845fb16dbc0154d: version_keys = {}
[22:33:22.107] [DEBUG] _find_record: record e2d2f10fda39c606: version_keys = {}
[22:33:22.107] [DEBUG] _find_record: record 68a3e767e3f08861: version_keys = {}
[22:33:22.107] [DEBUG] _find_record: record fb8e304d5ec2a15b: version_keys = {}
[22:33:22.107] [DEBUG] _find_record: record daec49c7d01dc8aa: version_keys = {}
[22:33:22.107] [DEBUG] _find_record: record be6bebb191c9e9b3: version_keys = {}
[22:33:22.107] [DEBUG] _find_record: record 7f8b965206163ae6: version_keys = {}
[22:33:22.107] [DEBUG] _find_record: record 85c685817863250a: version_keys = {}
[22:33:22.107] [DEBUG] _find_record: record 9a07e581f4a2ff2d: version_keys = {}
[22:33:22.107] [DEBUG] _find_record: record 112509170566ca0d: version_keys = {}
[22:33:22.107] [DEBUG] _find_record: record f8970ffd16622b9b: version_keys = {}
[22:33:22.107] [DEBUG] _find_record: record 38a4642857b0c7e1: version_keys = {}
[22:33:22.107] [DEBUG] _find_record: record a383e6a7ebbf4dc7: version_keys = {}
[22:33:22.107] [DEBUG] _find_record: record aeea6b220581e911: version_keys = {}
[22:33:22.107] [DEBUG] _find_record: record 6ef62e8554555c3a: version_keys = {}
[22:33:22.107] [DEBUG] _find_record: record e53dfbedeaf54136: version_keys = {}
[22:33:22.107] [DEBUG] _find_record: record 76c70d9f8c0c8cd7: version_keys = {}
[22:33:22.107] [DEBUG] _find_record: record 5087f2b3c329fe0f: version_keys = {}
[22:33:22.107] [DEBUG] _find_record: record aea1fbef29374f27: version_keys = {}
[22:33:22.107] [DEBUG] _find_record: record 73acfa68d84540f7: version_keys = {}
[22:33:22.107] [DEBUG] _find_record: record 9dd67e299f525e09: version_keys = {}
[22:33:22.107] [DEBUG] _find_record: record 7ef16e067f95ee73: version_keys = {}
[22:33:22.107] [DEBUG] _find_record: record 950e04038fb08916: version_keys = {}
[22:33:22.107] [DEBUG] _find_record: record e9cb509bd8914ad2: version_keys = {}
[22:33:22.107] [DEBUG] _find_record: record 0ce9bfc5b8477517: version_keys = {}
[22:33:22.108] [DEBUG] _find_record: record 48d125e33e6ad4ac: version_keys = {}
[22:33:22.108] [DEBUG] _find_record: record 63a93037c8164178: version_keys = {}
[22:33:22.108] [DEBUG] _find_record: record 8be56703cb0cacb9: version_keys = {}
[22:33:22.108] [DEBUG] _find_record: record e73270c551d6e0cf: version_keys = {}
[22:33:22.108] [DEBUG] _find_record: record 29b33492478a0f80: version_keys = {}
[22:33:22.108] [DEBUG] _find_record: record f6402408f0a9e5f2: version_keys = {}
[22:33:22.108] [DEBUG] _find_record: record 5d20bac0e294e834: version_keys = {}
[22:33:22.108] [DEBUG] _find_record: record ae4a7e670a1fe08b: version_keys = {}
[22:33:22.108] [DEBUG] _find_record: record b15cf8a19bfb775b: version_keys = {}
[22:33:22.108] [DEBUG] _find_record: record 4f4052f8c669c106: version_keys = {}
[22:33:22.108] [DEBUG] _find_record: record 02390fa8eb362d87: version_keys = {}
[22:33:22.108] [DEBUG] _find_record: record 06c04f9ffbd87566: version_keys = {}
[22:33:22.108] [DEBUG] _find_record: record 3e659007f21e25f2: version_keys = {}
[22:33:22.108] [DEBUG] _find_record: record 88d95962436005cc: version_keys = {}
[22:33:22.108] [DEBUG] _find_record: record cd9c22f077c4bf25: version_keys = {}
[22:33:22.108] [DEBUG] _find_record: record ab62c31060d7fee7: version_keys = {}
[22:33:22.108] [DEBUG] _find_record: record b7e28e7e5b1f11c8: version_keys = {}
[22:33:22.108] [DEBUG] _find_record: record d34c5637c45c2bb3: version_keys = {}
[22:33:22.108] [DEBUG] _find_record: record 239db279392b238e: version_keys = {}
[22:33:22.108] [DEBUG] _find_record: record 263402b1e31eb99b: version_keys = {}
[22:33:22.108] [DEBUG] _find_record: record 5119a891f50f5e60: version_keys = {}
[22:33:22.108] [DEBUG] _find_record: record 41d65b5099c7c8cc: version_keys = {}
[22:33:22.108] [DEBUG] _find_record: record f3e3ec8be6c9aac2: version_keys = {}
[22:33:22.108] [DEBUG] _find_record: record 80f3fcbe2ebf9bbb: version_keys = {}
[22:33:22.108] [DEBUG] _find_record: record 1360470495b075db: version_keys = {}
[22:33:22.108] [DEBUG] _find_record: record 48b20c0ce1218fc8: version_keys = {}
[22:33:22.108] [DEBUG] _find_record: record c4e2677933d8e618: version_keys = {}
[22:33:22.108] [DEBUG] _find_record: record c3f157ad00ca17e8: version_keys = {}
[22:33:22.108] [DEBUG] _find_record: record 851e18334e0a3172: version_keys = {}
[22:33:22.108] [DEBUG] _find_record: record 24069bc1a80d91aa: version_keys = {}
[22:33:22.109] [DEBUG] _find_record: record deb2c7c44a332322: version_keys = {}
[22:33:22.109] [DEBUG] _find_record: record 69ba7db6adf8da15: version_keys = {}
[22:33:22.109] [DEBUG] _find_record: record 068a2e93be423dd0: version_keys = {}
[22:33:22.109] [DEBUG] _find_record: record 2d896ef1b73abe01: version_keys = {}
[22:33:22.109] [DEBUG] _find_record: record 3674f9fd0425d28f: version_keys = {}
[22:33:22.109] [DEBUG] _find_record: record 7a9d077a49f94ae6: version_keys = {}
[22:33:22.109] [DEBUG] _find_record: record 32a36f17bacc8044: version_keys = {}
[22:33:22.109] [DEBUG] _find_record: record 4a7bea2f1fbc59a9: version_keys = {}
[22:33:22.109] [DEBUG] _find_record: record 97e0e3e54611a4b7: version_keys = {}
[22:33:22.109] [DEBUG] _find_record: record d0702db99c8b31b3: version_keys = {}
[22:33:22.109] [DEBUG] _find_record: record 7598359a8daca278: version_keys = {}
[22:33:22.109] [DEBUG] _find_record: record 700f6298f0353f0e: version_keys = {}
[22:33:22.109] [DEBUG] _find_record: record 4e972ad295a5036f: version_keys = {}
[22:33:22.109] [DEBUG] _find_record: record 6136dccd3fbccb72: version_keys = {}
[22:33:22.109] [DEBUG] _find_record: record a7c96d5e1c83dbb8: version_keys = {}
[22:33:22.109] [DEBUG] _find_record: record e746f5994153456d: version_keys = {}
[22:33:22.109] [DEBUG] _find_record: record f14c690904960ebd: version_keys = {}
[22:33:22.109] [DEBUG] _find_record: record cb510fe36afa7b36: version_keys = {}
[22:33:22.109] [DEBUG] _find_record: record c585dc49d4ed9b76: version_keys = {}
[22:33:22.109] [DEBUG] _find_record: record 15073c2627ec5ca6: version_keys = {}
[22:33:22.109] [DEBUG] _find_record: record 6f4af3520266d5b9: version_keys = {}
[22:33:22.109] [DEBUG] _find_record: record 49d74969ed69f2c1: version_keys = {}
[22:33:22.109] [DEBUG] _find_record: record d84f62760d086ba6: version_keys = {}
[22:33:22.109] [DEBUG] _find_record: record 4ff6d3ede89de79c: version_keys = {}
[22:33:22.109] [DEBUG] _find_record: record 3eabe66e2c04cb54: version_keys = {}
[22:33:22.109] [DEBUG] _find_record: record 7ed327383bd86416: version_keys = {}
[22:33:22.109] [DEBUG] _find_record: record f6a2879ee5d6af99: version_keys = {}
[22:33:22.109] [DEBUG] _find_record: record 3d391cec73ae79b7: version_keys = {}
[22:33:22.109] [DEBUG] _find_record: record efbdcc5cf137561c: version_keys = {}
[22:33:22.109] [DEBUG] _find_record: record 27ae922483325beb: version_keys = {}
[22:33:22.109] [DEBUG] _find_record: record 4f3edef6caeaffaa: version_keys = {}
[22:33:22.110] [DEBUG] _find_record: record 7db4fa367f0ce625: version_keys = {}
[22:33:22.110] [DEBUG] _find_record: record aad3057f141e9562: version_keys = {}
[22:33:22.110] [DEBUG] _find_record: record 1e2dc2616c82e56b: version_keys = {}
[22:33:22.110] [DEBUG] _find_record: record e61c843779144420: version_keys = {}
[22:33:22.110] [DEBUG] _find_record: record ce75171b25ec4458: version_keys = {}
[22:33:22.110] [DEBUG] _find_record: record 5646e85191e305bc: version_keys = {}
[22:33:22.110] [DEBUG] _find_record: record 14fe6c3ecfd58da5: version_keys = {}
[22:33:22.110] [DEBUG] _find_record: record 694560db136bb101: version_keys = {}
[22:33:22.110] [DEBUG] _find_record: record 2bbf071f327ea074: version_keys = {}
[22:33:22.110] [DEBUG] _find_record: record 0da533cf7d52690d: version_keys = {}
[22:33:22.110] [DEBUG] _find_record: record b98e517f3deb80ae: version_keys = {}
[22:33:22.110] [DEBUG] _find_record: record 94da43c660cdacae: version_keys = {}
[22:33:22.110] [DEBUG] _find_record: record e7880f98af0b60c4: version_keys = {}
[22:33:22.110] [DEBUG] _find_record: record 563fee7b6c6d3dd1: version_keys = {}
[22:33:22.110] [DEBUG] _find_record: record 3573f902eafb0193: version_keys = {}
[22:33:22.110] [DEBUG] _find_record: record 58aa406cf9e98eb6: version_keys = {}
[22:33:22.110] [DEBUG] _find_record: record 1e06f05f1735f2e9: version_keys = {}
[22:33:22.110] [DEBUG] _find_record: record 1690f0933767386e: version_keys = {}
[22:33:22.110] [DEBUG] _find_record: record 9ec3b0c0a2d83a47: version_keys = {}
[22:33:22.110] [DEBUG] _find_record: record df366a44b370056e: version_keys = {}
[22:33:22.110] [DEBUG] _find_record: record 2797d5b174c0bc35: version_keys = {}
[22:33:22.110] [DEBUG] _find_record: record ee177c5381b77248: version_keys = {}
[22:33:22.110] [DEBUG] _find_record: record 51283adfc2d2ea1c: version_keys = {}
[22:33:22.110] [DEBUG] _find_record: record 1a13386424ab7652: version_keys = {}
[22:33:22.110] [DEBUG] _find_record: record 1117b9d7f1ea88a6: version_keys = {}
[22:33:22.110] [DEBUG] _find_record: record f66d272580dfd9eb: version_keys = {}
[22:33:22.110] [DEBUG] _find_record: record 31eb4d9ae84509a8: version_keys = {}
[22:33:22.110] [DEBUG] _find_record: record 804533ee0d21833e: version_keys = {}
[22:33:22.110] [DEBUG] _find_record: record a4354af42e949ab2: version_keys = {}
[22:33:22.110] [DEBUG] _find_record: record 27f8a134daa949ca: version_keys = {}
[22:33:22.110] [DEBUG] _find_record: record 3540ae9383acb1d3: version_keys = {}
[22:33:22.111] [DEBUG] _find_record: record 80221fab02cba47a: version_keys = {}
[22:33:22.111] [DEBUG] _find_record: record 2ba76da610c21b7a: version_keys = {}
[22:33:22.111] [DEBUG] _find_record: record dfdf55bfd1a76445: version_keys = {}
[22:33:22.111] [DEBUG] _find_record: record 9d8ed65253da72ce: version_keys = {}
[22:33:22.111] [DEBUG] _find_record: record 2233af25a13c6f48: version_keys = {}
[22:33:22.111] [DEBUG] _find_record: record e7dd6dc1c2818638: version_keys = {}
[22:33:22.111] [DEBUG] _find_record: record be4bc196d68dc6d5: version_keys = {}
[22:33:22.111] [DEBUG] _find_record: record 3fd308e91c0c2189: version_keys = {}
[22:33:22.111] [DEBUG] _find_record: record d546068098607744: version_keys = {}
[22:33:22.111] [DEBUG] _find_record: record 8589c056c118e535: version_keys = {}
[22:33:22.111] [DEBUG] _find_record: record 257c5a9ff3d649bd: version_keys = {}
[22:33:22.111] [DEBUG] _find_record: record 981fa86ccae0d877: version_keys = {}
[22:33:22.111] [DEBUG] _find_record: record 039b358141e46491: version_keys = {}
[22:33:22.111] [DEBUG] _find_record: record 98c3715f5762bfe0: version_keys = {}
[22:33:22.111] [DEBUG] _find_record: record 2008e89c506a81d4: version_keys = {}
[22:33:22.111] [DEBUG] _find_record: record 0dce480943fb5a09: version_keys = {}
[22:33:22.111] [DEBUG] _find_record: record 621ec55474cc0256: version_keys = {}
[22:33:22.111] [DEBUG] _find_record: record caf8a64d389c0863: version_keys = {}
[22:33:22.111] [DEBUG] _find_record: record 437fa42ebade4c37: version_keys = {}
[22:33:22.111] [DEBUG] _find_record: record 81508664dc1e858b: version_keys = {}
[22:33:22.111] [DEBUG] _find_record: record 8fbd8fdd8ff528a6: version_keys = {}
[22:33:22.111] [DEBUG] _find_record: record b311ee9e3ba76881: version_keys = {}
[22:33:22.111] [DEBUG] _find_record: record 3f3e34dbfce4ed72: version_keys = {}
[22:33:22.111] [DEBUG] _find_record: record 67219eb87a80d429: version_keys = {}
[22:33:22.111] [DEBUG] _find_record: record 0fc4ed5f8468da7f: version_keys = {}
[22:33:22.111] [DEBUG] _find_record: record e5bf96bc1775b4c1: version_keys = {}
[22:33:22.111] [DEBUG] _find_record: record 85f2bf4af76a5606: version_keys = {}
[22:33:22.111] [DEBUG] _find_record: record f0cacc6dfc6dc682: version_keys = {}
[22:33:22.111] [DEBUG] _find_record: record a836df3f2a20eac2: version_keys = {}
[22:33:22.111] [DEBUG] _find_record: record ea715ff521f54f08: version_keys = {}
[22:33:22.112] [DEBUG] _find_record: record c90d913f9cae0f8e: version_keys = {}
[22:33:22.112] [DEBUG] _find_record: record 578dca8b93f65f0d: version_keys = {}
[22:33:22.112] [DEBUG] _find_record: record 16d581807fd0880c: version_keys = {}
[22:33:22.112] [DEBUG] _find_record: record d374635390be2861: version_keys = {}
[22:33:22.112] [DEBUG] _find_record: record 71549c4f93c04579: version_keys = {}
[22:33:22.112] [DEBUG] _find_record: record fae6047123850f47: version_keys = {}
[22:33:22.112] [DEBUG] _find_record: record 8698c599e15f5651: version_keys = {}
[22:33:22.112] [DEBUG] _find_record: record 7ec344011537a3e0: version_keys = {}
[22:33:22.112] [DEBUG] _find_record: record 30f784e25771cebd: version_keys = {}
[22:33:22.112] [DEBUG] _find_record: record db7b5df7d221f18a: version_keys = {}
[22:33:22.112] [DEBUG] _find_record: record 91c21a2fd8025e92: version_keys = {}
[22:33:22.112] [DEBUG] _find_record: record 2e88b57e4f16eb60: version_keys = {}
[22:33:22.112] [DEBUG] _find_record: record 105aeb714dff782c: version_keys = {}
[22:33:22.112] [DEBUG] _find_record: record d726f55c0192dbb1: version_keys = {}
[22:33:22.112] [DEBUG] _find_record: record 65aa0fd30b54eb96: version_keys = {}
[22:33:22.112] [DEBUG] _find_record: record 17f31a3492546e83: version_keys = {}
[22:33:22.112] [DEBUG] _find_record: record cbffc6eab18bd991: version_keys = {}
[22:33:22.112] [DEBUG] _find_record: record 17a3f5ffaf793e98: version_keys = {}
[22:33:22.112] [DEBUG] _find_record: record 1c76d89e0d9396fc: version_keys = {}
[22:33:22.112] [DEBUG] _find_record: record e99fd72baf8a1cc6: version_keys = {}
[22:33:22.112] [DEBUG] _find_record: record 1858d4026fd46a77: version_keys = {}
[22:33:22.112] [DEBUG] _find_record: record f6b7f5ea53b4020d: version_keys = {}
[22:33:22.112] [DEBUG] _find_record: record 07b084222011c10e: version_keys = {}
[22:33:22.112] [DEBUG] _find_record: record c13b3b61faf92eb3: version_keys = {}
[22:33:22.112] [DEBUG] _find_record: record 06d698e661cab76a: version_keys = {}
[22:33:22.112] [DEBUG] _find_record: record fe8ae1e320f73ab6: version_keys = {}
[22:33:22.112] [DEBUG] _find_record: record 92e0ee9a8e04688b: version_keys = {}
[22:33:22.112] [DEBUG] _find_record: record 6377d3e7970612d6: version_keys = {}
[22:33:22.112] [DEBUG] _find_record: record dba24aaf5458c032: version_keys = {}
[22:33:22.112] [DEBUG] _find_record: record 587317c6a2ca25fa: version_keys = {}
[22:33:22.112] [DEBUG] _find_record: record 865f3325eb300ae9: version_keys = {}
[22:33:22.113] [DEBUG] _find_record: record eefd16e9fe5204a3: version_keys = {}
[22:33:22.113] [DEBUG] _find_record: record 79006c0c6cbe3a8e: version_keys = {}
[22:33:22.113] [DEBUG] _find_record: record a0b5b5b7afcae017: version_keys = {}
[22:33:22.113] [DEBUG] _find_record: record be9f743e5c1df03f: version_keys = {}
[22:33:22.113] [DEBUG] _find_record: record cc3b57295b2cf241: version_keys = {}
[22:33:22.113] [DEBUG] _find_record: record 2be89db8e76aad9f: version_keys = {}
[22:33:22.113] [DEBUG] _find_record: record a562736cdb8b5382: version_keys = {}
[22:33:22.113] [DEBUG] _find_record: record b0157e6cbebf1119: version_keys = {}
[22:33:22.113] [DEBUG] _find_record: record 77df4d716449eda3: version_keys = {}
[22:33:22.113] [DEBUG] _find_record: record 96da1eabf03392c4: version_keys = {}
[22:33:22.113] [DEBUG] _find_record: record 592943525e1e4955: version_keys = {}
[22:33:22.113] [DEBUG] _find_record: record 35c0ab96b76d47b0: version_keys = {}
[22:33:22.113] [DEBUG] _find_record: record 40eb2813fd863ac0: version_keys = {}
[22:33:22.113] [DEBUG] _find_record: record 8f76651f7afef772: version_keys = {}
[22:33:22.113] [DEBUG] _find_record: record 4eb3da4e4b583c80: version_keys = {}
[22:33:22.113] [DEBUG] _find_record: record 32e921c50e1b734b: version_keys = {}
[22:33:22.113] [DEBUG] _find_record: record 75f1e27524d88792: version_keys = {}
[22:33:22.113] [DEBUG] _find_record: record c7ea2a331616b101: version_keys = {}
[22:33:22.113] [DEBUG] _find_record: record 847e9ca1c83c0e30: version_keys = {}
[22:33:22.113] [DEBUG] _find_record: record 5c212cce3cc5d9ac: version_keys = {}
[22:33:22.113] [DEBUG] _find_record: record 016575726851b650: version_keys = {}
[22:33:22.113] [DEBUG] _find_record: record ca1bd3f250acd744: version_keys = {}
[22:33:22.113] [DEBUG] _find_record: record 85e16949e95cac70: version_keys = {}
[22:33:22.113] [DEBUG] _find_record: record 5351834c857b4fc0: version_keys = {}
[22:33:22.113] [DEBUG] _find_record: record 2a42c9c1ec65cda9: version_keys = {}
[22:33:22.113] [DEBUG] _find_record: record cf2fa38aa9ea2414: version_keys = {}
[22:33:22.113] [DEBUG] _find_record: record c9025d0c920f93dc: version_keys = {}
[22:33:22.113] [DEBUG] _find_record: record 354851fe6ca73c0d: version_keys = {}
[22:33:22.113] [DEBUG] _find_record: record 339bffef2e4de44d: version_keys = {}
[22:33:22.113] [DEBUG] _find_record: record 20713e51b324d843: version_keys = {}
[22:33:22.114] [DEBUG] _find_record: record 5194678c7d7aa048: version_keys = {}
[22:33:22.114] [DEBUG] _find_record: record ed7e9a1f0d754b92: version_keys = {}
[22:33:22.114] [DEBUG] _find_record: record 5a162ee433e19426: version_keys = {}
[22:33:22.114] [DEBUG] _find_record: record 22f2435c845bce29: version_keys = {}
[22:33:22.114] [DEBUG] _find_record: record f8011c9542075ed3: version_keys = {}
[22:33:22.114] [DEBUG] _find_record: record 577687557a8db4a8: version_keys = {}
[22:33:22.114] [DEBUG] _find_record: record 857f2d5a365b9bab: version_keys = {}
[22:33:22.114] [DEBUG] _find_record: record e4c6e11964ebecb5: version_keys = {}
[22:33:22.114] [DEBUG] _find_record: record 7ee5b7681a0184af: version_keys = {}
[22:33:22.114] [DEBUG] _find_record: record 349e600680f708c6: version_keys = {}
[22:33:22.114] [DEBUG] _find_record: record 3b019349d588a838: version_keys = {}
[22:33:22.114] [DEBUG] _find_record: record 37935903979ff3ca: version_keys = {}
[22:33:22.114] [DEBUG] _find_record: record 15a2934b8bdd7055: version_keys = {}
[22:33:22.114] [DEBUG] _find_record: record 87397674cb5ce832: version_keys = {}
[22:33:22.114] [DEBUG] _find_record: record 380074c7fa62c9a5: version_keys = {}
[22:33:22.114] [DEBUG] _find_record: record 41184752c566ae47: version_keys = {}
[22:33:22.114] [DEBUG] _find_record: record a99c6291c7c67e11: version_keys = {}
[22:33:22.114] [DEBUG] _find_record: record d64c52613927bace: version_keys = {}
[22:33:22.114] [DEBUG] _find_record: record 0b774a9208382438: version_keys = {}
[22:33:22.114] [DEBUG] _find_record: record 736510f65288bc62: version_keys = {}
[22:33:22.114] [DEBUG] _find_record: record ec72dd12f067d27f: version_keys = {}
[22:33:22.114] [DEBUG] _find_record: record 4a3c4a3bd8ae0936: version_keys = {}
[22:33:22.114] [DEBUG] _find_record: record cbff7857d47ffe2d: version_keys = {}
[22:33:22.114] [DEBUG] _find_record: record 9beef53d6461c19a: version_keys = {}
[22:33:22.114] [DEBUG] _find_record: record 9edf43f07f735271: version_keys = {}
[22:33:22.114] [DEBUG] _find_record: record 38ea5c956f334b1d: version_keys = {}
[22:33:22.114] [DEBUG] _find_record: record f39dd84324e4bebe: version_keys = {}
[22:33:22.114] [DEBUG] _find_record: record 72f7b865567845f5: version_keys = {}
[22:33:22.114] [DEBUG] _find_record: record e81830f3c032914b: version_keys = {}
[22:33:22.114] [DEBUG] _find_record: record 609471655e041b8a: version_keys = {}
[22:33:22.115] [DEBUG] _find_record: record 56a070739e4aa7ed: version_keys = {}
[22:33:22.115] [DEBUG] _find_record: record bc6ca3fd8d6ded92: version_keys = {}
[22:33:22.115] [DEBUG] _find_record: record e4afd56eef3b1556: version_keys = {}
[22:33:22.115] [DEBUG] _find_record: record fe6eaff8f802069a: version_keys = {}
[22:33:22.115] [DEBUG] _find_record: record 6d272803b8fb1c1f: version_keys = {}
[22:33:22.115] [DEBUG] _find_record: record 22ff4c4260cef1ca: version_keys = {}
[22:33:22.115] [DEBUG] _find_record: record 4fb2017391ccc65a: version_keys = {}
[22:33:22.115] [DEBUG] _find_record: record 0a81df5a34241bdb: version_keys = {}
[22:33:22.115] [DEBUG] _find_record: record 95153cca2f29f6cd: version_keys = {}
[22:33:22.115] [DEBUG] _find_record: record 1bc477d988c36459: version_keys = {}
[22:33:22.115] [DEBUG] _find_record: record 2c16208c0bf82667: version_keys = {}
[22:33:22.115] [DEBUG] _find_record: record b3f7b699bf34fd6a: version_keys = {}
[22:33:22.115] [DEBUG] _find_record: record 208d916a5b07157c: version_keys = {}
[22:33:22.115] [DEBUG] _find_record: record bb10e40bb2465768: version_keys = {}
[22:33:22.115] [DEBUG] _find_record: record 6bad25906bd24a14: version_keys = {}
[22:33:22.115] [DEBUG] _find_record: record 588d94c859b18bad: version_keys = {}
[22:33:22.115] [DEBUG] _find_record: record dc8f521ea0796855: version_keys = {}
[22:33:22.115] [DEBUG] _find_record: record 48cb3ed75c2c5a3f: version_keys = {}
[22:33:22.115] [DEBUG] _find_record: record cfb955603aba1ed0: version_keys = {}
[22:33:22.115] [DEBUG] _find_record: record c2246fff73155ba0: version_keys = {}
[22:33:22.115] [DEBUG] _find_record: record 092014c134623b86: version_keys = {}
[22:33:22.115] [DEBUG] _find_record: record 7a707090aabaff30: version_keys = {}
[22:33:22.115] [DEBUG] _find_record: record f6617916b2be8aa9: version_keys = {}
[22:33:22.115] [DEBUG] _find_record: record 6a9389cca1252955: version_keys = {}
[22:33:22.115] [DEBUG] _find_record: record b9ea56b5729e9813: version_keys = {}
[22:33:22.115] [DEBUG] _find_record: record c1a8160a52ef44ee: version_keys = {}
[22:33:22.115] [DEBUG] _find_record: record 651ac6e90283e0c8: version_keys = {}
[22:33:22.115] [DEBUG] _find_record: record 7d139eab0f9aab8b: version_keys = {}
[22:33:22.115] [DEBUG] _find_record: record 8b56d338270d8384: version_keys = {}
[22:33:22.116] [DEBUG] _find_record: record 0668571cde96c5e0: version_keys = {}
[22:33:22.116] [DEBUG] _find_record: record 6ddf3e218e4c63d5: version_keys = {}
[22:33:22.116] [DEBUG] _find_record: record 193d71940b4ccea9: version_keys = {}
[22:33:22.116] [DEBUG] _find_record: record b0f4b2bd052b25ee: version_keys = {}
[22:33:22.116] [DEBUG] _find_record: record f56cb6b5a5069765: version_keys = {}
[22:33:22.116] [DEBUG] _find_record: record 5e4b0b13ef7d773e: version_keys = {}
[22:33:22.116] [DEBUG] _find_record: record 8f61e1f1ff65d241: version_keys = {}
[22:33:22.116] [DEBUG] _find_record: record 014d966cc5d23c4e: version_keys = {}
[22:33:22.116] [DEBUG] _find_record: record 454f5dcb172e22a1: version_keys = {}
[22:33:22.116] [DEBUG] _find_record: record 29fe54fd11eeccf9: version_keys = {}
[22:33:22.116] [DEBUG] _find_record: record 80101133bb23d882: version_keys = {}
[22:33:22.116] [DEBUG] _find_record: record ffa43ebd60b030b1: version_keys = {}
[22:33:22.116] [DEBUG] _find_record: record 19be88b522ba3e08: version_keys = {}
[22:33:22.116] [DEBUG] _find_record: record 883cd64fb564859d: version_keys = {}
[22:33:22.116] [DEBUG] _find_record: record 747aeb8dcd865d28: version_keys = {}
[22:33:22.116] [DEBUG] _find_record: record 0decc5127fbe7719: version_keys = {}
[22:33:22.116] [DEBUG] _find_record: record e1332bf901e44746: version_keys = {}
[22:33:22.116] [DEBUG] _find_record: record a34b01f30887b60d: version_keys = {}
[22:33:22.116] [DEBUG] _find_record: record 425428a6452f2a2c: version_keys = {}
[22:33:22.116] [DEBUG] _find_record: record 09cabc9c96f8b725: version_keys = {}
[22:33:22.116] [DEBUG] _find_record: record dc33501a87234424: version_keys = {}
[22:33:22.116] [DEBUG] _find_record: record 51804777af9d0720: version_keys = {}
[22:33:22.116] [DEBUG] _find_record: record b5cee0f0548a0c67: version_keys = {}
[22:33:22.116] [DEBUG] _find_record: record bfcebffd10b30c72: version_keys = {}
[22:33:22.116] [DEBUG] _find_record: record 1a1deafd111cda96: version_keys = {}
[22:33:22.116] [DEBUG] _find_record: record 8a7231a959e3fa31: version_keys = {}
[22:33:22.116] [DEBUG] _find_record: record 9f39a4b11baa6c97: version_keys = {}
[22:33:22.116] [DEBUG] _find_record: record 2849241b259b1daa: version_keys = {}
[22:33:22.116] [DEBUG] _find_record: record 05a5d1ab530d7de0: version_keys = {}
[22:33:22.116] [DEBUG] _find_record: record 5fda6d0fced01331: version_keys = {}
[22:33:22.117] [DEBUG] _find_record: record 610352196ce811d9: version_keys = {}
[22:33:22.117] [DEBUG] _find_record: record a11e25953bea306f: version_keys = {}
[22:33:22.117] [DEBUG] _find_record: record 870c2fae25652379: version_keys = {}
[22:33:22.117] [DEBUG] _find_record: record 151eedd9de22a099: version_keys = {}
[22:33:22.117] [DEBUG] _find_record: record 82d938863662322a: version_keys = {}
[22:33:22.117] [DEBUG] _find_record: record 70e565b022ebe879: version_keys = {}
[22:33:22.117] [DEBUG] _find_record: record d16fd611662152d8: version_keys = {}
[22:33:22.117] [DEBUG] _find_record: record 2fda4d908d650a5b: version_keys = {}
[22:33:22.117] [DEBUG] _find_record: record 9c427a2314f06ca9: version_keys = {}
[22:33:22.117] [DEBUG] _find_record: record 6af9149df67c0c8a: version_keys = {}
[22:33:22.117] [DEBUG] _find_record: record 979ffbb664f45fdb: version_keys = {}
[22:33:22.117] [DEBUG] _find_record: record 1d73b947c427c36a: version_keys = {}
[22:33:22.117] [DEBUG] _find_record: record e7fd22e05122dba2: version_keys = {}
[22:33:22.117] [DEBUG] _find_record: record fa747c918da2e8fc: version_keys = {}
[22:33:22.117] [DEBUG] _find_record: record 29388539dc07b806: version_keys = {}
[22:33:22.117] [DEBUG] _find_record: record cecb87ecd783d7f0: version_keys = {}
[22:33:22.117] [DEBUG] _find_record: record 4e6bbe4fa1bed48a: version_keys = {}
[22:33:22.117] [DEBUG] _find_record: record 53cf533f1c3d7226: version_keys = {}
[22:33:22.117] [DEBUG] _find_record: record 12775821f0c2aeae: version_keys = {}
[22:33:22.117] [DEBUG] _find_record: record 6e93aa439fc62d36: version_keys = {}
[22:33:22.117] [DEBUG] _find_record: record 746fe3742a91ec0b: version_keys = {}
[22:33:22.117] [DEBUG] _find_record: record a6c58573a8fc726b: version_keys = {}
[22:33:22.117] [DEBUG] _find_record: record 219b84ca88d2474a: version_keys = {}
[22:33:22.117] [DEBUG] _find_record: record 6a2a09b23d76e864: version_keys = {}
[22:33:22.117] [DEBUG] _find_record: record ead393b1f36ed143: version_keys = {}
[22:33:22.117] [DEBUG] _find_record: record 3572f5fa0171bdaa: version_keys = {}
[22:33:22.117] [DEBUG] _find_record: record 58eed27cadbd2f89: version_keys = {}
[22:33:22.117] [DEBUG] _find_record: record 174bd9a05a5ebe77: version_keys = {}
[22:33:22.117] [DEBUG] _find_record: record 4ca024958d7a0ac7: version_keys = {}
[22:33:22.117] [DEBUG] _find_record: record 0b5c31a7fe5b11fa: version_keys = {}
[22:33:22.118] [DEBUG] _find_record: record a850e8882a686610: version_keys = {}
[22:33:22.118] [DEBUG] _find_record: record 570c512075a34408: version_keys = {}
[22:33:22.118] [DEBUG] _find_record: record 6a240d94aa800bfa: version_keys = {}
[22:33:22.118] [DEBUG] _find_record: record bf49a4d567f18b3d: version_keys = {}
[22:33:22.118] [DEBUG] _find_record: record bdf45672a47ce3e6: version_keys = {}
[22:33:22.118] [DEBUG] _find_record: record 2c14279bbc7c46d4: version_keys = {}
[22:33:22.118] [DEBUG] _find_record: record 776b516163afbbf6: version_keys = {}
[22:33:22.118] [DEBUG] _find_record: record 3bd17e93668a3775: version_keys = {}
[22:33:22.118] [DEBUG] _find_record: record 6bd3484b1b54a7a0: version_keys = {}
[22:33:22.118] [DEBUG] _find_record: record 59274cde9e8ef5ad: version_keys = {}
[22:33:22.118] [DEBUG] _find_record: record 3d016b8fd61a0b39: version_keys = {}
[22:33:22.118] [DEBUG] _find_record: record b3794b6fcc0a25ed: version_keys = {}
[22:33:22.118] [DEBUG] _find_record: record bfd05dd3c883765d: version_keys = {}
[22:33:22.118] [DEBUG] _find_record: record 3ff3d7f757cb69ba: version_keys = {}
[22:33:22.118] [DEBUG] _find_record: record 52710d598e04a2a8: version_keys = {}
[22:33:22.118] [DEBUG] _find_record: record 7842846536114fcb: version_keys = {}
[22:33:22.118] [DEBUG] _find_record: record 1926b40944fcb791: version_keys = {}
[22:33:22.118] [DEBUG] _find_record: record 09e2aaf8a047a871: version_keys = {}
[22:33:22.118] [DEBUG] _find_record: record bccace60fe001201: version_keys = {}
[22:33:22.118] [DEBUG] _find_record: record 8e1cdb67c518b993: version_keys = {}
[22:33:22.118] [DEBUG] _find_record: record a2fac42c571475cb: version_keys = {}
[22:33:22.118] [DEBUG] _find_record: record bfe1b962c3d4d04f: version_keys = {}
[22:33:22.118] [DEBUG] _find_record: record 08081a4b987478b7: version_keys = {}
[22:33:22.118] [DEBUG] _find_record: record 97008fb113d2464a: version_keys = {}
[22:33:22.118] [DEBUG] _find_record: record 713e16cf3e515530: version_keys = {}
[22:33:22.118] [DEBUG] _find_record: record ad11744a69d84bc9: version_keys = {}
[22:33:22.118] [DEBUG] _find_record: record ba1588612dcea2f8: version_keys = {}
[22:33:22.118] [DEBUG] _find_record: record 55171912302a5102: version_keys = {}
[22:33:22.118] [DEBUG] _find_record: record f96d6be0c7fbff0c: version_keys = {}
[22:33:22.118] [DEBUG] _find_record: record f82ab45dc6e6b037: version_keys = {}
[22:33:22.118] [DEBUG] _find_record: record 99e96aeb80db966d: version_keys = {}
[22:33:22.119] [DEBUG] _find_record: record 6d0f28bff077dad7: version_keys = {}
[22:33:22.119] [DEBUG] _find_record: record 98efcdc827b1f796: version_keys = {}
[22:33:22.119] [DEBUG] _find_record: record 7622cb3690d8dd5b: version_keys = {}
[22:33:22.119] [DEBUG] _find_record: record 35702ebd2aebe131: version_keys = {}
[22:33:22.119] [DEBUG] _find_record: record 69486130bc1557a4: version_keys = {}
[22:33:22.119] [DEBUG] _find_record: record c77ae7af8752aab4: version_keys = {}
[22:33:22.119] [DEBUG] _find_record: record 549dc6004809f6fa: version_keys = {}
[22:33:22.119] [DEBUG] _find_record: record d03859e441d6e56c: version_keys = {}
[22:33:22.119] [DEBUG] _find_record: record 50abcde1d5dfb73c: version_keys = {}
[22:33:22.119] [DEBUG] _find_record: record 579894f840fc326c: version_keys = {}
[22:33:22.119] [DEBUG] _find_record: record 39f7596fc6f08842: version_keys = {}
[22:33:22.119] [DEBUG] _find_record: record b06498eeadb03c51: version_keys = {}
[22:33:22.119] [DEBUG] _find_record: record 7f484973d08388dc: version_keys = {}
[22:33:22.119] [DEBUG] _find_record: record 2840906521124145: version_keys = {}
[22:33:22.119] [DEBUG] _find_record: record 335cde2db8ec8112: version_keys = {}
[22:33:22.119] [DEBUG] _find_record: record 2ca27811f6e74f7e: version_keys = {}
[22:33:22.119] [DEBUG] _find_record: record b6f60d412899f8cc: version_keys = {}
[22:33:22.119] [DEBUG] _find_record: record 6d31a86f0ca8ce4d: version_keys = {}
[22:33:22.119] [DEBUG] _find_record: record c76dc7ecad31de30: version_keys = {}
[22:33:22.119] [DEBUG] _find_record: record 8ed8c633ed05baf3: version_keys = {}
[22:33:22.119] [DEBUG] _find_record: record ee8e93b0cd136261: version_keys = {}
[22:33:22.119] [DEBUG] _find_record: record 7e4ff60894e71473: version_keys = {}
[22:33:22.119] [DEBUG] _find_record: record a37da4a49b3e4de6: version_keys = {}
[22:33:22.119] [DEBUG] _find_record: record 53f059c20dac4c70: version_keys = {}
[22:33:22.119] [DEBUG] _find_record: record 238a94b7f9bef0e1: version_keys = {}
[22:33:22.119] [DEBUG] _find_record: record 9b79127273e989ec: version_keys = {}
[22:33:22.119] [DEBUG] _find_record: record aa03d28bd21d1e0f: version_keys = {}
[22:33:22.119] [DEBUG] _find_record: record e056f07aad86ade5: version_keys = {}
[22:33:22.119] [DEBUG] _find_record: record cec8d9f799704ca1: version_keys = {}
[22:33:22.119] [DEBUG] _find_record: record fd3ee78f780ac3b1: version_keys = {}
[22:33:22.119] [DEBUG] _find_record: record b36d6236570f88ce: version_keys = {}
[22:33:22.120] [DEBUG] _find_record: record ea6031faa96ff192: version_keys = {}
[22:33:22.120] [DEBUG] _find_record: record 4a0b928872c6a5c9: version_keys = {}
[22:33:22.120] [DEBUG] _find_record: record 369ac89163c5fbc3: version_keys = {}
[22:33:22.120] [DEBUG] _find_record: record eb607c56a5babe69: version_keys = {}
[22:33:22.120] [DEBUG] _find_record: record f81e4c21ca0b8855: version_keys = {}
[22:33:22.120] [DEBUG] _find_record: record 2d2eedde57abb43b: version_keys = {}
[22:33:22.120] [DEBUG] _find_record: record b5f3819b76b89faf: version_keys = {}
[22:33:22.120] [DEBUG] _find_record: record 472401001b45fae9: version_keys = {}
[22:33:22.120] [DEBUG] _find_record: record bf544147dc4dcf5c: version_keys = {}
[22:33:22.120] [DEBUG] _find_record: record 48ae5860488640b3: version_keys = {}
[22:33:22.120] [DEBUG] _find_record: record c6017246c183db6d: version_keys = {}
[22:33:22.120] [DEBUG] _find_record: record 06233bb52bbcec0c: version_keys = {}
[22:33:22.120] [DEBUG] _find_record: record fce1dc1e575eaca3: version_keys = {}
[22:33:22.120] [DEBUG] _find_record: record 98fdeecb264d2eb7: version_keys = {}
[22:33:22.120] [DEBUG] _find_record: record ec6ace76b1e57f50: version_keys = {}
[22:33:22.120] [DEBUG] _find_record: record 1b29c5ba5511509d: version_keys = {}
[22:33:22.120] [DEBUG] _find_record: record 5f809d9cdaa66f2f: version_keys = {}
[22:33:22.120] [DEBUG] _find_record: record 9b78a505f0688b8b: version_keys = {}
[22:33:22.120] [DEBUG] _find_record: record b1de69dd723a4c51: version_keys = {}
[22:33:22.120] [DEBUG] _find_record: record 7455a2a36a3b7400: version_keys = {}
[22:33:22.120] [DEBUG] _find_record: record 6ea624af1493b9aa: version_keys = {}
[22:33:22.120] [DEBUG] _find_record: record 1f10a54e5f9ef80a: version_keys = {}
[22:33:22.120] [DEBUG] _find_record: record e2cb4e420ee0ff26: version_keys = {}
[22:33:22.120] [DEBUG] _find_record: record 60d70e69acede9f6: version_keys = {}
[22:33:22.120] [DEBUG] _find_record: record 4b0c876bc3eb02ca: version_keys = {}
[22:33:22.120] [DEBUG] _find_record: record a3766f5b1b4b723c: version_keys = {}
[22:33:22.120] [DEBUG] _find_record: record 6b441e5f26841a2b: version_keys = {}
[22:33:22.120] [DEBUG] _find_record: record 5beff5bab8744855: version_keys = {}
[22:33:22.120] [DEBUG] _find_record: record 6f746e73bc1596d3: version_keys = {}
[22:33:22.121] [DEBUG] _find_record: record 4351b0eebe0d8a29: version_keys = {}
[22:33:22.121] [DEBUG] _find_record: record b435ff7681211154: version_keys = {}
[22:33:22.121] [DEBUG] _find_record: record 16398224d993314a: version_keys = {}
[22:33:22.121] [DEBUG] _find_record: record e26b56e323a4f148: version_keys = {}
[22:33:22.121] [DEBUG] _find_record: record c3e4a696f1675e07: version_keys = {}
[22:33:22.121] [DEBUG] _find_record: record 0a060402308ac957: version_keys = {}
[22:33:22.121] [DEBUG] _find_record: record a62d853e2cd013c1: version_keys = {}
[22:33:22.121] [DEBUG] _find_record: record 252742c3e78772c6: version_keys = {}
[22:33:22.121] [DEBUG] _find_record: record 58b79e94e393a3d5: version_keys = {}
[22:33:22.121] [DEBUG] _find_record: record f4aade86bc771ece: version_keys = {}
[22:33:22.121] [DEBUG] _find_record: record c63dcc7080e5aba2: version_keys = {}
[22:33:22.121] [DEBUG] _find_record: record cc38e9643b3a20ec: version_keys = {}
[22:33:22.121] [DEBUG] _find_record: record b4f6045f36fd7b02: version_keys = {}
[22:33:22.121] [DEBUG] _find_record: record f2b56fc13f513a30: version_keys = {}
[22:33:22.121] [DEBUG] _find_record: record 21a72dbea3d82211: version_keys = {}
[22:33:22.121] [DEBUG] _find_record: record 130f03b1081a699f: version_keys = {}
[22:33:22.121] [DEBUG] _find_record: record e89201f04121c50d: version_keys = {}
[22:33:22.121] [DEBUG] _find_record: record 909619954333b5fc: version_keys = {}
[22:33:22.121] [DEBUG] _find_record: record 4f33df9e859612ae: version_keys = {}
[22:33:22.121] [DEBUG] _find_record: record 87b22ddc2a27721b: version_keys = {}
[22:33:22.121] [DEBUG] _find_record: record a86a5fabfc7e4f83: version_keys = {}
[22:33:22.121] [DEBUG] _find_record: record 79a9848b920ec082: version_keys = {}
[22:33:22.121] [DEBUG] _find_record: record c3c74bc44a171466: version_keys = {}
[22:33:22.121] [DEBUG] _find_record: record 37627410ecfdc5a5: version_keys = {}
[22:33:22.121] [DEBUG] _find_record: record e11e746932dd224d: version_keys = {}
[22:33:22.121] [DEBUG] _find_record: record a74b44061aa75e51: version_keys = {}
[22:33:22.121] [DEBUG] _find_record: record 391b28597609cd18: version_keys = {}
[22:33:22.121] [DEBUG] _find_record: record 68ccdbe8eef4791b: version_keys = {}
[22:33:22.121] [DEBUG] _find_record: record 8d6cb5a4f5356ae1: version_keys = {}
[22:33:22.121] [DEBUG] _find_record: record b46ff8fd96bc2ba5: version_keys = {}
[22:33:22.122] [DEBUG] _find_record: record aba60731d41b2076: version_keys = {}
[22:33:22.122] [DEBUG] _find_record: record 30b194aca352073c: version_keys = {}
[22:33:22.122] [DEBUG] _find_record: record 27e1bf0d211dbbc2: version_keys = {}
[22:33:22.122] [DEBUG] _find_record: record a954bcf88165ac91: version_keys = {}
[22:33:22.122] [DEBUG] _find_record: record 9d9941a34b4b70da: version_keys = {}
[22:33:22.122] [DEBUG] _find_record: record 81322f252dbc9beb: version_keys = {}
[22:33:22.122] [DEBUG] _find_record: record e1f10321a6cf83dd: version_keys = {}
[22:33:22.122] [DEBUG] _find_record: record a3a27c50c03d2329: version_keys = {}
[22:33:22.122] [DEBUG] _find_record: record 021bbef48ee2ee60: version_keys = {}
[22:33:22.122] [DEBUG] _find_record: record 51e7283064d91c25: version_keys = {}
[22:33:22.122] [DEBUG] _find_record: record ebd7846742c43df1: version_keys = {}
[22:33:22.122] [DEBUG] _find_record: record 8b56fde43e93edae: version_keys = {}
[22:33:22.122] [DEBUG] _find_record: record d22c70a0e8417b6d: version_keys = {}
[22:33:22.122] [DEBUG] _find_record: record 5bbe80f7b88a9310: version_keys = {}
[22:33:22.122] [DEBUG] _find_record: record 862a77cb7a2b2772: version_keys = {}
[22:33:22.122] [DEBUG] _find_record: record 3bedbc012636e019: version_keys = {}
[22:33:22.122] [DEBUG] _find_record: record 55ac797496065e46: version_keys = {}
[22:33:22.122] [DEBUG] _find_record: record be45e7e8cce3a4f8: version_keys = {}
[22:33:22.122] [DEBUG] _find_record: record 3cbb492cf592b0f2: version_keys = {}
[22:33:22.122] [DEBUG] _find_record: record f5211595a39b7d84: version_keys = {}
[22:33:22.122] [DEBUG] _find_record: record a8bea16443bb3db6: version_keys = {}
[22:33:22.122] [DEBUG] _find_record: record 45cc7e52b46860f7: version_keys = {}
[22:33:22.122] [DEBUG] _find_record: record c4cd16fca4f92489: version_keys = {}
[22:33:22.122] [DEBUG] _find_record: record 15dcc128ae5baf03: version_keys = {}
[22:33:22.122] [DEBUG] _find_record: record 888a36979a034eb7: version_keys = {}
[22:33:22.122] [DEBUG] _find_record: record d6d22c97c379a23d: version_keys = {}
[22:33:22.122] [DEBUG] _find_record: record f354d12befb7a93f: version_keys = {}
[22:33:22.123] [DEBUG] _find_record: record 40a94bf8c0e2033a: version_keys = {}
[22:33:22.123] [DEBUG] _find_record: record ec258ed5551d1217: version_keys = {}
[22:33:22.123] [DEBUG] _find_record: record 2a57add096f8ef90: version_keys = {}
[22:33:22.123] [DEBUG] _find_record: record 2c5e782851dc8423: version_keys = {}
[22:33:22.123] [DEBUG] _find_record: record b006af521f24b65e: version_keys = {}
[22:33:22.123] [DEBUG] _find_record: record 446825c2305a9ff1: version_keys = {}
[22:33:22.123] [DEBUG] _find_record: record 02439fb3a3b08a39: version_keys = {}
[22:33:22.123] [DEBUG] _find_record: record 55ded24ef4670474: version_keys = {}
[22:33:22.123] [DEBUG] _find_record: record c128a4bfe0503c39: version_keys = {}
[22:33:22.123] [DEBUG] _find_record: record 348d701887a5db19: version_keys = {}
[22:33:22.123] [DEBUG] _find_record: record 7be88526f608db53: version_keys = {}
[22:33:22.123] [DEBUG] _find_record: record 294f4d6ab7012acc: version_keys = {}
[22:33:22.123] [DEBUG] _find_record: record 9ed3b42a9c93f93d: version_keys = {}
[22:33:22.123] [DEBUG] _find_record: record 84cc7725a7190b64: version_keys = {}
[22:33:22.123] [DEBUG] _find_record: record 41111aa54cd2940c: version_keys = {}
[22:33:22.123] [DEBUG] _find_record: record 4bd9864c2cbd489b: version_keys = {}
[22:33:22.123] [DEBUG] _find_record: record 6355cb65044ee478: version_keys = {}
[22:33:22.123] [DEBUG] _find_record: record f4a2ffa2bbe63dbe: version_keys = {}
[22:33:22.123] [DEBUG] _find_record: record 13c019c7677d8de3: version_keys = {}
[22:33:22.123] [DEBUG] _find_record: record 57369bc339ff8fdd: version_keys = {}
[22:33:22.123] [DEBUG] _find_record: record 23cb9c60a36a1d10: version_keys = {}
[22:33:22.123] [DEBUG] _find_record: record 4416d5f9ca770311: version_keys = {}
[22:33:22.123] [DEBUG] _find_record: record 967aa023d3a818e3: version_keys = {}
[22:33:22.123] [DEBUG] _find_record: record 561347c6bc22ae93: version_keys = {}
[22:33:22.123] [DEBUG] _find_record: record 8257f56737a4352a: version_keys = {}
[22:33:22.123] [DEBUG] _find_record: record 3461b5ae050bf9f2: version_keys = {}
[22:33:22.123] [DEBUG] _find_record: record e013e729e9510648: version_keys = {}
[22:33:22.123] [DEBUG] _find_record: record 2b3e414b094d567a: version_keys = {}
[22:33:22.124] [DEBUG] _find_record: record 2e803ed8d3b31411: version_keys = {}
[22:33:22.124] [DEBUG] _find_record: record 3e6a0d5879a38991: version_keys = {}
[22:33:22.124] [DEBUG] _find_record: record 981196a8b60e49ff: version_keys = {}
[22:33:22.124] [DEBUG] _find_record: record f159fb3f560f92db: version_keys = {}
[22:33:22.124] [DEBUG] _find_record: record b9baf1da99133649: version_keys = {}
[22:33:22.124] [DEBUG] _find_record: record 70f8d40660c5b54f: version_keys = {}
[22:33:22.124] [DEBUG] _find_record: record 2526a513f258864d: version_keys = {}
[22:33:22.124] [DEBUG] _find_record: record 55f5ec160d030b0b: version_keys = {}
[22:33:22.124] [DEBUG] _find_record: record 4f961beab1e2cdf9: version_keys = {}
[22:33:22.124] [DEBUG] _find_record: record b8233abe393c9c19: version_keys = {}
[22:33:22.124] [DEBUG] _find_record: record 032fc85a8a021302: version_keys = {}
[22:33:22.124] [DEBUG] _find_record: record 0d1c330423e3fd0c: version_keys = {}
[22:33:22.124] [DEBUG] _find_record: record 46cb0bf327f7e484: version_keys = {}
[22:33:22.124] [DEBUG] _find_record: record 8872146ac7db5f8b: version_keys = {}
[22:33:22.124] [DEBUG] _find_record: record dde43f1a90198b03: version_keys = {}
[22:33:22.124] [DEBUG] _find_record: record 8a9528d5de6215a5: version_keys = {}
[22:33:22.124] [DEBUG] _find_record: record bd456bb7335df7b7: version_keys = {}
[22:33:22.124] [DEBUG] _find_record: record c4e11e8963b5e368: version_keys = {}
[22:33:22.124] [DEBUG] _find_record: record 57fafa2069c287d2: version_keys = {}
[22:33:22.124] [DEBUG] _find_record: record a27a60d43ad1b299: version_keys = {}
[22:33:22.124] [DEBUG] _find_record: record 4bf0c0b0eb96bdbb: version_keys = {}
[22:33:22.124] [DEBUG] _find_record: record 3a5c3bd471f108dd: version_keys = {}
[22:33:22.124] [DEBUG] _find_record: record 645c0be573c99b8f: version_keys = {}
[22:33:22.124] [DEBUG] _find_record: record 10219ef169e0f092: version_keys = {}
[22:33:22.124] [DEBUG] _find_record: record 78a98b8ddbf55b13: version_keys = {}
[22:33:22.124] [DEBUG] _find_record: record 2422273cc2a76ecd: version_keys = {}
[22:33:22.124] [DEBUG] _find_record: record a92d59474be34012: version_keys = {}
[22:33:22.124] [DEBUG] _find_record: record abf97572f9d372fc: version_keys = {}
[22:33:22.124] [DEBUG] _find_record: record 6bd2cc19602b2d34: version_keys = {}
[22:33:22.125] [DEBUG] _find_record: record 859020d143425f2c: version_keys = {}
[22:33:22.125] [DEBUG] _find_record: record c958848f5a844ec0: version_keys = {}
[22:33:22.125] [DEBUG] _find_record: record b73e866f1b5725ad: version_keys = {}
[22:33:22.125] [DEBUG] _find_record: record c53071e9873e946c: version_keys = {}
[22:33:22.125] [DEBUG] _find_record: record 7a1abc1719bd614c: version_keys = {}
[22:33:22.125] [DEBUG] _find_record: record a64ef1cbb5cfe99c: version_keys = {}
[22:33:22.125] [DEBUG] _find_record: record b7accf3d4d63043f: version_keys = {}
[22:33:22.125] [DEBUG] _find_record: record d47b5e145851f056: version_keys = {}
[22:33:22.125] [DEBUG] _find_record: record 7173f4230d56c150: version_keys = {}
[22:33:22.125] [DEBUG] _find_record: record 51234436630cdac2: version_keys = {}
[22:33:22.125] [DEBUG] _find_record: record e20e4970e1d4b8dd: version_keys = {}
[22:33:22.125] [DEBUG] _find_record: record 520932694cbe76f6: version_keys = {}
[22:33:22.125] [DEBUG] _find_record: record 34269769259ebed9: version_keys = {}
[22:33:22.125] [DEBUG] _find_record: record 83f84bc05ba53964: version_keys = {}
[22:33:22.125] [DEBUG] _find_record: record 23367d180fd36afb: version_keys = {}
[22:33:22.125] [DEBUG] _find_record: record 87dc5093dbca940f: version_keys = {}
[22:33:22.125] [DEBUG] _find_record: record 8dba306b661b20df: version_keys = {}
[22:33:22.125] [DEBUG] _find_record: record 5939345d22a2f00c: version_keys = {}
[22:33:22.125] [DEBUG] _find_record: record acd81c6036f443a0: version_keys = {}
[22:33:22.125] [DEBUG] _find_record: record e6458d4c08a7b908: version_keys = {}
[22:33:22.125] [DEBUG] _find_record: record 36963aaee1fd6a12: version_keys = {}
[22:33:22.125] [DEBUG] _find_record: record 05b44cdcbea208ab: version_keys = {}
[22:33:22.125] [DEBUG] _find_record: record 206cd5df7e9390cd: version_keys = {}
[22:33:22.125] [DEBUG] _find_record: record 97c454aa9272fb35: version_keys = {}
[22:33:22.125] [DEBUG] _find_record: record f951bf2d63cade3d: version_keys = {}
[22:33:22.125] [DEBUG] _find_record: record 6a6e9e186031a565: version_keys = {}
[22:33:22.125] [DEBUG] _find_record: record 2b35f1e2782a82a6: version_keys = {}
[22:33:22.125] [DEBUG] _find_record: record 0ae455b4f475002c: version_keys = {}
[22:33:22.125] [DEBUG] _find_record: record 82ca3762f701ef2d: version_keys = {}
[22:33:22.125] [DEBUG] _find_record: record a379e5b361eaaffd: version_keys = {}
[22:33:22.126] [DEBUG] _find_record: record f1d36b3cff741f02: version_keys = {}
[22:33:22.126] [DEBUG] _find_record: record 034c3dd31c763043: version_keys = {}
[22:33:22.126] [DEBUG] _find_record: record a995098c2c7636c5: version_keys = {}
[22:33:22.126] [DEBUG] _find_record: record f398585e61d753c7: version_keys = {}
[22:33:22.126] [DEBUG] _find_record: record 9fdaedbf29da505e: version_keys = {}
[22:33:22.126] [DEBUG] _find_record: record 983e9c57e8e5442d: version_keys = {}
[22:33:22.126] [DEBUG] _find_record: record ad778bdc446de81a: version_keys = {}
[22:33:22.126] [DEBUG] _find_record: record 8428b12f3bee13c7: version_keys = {}
[22:33:22.126] [DEBUG] _find_record: record 05b131976764b5ad: version_keys = {}
[22:33:22.126] [DEBUG] _find_record: record dbeb8620f47eacc8: version_keys = {}
[22:33:22.126] [DEBUG] _find_record: record 99f5fdfdc2b1e5e4: version_keys = {}
[22:33:22.126] [DEBUG] _find_record: record 0ae5303a6d8f3139: version_keys = {}
[22:33:22.126] [DEBUG] _find_record: record 5210f7f7f0452450: version_keys = {}
[22:33:22.126] [DEBUG] _find_record: record 166f1892e228435c: version_keys = {}
[22:33:22.126] [DEBUG] _find_record: record 3df2d72d242ce268: version_keys = {}
[22:33:22.126] [DEBUG] _find_record: record 2c24e23cbfcb97fb: version_keys = {}
[22:33:22.126] [DEBUG] _find_record: record 63c68c91b74c8acc: version_keys = {}
[22:33:22.126] [DEBUG] _find_record: record bde60ed38c5a8030: version_keys = {}
[22:33:22.126] [DEBUG] _find_record: record cb3d6ed17e2e41ca: version_keys = {}
[22:33:22.126] [DEBUG] _find_record: record 507ddd29f85acb33: version_keys = {}
[22:33:22.126] [DEBUG] _find_record: record be1e5c534128878a: version_keys = {}
[22:33:22.126] [DEBUG] _find_record: record 5b9daa93e1546864: version_keys = {}
[22:33:22.126] [DEBUG] _find_record: record 76e5d78035209455: version_keys = {}
[22:33:22.126] [DEBUG] _find_record: record b127596347c2ff95: version_keys = {}
[22:33:22.126] [DEBUG] _find_record: record 3d10a62b8567d2b0: version_keys = {}
[22:33:22.126] [DEBUG] _find_record: record 36d9dcd00eb9c759: version_keys = {}
[22:33:22.126] [DEBUG] _find_record: record e4aac7e501975e5d: version_keys = {}
[22:33:22.126] [DEBUG] _find_record: record 153d75d13b812636: version_keys = {}
[22:33:22.127] [DEBUG] _find_record: record 30133a694ba95399: version_keys = {}
[22:33:22.127] [DEBUG] _find_record: record 970e7d00499f0eac: version_keys = {}
[22:33:22.127] [DEBUG] _find_record: record 0554eeca9912d577: version_keys = {}
[22:33:22.127] [DEBUG] _find_record: record 1b3ab4bd0cfb7268: version_keys = {}
[22:33:22.127] [DEBUG] _find_record: record 24bd71e5b6c49d7f: version_keys = {}
[22:33:22.127] [DEBUG] _find_record: record 9fb29205fc85c1cf: version_keys = {}
[22:33:22.127] [DEBUG] _find_record: record 9e5ecf04c75e8806: version_keys = {}
[22:33:22.127] [DEBUG] _find_record: record ba99d08d16894d41: version_keys = {}
[22:33:22.127] [DEBUG] _find_record: record 868eb752aa19e7df: version_keys = {}
[22:33:22.127] [DEBUG] _find_record: record 7fb88b9f5c9047e7: version_keys = {}
[22:33:22.127] [DEBUG] _find_record: record ad789f8ae9309307: version_keys = {}
[22:33:22.127] [DEBUG] _find_record: record c04a0a4288ec5c15: version_keys = {}
[22:33:22.127] [DEBUG] _find_record: record 6f393d774f3c50e7: version_keys = {}
[22:33:22.127] [DEBUG] _find_record: record 5e3258f86331854c: version_keys = {}
[22:33:22.127] [DEBUG] _find_record: record fb315d525620bfdf: version_keys = {}
[22:33:22.127] [DEBUG] _find_record: record 48cba842a6c18e3d: version_keys = {}
[22:33:22.127] [DEBUG] _find_record: record ff7a22c7b77f4000: version_keys = {}
[22:33:22.127] [DEBUG] _find_record: record 4fa98ef8813022c9: version_keys = {}
[22:33:22.127] [DEBUG] _find_record: record ad9bc2d36f79966f: version_keys = {}
[22:33:22.127] [DEBUG] _find_record: record c0d15b075899c905: version_keys = {}
[22:33:22.127] [DEBUG] _find_record: record fbafa9565cff2541: version_keys = {}
[22:33:22.127] [DEBUG] _find_record: record 01a77239eab8b9d5: version_keys = {}
[22:33:22.127] [DEBUG] _find_record: record 1b398ed3f6c43402: version_keys = {}
[22:33:22.127] [DEBUG] _find_record: record 42106e72bb4b80fc: version_keys = {}
[22:33:22.127] [DEBUG] _find_record: record 4f3cea40dc12fcbb: version_keys = {}
[22:33:22.127] [DEBUG] _find_record: record 8b5c967f54d515e7: version_keys = {}
[22:33:22.127] [DEBUG] _find_record: record 70e15f67045e10d7: version_keys = {}
[22:33:22.127] [DEBUG] _find_record: record 5925cd2730ca8c17: version_keys = {}
[22:33:22.127] [DEBUG] _find_record: record e663f3e8b5f425c4: version_keys = {}
[22:33:22.128] [DEBUG] _find_record: record bb127aa22c3a7a8d: version_keys = {}
[22:33:22.128] [DEBUG] _find_record: record e4fa4146e604d71c: version_keys = {}
[22:33:22.128] [DEBUG] _find_record: record 65f1028e0c108a5d: version_keys = {}
[22:33:22.128] [DEBUG] _find_record: record c66d75f4c6ed21c2: version_keys = {}
[22:33:22.128] [DEBUG] _find_record: record 3f100149d808babe: version_keys = {}
[22:33:22.128] [DEBUG] _find_record: record 55bedfa8157c0ef1: version_keys = {}
[22:33:22.128] [DEBUG] _find_record: record ccb1eb383bdff673: version_keys = {}
[22:33:22.128] [DEBUG] _find_record: record 7efb97a1903ddc29: version_keys = {}
[22:33:22.128] [DEBUG] _find_record: record aa8593eb87d315d6: version_keys = {}
[22:33:22.128] [DEBUG] _find_record: record a6c9268e27d2c588: version_keys = {}
[22:33:22.128] [DEBUG] _find_record: record c7fbd58943aa447c: version_keys = {}
[22:33:22.128] [DEBUG] _find_record: record 5065c5a94116699b: version_keys = {}
[22:33:22.128] [DEBUG] _find_record: record 0ddce7b53dc9ad9c: version_keys = {}
[22:33:22.128] [DEBUG] _find_record: record 191d837145e2632a: version_keys = {}
[22:33:22.128] [DEBUG] _find_record: record 952b91fdc8d338a2: version_keys = {}
[22:33:22.128] [DEBUG] _find_record: record 558f5dee8dda479a: version_keys = {}
[22:33:22.128] [DEBUG] _find_record: record eb7f0c7116a4aeba: version_keys = {}
[22:33:22.128] [DEBUG] _find_record: record 354b9887519950b3: version_keys = {}
[22:33:22.128] [DEBUG] _find_record: record 08f1a12e5d54d38c: version_keys = {}
[22:33:22.128] [DEBUG] _find_record: record 85779e4bbf6dfbe8: version_keys = {}
[22:33:22.128] [DEBUG] _find_record: record 3125da60d20bc2a8: version_keys = {}
[22:33:22.128] [DEBUG] _find_record: record 3ac5717542aadeea: version_keys = {}
[22:33:22.128] [DEBUG] _find_record: record d134835cdcdb3abf: version_keys = {}
[22:33:22.128] [DEBUG] _find_record: record a600f180d842572f: version_keys = {}
[22:33:22.128] [DEBUG] _find_record: record f7d42e72a70eb1d6: version_keys = {}
[22:33:22.128] [DEBUG] _find_record: record dcba5dbe80608984: version_keys = {}
[22:33:22.128] [DEBUG] _find_record: record 7f831410bf43b5e2: version_keys = {}
[22:33:22.128] [DEBUG] _find_record: record 68f4812ed01dfc23: version_keys = {}
[22:33:22.128] [DEBUG] _find_record: record edd169db951c2512: version_keys = {}
[22:33:22.128] [DEBUG] _find_record: record 250044721fa3a334: version_keys = {}
[22:33:22.129] [DEBUG] _find_record: record ac312b977a9fdb3a: version_keys = {}
[22:33:22.129] [DEBUG] _find_record: record 3e0472efb297280a: version_keys = {}
[22:33:22.129] [DEBUG] _find_record: record c2961990888c81c7: version_keys = {}
[22:33:22.129] [DEBUG] _find_record: record 270d58cc3561785e: version_keys = {}
[22:33:22.129] [DEBUG] _find_record: record afe9068bfe02e607: version_keys = {}
[22:33:22.129] [DEBUG] _find_record: record 2f5c75e11d1c7657: version_keys = {}
[22:33:22.129] [DEBUG] _find_record: record 78a628e993451279: version_keys = {}
[22:33:22.129] [DEBUG] _find_record: record a78f906813260cfc: version_keys = {}
[22:33:22.129] [DEBUG] _find_record: record bfd936db2691fa5b: version_keys = {}
[22:33:22.129] [DEBUG] _find_record: record 5b9355b95ca61422: version_keys = {}
[22:33:22.129] [DEBUG] _find_record: record c11c47dcb65badf2: version_keys = {}
[22:33:22.129] [DEBUG] _find_record: record baf6171f66698c83: version_keys = {}
[22:33:22.129] [DEBUG] _find_record: record a6745a3c0d9af34c: version_keys = {}
[22:33:22.129] [DEBUG] _find_record: record 3da337cf1c55b43f: version_keys = {}
[22:33:22.129] [DEBUG] _find_record: record 64a7f0b2d35dce74: version_keys = {}
[22:33:22.129] [DEBUG] _find_record: record 19cff34b4a691334: version_keys = {}
[22:33:22.129] [DEBUG] _find_record: record 72f849e8df083168: version_keys = {}
[22:33:22.129] [DEBUG] _find_record: record e4a0e828ac798b39: version_keys = {}
[22:33:22.129] [DEBUG] _find_record: record b8383361a6aebea2: version_keys = {}
[22:33:22.129] [DEBUG] _find_record: record d6bda2d0372510a5: version_keys = {}
[22:33:22.129] [DEBUG] _find_record: record ca36495c35367f2f: version_keys = {}
[22:33:22.129] [DEBUG] _find_record: record fd6f023a0e0cffde: version_keys = {}
[22:33:22.129] [DEBUG] _find_record: record 9e32a6e7f1c53dca: version_keys = {}
[22:33:22.129] [DEBUG] _find_record: record 81dda40015e7067c: version_keys = {}
[22:33:22.129] [DEBUG] _find_record: record f19edf1fa23d0a72: version_keys = {}
[22:33:22.129] [DEBUG] _find_record: record 66d25bc89c8a5e14: version_keys = {}
[22:33:22.129] [DEBUG] _find_record: record c0e36b4b7f24ba30: version_keys = {}
[22:33:22.129] [DEBUG] _find_record: record ef51cf6b1d298ebc: version_keys = {}
[22:33:22.129] [DEBUG] _find_record: record bf28c0a6e1e60be4: version_keys = {}
[22:33:22.129] [DEBUG] _find_record: record 14fde0d4d696505f: version_keys = {}
[22:33:22.129] [DEBUG] _find_record: record 7b36b9063dbc74d8: version_keys = {}
[22:33:22.130] [DEBUG] _find_record: record 3eedc6ef7d48c15b: version_keys = {}
[22:33:22.130] [DEBUG] _find_record: record b3de405fc3f5a69e: version_keys = {}
[22:33:22.130] [DEBUG] _find_record: record 75c18bbe6e9f861a: version_keys = {}
[22:33:22.130] [DEBUG] _find_record: record 5543428d34c670cf: version_keys = {}
[22:33:22.130] [DEBUG] _find_record: record 442165c357748440: version_keys = {}
[22:33:22.130] [DEBUG] _find_record: record 7372b09a26b14dfb: version_keys = {}
[22:33:22.130] [DEBUG] _find_record: record 82e776d7bf0bc6f7: version_keys = {}
[22:33:22.130] [DEBUG] _find_record: record fada784209ca4cf3: version_keys = {}
[22:33:22.130] [DEBUG] _find_record: record cd958071fb7d87f1: version_keys = {}
[22:33:22.130] [DEBUG] _find_record: record e62390e322654488: version_keys = {}
[22:33:22.130] [DEBUG] _find_record: record 01fb96f4441a8011: version_keys = {}
[22:33:22.130] [DEBUG] _find_record: record e7662ff485832afb: version_keys = {}
[22:33:22.130] [DEBUG] _find_record: record 51fb7abe3dab087c: version_keys = {}
[22:33:22.130] [DEBUG] _find_record: record 5b50d421f01816ed: version_keys = {}
[22:33:22.130] [DEBUG] _find_record: record 06f166248fab21bc: version_keys = {}
[22:33:22.130] [DEBUG] _find_record: record d463dce01d6f0851: version_keys = {}
[22:33:22.130] [DEBUG] _find_record: record 413faa7fc1442dce: version_keys = {}
[22:33:22.130] [DEBUG] _find_record: record ede58b4fbabaeece: version_keys = {}
[22:33:22.130] [DEBUG] _find_record: record 551b87e5d5c62362: version_keys = {}
[22:33:22.130] [DEBUG] _find_record: record ecd596f1d59edc78: version_keys = {}
[22:33:22.130] [DEBUG] _find_record: record c59a39182f72fed3: version_keys = {}
[22:33:22.130] [DEBUG] _find_record: record 421e7752a641c4fa: version_keys = {}
[22:33:22.130] [DEBUG] _find_record: record 1c6db810dc0eb05b: version_keys = {}
[22:33:22.130] [DEBUG] _find_record: record 129760106a0865c0: version_keys = {}
[22:33:22.130] [DEBUG] _find_record: record 1f259b83a0f1b0e7: version_keys = {}
[22:33:22.130] [DEBUG] _find_record: record 2804623265eb0595: version_keys = {}
[22:33:22.130] [DEBUG] _find_record: record 20ac738f776d148b: version_keys = {}
[22:33:22.130] [DEBUG] _find_record: record 8d347f4bd446069f: version_keys = {}
[22:33:22.130] [DEBUG] _find_record: record 8ff8ce7ac13d4b1a: version_keys = {}
[22:33:22.130] [DEBUG] _find_record: record 4d77856f1c0b77ac: version_keys = {}
[22:33:22.131] [DEBUG] _find_record: record 24d310296c8c0822: version_keys = {}
[22:33:22.131] [DEBUG] _find_record: record 46e87ff437092644: version_keys = {}
[22:33:22.131] [DEBUG] _find_record: record 18754d70728fe2d4: version_keys = {}
[22:33:22.131] [DEBUG] _find_record: record 0396ccb3740d3c7e: version_keys = {}
[22:33:22.131] [DEBUG] _find_record: record 96cf6e85a6f4fd4e: version_keys = {}
[22:33:22.131] [DEBUG] _find_record: record 3dc97fcb03f67030: version_keys = {}
[22:33:22.131] [DEBUG] _find_record: record a519ca24cdd3e39e: version_keys = {}
[22:33:22.131] [DEBUG] _find_record: record 3f6ef395de9a3a91: version_keys = {}
[22:33:22.131] [DEBUG] _find_record: record 843679598e212d4a: version_keys = {}
[22:33:22.131] [DEBUG] _find_record: record 1ccdd0affd51bb44: version_keys = {}
[22:33:22.131] [DEBUG] _find_record: record 447b6f0fa3f1a6fc: version_keys = {}
[22:33:22.131] [DEBUG] _find_record: record 68eb46f6bf7917fa: version_keys = {}
[22:33:22.131] [DEBUG] _find_record: record 73e6c96d2038e71c: version_keys = {}
[22:33:22.131] [DEBUG] _find_record: record e876fc7e5b780886: version_keys = {}
[22:33:22.131] [DEBUG] _find_record: record ac0206ae4ad66cb3: version_keys = {}
[22:33:22.131] [DEBUG] _find_record: record 9fa269aeaab25780: version_keys = {}
[22:33:22.131] [DEBUG] _find_record: record 1fae4a7328b86fd2: version_keys = {}
[22:33:22.131] [DEBUG] _find_record: record 797945ced608daae: version_keys = {}
[22:33:22.131] [DEBUG] _find_record: record b7768a5a8396c3d8: version_keys = {}
[22:33:22.131] [DEBUG] _find_record: record 7f0333b3ca0aeed6: version_keys = {}
[22:33:22.131] [DEBUG] _find_record: record afc94fecfdea6509: version_keys = {}
[22:33:22.131] [DEBUG] _find_record: record 702e2103505f1bf4: version_keys = {}
[22:33:22.131] [DEBUG] _find_record: record 251a2a3162c5beef: version_keys = {}
[22:33:22.131] [DEBUG] _find_record: record 5426ccfb0e787056: version_keys = {}
[22:33:22.131] [DEBUG] _find_record: record 8e245498bb0286a5: version_keys = {}
[22:33:22.131] [DEBUG] _find_record: record 2440412457719922: version_keys = {}
[22:33:22.131] [DEBUG] _find_record: record c707bac1903f881b: version_keys = {}
[22:33:22.131] [DEBUG] _find_record: record dfc734573c656910: version_keys = {}
[22:33:22.131] [DEBUG] _find_record: record 73423fc80b1a2a24: version_keys = {}
[22:33:22.131] [DEBUG] _find_record: record a98d08e26756134c: version_keys = {}
[22:33:22.132] [DEBUG] _find_record: record 66eddf64b8b5935c: version_keys = {}
[22:33:22.132] [DEBUG] _find_record: record 05d69cadd83b0179: version_keys = {}
[22:33:22.132] [DEBUG] _find_record: record 77c9c0fa0d95529f: version_keys = {}
[22:33:22.132] [DEBUG] _find_record: record 4edb7a96a765b5d9: version_keys = {}
[22:33:22.132] [DEBUG] _find_record: record f331d9055381cbf9: version_keys = {}
[22:33:22.132] [DEBUG] _find_record: record 71c846dc1728fb1b: version_keys = {}
[22:33:22.132] [DEBUG] _find_record: record e51dc54f290552ca: version_keys = {}
[22:33:22.132] [DEBUG] _find_record: record 2bee347059001182: version_keys = {}
[22:33:22.132] [DEBUG] _find_record: record f957abb23240f77f: version_keys = {}
[22:33:22.132] [DEBUG] _find_record: record 5afe004fd3a5139d: version_keys = {}
[22:33:22.132] [DEBUG] _find_record: record 1c4de337478c0b6a: version_keys = {}
[22:33:22.132] [DEBUG] _find_record: record 51b3ee46278bcc37: version_keys = {}
[22:33:22.132] [DEBUG] _find_record: record 8be115d1983ef339: version_keys = {}
[22:33:22.132] [DEBUG] _find_record: record 87f000750aa5973e: version_keys = {}
[22:33:22.132] [DEBUG] _find_record: record 9f8f236017199782: version_keys = {}
[22:33:22.132] [DEBUG] _find_record: record 48c5c1ba9a927952: version_keys = {}
[22:33:22.132] [DEBUG] _find_record: record 557151b56a6b8b2e: version_keys = {}
[22:33:22.132] [DEBUG] _find_record: record 945f9d559c94c9d6: version_keys = {}
[22:33:22.132] [DEBUG] _find_record: record 65af7ffd6fdf1ca5: version_keys = {}
[22:33:22.132] [DEBUG] _find_record: record f9f3d73087a1b1b9: version_keys = {}
[22:33:22.132] [DEBUG] _find_record: record c98f8ef0a5a00750: version_keys = {}
[22:33:22.132] [DEBUG] _find_record: record de7f7abcc4feec8d: version_keys = {}
[22:33:22.132] [DEBUG] _find_record: record 6b47cf05a24bfb94: version_keys = {}
[22:33:22.132] [DEBUG] _find_record: record d53ecc2ecc4244eb: version_keys = {}
[22:33:22.132] [DEBUG] _find_record: record 3474fdba177c92e3: version_keys = {}
[22:33:22.132] [DEBUG] _find_record: record 6ea44e5f28bdc8ba: version_keys = {}
[22:33:22.132] [DEBUG] _find_record: record ac4f6d7d6af2dcf7: version_keys = {}
[22:33:22.132] [DEBUG] _find_record: record 8093d6dd3470beec: version_keys = {}
[22:33:22.132] [DEBUG] _find_record: record e28879353276483c: version_keys = {}
[22:33:22.132] [DEBUG] _find_record: record 3fe4d114d409a564: version_keys = {}
[22:33:22.132] [DEBUG] _find_record: record da409aa0eb58dfcb: version_keys = {}
[22:33:22.133] [DEBUG] _find_record: record fcf1e25182e79b89: version_keys = {}
[22:33:22.133] [DEBUG] _find_record: record 06420c104464785d: version_keys = {}
[22:33:22.133] [DEBUG] _find_record: record 5083ee4ac56b903f: version_keys = {}
[22:33:22.133] [DEBUG] _find_record: record 3e9253c76fcd8e1b: version_keys = {}
[22:33:22.133] [DEBUG] _find_record: record f29fd39ec38b3127: version_keys = {}
[22:33:22.133] [DEBUG] _find_record: record e780d37b84c6f211: version_keys = {}
[22:33:22.133] [DEBUG] _find_record: record d7cf7accb9d8f40b: version_keys = {}
[22:33:22.133] [DEBUG] _find_record: record b0904fef6521e827: version_keys = {}
[22:33:22.133] [DEBUG] _find_record: record 334c58615aa8fb57: version_keys = {}
[22:33:22.133] [DEBUG] _find_record: record ed4cc7545f26c2d3: version_keys = {}
[22:33:22.133] [DEBUG] _find_record: record b4bb26088dbca3f6: version_keys = {}
[22:33:22.133] [DEBUG] _find_record: record e54c24a6501e70f2: version_keys = {}
[22:33:22.133] [DEBUG] _find_record: record 0e4e180a23b644da: version_keys = {}
[22:33:22.133] [DEBUG] _find_record: record c418888d722cee48: version_keys = {}
[22:33:22.133] [DEBUG] _find_record: record cdf3eeb9e2ed075b: version_keys = {}
[22:33:22.133] [DEBUG] _find_record: record 011171b38dba97dc: version_keys = {}
[22:33:22.133] [DEBUG] _find_record: record ccd211a5f5d8aea7: version_keys = {}
[22:33:22.133] [DEBUG] _find_record: record 0d2d996d4543fee4: version_keys = {}
[22:33:22.133] [DEBUG] _find_record: record 787365eb34dd024d: version_keys = {}
[22:33:22.133] [DEBUG] _find_record: record 940517fda9618265: version_keys = {}
[22:33:22.133] [DEBUG] _find_record: record 06523eda61236807: version_keys = {}
[22:33:22.133] [DEBUG] _find_record: record d3eb1e4269e4abb0: version_keys = {}
[22:33:22.133] [DEBUG] _find_record: record 25a89214ed13e70b: version_keys = {}
[22:33:22.133] [DEBUG] _find_record: record 7310e2f28ab165c8: version_keys = {}
[22:33:22.133] [DEBUG] _find_record: record d09c34d59c7a0a98: version_keys = {}
[22:33:22.133] [DEBUG] _find_record: record 6b024d61990d1b1b: version_keys = {}
[22:33:22.133] [DEBUG] _find_record: record 059470cec6b9d069: version_keys = {}
[22:33:22.133] [DEBUG] _find_record: record ea4fd8f3ae127614: version_keys = {}
[22:33:22.133] [DEBUG] _find_record: record a91fb4a5f100396a: version_keys = {}
[22:33:22.133] [DEBUG] _find_record: record f498e3e975919be1: version_keys = {}
[22:33:22.133] [DEBUG] _find_record: record d5e3aa964aea70bc: version_keys = {}
[22:33:22.134] [DEBUG] _find_record: record ac0311e1338f20d7: version_keys = {}
[22:33:22.134] [DEBUG] _find_record: record b8d063b685d89f85: version_keys = {}
[22:33:22.134] [DEBUG] _find_record: record bee2c56afe6371ee: version_keys = {}
[22:33:22.134] [DEBUG] _find_record: record 25ee45db57710232: version_keys = {}
[22:33:22.134] [DEBUG] _find_record: record aa013dfb73b8986e: version_keys = {}
[22:33:22.134] [DEBUG] _find_record: record 68c7b81f90277e0c: version_keys = {}
[22:33:22.134] [DEBUG] _find_record: record 18a9a76d908d5877: version_keys = {}
[22:33:22.134] [DEBUG] _find_record: record 0bdc66edba93c28b: version_keys = {}
[22:33:22.134] [DEBUG] _find_record: record 71e9bae8c5fe19ad: version_keys = {}
[22:33:22.134] [DEBUG] _find_record: record 8598a72b6587b287: version_keys = {}
[22:33:22.134] [DEBUG] _find_record: record 9bccf74b854485fb: version_keys = {}
[22:33:22.134] [DEBUG] _find_record: record b27d7e13ca1ba3a3: version_keys = {}
[22:33:22.134] [DEBUG] _find_record: record 4290432c577436db: version_keys = {}
[22:33:22.134] [DEBUG] _find_record: record 66607fa44fa9b679: version_keys = {}
[22:33:22.134] [DEBUG] _find_record: record 24bb9112dc01b09f: version_keys = {}
[22:33:22.134] [DEBUG] _find_record: record 07423e4441c26f76: version_keys = {}
[22:33:22.134] [DEBUG] _find_record: record e7b88bd215f6318b: version_keys = {}
[22:33:22.134] [DEBUG] _find_record: record 11fff2c5eccdd56a: version_keys = {}
[22:33:22.134] [DEBUG] _find_record: record 1a545bb4278ad5fe: version_keys = {}
[22:33:22.134] [DEBUG] _find_record: record 2d80bed1093dd2ff: version_keys = {}
[22:33:22.134] [DEBUG] _find_record: record f6e721f9fce40a29: version_keys = {}
[22:33:22.134] [DEBUG] _find_record: record 1092f408d819379b: version_keys = {}
[22:33:22.134] [DEBUG] _find_record: record ec9150f8744c78c5: version_keys = {}
[22:33:22.134] [DEBUG] _find_record: record c87210fcec1bcc6f: version_keys = {}
[22:33:22.134] [DEBUG] _find_record: record c45ba291a14f044a: version_keys = {}
[22:33:22.134] [DEBUG] _find_record: record f80e67654ae39183: version_keys = {}
[22:33:22.134] [DEBUG] _find_record: record 6c9bf2dfca847664: version_keys = {}
[22:33:22.134] [DEBUG] _find_record: record 0389b29da2a5c92f: version_keys = {}
[22:33:22.134] [DEBUG] _find_record: record 9dcc26828aac66c9: version_keys = {}
[22:33:22.134] [DEBUG] _find_record: record 556454e8c0befc56: version_keys = {}
[22:33:22.135] [DEBUG] _find_record: record 06b5e820b7a6d323: version_keys = {}
[22:33:22.135] [DEBUG] _find_record: record 69d89a2a3a581bb2: version_keys = {}
[22:33:22.135] [DEBUG] _find_record: record 397b20fba2d5a9dc: version_keys = {}
[22:33:22.135] [DEBUG] _find_record: record 331cae6fd2dd53d3: version_keys = {}
[22:33:22.135] [DEBUG] _find_record: record b29bbf62b648af3c: version_keys = {}
[22:33:22.135] [DEBUG] _find_record: record 35442336ae877839: version_keys = {}
[22:33:22.135] [DEBUG] _find_record: record cd077b5529d7eae5: version_keys = {}
[22:33:22.135] [DEBUG] _find_record: record 132dbc25db335ff3: version_keys = {}
[22:33:22.135] [DEBUG] _find_record: record 5bce346ac2c8e14f: version_keys = {}
[22:33:22.135] [DEBUG] _find_record: record e86efdc37cc9d5f3: version_keys = {}
[22:33:22.135] [DEBUG] _find_record: record e27ab28a9ff4432d: version_keys = {}
[22:33:22.135] [DEBUG] _find_record: record 2426cf0742a95d1f: version_keys = {}
[22:33:22.135] [DEBUG] _find_record: record 7c2025db8ccbb6a4: version_keys = {}
[22:33:22.135] [DEBUG] _find_record: record e70b003b5670421a: version_keys = {}
[22:33:22.135] [DEBUG] _find_record: record c0f116280ca32fe1: version_keys = {}
[22:33:22.135] [DEBUG] _find_record: record a9ca842207b98f0b: version_keys = {}
[22:33:22.135] [DEBUG] _find_record: record 551de3bd47761674: version_keys = {}
[22:33:22.135] [DEBUG] _find_record: record 789dee46cdb749fb: version_keys = {}
[22:33:22.135] [DEBUG] _find_record: record 004f8b745b6bf168: version_keys = {}
[22:33:22.135] [DEBUG] _find_record: record 1463c1013690bdbb: version_keys = {}
[22:33:22.135] [DEBUG] _find_record: record aa537dae408df5b3: version_keys = {}
[22:33:22.135] [DEBUG] _find_record: record cc7ddabd7d13698e: version_keys = {}
[22:33:22.135] [DEBUG] _find_record: record 7e64d843f8ea9fc1: version_keys = {}
[22:33:22.135] [DEBUG] _find_record: record 319d4b0d8e94d108: version_keys = {}
[22:33:22.135] [DEBUG] _find_record: record 15bbc8e098e87e64: version_keys = {}
[22:33:22.135] [DEBUG] _find_record: record 68d7ca490fc7c939: version_keys = {}
[22:33:22.135] [DEBUG] _find_record: record 6f86c19e41a428df: version_keys = {}
[22:33:22.135] [DEBUG] _find_record: record 677d6fd61104895b: version_keys = {}
[22:33:22.135] [DEBUG] _find_record: record 05af0efddbcaeb85: version_keys = {}
[22:33:22.135] [DEBUG] _find_record: record 19c34ff5e12cacc6: version_keys = {}
[22:33:22.136] [DEBUG] _find_record: record fe82327242dd0684: version_keys = {}
[22:33:22.136] [DEBUG] _find_record: record eb19c5cd8e55b94e: version_keys = {}
[22:33:22.136] [DEBUG] _find_record: record 1025aa4e0de46876: version_keys = {}
[22:33:22.136] [DEBUG] _find_record: record 7e596e611b7872a9: version_keys = {}
[22:33:22.136] [DEBUG] _find_record: record aec403fcf8ba1bc6: version_keys = {}
[22:33:22.136] [DEBUG] _find_record: record cb35e936651943e0: version_keys = {}
[22:33:22.136] [DEBUG] _find_record: record f2f522d2325ff890: version_keys = {}
[22:33:22.136] [DEBUG] _find_record: record 03c1a3e2af9a4b64: version_keys = {}
[22:33:22.136] [DEBUG] _find_record: record 9ca474a5f1830f24: version_keys = {}
[22:33:22.136] [DEBUG] _find_record: record f22241139775aed2: version_keys = {}
[22:33:22.136] [DEBUG] _find_record: record ab75aa066722663e: version_keys = {}
[22:33:22.136] [DEBUG] _find_record: record 3d3581c4c324fab9: version_keys = {}
[22:33:22.136] [DEBUG] _find_record: record 2772651ca2d93e2c: version_keys = {}
[22:33:22.136] [DEBUG] _find_record: record f641c416e6754e4f: version_keys = {}
[22:33:22.136] [DEBUG] _find_record: record 42684d255afd9312: version_keys = {}
[22:33:22.136] [DEBUG] _find_record: record 81df754f803a62bb: version_keys = {}
[22:33:22.136] [DEBUG] _find_record: record 43ae95542ebf293b: version_keys = {}
[22:33:22.136] [DEBUG] _find_record: record 54365f78da490309: version_keys = {}
[22:33:22.136] [DEBUG] _find_record: record c973ad901ae69551: version_keys = {}
[22:33:22.136] [DEBUG] _find_record: record 106b8131d1761108: version_keys = {}
[22:33:22.136] [DEBUG] _find_record: record 7544cbbe1ed59a19: version_keys = {}
[22:33:22.136] [DEBUG] _find_record: record 502e8f434cda06fb: version_keys = {}
[22:33:22.136] [DEBUG] _find_record: record d437e4a9282ca8fa: version_keys = {}
[22:33:22.136] [DEBUG] _find_record: record 03af58625c3e86d5: version_keys = {}
[22:33:22.136] [DEBUG] _find_record: record 2c2e4eff5612f229: version_keys = {}
[22:33:22.136] [DEBUG] _find_record: record a0623c6b26a4ff12: version_keys = {}
[22:33:22.136] [DEBUG] _find_record: record 119e4b48eb1a0b5b: version_keys = {}
[22:33:22.136] [DEBUG] _find_record: record b7558e3aacf753aa: version_keys = {}
[22:33:22.136] [DEBUG] _find_record: record 98ef250658727a99: version_keys = {}
[22:33:22.136] [DEBUG] _find_record: record a3ed329607270816: version_keys = {}
[22:33:22.136] [DEBUG] _find_record: record b849b2bf69b35761: version_keys = {}
[22:33:22.137] [DEBUG] _find_record: record 032a524884e79bae: version_keys = {}
[22:33:22.137] [DEBUG] _find_record: record 1a9abfa9c685737a: version_keys = {}
[22:33:22.137] [DEBUG] _find_record: record 07d8ffe5301f955f: version_keys = {}
[22:33:22.137] [DEBUG] _find_record: record 5dbb3d414df9c699: version_keys = {}
[22:33:22.137] [DEBUG] _find_record: record 66957dc771f17bf0: version_keys = {}
[22:33:22.137] [DEBUG] _find_record: record a53d5f61c97179f4: version_keys = {}
[22:33:22.137] [DEBUG] _find_record: record 2b70fdb080dc23c4: version_keys = {}
[22:33:22.137] [DEBUG] _find_record: record f0acfc7c4d12cf03: version_keys = {}
[22:33:22.137] [DEBUG] _find_record: record dfbd48cf6a64f904: version_keys = {}
[22:33:22.137] [DEBUG] _find_record: record 7813c39bbbf9b4d4: version_keys = {}
[22:33:22.137] [DEBUG] _find_record: record 2007e06f63dcbe8b: version_keys = {}
[22:33:22.137] [DEBUG] _find_record: record b577719093b6b2c5: version_keys = {}
[22:33:22.137] [DEBUG] _find_record: record 7cf54088bb1cef47: version_keys = {}
[22:33:22.137] [DEBUG] _find_record: record 43a882d5e22c5737: version_keys = {}
[22:33:22.137] [DEBUG] _find_record: record 2285e59084a31331: version_keys = {}
[22:33:22.137] [DEBUG] _find_record: record 4edd4a621d6889c6: version_keys = {}
[22:33:22.137] [DEBUG] _find_record: record 99badfa9dc8db30b: version_keys = {}
[22:33:22.137] [DEBUG] _find_record: record 6ac636512dca1ba8: version_keys = {}
[22:33:22.137] [DEBUG] _find_record: record d2efe66ffe30d502: version_keys = {}
[22:33:22.137] [DEBUG] _find_record: record f7a99fd691a717d6: version_keys = {}
[22:33:22.137] [DEBUG] _find_record: record 8dc55ef3eeec682f: version_keys = {}
[22:33:22.137] [DEBUG] _find_record: record b35d9a0887fd8c8c: version_keys = {}
[22:33:22.137] [DEBUG] _find_record: record 2f9b7ddad5ce8cb0: version_keys = {}
[22:33:22.137] [DEBUG] _find_record: record cd1d7302ec896d52: version_keys = {}
[22:33:22.137] [DEBUG] _find_record: record 8aacc20397311301: version_keys = {}
[22:33:22.137] [DEBUG] _find_record: record 7d03c933393c29f3: version_keys = {}
[22:33:22.137] [DEBUG] _find_record: record f156f8f5dd4b672e: version_keys = {}
[22:33:22.137] [DEBUG] _find_record: record d827c68560eb5f34: version_keys = {}
[22:33:22.137] [DEBUG] _find_record: record 096fc60f21bf8020: version_keys = {}
[22:33:22.137] [DEBUG] _find_record: record b8634e4046fe619c: version_keys = {}
[22:33:22.137] [DEBUG] _find_record: record 97aef477feea2a88: version_keys = {}
[22:33:22.138] [DEBUG] _find_record: record 67540abbf51cf51f: version_keys = {}
[22:33:22.138] [DEBUG] _find_record: record 28bcde44f874847f: version_keys = {}
[22:33:22.138] [DEBUG] _find_record: record 6b1fbb4f58c100c6: version_keys = {}
[22:33:22.138] [DEBUG] _find_record: record be4b6dcfab6a1cec: version_keys = {}
[22:33:22.138] [DEBUG] _find_record: record 6fde7ccd34dccd92: version_keys = {}
[22:33:22.138] [DEBUG] _find_record: record 044d47b6e6eccf92: version_keys = {}
[22:33:22.138] [DEBUG] _find_record: record fac550f219aea1ea: version_keys = {}
[22:33:22.138] [DEBUG] _find_record: record d240cb8bd8851c86: version_keys = {}
[22:33:22.138] [DEBUG] _find_record: record 8ee204464316d0c3: version_keys = {}
[22:33:22.138] [DEBUG] _find_record: record 3ceca629d40fbb63: version_keys = {}
[22:33:22.138] [DEBUG] _find_record: record e62ca494bdd67e28: version_keys = {}
[22:33:22.138] [DEBUG] _find_record: record a14e41a713a604c2: version_keys = {}
[22:33:22.138] [DEBUG] _find_record: record 175e6abaf675273d: version_keys = {}
[22:33:22.138] [DEBUG] _find_record: record 81f75bc8f0b45a8b: version_keys = {}
[22:33:22.138] [DEBUG] _find_record: record fd28ebffd270ddc6: version_keys = {}
[22:33:22.138] [DEBUG] _find_record: record f250469876d0273a: version_keys = {}
[22:33:22.138] [DEBUG] _find_record: record b43bf09210f5f4ca: version_keys = {}
[22:33:22.138] [DEBUG] _find_record: record 3be36f99a5c8ca06: version_keys = {}
[22:33:22.138] [DEBUG] _find_record: record 4198050314f67c55: version_keys = {}
[22:33:22.138] [DEBUG] _find_record: record 632d28ba1f53a5e8: version_keys = {}
[22:33:22.138] [DEBUG] _find_record: record acf4dd88c46c7576: version_keys = {}
[22:33:22.138] [DEBUG] _find_record: record bb980d97406c1e6a: version_keys = {}
[22:33:22.138] [DEBUG] _find_record: record b9865ded3336e92e: version_keys = {}
[22:33:22.138] [DEBUG] _find_record: record bbbc946a4eb69c53: version_keys = {}
[22:33:22.138] [DEBUG] _find_record: record 9d94f2655d79fd21: version_keys = {}
[22:33:22.138] [DEBUG] _find_record: record 22a5e24a5b10d497: version_keys = {}
[22:33:22.138] [DEBUG] _find_record: record ffa0b6d89c36b0cc: version_keys = {}
[22:33:22.138] [DEBUG] _find_record: record 110d289116b484cf: version_keys = {}
[22:33:22.138] [DEBUG] _find_record: record 983d94ae7ff8dabe: version_keys = {}
[22:33:22.138] [DEBUG] _find_record: record 8e10d98e3e8bb6d1: version_keys = {}
[22:33:22.138] [DEBUG] _find_record: record ef78b7067e3f6213: version_keys = {}
[22:33:22.139] [DEBUG] _find_record: record 7859b2f9bb885207: version_keys = {}
[22:33:22.139] [DEBUG] _find_record: record e85ffd0e59b09ceb: version_keys = {}
[22:33:22.139] [DEBUG] _find_record: record cd8c7fe96b4e26a7: version_keys = {}
[22:33:22.139] [DEBUG] _find_record: record ff0e6e1c8a0a06ed: version_keys = {}
[22:33:22.139] [DEBUG] _find_record: record ecf39fd999f3aeff: version_keys = {}
[22:33:22.139] [DEBUG] _find_record: record 927fa2c64bf5ed75: version_keys = {}
[22:33:22.139] [DEBUG] _find_record: record 153f824429d62471: version_keys = {}
[22:33:22.139] [DEBUG] _find_record: record bccfe12d2abe32f2: version_keys = {}
[22:33:22.139] [DEBUG] _find_record: record d7f5859b5b124dc8: version_keys = {}
[22:33:22.139] [DEBUG] _find_record: record c2fe55d6900bdaa7: version_keys = {}
[22:33:22.139] [DEBUG] _find_record: record 75aa80a4a7f66317: version_keys = {}
[22:33:22.139] [DEBUG] _find_record: record 41951659bcf131a2: version_keys = {}
[22:33:22.139] [DEBUG] _find_record: record 9a38f565d5a85e2b: version_keys = {}
[22:33:22.139] [DEBUG] _find_record: record 4fa2fd5937c9c76a: version_keys = {}
[22:33:22.139] [DEBUG] _find_record: record e1fd574ab99fe9e9: version_keys = {}
[22:33:22.139] [DEBUG] _find_record: record 2ac9f971cf4727ce: version_keys = {}
[22:33:22.139] [DEBUG] _find_record: record 403522f048322dd6: version_keys = {}
[22:33:22.139] [DEBUG] _find_record: record ff71307e0b9dff86: version_keys = {}
[22:33:22.139] [DEBUG] _find_record: record c8957694ec594e39: version_keys = {}
[22:33:22.139] [DEBUG] _find_record: record 1e9ba76379842c71: version_keys = {}
[22:33:22.139] [DEBUG] _find_record: record 75a9bf0c3df35059: version_keys = {}
[22:33:22.139] [DEBUG] _find_record: record 65903cdd12abe183: version_keys = {}
[22:33:22.139] [DEBUG] _find_record: record 8647f38f70d6d7cd: version_keys = {}
[22:33:22.139] [DEBUG] _find_record: record 34c5c6fb3e2ec935: version_keys = {}
[22:33:22.139] [DEBUG] _find_record: record a9e2f5982a89aa35: version_keys = {}
[22:33:22.139] [DEBUG] _find_record: record 654cab609d2b52c9: version_keys = {}
[22:33:22.139] [DEBUG] _find_record: record 17c6238bc0e5b406: version_keys = {}
[22:33:22.139] [DEBUG] _find_record: record 633c926809c6a811: version_keys = {}
[22:33:22.140] [DEBUG] _find_record: record cb24723a28330112: version_keys = {}
[22:33:22.140] [DEBUG] _find_record: record 0309c3c40aeccef4: version_keys = {}
[22:33:22.140] [DEBUG] _find_record: record b439435294d624d5: version_keys = {}
[22:33:22.140] [DEBUG] _find_record: record 948597ec0132ab84: version_keys = {}
[22:33:22.140] [DEBUG] _find_record: record 4a18b52c286e826a: version_keys = {}
[22:33:22.140] [DEBUG] _find_record: record d864d75be6ba43e3: version_keys = {}
[22:33:22.140] [DEBUG] _find_record: record 5c99eddeb2893f15: version_keys = {}
[22:33:22.140] [DEBUG] _find_record: record 3f420a1af3465a83: version_keys = {}
[22:33:22.140] [DEBUG] _find_record: record b811a3cc834e88e9: version_keys = {}
[22:33:22.140] [DEBUG] _find_record: record b9a6b5c823b27d40: version_keys = {}
[22:33:22.140] [DEBUG] _find_record: record 9b9c29ba8f6d5969: version_keys = {}
[22:33:22.140] [DEBUG] _find_record: record 8483022777e2731e: version_keys = {}
[22:33:22.140] [DEBUG] _find_record: record 02c561a1ba2b0e88: version_keys = {}
[22:33:22.140] [DEBUG] _find_record: record 3d90fd712c00149e: version_keys = {}
[22:33:22.140] [DEBUG] _find_record: record c8f8844f3ff5dd32: version_keys = {}
[22:33:22.140] [DEBUG] _find_record: record 480989e078c35bd8: version_keys = {}
[22:33:22.140] [DEBUG] _find_record: record c533a7f4784a5409: version_keys = {}
[22:33:22.140] [DEBUG] _find_record: record f32c1f3acfd4994e: version_keys = {}
[22:33:22.140] [DEBUG] _find_record: record 45bda1033bed369b: version_keys = {}
[22:33:22.140] [DEBUG] _find_record: record 6a72894b68e6f3bc: version_keys = {}
[22:33:22.140] [DEBUG] _find_record: record b1993161ab849ec9: version_keys = {}
[22:33:22.140] [DEBUG] _find_record: record 1ac0887fbc504e45: version_keys = {}
[22:33:22.140] [DEBUG] _find_record: record c074df73310d1558: version_keys = {}
[22:33:22.140] [DEBUG] _find_record: record 1203db419c998c00: version_keys = {}
[22:33:22.140] [DEBUG] _find_record: record 2bf7ab42bb7e3f0a: version_keys = {}
[22:33:22.140] [DEBUG] _find_record: record 12106db2480d7df9: version_keys = {}
[22:33:22.140] [DEBUG] _find_record: record 0d2de76e1f40a31b: version_keys = {}
[22:33:22.140] [DEBUG] _find_record: record d30f9ea13c071930: version_keys = {}
[22:33:22.140] [DEBUG] _find_record: record e604633fa44b7a5d: version_keys = {}
[22:33:22.140] [DEBUG] _find_record: record 125932bf7366e8ab: version_keys = {}
[22:33:22.141] [DEBUG] _find_record: record 24bbbe46acab7e32: version_keys = {}
[22:33:22.141] [DEBUG] _find_record: record 8cdc8af02d871ffc: version_keys = {}
[22:33:22.141] [DEBUG] _find_record: record 00ca0b03b62d6cc8: version_keys = {}
[22:33:22.141] [DEBUG] _find_record: record a5e5212fd5cb0081: version_keys = {}
[22:33:22.141] [DEBUG] _find_record: record f43284ac72cc5488: version_keys = {}
[22:33:22.141] [DEBUG] _find_record: record d3d3f2e0b9ed1cb1: version_keys = {}
[22:33:22.141] [DEBUG] _find_record: record b7d6eca819668575: version_keys = {}
[22:33:22.141] [DEBUG] _find_record: record c47fe57283d09b46: version_keys = {}
[22:33:22.141] [DEBUG] _find_record: record dc8a6da67bfabff0: version_keys = {}
[22:33:22.141] [DEBUG] _find_record: record 5d0fff9312f5c277: version_keys = {}
[22:33:22.141] [DEBUG] _find_record: record 1584a33895de30d4: version_keys = {}
[22:33:22.141] [DEBUG] _find_record: record 7cb0597d9ae9f4b9: version_keys = {}
[22:33:22.141] [DEBUG] _find_record: record 10edd70f61402209: version_keys = {}
[22:33:22.141] [DEBUG] _find_record: record 6d5344b7ed6b1644: version_keys = {}
[22:33:22.141] [DEBUG] _find_record: record 5af54021a5a3ebe7: version_keys = {}
[22:33:22.141] [DEBUG] _find_record: record 3353caa22dc07864: version_keys = {}
[22:33:22.141] [DEBUG] _find_record: record 761d0a9a8212b7f4: version_keys = {}
[22:33:22.141] [DEBUG] _find_record: record 615d204d3cc0d730: version_keys = {}
[22:33:22.141] [DEBUG] _find_record: record 7f2a135c524865c8: version_keys = {}
[22:33:22.141] [DEBUG] _find_record: record 2ec764a6f06c6eed: version_keys = {}
[22:33:22.141] [DEBUG] _find_record: record ed3a3f998732695e: version_keys = {}
[22:33:22.141] [DEBUG] _find_record: record 7ab87fa574ef6c21: version_keys = {}
[22:33:22.141] [DEBUG] _find_record: record 97070b9ca1722c68: version_keys = {}
[22:33:22.141] [DEBUG] _find_record: record f6485d74750f2767: version_keys = {}
[22:33:22.141] [DEBUG] _find_record: record 7517c5be9a0729c3: version_keys = {}
[22:33:22.141] [DEBUG] _find_record: record a057a937deae47fc: version_keys = {}
[22:33:22.141] [DEBUG] _find_record: record a66045f8c6f1934d: version_keys = {}
[22:33:22.141] [DEBUG] _find_record: record 5fff2fd5e8db878b: version_keys = {}
[22:33:22.141] [DEBUG] _find_record: record a8490f259d753f89: version_keys = {}
[22:33:22.141] [DEBUG] _find_record: record 0d678f8b81ea2a0c: version_keys = {}
[22:33:22.141] [DEBUG] _find_record: record e9df4a785ab43f8f: version_keys = {}
[22:33:22.142] [DEBUG] _find_record: record 231eacc076712d0b: version_keys = {}
[22:33:22.142] [DEBUG] _find_record: record 5881f372d07c8a70: version_keys = {}
[22:33:22.142] [DEBUG] _find_record: record 989bad7f283e6bf8: version_keys = {}
[22:33:22.142] [DEBUG] _find_record: record 59f9ea1d238d9424: version_keys = {}
[22:33:22.142] [DEBUG] _find_record: record 875bcf926bfe88b1: version_keys = {}
[22:33:22.142] [DEBUG] _find_record: record 6ef83012cdf9fdd6: version_keys = {}
[22:33:22.142] [DEBUG] _find_record: record 751036f2f9ac4ef4: version_keys = {}
[22:33:22.142] [DEBUG] _find_record: record 8b446c1e55162bc1: version_keys = {}
[22:33:22.142] [DEBUG] _find_record: record 3155e1aeb03f6206: version_keys = {}
[22:33:22.142] [DEBUG] _find_record: record 008673cd149a1964: version_keys = {}
[22:33:22.142] [DEBUG] _find_record: record cc3b3beaa129a847: version_keys = {}
[22:33:22.142] [DEBUG] _find_record: record db8db79708a59e35: version_keys = {}
[22:33:22.142] [DEBUG] _find_record: record 5d105944daa51e45: version_keys = {}
[22:33:22.142] [DEBUG] _find_record: record e9c792a45fa38119: version_keys = {}
[22:33:22.142] [DEBUG] _find_record: record 904f8871ba1cc26d: version_keys = {}
[22:33:22.142] [DEBUG] _find_record: record bbc0df2fb7cd36dc: version_keys = {}
[22:33:22.142] [DEBUG] _find_record: record 131836df65160898: version_keys = {}
[22:33:22.142] [DEBUG] _find_record: record 36a1f113cd4159d2: version_keys = {}
[22:33:22.142] [DEBUG] _find_record: record c3a18a6362eae6cf: version_keys = {}
[22:33:22.142] [DEBUG] _find_record: record ab3efbe84d7d2748: version_keys = {}
[22:33:22.142] [DEBUG] _find_record: record a1a4c38ccfa795c3: version_keys = {}
[22:33:22.142] [DEBUG] _find_record: record cceeb475c923404f: version_keys = {}
[22:33:22.142] [DEBUG] _find_record: record d531c6a66108893e: version_keys = {}
[22:33:22.142] [DEBUG] _find_record: record 56cbe66f347cbae3: version_keys = {}
[22:33:22.142] [DEBUG] _find_record: record 1b02ff7277277895: version_keys = {}
[22:33:22.142] [DEBUG] _find_record: record 5ba4f26c34603fbc: version_keys = {}
[22:33:22.142] [DEBUG] _find_record: record c88999b683dc3e29: version_keys = {}
[22:33:22.142] [DEBUG] _find_record: record a5240e8a7b51624f: version_keys = {}
[22:33:22.142] [DEBUG] _find_record: record 63a32bb5d37a11bb: version_keys = {}
[22:33:22.142] [DEBUG] _find_record: record 8fef613d9f3586d6: version_keys = {}
[22:33:22.142] [DEBUG] _find_record: record 0d1edc8b7dc08a73: version_keys = {}
[22:33:22.142] [DEBUG] _find_record: record f34e0a0a0656ca8e: version_keys = {}
[22:33:22.143] [DEBUG] _find_record: record 07d84903211e8a8b: version_keys = {}
[22:33:22.143] [DEBUG] _find_record: record ad47c10f5d8e8632: version_keys = {}
[22:33:22.143] [DEBUG] _find_record: record 796e5650d86d9600: version_keys = {}
[22:33:22.143] [DEBUG] _find_record: record c249b6978a98024d: version_keys = {}
[22:33:22.143] [DEBUG] _find_record: record 945d333e5542a9f9: version_keys = {}
[22:33:22.143] [DEBUG] _find_record: record f9479f9919c5e940: version_keys = {}
[22:33:22.143] [DEBUG] _find_record: record 751622c5a6641802: version_keys = {}
[22:33:22.143] [DEBUG] _find_record: record fd172c403c28ce90: version_keys = {}
[22:33:22.143] [DEBUG] _find_record: record 78caed2f88416381: version_keys = {}
[22:33:22.143] [DEBUG] _find_record: record 8b8a153984cb8458: version_keys = {}
[22:33:22.143] [DEBUG] _find_record: record bb7bd68715bbf7d2: version_keys = {}
[22:33:22.143] [DEBUG] _find_record: record 6b32bad360081e20: version_keys = {}
[22:33:22.143] [DEBUG] _find_record: record 66df26e3e733a076: version_keys = {}
[22:33:22.143] [DEBUG] _find_record: record 9cd7c20fc4cfbfe1: version_keys = {}
[22:33:22.143] [DEBUG] _find_record: record c26a2ac5f4cfa67c: version_keys = {}
[22:33:22.143] [DEBUG] _find_record: record af407a8483ab8c70: version_keys = {}
[22:33:22.143] [DEBUG] _find_record: record 5f16b028a0a736ba: version_keys = {}
[22:33:22.143] [DEBUG] _find_record: record 7f5a9d23923e044e: version_keys = {}
[22:33:22.143] [DEBUG] _find_record: record 89c1ec60bbbfca39: version_keys = {}
[22:33:22.143] [DEBUG] _find_record: record ce5d2b4fbbf6422d: version_keys = {}
[22:33:22.143] [DEBUG] _find_record: record 7a5a57d2d3e4fc96: version_keys = {}
[22:33:22.143] [DEBUG] _find_record: record 72da5a20e412e00d: version_keys = {}
[22:33:22.143] [DEBUG] _find_record: record c7baa57df92dbee5: version_keys = {}
[22:33:22.143] [DEBUG] _find_record: record e59a53d22266cd0a: version_keys = {}
[22:33:22.143] [DEBUG] _find_record: record f9d67039f174231e: version_keys = {}
[22:33:22.143] [DEBUG] _find_record: record 3931d0998ecd756f: version_keys = {}
[22:33:22.143] [DEBUG] _find_record: record baf21d23ebd976c5: version_keys = {}
[22:33:22.143] [DEBUG] _find_record: record b2f95a858aefa82b: version_keys = {}
[22:33:22.143] [DEBUG] _find_record: record 9e7c14cf5e43eca8: version_keys = {}
[22:33:22.144] [DEBUG] _find_record: record a228e612e03c0bf6: version_keys = {}
[22:33:22.144] [DEBUG] _find_record: record b071326ffa0b2466: version_keys = {}
[22:33:22.144] [DEBUG] _find_record: record c3de716b5e269839: version_keys = {}
[22:33:22.144] [DEBUG] _find_record: record 555031033c6a5104: version_keys = {}
[22:33:22.144] [DEBUG] _find_record: record 20400f5dcaab3ff1: version_keys = {}
[22:33:22.144] [DEBUG] _find_record: record 1a417161b5827290: version_keys = {}
[22:33:22.144] [DEBUG] _find_record: record 62a4c8b5411486b8: version_keys = {}
[22:33:22.144] [DEBUG] _find_record: record fdbf10ebc8481d23: version_keys = {}
[22:33:22.144] [DEBUG] _find_record: record 9f2c3477980456c9: version_keys = {}
[22:33:22.144] [DEBUG] _find_record: record 877bd20f6887dc16: version_keys = {}
[22:33:22.144] [DEBUG] _find_record: record d9e945f7c87995b0: version_keys = {}
[22:33:22.144] [DEBUG] _find_record: record f2d2a75a917c8b5e: version_keys = {}
[22:33:22.144] [DEBUG] _find_record: record 2a22cda5c2063163: version_keys = {}
[22:33:22.144] [DEBUG] _find_record: record 21bdce0e88ba641c: version_keys = {}
[22:33:22.144] [DEBUG] _find_record: record 2cd5a4c3ee316f1a: version_keys = {}
[22:33:22.144] [DEBUG] _find_record: record 23d12ec22f95fe93: version_keys = {}
[22:33:22.144] [DEBUG] _find_record: record ca69357b5be9fa5d: version_keys = {}
[22:33:22.144] [DEBUG] _find_record: record e6c5dc731dc70b0f: version_keys = {}
[22:33:22.144] [DEBUG] _find_record: record 80c64f7023bf2890: version_keys = {}
[22:33:22.144] [DEBUG] _find_record: record decdc944104c0871: version_keys = {}
[22:33:22.144] [DEBUG] _find_record: record 15503c4f03952c4c: version_keys = {}
[22:33:22.144] [DEBUG] _find_record: record 7f7661d2889f1229: version_keys = {}
[22:33:22.144] [DEBUG] _find_record: record c0bea88d8af8b5b6: version_keys = {}
[22:33:22.144] [DEBUG] _find_record: record 27edfff1ee727471: version_keys = {}
[22:33:22.144] [DEBUG] _find_record: record 426fc315537b7ad5: version_keys = {}
[22:33:22.144] [DEBUG] _find_record: record 80e0bf85cc1ec367: version_keys = {}
[22:33:22.144] [DEBUG] _find_record: record 0921ad85c28768dc: version_keys = {}
[22:33:22.144] [DEBUG] _find_record: record da03e473e930b2c8: version_keys = {}
[22:33:22.144] [DEBUG] _find_record: record 1e1dcff73865260f: version_keys = {}
[22:33:22.144] [DEBUG] _find_record: record ebce98cb39002470: version_keys = {}
[22:33:22.144] [DEBUG] _find_record: record a7f7a24ad6297db7: version_keys = {}
[22:33:22.145] [DEBUG] _find_record: record 5ad0165846a0d3d3: version_keys = {}
[22:33:22.145] [DEBUG] _find_record: record f3033759b31a6fca: version_keys = {}
[22:33:22.145] [DEBUG] _find_record: record f500f81c612328dd: version_keys = {}
[22:33:22.145] [DEBUG] _find_record: record c61d4a4bfb9fe7d3: version_keys = {}
[22:33:22.145] [DEBUG] _find_record: record 14f133fd9bbabb9d: version_keys = {}
[22:33:22.145] [DEBUG] _find_record: record f561e7d28d0f6af4: version_keys = {}
[22:33:22.145] [DEBUG] _find_record: record cdec4f45d3d8286c: version_keys = {}
[22:33:22.145] [DEBUG] _find_record: record 368ae871bc2e5306: version_keys = {}
[22:33:22.145] [DEBUG] _find_record: record ac2e608912f4544d: version_keys = {}
[22:33:22.145] [DEBUG] _find_record: record fab85ad08b665ccd: version_keys = {}
[22:33:22.145] [DEBUG] _find_record: record 03dda6ae418d6deb: version_keys = {}
[22:33:22.145] [DEBUG] _find_record: record f3a46331671e789a: version_keys = {}
[22:33:22.145] [DEBUG] _find_record: record 3f7e7b37e9b10ed8: version_keys = {}
[22:33:22.145] [DEBUG] _find_record: record d0b0a74a87eada2d: version_keys = {}
[22:33:22.145] [DEBUG] _find_record: record 6bcc44e4c3ea12ad: version_keys = {}
[22:33:22.145] [DEBUG] _find_record: record bc9ffdb7744b277e: version_keys = {}
[22:33:22.145] [DEBUG] _find_record: record 6d593cd6a14a5842: version_keys = {}
[22:33:22.145] [DEBUG] _find_record: record 83b854b5a8dd3bff: version_keys = {}
[22:33:22.145] [DEBUG] _find_record: record 41d66f2516bb734b: version_keys = {}
[22:33:22.145] [DEBUG] _find_record: record 0e3cbcd5f23b61c2: version_keys = {}
[22:33:22.145] [DEBUG] _find_record: record ce991cc92cc29023: version_keys = {}
[22:33:22.145] [DEBUG] _find_record: record 4d58203545d40df3: version_keys = {}
[22:33:22.145] [DEBUG] _find_record: record b25b64b2a396b621: version_keys = {}
[22:33:22.145] [DEBUG] _find_record: record 1a6f45da74d54909: version_keys = {}
[22:33:22.145] [DEBUG] _find_record: record ed99a9a7213e81a8: version_keys = {}
[22:33:22.145] [DEBUG] _find_record: record b91dcc636f827fca: version_keys = {}
[22:33:22.145] [DEBUG] _find_record: record ae710300cf3f3043: version_keys = {}
[22:33:22.145] [DEBUG] _find_record: record ef3d534e383952ae: version_keys = {}
[22:33:22.145] [DEBUG] _find_record: record 16bc035945b7682f: version_keys = {}
[22:33:22.145] [DEBUG] _find_record: record a1fe3e3ac083298b: version_keys = {}
[22:33:22.146] [DEBUG] _find_record: record f1146219e768b53c: version_keys = {}
[22:33:22.146] [DEBUG] _find_record: record a8833863fd58e46b: version_keys = {}
[22:33:22.146] [DEBUG] _find_record: record a704952c353255f6: version_keys = {}
[22:33:22.146] [DEBUG] _find_record: record c559db09b30f5acf: version_keys = {}
[22:33:22.146] [DEBUG] _find_record: record fa3fa6b182885270: version_keys = {}
[22:33:22.146] [DEBUG] _find_record: record c1e918ed34884007: version_keys = {}
[22:33:22.146] [DEBUG] _find_record: record 930b723bc44d0012: version_keys = {}
[22:33:22.146] [DEBUG] _find_record: record 1520a435a8580732: version_keys = {}
[22:33:22.146] [DEBUG] _find_record: record cfb5ad64e4c723d8: version_keys = {}
[22:33:22.146] [DEBUG] _find_record: record feca295a6f4a1820: version_keys = {}
[22:33:22.146] [DEBUG] _find_record: record 209d1dfa8295a9ac: version_keys = {}
[22:33:22.146] [DEBUG] _find_record: record 4921cfda99f98bb9: version_keys = {}
[22:33:22.146] [DEBUG] _find_record: record fd596c60358fb4ea: version_keys = {}
[22:33:22.146] [DEBUG] _find_record: record 1f1c37c4f793ee7d: version_keys = {}
[22:33:22.146] [DEBUG] _find_record: record 867db3c507531523: version_keys = {}
[22:33:22.146] [DEBUG] _find_record: record de9c6621079ca6b0: version_keys = {}
[22:33:22.146] [DEBUG] _find_record: record 52deb2246d38b38f: version_keys = {}
[22:33:22.146] [DEBUG] _find_record: record e888c06f215aaac0: version_keys = {}
[22:33:22.146] [DEBUG] _find_record: record bc58111dfc4ce711: version_keys = {}
[22:33:22.146] [DEBUG] _find_record: record a29c98743c90a542: version_keys = {}
[22:33:22.146] [DEBUG] _find_record: record 1fc01af5b63a130a: version_keys = {}
[22:33:22.146] [DEBUG] _find_record: record 4cd3adfa046b9c3f: version_keys = {}
[22:33:22.146] [DEBUG] _find_record: record c831c7786611c940: version_keys = {}
[22:33:22.146] [DEBUG] _find_record: record b8cebd9992318cef: version_keys = {}
[22:33:22.146] [DEBUG] _find_record: record 2507aa9ba2fcfe58: version_keys = {}
[22:33:22.146] [DEBUG] _find_record: record 60f7b4561630ecc8: version_keys = {}
[22:33:22.146] [DEBUG] _find_record: record b2616f9a7b8332c9: version_keys = {}
[22:33:22.146] [DEBUG] _find_record: record dafd9094df5e31db: version_keys = {}
[22:33:22.146] [DEBUG] _find_record: record a69befe8f6e103f2: version_keys = {}
[22:33:22.146] [DEBUG] _find_record: record 239937b86667d888: version_keys = {}
[22:33:22.146] [DEBUG] _find_record: record 95559c67fbfd3362: version_keys = {}
[22:33:22.147] [DEBUG] _find_record: record 278147d7c76e4e65: version_keys = {}
[22:33:22.147] [DEBUG] _find_record: record 9611824a15a2c7cb: version_keys = {}
[22:33:22.147] [DEBUG] _find_record: record adb0ada293a03553: version_keys = {}
[22:33:22.147] [DEBUG] _find_record: record ca93d3e8f49be308: version_keys = {}
[22:33:22.147] [DEBUG] _find_record: record 9e5d2f6fd5087517: version_keys = {}
[22:33:22.147] [DEBUG] _find_record: record 498f0c44825701dc: version_keys = {}
[22:33:22.147] [DEBUG] _find_record: record 46bd3a34bdb46fc0: version_keys = {}
[22:33:22.147] [DEBUG] _find_record: record f5db2f208d273645: version_keys = {}
[22:33:22.147] [DEBUG] _find_record: record 97bea17e5d265cac: version_keys = {}
[22:33:22.147] [DEBUG] _find_record: record 151dbe834d6e792b: version_keys = {}
[22:33:22.147] [DEBUG] _find_record: record f33e9ce7677f7951: version_keys = {}
[22:33:22.147] [DEBUG] _find_record: record 054e4f9b4b5d5d5f: version_keys = {}
[22:33:22.147] [DEBUG] _find_record: record d4bbb55a82b60d33: version_keys = {}
[22:33:22.147] [DEBUG] _find_record: record 1836d139cc1b3872: version_keys = {}
[22:33:22.147] [DEBUG] _find_record: record 73249b4affb3bb5f: version_keys = {}
[22:33:22.147] [DEBUG] _find_record: record a83064787df59342: version_keys = {}
[22:33:22.147] [DEBUG] _find_record: record 3612c4bcce5845d4: version_keys = {}
[22:33:22.147] [DEBUG] _find_record: record 123f9d873778032a: version_keys = {}
[22:33:22.147] [DEBUG] _find_record: record 0a4d8c656fbaa1c5: version_keys = {}
[22:33:22.147] [DEBUG] _find_record: record 759db283f50f0080: version_keys = {}
[22:33:22.147] [DEBUG] _find_record: record 0e79fd06f189dfb3: version_keys = {}
[22:33:22.147] [DEBUG] _find_record: record beb3b655d26d7cce: version_keys = {}
[22:33:22.147] [DEBUG] _find_record: record 712bdc84630403af: version_keys = {}
[22:33:22.147] [DEBUG] _find_record: record de6ccb18a6955b43: version_keys = {}
[22:33:22.147] [DEBUG] _find_record: record 530f8bcdfc5e29f6: version_keys = {}
[22:33:22.147] [DEBUG] _find_record: record 62c7cd045a2067b1: version_keys = {}
[22:33:22.147] [DEBUG] _find_record: record b7265cd947ba63de: version_keys = {}
[22:33:22.147] [DEBUG] _find_record: record 4f034578cccc1162: version_keys = {}
[22:33:22.147] [DEBUG] _find_record: record 20e1b870c4b9bc4d: version_keys = {}
[22:33:22.148] [DEBUG] _find_record: record 8cecccb332a5a9f8: version_keys = {}
[22:33:22.148] [DEBUG] _find_record: record f407c28ff84a0bbb: version_keys = {}
[22:33:22.148] [DEBUG] _find_record: record 7186ff6bd87d3069: version_keys = {}
[22:33:22.148] [DEBUG] _find_record: record d62f908ec8f9e904: version_keys = {}
[22:33:22.148] [DEBUG] _find_record: record 13dadacf97b89f74: version_keys = {}
[22:33:22.148] [DEBUG] _find_record: record 691dcd821d78cd05: version_keys = {}
[22:33:22.148] [DEBUG] _find_record: record d049caa122283ff6: version_keys = {}
[22:33:22.148] [DEBUG] _find_record: record b0388bfd26ceea76: version_keys = {}
[22:33:22.148] [DEBUG] _find_record: record 756c75eaaad2b448: version_keys = {}
[22:33:22.148] [DEBUG] _find_record: record e63ee0f258673616: version_keys = {}
[22:33:22.148] [DEBUG] _find_record: record e6f210a3f937670b: version_keys = {}
[22:33:22.148] [DEBUG] _find_record: record 936fbbb522b4d13c: version_keys = {}
[22:33:22.148] [DEBUG] _find_record: record a0681952d5ddf3a0: version_keys = {}
[22:33:22.148] [DEBUG] _find_record: record fd965fee2cfdfc14: version_keys = {}
[22:33:22.148] [DEBUG] _find_record: record 073872a9afb18ff7: version_keys = {}
[22:33:22.148] [DEBUG] _find_record: record 30f699b6aa5ad968: version_keys = {}
[22:33:22.148] [DEBUG] _find_record: record cdc53cca03c6504f: version_keys = {}
[22:33:22.148] [DEBUG] _find_record: record 60b2a77c55332b08: version_keys = {}
[22:33:22.148] [DEBUG] _find_record: record d70bbea557fcb664: version_keys = {}
[22:33:22.148] [DEBUG] _find_record: record 541c1fe921434cf6: version_keys = {}
[22:33:22.148] [DEBUG] _find_record: record 057a885f6808a532: version_keys = {}
[22:33:22.148] [DEBUG] _find_record: record 4ab07cf41fa39355: version_keys = {}
[22:33:22.148] [DEBUG] _find_record: record 35e85bf72edeb5e2: version_keys = {}
[22:33:22.148] [DEBUG] _find_record: record aca4d2459936b67a: version_keys = {}
[22:33:22.148] [DEBUG] _find_record: record 1658303946a52179: version_keys = {}
[22:33:22.148] [DEBUG] _find_record: record 55350e178eb5729b: version_keys = {}
[22:33:22.148] [DEBUG] _find_record: record 4fa9eb8ea14eaad7: version_keys = {}
[22:33:22.148] [DEBUG] _find_record: record 47434c0405cc6943: version_keys = {}
[22:33:22.148] [DEBUG] _find_record: record 2a25f35ccc77a261: version_keys = {}
[22:33:22.148] [DEBUG] _find_record: record 419266a772cf3232: version_keys = {}
[22:33:22.148] [DEBUG] _find_record: record 22af0a8a32cce076: version_keys = {}
[22:33:22.149] [DEBUG] _find_record: record c71c9f4350afe760: version_keys = {}
[22:33:22.149] [DEBUG] _find_record: record 1f3cb5f679c4bc93: version_keys = {}
[22:33:22.149] [DEBUG] _find_record: record 5d382486eeaab8ba: version_keys = {}
[22:33:22.149] [DEBUG] _find_record: record 4c880248240788b1: version_keys = {}
[22:33:22.149] [DEBUG] _find_record: record e0ae35329a6f6df1: version_keys = {}
[22:33:22.149] [DEBUG] _find_record: record d3958af7051c85f8: version_keys = {}
[22:33:22.149] [DEBUG] _find_record: record c4131dbc839fce96: version_keys = {}
[22:33:22.149] [DEBUG] _find_record: record 9b3479c5755b5373: version_keys = {}
[22:33:22.149] [DEBUG] _find_record: record b31bf8a29f9d810f: version_keys = {}
[22:33:22.149] [DEBUG] _find_record: record 339d40ef4fdaede9: version_keys = {}
[22:33:22.149] [DEBUG] _find_record: record 5f10c74951c9a00e: version_keys = {}
[22:33:22.149] [DEBUG] _find_record: record f65e1f8f08e347e3: version_keys = {}
[22:33:22.149] [DEBUG] _find_record: record 034729f295d8a40f: version_keys = {}
[22:33:22.149] [DEBUG] _find_record: record c9dc075286829895: version_keys = {}
[22:33:22.149] [DEBUG] _find_record: record cb94ff420030d556: version_keys = {}
[22:33:22.149] [DEBUG] _find_record: record 74f786dfa58abcbe: version_keys = {}
[22:33:22.149] [DEBUG] _find_record: record 34a2051aa4574d05: version_keys = {}
[22:33:22.149] [DEBUG] _find_record: record 6b816c52b4e80d83: version_keys = {}
[22:33:22.149] [DEBUG] _find_record: record d86d873934f3cadb: version_keys = {}
[22:33:22.149] [DEBUG] _find_record: record edf67890932fa3dc: version_keys = {}
[22:33:22.149] [DEBUG] _find_record: record 4d81194133973c5b: version_keys = {}
[22:33:22.149] [DEBUG] _find_record: record c1e9e1dc0ac68612: version_keys = {}
[22:33:22.149] [DEBUG] _find_record: record 1b1377a28341bb22: version_keys = {}
[22:33:22.149] [DEBUG] _find_record: record b4287e1c87ac86ba: version_keys = {}
[22:33:22.149] [DEBUG] _find_record: record 4dddb1cb3a4affda: version_keys = {}
[22:33:22.149] [DEBUG] _find_record: record 3e7a2dcedeb742d5: version_keys = {}
[22:33:22.149] [DEBUG] _find_record: record d7f490ca3d1d549e: version_keys = {}
[22:33:22.149] [DEBUG] _find_record: record a8c69e09fea4ef6f: version_keys = {}
[22:33:22.149] [DEBUG] _find_record: record b4ac397bfd6b2c13: version_keys = {}
[22:33:22.149] [DEBUG] _find_record: record 3bf7e8498dd74b24: version_keys = {}
[22:33:22.149] [DEBUG] _find_record: record 564f73e379f23ba9: version_keys = {}
[22:33:22.150] [DEBUG] _find_record: record 9917bf62ddf0f5b8: version_keys = {}
[22:33:22.150] [DEBUG] _find_record: record 627b37a200d3bb6e: version_keys = {}
[22:33:22.150] [DEBUG] _find_record: record eed0a8d2d353c355: version_keys = {}
[22:33:22.150] [DEBUG] _find_record: record 5d3158d4e39016f8: version_keys = {}
[22:33:22.150] [DEBUG] _find_record: record 516d50be62697844: version_keys = {}
[22:33:22.150] [DEBUG] _find_record: record 0e6d27f9cf23f231: version_keys = {}
[22:33:22.150] [DEBUG] _find_record: record 760c43a42ecb9644: version_keys = {}
[22:33:22.150] [DEBUG] _find_record: record 5ae997955176e1ca: version_keys = {}
[22:33:22.150] [DEBUG] _find_record: record 8646f5b8689d0de3: version_keys = {}
[22:33:22.150] [DEBUG] _find_record: record 9b011785d3e8e4e3: version_keys = {}
[22:33:22.150] [DEBUG] _find_record: record e6138a032834a648: version_keys = {}
[22:33:22.150] [DEBUG] _find_record: record bb5496734d0932c8: version_keys = {}
[22:33:22.150] [DEBUG] _find_record: record 5eafbd363655e555: version_keys = {}
[22:33:22.150] [DEBUG] _find_record: record ad85eb9b8fdedbf6: version_keys = {}
[22:33:22.150] [DEBUG] _find_record: record 6fdc6fd55fb9b8e9: version_keys = {}
[22:33:22.150] [DEBUG] _find_record: record a34ecffe07eae640: version_keys = {}
[22:33:22.150] [DEBUG] _find_record: record 05a0903a71efcf90: version_keys = {}
[22:33:22.150] [DEBUG] _find_record: record 94f0745114eb529b: version_keys = {}
[22:33:22.150] [DEBUG] _find_record: record d8f7a78734fd20a2: version_keys = {}
[22:33:22.150] [DEBUG] _find_record: record 4e111f12c03d1585: version_keys = {}
[22:33:22.150] [DEBUG] _find_record: record a3def4ff7ca40e6a: version_keys = {}
[22:33:22.150] [DEBUG] _find_record: record af4699ed1a3a5e8a: version_keys = {}
[22:33:22.150] [DEBUG] _find_record: record d22f800df3335e78: version_keys = {}
[22:33:22.150] [DEBUG] _find_record: record e44eb1f997982cd4: version_keys = {}
[22:33:22.150] [DEBUG] _find_record: record b0ac64d936bbccd5: version_keys = {}
[22:33:22.150] [DEBUG] _find_record: record 377004c85219f277: version_keys = {}
[22:33:22.150] [DEBUG] _find_record: record b958b8a27c4ac473: version_keys = {}
[22:33:22.150] [DEBUG] _find_record: record a41c47e034d1449d: version_keys = {}
[22:33:22.150] [DEBUG] _find_record: record 25c8875f5a98e474: version_keys = {}
[22:33:22.150] [DEBUG] _find_record: record 5ec0cb7fe0f00e4d: version_keys = {}
[22:33:22.151] [DEBUG] _find_record: record ff204c9137e5ca55: version_keys = {}
[22:33:22.151] [DEBUG] _find_record: record a4a28fe89ffd5bc5: version_keys = {}
[22:33:22.151] [DEBUG] _find_record: record becd78c6c4ffffde: version_keys = {}
[22:33:22.151] [DEBUG] _find_record: record 49a625e35075d344: version_keys = {}
[22:33:22.151] [DEBUG] _find_record: record df8eeaf5b431e83f: version_keys = {}
[22:33:22.151] [DEBUG] _find_record: record 9d285cd96446f4d9: version_keys = {}
[22:33:22.151] [DEBUG] _find_record: record 8dfd3bff09fae6b2: version_keys = {}
[22:33:22.151] [DEBUG] _find_record: record 58e72e70ea559211: version_keys = {}
[22:33:22.151] [DEBUG] _find_record: record 7ad90259fb54065b: version_keys = {}
[22:33:22.151] [DEBUG] _find_record: record fec9248ddec4d422: version_keys = {}
[22:33:22.151] [DEBUG] _find_record: record 2a8afc64818f3302: version_keys = {}
[22:33:22.151] [DEBUG] _find_record: record cae51033b3e421ea: version_keys = {}
[22:33:22.151] [DEBUG] _find_record: record b2a6a4c1b803eae4: version_keys = {}
[22:33:22.151] [DEBUG] _find_record: record 966c8a61d3457738: version_keys = {}
[22:33:22.151] [DEBUG] _find_record: record c3434a200e84c83f: version_keys = {}
[22:33:22.151] [DEBUG] _find_record: record a70ced73ebdbb657: version_keys = {}
[22:33:22.151] [DEBUG] _find_record: record 943480638a1af45b: version_keys = {}
[22:33:22.151] [DEBUG] _find_record: record b05530f139ffca48: version_keys = {}
[22:33:22.151] [DEBUG] _find_record: record 6135b32e4c93633a: version_keys = {}
[22:33:22.151] [DEBUG] _find_record: record 6e711ad4459166a7: version_keys = {}
[22:33:22.151] [DEBUG] _find_record: record 82ec0e7a5ab6d159: version_keys = {}
[22:33:22.151] [DEBUG] _find_record: record b3f5faad77fc7108: version_keys = {}
[22:33:22.151] [DEBUG] _find_record: record 8676782a5ecf723e: version_keys = {}
[22:33:22.151] [DEBUG] _find_record: record 43551e44a0746d20: version_keys = {}
[22:33:22.151] [DEBUG] _find_record: record 60a95172b9e23bca: version_keys = {}
[22:33:22.151] [DEBUG] _find_record: record 588fdf67edb68b55: version_keys = {}
[22:33:22.151] [DEBUG] _find_record: record 157376f27b5e6ee4: version_keys = {}
[22:33:22.151] [DEBUG] _find_record: record ebe764c9f3c43979: version_keys = {}
[22:33:22.151] [DEBUG] _find_record: record 9f5b91a4403fc492: version_keys = {}
[22:33:22.151] [DEBUG] _find_record: record 6710d66a75050c95: version_keys = {}
[22:33:22.152] [DEBUG] _find_record: record a6da34c3c4d752ac: version_keys = {}
[22:33:22.152] [DEBUG] _find_record: record aa1458c5127af85e: version_keys = {}
[22:33:22.152] [DEBUG] _find_record: record e2c7afd2745de6df: version_keys = {}
[22:33:22.152] [DEBUG] _find_record: record 4bca1dd233c8a023: version_keys = {}
[22:33:22.152] [DEBUG] _find_record: record 69d937e39e62745d: version_keys = {}
[22:33:22.152] [DEBUG] _find_record: record c722d832c537c600: version_keys = {}
[22:33:22.152] [DEBUG] _find_record: record 4eb15f04f0fa24b8: version_keys = {}
[22:33:22.152] [DEBUG] _find_record: record 46dd397ba0ae6bc5: version_keys = {}
[22:33:22.152] [DEBUG] _find_record: record 8504a4095dc5b380: version_keys = {}
[22:33:22.152] [DEBUG] _find_record: record 525d664ddf5e6b00: version_keys = {}
[22:33:22.152] [DEBUG] _find_record: record efb857df94f5aaed: version_keys = {}
[22:33:22.152] [DEBUG] _find_record: record 7549b7783d2eba01: version_keys = {}
[22:33:22.152] [DEBUG] _find_record: record 6ec3ee831a6a009a: version_keys = {}
[22:33:22.152] [DEBUG] _find_record: record a5803e55ea1fe763: version_keys = {}
[22:33:22.152] [DEBUG] _find_record: record 92023802f2e6a219: version_keys = {}
[22:33:22.152] [DEBUG] _find_record: record b754a8a21927b94f: version_keys = {}
[22:33:22.152] [DEBUG] _find_record: record 2d861a9bbd079b45: version_keys = {}
[22:33:22.152] [DEBUG] _find_record: record d9b9368a4ab5ca9e: version_keys = {}
[22:33:22.152] [DEBUG] _find_record: record 2115557abf053774: version_keys = {}
[22:33:22.152] [DEBUG] _find_record: record 9ca84eddf471e890: version_keys = {}
[22:33:22.152] [DEBUG] _find_record: record 1923daa275fddca1: version_keys = {}
[22:33:22.152] [DEBUG] _find_record: record 903382819d9e03d1: version_keys = {}
[22:33:22.152] [DEBUG] _find_record: record 980c527f066b652e: version_keys = {}
[22:33:22.152] [DEBUG] _find_record: record 5f4bb429d5525356: version_keys = {}
[22:33:22.152] [DEBUG] _find_record: record 749f29e861c59fc3: version_keys = {}
[22:33:22.152] [DEBUG] _find_record: record 08a5a0b40d04279c: version_keys = {}
[22:33:22.152] [DEBUG] _find_record: record b25c0ec96db5c429: version_keys = {}
[22:33:22.152] [DEBUG] _find_record: record e6ab653ffd75c04d: version_keys = {}
[22:33:22.152] [DEBUG] _find_record: record 092969ee42380649: version_keys = {}
[22:33:22.152] [DEBUG] _find_record: record f6cb0320a5e94498: version_keys = {}
[22:33:22.153] [DEBUG] _find_record: record 8bb56499478e3f2a: version_keys = {}
[22:33:22.153] [DEBUG] _find_record: record c287d0c8f340a120: version_keys = {}
[22:33:22.153] [DEBUG] _find_record: record 3343d40f993f0fe9: version_keys = {}
[22:33:22.153] [DEBUG] _find_record: record b7e531f7212db64d: version_keys = {}
[22:33:22.153] [DEBUG] _find_record: record 101d764523b2f0d5: version_keys = {}
[22:33:22.153] [DEBUG] _find_record: record 7bd3bdb378dd5768: version_keys = {}
[22:33:22.153] [DEBUG] _find_record: record ab8be234fed49181: version_keys = {}
[22:33:22.153] [DEBUG] _find_record: record 423ada9f17d279e9: version_keys = {}
[22:33:22.153] [DEBUG] _find_record: record 1dc4f97fcd4e4dcf: version_keys = {}
[22:33:22.153] [DEBUG] _find_record: record b31a65d9ed88697b: version_keys = {}
[22:33:22.153] [DEBUG] _find_record: record 462c16f777754e4c: version_keys = {}
[22:33:22.153] [DEBUG] _find_record: record 48c964f330674a2b: version_keys = {}
[22:33:22.153] [DEBUG] _find_record: record 6783e9340964e819: version_keys = {}
[22:33:22.153] [DEBUG] _find_record: record 56aa09d019c892a6: version_keys = {}
[22:33:22.153] [DEBUG] _find_record: record be3f4279b5330193: version_keys = {}
[22:33:22.153] [DEBUG] _find_record: record 99934af7c393c4ba: version_keys = {}
[22:33:22.153] [DEBUG] _find_record: record 8da027d1a520520e: version_keys = {}
[22:33:22.153] [DEBUG] _find_record: record 7c6f9d60a93722a7: version_keys = {}
[22:33:22.153] [DEBUG] _find_record: record c41afad66561c2d3: version_keys = {}
[22:33:22.153] [DEBUG] _find_record: record ea75cecf23c0f35c: version_keys = {}
[22:33:22.153] [DEBUG] _find_record: record 05d16cb811585e67: version_keys = {}
[22:33:22.153] [DEBUG] _find_record: record 6f597681eab6d5a8: version_keys = {}
[22:33:22.153] [DEBUG] _find_record: record 097e870258804b4f: version_keys = {}
[22:33:22.153] [DEBUG] _find_record: record 9f247964322859ee: version_keys = {}
[22:33:22.153] [DEBUG] _find_record: record b30c0bd7b4469a4d: version_keys = {}
[22:33:22.153] [DEBUG] _find_record: record 119e23cab51b0d90: version_keys = {}
[22:33:22.153] [DEBUG] _find_record: record 8e9d2cb345da337d: version_keys = {}
[22:33:22.153] [DEBUG] _find_record: record 1a085f76b4594884: version_keys = {}
[22:33:22.153] [DEBUG] _find_record: record d34f283513b9afbb: version_keys = {}
[22:33:22.153] [DEBUG] _find_record: record fdf8df0103ef1ba2: version_keys = {}
[22:33:22.153] [DEBUG] _find_record: record 098a429ab87be61d: version_keys = {}
[22:33:22.154] [DEBUG] _find_record: record 84793dd158ff81d5: version_keys = {}
[22:33:22.154] [DEBUG] _find_record: record 631eb5d923b8614f: version_keys = {}
[22:33:22.154] [DEBUG] _find_record: record 335f20897329c736: version_keys = {}
[22:33:22.154] [DEBUG] _find_record: record 6178504fd42aa732: version_keys = {}
[22:33:22.154] [DEBUG] _find_record: record 1ae1e5405da0614d: version_keys = {}
[22:33:22.154] [DEBUG] _find_record: record f748d2ae1d7d2ae8: version_keys = {}
[22:33:22.154] [DEBUG] _find_record: record 0bc71dddd83efd76: version_keys = {}
[22:33:22.154] [DEBUG] _find_record: record 0b8e9db4165257a5: version_keys = {}
[22:33:22.154] [DEBUG] _find_record: record 074bae7a6124c9dc: version_keys = {}
[22:33:22.154] [DEBUG] _find_record: record 9633b4d6f9c4bab7: version_keys = {}
[22:33:22.154] [DEBUG] _find_record: record 207e1df47e8e7032: version_keys = {}
[22:33:22.154] [DEBUG] _find_record: record 0117533117f51985: version_keys = {}
[22:33:22.154] [DEBUG] _find_record: record 57274228dbd7b6d3: version_keys = {}
[22:33:22.154] [DEBUG] _find_record: record 66722b43c31fe25a: version_keys = {}
[22:33:22.154] [DEBUG] _find_record: record 853db5a9135098a4: version_keys = {}
[22:33:22.154] [DEBUG] _find_record: record 8a7c5a64654b9fa2: version_keys = {}
[22:33:22.154] [DEBUG] _find_record: record 5e7ac2767e7fa6cd: version_keys = {}
[22:33:22.154] [DEBUG] _find_record: record 858b88abb5aea48b: version_keys = {}
[22:33:22.154] [DEBUG] _find_record: record 416e8c15b97f17e3: version_keys = {}
[22:33:22.154] [DEBUG] _find_record: record 66c3b875bbd8f95e: version_keys = {}
[22:33:22.154] [DEBUG] _find_record: record 4bce1f78e68b3594: version_keys = {}
[22:33:22.154] [DEBUG] _find_record: record 3beddc6c43813943: version_keys = {}
[22:33:22.154] [DEBUG] _find_record: record c4bcb7b9c8ed3d81: version_keys = {}
[22:33:22.154] [DEBUG] _find_record: record 5b5d482ff7712d29: version_keys = {}
[22:33:22.154] [DEBUG] _find_record: record 4ab1afc7aa727f0b: version_keys = {}
[22:33:22.154] [DEBUG] _find_record: record a5c76808f7274bfa: version_keys = {}
[22:33:22.154] [DEBUG] _find_record: record 4d6c84fa3e8c123b: version_keys = {}
[22:33:22.154] [DEBUG] _find_record: record 49c0102c354a3e0a: version_keys = {}
[22:33:22.154] [DEBUG] _find_record: record 1446272f6144e11b: version_keys = {}
[22:33:22.154] [DEBUG] _find_record: record efb118b6c4257831: version_keys = {}
[22:33:22.155] [DEBUG] _find_record: record 275c931615626de0: version_keys = {}
[22:33:22.155] [DEBUG] _find_record: record e04ec2a590705b29: version_keys = {}
[22:33:22.155] [DEBUG] _find_record: record 1b7022adb2d52ad2: version_keys = {}
[22:33:22.155] [DEBUG] _find_record: record 38cfadb20cdf0ba6: version_keys = {}
[22:33:22.155] [DEBUG] _find_record: record 685f2f32aa2bed8e: version_keys = {}
[22:33:22.155] [DEBUG] _find_record: record b4def086c6cc8df2: version_keys = {}
[22:33:22.155] [DEBUG] _find_record: record f97714e223d99ad3: version_keys = {}
[22:33:22.155] [DEBUG] _find_record: record f475d580aac813b4: version_keys = {}
[22:33:22.155] [DEBUG] _find_record: record bc8cf5aa288c0d18: version_keys = {}
[22:33:22.155] [DEBUG] _find_record: record b781d9e4aec42b66: version_keys = {}
[22:33:22.155] [DEBUG] _find_record: record 654c9d83deeda89e: version_keys = {}
[22:33:22.155] [DEBUG] _find_record: record b0450bd8d7078ec2: version_keys = {}
[22:33:22.155] [DEBUG] _find_record: record e2939b955173f919: version_keys = {}
[22:33:22.155] [DEBUG] _find_record: record b4fa726aa1db6e6c: version_keys = {}
[22:33:22.155] [DEBUG] _find_record: record 56113606fcbb3a65: version_keys = {}
[22:33:22.155] [DEBUG] _find_record: record 09205dfccb6d3c37: version_keys = {}
[22:33:22.155] [DEBUG] _find_record: record 405a913e0f40a12f: version_keys = {}
[22:33:22.155] [DEBUG] _find_record: record 3d7d0c45baaef83f: version_keys = {}
[22:33:22.155] [DEBUG] _find_record: record 954557801fbfe3f8: version_keys = {}
[22:33:22.155] [DEBUG] _find_record: record 1df26f2f837cec0a: version_keys = {}
[22:33:22.155] [DEBUG] _find_record: record 592a43e329339077: version_keys = {}
[22:33:22.155] [DEBUG] _find_record: record 0d44b67ab7bbab2a: version_keys = {}
[22:33:22.155] [DEBUG] _find_record: record 37b6b660a16b9f4b: version_keys = {}
[22:33:22.155] [DEBUG] _find_record: record a262029ddffe8b53: version_keys = {}
[22:33:22.155] [DEBUG] _find_record: record 00d8ca20094e8cbc: version_keys = {}
[22:33:22.155] [DEBUG] _find_record: record c9cb2477066e5ac8: version_keys = {}
[22:33:22.155] [DEBUG] _find_record: record 6b0b987a49ff72d6: version_keys = {}
[22:33:22.156] [DEBUG] _find_record: record e68bd9b003b5fe2d: version_keys = {}
[22:33:22.156] [DEBUG] _find_record: record 717296e19695ff4c: version_keys = {}
[22:33:22.156] [DEBUG] _find_record: record 78134e6503fc4df4: version_keys = {}
[22:33:22.156] [DEBUG] _find_record: record 80d8a205c82f68a3: version_keys = {}
[22:33:22.156] [DEBUG] _find_record: record c115dbd921275411: version_keys = {}
[22:33:22.156] [DEBUG] _find_record: record d4643d0e745ed66b: version_keys = {}
[22:33:22.156] [DEBUG] _find_record: record 0db60237b7ed2320: version_keys = {}
[22:33:22.156] [DEBUG] _find_record: record dc7fa5270d0bd476: version_keys = {}
[22:33:22.156] [DEBUG] _find_record: record 869902f5ee880032: version_keys = {}
[22:33:22.156] [DEBUG] _find_record: record 64cb22bd03ac9054: version_keys = {}
[22:33:22.156] [DEBUG] _find_record: record 8922bf5622df179b: version_keys = {}
[22:33:22.156] [DEBUG] _find_record: record 05749c2a9a647b85: version_keys = {}
[22:33:22.156] [DEBUG] _find_record: record 657b745345576f08: version_keys = {}
[22:33:22.156] [DEBUG] _find_record: record 02c383917df22071: version_keys = {}
[22:33:22.156] [DEBUG] _find_record: record 2aa36cbbb99b105f: version_keys = {}
[22:33:22.156] [DEBUG] _find_record: record bd9a7b08ae38a577: version_keys = {}
[22:33:22.156] [DEBUG] _find_record: record 25310d08dca2780c: version_keys = {}
[22:33:22.156] [DEBUG] _find_record: record b29bbcc7430171e9: version_keys = {}
[22:33:22.156] [DEBUG] _find_record: record 692fe80458d5b957: version_keys = {}
[22:33:22.156] [DEBUG] _find_record: record 5d1cce58fd92bd0e: version_keys = {}
[22:33:22.156] [DEBUG] _find_record: record 89fd2eae55c19116: version_keys = {}
[22:33:22.156] [DEBUG] _find_record: record 6dc94ac452f7defc: version_keys = {}
[22:33:22.156] [DEBUG] _find_record: record 4988129f1293578e: version_keys = {}
[22:33:22.156] [DEBUG] _find_record: record e4dd82781605255b: version_keys = {}
[22:33:22.156] [DEBUG] _find_record: record be52109f95b1d71a: version_keys = {}
[22:33:22.156] [DEBUG] _find_record: record cbcaa1e82b540267: version_keys = {}
[22:33:22.157] [DEBUG] _find_record: record b9c8b378c3601c59: version_keys = {}
[22:33:22.157] [DEBUG] _find_record: record 4359dbb5853d7461: version_keys = {}
[22:33:22.157] [DEBUG] _find_record: record 20f33886c6af8459: version_keys = {}
[22:33:22.157] [DEBUG] _find_record: record b9b011a29a4e13bf: version_keys = {}
[22:33:22.157] [DEBUG] _find_record: record abd88ccf4284ab8f: version_keys = {}
[22:33:22.157] [DEBUG] _find_record: record 64e4d8bcaeadc0a4: version_keys = {}
[22:33:22.157] [DEBUG] _find_record: record b869d4c598349e7a: version_keys = {}
[22:33:22.157] [DEBUG] _find_record: record 83608120bd873794: version_keys = {}
[22:33:22.157] [DEBUG] _find_record: record 4ace61dd50429eae: version_keys = {}
[22:33:22.157] [DEBUG] _find_record: record 393ee527bc0d67de: version_keys = {}
[22:33:22.157] [DEBUG] _find_record: record e0a2ba1c8d863014: version_keys = {}
[22:33:22.157] [DEBUG] _find_record: record 2f3df8bc8b352f0e: version_keys = {}
[22:33:22.157] [DEBUG] _find_record: record 54d6fbf7b4f9d480: version_keys = {}
[22:33:22.157] [DEBUG] _find_record: record 69609c39eaa77d05: version_keys = {}
[22:33:22.157] [DEBUG] _find_record: record b55aff9ccbb8bff8: version_keys = {}
[22:33:22.157] [DEBUG] _find_record: record 1da3eed20a7ec339: version_keys = {}
[22:33:22.157] [DEBUG] _find_record: record 87ae8328a48342d8: version_keys = {}
[22:33:22.157] [DEBUG] _find_record: record 777b4b1248f88dcc: version_keys = {}
[22:33:22.157] [DEBUG] _find_record: record d6f9f078f15774ac: version_keys = {}
[22:33:22.157] [DEBUG] _find_record: record 840728c4012ecb73: version_keys = {}
[22:33:22.157] [DEBUG] _find_record: record 024a9bf54544d897: version_keys = {}
[22:33:22.157] [DEBUG] _find_record: record 17287af91a983465: version_keys = {}
[22:33:22.157] [DEBUG] _find_record: record ce61618c4f0727e5: version_keys = {}
[22:33:22.157] [DEBUG] _find_record: record d200c6d029ed0b1e: version_keys = {}
[22:33:22.157] [DEBUG] _find_record: record 453ba46caaaa76c5: version_keys = {}
[22:33:22.157] [DEBUG] _find_record: record e3fc14be1c898d98: version_keys = {}
[22:33:22.157] [DEBUG] _find_record: record 439f2b51b92f17d1: version_keys = {}
[22:33:22.157] [DEBUG] _find_record: record a062f038b055c0ca: version_keys = {}
[22:33:22.157] [DEBUG] _find_record: record b1ea580bedd5b81e: version_keys = {}
[22:33:22.157] [DEBUG] _find_record: record 516baaafcddf530f: version_keys = {}
[22:33:22.158] [DEBUG] _find_record: record c4e21e3400f682ff: version_keys = {}
[22:33:22.158] [DEBUG] _find_record: record 56aabbf154a3de75: version_keys = {}
[22:33:22.158] [DEBUG] _find_record: record 3acea70e386e1c9f: version_keys = {}
[22:33:22.158] [DEBUG] _find_record: record 0a8b4175858d2f65: version_keys = {}
[22:33:22.158] [DEBUG] _find_record: record 478123c7209a337a: version_keys = {}
[22:33:22.158] [DEBUG] _find_record: record 03d6d03ab9bd6d10: version_keys = {}
[22:33:22.158] [DEBUG] _find_record: record 5eca9275c94205d5: version_keys = {}
[22:33:22.158] [DEBUG] _find_record: record 2f673ecd35c0a0ae: version_keys = {}
[22:33:22.158] [DEBUG] _find_record: record 867d80388226fef2: version_keys = {}
[22:33:22.158] [DEBUG] _find_record: record 7ae5c24d2b37e497: version_keys = {}
[22:33:22.158] [DEBUG] _find_record: record 08aa344428920ea1: version_keys = {}
[22:33:22.158] [DEBUG] _find_record: record b9dbf66e2418350b: version_keys = {}
[22:33:22.158] [DEBUG] _find_record: record b9d65d3b84ca51c8: version_keys = {}
[22:33:22.158] [DEBUG] _find_record: record e4687719d44e43b4: version_keys = {}
[22:33:22.158] [DEBUG] _find_record: record feee6aa177a3d79b: version_keys = {}
[22:33:22.158] [DEBUG] _find_record: record 273451da532bad4b: version_keys = {}
[22:33:22.158] [DEBUG] _find_record: record 4a0cdf2aef529034: version_keys = {}
[22:33:22.158] [DEBUG] _find_record: record 65b3595dffb4c8d4: version_keys = {}
[22:33:22.158] [DEBUG] _find_record: record 310a0f3c42c88842: version_keys = {}
[22:33:22.158] [DEBUG] _find_record: record 55f635330a3452a7: version_keys = {}
[22:33:22.158] [DEBUG] _find_record: record 58d501d6b6017b45: version_keys = {}
[22:33:22.158] [DEBUG] _find_record: record 21d6ada5421313b2: version_keys = {}
[22:33:22.158] [DEBUG] _find_record: record 79253da45d85a53d: version_keys = {}
[22:33:22.158] [DEBUG] _find_record: record 672b2e3a5470667e: version_keys = {}
[22:33:22.158] [DEBUG] _find_record: record de898731d9152045: version_keys = {}
[22:33:22.158] [DEBUG] _find_record: record c11e9dddf5e7a74d: version_keys = {}
[22:33:22.158] [DEBUG] _find_record: record 1793a4d86a7c0c35: version_keys = {}
[22:33:22.158] [DEBUG] _find_record: record f9b8ce050473a1ed: version_keys = {}
[22:33:22.158] [DEBUG] _find_record: record e12db2ebd02e20bb: version_keys = {}
[22:33:22.158] [DEBUG] _find_record: record dc1bf45e67e65559: version_keys = {}
[22:33:22.159] [DEBUG] _find_record: record e71b130d710257b9: version_keys = {}
[22:33:22.159] [DEBUG] _find_record: record b6927a5e20e6d5bc: version_keys = {}
[22:33:22.159] [DEBUG] _find_record: record 979039ef4a260864: version_keys = {}
[22:33:22.159] [DEBUG] _find_record: record 9622cea60afc1423: version_keys = {}
[22:33:22.159] [DEBUG] _find_record: record 83e3e58fa9cc2e8e: version_keys = {}
[22:33:22.159] [DEBUG] _find_record: record 3e098bd2c9f96a9d: version_keys = {}
[22:33:22.159] [DEBUG] _find_record: record efb6fa4dc328d61d: version_keys = {}
[22:33:22.159] [DEBUG] _find_record: record bef54129e388ec25: version_keys = {}
[22:33:22.159] [DEBUG] _find_record: record 073f033c64ef8526: version_keys = {}
[22:33:22.159] [DEBUG] _find_record: record d4b45ede444a5ae7: version_keys = {}
[22:33:22.159] [DEBUG] _find_record: record 31b6c6c2dd80636e: version_keys = {}
[22:33:22.159] [DEBUG] _find_record: record 8b826f056ffda9b3: version_keys = {}
[22:33:22.159] [DEBUG] _find_record: record 1cb562f489ad64c6: version_keys = {}
[22:33:22.159] [DEBUG] _find_record: record 5e33b2e242982a58: version_keys = {}
[22:33:22.159] [DEBUG] _find_record: record 2be30acbed979457: version_keys = {}
[22:33:22.159] [DEBUG] _find_record: record d2736df5a7b9b967: version_keys = {}
[22:33:22.159] [DEBUG] _find_record: record 3d805c63d4cca019: version_keys = {}
[22:33:22.159] [DEBUG] _find_record: record 2a15761f444e7f8f: version_keys = {}
[22:33:22.159] [DEBUG] _find_record: record c82e52255f0a37e9: version_keys = {}
[22:33:22.159] [DEBUG] _find_record: record 6fdeba91ea48fd84: version_keys = {}
[22:33:22.159] [DEBUG] _find_record: record 8816eb4335f48681: version_keys = {}
[22:33:22.159] [DEBUG] _find_record: record 991cd2b74ecafd79: version_keys = {}
[22:33:22.159] [DEBUG] _find_record: record 0cf853df2b93d978: version_keys = {}
[22:33:22.159] [DEBUG] _find_record: record 814950c63e27af50: version_keys = {}
[22:33:22.159] [DEBUG] _find_record: record 6f6213ba6620aa84: version_keys = {}
[22:33:22.159] [DEBUG] _find_record: record 6ff37641bdf7bfa0: version_keys = {}
[22:33:22.159] [DEBUG] _find_record: record 8a7ccdbd35ba3679: version_keys = {}
[22:33:22.159] [DEBUG] _find_record: record 62711a8629f69aac: version_keys = {}
[22:33:22.159] [DEBUG] _find_record: record 9ae4fe7de023cdd2: version_keys = {}
[22:33:22.159] [DEBUG] _find_record: record c68ea287fb1d507e: version_keys = {}
[22:33:22.160] [DEBUG] _find_record: record 0d430c50a7c77ee8: version_keys = {}
[22:33:22.160] [DEBUG] _find_record: record 58e60ffeeaa1bcb7: version_keys = {}
[22:33:22.160] [DEBUG] _find_record: record 31f620fc69ba85f5: version_keys = {}
[22:33:22.160] [DEBUG] _find_record: record 6e2605b3b2937dc6: version_keys = {}
[22:33:22.160] [DEBUG] _find_record: record 6b2e719da49df90d: version_keys = {}
[22:33:22.160] [DEBUG] _find_record: record eb6ef50b7f611c70: version_keys = {}
[22:33:22.160] [DEBUG] _find_record: record e98fbfd116739eb8: version_keys = {}
[22:33:22.160] [DEBUG] _find_record: record 929f24a7535fb921: version_keys = {}
[22:33:22.160] [DEBUG] _find_record: record 92e9afc9c556b323: version_keys = {}
[22:33:22.160] [DEBUG] _find_record: record fe4c4bfb87c85df8: version_keys = {}
[22:33:22.160] [DEBUG] _find_record: record 5552e456707aadf4: version_keys = {}
[22:33:22.160] [DEBUG] _find_record: record 3552deabebe12ce8: version_keys = {}
[22:33:22.160] [DEBUG] _find_record: record c691ab1fa58d6f07: version_keys = {}
[22:33:22.160] [DEBUG] _find_record: record 1e1c452d749e3321: version_keys = {}
[22:33:22.160] [DEBUG] _find_record: record 4acae460d8d0cf75: version_keys = {}
[22:33:22.160] [DEBUG] _find_record: record 1aa0b63df6c509b1: version_keys = {}
[22:33:22.160] [DEBUG] _find_record: record 6d237ca539f4b985: version_keys = {}
[22:33:22.160] [DEBUG] _find_record: record c291a923db39f0ce: version_keys = {}
[22:33:22.160] [DEBUG] _find_record: record 6ed5b9b9495f16ee: version_keys = {}
[22:33:22.160] [DEBUG] _find_record: record ba1f64cc587f3b72: version_keys = {}
[22:33:22.160] [DEBUG] _find_record: record b7bcd880562bbda5: version_keys = {}
[22:33:22.160] [DEBUG] _find_record: record 02729f6900f400dd: version_keys = {}
[22:33:22.160] [DEBUG] _find_record: record 12f9e129a208a808: version_keys = {}
[22:33:22.160] [DEBUG] _find_record: record 70ca48ce055798e7: version_keys = {}
[22:33:22.160] [DEBUG] _find_record: record 0f71cca9bdf59f5d: version_keys = {}
[22:33:22.160] [DEBUG] _find_record: record a4f8779cc36c0264: version_keys = {}
[22:33:22.160] [DEBUG] _find_record: record 5cf17c0da48f6195: version_keys = {}
[22:33:22.160] [DEBUG] _find_record: record a0f3f3b63f440e32: version_keys = {}
[22:33:22.160] [DEBUG] _find_record: record e99a1e08920bcd7a: version_keys = {}
[22:33:22.160] [DEBUG] _find_record: record ed93e1d535044f34: version_keys = {}
[22:33:22.161] [DEBUG] _find_record: record 9bc5d62feae8b578: version_keys = {}
[22:33:22.161] [DEBUG] _find_record: record 67591bc3cd9d69eb: version_keys = {}
[22:33:22.161] [DEBUG] _find_record: record 16feda00f31e28a4: version_keys = {}
[22:33:22.161] [DEBUG] _find_record: record 65f952fa31fb104f: version_keys = {}
[22:33:22.161] [DEBUG] _find_record: record dcab0188750dd93f: version_keys = {}
[22:33:22.161] [DEBUG] _find_record: record 0498d09c76d014ae: version_keys = {}
[22:33:22.161] [DEBUG] _find_record: record 8872ca8aba9e2983: version_keys = {}
[22:33:22.161] [DEBUG] _find_record: record d497094ccceead95: version_keys = {}
[22:33:22.161] [DEBUG] _find_record: record 8fa0d63dc87a1f1e: version_keys = {}
[22:33:22.161] [DEBUG] _find_record: record 7685c099388b9572: version_keys = {}
[22:33:22.161] [DEBUG] _find_record: record cfa8ed33bbfd09d5: version_keys = {}
[22:33:22.161] [DEBUG] _find_record: record e655308a46895029: version_keys = {}
[22:33:22.161] [DEBUG] _find_record: record 6cf7ce9a9228a897: version_keys = {}
[22:33:22.161] [DEBUG] _find_record: record fce9fc59d69004ef: version_keys = {}
[22:33:22.161] [DEBUG] _find_record: record 13d829d106a6e023: version_keys = {}
[22:33:22.161] [DEBUG] _find_record: record 3d8a1fd69e6bb716: version_keys = {}
[22:33:22.161] [DEBUG] _find_record: record 20099bbd94ba2863: version_keys = {}
[22:33:22.161] [DEBUG] _find_record: record 4deb5cdbf652deda: version_keys = {}
[22:33:22.161] [DEBUG] _find_record: record 05903ddd229d5ca0: version_keys = {}
[22:33:22.161] [DEBUG] _find_record: record 9ace13e959c424b3: version_keys = {}
[22:33:22.161] [DEBUG] _find_record: record 094977562d9bcdd0: version_keys = {}
[22:33:22.161] [DEBUG] _find_record: record c7db2de8ff9f1a11: version_keys = {}
[22:33:22.161] [DEBUG] _find_record: record 459359fc4c4ff6ce: version_keys = {}
[22:33:22.161] [DEBUG] _find_record: record cb6bc17ccf39b8ca: version_keys = {}
[22:33:22.161] [DEBUG] _find_record: record 597c71a4734309ce: version_keys = {}
[22:33:22.161] [DEBUG] _find_record: record e02e3e691defb7aa: version_keys = {}
[22:33:22.161] [DEBUG] _find_record: record cddf65ac0e0313b9: version_keys = {}
[22:33:22.161] [DEBUG] _find_record: record 8983e7c387276a26: version_keys = {}
[22:33:22.161] [DEBUG] _find_record: record 4692726c8fb999b9: version_keys = {}
[22:33:22.161] [DEBUG] _find_record: record a2772e3e8752b1ce: version_keys = {}
[22:33:22.161] [DEBUG] _find_record: record 74981ab26628e396: version_keys = {}
[22:33:22.161] [DEBUG] _find_record: record 12ed8b566a847f06: version_keys = {}
[22:33:22.162] [DEBUG] _find_record: record 0a151edc422b212b: version_keys = {}
[22:33:22.162] [DEBUG] _find_record: record 7176672df7e023e6: version_keys = {}
[22:33:22.162] [DEBUG] _find_record: record 92221b1eeb9acbff: version_keys = {}
[22:33:22.162] [DEBUG] _find_record: record f0744a17b5de6975: version_keys = {}
[22:33:22.162] [DEBUG] _find_record: record 6fa76b9157c074b6: version_keys = {}
[22:33:22.162] [DEBUG] _find_record: record 550ebe3721e33f1c: version_keys = {}
[22:33:22.162] [DEBUG] _find_record: record f9f3172374ea1e46: version_keys = {}
[22:33:22.162] [DEBUG] _find_record: record e962b1ca62d13288: version_keys = {}
[22:33:22.162] [DEBUG] _find_record: record 5d352a2fe72f5a79: version_keys = {}
[22:33:22.162] [DEBUG] _find_record: record c32d3dfe5b22668d: version_keys = {}
[22:33:22.162] [DEBUG] _find_record: record 168b7c32ef5d59dd: version_keys = {}
[22:33:22.162] [DEBUG] _find_record: record 934e4af0fe0254f5: version_keys = {}
[22:33:22.162] [DEBUG] _find_record: record c635e88c3ab32588: version_keys = {}
[22:33:22.162] [DEBUG] _find_record: record 0fef58e3b89bb403: version_keys = {}
[22:33:22.162] [DEBUG] _find_record: record f3ee5834f2690fc1: version_keys = {}
[22:33:22.162] [DEBUG] _find_record: record f19be5c0466ac53a: version_keys = {}
[22:33:22.162] [DEBUG] _find_record: record cc6bb8a5447a8bfe: version_keys = {}
[22:33:22.162] [DEBUG] _find_record: record a539e87a712daf24: version_keys = {}
[22:33:22.162] [DEBUG] _find_record: record cd9dffc16ac47c8b: version_keys = {}
[22:33:22.162] [DEBUG] _find_record: record cceb97258afac42d: version_keys = {}
[22:33:22.162] [DEBUG] _find_record: record a0fc545004c69f9d: version_keys = {}
[22:33:22.162] [DEBUG] _find_record: record 4f7d4ecaaa0d63a2: version_keys = {}
[22:33:22.162] [DEBUG] _find_record: record f054e74daef3e835: version_keys = {}
[22:33:22.162] [DEBUG] _find_record: record 8f7c3d3b9673dd26: version_keys = {}
[22:33:22.162] [DEBUG] _find_record: record c1b9bced11e02a15: version_keys = {}
[22:33:22.162] [DEBUG] _find_record: record 0ef6c069cc6ca4b7: version_keys = {}
[22:33:22.162] [DEBUG] _find_record: record 59cb48d728b54a3e: version_keys = {}
[22:33:22.162] [DEBUG] _find_record: record 0a0873d36fa6d200: version_keys = {}
[22:33:22.162] [DEBUG] _find_record: record 9d5ada0a20acd558: version_keys = {}
[22:33:22.162] [DEBUG] _find_record: record 8f66a451a71cee57: version_keys = {}
[22:33:22.162] [DEBUG] _find_record: record beb7b4c06b64ee52: version_keys = {}
[22:33:22.162] [DEBUG] _find_record: record 92e9be1a58b61923: version_keys = {}
[22:33:22.163] [DEBUG] _find_record: record 156d01c5cea85935: version_keys = {}
[22:33:22.163] [DEBUG] _find_record: record b175b8a8c3b48ec6: version_keys = {}
[22:33:22.163] [DEBUG] _find_record: record 52946f3e50ad850b: version_keys = {}
[22:33:22.163] [DEBUG] _find_record: record 20d5c4102ab8ef16: version_keys = {}
[22:33:22.163] [DEBUG] _find_record: record e06463ee3e00748f: version_keys = {}
[22:33:22.163] [DEBUG] _find_record: record bc206db80d248dba: version_keys = {}
[22:33:22.163] [DEBUG] _find_record: record e7febd1c4b53a1ee: version_keys = {}
[22:33:22.163] [DEBUG] _find_record: record 60402524f860075e: version_keys = {}
[22:33:22.163] [DEBUG] _find_record: record d2fecfcf75da75fa: version_keys = {}
[22:33:22.163] [DEBUG] _find_record: record 9efa00bbaf154d08: version_keys = {}
[22:33:22.163] [DEBUG] _find_record: record 79b66f42216cb4eb: version_keys = {}
[22:33:22.163] [DEBUG] _find_record: record ac51512413679007: version_keys = {}
[22:33:22.163] [DEBUG] _find_record: record 204ac941a8310e6d: version_keys = {}
[22:33:22.163] [DEBUG] _find_record: record 3b3be17dd8666340: version_keys = {}
[22:33:22.163] [DEBUG] _find_record: record f19ae3151d06a7c6: version_keys = {}
[22:33:22.163] [DEBUG] _find_record: record cf679fa8cbd28f25: version_keys = {}
[22:33:22.163] [DEBUG] _find_record: record d7a0857d800e18eb: version_keys = {}
[22:33:22.163] [DEBUG] _find_record: record 7447e337ef55fd47: version_keys = {}
[22:33:22.163] [DEBUG] _find_record: record bab45be44c4712f5: version_keys = {}
[22:33:22.163] [DEBUG] _find_record: record ba8bfa38396ac1be: version_keys = {}
[22:33:22.163] [DEBUG] _find_record: record 0b3d65425541eddd: version_keys = {}
[22:33:22.163] [DEBUG] _find_record: record 1874cd29401d1578: version_keys = {}
[22:33:22.163] [DEBUG] _find_record: record b141bece81aac24f: version_keys = {}
[22:33:22.163] [DEBUG] _find_record: record 30e911db43da64b8: version_keys = {}
[22:33:22.163] [DEBUG] _find_record: record 9d0c4028d42f3aad: version_keys = {}
[22:33:22.163] [DEBUG] _find_record: record a68e7fba78b0747a: version_keys = {}
[22:33:22.163] [DEBUG] _find_record: record cbc7363899b218fd: version_keys = {}
[22:33:22.163] [DEBUG] _find_record: record 73afcf0d84ef3f85: version_keys = {}
[22:33:22.163] [DEBUG] _find_record: record d0dc169786ed32c1: version_keys = {}
[22:33:22.163] [DEBUG] _find_record: record 68593acc8f897f18: version_keys = {}
[22:33:22.163] [DEBUG] _find_record: record c0011557f23a78d0: version_keys = {}
[22:33:22.164] [DEBUG] _find_record: record 9cc13186eef967fc: version_keys = {}
[22:33:22.164] [DEBUG] _find_record: record 0854f542efe2364f: version_keys = {}
[22:33:22.164] [DEBUG] _find_record: record d48d8082218483d2: version_keys = {}
[22:33:22.164] [DEBUG] _find_record: record f72c4b9c581167c9: version_keys = {}
[22:33:22.164] [DEBUG] _find_record: record 3e59dff595c651bc: version_keys = {}
[22:33:22.164] [DEBUG] _find_record: record 21bbce91f30a9d03: version_keys = {}
[22:33:22.164] [DEBUG] _find_record: record 227b2592c24ec8da: version_keys = {}
[22:33:22.164] [DEBUG] _find_record: record a96be76715fdcd7e: version_keys = {}
[22:33:22.164] [DEBUG] _find_record: record bbed94c377a51fed: version_keys = {}
[22:33:22.164] [DEBUG] _find_record: record baac981a758d15a9: version_keys = {}
[22:33:22.164] [DEBUG] _find_record: record df6728b7e5a6cd34: version_keys = {}
[22:33:22.164] [DEBUG] _find_record: record 60ff5da7cd9d2ecf: version_keys = {}
[22:33:22.164] [DEBUG] _find_record: record 5ab11e5edc3e2523: version_keys = {}
[22:33:22.164] [DEBUG] _find_record: record a81bcd94a02a090d: version_keys = {}
[22:33:22.164] [DEBUG] _find_record: record 4e2706be401327cd: version_keys = {}
[22:33:22.164] [DEBUG] _find_record: record 2a43edc2113b4567: version_keys = {}
[22:33:22.164] [DEBUG] _find_record: record 02cc6961546f7905: version_keys = {}
[22:33:22.164] [DEBUG] _find_record: record 0d16fc1bd922dcf0: version_keys = {}
[22:33:22.164] [DEBUG] _find_record: record c52e0418001311b5: version_keys = {}
[22:33:22.164] [DEBUG] _find_record: record 4ee89e45fbfcd6e4: version_keys = {}
[22:33:22.164] [DEBUG] _find_record: record 125537dbb54572f6: version_keys = {}
[22:33:22.164] [DEBUG] _find_record: record 39f0d45881d7dc48: version_keys = {}
[22:33:22.164] [DEBUG] _find_record: record b2bc4b6872f91d2c: version_keys = {}
[22:33:22.164] [DEBUG] _find_record: record 5e5b29ee886795e5: version_keys = {}
[22:33:22.164] [DEBUG] _find_record: record 62e53e8d7c44cac3: version_keys = {}
[22:33:22.164] [DEBUG] _find_record: record a53dc8448c78b2e2: version_keys = {}
[22:33:22.164] [DEBUG] _find_record: record 5c818056d5470bd7: version_keys = {}
[22:33:22.164] [DEBUG] _find_record: record 85643eda0172ee99: version_keys = {}
[22:33:22.164] [DEBUG] _find_record: record b218f5e792e37fd8: version_keys = {}
[22:33:22.164] [DEBUG] _find_record: record 60b8d85f70863792: version_keys = {}
[22:33:22.164] [DEBUG] _find_record: record 592ac3dd966fdbbf: version_keys = {}
[22:33:22.165] [DEBUG] _find_record: record bd64ea883a63e9c3: version_keys = {}
[22:33:22.165] [DEBUG] _find_record: record 96ef89f795b12731: version_keys = {}
[22:33:22.165] [DEBUG] _find_record: record 39839f492d7bff1f: version_keys = {}
[22:33:22.165] [DEBUG] _find_record: record 5b16e7492cdbdcbf: version_keys = {}
[22:33:22.165] [DEBUG] _find_record: record 85dcf356d8b1abcd: version_keys = {}
[22:33:22.165] [DEBUG] _find_record: record 0a052c4f33ceff83: version_keys = {}
[22:33:22.165] [DEBUG] _find_record: record a193c4160b511c1d: version_keys = {}
[22:33:22.165] [DEBUG] _find_record: record 1364dc61b8f5d857: version_keys = {}
[22:33:22.165] [DEBUG] _find_record: record 19da98c6c8068a22: version_keys = {}
[22:33:22.165] [DEBUG] _find_record: record 255726b3626e07e1: version_keys = {}
[22:33:22.165] [DEBUG] _find_record: record f7d9ccebd13e58d9: version_keys = {}
[22:33:22.165] [DEBUG] _find_record: record 5dd11c245e3c1181: version_keys = {}
[22:33:22.165] [DEBUG] _find_record: record 3a3f2fe4b52f6bcb: version_keys = {}
[22:33:22.165] [DEBUG] _find_record: record d916d53f1782218e: version_keys = {}
[22:33:22.165] [DEBUG] _find_record: record 09df04612ba92423: version_keys = {}
[22:33:22.165] [DEBUG] _find_record: record 6e87a1e9f7e22fa5: version_keys = {}
[22:33:22.165] [DEBUG] _find_record: record 440265b6edc93b5a: version_keys = {}
[22:33:22.165] [DEBUG] _find_record: record c692866a842a448d: version_keys = {}
[22:33:22.165] [DEBUG] _find_record: record b8c7f04996a59ae0: version_keys = {}
[22:33:22.165] [DEBUG] _find_record: record aea25a3e449c5fe9: version_keys = {}
[22:33:22.165] [DEBUG] _find_record: record abf0690ecf711271: version_keys = {}
[22:33:22.165] [DEBUG] _find_record: record 01c3cfb27d5bef96: version_keys = {}
[22:33:22.165] [DEBUG] _find_record: record ec2fa88b1f12434f: version_keys = {}
[22:33:22.165] [DEBUG] _find_record: record 4a8dee16b036c2b4: version_keys = {}
[22:33:22.165] [DEBUG] _find_record: record 960f7045e933912d: version_keys = {}
[22:33:22.165] [DEBUG] _find_record: record 3ae2f0b8ff87c814: version_keys = {}
[22:33:22.165] [DEBUG] _find_record: record e0775ca311f90553: version_keys = {}
[22:33:22.165] [DEBUG] _find_record: record 05d35d8134dba8dd: version_keys = {}
[22:33:22.165] [DEBUG] _find_record: record 5f3d4601c3b767e6: version_keys = {}
[22:33:22.165] [DEBUG] _find_record: record e2690ce81cdb143b: version_keys = {}
[22:33:22.165] [DEBUG] _find_record: record 0fd92d5e7753b61c: version_keys = {}
[22:33:22.165] [DEBUG] _find_record: record d4216fc0a8f27ac6: version_keys = {}
[22:33:22.166] [DEBUG] _find_record: record 3d81d2be89afc665: version_keys = {}
[22:33:22.166] [DEBUG] _find_record: record 524f2a4753f0d3bb: version_keys = {}
[22:33:22.166] [DEBUG] _find_record: record 366b010c4080aff0: version_keys = {}
[22:33:22.166] [DEBUG] _find_record: record acead2e6d6c75da5: version_keys = {}
[22:33:22.166] [DEBUG] _find_record: record c3bf7bb8f1d4183c: version_keys = {}
[22:33:22.166] [DEBUG] _find_record: record cdb377436b28d47a: version_keys = {}
[22:33:22.166] [DEBUG] _find_record: record 1133f8e0df33572a: version_keys = {}
[22:33:22.166] [DEBUG] _find_record: record fe47036ccfc76874: version_keys = {}
[22:33:22.166] [DEBUG] _find_record: record 386368d754d806aa: version_keys = {}
[22:33:22.166] [DEBUG] _find_record: record 786160d854647480: version_keys = {}
[22:33:22.166] [DEBUG] _find_record: record 0730e5c33f37eac5: version_keys = {}
[22:33:22.166] [DEBUG] _find_record: record e80429eb807f5762: version_keys = {}
[22:33:22.166] [DEBUG] _find_record: record 123ab800341292f9: version_keys = {}
[22:33:22.166] [DEBUG] _find_record: record edcd38f02e75414e: version_keys = {}
[22:33:22.166] [DEBUG] _find_record: record 514bdc9dcdcc6bae: version_keys = {}
[22:33:22.166] [DEBUG] _find_record: record 1de5f664e5889fae: version_keys = {}
[22:33:22.166] [DEBUG] _find_record: record 9637930d1dcb5bd5: version_keys = {}
[22:33:22.166] [DEBUG] _find_record: record 272368c4e039b8c5: version_keys = {}
[22:33:22.166] [DEBUG] _find_record: record 33963f3ff4c9386f: version_keys = {}
[22:33:22.166] [DEBUG] _find_record: record 952fbf568ce384a1: version_keys = {}
[22:33:22.166] [DEBUG] _find_record: record 6a27796d8bbd6a61: version_keys = {}
[22:33:22.166] [DEBUG] _find_record: record 999e1c1e673c2b9b: version_keys = {}
[22:33:22.166] [DEBUG] _find_record: record 3eef279e313f0815: version_keys = {}
[22:33:22.166] [DEBUG] _find_record: record b99f11413fb61339: version_keys = {}
[22:33:22.166] [DEBUG] _find_record: record 494c78de52170ae1: version_keys = {}
[22:33:22.166] [DEBUG] _find_record: record 2a1febd9bb818ae8: version_keys = {}
[22:33:22.166] [DEBUG] _find_record: record 3ee252b2e631953c: version_keys = {}
[22:33:22.166] [DEBUG] _find_record: record a238e1b12d8c5482: version_keys = {}
[22:33:22.166] [DEBUG] _find_record: record 52c8b2c140ad61cc: version_keys = {}
[22:33:22.166] [DEBUG] _find_record: record 8ea24d8f73455dad: version_keys = {}
[22:33:22.166] [DEBUG] _find_record: record 5b1545663ab79695: version_keys = {}
[22:33:22.167] [DEBUG] _find_record: record d37f946a773621a0: version_keys = {}
[22:33:22.167] [DEBUG] _find_record: record 296fd0c560d80ce4: version_keys = {}
[22:33:22.167] [DEBUG] _find_record: record d0f94a001fada526: version_keys = {}
[22:33:22.167] [DEBUG] _find_record: record 60f5681f7c19817e: version_keys = {}
[22:33:22.167] [DEBUG] _find_record: record fb596c10e11614e9: version_keys = {}
[22:33:22.167] [DEBUG] _find_record: record 00a539c63367fae1: version_keys = {}
[22:33:22.167] [DEBUG] _find_record: record e78bd542f6615b55: version_keys = {}
[22:33:22.167] [DEBUG] _find_record: record 2456a8d00f7c5565: version_keys = {}
[22:33:22.167] [DEBUG] _find_record: record d50af5a926255d9c: version_keys = {}
[22:33:22.167] [DEBUG] _find_record: record d3d6f021199301bd: version_keys = {}
[22:33:22.167] [DEBUG] _find_record: record 24106a25834bea05: version_keys = {}
[22:33:22.167] [DEBUG] _find_record: record c2d80673c80013d1: version_keys = {}
[22:33:22.167] [DEBUG] _find_record: record 6c24800ff1556e72: version_keys = {}
[22:33:22.167] [DEBUG] _find_record: record e6aa72c65cdec65f: version_keys = {}
[22:33:22.167] [DEBUG] _find_record: record 3f296d514f396032: version_keys = {}
[22:33:22.167] [DEBUG] _find_record: record d32521cc5cb03d3c: version_keys = {}
[22:33:22.167] [DEBUG] _find_record: record 0dadc1cdd157a05c: version_keys = {}
[22:33:22.167] [DEBUG] _find_record: record 356a4a820664891a: version_keys = {}
[22:33:22.167] [DEBUG] _find_record: record 8b1839db8fd2d96c: version_keys = {}
[22:33:22.167] [DEBUG] _find_record: record 717738ffa6587895: version_keys = {}
[22:33:22.167] [DEBUG] _find_record: record 53d9d867e271d574: version_keys = {}
[22:33:22.167] [DEBUG] _find_record: record 34d025c82a0bc6a8: version_keys = {}
[22:33:22.167] [DEBUG] _find_record: record bc3cf9b715db9554: version_keys = {}
[22:33:22.167] [DEBUG] _find_record: record 5b0ac6687972110d: version_keys = {}
[22:33:22.167] [DEBUG] _find_record: record 87af370f6534ed82: version_keys = {}
[22:33:22.167] [DEBUG] _find_record: record c9ff8df7858725a9: version_keys = {}
[22:33:22.167] [DEBUG] _find_record: record 34aac8c48772fa99: version_keys = {}
[22:33:22.167] [DEBUG] _find_record: record 0ffc86e8235bf39e: version_keys = {}
[22:33:22.168] [DEBUG] _find_record: record cc67896d4c3c97fa: version_keys = {}
[22:33:22.168] [DEBUG] _find_record: record 02611ad0e11181dd: version_keys = {}
[22:33:22.168] [DEBUG] _find_record: record 12f68959679ac8ab: version_keys = {}
[22:33:22.168] [DEBUG] _find_record: record fd0f2c8d239b17d8: version_keys = {}
[22:33:22.168] [DEBUG] _find_record: record 7ef99c862232ef05: version_keys = {}
[22:33:22.168] [DEBUG] _find_record: record 781df6fbb40a641d: version_keys = {}
[22:33:22.168] [DEBUG] _find_record: record ca03c03529fc644b: version_keys = {}
[22:33:22.168] [DEBUG] _find_record: record 455f42f2b3703fb6: version_keys = {}
[22:33:22.168] [DEBUG] _find_record: record 72a54e6d443440ba: version_keys = {}
[22:33:22.168] [DEBUG] _find_record: record cc395d0ff0a7f83e: version_keys = {}
[22:33:22.168] [DEBUG] _find_record: record 1685890841058b91: version_keys = {}
[22:33:22.168] [DEBUG] _find_record: record 04fe535af6374528: version_keys = {}
[22:33:22.168] [DEBUG] _find_record: record a81caaa5cf736bda: version_keys = {}
[22:33:22.168] [DEBUG] _find_record: record 14d499903dea53de: version_keys = {}
[22:33:22.168] [DEBUG] _find_record: record a79187502f7709e8: version_keys = {}
[22:33:22.168] [DEBUG] _find_record: record 9480e22467b0c6a4: version_keys = {}
[22:33:22.168] [DEBUG] _find_record: record 718662baafb132b9: version_keys = {}
[22:33:22.168] [DEBUG] _find_record: record 58994171fbdecfeb: version_keys = {}
[22:33:22.168] [DEBUG] _find_record: record 6e487d7baa20dba6: version_keys = {}
[22:33:22.168] [DEBUG] _find_record: record 250fb6b0cf3b10b5: version_keys = {}
[22:33:22.168] [DEBUG] _find_record: record ce2981f2f62f9695: version_keys = {}
[22:33:22.168] [DEBUG] _find_record: record 969deb40e843b64c: version_keys = {}
[22:33:22.168] [DEBUG] _find_record: record ade5cb71f2157a4d: version_keys = {}
[22:33:22.168] [DEBUG] _find_record: record 7f1800123cafd3d1: version_keys = {}
[22:33:22.168] [DEBUG] _find_record: record 336a582a1aeb4e98: version_keys = {}
[22:33:22.168] [DEBUG] _find_record: record 353e1df17b3efbda: version_keys = {}
[22:33:22.168] [DEBUG] _find_record: record f8de1de03cdc1109: version_keys = {}
[22:33:22.168] [DEBUG] _find_record: record f03a491e4e371c30: version_keys = {}
[22:33:22.168] [DEBUG] _find_record: record eae11618bd608253: version_keys = {}
[22:33:22.168] [DEBUG] _find_record: record 285279c8776b9b43: version_keys = {}
[22:33:22.168] [DEBUG] _find_record: record 346260b9aa976cab: version_keys = {}
[22:33:22.169] [DEBUG] _find_record: record 7c00386799b8e3c9: version_keys = {}
[22:33:22.169] [DEBUG] _find_record: record 8a34835b08a36878: version_keys = {}
[22:33:22.169] [DEBUG] _find_record: record 4e0a35c628eb81af: version_keys = {}
[22:33:22.169] [DEBUG] _find_record: record 38c1fa82d15fe8db: version_keys = {}
[22:33:22.169] [DEBUG] _find_record: record 7cbf84b07dbf6f47: version_keys = {}
[22:33:22.169] [DEBUG] _find_record: record e4b7cae855a52a63: version_keys = {}
[22:33:22.169] [DEBUG] _find_record: record 45752241da9f5503: version_keys = {}
[22:33:22.169] [DEBUG] _find_record: record fbe8e34c4e864ed4: version_keys = {}
[22:33:22.169] [DEBUG] _find_record: record b1662eb42c405ef1: version_keys = {}
[22:33:22.169] [DEBUG] _find_record: record 6af1280b080f3e11: version_keys = {}
[22:33:22.169] [DEBUG] _find_record: record f8710acefcc69623: version_keys = {}
[22:33:22.169] [DEBUG] _find_record: record f2823ad4d182fd8f: version_keys = {}
[22:33:22.169] [DEBUG] _find_record: record a67ead9928f23b65: version_keys = {}
[22:33:22.169] [DEBUG] _find_record: record 2992e6a7996ec1aa: version_keys = {}
[22:33:22.169] [DEBUG] _find_record: record 2c99f9fd867c743c: version_keys = {}
[22:33:22.169] [DEBUG] _find_record: record 18e7765a4bb57839: version_keys = {}
[22:33:22.169] [DEBUG] _find_record: record febc6fcf21809787: version_keys = {}
[22:33:22.169] [DEBUG] _find_record: record 9734a12e5261649b: version_keys = {}
[22:33:22.169] [DEBUG] _find_record: record a90adda3ee609775: version_keys = {}
[22:33:22.169] [DEBUG] _find_record: record 48cbf81662320d09: version_keys = {}
[22:33:22.169] [DEBUG] _find_record: record 9922f64b3b1ca23f: version_keys = {}
[22:33:22.169] [DEBUG] _find_record: record f2fba265cd7f106e: version_keys = {}
[22:33:22.169] [DEBUG] _find_record: record f2141b660a2d1d18: version_keys = {}
[22:33:22.169] [DEBUG] _find_record: record e0a39242b6989498: version_keys = {}
[22:33:22.169] [DEBUG] _find_record: record 7431e40b7a5d5f74: version_keys = {}
[22:33:22.169] [DEBUG] _find_record: record 9d16aaef24ad1b7a: version_keys = {}
[22:33:22.169] [DEBUG] _find_record: record cdb4720efcdcd073: version_keys = {}
[22:33:22.169] [DEBUG] _find_record: record 2a0fed52d3b27169: version_keys = {}
[22:33:22.169] [DEBUG] _find_record: record e7bb760b6d217082: version_keys = {}
[22:33:22.169] [DEBUG] _find_record: record c57996c9ed4f3e84: version_keys = {}
[22:33:22.170] [DEBUG] _find_record: record 768ca43444b5ae6c: version_keys = {}
[22:33:22.170] [DEBUG] _find_record: record 522a08f5239cd13a: version_keys = {}
[22:33:22.170] [DEBUG] _find_record: record ee62ee5f298a72cf: version_keys = {}
[22:33:22.170] [DEBUG] _find_record: record 3f0a5dfcf0cec097: version_keys = {}
[22:33:22.170] [DEBUG] _find_record: record 78c990695dcfb697: version_keys = {}
[22:33:22.170] [DEBUG] _find_record: record 67faff77b140e972: version_keys = {}
[22:33:22.170] [DEBUG] _find_record: record 6b61aecd9acbaeb6: version_keys = {}
[22:33:22.170] [DEBUG] _find_record: record edafb96e93813791: version_keys = {}
[22:33:22.170] [DEBUG] _find_record: record d6a74167233722f4: version_keys = {}
[22:33:22.170] [DEBUG] _find_record: record d955286bbafbb829: version_keys = {}
[22:33:22.170] [DEBUG] _find_record: record a83991411027e32c: version_keys = {}
[22:33:22.170] [DEBUG] _find_record: record 9ad1f510e2fb3c16: version_keys = {}
[22:33:22.170] [DEBUG] _find_record: record 14ce7433e1fe0083: version_keys = {}
[22:33:22.170] [DEBUG] _find_record: record 12af5e3423a28131: version_keys = {}
[22:33:22.170] [DEBUG] _find_record: record 9cd1a4c556177957: version_keys = {}
[22:33:22.170] [DEBUG] _find_record: record c6e6e281efdab256: version_keys = {}
[22:33:22.170] [DEBUG] _find_record: record 458990a3a14d24d8: version_keys = {}
[22:33:22.170] [DEBUG] _find_record: record 5c442a8473ad7539: version_keys = {}
[22:33:22.170] [DEBUG] _find_record: record d5b3c490c88791cc: version_keys = {}
[22:33:22.170] [DEBUG] _find_record: record 939f9417fa8cde83: version_keys = {}
[22:33:22.170] [DEBUG] _find_record: record 237939bf2e3f1c84: version_keys = {}
[22:33:22.170] [DEBUG] _find_record: record 2d46f20b40ab97a7: version_keys = {}
[22:33:22.170] [DEBUG] _find_record: record aad27818c7b6abfe: version_keys = {}
[22:33:22.170] [DEBUG] _find_record: record 1b67cb7016de941f: version_keys = {}
[22:33:22.170] [DEBUG] _find_record: record b52005792db692cb: version_keys = {}
[22:33:22.170] [DEBUG] _find_record: record 178b45564f521184: version_keys = {}
[22:33:22.170] [DEBUG] _find_record: record cf81f41de27168c1: version_keys = {}
[22:33:22.170] [DEBUG] _find_record: record 45691fb4e5377c65: version_keys = {}
[22:33:22.170] [DEBUG] _find_record: record 47dd497b95982bec: version_keys = {}
[22:33:22.170] [DEBUG] _find_record: record 0e7e774834da04e0: version_keys = {}
[22:33:22.170] [DEBUG] _find_record: record e2818fecb2d9ccfb: version_keys = {}
[22:33:22.171] [DEBUG] _find_record: record d0b14b3f1c4030d1: version_keys = {}
[22:33:22.171] [DEBUG] _find_record: record a295cad778a437fd: version_keys = {}
[22:33:22.171] [DEBUG] _find_record: record 7c577cef21ce5af1: version_keys = {}
[22:33:22.171] [DEBUG] _find_record: record 774c18be235af542: version_keys = {}
[22:33:22.171] [DEBUG] _find_record: record 65421a622c4947f9: version_keys = {}
[22:33:22.171] [DEBUG] _find_record: record 2fe822e20103e733: version_keys = {}
[22:33:22.171] [DEBUG] _find_record: record 1be184bfeb696911: version_keys = {}
[22:33:22.171] [DEBUG] _find_record: record 6bd785cf595d192e: version_keys = {}
[22:33:22.171] [DEBUG] _find_record: record cd5008aca427a260: version_keys = {}
[22:33:22.171] [DEBUG] _find_record: record 41ace95577e8c388: version_keys = {}
[22:33:22.171] [DEBUG] _find_record: record b09c476158782900: version_keys = {}
[22:33:22.171] [DEBUG] _find_record: record d92ec3718118ecc7: version_keys = {}
[22:33:22.171] [DEBUG] _find_record: record 2741266d9cc3e45e: version_keys = {}
[22:33:22.171] [DEBUG] _find_record: record 7a4cac732c73542e: version_keys = {}
[22:33:22.171] [DEBUG] _find_record: record 390a27acd7b2c85e: version_keys = {}
[22:33:22.171] [DEBUG] _find_record: record ea16b8d788f89510: version_keys = {}
[22:33:22.171] [DEBUG] _find_record: record 35e9320b02ab33e6: version_keys = {}
[22:33:22.171] [DEBUG] _find_record: record 1e488c58cb5f4151: version_keys = {}
[22:33:22.171] [DEBUG] _find_record: record f997c451c4d9d6da: version_keys = {}
[22:33:22.171] [DEBUG] _find_record: record ea4c0fa90abfa93c: version_keys = {}
[22:33:22.171] [DEBUG] _find_record: record 5229300dfb54fb4b: version_keys = {}
[22:33:22.171] [DEBUG] _find_record: record e115d9206169d2e0: version_keys = {}
[22:33:22.171] [DEBUG] _find_record: record 0c35933031b7e8e1: version_keys = {}
[22:33:22.171] [DEBUG] _find_record: record 443eb7d54ced7e7d: version_keys = {}
[22:33:22.171] [DEBUG] _find_record: record 5db1866f5158277b: version_keys = {}
[22:33:22.171] [DEBUG] _find_record: record 7c476ea48f57cde5: version_keys = {}
[22:33:22.171] [DEBUG] _find_record: record 0c26c7c1bf841f38: version_keys = {}
[22:33:22.171] [DEBUG] _find_record: record 431b39465093b58f: version_keys = {}
[22:33:22.171] [DEBUG] _find_record: record e41838e4b519d798: version_keys = {}
[22:33:22.171] [DEBUG] _find_record: record 9f47a57ad1f55b0c: version_keys = {}
[22:33:22.172] [DEBUG] _find_record: record 5bcdfe6da34fe942: version_keys = {}
[22:33:22.172] [DEBUG] _find_record: record dd0118470d8291ca: version_keys = {}
[22:33:22.172] [DEBUG] _find_record: record e701492b1d04a653: version_keys = {}
[22:33:22.172] [DEBUG] _find_record: record ae19e4d4c3e83039: version_keys = {}
[22:33:22.172] [DEBUG] _find_record: record 61acf6aa5f7498d6: version_keys = {}
[22:33:22.172] [DEBUG] _find_record: record 057a0bc42f35ba96: version_keys = {}
[22:33:22.172] [DEBUG] _find_record: record 66ecc0c1efb6e307: version_keys = {}
[22:33:22.172] [DEBUG] _find_record: record e267213827829d99: version_keys = {}
[22:33:22.172] [DEBUG] _find_record: record 3f7ff96a922c7150: version_keys = {}
[22:33:22.172] [DEBUG] _find_record: record 16eedbe6dbd4e4b3: version_keys = {}
[22:33:22.172] [DEBUG] _find_record: record d17f3e231145f23f: version_keys = {}
[22:33:22.172] [DEBUG] _find_record: record f1014c2da9dc5695: version_keys = {}
[22:33:22.172] [DEBUG] _find_record: record c008be646634b976: version_keys = {}
[22:33:22.172] [DEBUG] _find_record: record b24a52f6262d0b79: version_keys = {}
[22:33:22.172] [DEBUG] _find_record: record 66208ec03610f34f: version_keys = {}
[22:33:22.172] [DEBUG] _find_record: record dd3d07603a61fa54: version_keys = {}
[22:33:22.172] [DEBUG] _find_record: record a99d964105c45c94: version_keys = {}
[22:33:22.172] [DEBUG] _find_record: record e4352a3a4673620f: version_keys = {}
[22:33:22.172] [DEBUG] _find_record: record 73713b9a9b70378c: version_keys = {}
[22:33:22.172] [DEBUG] _find_record: record 8d9d4cb5be6e190d: version_keys = {}
[22:33:22.172] [DEBUG] _find_record: record 1ecca19c412b7abe: version_keys = {}
[22:33:22.172] [DEBUG] _find_record: record ef7fa18a5ce973df: version_keys = {}
[22:33:22.172] [DEBUG] _find_record: record 00b7a0bc242e1c4c: version_keys = {}
[22:33:22.172] [DEBUG] _find_record: record 01dc2e89790497aa: version_keys = {}
[22:33:22.172] [DEBUG] _find_record: record 0fbdd2c78a062ba7: version_keys = {}
[22:33:22.172] [DEBUG] _find_record: record 88a52144526661d7: version_keys = {}
[22:33:22.172] [DEBUG] _find_record: record a535643f7648ce18: version_keys = {}
[22:33:22.172] [DEBUG] _find_record: record b7733b1aca61a383: version_keys = {}
[22:33:22.172] [DEBUG] _find_record: record 048cfb65ec1f733a: version_keys = {}
[22:33:22.172] [DEBUG] _find_record: record fa21a72e37196e34: version_keys = {}
[22:33:22.172] [DEBUG] _find_record: record 16b0936513ead29c: version_keys = {}
[22:33:22.173] [DEBUG] _find_record: record 11cb6af972c585c6: version_keys = {}
[22:33:22.173] [DEBUG] _find_record: record 94d334920741b99e: version_keys = {}
[22:33:22.173] [DEBUG] _find_record: record 2d88ebb8ab04c9fa: version_keys = {}
[22:33:22.173] [DEBUG] _find_record: record 0eb127919dd0fcae: version_keys = {}
[22:33:22.173] [DEBUG] _find_record: record 6e691ea273138d2c: version_keys = {}
[22:33:22.173] [DEBUG] _find_record: record 29dcedeb0a54cab6: version_keys = {}
[22:33:22.173] [DEBUG] _find_record: record 172aeb156695684a: version_keys = {}
[22:33:22.173] [DEBUG] _find_record: record d73599dc4c181c49: version_keys = {}
[22:33:22.173] [DEBUG] _find_record: record 03b775423376b0a4: version_keys = {}
[22:33:22.173] [DEBUG] _find_record: record a1f958ee96966ec0: version_keys = {}
[22:33:22.173] [DEBUG] _find_record: record 6d90656a8c306a5d: version_keys = {}
[22:33:22.173] [DEBUG] _find_record: record 10894046e5135582: version_keys = {}
[22:33:22.173] [DEBUG] _find_record: record 57ce335bdd085494: version_keys = {}
[22:33:22.173] [DEBUG] _find_record: record 7d23d26da79d8426: version_keys = {}
[22:33:22.173] [DEBUG] _find_record: record 223b8191b8c7e538: version_keys = {}
[22:33:22.173] [DEBUG] _find_record: record f8d4e9fdcac26027: version_keys = {}
[22:33:22.173] [DEBUG] _find_record: record 6276e95b187fb625: version_keys = {}
[22:33:22.173] [DEBUG] _find_record: record 3df7c6a890131fb2: version_keys = {}
[22:33:22.173] [DEBUG] _find_record: record e3db6c65b3a7d784: version_keys = {}
[22:33:22.173] [DEBUG] _find_record: record 3997e8af42ea7f6b: version_keys = {}
[22:33:22.173] [DEBUG] _find_record: record ecbf129b2f69baaf: version_keys = {}
[22:33:22.173] [DEBUG] _find_record: record 9d8118aac7390c64: version_keys = {}
[22:33:22.173] [DEBUG] _find_record: record 804d3ffbd8cc2b58: version_keys = {}
[22:33:22.173] [DEBUG] _find_record: record 20c17751fddfcf37: version_keys = {}
[22:33:22.173] [DEBUG] _find_record: record 20ce2ec90e7faac3: version_keys = {}
[22:33:22.173] [DEBUG] _find_record: record daca7531a7e58374: version_keys = {}
[22:33:22.173] [DEBUG] _find_record: record 952da36e11dc0f4d: version_keys = {}
[22:33:22.173] [DEBUG] _find_record: record 86900d6c0c2cada8: version_keys = {}
[22:33:22.173] [DEBUG] _find_record: record 72e5df29887b4d23: version_keys = {}
[22:33:22.174] [DEBUG] _find_record: record 585bf2f4be0f66e3: version_keys = {}
[22:33:22.174] [DEBUG] _find_record: record 684afd2b8d0c9a3d: version_keys = {}
[22:33:22.174] [DEBUG] _find_record: record e976769a39fcc6b3: version_keys = {}
[22:33:22.174] [DEBUG] _find_record: record c7953c146f9cf2fd: version_keys = {}
[22:33:22.174] [DEBUG] _find_record: record 7db3db3f8caafbb5: version_keys = {}
[22:33:22.174] [DEBUG] _find_record: record 30425a77d4a8395f: version_keys = {}
[22:33:22.174] [DEBUG] _find_record: record e0c7df0135082caf: version_keys = {}
[22:33:22.174] [DEBUG] _find_record: record 45a5d5583c8bdd93: version_keys = {}
[22:33:22.174] [DEBUG] _find_record: record bd9acf49a3a619cd: version_keys = {}
[22:33:22.174] [DEBUG] _find_record: record 688cc4d24955f64a: version_keys = {}
[22:33:22.174] [DEBUG] _find_record: record 089c5fe760ed3bb9: version_keys = {}
[22:33:22.174] [DEBUG] _find_record: record 3e45959bad7c4529: version_keys = {}
[22:33:22.174] [DEBUG] _find_record: record dc041d227c37df08: version_keys = {}
[22:33:22.174] [DEBUG] _find_record: record aa4acae49de13eac: version_keys = {}
[22:33:22.174] [DEBUG] _find_record: record 8774231a6c31ee48: version_keys = {}
[22:33:22.174] [DEBUG] _find_record: record 10ce44f967463620: version_keys = {}
[22:33:22.174] [DEBUG] _find_record: record 22c2cd129065bb59: version_keys = {}
[22:33:22.174] [DEBUG] _find_record: record eac027bdb2693ce9: version_keys = {}
[22:33:22.174] [DEBUG] _find_record: record e7bba4a976fb6abf: version_keys = {}
[22:33:22.174] [DEBUG] _find_record: record ccf5ec2ee93e53d8: version_keys = {}
[22:33:22.174] [DEBUG] _find_record: record ff45b488fd06938f: version_keys = {}
[22:33:22.174] [DEBUG] _find_record: record 11175e8436644b8f: version_keys = {}
[22:33:22.174] [DEBUG] _find_record: record d37154fef9be6699: version_keys = {}
[22:33:22.174] [DEBUG] _find_record: record b9836b17dff6fbb4: version_keys = {}
[22:33:22.174] [DEBUG] _find_record: record e7e3247fb5349b11: version_keys = {}
[22:33:22.174] [DEBUG] _find_record: record d2e45bb8a1496132: version_keys = {}
[22:33:22.174] [DEBUG] _find_record: record 565dbb5ee665375b: version_keys = {}
[22:33:22.174] [DEBUG] _find_record: record 4a5ddf29c0522301: version_keys = {}
[22:33:22.174] [DEBUG] _find_record: record 1c742a150ef1330d: version_keys = {}
[22:33:22.174] [DEBUG] _find_record: record d99fe5621b1a6f66: version_keys = {}
[22:33:22.175] [DEBUG] _find_record: record 8ef7a4f709645c19: version_keys = {}
[22:33:22.175] [DEBUG] _find_record: record 644fb6082b192886: version_keys = {}
[22:33:22.175] [DEBUG] _find_record: record 6f4dc3abd9323574: version_keys = {}
[22:33:22.175] [DEBUG] _find_record: record cd5cc0d9ea8dcc65: version_keys = {}
[22:33:22.175] [DEBUG] _find_record: record 2a59610842098c65: version_keys = {}
[22:33:22.175] [DEBUG] _find_record: record 248f47acdfd4b7f4: version_keys = {}
[22:33:22.175] [DEBUG] _find_record: record 8b30a55630485c71: version_keys = {}
[22:33:22.175] [DEBUG] _find_record: record fa24f072c81c8b4c: version_keys = {}
[22:33:22.175] [DEBUG] _find_record: record 20dc0d9271b0c562: version_keys = {}
[22:33:22.175] [DEBUG] _find_record: record 0649a17673d4798c: version_keys = {}
[22:33:22.175] [DEBUG] _find_record: record 3c109b485b64559c: version_keys = {}
[22:33:22.175] [DEBUG] _find_record: record 835466a88ec18c4d: version_keys = {}
[22:33:22.175] [DEBUG] _find_record: record 0d23374515bbc83b: version_keys = {}
[22:33:22.175] [DEBUG] _find_record: record 90ef58560bdd3bb1: version_keys = {}
[22:33:22.175] [DEBUG] _find_record: record 7a22be69d82263d2: version_keys = {}
[22:33:22.175] [DEBUG] _find_record: record 05fc868d7077f540: version_keys = {}
[22:33:22.175] [DEBUG] _find_record: record 2be2b2b5ba908084: version_keys = {}
[22:33:22.175] [DEBUG] _find_record: record 7693eb1d55bb3d52: version_keys = {}
[22:33:22.175] [DEBUG] _find_record: record b2ce3d8945fa872b: version_keys = {}
[22:33:22.175] [DEBUG] _find_record: record 9bee008d5be6d54b: version_keys = {}
[22:33:22.175] [DEBUG] _find_record: record f9bac1a6e35f51ca: version_keys = {}
[22:33:22.175] [DEBUG] _find_record: record 93ae83accd25e486: version_keys = {}
[22:33:22.175] [DEBUG] _find_record: record 16fa38cee68b0d91: version_keys = {}
[22:33:22.175] [DEBUG] _find_record: record 1f8f88883b8c99df: version_keys = {}
[22:33:22.175] [DEBUG] _find_record: record 2179f93cd6bd1981: version_keys = {}
[22:33:22.175] [DEBUG] _find_record: record 109c2506e0f3e22d: version_keys = {}
[22:33:22.175] [DEBUG] _find_record: record 0f3a6a67529e2dda: version_keys = {}
[22:33:22.175] [DEBUG] _find_record: record d7dd344f589126e2: version_keys = {}
[22:33:22.175] [DEBUG] _find_record: record bc1372d537894c35: version_keys = {}
[22:33:22.175] [DEBUG] _find_record: record 8470a35b91865fab: version_keys = {}
[22:33:22.176] [DEBUG] _find_record: record 1b9d24feb8f183d7: version_keys = {}
[22:33:22.176] [DEBUG] _find_record: record 00d9e2600402d796: version_keys = {}
[22:33:22.176] [DEBUG] _find_record: record 3684a47836debdfb: version_keys = {}
[22:33:22.176] [DEBUG] _find_record: record 522502ba8cc024dc: version_keys = {}
[22:33:22.176] [DEBUG] _find_record: record 295e7b40eb54a594: version_keys = {}
[22:33:22.176] [DEBUG] _find_record: record f2e9b3e358050ff9: version_keys = {}
[22:33:22.176] [DEBUG] _find_record: record d18082caff850935: version_keys = {}
[22:33:22.176] [DEBUG] _find_record: record 933444944b0913a5: version_keys = {}
[22:33:22.176] [DEBUG] _find_record: record e4f1c1769fe3b416: version_keys = {}
[22:33:22.176] [DEBUG] _find_record: record 8fc8c519ff00ef3f: version_keys = {}
[22:33:22.176] [DEBUG] _find_record: record 5e374857f62b8881: version_keys = {}
[22:33:22.176] [DEBUG] _find_record: record fb7d3a5b1af06cd5: version_keys = {}
[22:33:22.176] [DEBUG] _find_record: record 5d1d41836bbfa118: version_keys = {}
[22:33:22.176] [DEBUG] _find_record: record 2b5f32f576912136: version_keys = {}
[22:33:22.176] [DEBUG] _find_record: record 530da455d6df011b: version_keys = {}
[22:33:22.176] [DEBUG] _find_record: record 42507559556d3bf1: version_keys = {}
[22:33:22.176] [DEBUG] _find_record: record f18519c1d0726f1d: version_keys = {}
[22:33:22.176] [DEBUG] _find_record: record ac768810c5e24248: version_keys = {}
[22:33:22.176] [DEBUG] _find_record: record 0ceceb0b9cecdfbb: version_keys = {}
[22:33:22.176] [DEBUG] _find_record: record 52961f9228931b8d: version_keys = {}
[22:33:22.176] [DEBUG] _find_record: record 197db4f90c67225f: version_keys = {}
[22:33:22.176] [DEBUG] _find_record: record 674175acc175fa81: version_keys = {}
[22:33:22.176] [DEBUG] _find_record: record 748e5c339f472b56: version_keys = {}
[22:33:22.176] [DEBUG] _find_record: record 39ac4275e5131408: version_keys = {}
[22:33:22.176] [DEBUG] _find_record: record 74d300e96f6fbab1: version_keys = {}
[22:33:22.176] [DEBUG] _find_record: record 490043a9219ad43a: version_keys = {}
[22:33:22.176] [DEBUG] _find_record: record b34e81ba286c00a2: version_keys = {}
[22:33:22.176] [DEBUG] _find_record: record 916d622671ad69f7: version_keys = {}
[22:33:22.176] [DEBUG] _find_record: record bb91109f43f37635: version_keys = {}
[22:33:22.176] [DEBUG] _find_record: record 2ab53d081ee1b86b: version_keys = {}
[22:33:22.176] [DEBUG] _find_record: record 5e35d464dd924df4: version_keys = {}
[22:33:22.177] [DEBUG] _find_record: record cf77532600429019: version_keys = {}
[22:33:22.177] [DEBUG] _find_record: record e4bb421dda29a6cc: version_keys = {}
[22:33:22.177] [DEBUG] _find_record: record 5ad6f1c3a51bd0c9: version_keys = {}
[22:33:22.177] [DEBUG] _find_record: record 75ef874af74fd5cd: version_keys = {}
[22:33:22.177] [DEBUG] _find_record: record ac2ede1420e4fd70: version_keys = {}
[22:33:22.177] [DEBUG] _find_record: record 9f5a46a1609eee6f: version_keys = {}
[22:33:22.177] [DEBUG] _find_record: record 60073a7fccdf86d9: version_keys = {}
[22:33:22.177] [DEBUG] _find_record: record 5a2c66d419ebedd2: version_keys = {}
[22:33:22.177] [DEBUG] _find_record: record 24301f6ea7212f5d: version_keys = {}
[22:33:22.177] [DEBUG] _find_record: record ea26562bc1411f74: version_keys = {}
[22:33:22.177] [DEBUG] _find_record: record cdb3b245fd6d377a: version_keys = {}
[22:33:22.177] [DEBUG] _find_record: record 55afb70bf0af926b: version_keys = {}
[22:33:22.177] [DEBUG] _find_record: record 4d1e9d3a11f5d6a8: version_keys = {}
[22:33:22.177] [DEBUG] _find_record: record c73ba515947babbd: version_keys = {}
[22:33:22.177] [DEBUG] _find_record: record 18dda3904533d86b: version_keys = {}
[22:33:22.177] [DEBUG] _find_record: record 31e8d8c84b32fcbb: version_keys = {}
[22:33:22.177] [DEBUG] _find_record: record e49b9b1b32842ebf: version_keys = {}
[22:33:22.177] [DEBUG] _find_record: record 81a8c10c07da4f17: version_keys = {}
[22:33:22.177] [DEBUG] _find_record: record 36ed94965f708bbc: version_keys = {}
[22:33:22.177] [DEBUG] _find_record: record 785d40d267ab9e97: version_keys = {}
[22:33:22.177] [DEBUG] _find_record: record dc7c60092755e561: version_keys = {}
[22:33:22.177] [DEBUG] _find_record: record e8a82193059f9b54: version_keys = {}
[22:33:22.177] [DEBUG] _find_record: record e062b703c176f712: version_keys = {}
[22:33:22.177] [DEBUG] _find_record: record 3e4316467e0cb671: version_keys = {}
[22:33:22.177] [DEBUG] _find_record: record 82efbb9d78d9e180: version_keys = {}
[22:33:22.177] [DEBUG] _find_record: record 9bfc57c0a4bea664: version_keys = {}
[22:33:22.177] [DEBUG] _find_record: record 192f51f04392ea62: version_keys = {}
[22:33:22.177] [DEBUG] _find_record: record 748c65634f19ab30: version_keys = {}
[22:33:22.177] [DEBUG] _find_record: record ace8a305b91030a1: version_keys = {}
[22:33:22.177] [DEBUG] _find_record: record c59e04533d0cebad: version_keys = {}
[22:33:22.177] [DEBUG] _find_record: record 6a16162cdb719a80: version_keys = {}
[22:33:22.178] [DEBUG] _find_record: record d34c53349f3c08ee: version_keys = {}
[22:33:22.178] [DEBUG] _find_record: record 07449a871bbbaa37: version_keys = {}
[22:33:22.178] [DEBUG] _find_record: record 9a1105b54c7e4932: version_keys = {}
[22:33:22.178] [DEBUG] _find_record: record 35b5b7d58d717f4a: version_keys = {}
[22:33:22.178] [DEBUG] _find_record: record 58bdfd8e994a98e1: version_keys = {}
[22:33:22.178] [DEBUG] _find_record: record 610cf710d6453561: version_keys = {}
[22:33:22.178] [DEBUG] _find_record: record 5d2f820dcd99c645: version_keys = {}
[22:33:22.178] [DEBUG] _find_record: record 808e63436087349d: version_keys = {}
[22:33:22.178] [DEBUG] _find_record: record 47ed793b2972bee5: version_keys = {}
[22:33:22.178] [DEBUG] _find_record: record 5c73a2105cdb4fec: version_keys = {}
[22:33:22.178] [DEBUG] _find_record: record 6058833f759fe8f8: version_keys = {}
[22:33:22.178] [DEBUG] _find_record: record 562ed19e5e07b7bb: version_keys = {}
[22:33:22.178] [DEBUG] _find_record: record aebc401738c04847: version_keys = {}
[22:33:22.178] [DEBUG] _find_record: record f02bd322037b9207: version_keys = {}
[22:33:22.178] [DEBUG] _find_record: record 9da591dec4651aac: version_keys = {}
[22:33:22.178] [DEBUG] _find_record: record 46acc4c06836a905: version_keys = {}
[22:33:22.178] [DEBUG] _find_record: record ce4650d36f7cfb4b: version_keys = {}
[22:33:22.178] [DEBUG] _find_record: record e546a9ab76019ecb: version_keys = {}
[22:33:22.178] [DEBUG] _find_record: record eab97bc3256e9bdf: version_keys = {}
[22:33:22.178] [DEBUG] _find_record: record 6ea7b2b0dd6d9049: version_keys = {}
[22:33:22.178] [DEBUG] _find_record: record 1d59afef230177a0: version_keys = {}
[22:33:22.178] [DEBUG] _find_record: record 7b3be0bf40a754be: version_keys = {}
[22:33:22.178] [DEBUG] _find_record: record b35131460fc5b794: version_keys = {}
[22:33:22.178] [DEBUG] _find_record: record a9983d02c694f4e3: version_keys = {}
[22:33:22.178] [DEBUG] _find_record: record 389eea361787c900: version_keys = {}
[22:33:22.178] [DEBUG] _find_record: record a64d46e3259e219f: version_keys = {}
[22:33:22.178] [DEBUG] _find_record: record 97ab2d76d57d59f8: version_keys = {}
[22:33:22.178] [DEBUG] _find_record: record 9796de5d992a5648: version_keys = {}
[22:33:22.178] [DEBUG] _find_record: record d0b00ae980f4fc06: version_keys = {}
[22:33:22.178] [DEBUG] _find_record: record 1873150987ff37a8: version_keys = {}
[22:33:22.179] [DEBUG] _find_record: record 6afbfcc1e3113bbe: version_keys = {}
[22:33:22.179] [DEBUG] _find_record: record 01432a26e8c81fd6: version_keys = {}
[22:33:22.179] [DEBUG] _find_record: record 01df9a5f32453efd: version_keys = {}
[22:33:22.179] [DEBUG] _find_record: record 682319e65aa1ba63: version_keys = {}
[22:33:22.179] [DEBUG] _find_record: record 666bd7303dd83f9b: version_keys = {}
[22:33:22.179] [DEBUG] _find_record: record ededd5d36dd4e09d: version_keys = {}
[22:33:22.179] [DEBUG] _find_record: record a3d43e32ed041d83: version_keys = {}
[22:33:22.179] [DEBUG] _find_record: record d92275c942733e9d: version_keys = {}
[22:33:22.179] [DEBUG] _find_record: record 8cb65d3513718072: version_keys = {}
[22:33:22.179] [DEBUG] _find_record: record 5c351c6127757c88: version_keys = {}
[22:33:22.179] [DEBUG] _find_record: record f620714fdb8fe344: version_keys = {}
[22:33:22.179] [DEBUG] _find_record: record f2720e70fec84f25: version_keys = {}
[22:33:22.179] [DEBUG] _find_record: record ba37fc8d8c576f71: version_keys = {}
[22:33:22.179] [DEBUG] _find_record: record f51ca5f3df91cad1: version_keys = {}
[22:33:22.179] [DEBUG] _find_record: record eb87e11fee8a5137: version_keys = {}
[22:33:22.179] [DEBUG] _find_record: record c6a28654f379162d: version_keys = {}
[22:33:22.179] [DEBUG] _find_record: record b41de17f8e94fb43: version_keys = {}
[22:33:22.179] [DEBUG] _find_record: record 839b640db57649f0: version_keys = {}
[22:33:22.179] [DEBUG] _find_record: record ce491b29fbaa8d8e: version_keys = {}
[22:33:22.179] [DEBUG] _find_record: record 6778b5cd73a111d5: version_keys = {}
[22:33:22.179] [DEBUG] _find_record: record b5850176e74822fb: version_keys = {}
[22:33:22.179] [DEBUG] _find_record: record 95a689283ce83db7: version_keys = {}
[22:33:22.179] [DEBUG] _find_record: record e6e8c3a7e5699bc8: version_keys = {}
[22:33:22.179] [DEBUG] _find_record: record 8a90aedd83f49296: version_keys = {}
[22:33:22.179] [DEBUG] _find_record: record a1a55373a85df668: version_keys = {}
[22:33:22.179] [DEBUG] _find_record: record 265af376d9147a0c: version_keys = {}
[22:33:22.179] [DEBUG] _find_record: record c7fd975f2223b75e: version_keys = {}
[22:33:22.179] [DEBUG] _find_record: record 9a214eac7c3163ec: version_keys = {}
[22:33:22.179] [DEBUG] _find_record: record 46ab9dd00a8d3b2f: version_keys = {}
[22:33:22.179] [DEBUG] _find_record: record d686caa4cd116793: version_keys = {}
[22:33:22.179] [DEBUG] _find_record: record 31a8b796fe114787: version_keys = {}
[22:33:22.180] [DEBUG] _find_record: record 13b924113be5b55e: version_keys = {}
[22:33:22.180] [DEBUG] _find_record: record 7dd429d0e4efb584: version_keys = {}
[22:33:22.180] [DEBUG] _find_record: record 62c0c06af9dad521: version_keys = {}
[22:33:22.180] [DEBUG] _find_record: record 3f826dfcacee3357: version_keys = {}
[22:33:22.180] [DEBUG] _find_record: record 3c8200b27783651b: version_keys = {}
[22:33:22.180] [DEBUG] _find_record: record a44508656e50266e: version_keys = {}
[22:33:22.180] [DEBUG] _find_record: record 74a58165bcbc2485: version_keys = {}
[22:33:22.180] [DEBUG] _find_record: record ff2782a16b4908be: version_keys = {}
[22:33:22.180] [DEBUG] _find_record: record 9ae106008abf0d4a: version_keys = {}
[22:33:22.180] [DEBUG] _find_record: record 6e0238b9c017ab7b: version_keys = {}
[22:33:22.180] [DEBUG] _find_record: record 55fdcbf23f93b238: version_keys = {}
[22:33:22.180] [DEBUG] _find_record: record b72d8b6a22abc0f5: version_keys = {}
[22:33:22.180] [DEBUG] _find_record: record c09a63cf815dbb52: version_keys = {}
[22:33:22.180] [DEBUG] _find_record: record cbebcd99fe7065e7: version_keys = {}
[22:33:22.180] [DEBUG] _find_record: record 892912de7e2475d5: version_keys = {}
[22:33:22.180] [DEBUG] _find_record: record 7f6a58c18ea9dbb2: version_keys = {}
[22:33:22.180] [DEBUG] _find_record: record f5ed479ec8800d98: version_keys = {}
[22:33:22.180] [DEBUG] _find_record: record d789b2bf9545fb92: version_keys = {}
[22:33:22.180] [DEBUG] _find_record: record af74c59f45235734: version_keys = {}
[22:33:22.180] [DEBUG] _find_record: record 2c0fcf7d1dbed33f: version_keys = {}
[22:33:22.180] [DEBUG] _find_record: record 77c45b3c4678851c: version_keys = {}
[22:33:22.180] [DEBUG] _find_record: record 9c4539736fc0f4ae: version_keys = {}
[22:33:22.180] [DEBUG] _find_record: record 58b531a37fd99729: version_keys = {}
[22:33:22.180] [DEBUG] _find_record: record 343fcd5cf569e106: version_keys = {}
[22:33:22.180] [DEBUG] _find_record: record cc475c312e03e3c4: version_keys = {}
[22:33:22.180] [DEBUG] _find_record: record 0f93531c7d73fcec: version_keys = {}
[22:33:22.180] [DEBUG] _find_record: record d0592ec38aeeea64: version_keys = {}
[22:33:22.180] [DEBUG] _find_record: record 73abe7a2da8351cd: version_keys = {}
[22:33:22.180] [DEBUG] _find_record: record 6728804246cbd079: version_keys = {}
[22:33:22.180] [DEBUG] _find_record: record 55495862f2a006d6: version_keys = {}
[22:33:22.180] [DEBUG] _find_record: record c077ef0cf0931466: version_keys = {}
[22:33:22.181] [DEBUG] _find_record: record e84f9cd8035c478c: version_keys = {}
[22:33:22.181] [DEBUG] _find_record: record 6324c64df165f7c0: version_keys = {}
[22:33:22.181] [DEBUG] _find_record: record f32876f6c380c5c0: version_keys = {}
[22:33:22.181] [DEBUG] _find_record: record c756d8db4712f1ea: version_keys = {}
[22:33:22.181] [DEBUG] _find_record: record b386436f122c7921: version_keys = {}
[22:33:22.181] [DEBUG] _find_record: record 694a999878ae1857: version_keys = {}
[22:33:22.181] [DEBUG] _find_record: record dd57a611b1db9f75: version_keys = {}
[22:33:22.181] [DEBUG] _find_record: record 845c3c4fef33fa64: version_keys = {}
[22:33:22.181] [DEBUG] _find_record: record 193ba931e67c921d: version_keys = {}
[22:33:22.181] [DEBUG] _find_record: record 7e2715a1a01dba17: version_keys = {}
[22:33:22.181] [DEBUG] _find_record: record e26f9d5306e1dbac: version_keys = {}
[22:33:22.181] [DEBUG] _find_record: record 90ba0d0907c13ca3: version_keys = {}
[22:33:22.181] [DEBUG] _find_record: record 8496a1bd22b2d2b5: version_keys = {}
[22:33:22.181] [DEBUG] _find_record: record 122d0e541809653a: version_keys = {}
[22:33:22.181] [DEBUG] _find_record: record ab198cbf7e919cd5: version_keys = {}
[22:33:22.181] [DEBUG] _find_record: record 9e763544abffea2f: version_keys = {}
[22:33:22.181] [DEBUG] _find_record: record fdf9ba36137e69d0: version_keys = {}
[22:33:22.181] [DEBUG] _find_record: record cfa3e51bdb57df33: version_keys = {}
[22:33:22.181] [DEBUG] _find_record: record b1e02bdb38e42dba: version_keys = {}
[22:33:22.181] [DEBUG] _find_record: record f9e20e8df925448d: version_keys = {}
[22:33:22.181] [DEBUG] _find_record: record f8e2593ffccb6a50: version_keys = {}
[22:33:22.181] [DEBUG] _find_record: record 01b6adfa5de75088: version_keys = {}
[22:33:22.181] [DEBUG] _find_record: record d441bee9c4faa397: version_keys = {}
[22:33:22.181] [DEBUG] _find_record: record e8dfe95262b4ebcf: version_keys = {}
[22:33:22.181] [DEBUG] _find_record: record de16625d78bec363: version_keys = {}
[22:33:22.181] [DEBUG] _find_record: record 09eb4239764ab6ff: version_keys = {}
[22:33:22.181] [DEBUG] _find_record: record 4be5cc273d4cbf73: version_keys = {}
[22:33:22.181] [DEBUG] _find_record: record 8278d3fbc92fd79b: version_keys = {}
[22:33:22.181] [DEBUG] _find_record: record 45a5c1b9cd6952f7: version_keys = {}
[22:33:22.181] [DEBUG] _find_record: record c790cba530d98f82: version_keys = {}
[22:33:22.181] [DEBUG] _find_record: record a075aa6a34ce5f9c: version_keys = {}
[22:33:22.182] [DEBUG] _find_record: record 5def4374a02c7b2d: version_keys = {}
[22:33:22.182] [DEBUG] _find_record: record 10576602866ccc6e: version_keys = {}
[22:33:22.182] [DEBUG] _find_record: record d0c42659d74eb9ec: version_keys = {}
[22:33:22.182] [DEBUG] _find_record: record 588dda01f717847b: version_keys = {}
[22:33:22.182] [DEBUG] _find_record: record b83f510a6cbc7717: version_keys = {}
[22:33:22.182] [DEBUG] _find_record: record 3cae74f17d918935: version_keys = {}
[22:33:22.182] [DEBUG] _find_record: record 3b15df04cc3101c1: version_keys = {}
[22:33:22.182] [DEBUG] _find_record: record 8f7f6b5cf152a64d: version_keys = {}
[22:33:22.182] [DEBUG] _find_record: record dadb55814352e342: version_keys = {}
[22:33:22.182] [DEBUG] _find_record: record a0ee06adf0978da2: version_keys = {}
[22:33:22.182] [DEBUG] _find_record: record 64874088148c75dd: version_keys = {}
[22:33:22.182] [DEBUG] _find_record: record dc66bbabcad21dbe: version_keys = {}
[22:33:22.182] [DEBUG] _find_record: record c0ef4697a27b315b: version_keys = {}
[22:33:22.182] [DEBUG] _find_record: record c755f2b2034b5d97: version_keys = {}
[22:33:22.182] [DEBUG] _find_record: record 489dd2c384569615: version_keys = {}
[22:33:22.182] [DEBUG] _find_record: record 857af0cd846ac96d: version_keys = {}
[22:33:22.182] [DEBUG] _find_record: record 3ed368e0b987d9d2: version_keys = {}
[22:33:22.182] [DEBUG] _find_record: record 753f049db7227eb3: version_keys = {}
[22:33:22.182] [DEBUG] _find_record: record e3849cb3d2496d34: version_keys = {}
[22:33:22.182] [DEBUG] _find_record: record a4f2cbc827836eaa: version_keys = {}
[22:33:22.182] [DEBUG] _find_record: record 37f157c1e9191972: version_keys = {}
[22:33:22.182] [DEBUG] _find_record: record cfa7c87bc2aa3420: version_keys = {}
[22:33:22.182] [DEBUG] _find_record: record 023a4749307408c1: version_keys = {}
[22:33:22.182] [DEBUG] _find_record: record ae0e2e9b3f1631c6: version_keys = {}
[22:33:22.182] [DEBUG] _find_record: record e409729b8ad34d62: version_keys = {}
[22:33:22.182] [DEBUG] _find_record: record 7df87f3a8003f533: version_keys = {}
[22:33:22.182] [DEBUG] _find_record: record d3e520606c582207: version_keys = {}
[22:33:22.182] [DEBUG] _find_record: record ebbbd05dca7f7e47: version_keys = {}
[22:33:22.182] [DEBUG] _find_record: record 22886cd7c0a25de6: version_keys = {}
[22:33:22.182] [DEBUG] _find_record: record 87e13d1f62cd0f41: version_keys = {}
[22:33:22.183] [DEBUG] _find_record: record 6929c4268db01a07: version_keys = {}
[22:33:22.183] [DEBUG] _find_record: record 0c0ac74824de16e4: version_keys = {}
[22:33:22.183] [DEBUG] _find_record: record 43153378a7ff530b: version_keys = {}
[22:33:22.183] [DEBUG] _find_record: record 5a6cb3c99dd51d70: version_keys = {}
[22:33:22.183] [DEBUG] _find_record: record 4e31c8530cb4e90f: version_keys = {}
[22:33:22.183] [DEBUG] _find_record: record 87d2a674173b7ead: version_keys = {}
[22:33:22.183] [DEBUG] _find_record: record b9dccd89b0e2fa6b: version_keys = {}
[22:33:22.183] [DEBUG] _find_record: record 6ba9c3b4a1843471: version_keys = {}
[22:33:22.183] [DEBUG] _find_record: record 6e9cf941eea3087a: version_keys = {}
[22:33:22.183] [DEBUG] _find_record: record b01207af54d32d21: version_keys = {}
[22:33:22.183] [DEBUG] _find_record: record ba1e5eb351fff4e8: version_keys = {}
[22:33:22.183] [DEBUG] _find_record: record ae187d84f3eb22cd: version_keys = {}
[22:33:22.183] [DEBUG] _find_record: record 28185c400702a419: version_keys = {}
[22:33:22.183] [DEBUG] _find_record: record 58fabecb512f994c: version_keys = {}
[22:33:22.183] [DEBUG] _find_record: record 06235eb6f5d3550f: version_keys = {}
[22:33:22.183] [DEBUG] _find_record: record ae9867ff125ac57c: version_keys = {}
[22:33:22.183] [DEBUG] _find_record: record feccc19efa56c32b: version_keys = {}
[22:33:22.183] [DEBUG] _find_record: record 818042aacf7e731a: version_keys = {}
[22:33:22.183] [DEBUG] _find_record: record 4417b1dad122cccf: version_keys = {}
[22:33:22.183] [DEBUG] _find_record: record 1888bf0d77b35cc0: version_keys = {}
[22:33:22.183] [DEBUG] _find_record: record a23e4237c5f0388c: version_keys = {}
[22:33:22.183] [DEBUG] _find_record: record ca26c5f138e79659: version_keys = {}
[22:33:22.183] [DEBUG] _find_record: record f496d89246e23d6b: version_keys = {}
[22:33:22.183] [DEBUG] _find_record: record 4d5c11e9f95c3772: version_keys = {}
[22:33:22.183] [DEBUG] _find_record: record aef2c31329fb907f: version_keys = {}
[22:33:22.183] [DEBUG] _find_record: record 4bcc854f86ff3afe: version_keys = {}
[22:33:22.183] [DEBUG] _find_record: record 170694e4c9d010de: version_keys = {}
[22:33:22.183] [DEBUG] _find_record: record bc30eaf717c33246: version_keys = {}
[22:33:22.183] [DEBUG] _find_record: record 1379b973e7b35e02: version_keys = {}
[22:33:22.183] [DEBUG] _find_record: record fc788ecb3bd703df: version_keys = {}
[22:33:22.183] [DEBUG] _find_record: record 9b09a190b9162fab: version_keys = {}
[22:33:22.183] [DEBUG] _find_record: record d674a52994c0050d: version_keys = {}
[22:33:22.184] [DEBUG] _find_record: record c3477c1f1e1320b9: version_keys = {}
[22:33:22.184] [DEBUG] _find_record: record 073b25e3a4fef42c: version_keys = {}
[22:33:22.184] [DEBUG] _find_record: record c9341689fb09a6c9: version_keys = {}
[22:33:22.184] [DEBUG] _find_record: record 39e9a0efbe418c04: version_keys = {}
[22:33:22.184] [DEBUG] _find_record: record 28b6ba5678a322ec: version_keys = {}
[22:33:22.184] [DEBUG] _find_record: record 5ca77071420b4b61: version_keys = {}
[22:33:22.184] [DEBUG] _find_record: record 669f3e96b3632704: version_keys = {}
[22:33:22.184] [DEBUG] _find_record: record 2858cb9ab8ac308c: version_keys = {}
[22:33:22.184] [DEBUG] _find_record: record fb6feea2bd5ec181: version_keys = {}
[22:33:22.184] [DEBUG] _find_record: record 722a4209919e310a: version_keys = {}
[22:33:22.184] [DEBUG] _find_record: record 098890c1aee37705: version_keys = {}
[22:33:22.184] [DEBUG] _find_record: record c7ccf1d020465d6f: version_keys = {}
[22:33:22.184] [DEBUG] _find_record: record 5918272ef0d16b7e: version_keys = {}
[22:33:22.184] [DEBUG] _find_record: record b1416a6ee4c28e33: version_keys = {}
[22:33:22.184] [DEBUG] _find_record: record e3489465c3dd4677: version_keys = {}
[22:33:22.184] [DEBUG] _find_record: record 782175fe93505791: version_keys = {}
[22:33:22.184] [DEBUG] _find_record: record c41b2e24e46b8634: version_keys = {}
[22:33:22.184] [DEBUG] _find_record: record 3b5cee3384d0a670: version_keys = {}
[22:33:22.184] [DEBUG] _find_record: record 21b40d003e4c77bd: version_keys = {}
[22:33:22.184] [DEBUG] _find_record: record 1227141d4b9c1f3b: version_keys = {}
[22:33:22.184] [DEBUG] _find_record: record 076d898d1a04c1bb: version_keys = {}
[22:33:22.184] [DEBUG] _find_record: record c1c4252dd971fccc: version_keys = {}
[22:33:22.184] [DEBUG] _find_record: record 5bacce18f807f6de: version_keys = {}
[22:33:22.184] [DEBUG] _find_record: record 6a24f751fda8d99b: version_keys = {}
[22:33:22.184] [DEBUG] _find_record: record 09a18cee8600974e: version_keys = {}
[22:33:22.184] [DEBUG] _find_record: record 024861339423c7b1: version_keys = {}
[22:33:22.184] [DEBUG] _find_record: record 28e74a30ef82e746: version_keys = {}
[22:33:22.184] [DEBUG] _find_record: record 88309822369f7ebc: version_keys = {}
[22:33:22.184] [DEBUG] _find_record: record 9b9c8301a13fd7b4: version_keys = {}
[22:33:22.184] [DEBUG] _find_record: record f8d22ba4a5f8718b: version_keys = {}
[22:33:22.184] [DEBUG] _find_record: record 18a76f8acf675f0a: version_keys = {}
[22:33:22.185] [DEBUG] _find_record: record e5ce1cc8b08fb948: version_keys = {}
[22:33:22.185] [DEBUG] _find_record: record 6117f0bd892ebd55: version_keys = {}
[22:33:22.185] [DEBUG] _find_record: record 84e7f0499cd5dc70: version_keys = {}
[22:33:22.185] [DEBUG] _find_record: record 064dbccfa5070277: version_keys = {}
[22:33:22.185] [DEBUG] _find_record: record 3b65267838582f5f: version_keys = {}
[22:33:22.185] [DEBUG] _find_record: record ba349d6d6aeaac8f: version_keys = {}
[22:33:22.185] [DEBUG] _find_record: record 543852d631a94a06: version_keys = {}
[22:33:22.185] [DEBUG] _find_record: record 67b1c50f0bc8df5c: version_keys = {}
[22:33:22.185] [DEBUG] _find_record: record e47243f7c9fe548c: version_keys = {}
[22:33:22.185] [DEBUG] _find_record: record c358d17af4284464: version_keys = {}
[22:33:22.185] [DEBUG] _find_record: record 7bb47558360dc4bc: version_keys = {}
[22:33:22.185] [DEBUG] _find_record: record 4af60527941d2810: version_keys = {}
[22:33:22.185] [DEBUG] _find_record: record 04cf16d9f513d0f6: version_keys = {}
[22:33:22.185] [DEBUG] _find_record: record c1ab000fe0d290af: version_keys = {}
[22:33:22.185] [DEBUG] _find_record: record 7efd578857673fdf: version_keys = {}
[22:33:22.185] [DEBUG] _find_record: record 5d7da5fc2c3bfea5: version_keys = {}
[22:33:22.185] [DEBUG] _find_record: record 62034a56861a6bfb: version_keys = {}
[22:33:22.185] [DEBUG] _find_record: record 0b8c8b654dadc38b: version_keys = {}
[22:33:22.185] [DEBUG] _find_record: record 1f82ad78a23e4b87: version_keys = {}
[22:33:22.185] [DEBUG] _find_record: record 2ce7a9c401efc52a: version_keys = {}
[22:33:22.185] [DEBUG] _find_record: record 3d20d787f1f8d0ab: version_keys = {}
[22:33:22.185] [DEBUG] _find_record: record f8f455f71fea467f: version_keys = {}
[22:33:22.185] [DEBUG] _find_record: record 398e16068150860d: version_keys = {}
[22:33:22.185] [DEBUG] _find_record: record af34a63caa475b74: version_keys = {}
[22:33:22.185] [DEBUG] _find_record: record 9aadff68f72aa251: version_keys = {}
[22:33:22.185] [DEBUG] _find_record: record ab4a1e234aef8864: version_keys = {}
[22:33:22.186] [DEBUG] _find_record: record eb8d5f608cfaf21f: version_keys = {}
[22:33:22.186] [DEBUG] _find_record: record d3d72d0eca16caa6: version_keys = {}
[22:33:22.186] [DEBUG] _find_record: record d33983433a26e9be: version_keys = {}
[22:33:22.186] [DEBUG] _find_record: record bd5ba818de22fda7: version_keys = {}
[22:33:22.186] [DEBUG] _find_record: record d3c274ceaf84b135: version_keys = {}
[22:33:22.186] [DEBUG] _find_record: record 715fc0075133c6cb: version_keys = {}
[22:33:22.186] [DEBUG] _find_record: record d480fe5707948811: version_keys = {}
[22:33:22.186] [DEBUG] _find_record: record 8482fd0c4c2a9db9: version_keys = {}
[22:33:22.186] [DEBUG] _find_record: record 85dcc72dec8e9103: version_keys = {}
[22:33:22.186] [DEBUG] _find_record: record 64b7ee720303763a: version_keys = {}
[22:33:22.186] [DEBUG] _find_record: record 4594b90e9ec8234f: version_keys = {}
[22:33:22.186] [DEBUG] _find_record: record 0d4aaf3b8677c38d: version_keys = {}
[22:33:22.186] [DEBUG] _find_record: record a0960c2430b5c37b: version_keys = {}
[22:33:22.186] [DEBUG] _find_record: record 0e8c9c33fb5b3957: version_keys = {}
[22:33:22.186] [DEBUG] _find_record: record 9812e7d62130cfce: version_keys = {}
[22:33:22.186] [DEBUG] _find_record: record 714c4cd1e3527809: version_keys = {}
[22:33:22.186] [DEBUG] _find_record: record d7584dde27848efb: version_keys = {}
[22:33:22.186] [DEBUG] _find_record: record f713828346f14854: version_keys = {}
[22:33:22.186] [DEBUG] _find_record: record 9c2a44e8f497e00b: version_keys = {}
[22:33:22.186] [DEBUG] _find_record: record 831e1920a3f96999: version_keys = {}
[22:33:22.186] [DEBUG] _find_record: record 2ac18497c1b9ad05: version_keys = {}
[22:33:22.186] [DEBUG] _find_record: record d2b9f67b4405a071: version_keys = {}
[22:33:22.186] [DEBUG] _find_record: record 1806cfd70443cd58: version_keys = {}
[22:33:22.186] [DEBUG] _find_record: record b695446d9f601673: version_keys = {}
[22:33:22.186] [DEBUG] _find_record: record a0c18e880580c5dc: version_keys = {}
[22:33:22.186] [DEBUG] _find_record: record 37a030b2706fa24c: version_keys = {}
[22:33:22.186] [DEBUG] _find_record: record 969789ed547e7b26: version_keys = {}
[22:33:22.186] [DEBUG] _find_record: record d9e911f5219e5545: version_keys = {}
[22:33:22.186] [DEBUG] _find_record: record b0c98fe94fbf15da: version_keys = {}
[22:33:22.186] [DEBUG] _find_record: record 102945d06701add8: version_keys = {}
[22:33:22.186] [DEBUG] _find_record: record 094859e1c9f292cc: version_keys = {}
[22:33:22.187] [DEBUG] _find_record: record d7acd8af65c81eee: version_keys = {}
[22:33:22.187] [DEBUG] _find_record: record b5fdb1c81c12e323: version_keys = {}
[22:33:22.187] [DEBUG] _find_record: record 3fb5300899f654bf: version_keys = {}
[22:33:22.187] [DEBUG] _find_record: record 1b3eddb357c8a4bc: version_keys = {}
[22:33:22.187] [DEBUG] _find_record: record 4b3ec4678277eb9b: version_keys = {}
[22:33:22.187] [DEBUG] _find_record: record 7009a60aa2d5cff9: version_keys = {}
[22:33:22.187] [DEBUG] _find_record: record 56c76da7e78e2eb4: version_keys = {}
[22:33:22.187] [DEBUG] _find_record: record 410776f3abf58ac3: version_keys = {}
[22:33:22.187] [DEBUG] _find_record: record 74d453e699a5968c: version_keys = {}
[22:33:22.187] [DEBUG] _find_record: record 234b244143775680: version_keys = {}
[22:33:22.187] [DEBUG] _find_record: record 1c300092e3e83c53: version_keys = {}
[22:33:22.187] [DEBUG] _find_record: record 4b62baaf904b1187: version_keys = {}
[22:33:22.187] [DEBUG] _find_record: record 6e15dadce47cb0c2: version_keys = {}
[22:33:22.187] [DEBUG] _find_record: record 14a7841782953717: version_keys = {}
[22:33:22.187] [DEBUG] _find_record: record b33d52df4e3bfd67: version_keys = {}
[22:33:22.187] [DEBUG] _find_record: record e6df2410d20d6e00: version_keys = {}
[22:33:22.187] [DEBUG] _find_record: record d051112b9ccad511: version_keys = {}
[22:33:22.187] [DEBUG] _find_record: record c69c573924780d08: version_keys = {}
[22:33:22.187] [DEBUG] _find_record: record f64161f5dd9874b2: version_keys = {}
[22:33:22.187] [DEBUG] _find_record: record 67c9d8aa0f47435f: version_keys = {}
[22:33:22.187] [DEBUG] _find_record: record 35272b3af6b095ad: version_keys = {}
[22:33:22.187] [DEBUG] _find_record: record 3e7cfd9eb59bb755: version_keys = {}
[22:33:22.187] [DEBUG] _find_record: record 1090148a809c1c57: version_keys = {}
[22:33:22.187] [DEBUG] _find_record: record 7d66099813575618: version_keys = {}
[22:33:22.187] [DEBUG] _find_record: record fb8d3cb08e648775: version_keys = {}
[22:33:22.187] [DEBUG] _find_record: record 1fe3ba3197a4e362: version_keys = {}
[22:33:22.187] [DEBUG] _find_record: record 2a2bf63abd1d8100: version_keys = {}
[22:33:22.187] [DEBUG] _find_record: record 1ef3013c89b8091e: version_keys = {}
[22:33:22.187] [DEBUG] _find_record: record 131c738533b30ae4: version_keys = {}
[22:33:22.187] [DEBUG] _find_record: record 2b9b7a80a4815ca3: version_keys = {}
[22:33:22.187] [DEBUG] _find_record: record 97c4d232499df440: version_keys = {}
[22:33:22.188] [DEBUG] _find_record: record 23673568696df2d4: version_keys = {}
[22:33:22.188] [DEBUG] _find_record: record 0a870beff0a39d81: version_keys = {}
[22:33:22.188] [DEBUG] _find_record: record fb22c2a57efa38a2: version_keys = {}
[22:33:22.188] [DEBUG] _find_record: record e917034d03f3fd43: version_keys = {}
[22:33:22.188] [DEBUG] _find_record: record 10994b8a7c825988: version_keys = {}
[22:33:22.188] [DEBUG] _find_record: record a9efda116b20ff92: version_keys = {}
[22:33:22.188] [DEBUG] _find_record: record df6776630592bc5b: version_keys = {}
[22:33:22.188] [DEBUG] _find_record: record 166bc097e28c48e1: version_keys = {}
[22:33:22.188] [DEBUG] _find_record: record dc9cce01c971842f: version_keys = {}
[22:33:22.188] [DEBUG] _find_record: record 04d0b98f7adfe62c: version_keys = {}
[22:33:22.188] [DEBUG] _find_record: record 2d2cc1e5ea033ff3: version_keys = {}
[22:33:22.188] [DEBUG] _find_record: record cc8f95ceccacffa4: version_keys = {}
[22:33:22.188] [DEBUG] _find_record: record 2ea911045f42bd04: version_keys = {}
[22:33:22.188] [DEBUG] _find_record: record 67180b113fd914c9: version_keys = {}
[22:33:22.188] [DEBUG] _find_record: record 0cd9c897aa1e954f: version_keys = {}
[22:33:22.188] [DEBUG] _find_record: record f4ca625a063ff666: version_keys = {}
[22:33:22.188] [DEBUG] _find_record: record f59b4856dc164903: version_keys = {}
[22:33:22.188] [DEBUG] _find_record: record 2bc5e3e6258cccff: version_keys = {}
[22:33:22.188] [DEBUG] _find_record: record e97ae6aaf5870d2b: version_keys = {}
[22:33:22.188] [DEBUG] _find_record: record 43c72d3d51208916: version_keys = {}
[22:33:22.188] [DEBUG] _find_record: record 48fd7da0549c201f: version_keys = {}
[22:33:22.188] [DEBUG] _find_record: record 499bafb325d9a386: version_keys = {}
[22:33:22.188] [DEBUG] _find_record: record d9d263d5e85446da: version_keys = {}
[22:33:22.188] [DEBUG] _find_record: record 5c0183483a2314f1: version_keys = {}
[22:33:22.188] [DEBUG] _find_record: record 03b30a619286ffc5: version_keys = {}
[22:33:22.188] [DEBUG] _find_record: record c55e42644ddddfa8: version_keys = {}
[22:33:22.188] [DEBUG] _find_record: record aaeca70ac5c1c59d: version_keys = {}
[22:33:22.188] [DEBUG] _find_record: record 6334a8fde3fba5f9: version_keys = {}
[22:33:22.188] [DEBUG] _find_record: record b3805c3ca1117f61: version_keys = {}
[22:33:22.188] [DEBUG] _find_record: record 73c62e1d8b93ead8: version_keys = {}
[22:33:22.188] [DEBUG] _find_record: record e993e845f378332d: version_keys = {}
[22:33:22.189] [DEBUG] _find_record: record 16efa0577d7abc58: version_keys = {}
[22:33:22.189] [DEBUG] _find_record: record d0d3746f2629c7cb: version_keys = {}
[22:33:22.189] [DEBUG] _find_record: record 4f27aa243886c0c5: version_keys = {}
[22:33:22.189] [DEBUG] _find_record: record c5997d6b92f4bdd1: version_keys = {}
[22:33:22.189] [DEBUG] _find_record: record d966a8eb913f2710: version_keys = {}
[22:33:22.189] [DEBUG] _find_record: record db0afcd1cd9bd009: version_keys = {}
[22:33:22.189] [DEBUG] _find_record: record 881bab4e4b535a9a: version_keys = {}
[22:33:22.189] [DEBUG] _find_record: record 2d4db43f0e341a51: version_keys = {}
[22:33:22.189] [DEBUG] _find_record: record 877f42c266e4a6a9: version_keys = {}
[22:33:22.189] [DEBUG] _find_record: record 39ab043fab75a28d: version_keys = {}
[22:33:22.189] [DEBUG] _find_record: record 5243defb596c742b: version_keys = {}
[22:33:22.189] [DEBUG] _find_record: record f15f13f697a9b1ff: version_keys = {}
[22:33:22.189] [DEBUG] _find_record: record 22363a6a0a23c5c6: version_keys = {}
[22:33:22.189] [DEBUG] _find_record: record 3d76e4b3824a9b66: version_keys = {}
[22:33:22.189] [DEBUG] _find_record: record ba1439203de4bfbe: version_keys = {}
[22:33:22.189] [DEBUG] _find_record: record 5a0653d5a7a53884: version_keys = {}
[22:33:22.189] [DEBUG] _find_record: record b51f93129a218b04: version_keys = {}
[22:33:22.189] [DEBUG] _find_record: record 819fdc78d35352b3: version_keys = {}
[22:33:22.189] [DEBUG] _find_record: record 9debecca7111e5f3: version_keys = {}
[22:33:22.189] [DEBUG] _find_record: record 101a7077a078d9ba: version_keys = {}
[22:33:22.189] [DEBUG] _find_record: record 4692e0701117aeda: version_keys = {}
[22:33:22.189] [DEBUG] _find_record: record 36e7f548205b0468: version_keys = {}
[22:33:22.189] [DEBUG] _find_record: record a9d2e9ba6d84ad0f: version_keys = {}
[22:33:22.189] [DEBUG] _find_record: record 579e887c13a5d584: version_keys = {}
[22:33:22.189] [DEBUG] _find_record: record 18aaafbfc627af92: version_keys = {}
[22:33:22.189] [DEBUG] _find_record: record 801591638d54c71e: version_keys = {}
[22:33:22.189] [DEBUG] _find_record: record f98522991f0f6c42: version_keys = {}
[22:33:22.189] [DEBUG] _find_record: record 24f92282e1448365: version_keys = {}
[22:33:22.189] [DEBUG] _find_record: record 738668ee4ebcb934: version_keys = {}
[22:33:22.189] [DEBUG] _find_record: record 5519dff1f7d2203e: version_keys = {}
[22:33:22.189] [DEBUG] _find_record: record cb00ce99a9e907a3: version_keys = {}
[22:33:22.190] [DEBUG] _find_record: record 82df79ff9a84bc25: version_keys = {}
[22:33:22.190] [DEBUG] _find_record: record 3b76e1faf39bf829: version_keys = {}
[22:33:22.190] [DEBUG] _find_record: record fdc51df7aad2652d: version_keys = {}
[22:33:22.190] [DEBUG] _find_record: record 287fc445f841dc7a: version_keys = {}
[22:33:22.190] [DEBUG] _find_record: record 55fb7fb5c125ea99: version_keys = {}
[22:33:22.190] [DEBUG] _find_record: record 661156672ba6674e: version_keys = {}
[22:33:22.190] [DEBUG] _find_record: record 5505c916f9fbecd8: version_keys = {}
[22:33:22.190] [DEBUG] _find_record: record 1b243f38d84761fe: version_keys = {}
[22:33:22.190] [DEBUG] _find_record: record 2c0d532380748784: version_keys = {}
[22:33:22.190] [DEBUG] _find_record: record 9946c049dac1e479: version_keys = {}
[22:33:22.190] [DEBUG] _find_record: record a35c1b3fbd604de5: version_keys = {}
[22:33:22.190] [DEBUG] _find_record: record efeece854aada74e: version_keys = {}
[22:33:22.190] [DEBUG] _find_record: record 12df82f5355ef804: version_keys = {}
[22:33:22.190] [DEBUG] _find_record: record 32b345aa05e82586: version_keys = {}
[22:33:22.190] [DEBUG] _find_record: record 45a83737e4b4d266: version_keys = {}
[22:33:22.190] [DEBUG] _find_record: record 65ef92fe21d4d0a9: version_keys = {}
[22:33:22.190] [DEBUG] _find_record: record d32e9987ee971c49: version_keys = {}
[22:33:22.190] [DEBUG] _find_record: record b56a687e2366feaa: version_keys = {}
[22:33:22.190] [DEBUG] _find_record: record a4fce5d8397e0818: version_keys = {}
[22:33:22.190] [DEBUG] _find_record: record 48f71cec92ef71b1: version_keys = {}
[22:33:22.190] [DEBUG] _find_record: record 73ccc1ba760f0d9b: version_keys = {}
[22:33:22.190] [DEBUG] _find_record: record a10eee8c815955a9: version_keys = {}
[22:33:22.190] [DEBUG] _find_record: record 11f3b8ff66113caa: version_keys = {}
[22:33:22.190] [DEBUG] _find_record: record dc84daa04f061766: version_keys = {}
[22:33:22.190] [DEBUG] _find_record: record ed014c03a1a04f4d: version_keys = {}
[22:33:22.190] [DEBUG] _find_record: record 45ecb38df4bf276f: version_keys = {}
[22:33:22.190] [DEBUG] _find_record: record f5258768c32728a4: version_keys = {}
[22:33:22.190] [DEBUG] _find_record: record 49c8f54884075b1d: version_keys = {}
[22:33:22.190] [DEBUG] _find_record: record d3ca0853029f06b4: version_keys = {}
[22:33:22.190] [DEBUG] _find_record: record 36592763dc2f9eac: version_keys = {}
[22:33:22.190] [DEBUG] _find_record: record 58e416cd8c8d3114: version_keys = {}
[22:33:22.191] [DEBUG] _find_record: record 5666859d70c0afa8: version_keys = {}
[22:33:22.191] [DEBUG] _find_record: record 06ec744bbdf47a2e: version_keys = {}
[22:33:22.191] [DEBUG] _find_record: record bb5924c6a70d47fe: version_keys = {}
[22:33:22.191] [DEBUG] _find_record: record 211c6caa97c148f6: version_keys = {}
[22:33:22.191] [DEBUG] _find_record: record 21a90c364f4d557b: version_keys = {}
[22:33:22.191] [DEBUG] _find_record: record 533fa69af7421ff0: version_keys = {}
[22:33:22.191] [DEBUG] _find_record: record b09ef9dee64385a6: version_keys = {}
[22:33:22.191] [DEBUG] _find_record: record 52c370196d396ba5: version_keys = {}
[22:33:22.191] [DEBUG] _find_record: record 76aa9b94c48989b2: version_keys = {}
[22:33:22.191] [DEBUG] _find_record: record 5b1e702b1658dfd7: version_keys = {}
[22:33:22.191] [DEBUG] _find_record: record 64e77fc04d32a2a6: version_keys = {}
[22:33:22.191] [DEBUG] _find_record: record 89956cfdca84ead3: version_keys = {}
[22:33:22.191] [DEBUG] _find_record: record 34ea187da827ff79: version_keys = {}
[22:33:22.191] [DEBUG] _find_record: record 11c9aa67739f494f: version_keys = {}
[22:33:22.191] [DEBUG] _find_record: record 792332679189fcdb: version_keys = {}
[22:33:22.191] [DEBUG] _find_record: record 7128e1b3b463d13e: version_keys = {}
[22:33:22.191] [DEBUG] _find_record: record 6c1703dd0bc1632e: version_keys = {}
[22:33:22.191] [DEBUG] _find_record: record 9359d4b08878df71: version_keys = {}
[22:33:22.191] [DEBUG] _find_record: record 9bfadf9c9977677a: version_keys = {}
[22:33:22.191] [DEBUG] _find_record: record 276cbcf43e3cbd0a: version_keys = {}
[22:33:22.191] [DEBUG] _find_record: record e66be074a35e188f: version_keys = {}
[22:33:22.191] [DEBUG] _find_record: record 07f9d496b8a67026: version_keys = {}
[22:33:22.191] [DEBUG] _find_record: record 398a14a39fb4b94b: version_keys = {}
[22:33:22.191] [DEBUG] _find_record: record 0f40224464b95b96: version_keys = {}
[22:33:22.191] [DEBUG] _find_record: record 38f4916dbd921365: version_keys = {}
[22:33:22.191] [DEBUG] _find_record: record 8e3e333b370f41ac: version_keys = {}
[22:33:22.191] [DEBUG] _find_record: record 5395c11e28f02d7b: version_keys = {}
[22:33:22.191] [DEBUG] _find_record: record f2605a7b3a436420: version_keys = {}
[22:33:22.191] [DEBUG] _find_record: record aff21225d204e062: version_keys = {}
[22:33:22.191] [DEBUG] _find_record: record e6c672dbfd205c3c: version_keys = {}
[22:33:22.191] [DEBUG] _find_record: record 4d68ba2fd63809c0: version_keys = {}
[22:33:22.192] [DEBUG] _find_record: record 505596d4e60d0980: version_keys = {}
[22:33:22.192] [DEBUG] _find_record: record ca662284fbafaf4e: version_keys = {}
[22:33:22.192] [DEBUG] _find_record: record a5e28660b9e4c727: version_keys = {}
[22:33:22.192] [DEBUG] _find_record: record fc78b889705fd375: version_keys = {}
[22:33:22.192] [DEBUG] _find_record: record cd0da58a2da72ec5: version_keys = {}
[22:33:22.192] [DEBUG] _find_record: record f9c0f8202307be54: version_keys = {}
[22:33:22.192] [DEBUG] _find_record: record 07cd2151018a54ef: version_keys = {}
[22:33:22.192] [DEBUG] _find_record: record 2fc936aa0d16fe88: version_keys = {}
[22:33:22.192] [DEBUG] _find_record: record 83e7d907ff9758d9: version_keys = {}
[22:33:22.192] [DEBUG] _find_record: record bf8fd939e027ed33: version_keys = {}
[22:33:22.192] [DEBUG] _find_record: record f82844c7f100da0f: version_keys = {}
[22:33:22.192] [DEBUG] _find_record: record 228309446d269457: version_keys = {}
[22:33:22.192] [DEBUG] _find_record: record 1902adb127c686f9: version_keys = {}
[22:33:22.192] [DEBUG] _find_record: record 4829bdb2eafba119: version_keys = {}
[22:33:22.192] [DEBUG] _find_record: record 1aa48d33f5a19c8e: version_keys = {}
[22:33:22.192] [DEBUG] _find_record: record 6e77489436c9bf9b: version_keys = {}
[22:33:22.192] [DEBUG] _find_record: record c638101786cfe418: version_keys = {}
[22:33:22.192] [DEBUG] _find_record: record 2e05319a611ad4a2: version_keys = {}
[22:33:22.192] [DEBUG] _find_record: record d16fb51d1a3baee9: version_keys = {}
[22:33:22.192] [DEBUG] _find_record: record 467f246f3b3d651d: version_keys = {}
[22:33:22.192] [DEBUG] _find_record: record b998fa9babbd5409: version_keys = {}
[22:33:22.192] [DEBUG] _find_record: record 980d87a245d38c25: version_keys = {}
[22:33:22.192] [DEBUG] _find_record: record b0e0febe7b99ea2d: version_keys = {}
[22:33:22.192] [DEBUG] _find_record: record 5390ba37ad4c0150: version_keys = {}
[22:33:22.192] [DEBUG] _find_record: record 165c6f086f2d81ed: version_keys = {}
[22:33:22.192] [DEBUG] _find_record: record 638f45fc3f951914: version_keys = {}
[22:33:22.192] [DEBUG] _find_record: record 7f83f62cb351288e: version_keys = {}
[22:33:22.192] [DEBUG] _find_record: record 90782bdb60b777f6: version_keys = {}
[22:33:22.192] [DEBUG] _find_record: record 31ba526fcadf055e: version_keys = {}
[22:33:22.192] [DEBUG] _find_record: record 9c29dd518135d572: version_keys = {}
[22:33:22.193] [DEBUG] _find_record: record adbde5dc151c8dad: version_keys = {}
[22:33:22.193] [DEBUG] _find_record: record 431256116666e083: version_keys = {}
[22:33:22.193] [DEBUG] _find_record: record 0ec446f465aeeac5: version_keys = {}
[22:33:22.193] [DEBUG] _find_record: record c3e92200c681b6cd: version_keys = {}
[22:33:22.193] [DEBUG] _find_record: record 68be89af3ed86af1: version_keys = {}
[22:33:22.193] [DEBUG] _find_record: record 34a3d3635678c983: version_keys = {}
[22:33:22.193] [DEBUG] _find_record: record 9539a6e2a9f82a72: version_keys = {}
[22:33:22.193] [DEBUG] _find_record: record aa03d0c38730bb51: version_keys = {}
[22:33:22.193] [DEBUG] _find_record: record abb4e19e67892cf4: version_keys = {}
[22:33:22.193] [DEBUG] _find_record: record e2a9d7ae2370d5ef: version_keys = {}
[22:33:22.193] [DEBUG] _find_record: record 07e78e649dc0485b: version_keys = {}
[22:33:22.193] [DEBUG] _find_record: record 0f92c787dc407471: version_keys = {}
[22:33:22.193] [DEBUG] _find_record: record cd93adc9f6f3c861: version_keys = {}
[22:33:22.193] [DEBUG] _find_record: record ce39e4c0d7cafa15: version_keys = {}
[22:33:22.193] [DEBUG] _find_record: record 1edec003c7d36d99: version_keys = {}
[22:33:22.193] [DEBUG] _find_record: record 93e2838aed771371: version_keys = {}
[22:33:22.193] [DEBUG] _find_record: record e5162aeb486b56fb: version_keys = {}
[22:33:22.193] [DEBUG] _find_record: record 582f53b11597dddc: version_keys = {}
[22:33:22.193] [DEBUG] _find_record: record 5512c55015234995: version_keys = {}
[22:33:22.193] [DEBUG] _find_record: record 1ae414dd31cd774d: version_keys = {}
[22:33:22.193] [DEBUG] _find_record: record 090360929b797a80: version_keys = {}
[22:33:22.193] [DEBUG] _find_record: record 486246f2edcb6afa: version_keys = {}
[22:33:22.193] [DEBUG] _find_record: record f534d3d9e3a29dc1: version_keys = {}
[22:33:22.193] [DEBUG] _find_record: record 791008f0f679805d: version_keys = {}
[22:33:22.193] [DEBUG] _find_record: record 645a3b3239f7a5e0: version_keys = {}
[22:33:22.193] [DEBUG] _find_record: record 3de9867f1a973375: version_keys = {}
[22:33:22.193] [DEBUG] _find_record: record e6efab07d25bf643: version_keys = {}
[22:33:22.193] [DEBUG] _find_record: record c1f6bddafc338c09: version_keys = {}
[22:33:22.193] [DEBUG] _find_record: record bbb6fa81e0e91992: version_keys = {}
[22:33:22.193] [DEBUG] _find_record: record c51b48855e7dff82: version_keys = {}
[22:33:22.193] [DEBUG] _find_record: record 5f47adb6dfba388f: version_keys = {}
[22:33:22.194] [DEBUG] _find_record: record e2c50606b5f997a2: version_keys = {}
[22:33:22.194] [DEBUG] _find_record: record 9918de51868afe04: version_keys = {}
[22:33:22.194] [DEBUG] _find_record: record b30a7f5c7b257129: version_keys = {}
[22:33:22.194] [DEBUG] _find_record: record 7c726cbfcca576f6: version_keys = {}
[22:33:22.194] [DEBUG] _find_record: record 192ac3f16cc34a44: version_keys = {}
[22:33:22.194] [DEBUG] _find_record: record 6f6b7d26cc94e646: version_keys = {}
[22:33:22.194] [DEBUG] _find_record: record 7f157b6cc1c44b85: version_keys = {}
[22:33:22.194] [DEBUG] _find_record: record dfd0d5eea5cd19af: version_keys = {}
[22:33:22.194] [DEBUG] _find_record: record 9e1a3bc26b0e150b: version_keys = {}
[22:33:22.194] [DEBUG] _find_record: record 536505992b695064: version_keys = {}
[22:33:22.194] [DEBUG] _find_record: record fe5592c7da9bf5ba: version_keys = {}
[22:33:22.194] [DEBUG] _find_record: record 4d3b8e56cc0a7280: version_keys = {}
[22:33:22.194] [DEBUG] _find_record: record 6e985866b202c875: version_keys = {}
[22:33:22.194] [DEBUG] _find_record: record aeb63c45999dec52: version_keys = {}
[22:33:22.194] [DEBUG] _find_record: record 6899e715c121b971: version_keys = {}
[22:33:22.194] [DEBUG] _find_record: record 22b5a0b002f25873: version_keys = {}
[22:33:22.194] [DEBUG] _find_record: record 9a93a03d9e83734a: version_keys = {}
[22:33:22.194] [DEBUG] _find_record: record 9a9e750f5a964d36: version_keys = {}
[22:33:22.194] [DEBUG] _find_record: record deb7ca4a5a7dcb94: version_keys = {}
[22:33:22.194] [DEBUG] _find_record: record 1c8a8f93d9aa16de: version_keys = {}
[22:33:22.194] [DEBUG] _find_record: record 0b58ae041c3bcfe5: version_keys = {}
[22:33:22.194] [DEBUG] _find_record: record 24ffab8d0faed699: version_keys = {}
[22:33:22.194] [DEBUG] _find_record: record a50767b7dffa2fbb: version_keys = {}
[22:33:22.194] [DEBUG] _find_record: record e3e0395772e54552: version_keys = {}
[22:33:22.194] [DEBUG] _find_record: record b623ee94d2945741: version_keys = {}
[22:33:22.194] [DEBUG] _find_record: record 7623e8bd0ffc3723: version_keys = {}
[22:33:22.194] [DEBUG] _find_record: record 7084528df78e8b36: version_keys = {}
[22:33:22.194] [DEBUG] _find_record: record f543ad055c9c5d29: version_keys = {}
[22:33:22.194] [DEBUG] _find_record: record cc78535eac1262f1: version_keys = {}
[22:33:22.194] [DEBUG] _find_record: record 55faf8ce45b8446e: version_keys = {}
[22:33:22.194] [DEBUG] _find_record: record 5c02838a7e23fff5: version_keys = {}
[22:33:22.195] [DEBUG] _find_record: record d92f910113093ad4: version_keys = {}
[22:33:22.195] [DEBUG] _find_record: record 1b281c6054b9018f: version_keys = {}
[22:33:22.195] [DEBUG] _find_record: record 06611a22f879230e: version_keys = {}
[22:33:22.195] [DEBUG] _find_record: record 421dd381e0d37dba: version_keys = {}
[22:33:22.195] [DEBUG] _find_record: record b482ee5316be687e: version_keys = {}
[22:33:22.195] [DEBUG] _find_record: record 2f6e0a72581abc3f: version_keys = {}
[22:33:22.195] [DEBUG] _find_record: record 5b3ba6f4b171e8a0: version_keys = {}
[22:33:22.195] [DEBUG] _find_record: record 8d778a06f2956e4d: version_keys = {}
[22:33:22.195] [DEBUG] _find_record: record c9f218d94b929c7f: version_keys = {}
[22:33:22.195] [DEBUG] _find_record: record 3cc83c08d9ec8448: version_keys = {}
[22:33:22.195] [DEBUG] _find_record: record 9fb8e14ad5dd57e8: version_keys = {}
[22:33:22.195] [DEBUG] _find_record: record 3404ee006a26e49c: version_keys = {}
[22:33:22.195] [DEBUG] _find_record: record 9f2975d95fd0d71d: version_keys = {}
[22:33:22.195] [DEBUG] _find_record: record 0cdeded4de9f3951: version_keys = {}
[22:33:22.195] [DEBUG] _find_record: record 70115d02fd5a7afd: version_keys = {}
[22:33:22.195] [DEBUG] _find_record: record c385bba9b1f4f9ab: version_keys = {}
[22:33:22.195] [DEBUG] _find_record: record 2f0bc434a6a4bc3d: version_keys = {}
[22:33:22.195] [DEBUG] _find_record: record edb7372820c8c729: version_keys = {}
[22:33:22.195] [DEBUG] _find_record: record 15fdf403db561513: version_keys = {}
[22:33:22.195] [DEBUG] _find_record: record 892bb57a44ec028a: version_keys = {}
[22:33:22.195] [DEBUG] _find_record: record 48b5e54a2bd4ee41: version_keys = {}
[22:33:22.195] [DEBUG] _find_record: record 8c88abe249859790: version_keys = {}
[22:33:22.195] [DEBUG] _find_record: record e9e6f3cbd9706f51: version_keys = {}
[22:33:22.195] [DEBUG] _find_record: record 825ce2e0e9d74d17: version_keys = {}
[22:33:22.195] [DEBUG] _find_record: record 25fac523131a759b: version_keys = {}
[22:33:22.195] [DEBUG] _find_record: record c04691e368ecd2c9: version_keys = {}
[22:33:22.195] [DEBUG] _find_record: record 0130ac9f416ce259: version_keys = {}
[22:33:22.195] [DEBUG] _find_record: record b414fe8ef0462fdb: version_keys = {}
[22:33:22.195] [DEBUG] _find_record: record f08bcb8b64fd56b6: version_keys = {}
[22:33:22.195] [DEBUG] _find_record: record 9f4394acbf39bd83: version_keys = {}
[22:33:22.195] [DEBUG] _find_record: record 51c4cc0fb31e0ced: version_keys = {}
[22:33:22.196] [DEBUG] _find_record: record b33f0b214666fd51: version_keys = {}
[22:33:22.196] [DEBUG] _find_record: record c006217216a5fcf4: version_keys = {}
[22:33:22.196] [DEBUG] _find_record: record fed80dc016edd0da: version_keys = {}
[22:33:22.196] [DEBUG] _find_record: record f0c71adea3a987dd: version_keys = {}
[22:33:22.196] [DEBUG] _find_record: record ef9de71b66672eb8: version_keys = {}
[22:33:22.196] [DEBUG] _find_record: record 5f4007086b2ca8c1: version_keys = {}
[22:33:22.196] [DEBUG] _find_record: record 124800ff4b1bc871: version_keys = {}
[22:33:22.196] [DEBUG] _find_record: record 91dce220ac8e29db: version_keys = {}
[22:33:22.196] [DEBUG] _find_record: record aa7735de31bcf1e0: version_keys = {}
[22:33:22.196] [DEBUG] _find_record: record ed654903893b611e: version_keys = {}
[22:33:22.196] [DEBUG] _find_record: record 6458ed4a394623bc: version_keys = {}
[22:33:22.196] [DEBUG] _find_record: record b82111527f9e8588: version_keys = {}
[22:33:22.196] [DEBUG] _find_record: record 4fffbf05b8192cb0: version_keys = {}
[22:33:22.196] [DEBUG] _find_record: record e7e0ee65dcd1b16c: version_keys = {}
[22:33:22.196] [DEBUG] _find_record: record cd398aef6e923188: version_keys = {}
[22:33:22.196] [DEBUG] _find_record: record a40d666281b61248: version_keys = {}
[22:33:22.196] [DEBUG] _find_record: record 72b3f9fdccc9334d: version_keys = {}
[22:33:22.196] [DEBUG] _find_record: record b6efda1dcacbcb73: version_keys = {}
[22:33:22.196] [DEBUG] _find_record: record 353ab6c2c7c773a6: version_keys = {}
[22:33:22.196] [DEBUG] _find_record: record a3833bc3cdab89a7: version_keys = {}
[22:33:22.196] [DEBUG] _find_record: record 8976cd89c0b6179e: version_keys = {}
[22:33:22.196] [DEBUG] _find_record: record fe58a1b4b74323cd: version_keys = {}
[22:33:22.196] [DEBUG] _find_record: record d580659fc9ac959c: version_keys = {}
[22:33:22.196] [DEBUG] _find_record: record 36204224fa6c664d: version_keys = {}
[22:33:22.196] [DEBUG] _find_record: record fbffe5d09648a522: version_keys = {}
[22:33:22.196] [DEBUG] _find_record: record d383b837fe273a5f: version_keys = {}
[22:33:22.196] [DEBUG] _find_record: record b497e108ad828990: version_keys = {}
[22:33:22.196] [DEBUG] _find_record: record 405aa3da3192cd43: version_keys = {}
[22:33:22.196] [DEBUG] _find_record: record 3aeed8a7a0f6d7b1: version_keys = {}
[22:33:22.196] [DEBUG] _find_record: record 1a75c09874457f4d: version_keys = {}
[22:33:22.196] [DEBUG] _find_record: record ed3f812411c592c0: version_keys = {}
[22:33:22.197] [DEBUG] _find_record: record 7059c69bf1cd1516: version_keys = {}
[22:33:22.197] [DEBUG] _find_record: record da51cfe6d1a32d66: version_keys = {}
[22:33:22.197] [DEBUG] _find_record: record 073b88a1cc68b738: version_keys = {}
[22:33:22.197] [DEBUG] _find_record: record dfe37526f253a7d5: version_keys = {}
[22:33:22.197] [DEBUG] _find_record: record 67cc1d2973248fb3: version_keys = {}
[22:33:22.197] [DEBUG] _find_record: record 3776ebf7d7a58a6f: version_keys = {}
[22:33:22.197] [DEBUG] _find_record: record 4fbce5efcdde4b7a: version_keys = {}
[22:33:22.197] [DEBUG] _find_record: record 8d6f11cc9898212d: version_keys = {}
[22:33:22.197] [DEBUG] _find_record: record 5fa010ec00476e71: version_keys = {}
[22:33:22.197] [DEBUG] _find_record: record a5ed6b7617726615: version_keys = {}
[22:33:22.197] [DEBUG] _find_record: record 2aba5940fcc7c4b4: version_keys = {}
[22:33:22.197] [DEBUG] _find_record: record 9c2511af6edbc655: version_keys = {}
[22:33:22.197] [DEBUG] _find_record: record be4e7742f5544ef2: version_keys = {}
[22:33:22.197] [DEBUG] _find_record: record 64cc12c26d00e923: version_keys = {}
[22:33:22.197] [DEBUG] _find_record: record b5a01ae6da9c2a98: version_keys = {}
[22:33:22.197] [DEBUG] _find_record: record eaf5bb290a9b2895: version_keys = {}
[22:33:22.197] [DEBUG] _find_record: record 18d355ccd8d5415b: version_keys = {}
[22:33:22.197] [DEBUG] _find_record: record 1893717b8adb112d: version_keys = {}
[22:33:22.197] [DEBUG] _find_record: record 78d4042b79738d49: version_keys = {}
[22:33:22.197] [DEBUG] _find_record: record c0491e4ac9d283ba: version_keys = {}
[22:33:22.197] [DEBUG] _find_record: record 5b25e67b9766da32: version_keys = {}
[22:33:22.197] [DEBUG] _find_record: record 65471af48dde5eef: version_keys = {}
[22:33:22.197] [DEBUG] _find_record: record 50e1d9e19dd6b859: version_keys = {}
[22:33:22.197] [DEBUG] _find_record: record 59b0b426d35528c2: version_keys = {}
[22:33:22.197] [DEBUG] _find_record: record 9b0b8d1d9bf5b581: version_keys = {}
[22:33:22.197] [DEBUG] _find_record: record 630f8f6e21ba3091: version_keys = {}
[22:33:22.197] [DEBUG] _find_record: record 050ead6ed4470106: version_keys = {}
[22:33:22.197] [DEBUG] _find_record: record e334520b192ab35a: version_keys = {}
[22:33:22.197] [DEBUG] _find_record: record 1ba428ff2a60ac29: version_keys = {}
[22:33:22.197] [DEBUG] _find_record: record f29167d83d8a2677: version_keys = {}
[22:33:22.198] [DEBUG] _find_record: record 06ec9fefb5396a8c: version_keys = {}
[22:33:22.198] [DEBUG] _find_record: record 7aa9545b6afe48b9: version_keys = {}
[22:33:22.198] [DEBUG] _find_record: record 2a4f058b81256531: version_keys = {}
[22:33:22.198] [DEBUG] _find_record: record 9ca37cd51c7d4bfc: version_keys = {}
[22:33:22.198] [DEBUG] _find_record: record b295b5aa1e848e83: version_keys = {}
[22:33:22.198] [DEBUG] _find_record: record da8d5a4ee0508068: version_keys = {}
[22:33:22.198] [DEBUG] _find_record: record c98a27f5696ae70d: version_keys = {}
[22:33:22.198] [DEBUG] _find_record: record 26b066b64ee983de: version_keys = {}
[22:33:22.198] [DEBUG] _find_record: record e875a56a3d3fbfa6: version_keys = {}
[22:33:22.198] [DEBUG] _find_record: record 3c68798e14be91eb: version_keys = {}
[22:33:22.198] [DEBUG] _find_record: record 1f00273eacacff84: version_keys = {}
[22:33:22.198] [DEBUG] _find_record: record 677864b269376594: version_keys = {}
[22:33:22.198] [DEBUG] _find_record: record 3d3de936b4dead94: version_keys = {}
[22:33:22.198] [DEBUG] _find_record: record 367f4806d0ea1c9e: version_keys = {}
[22:33:22.198] [DEBUG] _find_record: record 55a2263413add9e4: version_keys = {}
[22:33:22.198] [DEBUG] _find_record: record 9ee841adb04ff83d: version_keys = {}
[22:33:22.198] [DEBUG] _find_record: record 24e00d3fd631943f: version_keys = {}
[22:33:22.198] [DEBUG] _find_record: record 21bab706bdbeb009: version_keys = {}
[22:33:22.198] [DEBUG] _find_record: record 6f6c4f1a093f65d9: version_keys = {}
[22:33:22.198] [DEBUG] _find_record: record cbe543d1a30bff08: version_keys = {}
[22:33:22.198] [DEBUG] _find_record: record 077da4a6db3014e8: version_keys = {}
[22:33:22.198] [DEBUG] _find_record: record 8a89ef1c632e1431: version_keys = {}
[22:33:22.198] [DEBUG] _find_record: record 35010e9bb19fa3bd: version_keys = {}
[22:33:22.198] [DEBUG] _find_record: record 03b27fbbe2c987c2: version_keys = {}
[22:33:22.198] [DEBUG] _find_record: record 21534ac80c2dad64: version_keys = {}
[22:33:22.198] [DEBUG] _find_record: record bd01628402b793a7: version_keys = {}
[22:33:22.198] [DEBUG] _find_record: record 2cac120b480f3bd8: version_keys = {}
[22:33:22.198] [DEBUG] _find_record: record a352148fdaf848bd: version_keys = {}
[22:33:22.198] [DEBUG] _find_record: record 3f1e898130694d87: version_keys = {}
[22:33:22.198] [DEBUG] _find_record: record 7bfcb1d13e9f59c7: version_keys = {}
[22:33:22.198] [DEBUG] _find_record: record d24e2e740d3ec923: version_keys = {}
[22:33:22.199] [DEBUG] _find_record: record 1fdecc50f2c17e4b: version_keys = {}
[22:33:22.199] [DEBUG] _find_record: record 53ec0af9715637e4: version_keys = {}
[22:33:22.199] [DEBUG] _find_record: record 4d9ac2b996cf6b0e: version_keys = {}
[22:33:22.199] [DEBUG] _find_record: record 1b9e686a698fa677: version_keys = {}
[22:33:22.199] [DEBUG] _find_record: record 042b5373e6dd8f79: version_keys = {}
[22:33:22.199] [DEBUG] _find_record: record 0210c2eee36f978b: version_keys = {}
[22:33:22.199] [DEBUG] _find_record: record ddd7362ecabd1a0b: version_keys = {}
[22:33:22.199] [DEBUG] _find_record: record 22eaa9ddec31b425: version_keys = {}
[22:33:22.199] [DEBUG] _find_record: record 130a2b49ff8e98ff: version_keys = {}
[22:33:22.199] [DEBUG] _find_record: record ab8091aa96c2536c: version_keys = {}
[22:33:22.199] [DEBUG] _find_record: record 9b8e09ea53439178: version_keys = {}
[22:33:22.199] [DEBUG] _find_record: record c39bb7e4471d76b7: version_keys = {}
[22:33:22.199] [DEBUG] _find_record: record 2d17ecd18cefc425: version_keys = {}
[22:33:22.199] [DEBUG] _find_record: record d42a35eede7817c6: version_keys = {}
[22:33:22.199] [DEBUG] _find_record: record 77c8564d65465d4a: version_keys = {}
[22:33:22.199] [DEBUG] _find_record: record cb4a2e54b94b61f0: version_keys = {}
[22:33:22.199] [DEBUG] _find_record: record 2129cc6e4ade256a: version_keys = {}
[22:33:22.199] [DEBUG] _find_record: record b0b69901343ae6f3: version_keys = {}
[22:33:22.199] [DEBUG] _find_record: record fccf52d0cde17791: version_keys = {}
[22:33:22.199] [DEBUG] _find_record: record 0fba1461c069a077: version_keys = {}
[22:33:22.199] [DEBUG] _find_record: record a33c78c2d43713dc: version_keys = {}
[22:33:22.199] [DEBUG] _find_record: record 2cda4dafe8932979: version_keys = {}
[22:33:22.199] [DEBUG] _find_record: record da127a97a95fce3c: version_keys = {}
[22:33:22.199] [DEBUG] _find_record: record 27518edc75579094: version_keys = {}
[22:33:22.199] [DEBUG] _find_record: record a5ac456dfb3e6d72: version_keys = {}
[22:33:22.199] [DEBUG] _find_record: record 408a61afed4baf60: version_keys = {}
[22:33:22.199] [DEBUG] _find_record: record 7ddafa011ff6e4a0: version_keys = {}
[22:33:22.199] [DEBUG] _find_record: record 10f9cf9a00e47e7d: version_keys = {}
[22:33:22.199] [DEBUG] _find_record: record e32afc26007a3e92: version_keys = {}
[22:33:22.199] [DEBUG] _find_record: record 1621b633f90c3858: version_keys = {}
[22:33:22.199] [DEBUG] _find_record: record 46f0667bfb6e07ae: version_keys = {}
[22:33:22.200] [DEBUG] _find_record: record 51d9a724bf20515e: version_keys = {}
[22:33:22.200] [DEBUG] _find_record: record 8c172620d093ec0a: version_keys = {}
[22:33:22.200] [DEBUG] _find_record: record a5db7ba5594b6f06: version_keys = {}
[22:33:22.200] [DEBUG] _find_record: record 5008a641ec228e83: version_keys = {}
[22:33:22.200] [DEBUG] _find_record: record 3d25ae5e9a68a6b6: version_keys = {}
[22:33:22.200] [DEBUG] _find_record: record 368a880c6e65ece4: version_keys = {}
[22:33:22.200] [DEBUG] _find_record: record 2f472b6dcea96bce: version_keys = {}
[22:33:22.200] [DEBUG] _find_record: record 1303bd12d624c934: version_keys = {}
[22:33:22.200] [DEBUG] _find_record: record 9a0b483fa88399fd: version_keys = {}
[22:33:22.200] [DEBUG] _find_record: record 065f1290bbd56b59: version_keys = {}
[22:33:22.200] [DEBUG] _find_record: record 5922f2579923dd62: version_keys = {}
[22:33:22.200] [DEBUG] _find_record: record 567ccfb281f9c276: version_keys = {}
[22:33:22.200] [DEBUG] _find_record: record f943443c1e854844: version_keys = {}
[22:33:22.200] [DEBUG] _find_record: record a86d9fa485a38ca9: version_keys = {}
[22:33:22.200] [DEBUG] _find_record: record b579ddd6d353ba2f: version_keys = {}
[22:33:22.200] [DEBUG] _find_record: record 8b5fe63011d281d4: version_keys = {}
[22:33:22.200] [DEBUG] _find_record: record c0846568b10044e6: version_keys = {}
[22:33:22.200] [DEBUG] _find_record: record 34107759b9e3a9ea: version_keys = {}
[22:33:22.200] [DEBUG] _find_record: record e2a08b6e49058238: version_keys = {}
[22:33:22.200] [DEBUG] _find_record: record 1c0e4ac64228e1f1: version_keys = {}
[22:33:22.200] [DEBUG] _find_record: record b732f3002d433270: version_keys = {}
[22:33:22.200] [DEBUG] _find_record: record 7a788ae24cbb3f4d: version_keys = {}
[22:33:22.200] [DEBUG] _find_record: record 0de0d19d349c37a3: version_keys = {}
[22:33:22.200] [DEBUG] _find_record: record 0b9644db92b679a9: version_keys = {}
[22:33:22.200] [DEBUG] _find_record: record 73e188e3c71f88af: version_keys = {}
[22:33:22.200] [DEBUG] _find_record: record 77552b579bfdcade: version_keys = {}
[22:33:22.200] [DEBUG] _find_record: record 7b6156c2f3d91336: version_keys = {}
[22:33:22.200] [DEBUG] _find_record: record 48d06efe2541e395: version_keys = {}
[22:33:22.200] [DEBUG] _find_record: record 6e80682797a8bbc0: version_keys = {}
[22:33:22.200] [DEBUG] _find_record: record 0e7f0783cd09e422: version_keys = {}
[22:33:22.200] [DEBUG] _find_record: record ff3d448b9eb58c6b: version_keys = {}
[22:33:22.201] [DEBUG] _find_record: record 8f9417cf9451c7ba: version_keys = {}
[22:33:22.201] [DEBUG] _find_record: record d540743c4b246da8: version_keys = {}
[22:33:22.201] [DEBUG] _find_record: record 3698d61e44a6eece: version_keys = {}
[22:33:22.201] [DEBUG] _find_record: record 449861d8219566a1: version_keys = {}
[22:33:22.201] [DEBUG] _find_record: record 63c322d929025ce1: version_keys = {}
[22:33:22.201] [DEBUG] _find_record: record f976f26a688d511f: version_keys = {}
[22:33:22.201] [DEBUG] _find_record: record b72dbc38a39447cb: version_keys = {}
[22:33:22.201] [DEBUG] _find_record: record 6275cb09fe6f3896: version_keys = {}
[22:33:22.201] [DEBUG] _find_record: record 53f629a5f50b4a9d: version_keys = {}
[22:33:22.201] [DEBUG] _find_record: record 4a44a09267c08e63: version_keys = {}
[22:33:22.201] [DEBUG] _find_record: record 34178e792785835f: version_keys = {}
[22:33:22.201] [DEBUG] _find_record: record 5020156bddd51173: version_keys = {}
[22:33:22.201] [DEBUG] _find_record: record ca372f1824980526: version_keys = {}
[22:33:22.201] [DEBUG] _find_record: record 333c3ff12dcd0dba: version_keys = {}
[22:33:22.201] [DEBUG] _find_record: record c842d43dd10c016a: version_keys = {}
[22:33:22.201] [DEBUG] _find_record: record 4c8f23453a0ddfc0: version_keys = {}
[22:33:22.201] [DEBUG] _find_record: record cc59669251dc8f27: version_keys = {}
[22:33:22.201] [DEBUG] _find_record: record 492d1cbac2847ad5: version_keys = {}
[22:33:22.201] [DEBUG] _find_record: record a051cb920ddfb7f4: version_keys = {}
[22:33:22.201] [DEBUG] _find_record: record 2e12ba51780459b9: version_keys = {}
[22:33:22.201] [DEBUG] _find_record: record a24d99d8b1983b39: version_keys = {}
[22:33:22.201] [DEBUG] _find_record: record c1bb247417074638: version_keys = {}
[22:33:22.201] [DEBUG] _find_record: record 5010ea6cd4cea082: version_keys = {}
[22:33:22.201] [DEBUG] _find_record: record daae011ec817eda9: version_keys = {}
[22:33:22.201] [DEBUG] _find_record: record a669ac30ad8826cf: version_keys = {}
[22:33:22.201] [DEBUG] _find_record: record 1e4975c450c82f8c: version_keys = {}
[22:33:22.201] [DEBUG] _find_record: record 5bedad402388b4c3: version_keys = {}
[22:33:22.201] [DEBUG] _find_record: record 83d3449b7a7ffb8b: version_keys = {}
[22:33:22.201] [DEBUG] _find_record: record a6352542d9d4a20b: version_keys = {}
[22:33:22.201] [DEBUG] _find_record: record 15f2ad002dedf36e: version_keys = {}
[22:33:22.202] [DEBUG] _find_record: record 198f6fcfb0601be5: version_keys = {}
[22:33:22.202] [DEBUG] _find_record: record 03e5eaf4f1b45df1: version_keys = {}
[22:33:22.202] [DEBUG] _find_record: record a2aa1c3736871303: version_keys = {}
[22:33:22.202] [DEBUG] _find_record: record 2307da501b006ab5: version_keys = {}
[22:33:22.202] [DEBUG] _find_record: record 9fc92e0ef4cba9a0: version_keys = {}
[22:33:22.202] [DEBUG] _find_record: record 24042c180c70b979: version_keys = {}
[22:33:22.202] [DEBUG] _find_record: record 61bde8d20df805eb: version_keys = {}
[22:33:22.202] [DEBUG] _find_record: record 5c4171a7533cd8a0: version_keys = {}
[22:33:22.202] [DEBUG] _find_record: record af092f537456b6b8: version_keys = {}
[22:33:22.202] [DEBUG] _find_record: record af3c3a880fa2367a: version_keys = {}
[22:33:22.202] [DEBUG] _find_record: record a8c418bbd06bc4ed: version_keys = {}
[22:33:22.202] [DEBUG] _find_record: record dceeca805615e66c: version_keys = {}
[22:33:22.202] [DEBUG] _find_record: record ccef0e90b4fa5037: version_keys = {}
[22:33:22.202] [DEBUG] _find_record: record 0e0a29d48fa3562c: version_keys = {}
[22:33:22.202] [DEBUG] _find_record: record 7b5d651940eda86d: version_keys = {}
[22:33:22.202] [DEBUG] _find_record: record b38382f84e4966db: version_keys = {}
[22:33:22.202] [DEBUG] _find_record: record d66eb63289fcf657: version_keys = {}
[22:33:22.202] [DEBUG] _find_record: record 27b8eb46b33caacc: version_keys = {}
[22:33:22.202] [DEBUG] _find_record: record c43fea565dc19c82: version_keys = {}
[22:33:22.202] [DEBUG] _find_record: record c6fdc826950ca1df: version_keys = {}
[22:33:22.202] [DEBUG] _find_record: record d5579de5f0ccecc6: version_keys = {}
[22:33:22.202] [DEBUG] _find_record: record 3fcdfdd512c83af5: version_keys = {}
[22:33:22.202] [DEBUG] _find_record: record 1e8eefe12ce4d9b3: version_keys = {}
[22:33:22.202] [DEBUG] _find_record: record 5f3d0ebdf60635ca: version_keys = {}
[22:33:22.202] [DEBUG] _find_record: record 69946410f469f845: version_keys = {}
[22:33:22.202] [DEBUG] _find_record: record 8a284e13aab708da: version_keys = {}
[22:33:22.202] [DEBUG] _find_record: record 16bc2fe8e9a38c07: version_keys = {}
[22:33:22.202] [DEBUG] _find_record: record 255d26794d0c6b51: version_keys = {}
[22:33:22.202] [DEBUG] _find_record: record 775219b084823581: version_keys = {}
[22:33:22.202] [DEBUG] _find_record: record 422ae38eeb27e12d: version_keys = {}
[22:33:22.203] [DEBUG] _find_record: record 8307fd65b413606c: version_keys = {}
[22:33:22.203] [DEBUG] _find_record: record 3308c48eb971afa5: version_keys = {}
[22:33:22.203] [DEBUG] _find_record: record 16203094c209d508: version_keys = {}
[22:33:22.203] [DEBUG] _find_record: record df3a4428eba1eecd: version_keys = {}
[22:33:22.203] [DEBUG] _find_record: record f90d75466b90875f: version_keys = {}
[22:33:22.203] [DEBUG] _find_record: record 0f9500b6f27cb593: version_keys = {}
[22:33:22.203] [DEBUG] _find_record: record 98bcb283c2949847: version_keys = {}
[22:33:22.203] [DEBUG] _find_record: record ee5b5137bbf69dc4: version_keys = {}
[22:33:22.203] [DEBUG] _find_record: record 9dbaa3b743f3f7ff: version_keys = {}
[22:33:22.203] [DEBUG] _find_record: record 1daaa9cdb576693d: version_keys = {}
[22:33:22.203] [DEBUG] _find_record: record e939230cfa4e734e: version_keys = {}
[22:33:22.203] [DEBUG] _find_record: record a2598c1facc7151e: version_keys = {}
[22:33:22.203] [DEBUG] _find_record: record 244b3c14878fbd5b: version_keys = {}
[22:33:22.203] [DEBUG] _find_record: record 331d71344f288fb9: version_keys = {}
[22:33:22.203] [DEBUG] _find_record: record 56559c65f02a6e38: version_keys = {}
[22:33:22.203] [DEBUG] _find_record: record 49b74f42b06a0d81: version_keys = {}
[22:33:22.203] [DEBUG] _find_record: record 8038ed2557002a04: version_keys = {}
[22:33:22.203] [DEBUG] _find_record: record 8e1bbd5fb0b1cee5: version_keys = {}
[22:33:22.203] [DEBUG] _find_record: record a7d2d258a34aeffa: version_keys = {}
[22:33:22.203] [DEBUG] _find_record: record 32bade12b1b66f78: version_keys = {}
[22:33:22.203] [DEBUG] _find_record: record 4a734f00cea80671: version_keys = {}
[22:33:22.203] [DEBUG] _find_record: record a6f5022c9307b72e: version_keys = {}
[22:33:22.203] [DEBUG] _find_record: record 86f4de458e607f48: version_keys = {}
[22:33:22.203] [DEBUG] _find_record: record c81ab480397c56c2: version_keys = {}
[22:33:22.203] [DEBUG] _find_record: record 01110136c0a40b5e: version_keys = {}
[22:33:22.203] [DEBUG] _find_record: record fbc666cb29b924b8: version_keys = {}
[22:33:22.203] [DEBUG] _find_record: record 1225ec32889ac82e: version_keys = {}
[22:33:22.203] [DEBUG] _find_record: record 5e1d6c78e54f6a5f: version_keys = {}
[22:33:22.203] [DEBUG] _find_record: record 90f3205ae4cd1cee: version_keys = {}
[22:33:22.203] [DEBUG] _find_record: record 8e6fff04f50bfb1d: version_keys = {}
[22:33:22.204] [DEBUG] _find_record: record e62dcaf40cb4e0bd: version_keys = {}
[22:33:22.204] [DEBUG] _find_record: record 010c4a09d907b897: version_keys = {}
[22:33:22.204] [DEBUG] _find_record: record dd2415f4f5e2e40b: version_keys = {}
[22:33:22.204] [DEBUG] _find_record: record 6f4b7ad0cca25ea1: version_keys = {}
[22:33:22.204] [DEBUG] _find_record: record ad6335c53f2e9f55: version_keys = {}
[22:33:22.204] [DEBUG] _find_record: record ef11abe9ee73628f: version_keys = {}
[22:33:22.204] [DEBUG] _find_record: record 9463f0f1d56c99cc: version_keys = {}
[22:33:22.204] [DEBUG] _find_record: record d5b82c3c8c6bfb80: version_keys = {}
[22:33:22.204] [DEBUG] _find_record: record 5f494686cce5ef88: version_keys = {}
[22:33:22.204] [DEBUG] _find_record: record d573d5a9fc287221: version_keys = {}
[22:33:22.204] [DEBUG] _find_record: record e6e2b8c44a532031: version_keys = {}
[22:33:22.204] [DEBUG] _find_record: record c48116ee016eba10: version_keys = {}
[22:33:22.204] [DEBUG] _find_record: record 62581a62c2be1fdf: version_keys = {}
[22:33:22.204] [DEBUG] _find_record: record 5ad9149e01e713fc: version_keys = {}
[22:33:22.204] [DEBUG] _find_record: record 7097d25d2e86ea2a: version_keys = {}
[22:33:22.204] [DEBUG] _find_record: record 30c4563e317c0302: version_keys = {}
[22:33:22.204] [DEBUG] _find_record: record ebd6fe0fe45465ff: version_keys = {}
[22:33:22.204] [DEBUG] _find_record: record a4d8bff98c49f039: version_keys = {}
[22:33:22.204] [DEBUG] _find_record: record 557d85723233cb42: version_keys = {}
[22:33:22.204] [DEBUG] _find_record: record 64bcd40cd9a48ee1: version_keys = {}
[22:33:22.204] [DEBUG] _find_record: record acbfbb9ccf731160: version_keys = {}
[22:33:22.204] [DEBUG] _find_record: record b41f0b6524600c1f: version_keys = {}
[22:33:22.204] [DEBUG] _find_record: record 821b10fe9b8e04e4: version_keys = {}
[22:33:22.204] [DEBUG] _find_record: record 5be3f312ea258533: version_keys = {}
[22:33:22.204] [DEBUG] _find_record: record efd133ef6c790519: version_keys = {}
[22:33:22.204] [DEBUG] _find_record: record badfe38a9ce44cb4: version_keys = {}
[22:33:22.204] [DEBUG] _find_record: record 4682c34f4806c54e: version_keys = {}
[22:33:22.204] [DEBUG] _find_record: record 94364bcedd2f5ded: version_keys = {}
[22:33:22.204] [DEBUG] _find_record: record d3a970225089ebc5: version_keys = {}
[22:33:22.205] [DEBUG] _find_record: record 17f12f676919baaa: version_keys = {}
[22:33:22.205] [DEBUG] _find_record: record 0f624d95fa09e63e: version_keys = {}
[22:33:22.205] [DEBUG] _find_record: record 6dd8f0b68668cd1a: version_keys = {}
[22:33:22.205] [DEBUG] _find_record: record f572728102cf5bbc: version_keys = {}
[22:33:22.205] [DEBUG] _find_record: record 72cdcc05ff81121f: version_keys = {}
[22:33:22.205] [DEBUG] _find_record: record 72c7dc1820dc759c: version_keys = {}
[22:33:22.205] [DEBUG] _find_record: record 7a116e3d4725916c: version_keys = {}
[22:33:22.205] [DEBUG] _find_record: record 53c80e60e78f8319: version_keys = {}
[22:33:22.205] [DEBUG] _find_record: record 2aa5e9d1dfc46475: version_keys = {}
[22:33:22.205] [DEBUG] _find_record: record 07595660ed757b42: version_keys = {}
[22:33:22.205] [DEBUG] _find_record: record 761c27db62ec198c: version_keys = {}
[22:33:22.205] [DEBUG] _find_record: record 34e70a2eabad68a0: version_keys = {}
[22:33:22.205] [DEBUG] _find_record: record eea801cd012a9c0b: version_keys = {}
[22:33:22.205] [DEBUG] _find_record: record c4e995f95ca52a4b: version_keys = {}
[22:33:22.205] [DEBUG] _find_record: record ab149584db548784: version_keys = {}
[22:33:22.205] [DEBUG] _find_record: record cb9968c25f2b6740: version_keys = {}
[22:33:22.205] [DEBUG] _find_record: record 24a874da4033bdcd: version_keys = {}
[22:33:22.205] [DEBUG] _find_record: record ff04c74372c62476: version_keys = {}
[22:33:22.205] [DEBUG] _find_record: record 359471aa84becd2d: version_keys = {}
[22:33:22.205] [DEBUG] _find_record: record 089f8cb6220d7ecd: version_keys = {}
[22:33:22.205] [DEBUG] _find_record: record 51351aff1b7ec1cb: version_keys = {}
[22:33:22.205] [DEBUG] _find_record: record 24498f1f59e77c62: version_keys = {}
[22:33:22.205] [DEBUG] _find_record: record 84ba2e4ccddd4020: version_keys = {}
[22:33:22.205] [DEBUG] _find_record: record a81ef1a2be564c70: version_keys = {}
[22:33:22.205] [DEBUG] _find_record: record 085e0395b7df75da: version_keys = {}
[22:33:22.205] [DEBUG] _find_record: record 9cd276a2add751ff: version_keys = {}
[22:33:22.205] [DEBUG] _find_record: record 13aec19a0c0f3622: version_keys = {}
[22:33:22.205] [DEBUG] _find_record: record de87fdbb56637c89: version_keys = {}
[22:33:22.205] [DEBUG] _find_record: record cdf1b0ee80641bb8: version_keys = {}
[22:33:22.206] [DEBUG] _find_record: record da41c39bda8d2a4f: version_keys = {}
[22:33:22.206] [DEBUG] _find_record: record 0caba4b4d6a07998: version_keys = {}
[22:33:22.206] [DEBUG] _find_record: record 7b5e2e6943292e19: version_keys = {}
[22:33:22.206] [DEBUG] _find_record: record 62e62ebb9a4603a3: version_keys = {}
[22:33:22.206] [DEBUG] _find_record: record 8387e764fce1bc63: version_keys = {}
[22:33:22.206] [DEBUG] _find_record: record ac061c6f1705f03c: version_keys = {}
[22:33:22.206] [DEBUG] _find_record: record cac4762e03dc995a: version_keys = {}
[22:33:22.206] [DEBUG] _find_record: record 3e5335f1b9171b7e: version_keys = {}
[22:33:22.206] [DEBUG] _find_record: record 0aecb5718c6d3975: version_keys = {}
[22:33:22.206] [DEBUG] _find_record: record dd74967208ee5897: version_keys = {}
[22:33:22.206] [DEBUG] _find_record: record 7550257d9cac19c8: version_keys = {}
[22:33:22.206] [DEBUG] _find_record: record c97cf410ebc35ef8: version_keys = {}
[22:33:22.206] [DEBUG] _find_record: record 0baab3315d0a21a8: version_keys = {}
[22:33:22.206] [DEBUG] _find_record: record 025f60c27b4fe496: version_keys = {}
[22:33:22.206] [DEBUG] _find_record: record 0e0da8a965f19065: version_keys = {}
[22:33:22.206] [DEBUG] _find_record: record 04eb54f1931d6023: version_keys = {}
[22:33:22.206] [DEBUG] _find_record: record f758ba34a701a221: version_keys = {}
[22:33:22.206] [DEBUG] _find_record: record 19e386ede45c7b96: version_keys = {}
[22:33:22.206] [DEBUG] _find_record: record a47bb4c68eca3098: version_keys = {}
[22:33:22.206] [DEBUG] _find_record: record 36121ba1f3465b0b: version_keys = {}
[22:33:22.206] [DEBUG] _find_record: record 85ca1a9c7094bd5b: version_keys = {}
[22:33:22.206] [DEBUG] _find_record: record 88f4c0df960722eb: version_keys = {}
[22:33:22.206] [DEBUG] _find_record: record fb3b90b59bee3de3: version_keys = {}
[22:33:22.206] [DEBUG] _find_record: record 668c06e3c046b2a4: version_keys = {}
[22:33:22.206] [DEBUG] _find_record: record b03f73826d906dcf: version_keys = {}
[22:33:22.206] [DEBUG] _find_record: record 54d3f83887d83eee: version_keys = {}
[22:33:22.206] [DEBUG] _find_record: record 57acc59e0fcb8a37: version_keys = {}
[22:33:22.207] [DEBUG] _find_record: record 6067fe334c39a7da: version_keys = {}
[22:33:22.207] [DEBUG] _find_record: record 89a4f0b25664a687: version_keys = {}
[22:33:22.207] [DEBUG] _find_record: record f1398d7e110d9438: version_keys = {}
[22:33:22.207] [DEBUG] _find_record: record ac21ae77b6894b49: version_keys = {}
[22:33:22.207] [DEBUG] _find_record: record 2a15a51cf13ba23f: version_keys = {}
[22:33:22.207] [DEBUG] _find_record: record 2ad3db978f9d21ab: version_keys = {}
[22:33:22.207] [DEBUG] _find_record: record fab3f512416fd6f7: version_keys = {}
[22:33:22.207] [DEBUG] _find_record: record 663db757866644cd: version_keys = {}
[22:33:22.207] [DEBUG] _find_record: record 18695a45dcc9db6d: version_keys = {}
[22:33:22.207] [DEBUG] _find_record: record 2f7a8935b9413edf: version_keys = {}
[22:33:22.207] [DEBUG] _find_record: record 3ca2933623777554: version_keys = {}
[22:33:22.207] [DEBUG] _find_record: record 73400056df01780d: version_keys = {}
[22:33:22.207] [DEBUG] _find_record: record cd822ca64490e678: version_keys = {}
[22:33:22.207] [DEBUG] _find_record: record e6ff2e0e63c932cf: version_keys = {}
[22:33:22.207] [DEBUG] _find_record: record 68463136cac3261e: version_keys = {}
[22:33:22.207] [DEBUG] _find_record: record 470260d8f3c18174: version_keys = {}
[22:33:22.207] [DEBUG] _find_record: record 3fe30a353e935632: version_keys = {}
[22:33:22.207] [DEBUG] _find_record: record 1472e49f8ad41b19: version_keys = {}
[22:33:22.207] [DEBUG] _find_record: record 9154c4ce94ec93fa: version_keys = {}
[22:33:22.207] [DEBUG] _find_record: record fbdd2b7c8d203917: version_keys = {}
[22:33:22.207] [DEBUG] _find_record: record e45434c25bb0ae87: version_keys = {}
[22:33:22.207] [DEBUG] _find_record: record 0bcde577ffad62d7: version_keys = {}
[22:33:22.207] [DEBUG] _find_record: record 56cc16a0849bbd3d: version_keys = {}
[22:33:22.207] [DEBUG] _find_record: record 2c2edf85f630df11: version_keys = {}
[22:33:22.207] [DEBUG] _find_record: record a15de2c30da4e4ed: version_keys = {}
[22:33:22.207] [DEBUG] _find_record: record 2ab876642298b36c: version_keys = {}
[22:33:22.207] [DEBUG] _find_record: record de9b90de2379cadf: version_keys = {}
[22:33:22.207] [DEBUG] _find_record: record 21d2a57067f08e68: version_keys = {}
[22:33:22.207] [DEBUG] _find_record: record 94cc0756fc132c94: version_keys = {}
[22:33:22.207] [DEBUG] _find_record: record d4ba10e22ef0240f: version_keys = {}
[22:33:22.208] [DEBUG] _find_record: record 28dab5ed3acb39a7: version_keys = {}
[22:33:22.208] [DEBUG] _find_record: record 9ac59a8f28f00779: version_keys = {}
[22:33:22.208] [DEBUG] _find_record: record 0e8eb3cfa8d055a4: version_keys = {}
[22:33:22.208] [DEBUG] _find_record: record 04fea870412ece16: version_keys = {}
[22:33:22.208] [DEBUG] _find_record: record e60ef5a23518d63e: version_keys = {}
[22:33:22.208] [DEBUG] _find_record: record f77737d23c466d5f: version_keys = {}
[22:33:22.208] [DEBUG] _find_record: record 64b32d354f5cd683: version_keys = {}
[22:33:22.208] [DEBUG] _find_record: record aa3f6f98b3ce4a83: version_keys = {}
[22:33:22.208] [DEBUG] _find_record: record d5c848cdbe8eba91: version_keys = {}
[22:33:22.208] [DEBUG] _find_record: record 7099a1846aa9d574: version_keys = {}
[22:33:22.208] [DEBUG] _find_record: record 515a98a1fa08f5ac: version_keys = {}
[22:33:22.208] [DEBUG] _find_record: record 222b13fd6bd0d1bf: version_keys = {}
[22:33:22.208] [DEBUG] _find_record: record d2b552f9fe64a07f: version_keys = {}
[22:33:22.208] [DEBUG] _find_record: record a02e5509ca244f80: version_keys = {}
[22:33:22.208] [DEBUG] _find_record: record d5c738ab506ae099: version_keys = {}
[22:33:22.208] [DEBUG] _find_record: record 8ed12de84ffe6b9e: version_keys = {}
[22:33:22.208] [DEBUG] _find_record: record 87d71d501ab72d29: version_keys = {}
[22:33:22.208] [DEBUG] _find_record: record 5046c32e4cfb56bd: version_keys = {}
[22:33:22.208] [DEBUG] _find_record: record dcfaf6eb812c3995: version_keys = {}
[22:33:22.208] [DEBUG] _find_record: record 8565419e1f1f045e: version_keys = {}
[22:33:22.208] [DEBUG] _find_record: record 46338083935f73eb: version_keys = {}
[22:33:22.208] [DEBUG] _find_record: record e5fbd04a5646bc54: version_keys = {}
[22:33:22.208] [DEBUG] _find_record: record 5ac0e26f8b00a0d5: version_keys = {}
[22:33:22.208] [DEBUG] _find_record: record 2cd2487df51eb85e: version_keys = {}
[22:33:22.208] [DEBUG] _find_record: record 7876649b4bf178a3: version_keys = {}
[22:33:22.208] [DEBUG] _find_record: record 1801e3c684591ecd: version_keys = {}
[22:33:22.208] [DEBUG] _find_record: record 8d95ee319f80a809: version_keys = {}
[22:33:22.208] [DEBUG] _find_record: record d6f773e8daeb1713: version_keys = {}
[22:33:22.208] [DEBUG] _find_record: record bb43c6407019ddd6: version_keys = {}
[22:33:22.208] [DEBUG] _find_record: record 2018ac21544e600a: version_keys = {}
[22:33:22.209] [DEBUG] _find_record: record 827f1713bc48d8ed: version_keys = {}
[22:33:22.209] [DEBUG] _find_record: record 454723be02c8df7a: version_keys = {}
[22:33:22.209] [DEBUG] _find_record: record 33ea3a90c7a3a369: version_keys = {}
[22:33:22.209] [DEBUG] _find_record: record 528e2ca4f20deeef: version_keys = {}
[22:33:22.209] [DEBUG] _find_record: record 85180d339639ecb1: version_keys = {}
[22:33:22.209] [DEBUG] _find_record: record 899f657700337842: version_keys = {}
[22:33:22.209] [DEBUG] _find_record: record 2e240ba8df4d4285: version_keys = {}
[22:33:22.209] [DEBUG] _find_record: record a10f845927d4f299: version_keys = {}
[22:33:22.209] [DEBUG] _find_record: record 8cde835188b65f6c: version_keys = {}
[22:33:22.209] [DEBUG] _find_record: record d06f38757da99d4e: version_keys = {}
[22:33:22.209] [DEBUG] _find_record: record 63bbfa7531a3c978: version_keys = {}
[22:33:22.209] [DEBUG] _find_record: record bee138574f69232f: version_keys = {}
[22:33:22.209] [DEBUG] _find_record: record 93ab501f6706864c: version_keys = {}
[22:33:22.209] [DEBUG] _find_record: record 87370221b6b2d6bd: version_keys = {}
[22:33:22.209] [DEBUG] _find_record: record 6866a9f19dd06473: version_keys = {}
[22:33:22.209] [DEBUG] _find_record: record a972d88312ea7c92: version_keys = {}
[22:33:22.209] [DEBUG] _find_record: record 1507325e5270e0d2: version_keys = {}
[22:33:22.209] [DEBUG] _find_record: record 2f9a0a509e4a9f70: version_keys = {}
[22:33:22.209] [DEBUG] _find_record: record 57e8fad11eb9b268: version_keys = {}
[22:33:22.209] [DEBUG] _find_record: record 0e24766ecd36b930: version_keys = {}
[22:33:22.209] [DEBUG] _find_record: record 47b7ea1bd989cb19: version_keys = {}
[22:33:22.209] [DEBUG] _find_record: record 640d859748daf95a: version_keys = {}
[22:33:22.209] [DEBUG] _find_record: record d529d3837f9c3045: version_keys = {}
[22:33:22.209] [DEBUG] _find_record: record aa83d06064a82856: version_keys = {}
[22:33:22.209] [DEBUG] _find_record: record e9c48ab21be1e4c8: version_keys = {}
[22:33:22.209] [DEBUG] _find_record: record aa31b03b58899f2e: version_keys = {}
[22:33:22.209] [DEBUG] _find_record: record 5f4482f88ad59a8d: version_keys = {}
[22:33:22.209] [DEBUG] _find_record: record c2d5c6cdf1c92e64: version_keys = {}
[22:33:22.209] [DEBUG] _find_record: record 42e96a512fc93366: version_keys = {}
[22:33:22.209] [DEBUG] _find_record: record 78754c5070e23afd: version_keys = {}
[22:33:22.209] [DEBUG] _find_record: record 76df94fefa37a280: version_keys = {}
[22:33:22.210] [DEBUG] _find_record: record 4e9e4d689eb4d1bf: version_keys = {}
[22:33:22.210] [DEBUG] _find_record: record 5676c89ccca24a5f: version_keys = {}
[22:33:22.210] [DEBUG] _find_record: record 350eca176852e2f8: version_keys = {}
[22:33:22.210] [DEBUG] _find_record: record 7bdbf2d58776d448: version_keys = {}
[22:33:22.210] [DEBUG] _find_record: record 73c200ae3bfe74d8: version_keys = {}
[22:33:22.210] [DEBUG] _find_record: record 6618f5a2a8336813: version_keys = {}
[22:33:22.210] [DEBUG] _find_record: record 45511854551de5bc: version_keys = {}
[22:33:22.210] [DEBUG] _find_record: record a924d88b1eeb6abc: version_keys = {}
[22:33:22.210] [DEBUG] _find_record: record 88612a44474e1645: version_keys = {}
[22:33:22.210] [DEBUG] _find_record: record b4db7fe7e85454d5: version_keys = {}
[22:33:22.210] [DEBUG] _find_record: record f1b3404c342459e0: version_keys = {}
[22:33:22.210] [DEBUG] _find_record: record 06d175ec1625b2c2: version_keys = {}
[22:33:22.210] [DEBUG] _find_record: record 73dd29ec89604580: version_keys = {}
[22:33:22.210] [DEBUG] _find_record: record 975e2d780d06cc7c: version_keys = {}
[22:33:22.210] [DEBUG] _find_record: record 55070e0edfff0b8e: version_keys = {}
[22:33:22.210] [DEBUG] _find_record: record 280e9b66d8589bb5: version_keys = {}
[22:33:22.210] [DEBUG] _find_record: record ea901c6ec7b32189: version_keys = {}
[22:33:22.210] [DEBUG] _find_record: record 2989d7225c2c7b3b: version_keys = {}
[22:33:22.210] [DEBUG] _find_record: record 7ad14dec177a0532: version_keys = {}
[22:33:22.210] [DEBUG] _find_record: record c1e0301d57b3fafd: version_keys = {}
[22:33:22.210] [DEBUG] _find_record: record 849608026250377a: version_keys = {}
[22:33:22.210] [DEBUG] _find_record: record b025a1a374a5d417: version_keys = {}
[22:33:22.210] [DEBUG] _find_record: record f318106e14c92b73: version_keys = {}
[22:33:22.210] [DEBUG] _find_record: record 2dd13fc6915e646e: version_keys = {}
[22:33:22.210] [DEBUG] _find_record: record 4530f900d039fca9: version_keys = {}
[22:33:22.210] [DEBUG] _find_record: record 74f3cc6c3773fb0a: version_keys = {}
[22:33:22.210] [DEBUG] _find_record: record bdd13249880d8ebb: version_keys = {}
[22:33:22.210] [DEBUG] _find_record: record 8e48863a5cdcda50: version_keys = {}
[22:33:22.210] [DEBUG] _find_record: record 26e371baad03acdf: version_keys = {}
[22:33:22.210] [DEBUG] _find_record: record 17572c7d8a44fcb9: version_keys = {}
[22:33:22.211] [DEBUG] _find_record: record a160bfa77a809b1c: version_keys = {}
[22:33:22.211] [DEBUG] _find_record: record cb4814723aae07de: version_keys = {}
[22:33:22.211] [DEBUG] _find_record: record e6db233ca7fa9523: version_keys = {}
[22:33:22.211] [DEBUG] _find_record: record e4ed0811609b6a70: version_keys = {}
[22:33:22.211] [DEBUG] _find_record: record 2ffa9bdacaca57c6: version_keys = {}
[22:33:22.211] [DEBUG] _find_record: record cf5a4c67218b33c2: version_keys = {}
[22:33:22.211] [DEBUG] _find_record: record c285a6c84cc9284c: version_keys = {}
[22:33:22.211] [DEBUG] _find_record: record 552878f34f996202: version_keys = {}
[22:33:22.211] [DEBUG] _find_record: record 5cb4a2b6cacfafc5: version_keys = {}
[22:33:22.211] [DEBUG] _find_record: record 491bac56f3c1061d: version_keys = {}
[22:33:22.211] [DEBUG] _find_record: record 19ad20a7e4b3ee7c: version_keys = {}
[22:33:22.211] [DEBUG] _find_record: record 7abbb24283436a1a: version_keys = {}
[22:33:22.211] [DEBUG] _find_record: record 12c66c98836d4791: version_keys = {}
[22:33:22.211] [DEBUG] _find_record: record cacd66580f9d6fe6: version_keys = {}
[22:33:22.211] [DEBUG] _find_record: record 5d569ca3683b1d0d: version_keys = {}
[22:33:22.211] [DEBUG] _find_record: record 33f4817cc4d95369: version_keys = {}
[22:33:22.211] [DEBUG] _find_record: record 1328f66b6369eb10: version_keys = {}
[22:33:22.211] [DEBUG] _find_record: record 37ba6e829dfc0407: version_keys = {}
[22:33:22.211] [DEBUG] _find_record: record c7fe422de00023b0: version_keys = {}
[22:33:22.211] [DEBUG] _find_record: record b1dbb4a5a53549fe: version_keys = {}
[22:33:22.211] [DEBUG] _find_record: record 4d27bc752bc7f33b: version_keys = {}
[22:33:22.211] [DEBUG] _find_record: record 6aa4ceb1339d7aa1: version_keys = {}
[22:33:22.211] [DEBUG] _find_record: record 709dae802fd67dda: version_keys = {}
[22:33:22.211] [DEBUG] _find_record: record e212826b7dfc7ee4: version_keys = {}
[22:33:22.211] [DEBUG] _find_record: record 3fb51fd59d30fed3: version_keys = {}
[22:33:22.211] [DEBUG] _find_record: record c03725a6c507256b: version_keys = {}
[22:33:22.211] [DEBUG] _find_record: record a8d45ebcd5b1bc50: version_keys = {}
[22:33:22.211] [DEBUG] _find_record: record f2eeeb2f9cedc0ac: version_keys = {}
[22:33:22.211] [DEBUG] _find_record: record be0ab71c3521e032: version_keys = {}
[22:33:22.211] [DEBUG] _find_record: record b2b32157f7ebfa76: version_keys = {}
[22:33:22.211] [DEBUG] _find_record: record f8191c6ff52afdd5: version_keys = {}
[22:33:22.212] [DEBUG] _find_record: record 92d05ec942a3775c: version_keys = {}
[22:33:22.212] [DEBUG] _find_record: record 05f9679fe5085b03: version_keys = {}
[22:33:22.212] [DEBUG] _find_record: record f344b2b22da0735f: version_keys = {}
[22:33:22.212] [DEBUG] _find_record: record 162ad62fbf411769: version_keys = {}
[22:33:22.212] [DEBUG] _find_record: record 509422510a420863: version_keys = {}
[22:33:22.212] [DEBUG] _find_record: record c24f834fe02f71b1: version_keys = {}
[22:33:22.212] [DEBUG] _find_record: record 081d4fe502ec7c60: version_keys = {}
[22:33:22.212] [DEBUG] _find_record: record 341e0686b8044d34: version_keys = {}
[22:33:22.212] [DEBUG] _find_record: record 6233218b1e64ef19: version_keys = {}
[22:33:22.212] [DEBUG] _find_record: record 9353515451b72411: version_keys = {}
[22:33:22.212] [DEBUG] _find_record: record dc4376734937d4dd: version_keys = {}
[22:33:22.212] [DEBUG] _find_record: record 4a2fbc4a79f2230b: version_keys = {}
[22:33:22.212] [DEBUG] _find_record: record 882a3b9faafa64dd: version_keys = {}
[22:33:22.212] [DEBUG] _find_record: record d7f2849951211d92: version_keys = {}
[22:33:22.212] [DEBUG] _find_record: record 93e1873163b2b01a: version_keys = {}
[22:33:22.212] [DEBUG] _find_record: record f6c0f5da7c84db0d: version_keys = {}
[22:33:22.212] [DEBUG] _find_record: record d797da6955a2e011: version_keys = {}
[22:33:22.212] [DEBUG] _find_record: record 5f265efcde1b4b6b: version_keys = {}
[22:33:22.212] [DEBUG] _find_record: record 78469042b65c7eca: version_keys = {}
[22:33:22.212] [DEBUG] _find_record: record 97792d46d964804e: version_keys = {}
[22:33:22.212] [DEBUG] _find_record: record a5033b8dcfc395c8: version_keys = {}
[22:33:22.212] [DEBUG] _find_record: record b4ea6286089d3789: version_keys = {}
[22:33:22.212] [DEBUG] _find_record: record de55faca129ee05e: version_keys = {}
[22:33:22.212] [DEBUG] _find_record: record f48ba72c11e869ae: version_keys = {}
[22:33:22.212] [DEBUG] _find_record: record 70a9666582938f1d: version_keys = {}
[22:33:22.212] [DEBUG] _find_record: record 250c3c0e87bf88bd: version_keys = {}
[22:33:22.212] [DEBUG] _find_record: record acd022af90853edd: version_keys = {}
[22:33:22.212] [DEBUG] _find_record: record 1c9f80da257e5274: version_keys = {}
[22:33:22.212] [DEBUG] _find_record: record 1c21e5c69b4753e9: version_keys = {}
[22:33:22.212] [DEBUG] _find_record: record c1a065308b2078c5: version_keys = {}
[22:33:22.212] [DEBUG] _find_record: record a220d03c9061dc6e: version_keys = {}
[22:33:22.213] [DEBUG] _find_record: record 0de3a59b189415d8: version_keys = {}
[22:33:22.213] [DEBUG] _find_record: record 2508eab384b4371c: version_keys = {}
[22:33:22.213] [DEBUG] _find_record: record d15d3d671e67d5dc: version_keys = {}
[22:33:22.213] [DEBUG] _find_record: record 916f0dfdfad52b72: version_keys = {}
[22:33:22.213] [DEBUG] _find_record: record 3c7b0819cd283cbc: version_keys = {}
[22:33:22.213] [DEBUG] _find_record: record 0fe6d9681d71a377: version_keys = {}
[22:33:22.213] [DEBUG] _find_record: record bea553bb96278987: version_keys = {}
[22:33:22.213] [DEBUG] _find_record: record 79d8c6fada974323: version_keys = {}
[22:33:22.213] [DEBUG] _find_record: record 8eed09f479335856: version_keys = {}
[22:33:22.213] [DEBUG] _find_record: record fe0916b3bbf898b2: version_keys = {}
[22:33:22.213] [DEBUG] _find_record: record 24090f6f74cf9593: version_keys = {}
[22:33:22.213] [DEBUG] _find_record: record 5ff714ba4a8959a8: version_keys = {}
[22:33:22.213] [DEBUG] _find_record: record aa7b196502e355d7: version_keys = {}
[22:33:22.213] [DEBUG] _find_record: record 7360cdccce376ce5: version_keys = {}
[22:33:22.213] [DEBUG] _find_record: record 5328c3fdd8d32102: version_keys = {}
[22:33:22.213] [DEBUG] _find_record: record eb1bcd735c08797a: version_keys = {}
[22:33:22.213] [DEBUG] _find_record: record 60c5247cee718e82: version_keys = {}
[22:33:22.213] [DEBUG] _find_record: record 47b2066f88934462: version_keys = {}
[22:33:22.213] [DEBUG] _find_record: record c2add585edf62e47: version_keys = {}
[22:33:22.213] [DEBUG] _find_record: record b846ec88ac8115fe: version_keys = {}
[22:33:22.213] [DEBUG] _find_record: record 5cf88de690c4adad: version_keys = {}
[22:33:22.213] [DEBUG] _find_record: record 85ab6c13a931dac3: version_keys = {}
[22:33:22.213] [DEBUG] _find_record: record d5d1156875d9ced7: version_keys = {}
[22:33:22.213] [DEBUG] _find_record: record b706b7c8cb02ffb6: version_keys = {}
[22:33:22.213] [DEBUG] _find_record: record 6f46a8eb103c7c45: version_keys = {}
[22:33:22.213] [DEBUG] _find_record: record 3e0050a438f344c7: version_keys = {}
[22:33:22.213] [DEBUG] _find_record: record b0e9caf1f1e9c3e5: version_keys = {}
[22:33:22.213] [DEBUG] _find_record: record 6206d7c8176113cd: version_keys = {}
[22:33:22.213] [DEBUG] _find_record: record c7067bd4402326a9: version_keys = {}
[22:33:22.213] [DEBUG] _find_record: record 8dcee1574413a71b: version_keys = {}
[22:33:22.213] [DEBUG] _find_record: record 6ecd54850e143295: version_keys = {}
[22:33:22.214] [DEBUG] _find_record: record d7f88416188c30df: version_keys = {}
[22:33:22.214] [DEBUG] _find_record: record 432c56ab078f32e6: version_keys = {}
[22:33:22.214] [DEBUG] _find_record: record 80bd667ab1cd9bae: version_keys = {}
[22:33:22.214] [DEBUG] _find_record: record 1454db31fc3814cf: version_keys = {}
[22:33:22.214] [DEBUG] _find_record: record 81c43fe3c1553254: version_keys = {}
[22:33:22.214] [DEBUG] _find_record: record 20eafcf691113dbe: version_keys = {}
[22:33:22.214] [DEBUG] _find_record: record ef48f4a2832e4fd8: version_keys = {}
[22:33:22.214] [DEBUG] _find_record: record e02a0cb59e19789c: version_keys = {}
[22:33:22.214] [DEBUG] _find_record: record 887f37aa9faa55f0: version_keys = {}
[22:33:22.214] [DEBUG] _find_record: record bc564cc0d0be84ae: version_keys = {}
[22:33:22.214] [DEBUG] _find_record: record c309f91e89949659: version_keys = {}
[22:33:22.214] [DEBUG] _find_record: record 75c4c20cae73b567: version_keys = {}
[22:33:22.214] [DEBUG] _find_record: record db52616bb902542c: version_keys = {}
[22:33:22.214] [DEBUG] _find_record: record 48131d481f2a5204: version_keys = {}
[22:33:22.214] [DEBUG] _find_record: record 4076e76609215085: version_keys = {}
[22:33:22.214] [DEBUG] _find_record: record e9ab095b5119ce93: version_keys = {}
[22:33:22.214] [DEBUG] _find_record: record 980ac9b736c72350: version_keys = {}
[22:33:22.214] [DEBUG] _find_record: record b06825beaf774127: version_keys = {}
[22:33:22.214] [DEBUG] _find_record: record 7fdd1f18a379262a: version_keys = {}
[22:33:22.214] [DEBUG] _find_record: record 52ff30112c190242: version_keys = {}
[22:33:22.214] [DEBUG] _find_record: record 7cff952b2b92cab9: version_keys = {}
[22:33:22.214] [DEBUG] _find_record: record 1806184a0cd87763: version_keys = {}
[22:33:22.214] [DEBUG] _find_record: record 219cb09700074f33: version_keys = {}
[22:33:22.214] [DEBUG] _find_record: record 3ad19c653c56d75c: version_keys = {}
[22:33:22.214] [DEBUG] _find_record: record 7ae3c1950c75ec0f: version_keys = {}
[22:33:22.214] [DEBUG] _find_record: record 408c93cfa55e0a3c: version_keys = {}
[22:33:22.214] [DEBUG] _find_record: record 20e570cc7517e5ef: version_keys = {}
[22:33:22.214] [DEBUG] _find_record: record 379ca92425a51887: version_keys = {}
[22:33:22.214] [DEBUG] _find_record: record 44c5eb17c95a1485: version_keys = {}
[22:33:22.214] [DEBUG] _find_record: record 475c7ac8070b3c7b: version_keys = {}
[22:33:22.214] [DEBUG] _find_record: record 09b79ec35df2f60b: version_keys = {}
[22:33:22.215] [DEBUG] _find_record: record cf86d48335921b81: version_keys = {}
[22:33:22.215] [DEBUG] _find_record: record 9ce749a3d9855f9a: version_keys = {}
[22:33:22.215] [DEBUG] _find_record: record 81e93c2c9ac5a01a: version_keys = {}
[22:33:22.215] [DEBUG] _find_record: record 4a5b37ab4874f5a8: version_keys = {}
[22:33:22.215] [DEBUG] _find_record: record 87a64cde516a3380: version_keys = {}
[22:33:22.215] [DEBUG] _find_record: record 7ffe7f2c49d7a222: version_keys = {}
[22:33:22.215] [DEBUG] _find_record: record dcb9199b54c219cd: version_keys = {}
[22:33:22.215] [DEBUG] _find_record: record d416b6f951c87277: version_keys = {}
[22:33:22.215] [DEBUG] _find_record: record e211ca19daaf5d6c: version_keys = {}
[22:33:22.215] [DEBUG] _find_record: record 41205cdbc4293590: version_keys = {}
[22:33:22.215] [DEBUG] _find_record: record 984266e03e2ce54a: version_keys = {}
[22:33:22.215] [DEBUG] _find_record: record 791b2d349f6bc63b: version_keys = {}
[22:33:22.215] [DEBUG] _find_record: record 8816b72be6bddefe: version_keys = {}
[22:33:22.215] [DEBUG] _find_record: record ea465d1f902f8cd8: version_keys = {}
[22:33:22.215] [DEBUG] _find_record: record 794bcce586c3fdde: version_keys = {}
[22:33:22.215] [DEBUG] _find_record: record 904917771c2f5253: version_keys = {}
[22:33:22.215] [DEBUG] _find_record: record 8ad6fbe1b67c48ce: version_keys = {}
[22:33:22.215] [DEBUG] _find_record: record 82d417b16f1fde8f: version_keys = {}
[22:33:22.215] [DEBUG] _find_record: record 1e3bce5128ffb304: version_keys = {}
[22:33:22.215] [DEBUG] _find_record: record 28526c0662cb4c96: version_keys = {}
[22:33:22.215] [DEBUG] _find_record: record 5edfef0f0e7c640e: version_keys = {}
[22:33:22.215] [DEBUG] _find_record: record 034470e7cbebf53d: version_keys = {}
[22:33:22.215] [DEBUG] _find_record: record 3ef250fecdeac10c: version_keys = {}
[22:33:22.215] [DEBUG] _find_record: record 635c157daf3678d5: version_keys = {}
[22:33:22.215] [DEBUG] _find_record: record 9d69404623ce0bc1: version_keys = {}
[22:33:22.215] [DEBUG] _find_record: record 190d708343b74486: version_keys = {}
[22:33:22.215] [DEBUG] _find_record: record 35e94afae6c85169: version_keys = {}
[22:33:22.215] [DEBUG] _find_record: record f11b4e7c3d800546: version_keys = {}
[22:33:22.215] [DEBUG] _find_record: record d3e83322da84f972: version_keys = {}
[22:33:22.215] [DEBUG] _find_record: record d1347e78436fa889: version_keys = {}
[22:33:22.215] [DEBUG] _find_record: record 27bd6680465afed7: version_keys = {}
[22:33:22.216] [DEBUG] _find_record: record fb1d99a40ee956eb: version_keys = {}
[22:33:22.216] [DEBUG] _find_record: record ffa81a5b86b50840: version_keys = {}
[22:33:22.216] [DEBUG] _find_record: record 64ef00b09bb9f839: version_keys = {}
[22:33:22.216] [DEBUG] _find_record: record e959bcffa3a0ccf6: version_keys = {}
[22:33:22.216] [DEBUG] _find_record: record 2f7fc39203b83bbd: version_keys = {}
[22:33:22.216] [DEBUG] _find_record: record 53a34884c62f463e: version_keys = {}
[22:33:22.216] [DEBUG] _find_record: record ac001cec09dba0f7: version_keys = {}
[22:33:22.216] [DEBUG] _find_record: record d50256fcc0e29eca: version_keys = {}
[22:33:22.216] [DEBUG] _find_record: record 93b6be54107fbf3f: version_keys = {}
[22:33:22.216] [DEBUG] _find_record: record 188b91e81e9f896c: version_keys = {}
[22:33:22.216] [DEBUG] _find_record: record 79cea6d0fc123da7: version_keys = {}
[22:33:22.216] [DEBUG] _find_record: record 0f272098382e14f8: version_keys = {}
[22:33:22.216] [DEBUG] _find_record: record c94a65302789d91d: version_keys = {}
[22:33:22.216] [DEBUG] _find_record: record 3dff61d1f17bac93: version_keys = {}
[22:33:22.216] [DEBUG] _find_record: record f15dc4fe39499ff4: version_keys = {}
[22:33:22.216] [DEBUG] _find_record: record 63fa1ce462809a9e: version_keys = {}
[22:33:22.216] [DEBUG] _find_record: record 158e795bb4d59641: version_keys = {}
[22:33:22.216] [DEBUG] _find_record: record 842fc5788fbaf37a: version_keys = {}
[22:33:22.216] [DEBUG] _find_record: record b2650b49c475177b: version_keys = {}
[22:33:22.216] [DEBUG] _find_record: record e4ec2ec3fb851527: version_keys = {}
[22:33:22.216] [DEBUG] _find_record: record 1822a302e87a558c: version_keys = {}
[22:33:22.216] [DEBUG] _find_record: record dea4dd1229eef618: version_keys = {}
[22:33:22.216] [DEBUG] _find_record: record bf4d26e61a5d5db8: version_keys = {}
[22:33:22.216] [DEBUG] _find_record: record 3d1232828bd3e0d5: version_keys = {}
[22:33:22.216] [DEBUG] _find_record: record cd7bcda3c4448d96: version_keys = {}
[22:33:22.216] [DEBUG] _find_record: record b7bbdaaef91f99a5: version_keys = {}
[22:33:22.216] [DEBUG] _find_record: record ac4caa5b18b8735c: version_keys = {}
[22:33:22.216] [DEBUG] _find_record: record 7bfdd096381da27d: version_keys = {}
[22:33:22.216] [DEBUG] _find_record: record ae221b10f7c68441: version_keys = {}
[22:33:22.216] [DEBUG] _find_record: record 852dadc46551beb6: version_keys = {}
[22:33:22.217] [DEBUG] _find_record: record da869b0253543fd8: version_keys = {}
[22:33:22.217] [DEBUG] _find_record: record 41982e9ded945482: version_keys = {}
[22:33:22.217] [DEBUG] _find_record: record 8f6f392394b09ba4: version_keys = {}
[22:33:22.217] [DEBUG] _find_record: record 906830c37b53108b: version_keys = {}
[22:33:22.217] [DEBUG] _find_record: record 3c1f3c014c4458a3: version_keys = {}
[22:33:22.217] [DEBUG] _find_record: record aa9d584f408ba8d6: version_keys = {}
[22:33:22.217] [DEBUG] _find_record: record fa5ab025638efa15: version_keys = {}
[22:33:22.217] [DEBUG] _find_record: record c90b5244c538e97d: version_keys = {}
[22:33:22.217] [DEBUG] _find_record: record b00151eb87838257: version_keys = {}
[22:33:22.217] [DEBUG] _find_record: record 49fd3469fb27c211: version_keys = {}
[22:33:22.217] [DEBUG] _find_record: record a3823e5b0f794289: version_keys = {}
[22:33:22.217] [DEBUG] _find_record: record 9d5d4fe50c03fa2e: version_keys = {}
[22:33:22.217] [DEBUG] _find_record: record 84f87f1db7689c73: version_keys = {}
[22:33:22.217] [DEBUG] _find_record: record 179dff36bff53c57: version_keys = {}
[22:33:22.217] [DEBUG] _find_record: record 1be79e40734f6dd7: version_keys = {}
[22:33:22.217] [DEBUG] _find_record: record d6f61eb4ec43293e: version_keys = {}
[22:33:22.217] [DEBUG] _find_record: record 5289fc06e9a7de39: version_keys = {}
[22:33:22.217] [DEBUG] _find_record: record ad3fa6e3f8d77039: version_keys = {}
[22:33:22.217] [DEBUG] _find_record: record 99a29ee0c07ad5de: version_keys = {}
[22:33:22.217] [DEBUG] _find_record: record 61aeabba60dd0ee5: version_keys = {}
[22:33:22.217] [DEBUG] _find_record: record d2bf74caad544a5c: version_keys = {}
[22:33:22.217] [DEBUG] _find_record: record da5c70213ec3e9a9: version_keys = {}
[22:33:22.217] [DEBUG] _find_record: record 374700e54a28c342: version_keys = {}
[22:33:22.217] [DEBUG] _find_record: record 0cebbd3cc027ebcd: version_keys = {}
[22:33:22.217] [DEBUG] _find_record: record d4e4371fba460cae: version_keys = {}
[22:33:22.217] [DEBUG] _find_record: record 48b2e4fc2aff1008: version_keys = {}
[22:33:22.217] [DEBUG] _find_record: record c354dd2fb4f88308: version_keys = {}
[22:33:22.217] [DEBUG] _find_record: record f0a23e86130479fb: version_keys = {}
[22:33:22.217] [DEBUG] _find_record: record 8ac4c1a9809f560e: version_keys = {}
[22:33:22.217] [DEBUG] _find_record: record b5d7f588092f4e16: version_keys = {}
[22:33:22.217] [DEBUG] _find_record: record e4ac70c45b405783: version_keys = {}
[22:33:22.218] [DEBUG] _find_record: record c10d0745f8818cf3: version_keys = {}
[22:33:22.218] [DEBUG] _find_record: record ecb1bf2d47518dc1: version_keys = {}
[22:33:22.218] [DEBUG] _find_record: record 848f50bb78564ac7: version_keys = {}
[22:33:22.218] [DEBUG] _find_record: record e7ab549580c9aa25: version_keys = {}
[22:33:22.218] [DEBUG] _find_record: record f58696267bd1f183: version_keys = {}
[22:33:22.218] [DEBUG] _find_record: record 316984a9ce5a511d: version_keys = {}
[22:33:22.218] [DEBUG] _find_record: record 0afec416da700bd2: version_keys = {}
[22:33:22.218] [DEBUG] _find_record: record 9fda8558a99f9cf9: version_keys = {}
[22:33:22.218] [DEBUG] _find_record: record 630c206b253399c1: version_keys = {}
[22:33:22.218] [DEBUG] _find_record: record 18aceec5e3bd9252: version_keys = {}
[22:33:22.218] [DEBUG] _find_record: record f1a68d4ce85b475a: version_keys = {}
[22:33:22.218] [DEBUG] _find_record: record 97e0e2d5e984f8a2: version_keys = {}
[22:33:22.218] [DEBUG] _find_record: record c0cfa83a81de3090: version_keys = {}
[22:33:22.218] [DEBUG] _find_record: record f102c13459fce3be: version_keys = {}
[22:33:22.218] [DEBUG] _find_record: record 6566cca5fd698d18: version_keys = {}
[22:33:22.218] [DEBUG] _find_record: record 29632d19b249f6dc: version_keys = {}
[22:33:22.218] [DEBUG] _find_record: record c7e1d8b3917c0716: version_keys = {}
[22:33:22.218] [DEBUG] _find_record: record 750b3794d0c388b5: version_keys = {}
[22:33:22.218] [DEBUG] _find_record: record c692aa1797dfd9d9: version_keys = {}
[22:33:22.218] [DEBUG] _find_record: record 82be2a40b66a71fa: version_keys = {}
[22:33:22.218] [DEBUG] _find_record: record b7a7d972578eb0cd: version_keys = {}
[22:33:22.218] [DEBUG] _find_record: record 6b1ad44082a23d7f: version_keys = {}
[22:33:22.218] [DEBUG] _find_record: record 44550bb18d10ef9e: version_keys = {}
[22:33:22.218] [DEBUG] _find_record: record 6475f40bfe0a5186: version_keys = {}
[22:33:22.218] [DEBUG] _find_record: record 24c804f73760699c: version_keys = {}
[22:33:22.218] [DEBUG] _find_record: record 98f360dc7e7327a5: version_keys = {}
[22:33:22.218] [DEBUG] _find_record: record 395efde2adfc3d71: version_keys = {}
[22:33:22.218] [DEBUG] _find_record: record f3ba534359093e93: version_keys = {}
[22:33:22.218] [DEBUG] _find_record: record 564e9fcd9bcaf056: version_keys = {}
[22:33:22.218] [DEBUG] _find_record: record b1605f1c9dfffc54: version_keys = {}
[22:33:22.218] [DEBUG] _find_record: record 2d93816bc076d1d4: version_keys = {}
[22:33:22.219] [DEBUG] _find_record: record a37d84fb9e82284c: version_keys = {}
[22:33:22.219] [DEBUG] _find_record: record 4f0c7240941f825c: version_keys = {}
[22:33:22.219] [DEBUG] _find_record: record 7821acf61dc38242: version_keys = {}
[22:33:22.219] [DEBUG] _find_record: record b721f094f5dc70ab: version_keys = {}
[22:33:22.219] [DEBUG] _find_record: record 37bee843e4eefdfa: version_keys = {}
[22:33:22.219] [DEBUG] _find_record: record 0a2ca98a04964996: version_keys = {}
[22:33:22.219] [DEBUG] _find_record: record d8d458f8044ae48d: version_keys = {}
[22:33:22.219] [DEBUG] _find_record: record 6ac8baa08f81b003: version_keys = {}
[22:33:22.219] [DEBUG] _find_record: record c74860b224a5adc0: version_keys = {}
[22:33:22.219] [DEBUG] _find_record: record c2d01ee6729b584c: version_keys = {}
[22:33:22.219] [DEBUG] _find_record: record 4fe9a820c91b39c0: version_keys = {}
[22:33:22.219] [DEBUG] _find_record: record 133aaf93636f93d7: version_keys = {}
[22:33:22.219] [DEBUG] _find_record: record e5778f8fe52958d5: version_keys = {}
[22:33:22.219] [DEBUG] _find_record: record 64ac12ee535b7cad: version_keys = {}
[22:33:22.219] [DEBUG] _find_record: record 30b93a2b63efbc97: version_keys = {}
[22:33:22.219] [DEBUG] _find_record: record bf6d493821f0f577: version_keys = {}
[22:33:22.219] [DEBUG] _find_record: record 2c8cc7d58faa3795: version_keys = {}
[22:33:22.219] [DEBUG] _find_record: record 63114d64362589ee: version_keys = {}
[22:33:22.219] [DEBUG] _find_record: record cb93685e40b074a8: version_keys = {}
[22:33:22.219] [DEBUG] _find_record: record 4f49f558211e3b0a: version_keys = {}
[22:33:22.219] [DEBUG] _find_record: record 2ffbf7d81401c5c7: version_keys = {}
[22:33:22.219] [DEBUG] _find_record: record 4597be2b70ca88fb: version_keys = {}
[22:33:22.219] [DEBUG] _find_record: record c889fcafb9e32754: version_keys = {}
[22:33:22.219] [DEBUG] _find_record: record b7922950e35d75f3: version_keys = {}
[22:33:22.219] [DEBUG] _find_record: record dab128b2cfd59f51: version_keys = {}
[22:33:22.219] [DEBUG] _find_record: record 4a78a1c0a8fd1266: version_keys = {}
[22:33:22.219] [DEBUG] _find_record: record 3872cba254d8b132: version_keys = {}
[22:33:22.219] [DEBUG] _find_record: record ffc69cd4aaae67a7: version_keys = {}
[22:33:22.219] [DEBUG] _find_record: record 9c3db989fd8c8f5d: version_keys = {}
[22:33:22.219] [DEBUG] _find_record: record 701d73ef54eef437: version_keys = {}
[22:33:22.220] [DEBUG] _find_record: record 71c7b525cc1f2e16: version_keys = {}
[22:33:22.220] [DEBUG] _find_record: record 252c01ee288025a8: version_keys = {}
[22:33:22.220] [DEBUG] _find_record: record 61b9d9fb390ed68d: version_keys = {}
[22:33:22.220] [DEBUG] _find_record: record 2bf56bfb58b834b6: version_keys = {}
[22:33:22.220] [DEBUG] _find_record: record a0e5e05e769dc056: version_keys = {}
[22:33:22.220] [DEBUG] _find_record: record bccc7f570028507a: version_keys = {}
[22:33:22.220] [DEBUG] _find_record: record 750dafb1d2b367da: version_keys = {}
[22:33:22.220] [DEBUG] _find_record: record 5f0cdc63a959f1ed: version_keys = {}
[22:33:22.220] [DEBUG] _find_record: record 84d894c9010faf76: version_keys = {}
[22:33:22.220] [DEBUG] _find_record: record f89800d2cd82ff49: version_keys = {}
[22:33:22.220] [DEBUG] _find_record: record a029d3b1da9be137: version_keys = {}
[22:33:22.220] [DEBUG] _find_record: record 5ca1727551b05438: version_keys = {}
[22:33:22.220] [DEBUG] _find_record: record ed05e8ea9aec8446: version_keys = {}
[22:33:22.220] [DEBUG] _find_record: record d409124fd12f55a7: version_keys = {}
[22:33:22.220] [DEBUG] _find_record: record eee4b564c48665c0: version_keys = {}
[22:33:22.220] [DEBUG] _find_record: record b079345558887a35: version_keys = {}
[22:33:22.220] [DEBUG] _find_record: record aec8dd75d66ccd09: version_keys = {}
[22:33:22.220] [DEBUG] _find_record: record eb57b4c2c540ff1e: version_keys = {}
[22:33:22.220] [DEBUG] _find_record: record 76d776ae8f44781d: version_keys = {}
[22:33:22.220] [DEBUG] _find_record: record af3ce54d777247af: version_keys = {}
[22:33:22.220] [DEBUG] _find_record: record c70aa4894841c0be: version_keys = {}
[22:33:22.220] [DEBUG] _find_record: record 617314f8ce45ea9f: version_keys = {}
[22:33:22.220] [DEBUG] _find_record: record 23727afeb4d8278e: version_keys = {}
[22:33:22.220] [DEBUG] _find_record: record c92d36f1602a7bb6: version_keys = {}
[22:33:22.220] [DEBUG] _find_record: record 1e65b1bae86620cc: version_keys = {}
[22:33:22.220] [DEBUG] _find_record: record f4055f7d65b66d06: version_keys = {}
[22:33:22.220] [DEBUG] _find_record: record a0dc790a73df810c: version_keys = {}
[22:33:22.220] [DEBUG] _find_record: record 976661013bc93556: version_keys = {}
[22:33:22.220] [DEBUG] _find_record: record ac49c207dadd1447: version_keys = {}
[22:33:22.220] [DEBUG] _find_record: record a4e269836c1b2fd4: version_keys = {}
[22:33:22.220] [DEBUG] _find_record: record b7b6e6930357839d: version_keys = {}
[22:33:22.220] [DEBUG] _find_record: record acc50523b34b2dc2: version_keys = {}
[22:33:22.221] [DEBUG] _find_record: record 7601a154a12b35cb: version_keys = {}
[22:33:22.221] [DEBUG] _find_record: record 042b19cf4d3da873: version_keys = {}
[22:33:22.221] [DEBUG] _find_record: record b832161cd5d7e07f: version_keys = {}
[22:33:22.221] [DEBUG] _find_record: record 6a32758b4a1105f5: version_keys = {}
[22:33:22.221] [DEBUG] _find_record: record b6c59389abc7a5cc: version_keys = {}
[22:33:22.221] [DEBUG] _find_record: record 7f7d4f55810a872b: version_keys = {}
[22:33:22.221] [DEBUG] _find_record: record f3ec89cd169818e8: version_keys = {}
[22:33:22.221] [DEBUG] _find_record: record 15518475870b7f7e: version_keys = {}
[22:33:22.221] [DEBUG] _find_record: record ded2d6f203bfe549: version_keys = {}
[22:33:22.221] [DEBUG] _find_record: record 3ae28599dcdd2584: version_keys = {}
[22:33:22.221] [DEBUG] _find_record: record 70ee2db6fdc9c39d: version_keys = {}
[22:33:22.221] [DEBUG] _find_record: record b47921891c988306: version_keys = {}
[22:33:22.221] [DEBUG] _find_record: record c5b729f582950f55: version_keys = {}
[22:33:22.221] [DEBUG] _find_record: record b0a4477c74d509e2: version_keys = {}
[22:33:22.221] [DEBUG] _find_record: record 475aab56ce61fd42: version_keys = {}
[22:33:22.221] [DEBUG] _find_record: record 596a6dd0ee5aaa24: version_keys = {}
[22:33:22.221] [DEBUG] _find_record: record 4d229c49e0f85cd7: version_keys = {}
[22:33:22.221] [DEBUG] _find_record: record 5a00b8ba02ac5c88: version_keys = {}
[22:33:22.221] [DEBUG] _find_record: record 9aa18fafd96d8b65: version_keys = {}
[22:33:22.221] [DEBUG] _find_record: record 7b834675e3d94f49: version_keys = {}
[22:33:22.221] [DEBUG] _find_record: record 50921bbc1e9fe54c: version_keys = {}
[22:33:22.221] [DEBUG] _find_record: record 9140d11f23ff9371: version_keys = {}
[22:33:22.221] [DEBUG] _find_record: record a9a5a3c1c344d53f: version_keys = {}
[22:33:22.221] [DEBUG] _find_record: record 45524e90135a8cc6: version_keys = {}
[22:33:22.221] [DEBUG] _find_record: record f5f05d9b24ce5004: version_keys = {}
[22:33:22.221] [DEBUG] _find_record: record ea96a1db2975e2ac: version_keys = {}
[22:33:22.221] [DEBUG] _find_record: record 7b8244574fa24b3b: version_keys = {}
[22:33:22.221] [DEBUG] _find_record: record 3ee59bb893145f29: version_keys = {}
[22:33:22.221] [DEBUG] _find_record: record 534337b3cbb61098: version_keys = {}
[22:33:22.221] [DEBUG] _find_record: record bfd313e58a780509: version_keys = {}
[22:33:22.221] [DEBUG] _find_record: record ab18d9e939c27c02: version_keys = {}
[22:33:22.222] [DEBUG] _find_record: record e945e9868c8fec49: version_keys = {}
[22:33:22.222] [DEBUG] _find_record: record 4591f401cb50a4d0: version_keys = {}
[22:33:22.222] [DEBUG] _find_record: record f826012c9eb7d963: version_keys = {}
[22:33:22.222] [DEBUG] _find_record: record 1f4efd353bff2487: version_keys = {}
[22:33:22.222] [DEBUG] _find_record: record 2ba35ba4a659f4cb: version_keys = {}
[22:33:22.222] [DEBUG] _find_record: record ec7e7cd5660a4085: version_keys = {}
[22:33:22.222] [DEBUG] _find_record: record cfcd367c7dc9785f: version_keys = {}
[22:33:22.222] [DEBUG] _find_record: record 249ff2b1c096736c: version_keys = {}
[22:33:22.222] [DEBUG] _find_record: record 356d72cf3d9545ff: version_keys = {}
[22:33:22.222] [DEBUG] _find_record: record 703212220cad3348: version_keys = {}
[22:33:22.222] [DEBUG] _find_record: record 141d32c6237bd752: version_keys = {}
[22:33:22.222] [DEBUG] _find_record: record 7ce8dab6383fd8d6: version_keys = {}
[22:33:22.222] [DEBUG] _find_record: record 6c15fbb66132444c: version_keys = {}
[22:33:22.222] [DEBUG] _find_record: record c852eb968e259734: version_keys = {}
[22:33:22.222] [DEBUG] _find_record: record 2b2d7d5480eb3bea: version_keys = {}
[22:33:22.222] [DEBUG] _find_record: record 4c98a56a9f037906: version_keys = {}
[22:33:22.222] [DEBUG] _find_record: record 2aa9cd869704c4f7: version_keys = {}
[22:33:22.222] [DEBUG] _find_record: record 7296a9b92a40f96c: version_keys = {}
[22:33:22.222] [DEBUG] _find_record: record baa3bd7060d728a4: version_keys = {}
[22:33:22.222] [DEBUG] _find_record: record f568f09430cb69f6: version_keys = {}
[22:33:22.222] [DEBUG] _find_record: record 11e72c70aefc2270: version_keys = {}
[22:33:22.222] [DEBUG] _find_record: record 0fbc11b9852f3da7: version_keys = {}
[22:33:22.222] [DEBUG] _find_record: record 8b5bd3c2d17c9c1f: version_keys = {}
[22:33:22.222] [DEBUG] _find_record: record b437c0dbf25ccc86: version_keys = {}
[22:33:22.222] [DEBUG] _find_record: record 79c3c19ccde9f1fb: version_keys = {}
[22:33:22.222] [DEBUG] _find_record: record 7480c4cfb3265b92: version_keys = {}
[22:33:22.222] [DEBUG] _find_record: record a6f5f2c65fc0af4e: version_keys = {}
[22:33:22.222] [DEBUG] _find_record: record 13f2e42bb1492e6f: version_keys = {}
[22:33:22.223] [DEBUG] _find_record: record 0fd88f4e4e5b7aa6: version_keys = {}
[22:33:22.223] [DEBUG] _find_record: record 9b2d2e74b61d8e2d: version_keys = {}
[22:33:22.223] [DEBUG] _find_record: record ca0d95e0711f0e22: version_keys = {}
[22:33:22.223] [DEBUG] _find_record: record bc4edf09995c4a86: version_keys = {}
[22:33:22.223] [DEBUG] _find_record: record 00fcaf9011ca5313: version_keys = {}
[22:33:22.223] [DEBUG] _find_record: record f6b97a6a5c136623: version_keys = {}
[22:33:22.223] [DEBUG] _find_record: record aaa60420c572defe: version_keys = {}
[22:33:22.223] [DEBUG] _find_record: record 20ba1c60f5a907d2: version_keys = {}
[22:33:22.223] [DEBUG] _find_record: record a48fded7724e9ea9: version_keys = {}
[22:33:22.223] [DEBUG] _find_record: record 9aa5a13e274f25a1: version_keys = {}
[22:33:22.223] [DEBUG] _find_record: record cb5cdb0d7775bdf2: version_keys = {}
[22:33:22.223] [DEBUG] _find_record: record 2740c6e4ace0f01e: version_keys = {}
[22:33:22.223] [DEBUG] _find_record: record 53f0c126978662dc: version_keys = {}
[22:33:22.223] [DEBUG] _find_record: record 49a60c86990588c3: version_keys = {}
[22:33:22.223] [DEBUG] _find_record: record 1997b484eec9ab6b: version_keys = {}
[22:33:22.223] [DEBUG] _find_record: record 2ee38d6c081765f6: version_keys = {}
[22:33:22.223] [DEBUG] _find_record: record f89be33faf9b56c2: version_keys = {}
[22:33:22.223] [DEBUG] _find_record: record 6b73b141ade78254: version_keys = {}
[22:33:22.223] [DEBUG] _find_record: record 90276d785c6c6b87: version_keys = {}
[22:33:22.223] [DEBUG] _find_record: record 15f676f935292ac3: version_keys = {}
[22:33:22.223] [DEBUG] _find_record: record e87227c87e92e832: version_keys = {}
[22:33:22.223] [DEBUG] _find_record: record a8cfb6ada2c26282: version_keys = {}
[22:33:22.223] [DEBUG] _find_record: record 358d2afe363a6183: version_keys = {}
[22:33:22.223] [DEBUG] _find_record: record 298a6be4e124a850: version_keys = {}
[22:33:22.223] [DEBUG] _find_record: record 61b6fa8962ae1221: version_keys = {}
[22:33:22.223] [DEBUG] _find_record: record 8fec6c09b01e8947: version_keys = {}
[22:33:22.223] [DEBUG] _find_record: record 83b68602e06f07a5: version_keys = {}
[22:33:22.223] [DEBUG] _find_record: record eb09fa9494405ab7: version_keys = {}
[22:33:22.223] [DEBUG] _find_record: record 8d7b9055ba298a13: version_keys = {}
[22:33:22.223] [DEBUG] _find_record: record c349a883686c2781: version_keys = {}
[22:33:22.223] [DEBUG] _find_record: record c049853fef8eed44: version_keys = {}
[22:33:22.224] [DEBUG] _find_record: record acaeda06f0a1212f: version_keys = {}
[22:33:22.224] [DEBUG] _find_record: record 6a01377763be2200: version_keys = {}
[22:33:22.224] [DEBUG] _find_record: record 4f1200c5b54410c6: version_keys = {}
[22:33:22.224] [DEBUG] _find_record: record 346785d41b016460: version_keys = {}
[22:33:22.224] [DEBUG] _find_record: record a757280daf96b01a: version_keys = {}
[22:33:22.224] [DEBUG] _find_record: record bf05dcf98bda229d: version_keys = {}
[22:33:22.224] [DEBUG] _find_record: record 7913f8d20e77abcb: version_keys = {}
[22:33:22.224] [DEBUG] _find_record: record f1ebd9c5756590c0: version_keys = {}
[22:33:22.224] [DEBUG] _find_record: record 50961cab39d8b4ec: version_keys = {}
[22:33:22.224] [DEBUG] _find_record: record 8fa2bcb36f1e0815: version_keys = {}
[22:33:22.224] [DEBUG] _find_record: record 87aa31684b558980: version_keys = {}
[22:33:22.224] [DEBUG] _find_record: record 24886296b7969d7c: version_keys = {}
[22:33:22.224] [DEBUG] _find_record: record f907c186acc36fbe: version_keys = {}
[22:33:22.224] [DEBUG] _find_record: record bc7fcaa29e4ad161: version_keys = {}
[22:33:22.224] [DEBUG] _find_record: record c94a664c964594a6: version_keys = {}
[22:33:22.224] [DEBUG] _find_record: record 6a63040332f44bd6: version_keys = {}
[22:33:22.224] [DEBUG] _find_record: record c963ba644f2313be: version_keys = {}
[22:33:22.224] [DEBUG] _find_record: record c44eb8ddb4dbe517: version_keys = {}
[22:33:22.224] [DEBUG] _find_record: record ffe1d67586979b30: version_keys = {}
[22:33:22.224] [DEBUG] _find_record: record 3c2ddcce02de2f3d: version_keys = {}
[22:33:22.224] [DEBUG] _find_record: record 8a12a9080e183030: version_keys = {}
[22:33:22.224] [DEBUG] _find_record: record d4c71c41a06ff2d8: version_keys = {}
[22:33:22.224] [DEBUG] _find_record: record 13f04158ab842f4e: version_keys = {}
[22:33:22.224] [DEBUG] _find_record: record 819894fd0aa18436: version_keys = {}
[22:33:22.224] [DEBUG] _find_record: record 555ff769d6459cd4: version_keys = {}
[22:33:22.224] [DEBUG] _find_record: record a6f5ed3a8875f700: version_keys = {}
[22:33:22.224] [DEBUG] _find_record: record 7e4cb2058ae4dda4: version_keys = {}
[22:33:22.224] [DEBUG] _find_record: record 844d98e2ac4d1ad3: version_keys = {}
[22:33:22.224] [DEBUG] _find_record: record 783dd88e3a34f774: version_keys = {}
[22:33:22.224] [DEBUG] _find_record: record 108887c5723e2923: version_keys = {}
[22:33:22.224] [DEBUG] _find_record: record 2e1e19ee05a37786: version_keys = {}
[22:33:22.225] [DEBUG] _find_record: record 258db3ed4b14621d: version_keys = {}
[22:33:22.225] [DEBUG] _find_record: record 4c685ac33bbaa571: version_keys = {}
[22:33:22.225] [DEBUG] _find_record: record c26dece02956af17: version_keys = {}
[22:33:22.225] [DEBUG] _find_record: record 39505b8d131d777c: version_keys = {}
[22:33:22.225] [DEBUG] _find_record: record 72df7df2d14a1189: version_keys = {}
[22:33:22.225] [DEBUG] _find_record: record 1a2d441d99bfdc76: version_keys = {}
[22:33:22.225] [DEBUG] _find_record: record 3ef5a7657f3ecc41: version_keys = {}
[22:33:22.225] [DEBUG] _find_record: record cb443865d59091f8: version_keys = {}
[22:33:22.225] [DEBUG] _find_record: record 1f6db34cb94e5219: version_keys = {}
[22:33:22.225] [DEBUG] _find_record: record 64435ca3b28906cd: version_keys = {}
[22:33:22.225] [DEBUG] _find_record: record 9586768901458079: version_keys = {}
[22:33:22.225] [DEBUG] _find_record: record bb8a02eae6710f3c: version_keys = {}
[22:33:22.225] [DEBUG] _find_record: record c063ef2b821e9a62: version_keys = {}
[22:33:22.225] [DEBUG] _find_record: record 4b49070add565f48: version_keys = {}
[22:33:22.225] [DEBUG] _find_record: record 55abbeca21ded943: version_keys = {}
[22:33:22.225] [DEBUG] _find_record: record 0f538e3894a1f1ec: version_keys = {}
[22:33:22.225] [DEBUG] _find_record: record cf9c6afb2d3ec692: version_keys = {}
[22:33:22.225] [DEBUG] _find_record: record eb26c0e6f1b045a9: version_keys = {}
[22:33:22.225] [DEBUG] _find_record: record 0b9e2ef8a3b78a6e: version_keys = {}
[22:33:22.225] [DEBUG] _find_record: record 1ec3585f00795fb9: version_keys = {}
[22:33:22.225] [DEBUG] _find_record: record a0cd27abc8962dc6: version_keys = {}
[22:33:22.225] [DEBUG] _find_record: record 3421c94d099311cc: version_keys = {}
[22:33:22.225] [DEBUG] _find_record: record 441a7881598d3b14: version_keys = {}
[22:33:22.225] [DEBUG] _find_record: record 4761ee5041e5b3f5: version_keys = {}
[22:33:22.225] [DEBUG] _find_record: record cf6570670e628195: version_keys = {}
[22:33:22.225] [DEBUG] _find_record: record 9a688b25d878526e: version_keys = {}
[22:33:22.225] [DEBUG] _find_record: record bb6d0a401df5c967: version_keys = {}
[22:33:22.225] [DEBUG] _find_record: record 7afda640ebdf6f01: version_keys = {}
[22:33:22.225] [DEBUG] _find_record: record b358ee62c041fa49: version_keys = {}
[22:33:22.225] [DEBUG] _find_record: record 77453e0884fc7a19: version_keys = {}
[22:33:22.225] [DEBUG] _find_record: record 7e85ca5bbfb18a88: version_keys = {}
[22:33:22.226] [DEBUG] _find_record: record 2bff67f81d4a5e3d: version_keys = {}
[22:33:22.226] [DEBUG] _find_record: record 4ebfffa088d3bbf0: version_keys = {}
[22:33:22.226] [DEBUG] _find_record: record 7a9659a25c5f7446: version_keys = {}
[22:33:22.226] [DEBUG] _find_record: record b5b7dd1d3efa2935: version_keys = {}
[22:33:22.226] [DEBUG] _find_record: record b67cf64996b10cc3: version_keys = {}
[22:33:22.226] [DEBUG] _find_record: record fe8347d1238c678a: version_keys = {}
[22:33:22.226] [DEBUG] _find_record: record 2b11dfd238e6b464: version_keys = {}
[22:33:22.226] [DEBUG] _find_record: record 3e559c962fcf1db5: version_keys = {}
[22:33:22.226] [DEBUG] _find_record: record b230fbf83e2d1c32: version_keys = {}
[22:33:22.226] [DEBUG] _find_record: record 7521912ee86c9205: version_keys = {}
[22:33:22.226] [DEBUG] _find_record: record 04d60038490f2e38: version_keys = {}
[22:33:22.226] [DEBUG] _find_record: record cd5757616e004933: version_keys = {}
[22:33:22.226] [DEBUG] _find_record: record d548dbd9a8cdda55: version_keys = {}
[22:33:22.226] [DEBUG] _find_record: record ae439bbcd6383d33: version_keys = {}
[22:33:22.226] [DEBUG] _find_record: record 9d150fb2c9193f21: version_keys = {}
[22:33:22.226] [DEBUG] _find_record: record c5ef67b95ce8d34f: version_keys = {}
[22:33:22.226] [DEBUG] _find_record: record 2e4d65c52803463f: version_keys = {}
[22:33:22.226] [DEBUG] _find_record: record 23c9827c1cb141d5: version_keys = {}
[22:33:22.226] [DEBUG] _find_record: record f35577c4d7bc82af: version_keys = {}
[22:33:22.226] [DEBUG] _find_record: record 20c7c85df3f9a2d7: version_keys = {}
[22:33:22.226] [DEBUG] _find_record: record 6a8885830b5392e4: version_keys = {}
[22:33:22.226] [DEBUG] _find_record: record 0570d28b8c914810: version_keys = {}
[22:33:22.226] [DEBUG] _find_record: record f03688cc1e773240: version_keys = {}
[22:33:22.226] [DEBUG] _find_record: record a1141f4abd01a6da: version_keys = {}
[22:33:22.226] [DEBUG] _find_record: record 47b9c25756c4d9d5: version_keys = {}
[22:33:22.226] [DEBUG] _find_record: record 393da75ec5131229: version_keys = {}
[22:33:22.226] [DEBUG] _find_record: record 00e52acb1f62d3f0: version_keys = {}
[22:33:22.226] [DEBUG] _find_record: record 26bb204436726b23: version_keys = {}
[22:33:22.226] [DEBUG] _find_record: record db680d853462cb09: version_keys = {}
[22:33:22.226] [DEBUG] _find_record: record 4a029c095c3508c7: version_keys = {}
[22:33:22.226] [DEBUG] _find_record: record 85637a1097740005: version_keys = {}
[22:33:22.227] [DEBUG] _find_record: record 5ea7f5c8b02c3883: version_keys = {}
[22:33:22.227] [DEBUG] _find_record: record 83eb69e9a6bf94c8: version_keys = {}
[22:33:22.227] [DEBUG] _find_record: record c11e1f5c53a06ef3: version_keys = {}
[22:33:22.227] [DEBUG] _find_record: record fb5c0fc709ab0700: version_keys = {}
[22:33:22.227] [DEBUG] _find_record: record 3ed34ebb59cf6189: version_keys = {}
[22:33:22.227] [DEBUG] _find_record: record 9df3337c01032332: version_keys = {}
[22:33:22.227] [DEBUG] _find_record: record c164df9a57f2d33b: version_keys = {}
[22:33:22.227] [DEBUG] _find_record: record be34903e2755131b: version_keys = {}
[22:33:22.227] [DEBUG] _find_record: record dd9d527aadf2e79b: version_keys = {}
[22:33:22.227] [DEBUG] _find_record: record 645c4983df4d9968: version_keys = {}
[22:33:22.227] [DEBUG] _find_record: record 81826252a5817fce: version_keys = {}
[22:33:22.227] [DEBUG] _find_record: record 78219c7877a0755d: version_keys = {}
[22:33:22.227] [DEBUG] _find_record: record ec618d0490d83098: version_keys = {}
[22:33:22.227] [DEBUG] _find_record: record 4c79b2549b94459c: version_keys = {}
[22:33:22.227] [DEBUG] _find_record: record be49863d6ba218bd: version_keys = {}
[22:33:22.227] [DEBUG] _find_record: record 9a1777f83cd24609: version_keys = {}
[22:33:22.227] [DEBUG] _find_record: record f852a5815bb2f257: version_keys = {}
[22:33:22.227] [DEBUG] _find_record: record b5fcb2fdfcc78d25: version_keys = {}
[22:33:22.227] [DEBUG] _find_record: record 711871a7daf7b3fa: version_keys = {}
[22:33:22.227] [DEBUG] _find_record: record ab473f9db474d1ac: version_keys = {}
[22:33:22.227] [DEBUG] _find_record: record 065f2f94f52a1ee8: version_keys = {}
[22:33:22.227] [DEBUG] _find_record: record 784d18487fc0a5a8: version_keys = {}
[22:33:22.227] [DEBUG] _find_record: record 554201695bb992c6: version_keys = {}
[22:33:22.227] [DEBUG] _find_record: record 1f7ca8e418a636f5: version_keys = {}
[22:33:22.227] [DEBUG] _find_record: record 2b41aa7f5f48a748: version_keys = {}
[22:33:22.227] [DEBUG] _find_record: record 307aeebcbfe873d3: version_keys = {}
[22:33:22.227] [DEBUG] _find_record: record 94ce8d6cedd54017: version_keys = {}
[22:33:22.227] [DEBUG] _find_record: record 7d17e29082a39e54: version_keys = {}
[22:33:22.227] [DEBUG] _find_record: record 7d95b4cc2daa649c: version_keys = {}
[22:33:22.227] [DEBUG] _find_record: record 33f17627c3db79cd: version_keys = {}
[22:33:22.227] [DEBUG] _find_record: record b39b19bc0c1bcae1: version_keys = {}
[22:33:22.227] [DEBUG] _find_record: record 64c19e7f8206210a: version_keys = {}
[22:33:22.228] [DEBUG] _find_record: record d813f660ded871f1: version_keys = {}
[22:33:22.228] [DEBUG] _find_record: record 26e7a7287070d55f: version_keys = {}
[22:33:22.228] [DEBUG] _find_record: record 7d667306d580ff4b: version_keys = {}
[22:33:22.228] [DEBUG] _find_record: record dbf6b1c2d624c9bf: version_keys = {}
[22:33:22.228] [DEBUG] _find_record: record 469818f2d19b3f7f: version_keys = {}
[22:33:22.228] [DEBUG] _find_record: record 966fae46fa0efb3b: version_keys = {}
[22:33:22.228] [DEBUG] _find_record: record f53ab3ba9cf953e5: version_keys = {}
[22:33:22.228] [DEBUG] _find_record: record 3448f7df326aeb0a: version_keys = {}
[22:33:22.228] [DEBUG] _find_record: record a6ee02ce25910a81: version_keys = {}
[22:33:22.228] [DEBUG] _find_record: record d5e50098773251c6: version_keys = {}
[22:33:22.228] [DEBUG] _find_record: record 4f36142ae0fbbdae: version_keys = {}
[22:33:22.228] [DEBUG] _find_record: record f17226f476482f1f: version_keys = {}
[22:33:22.228] [DEBUG] _find_record: record 8801f4fe8cabb5a4: version_keys = {}
[22:33:22.228] [DEBUG] _find_record: record 721e1b50ad884f45: version_keys = {}
[22:33:22.228] [DEBUG] _find_record: record bc2a66beeaf0deac: version_keys = {}
[22:33:22.228] [DEBUG] _find_record: record d39f441556ef899d: version_keys = {}
[22:33:22.228] [DEBUG] _find_record: record 3c1f1ed3a6b90725: version_keys = {}
[22:33:22.228] [DEBUG] _find_record: record fb7dbf0a232c13a1: version_keys = {}
[22:33:22.228] [DEBUG] _find_record: record 498f0fdc35ff5352: version_keys = {}
[22:33:22.228] [DEBUG] _find_record: record 069bb78791440375: version_keys = {}
[22:33:22.228] [DEBUG] _find_record: record 8813d3b85e683dcb: version_keys = {}
[22:33:22.228] [DEBUG] _find_record: record 3124b9e5779df33b: version_keys = {}
[22:33:22.228] [DEBUG] _find_record: record f51642335085c382: version_keys = {}
[22:33:22.228] [DEBUG] _find_record: record 3a80c241554c41db: version_keys = {}
[22:33:22.228] [DEBUG] _find_record: record 706c5eef923300ef: version_keys = {}
[22:33:22.228] [DEBUG] _find_record: record 1aa9baffa1913a14: version_keys = {}
[22:33:22.228] [DEBUG] _find_record: record f090aeb781a5eb18: version_keys = {}
[22:33:22.228] [DEBUG] _find_record: record f8509b2818318773: version_keys = {}
[22:33:22.229] [DEBUG] _find_record: record ea856a38d228a0ec: version_keys = {}
[22:33:22.229] [DEBUG] _find_record: record 67a10d8a38bfcab7: version_keys = {}
[22:33:22.229] [DEBUG] _find_record: record 7323a38aadef6e6d: version_keys = {}
[22:33:22.229] [DEBUG] _find_record: record 92ddbbfe01b37064: version_keys = {}
[22:33:22.229] [DEBUG] _find_record: record a38093f0b9f053ee: version_keys = {}
[22:33:22.229] [DEBUG] _find_record: record 86b4a4815cc51d3a: version_keys = {}
[22:33:22.229] [DEBUG] _find_record: record dffa6d595b988014: version_keys = {}
[22:33:22.229] [DEBUG] _find_record: record b052e06497ead5d4: version_keys = {}
[22:33:22.229] [DEBUG] _find_record: record 66897d3aa965631f: version_keys = {}
[22:33:22.229] [DEBUG] _find_record: record fa00d375e0b99c01: version_keys = {}
[22:33:22.229] [DEBUG] _find_record: record 19725754cb981f31: version_keys = {}
[22:33:22.229] [DEBUG] _find_record: record c3eaa778492b6b1b: version_keys = {}
[22:33:22.229] [DEBUG] _find_record: record 66342c61364585e4: version_keys = {}
[22:33:22.229] [DEBUG] _find_record: record 051771e3c3eea10e: version_keys = {}
[22:33:22.229] [DEBUG] _find_record: record 914f9d474090ee46: version_keys = {}
[22:33:22.229] [DEBUG] _find_record: record 9341a6948ca68c21: version_keys = {}
[22:33:22.229] [DEBUG] _find_record: record 36188976097f1121: version_keys = {}
[22:33:22.229] [DEBUG] _find_record: record e6974ec040dff2c6: version_keys = {}
[22:33:22.229] [DEBUG] _find_record: record 9135c30d83f1d5de: version_keys = {}
[22:33:22.229] [DEBUG] _find_record: record 7ca2b5797cf22f91: version_keys = {}
[22:33:22.229] [DEBUG] _find_record: record 9e2eb0b7fce4004c: version_keys = {}
[22:33:22.229] [DEBUG] _find_record: record 974f2023e379d7fb: version_keys = {}
[22:33:22.229] [DEBUG] _find_record: record 923efd2de874ef89: version_keys = {}
[22:33:22.229] [DEBUG] _find_record: record 130461b152377cc0: version_keys = {}
[22:33:22.229] [DEBUG] _find_record: record 901bd2e8c816ac8e: version_keys = {}
[22:33:22.229] [DEBUG] _find_record: record ea3ed8f085ef7f9f: version_keys = {}
[22:33:22.229] [DEBUG] _find_record: record 867d50ec2a98f6b1: version_keys = {}
[22:33:22.229] [DEBUG] _find_record: record 0b5fb5ff44706e08: version_keys = {}
[22:33:22.229] [DEBUG] _find_record: record 354ef7bee73b082e: version_keys = {}
[22:33:22.230] [DEBUG] _find_record: record 23a7e474f7db5b82: version_keys = {}
[22:33:22.230] [DEBUG] _find_record: record 443c0c886c9f1679: version_keys = {}
[22:33:22.230] [DEBUG] _find_record: record 32bccb997788ead9: version_keys = {}
[22:33:22.230] [DEBUG] _find_record: record 35c3e93b0e71f812: version_keys = {}
[22:33:22.230] [DEBUG] _find_record: record 3f5b2725a60f4175: version_keys = {}
[22:33:22.230] [DEBUG] _find_record: record fe6aae48e5b774e6: version_keys = {}
[22:33:22.230] [DEBUG] _find_record: record 349d31ca51fe2ef8: version_keys = {}
[22:33:22.230] [DEBUG] _find_record: record d2fb8b15ce1f71b0: version_keys = {}
[22:33:22.230] [DEBUG] _find_record: record 6a66c7aa73469ec7: version_keys = {}
[22:33:22.230] [DEBUG] _find_record: record 74faf6f9c7ede614: version_keys = {}
[22:33:22.230] [DEBUG] _find_record: record baa114e5168c53d1: version_keys = {}
[22:33:22.230] [DEBUG] _find_record: record 6c755289c4627e68: version_keys = {}
[22:33:22.230] [DEBUG] _find_record: record 65001d4866f159ba: version_keys = {}
[22:33:22.230] [DEBUG] _find_record: record 407bc7a0d7edbee3: version_keys = {}
[22:33:22.230] [DEBUG] _find_record: record 80ffc74a7a22ce6e: version_keys = {}
[22:33:22.230] [DEBUG] _find_record: record 1a97a22a3b721b75: version_keys = {}
[22:33:22.230] [DEBUG] _find_record: record f2be5c531c9d8047: version_keys = {}
[22:33:22.230] [DEBUG] _find_record: record aa92398e4bf8e5f7: version_keys = {}
[22:33:22.230] [DEBUG] _find_record: record e1e9e31a871456b6: version_keys = {}
[22:33:22.230] [DEBUG] _find_record: record 0cd9cf47e05f4ef2: version_keys = {}
[22:33:22.230] [DEBUG] _find_record: record c1513dad55c78e96: version_keys = {}
[22:33:22.230] [DEBUG] _find_record: record e76aba44ecd66f1b: version_keys = {}
[22:33:22.230] [DEBUG] _find_record: record 346ad7b069a35f18: version_keys = {}
[22:33:22.230] [DEBUG] _find_record: record 7f19114db2d39c68: version_keys = {}
[22:33:22.230] [DEBUG] _find_record: record 0723714751ad81a6: version_keys = {}
[22:33:22.230] [DEBUG] _find_record: record e5cbe8a619c73ec5: version_keys = {}
[22:33:22.230] [DEBUG] _find_record: record e11d204071430d8b: version_keys = {}
[22:33:22.230] [DEBUG] _find_record: record 0a67069f420f7caf: version_keys = {}
[22:33:22.230] [DEBUG] _find_record: record 9362b4d920d006e8: version_keys = {}
[22:33:22.230] [DEBUG] _find_record: record 8dd29c20fd18c81b: version_keys = {}
[22:33:22.231] [DEBUG] _find_record: record fd410967384c200f: version_keys = {}
[22:33:22.231] [DEBUG] _find_record: record 31d3d40c1c8a12ae: version_keys = {}
[22:33:22.231] [DEBUG] _find_record: record 42c5582440ad2eb3: version_keys = {}
[22:33:22.231] [DEBUG] _find_record: record 789a56d7831b590b: version_keys = {}
[22:33:22.231] [DEBUG] _find_record: record c3e958a623b5770c: version_keys = {}
[22:33:22.231] [DEBUG] _find_record: record 70da2682c0ba2b70: version_keys = {}
[22:33:22.231] [DEBUG] _find_record: record 583a384d2451ad42: version_keys = {}
[22:33:22.231] [DEBUG] _find_record: record 77de3b13151a621b: version_keys = {}
[22:33:22.231] [DEBUG] _find_record: record cb1a82b769ab997f: version_keys = {}
[22:33:22.231] [DEBUG] _find_record: record 87a8b9a7f89f3a04: version_keys = {}
[22:33:22.231] [DEBUG] _find_record: record 5ebe8b728c9e9ce7: version_keys = {}
[22:33:22.231] [DEBUG] _find_record: record 8005f97fdc464c0c: version_keys = {}
[22:33:22.231] [DEBUG] _find_record: record ebccbb666991e99d: version_keys = {}
[22:33:22.231] [DEBUG] _find_record: record 18bf323d01e9522c: version_keys = {}
[22:33:22.231] [DEBUG] _find_record: record 238fbe250e2e767a: version_keys = {}
[22:33:22.231] [DEBUG] _find_record: record eac636f92555efd0: version_keys = {}
[22:33:22.231] [DEBUG] _find_record: record 1a9b55699f4d14b3: version_keys = {}
[22:33:22.231] [DEBUG] _find_record: record 32b471da7089e8e9: version_keys = {}
[22:33:22.231] [DEBUG] _find_record: record 5b2987449aef2d4c: version_keys = {}
[22:33:22.231] [DEBUG] _find_record: record 0f77f31b86328940: version_keys = {}
[22:33:22.231] [DEBUG] _find_record: record da5a6bd746a3b16c: version_keys = {}
[22:33:22.231] [DEBUG] _find_record: record 3ca1b624af98e22a: version_keys = {}
[22:33:22.231] [DEBUG] _find_record: record 5cf7cede47f454e6: version_keys = {}
[22:33:22.231] [DEBUG] _find_record: record 2b2d692591c8e631: version_keys = {}
[22:33:22.231] [DEBUG] _find_record: record 3685d6f82059851c: version_keys = {}
[22:33:22.231] [DEBUG] _find_record: record 2037132638aeeb92: version_keys = {}
[22:33:22.231] [DEBUG] _find_record: record 9370d8eb7f808a5e: version_keys = {}
[22:33:22.231] [DEBUG] _find_record: record c3f8445c608806cf: version_keys = {}
[22:33:22.232] [DEBUG] _find_record: record c37083fcd7921eb4: version_keys = {}
[22:33:22.232] [DEBUG] _find_record: record c177f8baa2eb0af5: version_keys = {}
[22:33:22.232] [DEBUG] _find_record: record 90fd4d2c9c8e7ac3: version_keys = {}
[22:33:22.232] [DEBUG] _find_record: record 454fed2ffa5e7acb: version_keys = {}
[22:33:22.232] [DEBUG] _find_record: record bac7051cfa1f6a0c: version_keys = {}
[22:33:22.232] [DEBUG] _find_record: record 6305a9c1feb274a3: version_keys = {}
[22:33:22.232] [DEBUG] _find_record: record 1ae02e4f3edfc650: version_keys = {}
[22:33:22.232] [DEBUG] _find_record: record 66a64c20247045c7: version_keys = {}
[22:33:22.232] [DEBUG] _find_record: record 9655ef54e32d56ed: version_keys = {}
[22:33:22.232] [DEBUG] _find_record: record 95f73fc1e92565d8: version_keys = {}
[22:33:22.232] [DEBUG] _find_record: record ae5a0fe4fd8f903d: version_keys = {}
[22:33:22.232] [DEBUG] _find_record: record a81f1e14ef653641: version_keys = {}
[22:33:22.232] [DEBUG] _find_record: record 77a1b48ea338616d: version_keys = {}
[22:33:22.232] [DEBUG] _find_record: record 4631fd27f230088c: version_keys = {}
[22:33:22.232] [DEBUG] _find_record: record 48c26e5576afaf92: version_keys = {}
[22:33:22.232] [DEBUG] _find_record: record fe65a1148d75d4a6: version_keys = {}
[22:33:22.232] [DEBUG] _find_record: record 67db0aeab86ae3a9: version_keys = {}
[22:33:22.232] [DEBUG] _find_record: record 7df94b3df5e1db35: version_keys = {}
[22:33:22.232] [DEBUG] _find_record: record 1069480cf1d43753: version_keys = {}
[22:33:22.232] [DEBUG] _find_record: record 97573b3c7cbb96e6: version_keys = {}
[22:33:22.232] [DEBUG] _find_record: record c946f19eafe09720: version_keys = {}
[22:33:22.232] [DEBUG] _find_record: record 3231d3df07d5847e: version_keys = {}
[22:33:22.232] [DEBUG] _find_record: record c9bba7f1c21970b3: version_keys = {}
[22:33:22.232] [DEBUG] _find_record: record efa2fde840876bc5: version_keys = {}
[22:33:22.232] [DEBUG] _find_record: record 15f0960d3a5a40f2: version_keys = {}
[22:33:22.232] [DEBUG] _find_record: record 8e119a87c2c31a44: version_keys = {}
[22:33:22.232] [DEBUG] _find_record: record d64418a40715bafd: version_keys = {}
[22:33:22.232] [DEBUG] _find_record: record a6ae4cc13c4af595: version_keys = {}
[22:33:22.232] [DEBUG] _find_record: record 54a5f523ffa54355: version_keys = {}
[22:33:22.233] [DEBUG] _find_record: record 69eda9180c407a23: version_keys = {}
[22:33:22.233] [DEBUG] _find_record: record 524a51338e8e2187: version_keys = {}
[22:33:22.233] [DEBUG] _find_record: record 578bb931ac119273: version_keys = {}
[22:33:22.233] [DEBUG] _find_record: record 2669c683a43a69a8: version_keys = {}
[22:33:22.233] [DEBUG] _find_record: record 3015e7d1c824150b: version_keys = {}
[22:33:22.233] [DEBUG] _find_record: record f79b395f92f90f2a: version_keys = {}
[22:33:22.233] [DEBUG] _find_record: record c1cd0881b29553cf: version_keys = {}
[22:33:22.233] [DEBUG] _find_record: record 0a2d7a9a2662d174: version_keys = {}
[22:33:22.233] [DEBUG] _find_record: record b28ba6c017dd8c0f: version_keys = {}
[22:33:22.233] [DEBUG] _find_record: record 976cb0b84f710106: version_keys = {}
[22:33:22.233] [DEBUG] _find_record: record c1f69424b8f163c8: version_keys = {}
[22:33:22.233] [DEBUG] _find_record: record cf7a27a8a00e416a: version_keys = {}
[22:33:22.233] [DEBUG] _find_record: record ae22bf0947da6a7f: version_keys = {}
[22:33:22.233] [DEBUG] _find_record: record fd1fdecaaeb06e59: version_keys = {}
[22:33:22.233] [DEBUG] _find_record: record bacbebbfb9958fed: version_keys = {}
[22:33:22.233] [DEBUG] _find_record: record 84d278f6e4ac9cfb: version_keys = {}
[22:33:22.233] [DEBUG] _find_record: record 371009d844d90b47: version_keys = {}
[22:33:22.233] [DEBUG] _find_record: record ac11e64a3a66b570: version_keys = {}
[22:33:22.233] [DEBUG] _find_record: record bee94ee134c69937: version_keys = {}
[22:33:22.233] [DEBUG] _find_record: record 000f2cf56c695224: version_keys = {}
[22:33:22.233] [DEBUG] _find_record: record 7a7b867ff059f565: version_keys = {}
[22:33:22.233] [DEBUG] _find_record: record bf078ac2ace8e152: version_keys = {}
[22:33:22.233] [DEBUG] _find_record: record e82677a91c27e90e: version_keys = {}
[22:33:22.233] [DEBUG] _find_record: record 9d651e35fdb09820: version_keys = {}
[22:33:22.233] [DEBUG] _find_record: record 9a80a2120ea051c1: version_keys = {}
[22:33:22.233] [DEBUG] _find_record: record c2f92de7515086ab: version_keys = {}
[22:33:22.233] [DEBUG] _find_record: record 1119e5902f219a9b: version_keys = {}
[22:33:22.233] [DEBUG] _find_record: record 0f9775febb8762b4: version_keys = {}
[22:33:22.233] [DEBUG] _find_record: record 9a66894df216d678: version_keys = {}
[22:33:22.234] [DEBUG] _find_record: record 719a8308b7d5d569: version_keys = {}
[22:33:22.234] [DEBUG] _find_record: record 247477bee4bbd790: version_keys = {}
[22:33:22.234] [DEBUG] _find_record: record c28503fb3142b286: version_keys = {}
[22:33:22.234] [DEBUG] _find_record: record b0c1b197d28ecec1: version_keys = {}
[22:33:22.234] [DEBUG] _find_record: record 0a33546e3fcb048e: version_keys = {}
[22:33:22.234] [DEBUG] _find_record: record 4ae3bbe29d1dc42f: version_keys = {}
[22:33:22.234] [DEBUG] _find_record: record bc55245e4f9adabe: version_keys = {}
[22:33:22.234] [DEBUG] _find_record: record 7e11749074b4d742: version_keys = {}
[22:33:22.234] [DEBUG] _find_record: record 29fa97beb5dc9d1b: version_keys = {}
[22:33:22.234] [DEBUG] _find_record: record 29a981730e2c2c53: version_keys = {}
[22:33:22.234] [DEBUG] _find_record: record fa052cff3bb7203f: version_keys = {}
[22:33:22.234] [DEBUG] _find_record: record b4c41e9cfa4e5855: version_keys = {}
[22:33:22.234] [DEBUG] _find_record: record 1722858050030822: version_keys = {}
[22:33:22.234] [DEBUG] _find_record: record b3f08ac5fbc2b924: version_keys = {}
[22:33:22.234] [DEBUG] _find_record: record a8b413bac388716e: version_keys = {}
[22:33:22.234] [DEBUG] _find_record: record f9cd6b815bca8735: version_keys = {}
[22:33:22.234] [DEBUG] _find_record: record 926cb8393909599a: version_keys = {}
[22:33:22.234] [DEBUG] _find_record: record ddd7dc0a18a3db2c: version_keys = {}
[22:33:22.234] [DEBUG] _find_record: record 6e2ca9958759bf5a: version_keys = {}
[22:33:22.234] [DEBUG] _find_record: record 95cb68680ed58796: version_keys = {}
[22:33:22.234] [DEBUG] _find_record: record cbd43552c367a848: version_keys = {}
[22:33:22.234] [DEBUG] _find_record: record 05eaa7e194e0bcf3: version_keys = {}
[22:33:22.234] [DEBUG] _find_record: record 337e071c08a16479: version_keys = {}
[22:33:22.234] [DEBUG] _find_record: record d866264eb19f996a: version_keys = {}
[22:33:22.234] [DEBUG] _find_record: record cc957f19e0889e96: version_keys = {}
[22:33:22.234] [DEBUG] _find_record: record ab54c32bc8006667: version_keys = {}
[22:33:22.234] [DEBUG] _find_record: record beade71614bde1b1: version_keys = {}
[22:33:22.234] [DEBUG] _find_record: record 2a8dba7799f6ca08: version_keys = {}
[22:33:22.234] [DEBUG] _find_record: record be5272669a651d0a: version_keys = {}
[22:33:22.234] [DEBUG] _find_record: record 7f5fa32b8f5515a0: version_keys = {}
[22:33:22.234] [DEBUG] _find_record: record 3e9bfece933d144f: version_keys = {}
[22:33:22.235] [DEBUG] _find_record: record 272dfda411110024: version_keys = {}
[22:33:22.235] [DEBUG] _find_record: record f3116bf806f14740: version_keys = {}
[22:33:22.235] [DEBUG] _find_record: record f0f8548d18ffbcac: version_keys = {}
[22:33:22.235] [DEBUG] _find_record: record 20bbb5f770c6a23f: version_keys = {}
[22:33:22.235] [DEBUG] _find_record: record ff6c162d8730b294: version_keys = {}
[22:33:22.235] [DEBUG] _find_record: record 380e36fa2757333b: version_keys = {}
[22:33:22.235] [DEBUG] _find_record: record 5fbce98c357479c8: version_keys = {}
[22:33:22.235] [DEBUG] _find_record: record 11aa7cadad003151: version_keys = {}
[22:33:22.235] [DEBUG] _find_record: record 3e598ba162ef8d14: version_keys = {}
[22:33:22.235] [DEBUG] _find_record: record ceb9598e6dee7837: version_keys = {}
[22:33:22.235] [DEBUG] _find_record: record 39fdf9dee171965c: version_keys = {}
[22:33:22.235] [DEBUG] _find_record: record 7b14e71e4df60686: version_keys = {}
[22:33:22.235] [DEBUG] _find_record: record 58c252d8241cff80: version_keys = {}
[22:33:22.235] [DEBUG] _find_record: record dad13f40c71bdf2e: version_keys = {}
[22:33:22.235] [DEBUG] _find_record: record f8427642de35bf56: version_keys = {}
[22:33:22.235] [DEBUG] _find_record: record 36b9d411af894246: version_keys = {}
[22:33:22.235] [DEBUG] _find_record: record 2034422eadd4d473: version_keys = {}
[22:33:22.235] [DEBUG] _find_record: record 61bd9f079e4ac871: version_keys = {}
[22:33:22.235] [DEBUG] _find_record: record 655e2672b5ab4bf6: version_keys = {}
[22:33:22.235] [DEBUG] _find_record: record 653e78a403fc2dc4: version_keys = {}
[22:33:22.235] [DEBUG] _find_record: record d69f2efa5dd03687: version_keys = {}
[22:33:22.235] [DEBUG] _find_record: record ded046de09956464: version_keys = {}
[22:33:22.235] [DEBUG] _find_record: record 4eb10475935259f2: version_keys = {}
[22:33:22.235] [DEBUG] _find_record: record 5119b89a2a292c09: version_keys = {}
[22:33:22.235] [DEBUG] _find_record: record acf5337205bff52b: version_keys = {}
[22:33:22.235] [DEBUG] _find_record: record 74405f85f07565ae: version_keys = {}
[22:33:22.235] [DEBUG] _find_record: record bdcccfb0e6671d86: version_keys = {}
[22:33:22.235] [DEBUG] _find_record: record 20bbbeb29875112e: version_keys = {}
[22:33:22.235] [DEBUG] _find_record: record d1152f7836ca4c44: version_keys = {}
[22:33:22.235] [DEBUG] _find_record: record 5ff27bf868acef7f: version_keys = {}
[22:33:22.235] [DEBUG] _find_record: record 10f698c578acf65b: version_keys = {}
[22:33:22.236] [DEBUG] _find_record: record ed966b15e7c7472d: version_keys = {}
[22:33:22.236] [DEBUG] _find_record: record 419362bcf4829492: version_keys = {}
[22:33:22.236] [DEBUG] _find_record: record 8ffe96ce08bfd346: version_keys = {}
[22:33:22.236] [DEBUG] _find_record: record 1aa65121b73eca18: version_keys = {}
[22:33:22.236] [DEBUG] _find_record: record 87d1f3a2a2fe3ccd: version_keys = {}
[22:33:22.236] [DEBUG] _find_record: record 111c2aab15c8b74e: version_keys = {}
[22:33:22.236] [DEBUG] _find_record: record 947eb142eee7b339: version_keys = {}
[22:33:22.236] [DEBUG] _find_record: record 62855e594cef5b75: version_keys = {}
[22:33:22.236] [DEBUG] _find_record: record a811c8ed245cf882: version_keys = {}
[22:33:22.236] [DEBUG] _find_record: record ee0488ba7bd00cc0: version_keys = {}
[22:33:22.236] [DEBUG] _find_record: record 94db4b027c89789c: version_keys = {}
[22:33:22.236] [DEBUG] _find_record: record 3368c1854ef672e3: version_keys = {}
[22:33:22.236] [DEBUG] _find_record: record 8ee2f26568eeabcb: version_keys = {}
[22:33:22.236] [DEBUG] _find_record: record 9124e988e725f973: version_keys = {}
[22:33:22.236] [DEBUG] _find_record: record 3ae7f8949f2387f7: version_keys = {}
[22:33:22.236] [DEBUG] _find_record: record 8b5fe28aaaf5da88: version_keys = {}
[22:33:22.236] [DEBUG] _find_record: record f2845baeee6db221: version_keys = {}
[22:33:22.236] [DEBUG] _find_record: record d0f6f74bbbc52dcf: version_keys = {}
[22:33:22.236] [DEBUG] _find_record: record 0591d3156031f7b7: version_keys = {}
[22:33:22.236] [DEBUG] _find_record: record 863f3c1847595894: version_keys = {}
[22:33:22.236] [DEBUG] _find_record: record 9d5d977998eb514d: version_keys = {}
[22:33:22.236] [DEBUG] _find_record: record 6b9b7d6c35004880: version_keys = {}
[22:33:22.236] [DEBUG] _find_record: record b83e694522736ae6: version_keys = {}
[22:33:22.236] [DEBUG] _find_record: record 510b4b86bb4054bd: version_keys = {}
[22:33:22.236] [DEBUG] _find_record: record c6190bd0c9f8993a: version_keys = {}
[22:33:22.236] [DEBUG] _find_record: record fe25e4abc10e98f9: version_keys = {}
[22:33:22.236] [DEBUG] _find_record: record ef3bb89725ac65a3: version_keys = {}
[22:33:22.236] [DEBUG] _find_record: record 134ffd5a489ba3c8: version_keys = {}
[22:33:22.236] [DEBUG] _find_record: record a6defbe007bdd0ee: version_keys = {}
[22:33:22.236] [DEBUG] _find_record: record e6928f0588d6ae9f: version_keys = {}
[22:33:22.236] [DEBUG] _find_record: record e8137964cfb19a32: version_keys = {}
[22:33:22.236] [DEBUG] _find_record: record 1f09fc454030bfec: version_keys = {}
[22:33:22.237] [DEBUG] _find_record: record 8d685e5242881aa9: version_keys = {}
[22:33:22.237] [DEBUG] _find_record: record 3f6679f668cb57dd: version_keys = {}
[22:33:22.237] [DEBUG] _find_record: record 097dab00342f1734: version_keys = {}
[22:33:22.237] [DEBUG] _find_record: record 4af38e7fd6a583e9: version_keys = {}
[22:33:22.237] [DEBUG] _find_record: record 50ec15ba3d409f84: version_keys = {}
[22:33:22.237] [DEBUG] _find_record: record f9ffe0df8344e40d: version_keys = {}
[22:33:22.237] [DEBUG] _find_record: record b2c659784c4ae6a5: version_keys = {}
[22:33:22.237] [DEBUG] _find_record: record b086474414cf5964: version_keys = {}
[22:33:22.237] [DEBUG] _find_record: record 3c9b947d75b1250a: version_keys = {}
[22:33:22.237] [DEBUG] _find_record: record 129994e2a7e0076c: version_keys = {}
[22:33:22.237] [DEBUG] _find_record: record 07bcb7a3b99e73e9: version_keys = {}
[22:33:22.237] [DEBUG] _find_record: record 7548a0e0faac1e18: version_keys = {}
[22:33:22.237] [DEBUG] _find_record: record ea489759d8b1e261: version_keys = {}
[22:33:22.237] [DEBUG] _find_record: record 85f376805b2cc64b: version_keys = {}
[22:33:22.237] [DEBUG] _find_record: record 902d979f53d719dd: version_keys = {}
[22:33:22.237] [DEBUG] _find_record: record ab68aec28a0c5145: version_keys = {}
[22:33:22.237] [DEBUG] _find_record: record a735a60e105a80e7: version_keys = {}
[22:33:22.237] [DEBUG] _find_record: record 55727111344d146a: version_keys = {}
[22:33:22.237] [DEBUG] _find_record: record 350ed09eb7561f3f: version_keys = {}
[22:33:22.237] [DEBUG] _find_record: record c862dbb87e0b4afd: version_keys = {}
[22:33:22.237] [DEBUG] _find_record: record 08df272346b17a7b: version_keys = {}
[22:33:22.237] [DEBUG] _find_record: record e4a6d6412ee84f67: version_keys = {}
[22:33:22.237] [DEBUG] _find_record: record 4ef7c553d98d7af8: version_keys = {}
[22:33:22.237] [DEBUG] _find_record: record bd4e26cddeb49c74: version_keys = {}
[22:33:22.237] [DEBUG] _find_record: record 9000ff177a62d859: version_keys = {}
[22:33:22.237] [DEBUG] _find_record: record 13f9a57cfbc20e4b: version_keys = {}
[22:33:22.237] [DEBUG] _find_record: record 57a43fccce8fb754: version_keys = {}
[22:33:22.237] [DEBUG] _find_record: record 0fd79f712ad36845: version_keys = {}
[22:33:22.237] [DEBUG] _find_record: record e8c7c436b4b055ed: version_keys = {}
[22:33:22.237] [DEBUG] _find_record: record 8e0140a368d3096b: version_keys = {}
[22:33:22.237] [DEBUG] _find_record: record 0459c4ae7d4ebf98: version_keys = {}
[22:33:22.238] [DEBUG] _find_record: record 9f7d41e5c83f3026: version_keys = {}
[22:33:22.238] [DEBUG] _find_record: record 1d5564a8cbca63a9: version_keys = {}
[22:33:22.238] [DEBUG] _find_record: record 6f3c05cd46b868f8: version_keys = {}
[22:33:22.238] [DEBUG] _find_record: record 6acf25a844ebba8e: version_keys = {}
[22:33:22.238] [DEBUG] _find_record: record 32e2537f205a218c: version_keys = {}
[22:33:22.238] [DEBUG] _find_record: record 2b73c2e0a9564e79: version_keys = {}
[22:33:22.238] [DEBUG] _find_record: record ead279f0e36ee8b1: version_keys = {}
[22:33:22.238] [DEBUG] _find_record: record cd2d8eaad85f31e2: version_keys = {}
[22:33:22.238] [DEBUG] _find_record: record 3a6d1d652d2483f0: version_keys = {}
[22:33:22.238] [DEBUG] _find_record: record 3e9c8a1cc3527c7f: version_keys = {}
[22:33:22.238] [DEBUG] _find_record: record f96cc576d426cc3c: version_keys = {}
[22:33:22.238] [DEBUG] _find_record: record 0d89fdd69af8de22: version_keys = {}
[22:33:22.238] [DEBUG] _find_record: record 148ecaee317c84d4: version_keys = {}
[22:33:22.238] [DEBUG] _find_record: record bd0fd44f24862bc1: version_keys = {}
[22:33:22.238] [DEBUG] _find_record: record 597001b6a261f799: version_keys = {}
[22:33:22.238] [DEBUG] _find_record: record b93a98b5e961fc9c: version_keys = {}
[22:33:22.238] [DEBUG] _find_record: record 26ce90517c016820: version_keys = {}
[22:33:22.238] [DEBUG] _find_record: record b1be94f7cf24d3bb: version_keys = {}
[22:33:22.238] [DEBUG] _find_record: record 9ab457cfdc267718: version_keys = {}
[22:33:22.238] [DEBUG] _find_record: record 9697770ef91aa86d: version_keys = {}
[22:33:22.238] [DEBUG] _find_record: record c16d847bb5a879a6: version_keys = {}
[22:33:22.238] [DEBUG] _find_record: record 4e66b45313232dde: version_keys = {}
[22:33:22.238] [DEBUG] _find_record: record 363dbb5614b5e4e8: version_keys = {}
[22:33:22.238] [DEBUG] _find_record: record 22f49aea9cdacccd: version_keys = {}
[22:33:22.238] [DEBUG] _find_record: record 55633c62a90b812d: version_keys = {}
[22:33:22.238] [DEBUG] _find_record: record cf456a4f8b4b9c9f: version_keys = {}
[22:33:22.238] [DEBUG] _find_record: record 7e032a6b5781cf1c: version_keys = {}
[22:33:22.238] [DEBUG] _find_record: record d78c77ddaf6fa5e4: version_keys = {}
[22:33:22.238] [DEBUG] _find_record: record 062a29a81701a821: version_keys = {}
[22:33:22.238] [DEBUG] _find_record: record e596c5b1ca1b1403: version_keys = {}
[22:33:22.239] [DEBUG] _find_record: record 43471b02b546674f: version_keys = {}
[22:33:22.239] [DEBUG] _find_record: record 7be9c84aa7b5a077: version_keys = {}
[22:33:22.239] [DEBUG] _find_record: record e315939177dfe1ee: version_keys = {}
[22:33:22.239] [DEBUG] _find_record: record 05324d303542a0c7: version_keys = {}
[22:33:22.239] [DEBUG] _find_record: record 767422aeca9e45ff: version_keys = {}
[22:33:22.239] [DEBUG] _find_record: record 86c057b09d3faea7: version_keys = {}
[22:33:22.239] [DEBUG] _find_record: record 19b02d7d283381a5: version_keys = {}
[22:33:22.239] [DEBUG] _find_record: record 87af6dbdd34db7b5: version_keys = {}
[22:33:22.239] [DEBUG] _find_record: record 9b80812c82776078: version_keys = {}
[22:33:22.239] [DEBUG] _find_record: record 8d6d317bd29deeab: version_keys = {}
[22:33:22.239] [DEBUG] _find_record: record 3ee1f2b7f5cca0a8: version_keys = {}
[22:33:22.239] [DEBUG] _find_record: record aa11576c6affa3f5: version_keys = {}
[22:33:22.239] [DEBUG] _find_record: record 445d3cb9e84db308: version_keys = {}
[22:33:22.239] [DEBUG] _find_record: record c782e5ab40ed62bd: version_keys = {}
[22:33:22.239] [DEBUG] _find_record: record 73a84b03517ce433: version_keys = {}
[22:33:22.239] [DEBUG] _find_record: record 2f264616b98181ec: version_keys = {}
[22:33:22.239] [DEBUG] _find_record: record 8c759f27ca413f7c: version_keys = {}
[22:33:22.239] [DEBUG] _find_record: record dbd0a74f752ff366: version_keys = {}
[22:33:22.239] [DEBUG] _find_record: record 4fff635627ca6f2a: version_keys = {}
[22:33:22.239] [DEBUG] _find_record: record 7616b174f050905e: version_keys = {}
[22:33:22.239] [DEBUG] _find_record: record ed8fd793b7ace2ce: version_keys = {}
[22:33:22.239] [DEBUG] _find_record: record 6c087e48116dc71e: version_keys = {}
[22:33:22.239] [DEBUG] _find_record: record 145f1c3f54060971: version_keys = {}
[22:33:22.239] [DEBUG] _find_record: record ceb31316008ca008: version_keys = {}
[22:33:22.239] [DEBUG] _find_record: record 9e9d52855f19dba5: version_keys = {}
[22:33:22.239] [DEBUG] _find_record: record 68b9b9edfd10d301: version_keys = {}
[22:33:22.239] [DEBUG] _find_record: record 0340ae01086f822a: version_keys = {}
[22:33:22.239] [DEBUG] _find_record: record 458e398e7debaf8b: version_keys = {}
[22:33:22.239] [DEBUG] _find_record: record 3416ebe9237bc311: version_keys = {}
[22:33:22.239] [DEBUG] _find_record: record 4c72275f35eadb07: version_keys = {}
[22:33:22.239] [DEBUG] _find_record: record b738dbf74c0fe6a5: version_keys = {}
[22:33:22.240] [DEBUG] _find_record: record bcdd456b84ae08e2: version_keys = {}
[22:33:22.240] [DEBUG] _find_record: record 427684a3cd5a9ff0: version_keys = {}
[22:33:22.240] [DEBUG] _find_record: record 19228e4a02f72aac: version_keys = {}
[22:33:22.240] [DEBUG] _find_record: record f52f4ca948e522bb: version_keys = {}
[22:33:22.240] [DEBUG] _find_record: record 66a56e6bd7e910b8: version_keys = {}
[22:33:22.240] [DEBUG] _find_record: record 0e33cc898509ce1f: version_keys = {}
[22:33:22.240] [DEBUG] _find_record: record 6572cb8284b892b7: version_keys = {}
[22:33:22.240] [DEBUG] _find_record: record f27af043316457dc: version_keys = {}
[22:33:22.240] [DEBUG] _find_record: record a346b29eb87a05ae: version_keys = {}
[22:33:22.240] [DEBUG] _find_record: record 138acde27296393b: version_keys = {}
[22:33:22.240] [DEBUG] _find_record: record 0d25bae427e18593: version_keys = {}
[22:33:22.240] [DEBUG] _find_record: record 12ef65410c5e632b: version_keys = {}
[22:33:22.240] [DEBUG] _find_record: record aba33a1971d54469: version_keys = {}
[22:33:22.240] [DEBUG] _find_record: record eb323b0a1e8918da: version_keys = {}
[22:33:22.240] [DEBUG] _find_record: record a9c9c273e04c52e6: version_keys = {}
[22:33:22.240] [DEBUG] _find_record: record acf7963c19e3ea3a: version_keys = {}
[22:33:22.240] [DEBUG] _find_record: record 80462a86a53a77f9: version_keys = {}
[22:33:22.240] [DEBUG] _find_record: record e280434fb3a7917a: version_keys = {}
[22:33:22.240] [DEBUG] _find_record: record 6a4a2ecd7c4c67a3: version_keys = {}
[22:33:22.240] [DEBUG] _find_record: record 34a2f614140a2e59: version_keys = {}
[22:33:22.240] [DEBUG] _find_record: record 957df1363bac6b0d: version_keys = {}
[22:33:22.240] [DEBUG] _find_record: record 9f9e60c4bc37e6fd: version_keys = {}
[22:33:22.240] [DEBUG] _find_record: record e4a1f3f41116a6ee: version_keys = {}
[22:33:22.240] [DEBUG] _find_record: record b558e8d3dbf2540e: version_keys = {}
[22:33:22.240] [DEBUG] _find_record: record 7ce0ad8afa6a3e4d: version_keys = {}
[22:33:22.240] [DEBUG] _find_record: record d337ff7c344706d5: version_keys = {}
[22:33:22.240] [DEBUG] _find_record: record 38becef03abd2970: version_keys = {}
[22:33:22.240] [DEBUG] _find_record: record 29ab8dbe07f0594d: version_keys = {}
[22:33:22.240] [DEBUG] _find_record: record 72a4a6de617c69b4: version_keys = {}
[22:33:22.240] [DEBUG] _find_record: record 1e037b70aa6baa65: version_keys = {}
[22:33:22.240] [DEBUG] _find_record: record 78afecd9a610f8e5: version_keys = {}
[22:33:22.241] [DEBUG] _find_record: record 10b78b008865d308: version_keys = {}
[22:33:22.241] [DEBUG] _find_record: record 86b46b2015f23532: version_keys = {}
[22:33:22.241] [DEBUG] _find_record: record 4cb7f2cac0b02515: version_keys = {}
[22:33:22.241] [DEBUG] _find_record: record ccd2c86a78edcb18: version_keys = {}
[22:33:22.241] [DEBUG] _find_record: record 3414ae0bfc84deed: version_keys = {}
[22:33:22.241] [DEBUG] _find_record: record 2ab412624f3e1c47: version_keys = {}
[22:33:22.241] [DEBUG] _find_record: record 7ca89ca5237f077b: version_keys = {}
[22:33:22.241] [DEBUG] _find_record: record faaa244c8e2f2d40: version_keys = {}
[22:33:22.241] [DEBUG] _find_record: record de94b443c50ae091: version_keys = {}
[22:33:22.241] [DEBUG] _find_record: record b79dde52d0ba3e6b: version_keys = {}
[22:33:22.241] [DEBUG] _find_record: record d6d340cd37191b87: version_keys = {}
[22:33:22.241] [DEBUG] _find_record: record 88cfd7e009def783: version_keys = {}
[22:33:22.241] [DEBUG] _find_record: record 033d3de3561089b5: version_keys = {}
[22:33:22.241] [DEBUG] _find_record: record 959b9516ffa204f4: version_keys = {}
[22:33:22.241] [DEBUG] _find_record: record 4468297337003168: version_keys = {}
[22:33:22.241] [DEBUG] _find_record: record 8966b5dacd63bf67: version_keys = {}
[22:33:22.241] [DEBUG] _find_record: record 428ab34cf29ecf65: version_keys = {}
[22:33:22.241] [DEBUG] _find_record: record 8247c7c3c8ebc9b2: version_keys = {}
[22:33:22.241] [DEBUG] _find_record: record 8e1dfac406b1153c: version_keys = {}
[22:33:22.241] [DEBUG] _find_record: record bdce4c32bd1750e3: version_keys = {}
[22:33:22.241] [DEBUG] _find_record: record da61e1725946a959: version_keys = {}
[22:33:22.241] [DEBUG] _find_record: record 4dac5912f052f107: version_keys = {}
[22:33:22.241] [DEBUG] _find_record: record aaaee646359ed0d9: version_keys = {}
[22:33:22.241] [DEBUG] _find_record: record c78225c8da81e7fb: version_keys = {}
[22:33:22.241] [DEBUG] _find_record: record a74ace25f107eaef: version_keys = {}
[22:33:22.241] [DEBUG] _find_record: record f7f2329d0f7eb680: version_keys = {}
[22:33:22.241] [DEBUG] _find_record: record 01fe068eed6a23d1: version_keys = {}
[22:33:22.241] [DEBUG] _find_record: record 155d1f5cd4ec2b10: version_keys = {}
[22:33:22.241] [DEBUG] _find_record: record 3baca8cee8894a7c: version_keys = {}
[22:33:22.241] [DEBUG] _find_record: record fe54602558d817f3: version_keys = {}
[22:33:22.241] [DEBUG] _find_record: record 32014d3ee8b862bf: version_keys = {}
[22:33:22.242] [DEBUG] _find_record: record 8c153cb28e8576d4: version_keys = {}
[22:33:22.242] [DEBUG] _find_record: record 54b80c01f465db37: version_keys = {}
[22:33:22.242] [DEBUG] _find_record: record a978ceac9ab33cd6: version_keys = {}
[22:33:22.242] [DEBUG] _find_record: record 269efaa3245244bd: version_keys = {}
[22:33:22.242] [DEBUG] _find_record: record 0c897ef70a3aefbc: version_keys = {}
[22:33:22.242] [DEBUG] _find_record: record 913c0f323122bf22: version_keys = {}
[22:33:22.242] [DEBUG] _find_record: record 96d43a8183bbb02b: version_keys = {}
[22:33:22.242] [DEBUG] _find_record: record 87c0faa372c7c37d: version_keys = {}
[22:33:22.242] [DEBUG] _find_record: record 86d45fad221a42e6: version_keys = {}
[22:33:22.242] [DEBUG] _find_record: record eb1a64a2485aa919: version_keys = {}
[22:33:22.242] [DEBUG] _find_record: record bffaabf1e9b87a60: version_keys = {}
[22:33:22.242] [DEBUG] _find_record: record d9aaa8ce8238b440: version_keys = {}
[22:33:22.242] [DEBUG] _find_record: record ae76f22c767a2952: version_keys = {}
[22:33:22.242] [DEBUG] _find_record: record 00d7039d3b07d122: version_keys = {}
[22:33:22.242] [DEBUG] _find_record: record dca23dd2ee79fc19: version_keys = {}
[22:33:22.242] [DEBUG] _find_record: record e8eb893cc7c5869a: version_keys = {}
[22:33:22.242] [DEBUG] _find_record: record d8a865198f895950: version_keys = {}
[22:33:22.242] [DEBUG] _find_record: record 4e62396dc449dd06: version_keys = {}
[22:33:22.242] [DEBUG] _find_record: record 7d94ba5412ee8024: version_keys = {}
[22:33:22.242] [DEBUG] _find_record: record e106a4b8bf9b27fc: version_keys = {}
[22:33:22.242] [DEBUG] _find_record: record e1dbe1b5ca9159d3: version_keys = {}
[22:33:22.242] [DEBUG] _find_record: record c0105ff72dc4c947: version_keys = {}
[22:33:22.242] [DEBUG] _find_record: record 55ee78cfc80a8845: version_keys = {}
[22:33:22.242] [DEBUG] _find_record: record a57fd635d0a4448e: version_keys = {}
[22:33:22.242] [DEBUG] _find_record: record a187f372d58cb587: version_keys = {}
[22:33:22.242] [DEBUG] _find_record: record d3aa0dd30b2ae578: version_keys = {}
[22:33:22.242] [DEBUG] _find_record: record 81e1218a4468901c: version_keys = {}
[22:33:22.242] [DEBUG] _find_record: record 5e9f9cb8fe0485db: version_keys = {}
[22:33:22.242] [DEBUG] _find_record: record de40e7875741ff51: version_keys = {}
[22:33:22.243] [DEBUG] _find_record: record 6145973f8180e668: version_keys = {}
[22:33:22.243] [DEBUG] _find_record: record 8bef2d3a5002312d: version_keys = {}
[22:33:22.243] [DEBUG] _find_record: record 02d66b2c60339fea: version_keys = {}
[22:33:22.243] [DEBUG] _find_record: record 6bf372953cc4bbbd: version_keys = {}
[22:33:22.243] [DEBUG] _find_record: record 903f44548bf826fb: version_keys = {}
[22:33:22.243] [DEBUG] _find_record: record 76f6cb1477e14dac: version_keys = {}
[22:33:22.243] [DEBUG] _find_record: record dc24f154135fb7d4: version_keys = {}
[22:33:22.243] [DEBUG] _find_record: record 3a6d9947b71e49dc: version_keys = {}
[22:33:22.243] [DEBUG] _find_record: record 33d88f63baa42d3d: version_keys = {}
[22:33:22.243] [DEBUG] _find_record: record e85b90c47f9f8707: version_keys = {}
[22:33:22.243] [DEBUG] _find_record: record 31f0d146acd3d3a3: version_keys = {}
[22:33:22.243] [DEBUG] _find_record: record 12707bdb724d5029: version_keys = {}
[22:33:22.243] [DEBUG] _find_record: record 91399e4c05b1b41e: version_keys = {}
[22:33:22.243] [DEBUG] _find_record: record e3152c3f72de6d5b: version_keys = {}
[22:33:22.243] [DEBUG] _find_record: record b2fa8a466c635856: version_keys = {}
[22:33:22.243] [DEBUG] _find_record: record e9427c5b9f8e0fad: version_keys = {}
[22:33:22.243] [DEBUG] _find_record: record 1def49cb45ffd178: version_keys = {}
[22:33:22.243] [DEBUG] _find_record: record 46e6d2994d2ed0dd: version_keys = {}
[22:33:22.243] [DEBUG] _find_record: record ecd9bd42e987275b: version_keys = {}
[22:33:22.243] [DEBUG] _find_record: record 1f9f5ab2e2b94660: version_keys = {}
[22:33:22.243] [DEBUG] _find_record: record c63d440b33c8851b: version_keys = {}
[22:33:22.243] [DEBUG] _find_record: record 216622f58c262c82: version_keys = {}
[22:33:22.244] [DEBUG] _find_record: record 435b2d8a56934b51: version_keys = {}
[22:33:22.244] [DEBUG] _find_record: record 06366a2867c9bf7c: version_keys = {}
[22:33:22.244] [DEBUG] _find_record: record d48ec06ab8f9eb0e: version_keys = {}
[22:33:22.244] [DEBUG] _find_record: record 1b085aa35857a2e2: version_keys = {}
[22:33:22.244] [DEBUG] _find_record: record 16486c44abf63bfe: version_keys = {}
[22:33:22.244] [DEBUG] _find_record: record 59798d4450068976: version_keys = {}
[22:33:22.244] [DEBUG] _find_record: record bf8f22aa2e8b2911: version_keys = {}
[22:33:22.244] [DEBUG] _find_record: record f93eaf413f596c0c: version_keys = {}
[22:33:22.244] [DEBUG] _find_record: record 68d5758fdedab62e: version_keys = {}
[22:33:22.244] [DEBUG] _find_record: record 95d271011f3467b4: version_keys = {}
[22:33:22.244] [DEBUG] _find_record: record fc8f7de8a13c0275: version_keys = {}
[22:33:22.244] [DEBUG] _find_record: record 34f62c972f617c13: version_keys = {}
[22:33:22.244] [DEBUG] _find_record: record 41e9e409086ca2ca: version_keys = {}
[22:33:22.244] [DEBUG] _find_record: record 0030fb9cc54c563f: version_keys = {}
[22:33:22.244] [DEBUG] _find_record: record 75e5c368035bcf13: version_keys = {}
[22:33:22.245] [DEBUG] _find_record: record d77c727714c42e8f: version_keys = {}
[22:33:22.245] [DEBUG] _find_record: record d4416c795f4a03c8: version_keys = {}
[22:33:22.245] [DEBUG] _find_record: record bdb5241290deffb2: version_keys = {}
[22:33:22.245] [DEBUG] _find_record: record 302388496eb4d948: version_keys = {}
[22:33:22.245] [DEBUG] _find_record: record bd3f38215d551f0c: version_keys = {}
[22:33:22.245] [DEBUG] _find_record: record cd8199635d33ee43: version_keys = {}
[22:33:22.245] [DEBUG] _find_record: record 350e5583c8e6de9b: version_keys = {}
[22:33:22.245] [DEBUG] _find_record: record 59916f50582deb6f: version_keys = {}
[22:33:22.245] [DEBUG] _find_record: record 703d6c52155eb974: version_keys = {}
[22:33:22.245] [DEBUG] _find_record: record 4267e4e34a266562: version_keys = {}
[22:33:22.245] [DEBUG] _find_record: record c5a8d709069ac2d6: version_keys = {}
[22:33:22.245] [DEBUG] _find_record: record 3f8b466a78310c3f: version_keys = {}
[22:33:22.245] [DEBUG] _find_record: record c6f964cad991bbd6: version_keys = {}
[22:33:22.245] [DEBUG] _find_record: record 4b0e2576c504eef0: version_keys = {}
[22:33:22.245] [DEBUG] _find_record: record d2559ce5907b42ae: version_keys = {}
[22:33:22.245] [DEBUG] _find_record: record 0262cc6898237bc7: version_keys = {}
[22:33:22.245] [DEBUG] _find_record: record e5134456673c9e39: version_keys = {}
[22:33:22.245] [DEBUG] _find_record: record 5625b9a0acad8530: version_keys = {}
[22:33:22.245] [DEBUG] _find_record: record 89748d3a627e6902: version_keys = {}
[22:33:22.245] [DEBUG] _find_record: record 777cfb129f988716: version_keys = {}
[22:33:22.245] [DEBUG] _find_record: record 4069694941ec7e50: version_keys = {}
[22:33:22.245] [DEBUG] _find_record: record acb3a990df23ba45: version_keys = {}
[22:33:22.245] [DEBUG] _find_record: record 74ff8f0425fb2459: version_keys = {}
[22:33:22.245] [DEBUG] _find_record: record 55027ff3697cea27: version_keys = {}
[22:33:22.245] [DEBUG] _find_record: record d0262d6317ae6eb0: version_keys = {}
[22:33:22.245] [DEBUG] _find_record: record 7f484dc9c3d8b609: version_keys = {}
[22:33:22.245] [DEBUG] _find_record: record 29274db4df6e9a15: version_keys = {}
[22:33:22.245] [DEBUG] _find_record: record 3f2cda8acb3b6381: version_keys = {}
[22:33:22.245] [DEBUG] _find_record: record 13d3f1d23d2df9cd: version_keys = {}
[22:33:22.246] [DEBUG] _find_record: record febc40081bc9cbab: version_keys = {}
[22:33:22.246] [DEBUG] _find_record: record c74f8da639e5f281: version_keys = {}
[22:33:22.246] [DEBUG] _find_record: record 3cdedef37a8e3bf3: version_keys = {}
[22:33:22.246] [DEBUG] _find_record: record daec71b11899f03f: version_keys = {}
[22:33:22.246] [DEBUG] _find_record: record d71aa620ead88297: version_keys = {}
[22:33:22.246] [DEBUG] _find_record: record b0fe8c26d10b2267: version_keys = {}
[22:33:22.246] [DEBUG] _find_record: record 7deb481e70cb01ad: version_keys = {}
[22:33:22.246] [DEBUG] _find_record: record 29d36e4276d7e901: version_keys = {}
[22:33:22.246] [DEBUG] _find_record: record 55cf25a092cc480c: version_keys = {}
[22:33:22.246] [DEBUG] _find_record: record c83df95d726f58b9: version_keys = {}
[22:33:22.246] [DEBUG] _find_record: record 2a18c472aea808e2: version_keys = {}
[22:33:22.246] [DEBUG] _find_record: record 54905edcc7c8dbb8: version_keys = {}
[22:33:22.246] [DEBUG] _find_record: record ab1e3d7b703d9536: version_keys = {}
[22:33:22.246] [DEBUG] _find_record: record 6843d10a4a1012b0: version_keys = {}
[22:33:22.246] [DEBUG] _find_record: record da8630e2aa56fb8f: version_keys = {}
[22:33:22.246] [DEBUG] _find_record: record af2ae590dff92fb2: version_keys = {}
[22:33:22.246] [DEBUG] _find_record: record c8969e3632ebfc7e: version_keys = {}
[22:33:22.246] [DEBUG] _find_record: record 9c727478c7f00996: version_keys = {}
[22:33:22.246] [DEBUG] _find_record: record 7e53e8ac5dda679f: version_keys = {}
[22:33:22.246] [DEBUG] _find_record: record 76b6c1ea09a214e6: version_keys = {}
[22:33:22.246] [DEBUG] _find_record: record 42e8e3ad9a3dfaca: version_keys = {}
[22:33:22.246] [DEBUG] _find_record: record fc1b9d993bbc8ba0: version_keys = {}
[22:33:22.246] [DEBUG] _find_record: record c096b41b2e544c47: version_keys = {}
[22:33:22.246] [DEBUG] _find_record: record b5ce186a887360ef: version_keys = {}
[22:33:22.246] [DEBUG] _find_record: record d8dfd2a218fb2001: version_keys = {}
[22:33:22.246] [DEBUG] _find_record: record 455dee551206b14a: version_keys = {}
[22:33:22.246] [DEBUG] _find_record: record e81bb36af62f6edb: version_keys = {}
[22:33:22.246] [DEBUG] _find_record: record b6acd750190bc8d6: version_keys = {}
[22:33:22.247] [DEBUG] _find_record: record c428176665122836: version_keys = {}
[22:33:22.247] [DEBUG] _find_record: record 416095ed44d31ac1: version_keys = {}
[22:33:22.247] [DEBUG] _find_record: record 126d753fb6701ab6: version_keys = {}
[22:33:22.247] [DEBUG] _find_record: record ff2dd1d8f5d33bde: version_keys = {}
[22:33:22.247] [DEBUG] _find_record: record 7ef85b1cddf0d24c: version_keys = {}
[22:33:22.247] [DEBUG] _find_record: record f29d72ae1be18c51: version_keys = {}
[22:33:22.247] [DEBUG] _find_record: record 10aa43553f1ace29: version_keys = {}
[22:33:22.247] [DEBUG] _find_record: record 05f79bc2ab7bfad3: version_keys = {}
[22:33:22.247] [DEBUG] _find_record: record d97a7c6b311a6062: version_keys = {}
[22:33:22.247] [DEBUG] _find_record: record 70fbe5d884af95ca: version_keys = {}
[22:33:22.247] [DEBUG] _find_record: record 3b3fe8ea48a2cd38: version_keys = {}
[22:33:22.247] [DEBUG] _find_record: record 100b6043328e3165: version_keys = {}
[22:33:22.247] [DEBUG] _find_record: record 5356e7fbca6d0365: version_keys = {}
[22:33:22.247] [DEBUG] _find_record: record abf1bb788f05ab8d: version_keys = {}
[22:33:22.247] [DEBUG] _find_record: record ed84f133c9836500: version_keys = {}
[22:33:22.247] [DEBUG] _find_record: record 7487ce388237ec8c: version_keys = {}
[22:33:22.247] [DEBUG] _find_record: record 219a82b16732a133: version_keys = {}
[22:33:22.247] [DEBUG] _find_record: record 2a98eb8a9b77b824: version_keys = {}
[22:33:22.247] [DEBUG] _find_record: record 8d2789f4ff7d153f: version_keys = {}
[22:33:22.247] [DEBUG] _find_record: record 07ba67127ceabe14: version_keys = {}
[22:33:22.247] [DEBUG] _find_record: record 4b1d5b8e3b44973f: version_keys = {}
[22:33:22.247] [DEBUG] _find_record: record 8195996792c10e00: version_keys = {}
[22:33:22.247] [DEBUG] _find_record: record 7af12bd446f7c5c3: version_keys = {}
[22:33:22.247] [DEBUG] _find_record: record 7d8d3b6ef87151f1: version_keys = {}
[22:33:22.247] [DEBUG] _find_record: record 4548b9183450b9ef: version_keys = {}
[22:33:22.248] [DEBUG] _find_record: record 598d1f24f9bfc119: version_keys = {}
[22:33:22.248] [DEBUG] _find_record: record 38d41d4743045cce: version_keys = {}
[22:33:22.248] [DEBUG] _find_record: record 3c32be32d9799474: version_keys = {}
[22:33:22.248] [DEBUG] _find_record: record fc584fc53534d659: version_keys = {}
[22:33:22.248] [DEBUG] _find_record: record ef5c3770141043ec: version_keys = {}
[22:33:22.248] [DEBUG] _find_record: record 8ad51d51430f48df: version_keys = {}
[22:33:22.248] [DEBUG] _find_record: record f2b588449e92f898: version_keys = {}
[22:33:22.248] [DEBUG] _find_record: record adea784d21bf5cb2: version_keys = {}
[22:33:22.248] [DEBUG] _find_record: record 32a3d860dbe5ae6c: version_keys = {}
[22:33:22.248] [DEBUG] _find_record: record de2022c48b8bca4b: version_keys = {}
[22:33:22.248] [DEBUG] _find_record: record 024ce5b4ec2a6d9b: version_keys = {}
[22:33:22.248] [DEBUG] _find_record: record d94328dd60196b97: version_keys = {}
[22:33:22.248] [DEBUG] _find_record: record 669ffcbfd6f34740: version_keys = {}
[22:33:22.248] [DEBUG] _find_record: record 9b95b46506ba7720: version_keys = {}
[22:33:22.248] [DEBUG] _find_record: record bced57c840a7e31a: version_keys = {}
[22:33:22.248] [DEBUG] _find_record: record adeb78f276fbc8ba: version_keys = {}
[22:33:22.248] [DEBUG] _find_record: record b98c91a59ee6a962: version_keys = {}
[22:33:22.248] [DEBUG] _find_record: record 75059644ca3432d1: version_keys = {}
[22:33:22.248] [DEBUG] _find_record: record 7f0c57427f76b1dd: version_keys = {}
[22:33:22.248] [DEBUG] _find_record: record 40418048ee20eea2: version_keys = {}
[22:33:22.248] [DEBUG] _find_record: record ce76790edfff2166: version_keys = {}
[22:33:22.248] [DEBUG] _find_record: record 6b7c849e5bcea6a2: version_keys = {}
[22:33:22.248] [DEBUG] _find_record: record 1ddc689bc9f30b4f: version_keys = {}
[22:33:22.248] [DEBUG] _find_record: record b4800db4fd1496bb: version_keys = {}
[22:33:22.248] [DEBUG] _find_record: record f0ce0640bd6facd1: version_keys = {}
[22:33:22.248] [DEBUG] _find_record: record c6d0626aa67bb1bf: version_keys = {}
[22:33:22.248] [DEBUG] _find_record: record b43ae758d9e432bc: version_keys = {}
[22:33:22.248] [DEBUG] _find_record: record bbb5fd9c3849a230: version_keys = {}
[22:33:22.248] [DEBUG] _find_record: record adb3f22eea9caf5b: version_keys = {}
[22:33:22.249] [DEBUG] _find_record: record 704ef5b7f0bd6b0f: version_keys = {}
[22:33:22.249] [DEBUG] _find_record: record d858cbf63bee63d0: version_keys = {}
[22:33:22.249] [DEBUG] _find_record: record dd2a3fff86f9b48a: version_keys = {}
[22:33:22.249] [DEBUG] _find_record: record 5f75b38406a8b9ca: version_keys = {}
[22:33:22.249] [DEBUG] _find_record: record 0dc391b776ef31a2: version_keys = {}
[22:33:22.249] [DEBUG] _find_record: record 643871ba79e56836: version_keys = {}
[22:33:22.249] [DEBUG] _find_record: record f16c0a4f1d3b2887: version_keys = {}
[22:33:22.249] [DEBUG] _find_record: record c44dd30f46bb7bfa: version_keys = {}
[22:33:22.249] [DEBUG] _find_record: record 6af28cccbb5758ad: version_keys = {}
[22:33:22.249] [DEBUG] _find_record: record 54480faf55200e5d: version_keys = {}
[22:33:22.249] [DEBUG] _find_record: record 324f9ba356f10acf: version_keys = {}
[22:33:22.249] [DEBUG] _find_record: record f2048e1ecd3e2a6f: version_keys = {}
[22:33:22.249] [DEBUG] _find_record: record 343118c8c54cee09: version_keys = {}
[22:33:22.249] [DEBUG] _find_record: record 7f76eacdf096286b: version_keys = {}
[22:33:22.249] [DEBUG] _find_record: record 9288135e5ca33e78: version_keys = {}
[22:33:22.249] [DEBUG] _find_record: record ff4c98e177de2150: version_keys = {}
[22:33:22.249] [DEBUG] _find_record: record 5d7a163ff68f2a10: version_keys = {}
[22:33:22.249] [DEBUG] _find_record: record ce03a47b02fff88f: version_keys = {}
[22:33:22.249] [DEBUG] _find_record: record 9d102098f4aacf16: version_keys = {}
[22:33:22.249] [DEBUG] _find_record: record fd004107ae434b74: version_keys = {}
[22:33:22.249] [DEBUG] _find_record: record d6cdb9a99f3f084c: version_keys = {}
[22:33:22.249] [DEBUG] _find_record: record e88f0790fbf5f139: version_keys = {}
[22:33:22.249] [DEBUG] _find_record: record b20f8d410127bbea: version_keys = {}
[22:33:22.249] [DEBUG] _find_record: record 3f2424a40b13679a: version_keys = {}
[22:33:22.249] [DEBUG] _find_record: record cd79b669a19ecedd: version_keys = {}
[22:33:22.249] [DEBUG] _find_record: record fd1f29e749a8fa9a: version_keys = {}
[22:33:22.249] [DEBUG] _find_record: record 1b523d2d50bd5c53: version_keys = {}
[22:33:22.249] [DEBUG] _find_record: record 5d21c9f5b575df8f: version_keys = {}
[22:33:22.249] [DEBUG] _find_record: record 7db92be9add714d7: version_keys = {}
[22:33:22.249] [DEBUG] _find_record: record fd344ce78e27b187: version_keys = {}
[22:33:22.249] [DEBUG] _find_record: record d16e500c3bbe9f5c: version_keys = {}
[22:33:22.250] [DEBUG] _find_record: record 62b027d5a862dc53: version_keys = {}
[22:33:22.250] [DEBUG] _find_record: record a96cda90af42e547: version_keys = {}
[22:33:22.250] [DEBUG] _find_record: record 8b6964d2144de7ef: version_keys = {}
[22:33:22.250] [DEBUG] _find_record: record 891f73c9209df883: version_keys = {}
[22:33:22.250] [DEBUG] _find_record: record a53b31f30872ae7a: version_keys = {}
[22:33:22.250] [DEBUG] _find_record: record 5d60eeeeb188fcec: version_keys = {}
[22:33:22.250] [DEBUG] _find_record: record b10ccfa607e4c9b6: version_keys = {}
[22:33:22.250] [DEBUG] _find_record: record 08539671eaa8df5c: version_keys = {}
[22:33:22.250] [DEBUG] _find_record: record b983e058f02932eb: version_keys = {}
[22:33:22.250] [DEBUG] _find_record: record ba1eea2720469450: version_keys = {}
[22:33:22.250] [DEBUG] _find_record: record 98ab8ffbe005e080: version_keys = {}
[22:33:22.250] [DEBUG] _find_record: record 5840138d2b7f06eb: version_keys = {}
[22:33:22.250] [DEBUG] _find_record: record c4052c75d09ac8a9: version_keys = {}
[22:33:22.250] [DEBUG] _find_record: record 1bf2707ca4cef2c9: version_keys = {}
[22:33:22.250] [DEBUG] _find_record: record b99c1f9d79d10ba8: version_keys = {}
[22:33:22.250] [DEBUG] _find_record: record bfbb8f18cd73dc1d: version_keys = {}
[22:33:22.250] [DEBUG] _find_record: record 42885aee00fb0065: version_keys = {}
[22:33:22.250] [DEBUG] _find_record: record 0f8a49d4bd66fbdd: version_keys = {}
[22:33:22.250] [DEBUG] _find_record: record 41e82c8862f75689: version_keys = {}
[22:33:22.250] [DEBUG] _find_record: record 29f8aa66771178fe: version_keys = {}
[22:33:22.250] [DEBUG] _find_record: record 352945b2d18f55b8: version_keys = {}
[22:33:22.250] [DEBUG] _find_record: record 121cf1b53ccef885: version_keys = {}
[22:33:22.250] [DEBUG] _find_record: record 4071cffd96d6582f: version_keys = {}
[22:33:22.250] [DEBUG] _find_record: record eb7f78a4d551c728: version_keys = {}
[22:33:22.250] [DEBUG] _find_record: record 45f7a19ca6225d5e: version_keys = {}
[22:33:22.250] [DEBUG] _find_record: record 8e4d495db59d6eed: version_keys = {}
[22:33:22.250] [DEBUG] _find_record: record 6d22364ccd299b4d: version_keys = {}
[22:33:22.250] [DEBUG] _find_record: record fe5747d32dc4d31d: version_keys = {}
[22:33:22.250] [DEBUG] _find_record: record a5720bf9e56a98ca: version_keys = {}
[22:33:22.251] [DEBUG] _find_record: record 121a437d6f400ee4: version_keys = {}
[22:33:22.251] [DEBUG] _find_record: record 4c66462775e64a09: version_keys = {}
[22:33:22.251] [DEBUG] _find_record: record aa1f6bcf9750da1c: version_keys = {}
[22:33:22.251] [DEBUG] _find_record: record 9443d48965ff9f36: version_keys = {}
[22:33:22.251] [DEBUG] _find_record: record 75e72b54c6a9940b: version_keys = {}
[22:33:22.251] [DEBUG] _find_record: record a635e92f6a597a20: version_keys = {}
[22:33:22.251] [DEBUG] _find_record: record 021f834fd0097db2: version_keys = {}
[22:33:22.251] [DEBUG] _find_record: record 0ee6bd10ce98da18: version_keys = {}
[22:33:22.251] [DEBUG] _find_record: record 06afc2c3b38439de: version_keys = {}
[22:33:22.251] [DEBUG] _find_record: record c5e7c9a72232cff7: version_keys = {}
[22:33:22.251] [DEBUG] _find_record: record 874959f4fd1485fd: version_keys = {}
[22:33:22.251] [DEBUG] _find_record: record 69301ef724963ab8: version_keys = {}
[22:33:22.251] [DEBUG] _find_record: record acbc85c3a9d6961e: version_keys = {}
[22:33:22.251] [DEBUG] _find_record: record ec87da9c266481bc: version_keys = {}
[22:33:22.251] [DEBUG] _find_record: record f98917e19860fe5a: version_keys = {}
[22:33:22.251] [DEBUG] _find_record: record 23c769828e8666dd: version_keys = {}
[22:33:22.251] [DEBUG] _find_record: record e84ee08c832d1e16: version_keys = {}
[22:33:22.251] [DEBUG] _find_record: record 4bf873b41b3af938: version_keys = {}
[22:33:22.251] [DEBUG] _find_record: record 5873411170079e10: version_keys = {}
[22:33:22.251] [DEBUG] _find_record: record 1ad6aa832d889ebd: version_keys = {}
[22:33:22.251] [DEBUG] _find_record: record c747f78c66b64f10: version_keys = {}
[22:33:22.251] [DEBUG] _find_record: record d435ce1491c0a4bc: version_keys = {}
[22:33:22.252] [DEBUG] _find_record: record 3da8741cb0418d92: version_keys = {}
[22:33:22.252] [DEBUG] _find_record: record 156af0b2d65af777: version_keys = {}
[22:33:22.252] [DEBUG] _find_record: record e592e5e2e3f1cb21: version_keys = {}
[22:33:22.252] [DEBUG] _find_record: record b874726501fd52e2: version_keys = {}
[22:33:22.252] [DEBUG] _find_record: record 14e0ada4a50a0fef: version_keys = {}
[22:33:22.252] [DEBUG] _find_record: record a0077978d05bb3b0: version_keys = {}
[22:33:22.252] [DEBUG] _find_record: record 8555e2fbc46796ea: version_keys = {}
[22:33:22.252] [DEBUG] _find_record: record 0e18e733fd08751a: version_keys = {}
[22:33:22.252] [DEBUG] _find_record: record 9d219c3756b93767: version_keys = {}
[22:33:22.252] [DEBUG] _find_record: record f41ffe44d1ae2a72: version_keys = {}
[22:33:22.252] [DEBUG] _find_record: record f5dc54609057dcdc: version_keys = {}
[22:33:22.252] [DEBUG] _find_record: record 05b7db8170c5fe69: version_keys = {}
[22:33:22.252] [DEBUG] _find_record: record 43f4793feced9049: version_keys = {}
[22:33:22.252] [DEBUG] _find_record: record 254ae1d6920e5cf7: version_keys = {}
[22:33:22.252] [DEBUG] _find_record: record c9c1c4623f73d0fe: version_keys = {}
[22:33:22.252] [DEBUG] _find_record: record 44a167f43bccd194: version_keys = {}
[22:33:22.252] [DEBUG] _find_record: record 36da1f0074b0cff0: version_keys = {}
[22:33:22.252] [DEBUG] _find_record: record d4775dfb243d9d2f: version_keys = {}
[22:33:22.252] [DEBUG] _find_record: record f0ceb34a90d8bde1: version_keys = {}
[22:33:22.252] [DEBUG] _find_record: record ebcf6e8b27382e47: version_keys = {}
[22:33:22.252] [DEBUG] _find_record: record da9ac52cc5cc5914: version_keys = {}
[22:33:22.252] [DEBUG] _find_record: record 1ff909cdff29b00f: version_keys = {}
[22:33:22.252] [DEBUG] _find_record: record 928b3b5e51427451: version_keys = {}
[22:33:22.253] [DEBUG] _find_record: record ede544e40d838f8a: version_keys = {}
[22:33:22.253] [DEBUG] _find_record: record c3a4cae2cd6c0059: version_keys = {}
[22:33:22.253] [DEBUG] _find_record: record 482e423bb19678ac: version_keys = {}
[22:33:22.253] [DEBUG] _find_record: record 61cefdc5da216606: version_keys = {}
[22:33:22.253] [DEBUG] _find_record: record 750e9bcdc8fa027e: version_keys = {}
[22:33:22.253] [DEBUG] _find_record: record cf3eefefd92b9c16: version_keys = {}
[22:33:22.253] [DEBUG] _find_record: record 7f22affe1db5a8e4: version_keys = {}
[22:33:22.253] [DEBUG] _find_record: record 28d21ec76a6941b1: version_keys = {}
[22:33:22.253] [DEBUG] _find_record: record baab3e53559ad18c: version_keys = {}
[22:33:22.253] [DEBUG] _find_record: record dc6f02a7e0a71282: version_keys = {}
[22:33:22.253] [DEBUG] _find_record: record 7df30a63fd4d4952: version_keys = {}
[22:33:22.253] [DEBUG] _find_record: record c8a54d3a100e2a05: version_keys = {}
[22:33:22.253] [DEBUG] _find_record: record ef68bc2a9f158ade: version_keys = {}
[22:33:22.253] [DEBUG] _find_record: record e4e4fbe5c9ab210f: version_keys = {}
[22:33:22.253] [DEBUG] _find_record: record dc13ff16c6f6cbab: version_keys = {}
[22:33:22.253] [DEBUG] _find_record: record 0705fb338cc0ed76: version_keys = {}
[22:33:22.253] [DEBUG] _find_record: record 63f16077a70c8ed5: version_keys = {}
[22:33:22.253] [DEBUG] _find_record: record 78936acf759654a0: version_keys = {}
[22:33:22.253] [DEBUG] _find_record: record a53aeee5778f83f1: version_keys = {}
[22:33:22.253] [DEBUG] _find_record: record ab2b9781819798c1: version_keys = {}
[22:33:22.253] [DEBUG] _find_record: record 23baadd80d22ea65: version_keys = {}
[22:33:22.253] [DEBUG] _find_record: record dcc8530df958563a: version_keys = {}
[22:33:22.253] [DEBUG] _find_record: record 96284c906abe9bf8: version_keys = {}
[22:33:22.253] [DEBUG] _find_record: record 9c842e4c8132fd55: version_keys = {}
[22:33:22.253] [DEBUG] _find_record: record 9aec28506a776b3b: version_keys = {}
[22:33:22.253] [DEBUG] _find_record: record f5ce4dd2b03b1b34: version_keys = {}
[22:33:22.253] [DEBUG] _find_record: record 5f0fc1cf90f602dc: version_keys = {}
[22:33:22.253] [DEBUG] _find_record: record 3a7b653bf0ecb89f: version_keys = {}
[22:33:22.253] [DEBUG] _find_record: record fb249903d04157dd: version_keys = {}
[22:33:22.253] [DEBUG] _find_record: record 7562c52b7a33983a: version_keys = {}
[22:33:22.254] [DEBUG] _find_record: record fc985a2b5b0bd145: version_keys = {}
[22:33:22.254] [DEBUG] _find_record: record bc6ed99279132b43: version_keys = {}
[22:33:22.254] [DEBUG] _find_record: record 7a7a3eeb4845b4bc: version_keys = {}
[22:33:22.254] [DEBUG] _find_record: record 2516d9841d7cfba1: version_keys = {}
[22:33:22.254] [DEBUG] _find_record: record 79fe435c24532f4a: version_keys = {}
[22:33:22.254] [DEBUG] _find_record: record 56fab14f63113cab: version_keys = {}
[22:33:22.254] [DEBUG] _find_record: record 1b3dca16224c52ef: version_keys = {}
[22:33:22.254] [DEBUG] _find_record: record 20b8afd39c3e8492: version_keys = {}
[22:33:22.254] [DEBUG] _find_record: record 9b951f57316bd15e: version_keys = {}
[22:33:22.254] [DEBUG] _find_record: record 6639ea65fddbe1dd: version_keys = {}
[22:33:22.254] [DEBUG] _find_record: record cbc7b7bab6c1bd5b: version_keys = {}
[22:33:22.254] [DEBUG] _find_record: record 82071424200e129b: version_keys = {}
[22:33:22.254] [DEBUG] _find_record: record 03e3ad14c2def55d: version_keys = {}
[22:33:22.254] [DEBUG] _find_record: record a178e4cf6d32e6e6: version_keys = {}
[22:33:22.254] [DEBUG] _find_record: record e0e3813845241bf4: version_keys = {}
[22:33:22.254] [DEBUG] _find_record: record d79a05b74d3e75b8: version_keys = {}
[22:33:22.254] [DEBUG] _find_record: record 202d4c6542d5ba9d: version_keys = {}
[22:33:22.254] [DEBUG] _find_record: record bdf1adecb3aa6703: version_keys = {}
[22:33:22.254] [DEBUG] _find_record: record 82607f7c41bbe08f: version_keys = {}
[22:33:22.254] [DEBUG] _find_record: record 0080a6a9cafa1eb8: version_keys = {}
[22:33:22.254] [DEBUG] _find_record: record ddeaf88ea7844dfd: version_keys = {}
[22:33:22.254] [DEBUG] _find_record: record 9fcd7d25881d1b5c: version_keys = {}
[22:33:22.254] [DEBUG] _find_record: record a17fa70fe65b6a1f: version_keys = {}
[22:33:22.254] [DEBUG] _find_record: record 04a55a075b0d9710: version_keys = {}
[22:33:22.255] [DEBUG] _find_record: record cb1a556b3f3aba11: version_keys = {}
[22:33:22.255] [DEBUG] _find_record: record b306c5fd14cb5d35: version_keys = {}
[22:33:22.255] [DEBUG] _find_record: record b92183e3f2c98cd1: version_keys = {}
[22:33:22.255] [DEBUG] _find_record: record f072322a2e9b5d53: version_keys = {}
[22:33:22.255] [DEBUG] _find_record: record 535b34bb248e58ca: version_keys = {}
[22:33:22.255] [DEBUG] _find_record: record 8424776868e654a2: version_keys = {}
[22:33:22.255] [DEBUG] _find_record: record 9ee4bdf6042365f6: version_keys = {}
[22:33:22.255] [DEBUG] _find_record: record b0dc0252699fff08: version_keys = {}
[22:33:22.255] [DEBUG] _find_record: record 3a8dc73f399ec267: version_keys = {}
[22:33:22.255] [DEBUG] _find_record: record 768595ce155a121b: version_keys = {}
[22:33:22.255] [DEBUG] _find_record: record d49f6f861ee877ed: version_keys = {}
[22:33:22.255] [DEBUG] _find_record: record a9f5c141ef177129: version_keys = {}
[22:33:22.255] [DEBUG] _find_record: record f851d98de91a717d: version_keys = {}
[22:33:22.255] [DEBUG] _find_record: record b7be73c01deced13: version_keys = {}
[22:33:22.255] [DEBUG] _find_record: record 50d7248b09348932: version_keys = {}
[22:33:22.255] [DEBUG] _find_record: record ae1e21242e4d0c8b: version_keys = {}
[22:33:22.255] [DEBUG] _find_record: record 12929b46b7765651: version_keys = {}
[22:33:22.255] [DEBUG] _find_record: record ae5daa02ddb56019: version_keys = {}
[22:33:22.255] [DEBUG] _find_record: record 5a3978a3802c7172: version_keys = {}
[22:33:22.255] [DEBUG] _find_record: record b7a16be9c7e128cf: version_keys = {}
[22:33:22.255] [DEBUG] _find_record: record bff89868d89f0e74: version_keys = {}
[22:33:22.255] [DEBUG] _find_record: record 52e0eb897c472a76: version_keys = {}
[22:33:22.255] [DEBUG] _find_record: record 53bda820c05eb7fc: version_keys = {}
[22:33:22.256] [DEBUG] _find_record: record bc30c029550caab4: version_keys = {}
[22:33:22.256] [DEBUG] _find_record: record 80fbecf4a02fb989: version_keys = {}
[22:33:22.256] [DEBUG] _find_record: record b612767dcbdb93d8: version_keys = {}
[22:33:22.256] [DEBUG] _find_record: record bb7e3727235bc6d3: version_keys = {}
[22:33:22.256] [DEBUG] _find_record: record 3b05cfeba03080ae: version_keys = {}
[22:33:22.256] [DEBUG] _find_record: record ba9dface91fb6d32: version_keys = {}
[22:33:22.256] [DEBUG] _find_record: record a1ce24a355a676fd: version_keys = {}
[22:33:22.256] [DEBUG] _find_record: record 6593d1f3d4788852: version_keys = {}
[22:33:22.256] [DEBUG] _find_record: record 6dcf97fab2575493: version_keys = {}
[22:33:22.256] [DEBUG] _find_record: record 6937a08a9af2361e: version_keys = {}
[22:33:22.256] [DEBUG] _find_record: record 32695393d2b4e7c3: version_keys = {}
[22:33:22.256] [DEBUG] _find_record: record 110b8610500dfb3a: version_keys = {}
[22:33:22.256] [DEBUG] _find_record: record aef3b25009c645db: version_keys = {}
[22:33:22.256] [DEBUG] _find_record: record f7527d293649e79b: version_keys = {}
[22:33:22.256] [DEBUG] _find_record: record 962480d0e366823f: version_keys = {}
[22:33:22.256] [DEBUG] _find_record: record 44a1c7e5a5ec33f2: version_keys = {}
[22:33:22.256] [DEBUG] _find_record: record 3bd59f910ca72af4: version_keys = {}
[22:33:22.256] [DEBUG] _find_record: record d605aa36d4fd91b6: version_keys = {}
[22:33:22.256] [DEBUG] _find_record: record 6e01a66fe5ef6674: version_keys = {}
[22:33:22.256] [DEBUG] _find_record: record d84a311d80ec7511: version_keys = {}
[22:33:22.256] [DEBUG] _find_record: record 57a8360758c67e2d: version_keys = {}
[22:33:22.256] [DEBUG] _find_record: record 0f75db60382da35e: version_keys = {}
[22:33:22.256] [DEBUG] _find_record: record 5ea446f734a9c462: version_keys = {}
[22:33:22.256] [DEBUG] _find_record: record 6a743a8dce18c787: version_keys = {}
[22:33:22.256] [DEBUG] _find_record: record 5479bd3df0654bca: version_keys = {}
[22:33:22.256] [DEBUG] _find_record: record 94aa5834fa925ed4: version_keys = {}
[22:33:22.256] [DEBUG] _find_record: record 46263fd0b8ab3cd7: version_keys = {}
[22:33:22.256] [DEBUG] _find_record: record 379c9b89ac715751: version_keys = {}
[22:33:22.257] [DEBUG] _find_record: record d2df6b940593efcb: version_keys = {}
[22:33:22.257] [DEBUG] _find_record: record d0b0724c33329a0b: version_keys = {}
[22:33:22.257] [DEBUG] _find_record: record 2faa6ae2749eac90: version_keys = {}
[22:33:22.257] [DEBUG] _find_record: record 33246707e8e43474: version_keys = {}
[22:33:22.257] [DEBUG] _find_record: record a5793d0363e36208: version_keys = {}
[22:33:22.257] [DEBUG] _find_record: record 5525dbddc5dc7c38: version_keys = {}
[22:33:22.257] [DEBUG] _find_record: record 8ecd1494d23ae89e: version_keys = {}
[22:33:22.257] [DEBUG] _find_record: record e08249d1acef73a3: version_keys = {}
[22:33:22.257] [DEBUG] _find_record: record 3c0e2173566098ed: version_keys = {}
[22:33:22.257] [DEBUG] _find_record: record f9f394067f0791f4: version_keys = {}
[22:33:22.257] [DEBUG] _find_record: record 1bf3543491531c1d: version_keys = {}
[22:33:22.257] [DEBUG] _find_record: record c7db59e42d5d28b6: version_keys = {}
[22:33:22.257] [DEBUG] _find_record: record f8d9a75de310e0b7: version_keys = {}
[22:33:22.257] [DEBUG] _find_record: record 0050b0734068e271: version_keys = {}
[22:33:22.257] [DEBUG] _find_record: record 23ed4328390533bc: version_keys = {}
[22:33:22.257] [DEBUG] _find_record: record 21b85a43b28b8385: version_keys = {}
[22:33:22.257] [DEBUG] _find_record: record 0a2bc4415cd2c248: version_keys = {}
[22:33:22.257] [DEBUG] _find_record: record 38195a87ea0679b9: version_keys = {}
[22:33:22.257] [DEBUG] _find_record: record 6f7d89d17c6a4d9b: version_keys = {}
[22:33:22.257] [DEBUG] _find_record: record 1495108a8bfa610b: version_keys = {}
[22:33:22.257] [DEBUG] _find_record: record dd20ab29f787ab4e: version_keys = {}
[22:33:22.257] [DEBUG] _find_record: record b30af456250c6897: version_keys = {}
[22:33:22.257] [DEBUG] _find_record: record 99a8e056e9959680: version_keys = {}
[22:33:22.257] [DEBUG] _find_record: record c0f178c5a4387c73: version_keys = {}
[22:33:22.257] [DEBUG] _find_record: record 3dbe0fefe25435a7: version_keys = {}
[22:33:22.257] [DEBUG] _find_record: record fe40c9487ef53690: version_keys = {}
[22:33:22.257] [DEBUG] _find_record: record 17c40eb26fdb17a4: version_keys = {}
[22:33:22.257] [DEBUG] _find_record: record eba7bd831cc25e8b: version_keys = {}
[22:33:22.257] [DEBUG] _find_record: record b749d0b445852b7a: version_keys = {}
[22:33:22.258] [DEBUG] _find_record: record c5868c235b586252: version_keys = {}
[22:33:22.258] [DEBUG] _find_record: record 4425d6db068d2700: version_keys = {}
[22:33:22.258] [DEBUG] _find_record: record 12e5f91c83590346: version_keys = {}
[22:33:22.258] [DEBUG] _find_record: record e10b6d5d4c82fefd: version_keys = {}
[22:33:22.258] [DEBUG] _find_record: record e540b7109b1802c3: version_keys = {}
[22:33:22.258] [DEBUG] _find_record: record 8abfbec1c375bb22: version_keys = {}
[22:33:22.258] [DEBUG] _find_record: record 4bee83aa0b9f157d: version_keys = {}
[22:33:22.258] [DEBUG] _find_record: record bbedd2874537b810: version_keys = {}
[22:33:22.258] [DEBUG] _find_record: record 8ecdd0669f672a76: version_keys = {}
[22:33:22.258] [DEBUG] _find_record: record b70c2fd56f2ac6ae: version_keys = {}
[22:33:22.258] [DEBUG] _find_record: record 5227049cf1805bcc: version_keys = {}
[22:33:22.258] [DEBUG] _find_record: record 39fe78533f3d2a4e: version_keys = {}
[22:33:22.258] [DEBUG] _find_record: record f646be8099992ae0: version_keys = {}
[22:33:22.258] [DEBUG] _find_record: record 7d3e61c950f70372: version_keys = {}
[22:33:22.258] [DEBUG] _find_record: record 72894eb5e379563b: version_keys = {}
[22:33:22.258] [DEBUG] _find_record: record d088d3c6487b942a: version_keys = {}
[22:33:22.258] [DEBUG] _find_record: record 100ed0924ca95ba8: version_keys = {}
[22:33:22.258] [DEBUG] _find_record: record 55b69fbce8be3b28: version_keys = {}
[22:33:22.258] [DEBUG] _find_record: record a28a07823c891d7f: version_keys = {}
[22:33:22.258] [DEBUG] _find_record: record ebec5366acae7e53: version_keys = {}
[22:33:22.258] [DEBUG] _find_record: record 7c1f0cc9b90cdc81: version_keys = {}
[22:33:22.258] [DEBUG] _find_record: record 0e3d73718208e779: version_keys = {}
[22:33:22.258] [DEBUG] _find_record: record 00de6baee25a70aa: version_keys = {}
[22:33:22.258] [DEBUG] _find_record: record 1ccc12c724d119a4: version_keys = {}
[22:33:22.258] [DEBUG] _find_record: record 94dc77a2138d2b75: version_keys = {}
[22:33:22.258] [DEBUG] _find_record: record 23ed6a6a3a19a24d: version_keys = {}
[22:33:22.258] [DEBUG] _find_record: record 0858a23cf8ff24a7: version_keys = {}
[22:33:22.258] [DEBUG] _find_record: record b0d0b99f0f25b8c1: version_keys = {}
[22:33:22.258] [DEBUG] _find_record: record 79b0abbe3a84bedb: version_keys = {}
[22:33:22.258] [DEBUG] _find_record: record 1e46058f33895f34: version_keys = {}
[22:33:22.258] [DEBUG] _find_record: record 13e2ae402f271a6e: version_keys = {}
[22:33:22.258] [DEBUG] _find_record: record cdfe32e7c79925b0: version_keys = {}
[22:33:22.259] [DEBUG] _find_record: record e53eae9b417f8f80: version_keys = {}
[22:33:22.259] [DEBUG] _find_record: record 9d86a4ade7ea3601: version_keys = {}
[22:33:22.259] [DEBUG] _find_record: record 8f0de2bee9c84b46: version_keys = {}
[22:33:22.259] [DEBUG] _find_record: record ed8ef1d33d8a0842: version_keys = {}
[22:33:22.259] [DEBUG] _find_record: record fe2b91867fb0beae: version_keys = {}
[22:33:22.259] [DEBUG] _find_record: record c9b442ad732e9d7d: version_keys = {}
[22:33:22.259] [DEBUG] _find_record: record 4363447d1031cddf: version_keys = {}
[22:33:22.259] [DEBUG] _find_record: record 57cfb7248ecb1c29: version_keys = {}
[22:33:22.259] [DEBUG] _find_record: record 6f418576b5c6ac17: version_keys = {}
[22:33:22.259] [DEBUG] _find_record: record ef3f76f9d28a88f7: version_keys = {}
[22:33:22.259] [DEBUG] _find_record: record 092102cc0de240d5: version_keys = {}
[22:33:22.259] [DEBUG] _find_record: record a13366d113b602c3: version_keys = {}
[22:33:22.259] [DEBUG] _find_record: record 4bb4f0794f67338c: version_keys = {}
[22:33:22.259] [DEBUG] _find_record: record dc0306c1c467ecf9: version_keys = {}
[22:33:22.259] [DEBUG] _find_record: record be7de7010c1fabe0: version_keys = {}
[22:33:22.259] [DEBUG] _find_record: record 347e3e21c7a670e5: version_keys = {}
[22:33:22.259] [DEBUG] _find_record: record f54c083fca4abfde: version_keys = {}
[22:33:22.259] [DEBUG] _find_record: record 8d14bb222dc62841: version_keys = {}
[22:33:22.259] [DEBUG] _find_record: record b022e99f110aa828: version_keys = {}
[22:33:22.259] [DEBUG] _find_record: record a34447da6ab87ed6: version_keys = {}
[22:33:22.259] [DEBUG] _find_record: record f0762f7d204d59a8: version_keys = {}
[22:33:22.259] [DEBUG] _find_record: record 8a74d58461e120b2: version_keys = {}
[22:33:22.259] [DEBUG] _find_record: record eeaa55689b382d0e: version_keys = {}
[22:33:22.259] [DEBUG] _find_record: record 9e89d61a8d2a50e1: version_keys = {}
[22:33:22.259] [DEBUG] _find_record: record 4ad5a1d5e768cac5: version_keys = {}
[22:33:22.259] [DEBUG] _find_record: record 2a27f0a350ef4e34: version_keys = {}
[22:33:22.259] [DEBUG] _find_record: record 605002df6bc75e26: version_keys = {}
[22:33:22.259] [DEBUG] _find_record: record c4a5dbf283f99739: version_keys = {}
[22:33:22.259] [DEBUG] _find_record: record 95e6367298d51bcd: version_keys = {}
[22:33:22.259] [DEBUG] _find_record: record fbc3a1b4ef0baa72: version_keys = {}
[22:33:22.259] [DEBUG] _find_record: record 41b128ce580c48ed: version_keys = {}
[22:33:22.260] [DEBUG] _find_record: record 77a1f0ecbb5505c2: version_keys = {}
[22:33:22.260] [DEBUG] _find_record: record 75fa78604f71967f: version_keys = {}
[22:33:22.260] [DEBUG] _find_record: record a5bd3ae3b1a377c9: version_keys = {}
[22:33:22.260] [DEBUG] _find_record: record 9af790b1f8747e9a: version_keys = {}
[22:33:22.260] [DEBUG] _find_record: record eaac4a90ba2a0a87: version_keys = {}
[22:33:22.260] [DEBUG] _find_record: record e65e55bfd234c9ae: version_keys = {}
[22:33:22.260] [DEBUG] _find_record: record 9e7be914926b25dd: version_keys = {}
[22:33:22.260] [DEBUG] _find_record: record c5c6a3f35de76ff6: version_keys = {}
[22:33:22.260] [DEBUG] _find_record: record fc8723a4c66170ce: version_keys = {}
[22:33:22.260] [DEBUG] _find_record: record 9b79a738dca32040: version_keys = {}
[22:33:22.260] [DEBUG] _find_record: record b6011358d16a66c0: version_keys = {}
[22:33:22.260] [DEBUG] _find_record: record 9e5061882f155358: version_keys = {}
[22:33:22.260] [DEBUG] _find_record: record 2fc4381573a4a3a2: version_keys = {}
[22:33:22.260] [DEBUG] _find_record: record 449292a810f4a28f: version_keys = {}
[22:33:22.260] [DEBUG] _find_record: record 2bac4305c1488fc1: version_keys = {}
[22:33:22.260] [DEBUG] _find_record: record 1358ddad740c8948: version_keys = {}
[22:33:22.260] [DEBUG] _find_record: record 55b404fc542e5371: version_keys = {}
[22:33:22.260] [DEBUG] _find_record: record 3fe7c3bb738ada28: version_keys = {}
[22:33:22.260] [DEBUG] _find_record: record 8f61ceb47dce162e: version_keys = {}
[22:33:22.260] [DEBUG] _find_record: record f351c4b8f1074c20: version_keys = {}
[22:33:22.260] [DEBUG] _find_record: record 1e0c2d5e95cbbc21: version_keys = {}
[22:33:22.260] [DEBUG] _find_record: record c2adf447f8629345: version_keys = {}
[22:33:22.260] [DEBUG] _find_record: record d616a792bd9d7935: version_keys = {}
[22:33:22.260] [DEBUG] _find_record: record 451a01fb87a0e0c8: version_keys = {}
[22:33:22.260] [DEBUG] _find_record: record f553594374c1c4d4: version_keys = {}
[22:33:22.260] [DEBUG] _find_record: record 6f04a8650cd1a2ee: version_keys = {}
[22:33:22.260] [DEBUG] _find_record: record eeda89a8d5b8703a: version_keys = {}
[22:33:22.260] [DEBUG] _find_record: record fba55e808113e03a: version_keys = {}
[22:33:22.260] [DEBUG] _find_record: record 6cb08a58ae60404a: version_keys = {}
[22:33:22.260] [DEBUG] _find_record: record 6d6d65a2a4d8226d: version_keys = {}
[22:33:22.260] [DEBUG] _find_record: record ec4ae479301eaff1: version_keys = {}
[22:33:22.261] [DEBUG] _find_record: record 3bc6280d39c3bd31: version_keys = {}
[22:33:22.261] [DEBUG] _find_record: record 49caa07904fdfe9a: version_keys = {}
[22:33:22.261] [DEBUG] _find_record: record 072f27011a77791f: version_keys = {}
[22:33:22.261] [DEBUG] _find_record: record 31d7704005f2483b: version_keys = {}
[22:33:22.261] [DEBUG] _find_record: record 11c18bae53030ff8: version_keys = {}
[22:33:22.261] [DEBUG] _find_record: record 456a7663b8e6ce0a: version_keys = {}
[22:33:22.261] [DEBUG] _find_record: record faa2fe6b114c521a: version_keys = {}
[22:33:22.261] [DEBUG] _find_record: record 50d6bc7a7697efb3: version_keys = {}
[22:33:22.261] [DEBUG] _find_record: record bccc340d200b6e20: version_keys = {}
[22:33:22.261] [DEBUG] _find_record: record 28b667c71c653362: version_keys = {}
[22:33:22.261] [DEBUG] _find_record: record 3f99d439ee3e0658: version_keys = {}
[22:33:22.261] [DEBUG] _find_record: record 0c24148672800783: version_keys = {}
[22:33:22.261] [DEBUG] _find_record: record dbd6a64faff61f2c: version_keys = {}
[22:33:22.261] [DEBUG] _find_record: record 7f93a41cf5499da8: version_keys = {}
[22:33:22.261] [DEBUG] _find_record: record 812663379c89ca23: version_keys = {}
[22:33:22.261] [DEBUG] _find_record: record 8d5c3b5b133acf0b: version_keys = {}
[22:33:22.261] [DEBUG] _find_record: record 746f9302df183d35: version_keys = {}
[22:33:22.261] [DEBUG] _find_record: record 563d097579dfbe2c: version_keys = {}
[22:33:22.261] [DEBUG] _find_record: record 8777b3834c42ebcc: version_keys = {}
[22:33:22.261] [DEBUG] _find_record: record 1a4af272784dd478: version_keys = {}
[22:33:22.261] [DEBUG] _find_record: record ed0630a7232553fe: version_keys = {}
[22:33:22.261] [DEBUG] _find_record: record 0ea337ed85cd9dd3: version_keys = {}
[22:33:22.261] [DEBUG] _find_record: record 99a921e611eea29e: version_keys = {}
[22:33:22.261] [DEBUG] _find_record: record 3f6e10a97193630d: version_keys = {}
[22:33:22.261] [DEBUG] _find_record: record 7de27b89e969fd20: version_keys = {}
[22:33:22.261] [DEBUG] _find_record: record 9c4b22a4a4fce7f9: version_keys = {}
[22:33:22.261] [DEBUG] _find_record: record 78b51dfcbfe4cd08: version_keys = {}
[22:33:22.261] [DEBUG] _find_record: record 7328ae263340ad9d: version_keys = {}
[22:33:22.261] [DEBUG] _find_record: record db7d0e7a97baaccf: version_keys = {}
[22:33:22.261] [DEBUG] _find_record: record 4a3ad048703a629d: version_keys = {}
[22:33:22.261] [DEBUG] _find_record: record c78393466028cc56: version_keys = {}
[22:33:22.262] [DEBUG] _find_record: record ba6a1dea73aa1cc3: version_keys = {}
[22:33:22.262] [DEBUG] _find_record: record 05e538f6bd0c32d0: version_keys = {}
[22:33:22.262] [DEBUG] _find_record: record 6e30eeee428f45fe: version_keys = {}
[22:33:22.262] [DEBUG] _find_record: record 3ee9f5aa3eef730b: version_keys = {}
[22:33:22.262] [DEBUG] _find_record: record bd818e7b547341df: version_keys = {}
[22:33:22.262] [DEBUG] _find_record: record 7b3b7d560028e536: version_keys = {}
[22:33:22.262] [DEBUG] _find_record: record a6267c843c76fa98: version_keys = {}
[22:33:22.262] [DEBUG] _find_record: record c8123623cbc105d2: version_keys = {}
[22:33:22.262] [DEBUG] _find_record: record 149a24f0f3368e30: version_keys = {}
[22:33:22.262] [DEBUG] _find_record: record d948fb9a936d2d13: version_keys = {}
[22:33:22.262] [DEBUG] _find_record: record 32e870a4617d7f28: version_keys = {}
[22:33:22.262] [DEBUG] _find_record: record 50984ab9df60072d: version_keys = {}
[22:33:22.262] [DEBUG] _find_record: record 330a1a9c8887e32f: version_keys = {}
[22:33:22.262] [DEBUG] _find_record: record 37eb99650a146aa9: version_keys = {}
[22:33:22.262] [DEBUG] _find_record: record 9c69478822f8c6ef: version_keys = {}
[22:33:22.262] [DEBUG] _find_record: record 5799426b8b6a0a5d: version_keys = {}
[22:33:22.262] [DEBUG] _find_record: record 77773abd08accf5d: version_keys = {}
[22:33:22.262] [DEBUG] _find_record: record 9625ae388a7cf902: version_keys = {}
[22:33:22.262] [DEBUG] _find_record: record fe419537a5c71809: version_keys = {}
[22:33:22.262] [DEBUG] _find_record: record 4c55fed04d9ec497: version_keys = {}
[22:33:22.262] [DEBUG] _find_record: record 3e03d3d6bb88dce1: version_keys = {}
[22:33:22.262] [DEBUG] _find_record: record 7c696b08c1f9bf57: version_keys = {}
[22:33:22.262] [DEBUG] _find_record: record 28701d764f7bc805: version_keys = {}
[22:33:22.262] [DEBUG] _find_record: record 6c6fc101bfe04076: version_keys = {}
[22:33:22.262] [DEBUG] _find_record: record b704255fd61ebfee: version_keys = {}
[22:33:22.262] [DEBUG] _find_record: record 2820dece6c51f9ce: version_keys = {}
[22:33:22.262] [DEBUG] _find_record: record 85a040d976cdbaa2: version_keys = {}
[22:33:22.262] [DEBUG] _find_record: record bb5f23e4055aadde: version_keys = {}
[22:33:22.262] [DEBUG] _find_record: record e7f3de0a55511058: version_keys = {}
[22:33:22.262] [DEBUG] _find_record: record 52c52d47ce679001: version_keys = {}
[22:33:22.262] [DEBUG] _find_record: record b629faad8a0ca4e5: version_keys = {}
[22:33:22.263] [DEBUG] _find_record: record a84229efc96c7f86: version_keys = {}
[22:33:22.263] [DEBUG] _find_record: record 8371289d1485710b: version_keys = {}
[22:33:22.263] [DEBUG] _find_record: record b0fc1979f93d8da5: version_keys = {}
[22:33:22.263] [DEBUG] _find_record: record 73985b96f793712c: version_keys = {}
[22:33:22.263] [DEBUG] _find_record: record b37f076cff595c1f: version_keys = {}
[22:33:22.263] [DEBUG] _find_record: record 0f26bdaf13d93b6a: version_keys = {}
[22:33:22.263] [DEBUG] _find_record: record 05e540e1c6607274: version_keys = {}
[22:33:22.263] [DEBUG] _find_record: record a6da0b421b55e484: version_keys = {}
[22:33:22.263] [DEBUG] _find_record: record 41e6f5e8e9bfb6f3: version_keys = {}
[22:33:22.263] [DEBUG] _find_record: record 5378fa1a23350741: version_keys = {}
[22:33:22.263] [DEBUG] _find_record: record f9f0954808bf3089: version_keys = {}
[22:33:22.263] [DEBUG] _find_record: record 6065e027c018da94: version_keys = {}
[22:33:22.263] [DEBUG] _find_record: record 038277b85152d1c3: version_keys = {}
[22:33:22.263] [DEBUG] _find_record: record 12a156dab1e9a848: version_keys = {}
[22:33:22.263] [DEBUG] _find_record: record 0eaaccee3abde3ff: version_keys = {}
[22:33:22.263] [DEBUG] _find_record: record 5bb2ac2149736fce: version_keys = {}
[22:33:22.263] [DEBUG] _find_record: record 656e10c923ab26af: version_keys = {}
[22:33:22.263] [DEBUG] _find_record: record 4aa796b44c299a66: version_keys = {}
[22:33:22.263] [DEBUG] _find_record: record b72c77687b799d15: version_keys = {}
[22:33:22.263] [DEBUG] _find_record: record d1f38e82684ca9df: version_keys = {}
[22:33:22.263] [DEBUG] _find_record: record f6a332596f1ef8ab: version_keys = {}
[22:33:22.263] [DEBUG] _find_record: record 09f660ebf736792f: version_keys = {}
[22:33:22.263] [DEBUG] _find_record: record bc09766bc84755e4: version_keys = {}
[22:33:22.263] [DEBUG] _find_record: record d856c44c87705d23: version_keys = {}
[22:33:22.263] [DEBUG] _find_record: record 784905f88189b8ff: version_keys = {}
[22:33:22.263] [DEBUG] _find_record: record fcb02aaf256bdb2a: version_keys = {}
[22:33:22.263] [DEBUG] _find_record: record e9874e6ee76e0651: version_keys = {}
[22:33:22.263] [DEBUG] _find_record: record 05f0f7a4b15c4c5c: version_keys = {}
[22:33:22.263] [DEBUG] _find_record: record b721cba0d6151951: version_keys = {}
[22:33:22.264] [DEBUG] _find_record: record 5397e478fb6a163d: version_keys = {}
[22:33:22.264] [DEBUG] _find_record: record bf16a8c17d1d51bc: version_keys = {}
[22:33:22.264] [DEBUG] _find_record: record 1e6ca49466768b43: version_keys = {}
[22:33:22.264] [DEBUG] _find_record: record 8691c68c15f66d99: version_keys = {}
[22:33:22.264] [DEBUG] _find_record: record 80c94436978d2ee2: version_keys = {}
[22:33:22.264] [DEBUG] _find_record: record 7176ce1ac2b2f680: version_keys = {}
[22:33:22.264] [DEBUG] _find_record: record 2ae356eab6967e24: version_keys = {}
[22:33:22.264] [DEBUG] _find_record: record d7bd67b92d4b1f95: version_keys = {}
[22:33:22.264] [DEBUG] _find_record: record 194bfec369113b08: version_keys = {}
[22:33:22.264] [DEBUG] _find_record: record 0ebb4eaf44eeb581: version_keys = {}
[22:33:22.264] [DEBUG] _find_record: record b7484639ec3d09e0: version_keys = {}
[22:33:22.264] [DEBUG] _find_record: record 2454cb52c7eb8773: version_keys = {}
[22:33:22.264] [DEBUG] _find_record: record 38a3b16a90eee984: version_keys = {}
[22:33:22.264] [DEBUG] _find_record: record 25d4e2a73b3b8910: version_keys = {}
[22:33:22.264] [DEBUG] _find_record: record 0a9ebb7ef87b5918: version_keys = {}
[22:33:22.264] [DEBUG] _find_record: record 43cde6d10f487654: version_keys = {}
[22:33:22.264] [DEBUG] _find_record: record fb1bec853908f963: version_keys = {}
[22:33:22.264] [DEBUG] _find_record: record f2d6cc3faec52e9f: version_keys = {}
[22:33:22.264] [DEBUG] _find_record: record 352c728aae174c30: version_keys = {}
[22:33:22.264] [DEBUG] _find_record: record 9fec1685a056b6ec: version_keys = {}
[22:33:22.264] [DEBUG] _find_record: record db2e209cfa63b4e2: version_keys = {}
[22:33:22.264] [DEBUG] _find_record: record 42964e20876274c3: version_keys = {}
[22:33:22.264] [DEBUG] _find_record: record 9c528ad7363a79df: version_keys = {}
[22:33:22.264] [DEBUG] _find_record: record ad39c0acdd81de8a: version_keys = {}
[22:33:22.264] [DEBUG] _find_record: record fa6cbf87dc839892: version_keys = {}
[22:33:22.264] [DEBUG] _find_record: record 0c97e7538745636f: version_keys = {}
[22:33:22.264] [DEBUG] _find_record: record 1bda892990c8b74c: version_keys = {}
[22:33:22.264] [DEBUG] _find_record: record 638869f32b6619c8: version_keys = {}
[22:33:22.264] [DEBUG] _find_record: record 70a1a808a18c2576: version_keys = {}
[22:33:22.264] [DEBUG] _find_record: record d1d351b7164705a9: version_keys = {}
[22:33:22.264] [DEBUG] _find_record: record 1dccdb01280c5a1f: version_keys = {}
[22:33:22.264] [DEBUG] _find_record: record 29114de1c3a0cf98: version_keys = {}
[22:33:22.265] [DEBUG] _find_record: record d1d22ad881173dc0: version_keys = {}
[22:33:22.265] [DEBUG] _find_record: record 74763576510548d9: version_keys = {}
[22:33:22.265] [DEBUG] _find_record: record dd465bc52d802224: version_keys = {}
[22:33:22.265] [DEBUG] _find_record: record ddb84fb0726838e5: version_keys = {}
[22:33:22.265] [DEBUG] _find_record: record 14888bfbba1885f0: version_keys = {}
[22:33:22.265] [DEBUG] _find_record: record 27ea0ed404697d51: version_keys = {}
[22:33:22.265] [DEBUG] _find_record: record 27adc2abb2cb2c49: version_keys = {}
[22:33:22.265] [DEBUG] _find_record: record b855596a5f85d86f: version_keys = {}
[22:33:22.265] [DEBUG] _find_record: record cc9b1fe50de32fb2: version_keys = {}
[22:33:22.265] [DEBUG] _find_record: record b6088d54780239e5: version_keys = {}
[22:33:22.265] [DEBUG] _find_record: record e0d25cf7c048c0e0: version_keys = {}
[22:33:22.265] [DEBUG] _find_record: record 3ae8772dbc1adc4e: version_keys = {}
[22:33:22.265] [DEBUG] _find_record: record d9d110a66a1b0403: version_keys = {}
[22:33:22.265] [DEBUG] _find_record: record 77362642bea20670: version_keys = {}
[22:33:22.265] [DEBUG] _find_record: record 7e62e2b3aef8491d: version_keys = {}
[22:33:22.265] [DEBUG] _find_record: record 8e4fc6efd6357f8f: version_keys = {}
[22:33:22.265] [DEBUG] _find_record: record 551bb981ad15596a: version_keys = {}
[22:33:22.265] [DEBUG] _find_record: record c421a0773986b370: version_keys = {}
[22:33:22.265] [DEBUG] _find_record: record d70dc28e939d0eac: version_keys = {}
[22:33:22.265] [DEBUG] _find_record: record d3d382a037c6c4c7: version_keys = {}
[22:33:22.265] [DEBUG] _find_record: record 31e2a9124aefbe8e: version_keys = {}
[22:33:22.265] [DEBUG] _find_record: record 208bd42d783962f5: version_keys = {}
[22:33:22.265] [DEBUG] _find_record: record edd4e5171d55efda: version_keys = {}
[22:33:22.265] [DEBUG] _find_record: record 49aa69b1cd8fe81b: version_keys = {}
[22:33:22.265] [DEBUG] _find_record: record e3ec6f6af25c6947: version_keys = {}
[22:33:22.265] [DEBUG] _find_record: record d466987b82ced277: version_keys = {}
[22:33:22.265] [DEBUG] _find_record: record 404358ebf913d0f0: version_keys = {}
[22:33:22.265] [DEBUG] _find_record: record 6b1c6898c98b4ce6: version_keys = {}
[22:33:22.265] [DEBUG] _find_record: record d42799054f92d01a: version_keys = {}
[22:33:22.265] [DEBUG] _find_record: record 7d7a16f152b18c00: version_keys = {}
[22:33:22.265] [DEBUG] _find_record: record 919de337e4271d64: version_keys = {}
[22:33:22.266] [DEBUG] _find_record: record 9533f8babfe9a5bd: version_keys = {}
[22:33:22.266] [DEBUG] _find_record: record b2886e2a29357111: version_keys = {}
[22:33:22.266] [DEBUG] _find_record: record f5ce494c483d7000: version_keys = {}
[22:33:22.266] [DEBUG] _find_record: record f4e3c2a966bfd068: version_keys = {}
[22:33:22.266] [DEBUG] _find_record: record 268e060e9eab7fe6: version_keys = {}
[22:33:22.266] [DEBUG] _find_record: record 782045e6889709b4: version_keys = {}
[22:33:22.266] [DEBUG] _find_record: record c8ba9c397f766071: version_keys = {}
[22:33:22.266] [DEBUG] _find_record: record 2285bf691908adc4: version_keys = {}
[22:33:22.266] [DEBUG] _find_record: record ec6a62d65448b7bf: version_keys = {}
[22:33:22.266] [DEBUG] _find_record: record 13811ef444aa4b25: version_keys = {}
[22:33:22.266] [DEBUG] _find_record: record a313e49e5b4b4870: version_keys = {}
[22:33:22.266] [DEBUG] _find_record: record 04444a1da021cfa1: version_keys = {}
[22:33:22.266] [DEBUG] _find_record: record 7bdafa4417cd6f2d: version_keys = {}
[22:33:22.266] [DEBUG] _find_record: record db8b0456de98b26b: version_keys = {}
[22:33:22.266] [DEBUG] _find_record: record e44e623a1ac9c06c: version_keys = {}
[22:33:22.266] [DEBUG] _find_record: record f61411a98ebf01b9: version_keys = {}
[22:33:22.266] [DEBUG] _find_record: record 499b30fb03e2074e: version_keys = {}
[22:33:22.266] [DEBUG] _find_record: record 761596118274920d: version_keys = {}
[22:33:22.266] [DEBUG] _find_record: record d70f18746d4fd840: version_keys = {}
[22:33:22.266] [DEBUG] _find_record: record 7750af494c44457a: version_keys = {}
[22:33:22.266] [DEBUG] _find_record: record 0ef53f8f74843905: version_keys = {}
[22:33:22.266] [DEBUG] _find_record: record ae41ddf3e9b2fa77: version_keys = {}
[22:33:22.266] [DEBUG] _find_record: record a3814ed97f825dfb: version_keys = {}
[22:33:22.266] [DEBUG] _find_record: record db45cef0f8dbf3f9: version_keys = {}
[22:33:22.266] [DEBUG] _find_record: record aa75a4dba6a9c6f9: version_keys = {}
[22:33:22.266] [DEBUG] _find_record: record 51e96101499390cb: version_keys = {}
[22:33:22.266] [DEBUG] _find_record: record 5252d0b37878475c: version_keys = {}
[22:33:22.266] [DEBUG] _find_record: record 1e4c6de21dced893: version_keys = {}
[22:33:22.266] [DEBUG] _find_record: record d15dad86b4873bca: version_keys = {}
[22:33:22.266] [DEBUG] _find_record: record 8fe99205917792b8: version_keys = {}
[22:33:22.266] [DEBUG] _find_record: record ff2160ed5dc28dfe: version_keys = {}
[22:33:22.267] [DEBUG] _find_record: record 6d9e7b9010eedfc0: version_keys = {}
[22:33:22.267] [DEBUG] _find_record: record b7dc33fa8651f0f2: version_keys = {}
[22:33:22.267] [DEBUG] _find_record: record 4799463ad3222388: version_keys = {}
[22:33:22.267] [DEBUG] _find_record: record 7ae50141c498dde1: version_keys = {}
[22:33:22.267] [DEBUG] _find_record: record f746c76be064cee3: version_keys = {}
[22:33:22.267] [DEBUG] _find_record: record 2ad9a7bcc9bdb6b0: version_keys = {}
[22:33:22.267] [DEBUG] _find_record: record d94c94b3b943703f: version_keys = {}
[22:33:22.267] [DEBUG] _find_record: record 89ab31fa2e52c94e: version_keys = {}
[22:33:22.267] [DEBUG] _find_record: record bdf3e05a1cbc482c: version_keys = {}
[22:33:22.267] [DEBUG] _find_record: record cffcdc7a8f188282: version_keys = {}
[22:33:22.267] [DEBUG] _find_record: record ba9d73abbd403dbf: version_keys = {}
[22:33:22.267] [DEBUG] _find_record: record 1e25913cb5b25c21: version_keys = {}
[22:33:22.267] [DEBUG] _find_record: record c735fa317c7935d3: version_keys = {}
[22:33:22.267] [DEBUG] _find_record: record be7d5ccc57ef5a19: version_keys = {}
[22:33:22.267] [DEBUG] _find_record: record 7c5eb5a6357a00ae: version_keys = {}
[22:33:22.267] [DEBUG] _find_record: record 3926d0a6454097cf: version_keys = {}
[22:33:22.267] [DEBUG] _find_record: record 13c4d570dfd44c63: version_keys = {}
[22:33:22.267] [DEBUG] _find_record: record 85fac06119f1fcc0: version_keys = {}
[22:33:22.267] [DEBUG] _find_record: record f55d9e41472258a6: version_keys = {}
[22:33:22.267] [DEBUG] _find_record: record bafe13dd9eaa4683: version_keys = {}
[22:33:22.267] [DEBUG] _find_record: record bdf6777c4851caa6: version_keys = {}
[22:33:22.267] [DEBUG] _find_record: record f2299ce161e0b888: version_keys = {}
[22:33:22.267] [DEBUG] _find_record: record 566d2cfc0cf3c0d7: version_keys = {}
[22:33:22.267] [DEBUG] _find_record: record e1ee75ef8fb87427: version_keys = {}
[22:33:22.267] [DEBUG] _find_record: record 627ac18f777192a6: version_keys = {}
[22:33:22.267] [DEBUG] _find_record: record a8d2e43b6effec6b: version_keys = {}
[22:33:22.267] [DEBUG] _find_record: record d075424b04c8cdcd: version_keys = {}
[22:33:22.267] [DEBUG] _find_record: record b4ec2ed2ebf02e5a: version_keys = {}
[22:33:22.267] [DEBUG] _find_record: record 1a6be0789ac80cba: version_keys = {}
[22:33:22.267] [DEBUG] _find_record: record 9d9fe6e80a898df9: version_keys = {}
[22:33:22.267] [DEBUG] _find_record: record 9a787b33ff181810: version_keys = {}
[22:33:22.267] [DEBUG] _find_record: record f9379b1fb5c92ce7: version_keys = {}
[22:33:22.268] [DEBUG] _find_record: record 2fbc45eab8ad8fef: version_keys = {}
[22:33:22.268] [DEBUG] _find_record: record 00a5c5d542fc7a30: version_keys = {}
[22:33:22.268] [DEBUG] _find_record: record 2647ee50bf7b1db3: version_keys = {}
[22:33:22.268] [DEBUG] _find_record: record ee3401bae158b3cd: version_keys = {}
[22:33:22.268] [DEBUG] _find_record: record 07c15ce22ab76814: version_keys = {}
[22:33:22.268] [DEBUG] _find_record: record 4243ef54e3ddaab2: version_keys = {}
[22:33:22.268] [DEBUG] _find_record: record 290bb3f5a94ec900: version_keys = {}
[22:33:22.268] [DEBUG] _find_record: record f969a4f97d97166e: version_keys = {}
[22:33:22.268] [DEBUG] _find_record: record cf4fe0237a5cbe4b: version_keys = {}
[22:33:22.268] [DEBUG] _find_record: record aee02ec20ce460e1: version_keys = {}
[22:33:22.268] [DEBUG] _find_record: record 65cdbab0c7a0b0e7: version_keys = {}
[22:33:22.268] [DEBUG] _find_record: record dd182ec77f3e1c8d: version_keys = {}
[22:33:22.268] [DEBUG] _find_record: record 155cfe2231d4ebdb: version_keys = {}
[22:33:22.268] [DEBUG] _find_record: record 5cc8ad83ed208b13: version_keys = {}
[22:33:22.268] [DEBUG] _find_record: record d5e6557171162102: version_keys = {}
[22:33:22.268] [DEBUG] _find_record: record a5f88f2c085f266f: version_keys = {}
[22:33:22.268] [DEBUG] _find_record: record f1f3a12e37d7455f: version_keys = {}
[22:33:22.268] [DEBUG] _find_record: record 882d5d875285853d: version_keys = {}
[22:33:22.268] [DEBUG] _find_record: record 8991db00fa28b173: version_keys = {}
[22:33:22.268] [DEBUG] _find_record: record d8f2aa1ca901634e: version_keys = {}
[22:33:22.268] [DEBUG] _find_record: record a9af5c32025afd5a: version_keys = {}
[22:33:22.268] [DEBUG] _find_record: record f96439175891c93e: version_keys = {}
[22:33:22.268] [DEBUG] _find_record: record 172eea1944dec324: version_keys = {}
[22:33:22.268] [DEBUG] _find_record: record eb69bbaeffd4ff54: version_keys = {}
[22:33:22.268] [DEBUG] _find_record: record 348b3fefd5352506: version_keys = {}
[22:33:22.268] [DEBUG] _find_record: record a59249990700740f: version_keys = {}
[22:33:22.268] [DEBUG] _find_record: record 65f231051dbfc080: version_keys = {}
[22:33:22.268] [DEBUG] _find_record: record 4506b067f4231a33: version_keys = {}
[22:33:22.268] [DEBUG] _find_record: record 870037bdfd0d7fd3: version_keys = {}
[22:33:22.268] [DEBUG] _find_record: record b4d1c842decf7c4b: version_keys = {}
[22:33:22.268] [DEBUG] _find_record: record 72891920bd6d80d9: version_keys = {}
[22:33:22.269] [DEBUG] _find_record: record 1aae6ce0e1ddb4d4: version_keys = {}
[22:33:22.269] [DEBUG] _find_record: record 22f39a32199ca178: version_keys = {}
[22:33:22.269] [DEBUG] _find_record: record 8b088a61caeed6af: version_keys = {}
[22:33:22.269] [DEBUG] _find_record: record 3fe0d23d0226ba88: version_keys = {}
[22:33:22.269] [DEBUG] _find_record: record 7cf8490228be8351: version_keys = {}
[22:33:22.269] [DEBUG] _find_record: record 29d74279eeaa54b7: version_keys = {}
[22:33:22.269] [DEBUG] _find_record: record 3291eb19910a60d7: version_keys = {}
[22:33:22.269] [DEBUG] _find_record: record d0c28aabdff83dba: version_keys = {}
[22:33:22.269] [DEBUG] _find_record: record d3e8487fdb636269: version_keys = {}
[22:33:22.269] [DEBUG] _find_record: record 3487ebdc3655c6ef: version_keys = {}
[22:33:22.269] [DEBUG] _find_record: record a384bffbd707fe35: version_keys = {}
[22:33:22.269] [DEBUG] _find_record: record 90dfbb6dfd7790da: version_keys = {}
[22:33:22.269] [DEBUG] _find_record: record c83dda2b21edef85: version_keys = {}
[22:33:22.269] [DEBUG] _find_record: record 251e2255bad259bd: version_keys = {}
[22:33:22.269] [DEBUG] _find_record: record d382a1c734beb8e6: version_keys = {}
[22:33:22.269] [DEBUG] _find_record: record 3865668ed31a31dc: version_keys = {}
[22:33:22.269] [DEBUG] _find_record: record 5183183d9238baa5: version_keys = {}
[22:33:22.269] [DEBUG] _find_record: record b012c738ca52ab2b: version_keys = {}
[22:33:22.269] [DEBUG] _find_record: record 3590501cee3fcb30: version_keys = {}
[22:33:22.269] [DEBUG] _find_record: record e636f00e9db8111b: version_keys = {}
[22:33:22.269] [DEBUG] _find_record: record 219e9cffd23bef83: version_keys = {}
[22:33:22.269] [DEBUG] _find_record: record 7ab0282bffe56851: version_keys = {}
[22:33:22.269] [DEBUG] _find_record: record dfa088e5426e370a: version_keys = {}
[22:33:22.269] [DEBUG] _find_record: record f1cc13ead93e2b9a: version_keys = {}
[22:33:22.269] [DEBUG] _find_record: record 775f3dc3f776a9f4: version_keys = {}
[22:33:22.269] [DEBUG] _find_record: record 3fde466422bbdc65: version_keys = {}
[22:33:22.269] [DEBUG] _find_record: record ad295ba830c83793: version_keys = {}
[22:33:22.269] [DEBUG] _find_record: record d4d3a95caff37df7: version_keys = {}
[22:33:22.269] [DEBUG] _find_record: record 8cdba13bdd81c8b9: version_keys = {}
[22:33:22.269] [DEBUG] _find_record: record bf650bc10faf486a: version_keys = {}
[22:33:22.270] [DEBUG] _find_record: record e0b1bd94a1ce0c4b: version_keys = {}
[22:33:22.270] [DEBUG] _find_record: record 799a125fd250d95c: version_keys = {}
[22:33:22.270] [DEBUG] _find_record: record ed04674fc948d29f: version_keys = {}
[22:33:22.270] [DEBUG] _find_record: record 86a274672f025889: version_keys = {}
[22:33:22.270] [DEBUG] _find_record: record a37a2905e988d2b9: version_keys = {}
[22:33:22.270] [DEBUG] _find_record: record a342325a1e0985f8: version_keys = {}
[22:33:22.270] [DEBUG] _find_record: record f620dfd384e6a567: version_keys = {}
[22:33:22.270] [DEBUG] _find_record: record b29570d106a8e140: version_keys = {}
[22:33:22.270] [DEBUG] _find_record: record 1ce55afb4d0051b2: version_keys = {}
[22:33:22.270] [DEBUG] _find_record: record b23d3a1609f557a6: version_keys = {}
[22:33:22.270] [DEBUG] _find_record: record d3c4af55499f2a85: version_keys = {}
[22:33:22.270] [DEBUG] _find_record: record b82d42e817659d58: version_keys = {}
[22:33:22.270] [DEBUG] _find_record: record 501038c46a81d5ca: version_keys = {}
[22:33:22.270] [DEBUG] _find_record: record eef5ba43debcf2cc: version_keys = {}
[22:33:22.270] [DEBUG] _find_record: record b815b1ee331bd41c: version_keys = {}
[22:33:22.270] [DEBUG] _find_record: record 5b29601ae2280def: version_keys = {}
[22:33:22.270] [DEBUG] _find_record: record 70f5cce3d64fcede: version_keys = {}
[22:33:22.270] [DEBUG] _find_record: record c6cc090613bc80db: version_keys = {}
[22:33:22.270] [DEBUG] _find_record: record 8b64e2ee5d5446b3: version_keys = {}
[22:33:22.270] [DEBUG] _find_record: record 65cfeea07e7b004a: version_keys = {}
[22:33:22.270] [DEBUG] _find_record: record f45a391ac568982a: version_keys = {}
[22:33:22.270] [DEBUG] _find_record: record f40f9c98464bea1f: version_keys = {}
[22:33:22.270] [DEBUG] _find_record: record 18c428abb5d12773: version_keys = {}
[22:33:22.270] [DEBUG] _find_record: record 9974f37d044a4667: version_keys = {}
[22:33:22.270] [DEBUG] _find_record: record a279f8fceb973608: version_keys = {}
[22:33:22.270] [DEBUG] _find_record: record 243600378845d0e3: version_keys = {}
[22:33:22.270] [DEBUG] _find_record: record 5b702cfeb250d97e: version_keys = {}
[22:33:22.270] [DEBUG] _find_record: record a7ee17affcdbd1de: version_keys = {}
[22:33:22.270] [DEBUG] _find_record: record 25c4dd5f467f9e88: version_keys = {}
[22:33:22.271] [DEBUG] _find_record: record 2554c33a30ddda77: version_keys = {}
[22:33:22.271] [DEBUG] _find_record: record a83db442dc6cabdc: version_keys = {}
[22:33:22.271] [DEBUG] _find_record: record bae13722e6332f6e: version_keys = {}
[22:33:22.271] [DEBUG] _find_record: record f27fab571a0124f2: version_keys = {}
[22:33:22.271] [DEBUG] _find_record: record 6e07cd174777aae9: version_keys = {}
[22:33:22.271] [DEBUG] _find_record: record 576f660c7944a71d: version_keys = {}
[22:33:22.271] [DEBUG] _find_record: record 8641fcbf7ce1e049: version_keys = {}
[22:33:22.271] [DEBUG] _find_record: record 51cabd74ae9efdb1: version_keys = {}
[22:33:22.271] [DEBUG] _find_record: record ae0ca251b6630c20: version_keys = {}
[22:33:22.271] [DEBUG] _find_record: record ff3e4d06ea17c7cb: version_keys = {}
[22:33:22.271] [DEBUG] _find_record: record 99b58f2cc0cfe101: version_keys = {}
[22:33:22.271] [DEBUG] _find_record: record 399db57fd61e6026: version_keys = {}
[22:33:22.271] [DEBUG] _find_record: record 92d9047f71f61f27: version_keys = {}
[22:33:22.271] [DEBUG] _find_record: record 3d7cb21712c63965: version_keys = {}
[22:33:22.271] [DEBUG] _find_record: record 8ef603c6df15e45c: version_keys = {}
[22:33:22.271] [DEBUG] _find_record: record e4eebf9b2d8e441b: version_keys = {}
[22:33:22.271] [DEBUG] _find_record: record 06623058c9010369: version_keys = {}
[22:33:22.271] [DEBUG] _find_record: record 5e22ec1f51f3e905: version_keys = {}
[22:33:22.271] [DEBUG] _find_record: record 908e03e850c87d47: version_keys = {}
[22:33:22.271] [DEBUG] _find_record: record 22ece309c3585eb0: version_keys = {}
[22:33:22.271] [DEBUG] _find_record: record a997909c0523109c: version_keys = {}
[22:33:22.271] [DEBUG] _find_record: record 142def4cbee5346f: version_keys = {}
[22:33:22.271] [DEBUG] _find_record: record 22327d96abce446a: version_keys = {}
[22:33:22.271] [DEBUG] _find_record: record 62dc146bede2ff40: version_keys = {}
[22:33:22.271] [DEBUG] _find_record: record 074a4b2b451ec51d: version_keys = {}
[22:33:22.271] [DEBUG] _find_record: record 5e33ae20e515c2df: version_keys = {}
[22:33:22.271] [DEBUG] _find_record: record e83fff21e692404d: version_keys = {}
[22:33:22.271] [DEBUG] _find_record: record 5ca897469c3169b9: version_keys = {}
[22:33:22.271] [DEBUG] _find_record: record e6f7dc38d98b36d3: version_keys = {}
[22:33:22.271] [DEBUG] _find_record: record 1b3f0bf6389216c4: version_keys = {}
[22:33:22.271] [DEBUG] _find_record: record 8c9d53ce08f02c18: version_keys = {}
[22:33:22.272] [DEBUG] _find_record: record 3364a223c9f2c95a: version_keys = {}
[22:33:22.272] [DEBUG] _find_record: record 304d0bffb5533ee6: version_keys = {}
[22:33:22.272] [DEBUG] _find_record: record a90e832fb9bbe7c6: version_keys = {}
[22:33:22.272] [DEBUG] _find_record: record 76a0f3c20f62ac27: version_keys = {}
[22:33:22.272] [DEBUG] _find_record: record aedb8693f7b0bc3d: version_keys = {}
[22:33:22.272] [DEBUG] _find_record: record fe5ae5a713c252f2: version_keys = {}
[22:33:22.272] [DEBUG] _find_record: record 32afbed76cfb26a5: version_keys = {}
[22:33:22.272] [DEBUG] _find_record: record 985a1aab1403db0c: version_keys = {}
[22:33:22.272] [DEBUG] _find_record: record d97dc2831870e7a9: version_keys = {}
[22:33:22.272] [DEBUG] _find_record: record b72cb1ede7e9e5d7: version_keys = {}
[22:33:22.272] [DEBUG] _find_record: record 23fb6a03a80c24c7: version_keys = {}
[22:33:22.272] [DEBUG] _find_record: record 29842aa682ee9aa8: version_keys = {}
[22:33:22.272] [DEBUG] _find_record: record bf87621daa4dfe4d: version_keys = {}
[22:33:22.272] [DEBUG] _find_record: record fa8d98580206db42: version_keys = {}
[22:33:22.272] [DEBUG] _find_record: record 53308b25a4e2d75f: version_keys = {}
[22:33:22.272] [DEBUG] _find_record: record b5bc4eed58cbeb44: version_keys = {}
[22:33:22.272] [DEBUG] _find_record: record 440b214d23de65a1: version_keys = {}
[22:33:22.272] [DEBUG] _find_record: record 2cd3f56be03bec30: version_keys = {}
[22:33:22.272] [DEBUG] _find_record: record 1bb61e0899839d2c: version_keys = {}
[22:33:22.272] [DEBUG] _find_record: record cdffbc497b86dfc8: version_keys = {}
[22:33:22.272] [DEBUG] _find_record: record 35a0c75b746fa2e7: version_keys = {}
[22:33:22.272] [DEBUG] _find_record: record 5dd28f3dab595b62: version_keys = {}
[22:33:22.272] [DEBUG] _find_record: record 2f83fad5234599f2: version_keys = {}
[22:33:22.272] [DEBUG] _find_record: record ed612c8df246eede: version_keys = {}
[22:33:22.272] [DEBUG] _find_record: record 575615b3480f4877: version_keys = {}
[22:33:22.272] [DEBUG] _find_record: record 475ba28dd519e903: version_keys = {}
[22:33:22.272] [DEBUG] _find_record: record 7f9724c531866015: version_keys = {}
[22:33:22.272] [DEBUG] _find_record: record e3b2f52cbc954579: version_keys = {}
[22:33:22.272] [DEBUG] _find_record: record 0ebba27fc9d71bcb: version_keys = {}
[22:33:22.273] [DEBUG] _find_record: record 60ae5f5b64d78125: version_keys = {}
[22:33:22.273] [DEBUG] _find_record: record 8fc5843ca78295f0: version_keys = {}
[22:33:22.273] [DEBUG] _find_record: record 12072ab0c429ce09: version_keys = {}
[22:33:22.273] [DEBUG] _find_record: record 07e5a2a515e56556: version_keys = {}
[22:33:22.273] [DEBUG] _find_record: record 8c64da22723367b8: version_keys = {}
[22:33:22.273] [DEBUG] _find_record: record d982ef1ea9f295fb: version_keys = {}
[22:33:22.273] [DEBUG] _find_record: record fe0e30dcf0f26d77: version_keys = {}
[22:33:22.273] [DEBUG] _find_record: record ea5b9fb2888db407: version_keys = {}
[22:33:22.273] [DEBUG] _find_record: record d1501694a969a7f8: version_keys = {}
[22:33:22.273] [DEBUG] _find_record: record 0055257b277f0ccf: version_keys = {}
[22:33:22.273] [DEBUG] _find_record: record acabd8b32a814852: version_keys = {}
[22:33:22.273] [DEBUG] _find_record: record 6cb115ba90c0be6e: version_keys = {}
[22:33:22.273] [DEBUG] _find_record: record 0eeedfb4cc1d7c0b: version_keys = {}
[22:33:22.273] [DEBUG] _find_record: record 8cbe0208424a5814: version_keys = {}
[22:33:22.273] [DEBUG] _find_record: record b6906790ccbd0e46: version_keys = {}
[22:33:22.273] [DEBUG] _find_record: record e76f978247fc588f: version_keys = {}
[22:33:22.273] [DEBUG] _find_record: record 4fd8b87347127f32: version_keys = {}
[22:33:22.273] [DEBUG] _find_record: record 1ce8b965a877e9df: version_keys = {}
[22:33:22.273] [DEBUG] _find_record: record 8ae7b94e0020cb02: version_keys = {}
[22:33:22.273] [DEBUG] _find_record: record 98687b60d0d35b36: version_keys = {}
[22:33:22.273] [DEBUG] _find_record: record 390931d613d24ac1: version_keys = {}
[22:33:22.273] [DEBUG] _find_record: record 789f9305f5437900: version_keys = {}
[22:33:22.273] [DEBUG] _find_record: record da3dad93ea329b96: version_keys = {}
[22:33:22.273] [DEBUG] _find_record: record 2615b1681319ae8d: version_keys = {}
[22:33:22.273] [DEBUG] _find_record: record e9162844488acb12: version_keys = {}
[22:33:22.273] [DEBUG] _find_record: record 68afdbdea689e029: version_keys = {}
[22:33:22.273] [DEBUG] _find_record: record ea8769dbf959001a: version_keys = {}
[22:33:22.273] [DEBUG] _find_record: record 41ed0486582d71ab: version_keys = {}
[22:33:22.273] [DEBUG] _find_record: record 1319bca166b2d004: version_keys = {}
[22:33:22.273] [DEBUG] _find_record: record 9f773cc6dd7f08ed: version_keys = {}
[22:33:22.274] [DEBUG] _find_record: record 79090fdb91153daa: version_keys = {}
[22:33:22.274] [DEBUG] _find_record: record 59891bf99eebedc9: version_keys = {}
[22:33:22.274] [DEBUG] _find_record: record c0f81e3df40a94de: version_keys = {}
[22:33:22.274] [DEBUG] _find_record: record b125eb04b3ab5841: version_keys = {}
[22:33:22.274] [DEBUG] _find_record: record 54985aee02ba02cb: version_keys = {}
[22:33:22.274] [DEBUG] _find_record: record 9eabab26c4b061e1: version_keys = {}
[22:33:22.274] [DEBUG] _find_record: record 2e8ad82fa2591873: version_keys = {}
[22:33:22.274] [DEBUG] _find_record: record c70c09dead2f73ed: version_keys = {}
[22:33:22.274] [DEBUG] _find_record: record b59258c749aeda86: version_keys = {}
[22:33:22.274] [DEBUG] _find_record: record dd3094ca1f3adc2b: version_keys = {}
[22:33:22.274] [DEBUG] _find_record: record c86893e6fd56c56d: version_keys = {}
[22:33:22.274] [DEBUG] _find_record: record 631f86ea59764c3a: version_keys = {}
[22:33:22.274] [DEBUG] _find_record: record 31c9e23447d2c648: version_keys = {}
[22:33:22.274] [DEBUG] _find_record: record 3a7c2d07bb2815c9: version_keys = {}
[22:33:22.274] [DEBUG] _find_record: record 00c2a52920387a88: version_keys = {}
[22:33:22.274] [DEBUG] _find_record: record b8702952750c0968: version_keys = {}
[22:33:22.274] [DEBUG] _find_record: record 292ed5039b7b7c11: version_keys = {}
[22:33:22.274] [DEBUG] _find_record: record 895bd6eb313c5e32: version_keys = {}
[22:33:22.274] [DEBUG] _find_record: record 1a79d5dc6faa642a: version_keys = {}
[22:33:22.274] [DEBUG] _find_record: record 22c2b8308bab1759: version_keys = {}
[22:33:22.274] [DEBUG] _find_record: record 6bc78c1af55c335a: version_keys = {}
[22:33:22.274] [DEBUG] _find_record: record 36c0108a6c510ac6: version_keys = {}
[22:33:22.274] [DEBUG] _find_record: record b52e7509f1416a0a: version_keys = {}
[22:33:22.274] [DEBUG] _find_record: record b704360e5a5e9883: version_keys = {}
[22:33:22.274] [DEBUG] _find_record: record 9b8b0f124e7ff551: version_keys = {}
[22:33:22.274] [DEBUG] _find_record: record 32b4770c93fe5ce5: version_keys = {}
[22:33:22.274] [DEBUG] _find_record: record 4ae301162ff8651a: version_keys = {}
[22:33:22.274] [DEBUG] _find_record: record bbca8163f1fd8b92: version_keys = {}
[22:33:22.274] [DEBUG] _find_record: record 296da1285fadf50b: version_keys = {}
[22:33:22.274] [DEBUG] _find_record: record cf8e7decb13db835: version_keys = {}
[22:33:22.274] [DEBUG] _find_record: record 6f7f9b63e3c4474c: version_keys = {}
[22:33:22.275] [DEBUG] _find_record: record 4585ac6b1c69b396: version_keys = {}
[22:33:22.275] [DEBUG] _find_record: record 22ef1a64b58c1769: version_keys = {}
[22:33:22.275] [DEBUG] _find_record: record 31a60a70ca64aec1: version_keys = {}
[22:33:22.275] [DEBUG] _find_record: record c6f28fdabc1268ab: version_keys = {}
[22:33:22.275] [DEBUG] _find_record: record 5ac970568de67dee: version_keys = {}
[22:33:22.275] [DEBUG] _find_record: record 811578166af9a14b: version_keys = {}
[22:33:22.275] [DEBUG] _find_record: record 4719fadec3fc0ae5: version_keys = {}
[22:33:22.275] [DEBUG] _find_record: record 64307ed911911554: version_keys = {}
[22:33:22.275] [DEBUG] _find_record: record 1e1adea3954d659b: version_keys = {}
[22:33:22.275] [DEBUG] _find_record: record 04d1231ff24c8a90: version_keys = {}
[22:33:22.275] [DEBUG] _find_record: record 2a06894968ed15bf: version_keys = {}
[22:33:22.275] [DEBUG] _find_record: record 0de81cd87955f0f7: version_keys = {}
[22:33:22.275] [DEBUG] _find_record: record 58e84e9a60e8a3c2: version_keys = {}
[22:33:22.275] [DEBUG] _find_record: record df1803b44e786b4a: version_keys = {}
[22:33:22.275] [DEBUG] _find_record: record e57bc77d95736b65: version_keys = {}
[22:33:22.275] [DEBUG] _find_record: record b8e419b0875a6254: version_keys = {}
[22:33:22.275] [DEBUG] _find_record: record b49fdcb0fae0013f: version_keys = {}
[22:33:22.275] [DEBUG] _find_record: record d9900b6e66bafc2e: version_keys = {}
[22:33:22.275] [DEBUG] _find_record: record 428d41033218718e: version_keys = {}
[22:33:22.275] [DEBUG] _find_record: record 2e27c724c0576c46: version_keys = {}
[22:33:22.275] [DEBUG] _find_record: record 338d23083d013914: version_keys = {}
[22:33:22.275] [DEBUG] _find_record: record 81b087dcd3a9d197: version_keys = {}
[22:33:22.275] [DEBUG] _find_record: record a605d806993dee89: version_keys = {}
[22:33:22.275] [DEBUG] _find_record: record 937c4b43b2745e3d: version_keys = {}
[22:33:22.275] [DEBUG] _find_record: record 82a51db9b5440032: version_keys = {}
[22:33:22.275] [DEBUG] _find_record: record c4a0042338900f02: version_keys = {}
[22:33:22.275] [DEBUG] _find_record: record 9bbca2d9158e32f0: version_keys = {}
[22:33:22.275] [DEBUG] _find_record: record 6b9fa0e68bde63cc: version_keys = {}
[22:33:22.275] [DEBUG] _find_record: record 2da4fab342b04b5a: version_keys = {}
[22:33:22.275] [DEBUG] _find_record: record 70a0f33341fb306d: version_keys = {}
[22:33:22.275] [DEBUG] _find_record: record 70ffbd760ac32178: version_keys = {}
[22:33:22.275] [DEBUG] _find_record: record 61e6facb16db9a95: version_keys = {}
[22:33:22.276] [DEBUG] _find_record: record 56735fd5757c6156: version_keys = {}
[22:33:22.276] [DEBUG] _find_record: record 721bf89e9c1639e8: version_keys = {}
[22:33:22.276] [DEBUG] _find_record: record 2b5e060e4aaf2e5a: version_keys = {}
[22:33:22.276] [DEBUG] _find_record: record 3e703121032b6603: version_keys = {}
[22:33:22.276] [DEBUG] _find_record: record 7a5ccf9644b58977: version_keys = {}
[22:33:22.276] [DEBUG] _find_record: record 230634d7b83e03e4: version_keys = {}
[22:33:22.276] [DEBUG] _find_record: record 7864c8aea454548b: version_keys = {}
[22:33:22.276] [DEBUG] _find_record: record 6b5ae7dd8126c85d: version_keys = {}
[22:33:22.276] [DEBUG] _find_record: record 5041a4fa9c1a658d: version_keys = {}
[22:33:22.276] [DEBUG] _find_record: record d8d0b9b3cd296a58: version_keys = {}
[22:33:22.276] [DEBUG] _find_record: record d76e900d64a7912a: version_keys = {}
[22:33:22.276] [DEBUG] _find_record: record e37d2dfd13719fc0: version_keys = {}
[22:33:22.276] [DEBUG] _find_record: record 5028b3bf222e830d: version_keys = {}
[22:33:22.276] [DEBUG] _find_record: record 6fec155f382d2290: version_keys = {}
[22:33:22.276] [DEBUG] _find_record: record a578c7fad4d4a1e0: version_keys = {}
[22:33:22.276] [DEBUG] _find_record: record d3cf2398f387b341: version_keys = {}
[22:33:22.276] [DEBUG] _find_record: record bd4a7ea1ff8918b6: version_keys = {}
[22:33:22.276] [DEBUG] _find_record: record 0e652e0023b02fc7: version_keys = {}
[22:33:22.276] [DEBUG] _find_record: record 49a17f1dc854cc4b: version_keys = {}
[22:33:22.276] [DEBUG] _find_record: record 8cfee406595f7883: version_keys = {}
[22:33:22.276] [DEBUG] _find_record: record 14bcc935176cc46b: version_keys = {}
[22:33:22.276] [DEBUG] _find_record: record 47dabe326d4ad420: version_keys = {}
[22:33:22.276] [DEBUG] _find_record: record 19d9662beca13edf: version_keys = {}
[22:33:22.276] [DEBUG] _find_record: record 0158a2b42a6a1a1a: version_keys = {}
[22:33:22.276] [DEBUG] _find_record: record 23b0efb360803750: version_keys = {}
[22:33:22.276] [DEBUG] _find_record: record 105590068635ba7e: version_keys = {}
[22:33:22.276] [DEBUG] _find_record: record e40a553e4d2cd215: version_keys = {}
[22:33:22.276] [DEBUG] _find_record: record 15f47b8178bb0a79: version_keys = {}
[22:33:22.276] [DEBUG] _find_record: record 3d9e4a5ffc2853e0: version_keys = {}
[22:33:22.276] [DEBUG] _find_record: record 5d27474e31d83bbe: version_keys = {}
[22:33:22.276] [DEBUG] _find_record: record d9826ff73787457f: version_keys = {}
[22:33:22.277] [DEBUG] _find_record: record 6827d42e91cd32af: version_keys = {}
[22:33:22.277] [DEBUG] _find_record: record 9c992856a1b5ad03: version_keys = {}
[22:33:22.277] [DEBUG] _find_record: record ecbc21d194883cba: version_keys = {}
[22:33:22.277] [DEBUG] _find_record: record 430c6b6a46dd3a60: version_keys = {}
[22:33:22.277] [DEBUG] _find_record: record 3e061c843bf94167: version_keys = {}
[22:33:22.277] [DEBUG] _find_record: record 44fc5d5e303d5587: version_keys = {}
[22:33:22.277] [DEBUG] _find_record: record 948744ce2a4ea5ef: version_keys = {}
[22:33:22.277] [DEBUG] _find_record: record 0f78e7c339906d9f: version_keys = {}
[22:33:22.277] [DEBUG] _find_record: record e0a3cd3a99bf59db: version_keys = {}
[22:33:22.277] [DEBUG] _find_record: record 3963e8dfacfcd0a3: version_keys = {}
[22:33:22.277] [DEBUG] _find_record: record 0982595328bd37ad: version_keys = {}
[22:33:22.277] [DEBUG] _find_record: record e272eafb9e555f38: version_keys = {}
[22:33:22.277] [DEBUG] _find_record: record 243f039193ba4222: version_keys = {}
[22:33:22.277] [DEBUG] _find_record: record 4616a599f3ff89e2: version_keys = {}
[22:33:22.277] [DEBUG] _find_record: record dcbfe5fc5a25fea5: version_keys = {}
[22:33:22.277] [DEBUG] _find_record: record 3ab6b3b0fe240d1f: version_keys = {}
[22:33:22.277] [DEBUG] _find_record: record 174bc6c58d1546bb: version_keys = {}
[22:33:22.277] [DEBUG] _find_record: record bc17bfacf3615bdc: version_keys = {}
[22:33:22.277] [DEBUG] _find_record: record c265f4b59abce4b7: version_keys = {}
[22:33:22.277] [DEBUG] _find_record: record 15fa3de540e8df90: version_keys = {}
[22:33:22.277] [DEBUG] _find_record: record 71e6f8e0542eda8b: version_keys = {}
[22:33:22.277] [DEBUG] _find_record: record 87a2d60fdaff883b: version_keys = {}
[22:33:22.277] [DEBUG] _find_record: record 9d142d9a8a8d0340: version_keys = {}
[22:33:22.277] [DEBUG] _find_record: record 97af9466097510c2: version_keys = {}
[22:33:22.277] [DEBUG] _find_record: record bf1420c25d0adfa8: version_keys = {}
[22:33:22.277] [DEBUG] _find_record: record b1c4f8d0dd0844cf: version_keys = {}
[22:33:22.277] [DEBUG] _find_record: record fd9ba9d9ef99f463: version_keys = {}
[22:33:22.277] [DEBUG] _find_record: record 43e99591cf6e0d22: version_keys = {}
[22:33:22.277] [DEBUG] _find_record: record 965e276cb2d31983: version_keys = {}
[22:33:22.277] [DEBUG] _find_record: record b6394b99219bfbb4: version_keys = {}
[22:33:22.277] [DEBUG] _find_record: record 7969752d17912ab5: version_keys = {}
[22:33:22.278] [DEBUG] _find_record: record 1753b7179f7303af: version_keys = {}
[22:33:22.278] [DEBUG] _find_record: record c40c6eb0e1288a6f: version_keys = {}
[22:33:22.278] [DEBUG] _find_record: record 8cbaef3e0b831577: version_keys = {}
[22:33:22.278] [DEBUG] _find_record: record 54349ac89ae1afc8: version_keys = {}
[22:33:22.278] [DEBUG] _find_record: record b41923ec6202c974: version_keys = {}
[22:33:22.278] [DEBUG] _find_record: record c83f2e399e312b19: version_keys = {}
[22:33:22.278] [DEBUG] _find_record: record 05c2cc3ded24c4ec: version_keys = {}
[22:33:22.278] [DEBUG] _find_record: record de8ee62d03b32689: version_keys = {}
[22:33:22.278] [DEBUG] _find_record: record 4da6c40ca3e327a5: version_keys = {}
[22:33:22.278] [DEBUG] _find_record: record 17315993312c2ecc: version_keys = {}
[22:33:22.278] [DEBUG] _find_record: record 7d0c7034a5598b67: version_keys = {}
[22:33:22.278] [DEBUG] _find_record: record e76f170083390f00: version_keys = {}
[22:33:22.278] [DEBUG] _find_record: record afcb7220663a9aad: version_keys = {}
[22:33:22.278] [DEBUG] _find_record: record 15b315d7f796e86e: version_keys = {}
[22:33:22.278] [DEBUG] _find_record: record 33455a4c86b612b0: version_keys = {}
[22:33:22.278] [DEBUG] _find_record: record c1e0c085fc5d7296: version_keys = {}
[22:33:22.278] [DEBUG] _find_record: record 38abac63abdcac40: version_keys = {}
[22:33:22.278] [DEBUG] _find_record: record 910c7de1ebfc06a3: version_keys = {}
[22:33:22.278] [DEBUG] _find_record: record f939f89f2e40405c: version_keys = {}
[22:33:22.278] [DEBUG] _find_record: record 743a27679c004453: version_keys = {}
[22:33:22.278] [DEBUG] _find_record: record 8c9b12aac1eb3de7: version_keys = {}
[22:33:22.278] [DEBUG] _find_record: record dd9e5462191078b9: version_keys = {}
[22:33:22.278] [DEBUG] _find_record: record 5a5065ca2aec1617: version_keys = {}
[22:33:22.278] [DEBUG] _find_record: record 62a8654a4fb73cc8: version_keys = {}
[22:33:22.278] [DEBUG] _find_record: record d320e8c64cc717fa: version_keys = {}
[22:33:22.278] [DEBUG] _find_record: record 50b2858471e3988d: version_keys = {}
[22:33:22.278] [DEBUG] _find_record: record ffe611e9c01ba5fd: version_keys = {}
[22:33:22.278] [DEBUG] _find_record: record 59b3c55a522a158e: version_keys = {}
[22:33:22.278] [DEBUG] _find_record: record 3dcdbfa4ae39fe9e: version_keys = {}
[22:33:22.279] [DEBUG] _find_record: record 03efc5ca0da95be1: version_keys = {}
[22:33:22.279] [DEBUG] _find_record: record cdddf149b7061778: version_keys = {}
[22:33:22.279] [DEBUG] _find_record: record e6e2ea8e4fcf269b: version_keys = {}
[22:33:22.279] [DEBUG] _find_record: record 523c36d48b6f6127: version_keys = {}
[22:33:22.279] [DEBUG] _find_record: record 4b2aa166917b6533: version_keys = {}
[22:33:22.279] [DEBUG] _find_record: record abec573a30c8107f: version_keys = {}
[22:33:22.279] [DEBUG] _find_record: record 660090b5d37583a2: version_keys = {}
[22:33:22.279] [DEBUG] _find_record: record acd851460dcad50c: version_keys = {}
[22:33:22.279] [DEBUG] _find_record: record dce56bf4ba2655d2: version_keys = {}
[22:33:22.279] [DEBUG] _find_record: record 8413fc9355819a6f: version_keys = {}
[22:33:22.279] [DEBUG] _find_record: record 19cef610afd7c7d3: version_keys = {}
[22:33:22.279] [DEBUG] _find_record: record 28f3ef938c3579c0: version_keys = {}
[22:33:22.279] [DEBUG] _find_record: record cd801d90751277c5: version_keys = {}
[22:33:22.279] [DEBUG] _find_record: record 7af3a09747066861: version_keys = {}
[22:33:22.279] [DEBUG] _find_record: record 2f3ebd28dd1f79ec: version_keys = {}
[22:33:22.279] [DEBUG] _find_record: record f8ca218423b63687: version_keys = {}
[22:33:22.279] [DEBUG] _find_record: record e25420d16bcec039: version_keys = {}
[22:33:22.279] [DEBUG] _find_record: record ccf18f86c098eafb: version_keys = {}
[22:33:22.279] [DEBUG] _find_record: record f82e54a2d886bc36: version_keys = {}
[22:33:22.279] [DEBUG] _find_record: record e82922883f5c6309: version_keys = {}
[22:33:22.279] [DEBUG] _find_record: record 5d9021b3a3378f12: version_keys = {}
[22:33:22.279] [DEBUG] _find_record: record b720851e04ae547a: version_keys = {}
[22:33:22.279] [DEBUG] _find_record: record c7328cec087cb4e8: version_keys = {}
[22:33:22.279] [DEBUG] _find_record: record a226e2f1ce9e30bc: version_keys = {}
[22:33:22.279] [DEBUG] _find_record: record 745ce50297cad659: version_keys = {}
[22:33:22.279] [DEBUG] _find_record: record 3f2b8dee26fa7947: version_keys = {}
[22:33:22.279] [DEBUG] _find_record: record eb13a94ef5efe54a: version_keys = {}
[22:33:22.279] [DEBUG] _find_record: record dd18125614b7dffa: version_keys = {}
[22:33:22.279] [DEBUG] _find_record: record e6b38a99a02382c8: version_keys = {}
[22:33:22.279] [DEBUG] _find_record: record 5eb0344fb3321844: version_keys = {}
[22:33:22.280] [DEBUG] _find_record: record 6abc913a9f60387c: version_keys = {}
[22:33:22.280] [DEBUG] _find_record: record c5c13dc8cd39b633: version_keys = {}
[22:33:22.280] [DEBUG] _find_record: record 1e2bffeb757e943a: version_keys = {}
[22:33:22.280] [DEBUG] _find_record: record a17cabcfd78716ea: version_keys = {}
[22:33:22.280] [DEBUG] _find_record: record 32c4fbb2ed87343e: version_keys = {}
[22:33:22.280] [DEBUG] _find_record: record 836be2e821e0ea41: version_keys = {}
[22:33:22.280] [DEBUG] _find_record: record eaafb3a70db91c77: version_keys = {}
[22:33:22.280] [DEBUG] _find_record: record 86cdd44116d9ec69: version_keys = {}
[22:33:22.280] [DEBUG] _find_record: record ec52490222f68a0c: version_keys = {}
[22:33:22.280] [DEBUG] _find_record: record b8629c6314581f71: version_keys = {}
[22:33:22.280] [DEBUG] _find_record: record 0878695af1780f5f: version_keys = {}
[22:33:22.280] [DEBUG] _find_record: record 26f5e8b87e05eacf: version_keys = {}
[22:33:22.280] [DEBUG] _find_record: record ad251aaf9c317cc4: version_keys = {}
[22:33:22.280] [DEBUG] _find_record: record e893daf8413a6652: version_keys = {}
[22:33:22.280] [DEBUG] _find_record: record 0ee60748ffcf844b: version_keys = {}
[22:33:22.280] [DEBUG] _find_record: record ada8bed98ae1dc1e: version_keys = {}
[22:33:22.280] [DEBUG] _find_record: record 0073d3d3390542c3: version_keys = {}
[22:33:22.280] [DEBUG] _find_record: record 2ecefc4f0ac9a358: version_keys = {}
[22:33:22.280] [DEBUG] _find_record: record f40c99a02996fdc9: version_keys = {}
[22:33:22.280] [DEBUG] _find_record: record 43236468a99a293f: version_keys = {}
[22:33:22.280] [DEBUG] _find_record: record 430d914e207f5a58: version_keys = {}
[22:33:22.280] [DEBUG] _find_record: record 53433d353b6d4262: version_keys = {}
[22:33:22.280] [DEBUG] _find_record: record f577a46f12af85ad: version_keys = {}
[22:33:22.280] [DEBUG] _find_record: record 0db3355f043205f6: version_keys = {}
[22:33:22.280] [DEBUG] _find_record: record 9c61c27df21c4166: version_keys = {}
[22:33:22.280] [DEBUG] _find_record: record 0be4c71c812c312b: version_keys = {}
[22:33:22.280] [DEBUG] _find_record: record 526ba9fd959d94b0: version_keys = {}
[22:33:22.280] [DEBUG] _find_record: record 84964b7618c192d6: version_keys = {}
[22:33:22.280] [DEBUG] _find_record: record 43bad900eb4296c4: version_keys = {}
[22:33:22.281] [DEBUG] _find_record: record 21c1e1a8e9e64611: version_keys = {}
[22:33:22.281] [DEBUG] _find_record: record d3f4d10864623516: version_keys = {}
[22:33:22.281] [DEBUG] _find_record: record 16000036d8c6cba1: version_keys = {}
[22:33:22.281] [DEBUG] _find_record: record 46ac3efd5af94511: version_keys = {}
[22:33:22.281] [DEBUG] _find_record: record 4def9be2df519dac: version_keys = {}
[22:33:22.281] [DEBUG] _find_record: record de8ccb4c50b22da7: version_keys = {}
[22:33:22.281] [DEBUG] _find_record: record dcb460434d12fadd: version_keys = {}
[22:33:22.281] [DEBUG] _find_record: record 16f6cd0bed368fc5: version_keys = {}
[22:33:22.281] [DEBUG] _find_record: record f65342f9169081de: version_keys = {}
[22:33:22.281] [DEBUG] _find_record: record 3a4f1eb3117858ee: version_keys = {}
[22:33:22.281] [DEBUG] _find_record: record b5bf2055399384fa: version_keys = {}
[22:33:22.281] [DEBUG] _find_record: record fe253587f8a82ac0: version_keys = {}
[22:33:22.281] [DEBUG] _find_record: record 2839b7e072ff7d1f: version_keys = {}
[22:33:22.281] [DEBUG] _find_record: record eb05b2e8aef08275: version_keys = {}
[22:33:22.281] [DEBUG] _find_record: record 68b54d54171d19da: version_keys = {}
[22:33:22.281] [DEBUG] _find_record: record f971fa2695999558: version_keys = {}
[22:33:22.281] [DEBUG] _find_record: record 2cc4a7fecf6185f3: version_keys = {}
[22:33:22.281] [DEBUG] _find_record: record bc70c0a9743f6eb4: version_keys = {}
[22:33:22.281] [DEBUG] _find_record: record 11325754f76b2bd3: version_keys = {}
[22:33:22.281] [DEBUG] _find_record: record f665a1878b19e9b6: version_keys = {}
[22:33:22.281] [DEBUG] _find_record: record 5729333fde6f37b5: version_keys = {}
[22:33:22.281] [DEBUG] _find_record: record 0c607aa41f308979: version_keys = {}
[22:33:22.281] [DEBUG] _find_record: record a43a99b5d97c7aed: version_keys = {}
[22:33:22.281] [DEBUG] _find_record: record 683171e3d1d343e6: version_keys = {}
[22:33:22.281] [DEBUG] _find_record: record ce86903b85aefe09: version_keys = {}
[22:33:22.281] [DEBUG] _find_record: record 7d31b001b3080076: version_keys = {}
[22:33:22.281] [DEBUG] _find_record: record 1533d16f15b9201a: version_keys = {}
[22:33:22.281] [DEBUG] _find_record: record 04d9a3b247058966: version_keys = {}
[22:33:22.281] [DEBUG] _find_record: record 2db53ba227fdc772: version_keys = {}
[22:33:22.282] [DEBUG] _find_record: record b1b2c2db37983549: version_keys = {}
[22:33:22.282] [DEBUG] _find_record: record 121fa0e9f5b02f1a: version_keys = {}
[22:33:22.282] [DEBUG] _find_record: record 8873130a48ed2df2: version_keys = {}
[22:33:22.282] [DEBUG] _find_record: record 33e654b04b9e176e: version_keys = {}
[22:33:22.282] [DEBUG] _find_record: record 8d6dc28d5cd606fd: version_keys = {}
[22:33:22.282] [DEBUG] _find_record: record 7532c8965c2b138f: version_keys = {}
[22:33:22.282] [DEBUG] _find_record: record 1163b1f8eb22693e: version_keys = {}
[22:33:22.282] [DEBUG] _find_record: record 4d22965683380f01: version_keys = {}
[22:33:22.282] [DEBUG] _find_record: record 3c514172eeb5dfcf: version_keys = {}
[22:33:22.282] [DEBUG] _find_record: record c4ad0f1208d7d694: version_keys = {}
[22:33:22.282] [DEBUG] _find_record: record 7111c34efa9999f3: version_keys = {}
[22:33:22.282] [DEBUG] _find_record: record 07448b26d8b432b5: version_keys = {}
[22:33:22.282] [DEBUG] _find_record: record d139e98c1b1889d5: version_keys = {}
[22:33:22.282] [DEBUG] _find_record: record 027a9d1f12e36e1e: version_keys = {}
[22:33:22.282] [DEBUG] _find_record: record 33a789d0fa8f1c0a: version_keys = {}
[22:33:22.282] [DEBUG] _find_record: record 5569630ad924259b: version_keys = {}
[22:33:22.282] [DEBUG] _find_record: record 7677e36e2dbf8c6b: version_keys = {}
[22:33:22.282] [DEBUG] _find_record: record b8141001bcf17810: version_keys = {}
[22:33:22.282] [DEBUG] _find_record: record 60ce479cd7deef45: version_keys = {}
[22:33:22.282] [DEBUG] _find_record: record c6813a12137bc5e5: version_keys = {}
[22:33:22.282] [DEBUG] _find_record: record 5a4b4c8b9e8f3105: version_keys = {}
[22:33:22.282] [DEBUG] _find_record: record f841381877ecca85: version_keys = {}
[22:33:22.282] [DEBUG] _find_record: record 91d1e8443d729058: version_keys = {}
[22:33:22.282] [DEBUG] _find_record: record 78ccd39803ddda58: version_keys = {}
[22:33:22.282] [DEBUG] _find_record: record 1295205942de4a46: version_keys = {}
[22:33:22.282] [DEBUG] _find_record: record 79f4bf44c236e124: version_keys = {}
[22:33:22.282] [DEBUG] _find_record: record c1cc53d3956fc90c: version_keys = {}
[22:33:22.282] [DEBUG] _find_record: record acaeae562fa89593: version_keys = {}
[22:33:22.282] [DEBUG] _find_record: record a0eb3a9eefac3062: version_keys = {}
[22:33:22.282] [DEBUG] _find_record: record 69610c817a93ecb1: version_keys = {}
[22:33:22.282] [DEBUG] _find_record: record 759d6033cb955946: version_keys = {}
[22:33:22.283] [DEBUG] _find_record: record 70526e3e77fb1bda: version_keys = {}
[22:33:22.283] [DEBUG] _find_record: record d577701c379053b4: version_keys = {}
[22:33:22.283] [DEBUG] _find_record: record 5517893b4aa1b9e3: version_keys = {}
[22:33:22.283] [DEBUG] _find_record: record 9464d236880740f2: version_keys = {}
[22:33:22.283] [DEBUG] _find_record: record a3688ca0a565e380: version_keys = {}
[22:33:22.283] [DEBUG] _find_record: record 6a156fa5d93bda2f: version_keys = {}
[22:33:22.283] [DEBUG] _find_record: record 3bfcda85ae24af5b: version_keys = {}
[22:33:22.283] [DEBUG] _find_record: record f93d30ef402a0d70: version_keys = {}
[22:33:22.283] [DEBUG] _find_record: record 5dc876c5b2127522: version_keys = {}
[22:33:22.283] [DEBUG] _find_record: record 8f5d91f0f8031037: version_keys = {}
[22:33:22.283] [DEBUG] _find_record: record 640bac0cae3a01db: version_keys = {}
[22:33:22.283] [DEBUG] _find_record: record 20ed720d47f47ed1: version_keys = {}
[22:33:22.283] [DEBUG] _find_record: record 2511208a365110cb: version_keys = {}
[22:33:22.283] [DEBUG] _find_record: record baa3f35e4c809061: version_keys = {}
[22:33:22.283] [DEBUG] _find_record: record 70c3277bacacfe66: version_keys = {}
[22:33:22.283] [DEBUG] _find_record: record 65e45e81c5fb8aa3: version_keys = {}
[22:33:22.283] [DEBUG] _find_record: record c72b16e196efba49: version_keys = {}
[22:33:22.283] [DEBUG] _find_record: record a4435c87affc9576: version_keys = {}
[22:33:22.283] [DEBUG] _find_record: record 5138148b13481fdb: version_keys = {}
[22:33:22.283] [DEBUG] _find_record: record 54e6a15479d8fe43: version_keys = {}
[22:33:22.283] [DEBUG] _find_record: record 837457e8b97ef1c7: version_keys = {}
[22:33:22.283] [DEBUG] _find_record: record 37a8428a042dc631: version_keys = {}
[22:33:22.283] [DEBUG] _find_record: record 0cbbf03c059af6a7: version_keys = {}
[22:33:22.283] [DEBUG] _find_record: record 181e9caf7e9fd8ab: version_keys = {}
[22:33:22.283] [DEBUG] _find_record: record 9cb9d2610a00c094: version_keys = {}
[22:33:22.283] [DEBUG] _find_record: record d8d352c48734af85: version_keys = {}
[22:33:22.283] [DEBUG] _find_record: record 48dee221e1a4f829: version_keys = {}
[22:33:22.283] [DEBUG] _find_record: record fc2d4bf6229dc82f: version_keys = {}
[22:33:22.283] [DEBUG] _find_record: record 854a029fe5fcafa9: version_keys = {}
[22:33:22.283] [DEBUG] _find_record: record e219e251f79bac85: version_keys = {}
[22:33:22.283] [DEBUG] _find_record: record 998995997a5fee7c: version_keys = {}
[22:33:22.284] [DEBUG] _find_record: record d0b97975d7d2628c: version_keys = {}
[22:33:22.284] [DEBUG] _find_record: record f6d90850f26ab25f: version_keys = {}
[22:33:22.284] [DEBUG] _find_record: record 44504d597cd8e229: version_keys = {}
[22:33:22.284] [DEBUG] _find_record: record da738aafad749f94: version_keys = {}
[22:33:22.284] [DEBUG] _find_record: record 75f13e23e729a724: version_keys = {}
[22:33:22.284] [DEBUG] _find_record: record 66288a7d650e2808: version_keys = {}
[22:33:22.284] [DEBUG] _find_record: record 178445ad2dd52027: version_keys = {}
[22:33:22.284] [DEBUG] _find_record: record e130cc34e1eee4cd: version_keys = {}
[22:33:22.284] [DEBUG] _find_record: record 555722d228be6fb2: version_keys = {}
[22:33:22.284] [DEBUG] _find_record: record 0078017230d3e701: version_keys = {}
[22:33:22.284] [DEBUG] _find_record: record a8126c737f229984: version_keys = {}
[22:33:22.284] [DEBUG] _find_record: record 30c5c5a594ccc72b: version_keys = {}
[22:33:22.284] [DEBUG] _find_record: record f791fd08dfc2ac4f: version_keys = {}
[22:33:22.284] [DEBUG] _find_record: record f0feb8b2400971b1: version_keys = {}
[22:33:22.284] [DEBUG] _find_record: record 0f75d218bc52dd86: version_keys = {}
[22:33:22.284] [DEBUG] _find_record: record cb8764c361f32949: version_keys = {}
[22:33:22.284] [DEBUG] _find_record: record 8a09f96749535e42: version_keys = {}
[22:33:22.284] [DEBUG] _find_record: record 1b35318c6950d089: version_keys = {}
[22:33:22.284] [DEBUG] _find_record: record 8d689b21435e4667: version_keys = {}
[22:33:22.284] [DEBUG] _find_record: record 6f88f80dec340d97: version_keys = {}
[22:33:22.284] [DEBUG] _find_record: record 5e9e8db0e78c15cc: version_keys = {}
[22:33:22.284] [DEBUG] _find_record: record 0299aa687f397a30: version_keys = {}
[22:33:22.284] [DEBUG] _find_record: record 6704f8cff1dc0631: version_keys = {}
[22:33:22.284] [DEBUG] _find_record: record fddc56631feed6b7: version_keys = {}
[22:33:22.284] [DEBUG] _find_record: record 68500d0b3571eb4e: version_keys = {}
[22:33:22.284] [DEBUG] _find_record: record 3a07c3e46c78762d: version_keys = {}
[22:33:22.284] [DEBUG] _find_record: record 3048e76fc3d09775: version_keys = {}
[22:33:22.284] [DEBUG] _find_record: record a0db692c83821eac: version_keys = {}
[22:33:22.284] [DEBUG] _find_record: record 38ab20b5ffb51f97: version_keys = {}
[22:33:22.284] [DEBUG] _find_record: record e195b6fd42be608c: version_keys = {}
[22:33:22.285] [DEBUG] _find_record: record f6148f0a0c278ecf: version_keys = {}
[22:33:22.285] [DEBUG] _find_record: record 58141a347121fe93: version_keys = {}
[22:33:22.285] [DEBUG] _find_record: record 109cee64bad060eb: version_keys = {}
[22:33:22.285] [DEBUG] _find_record: record 14ea21ca36eba288: version_keys = {}
[22:33:22.285] [DEBUG] _find_record: record 60ccb2ea992f6f3c: version_keys = {}
[22:33:22.285] [DEBUG] _find_record: record 48f0caf56cafa334: version_keys = {}
[22:33:22.285] [DEBUG] _find_record: record 46be3446482b98f6: version_keys = {}
[22:33:22.285] [DEBUG] _find_record: record 72ca74df47746caa: version_keys = {}
[22:33:22.285] [DEBUG] _find_record: record 19fe122adb3be5c7: version_keys = {}
[22:33:22.285] [DEBUG] _find_record: record 8f7ac049510be4fc: version_keys = {}
[22:33:22.285] [DEBUG] _find_record: record d230e25d46e1562b: version_keys = {}
[22:33:22.285] [DEBUG] _find_record: record 7fa3837fa9faecc0: version_keys = {}
[22:33:22.285] [DEBUG] _find_record: record dd5490b883622c6b: version_keys = {}
[22:33:22.285] [DEBUG] _find_record: record ba3b8628235d60dc: version_keys = {}
[22:33:22.285] [DEBUG] _find_record: record 96946964268e915f: version_keys = {}
[22:33:22.285] [DEBUG] _find_record: record d4c312f4de7234bd: version_keys = {}
[22:33:22.285] [DEBUG] _find_record: record e2cbd8cf72a5cf14: version_keys = {}
[22:33:22.285] [DEBUG] _find_record: record 5f92a4b956215d72: version_keys = {}
[22:33:22.285] [DEBUG] _find_record: record e40f15c50268e8ff: version_keys = {}
[22:33:22.285] [DEBUG] _find_record: record 6574dc88ffcbef1e: version_keys = {}
[22:33:22.285] [DEBUG] _find_record: record 434e2ae4638ae098: version_keys = {}
[22:33:22.285] [DEBUG] _find_record: record 81d4499b38b21791: version_keys = {}
[22:33:22.285] [DEBUG] _find_record: record 8f657ee1e55973fc: version_keys = {}
[22:33:22.285] [DEBUG] _find_record: record fe0764d2b7617b23: version_keys = {}
[22:33:22.285] [DEBUG] _find_record: record 65711fd927c778b1: version_keys = {}
[22:33:22.285] [DEBUG] _find_record: record 52619907333ea0e5: version_keys = {}
[22:33:22.285] [DEBUG] _find_record: record ae445b63363bdb0e: version_keys = {}
[22:33:22.285] [DEBUG] _find_record: record 11da98f184955bb5: version_keys = {}
[22:33:22.285] [DEBUG] _find_record: record 960db3792a62ebfe: version_keys = {}
[22:33:22.285] [DEBUG] _find_record: record af2e6bbc29ab3a21: version_keys = {}
[22:33:22.285] [DEBUG] _find_record: record 9bc178b4a1c1aa6c: version_keys = {}
[22:33:22.286] [DEBUG] _find_record: record 99ea5c4fe90a2ae2: version_keys = {}
[22:33:22.286] [DEBUG] _find_record: record 3e70b6a736f67d80: version_keys = {}
[22:33:22.286] [DEBUG] _find_record: record 7cd1a270c8cba5fb: version_keys = {}
[22:33:22.286] [DEBUG] _find_record: record 8fe2a5bccadb6f49: version_keys = {}
[22:33:22.286] [DEBUG] _find_record: record 143bad5182f7b29c: version_keys = {}
[22:33:22.286] [DEBUG] _find_record: record 9a5b930658e40081: version_keys = {}
[22:33:22.286] [DEBUG] _find_record: record ac8f14c6e016f8b6: version_keys = {}
[22:33:22.286] [DEBUG] _find_record: record fde6583c1d5dd2a0: version_keys = {}
[22:33:22.286] [DEBUG] _find_record: record b94f1350d11ef963: version_keys = {}
[22:33:22.286] [DEBUG] _find_record: record 1d2c4f3929219707: version_keys = {}
[22:33:22.286] [DEBUG] _find_record: record f2c9dd8478a0e8b7: version_keys = {}
[22:33:22.286] [DEBUG] _find_record: record e9a4c824389a354f: version_keys = {}
[22:33:22.286] [DEBUG] _find_record: record f2c95cfa5552da65: version_keys = {}
[22:33:22.286] [DEBUG] _find_record: record 838049c609c78ef0: version_keys = {}
[22:33:22.286] [DEBUG] _find_record: record e51e780c30dfa1ca: version_keys = {}
[22:33:22.286] [DEBUG] _find_record: record ae31e141b0894cab: version_keys = {}
[22:33:22.286] [DEBUG] _find_record: record aaad07d2fda6c9b2: version_keys = {}
[22:33:22.286] [DEBUG] _find_record: record 931ee67c87156f15: version_keys = {}
[22:33:22.286] [DEBUG] _find_record: record 877b91077c05483d: version_keys = {}
[22:33:22.286] [DEBUG] _find_record: record 8773a8249ad550ff: version_keys = {}
[22:33:22.286] [DEBUG] _find_record: record 7d9a854abb1a6edc: version_keys = {}
[22:33:22.286] [DEBUG] _find_record: record 6c02bec9e03e4c14: version_keys = {}
[22:33:22.286] [DEBUG] _find_record: record 460c1215200bfb0d: version_keys = {}
[22:33:22.286] [DEBUG] _find_record: record 25f73b0db425d11d: version_keys = {}
[22:33:22.286] [DEBUG] _find_record: record 9ab0fdc8b57bf5a4: version_keys = {}
[22:33:22.286] [DEBUG] _find_record: record e34e93ab96d6c8c0: version_keys = {}
[22:33:22.286] [DEBUG] _find_record: record 693680be4d359a7c: version_keys = {}
[22:33:22.286] [DEBUG] _find_record: record 16bd00b076010aab: version_keys = {}
[22:33:22.286] [DEBUG] _find_record: record ef0f26fbd46a3ae8: version_keys = {}
[22:33:22.286] [DEBUG] _find_record: record 7e498e0bb66cec8d: version_keys = {}
[22:33:22.287] [DEBUG] _find_record: record 1ea620080b1899fb: version_keys = {}
[22:33:22.287] [DEBUG] _find_record: record 5921a0d8a3d355e2: version_keys = {}
[22:33:22.287] [DEBUG] _find_record: record 1fa132a4df58c77f: version_keys = {}
[22:33:22.287] [DEBUG] _find_record: record f3821bed1cbe984b: version_keys = {}
[22:33:22.287] [DEBUG] _find_record: record f28a86a37f753fe8: version_keys = {}
[22:33:22.287] [DEBUG] _find_record: record f585d0fa28fc83e7: version_keys = {}
[22:33:22.287] [DEBUG] _find_record: record cee7b85a2a74f75a: version_keys = {}
[22:33:22.287] [DEBUG] _find_record: record 31a2f48eb197e765: version_keys = {}
[22:33:22.287] [DEBUG] _find_record: record 55d7b45b061496f3: version_keys = {}
[22:33:22.287] [DEBUG] _find_record: record be1d5a2cb40351fb: version_keys = {}
[22:33:22.287] [DEBUG] _find_record: record 3ec451a470835434: version_keys = {}
[22:33:22.287] [DEBUG] _find_record: record 9f5092bfa35ebbf8: version_keys = {}
[22:33:22.287] [DEBUG] _find_record: record 6de98fb39aeea145: version_keys = {}
[22:33:22.287] [DEBUG] _find_record: record b21a356589e8b79c: version_keys = {}
[22:33:22.287] [DEBUG] _find_record: record 204ae6df888f6388: version_keys = {}
[22:33:22.287] [DEBUG] _find_record: record cd8028bac9360fb8: version_keys = {}
[22:33:22.287] [DEBUG] _find_record: record addb6ede0e747c26: version_keys = {}
[22:33:22.287] [DEBUG] _find_record: record 9cfcfc6f5aeec5c0: version_keys = {}
[22:33:22.287] [DEBUG] _find_record: record 0fcc606900f57056: version_keys = {}
[22:33:22.287] [DEBUG] _find_record: record 372b6686d4df3c3b: version_keys = {}
[22:33:22.287] [DEBUG] _find_record: record cb5f90e69055cf9f: version_keys = {}
[22:33:22.287] [DEBUG] _find_record: record f18ba55dd7bbd344: version_keys = {}
[22:33:22.287] [DEBUG] _find_record: record 1a1a4dc13bdbb662: version_keys = {}
[22:33:22.287] [DEBUG] _find_record: record cdb0973676b4fbe7: version_keys = {}
[22:33:22.287] [DEBUG] _find_record: record 2011d0c97d173bb4: version_keys = {}
[22:33:22.287] [DEBUG] _find_record: record 30110e713054142e: version_keys = {}
[22:33:22.287] [DEBUG] _find_record: record b6bb703f9a88e3c2: version_keys = {}
[22:33:22.287] [DEBUG] _find_record: record efc8a9b7e5796b8d: version_keys = {}
[22:33:22.287] [DEBUG] _find_record: record cf235983b02a61d2: version_keys = {}
[22:33:22.288] [DEBUG] _find_record: record b7bfb2817abc186e: version_keys = {}
[22:33:22.288] [DEBUG] _find_record: record 8b6dcdfa5fdf3b8b: version_keys = {}
[22:33:22.288] [DEBUG] _find_record: record 24de52aa6edcc837: version_keys = {}
[22:33:22.288] [DEBUG] _find_record: record aacff59c5172c004: version_keys = {}
[22:33:22.288] [DEBUG] _find_record: record 305de7d9bb7b594c: version_keys = {}
[22:33:22.288] [DEBUG] _find_record: record 5f9ab4346f68f0c6: version_keys = {}
[22:33:22.288] [DEBUG] _find_record: record d241fa18e7fbd8ad: version_keys = {}
[22:33:22.288] [DEBUG] _find_record: record eec6348f34b88793: version_keys = {}
[22:33:22.288] [DEBUG] _find_record: record 9aab2418c934f946: version_keys = {}
[22:33:22.288] [DEBUG] _find_record: record 51e8a6ea265eccbb: version_keys = {}
[22:33:22.288] [DEBUG] _find_record: record dc26b403feb172e4: version_keys = {}
[22:33:22.288] [DEBUG] _find_record: record 2c50ecfdec244d56: version_keys = {}
[22:33:22.288] [DEBUG] _find_record: record 930da946652cd45d: version_keys = {}
[22:33:22.288] [DEBUG] _find_record: record ff06d84f5a231800: version_keys = {}
[22:33:22.288] [DEBUG] _find_record: record 64a29129869953f6: version_keys = {}
[22:33:22.288] [DEBUG] _find_record: record 716bd389ec80685c: version_keys = {}
[22:33:22.288] [DEBUG] _find_record: record 0485c4787aefff68: version_keys = {}
[22:33:22.288] [DEBUG] _find_record: record 0d8195aea0a7a02d: version_keys = {}
[22:33:22.288] [DEBUG] _find_record: record e99c176e3e2d86a1: version_keys = {}
[22:33:22.288] [DEBUG] _find_record: record a12edd4f9dce38e2: version_keys = {}
[22:33:22.288] [DEBUG] _find_record: record b45a91df43f059fc: version_keys = {}
[22:33:22.288] [DEBUG] _find_record: record cc95fe57a09a9ee6: version_keys = {}
[22:33:22.288] [DEBUG] _find_record: record f9135b4f96c0b835: version_keys = {}
[22:33:22.288] [DEBUG] _find_record: record dab14663738f97cf: version_keys = {}
[22:33:22.288] [DEBUG] _find_record: record 69c0445df07c0627: version_keys = {}
[22:33:22.288] [DEBUG] _find_record: record fd46de5d482114a4: version_keys = {}
[22:33:22.288] [DEBUG] _find_record: record 1d867cf905de78f7: version_keys = {}
[22:33:22.288] [DEBUG] _find_record: record 5a066c7422e7c885: version_keys = {}
[22:33:22.288] [DEBUG] _find_record: record c0e35dfb44ff7fba: version_keys = {}
[22:33:22.288] [DEBUG] _find_record: record a0eff56689d885aa: version_keys = {}
[22:33:22.288] [DEBUG] _find_record: record 90df4341636adf00: version_keys = {}
[22:33:22.289] [DEBUG] _find_record: record c4ee5c7a389c9da3: version_keys = {}
[22:33:22.289] [DEBUG] _find_record: record 89ab37995f6ac251: version_keys = {}
[22:33:22.289] [DEBUG] _find_record: record 952980e4c2442473: version_keys = {}
[22:33:22.289] [DEBUG] _find_record: record d2698571bb3fc446: version_keys = {}
[22:33:22.289] [DEBUG] _find_record: record ce682a782ebef040: version_keys = {}
[22:33:22.289] [DEBUG] _find_record: record f2c1c6f592c58d35: version_keys = {}
[22:33:22.289] [DEBUG] _find_record: record f80fd75a65996c3d: version_keys = {}
[22:33:22.289] [DEBUG] _find_record: record afe29ad776cde9c4: version_keys = {}
[22:33:22.289] [DEBUG] _find_record: record 7bdbb2e44d7e48f0: version_keys = {}
[22:33:22.289] [DEBUG] _find_record: record 58c640bb9e87611f: version_keys = {}
[22:33:22.289] [DEBUG] _find_record: record 998c50eb41fde49e: version_keys = {}
[22:33:22.289] [DEBUG] _find_record: record 05e48743951554a0: version_keys = {}
[22:33:22.289] [DEBUG] _find_record: record 5ac4eee80982da55: version_keys = {}
[22:33:22.289] [DEBUG] _find_record: record a0ea943084b70c8d: version_keys = {}
[22:33:22.289] [DEBUG] _find_record: record 801ef12f582d6ca0: version_keys = {}
[22:33:22.289] [DEBUG] _find_record: record a5a0e501735ea916: version_keys = {}
[22:33:22.289] [DEBUG] _find_record: record 02638bdaae0f4dd2: version_keys = {}
[22:33:22.289] [DEBUG] _find_record: record aa6b9646c936490d: version_keys = {}
[22:33:22.289] [DEBUG] _find_record: record 410532b2caa13936: version_keys = {}
[22:33:22.289] [DEBUG] _find_record: record 2f6c52e596ef9275: version_keys = {}
[22:33:22.289] [DEBUG] _find_record: record aa48e0aef39949a3: version_keys = {}
[22:33:22.289] [DEBUG] _find_record: record 11d8e43d0b5d3e80: version_keys = {}
[22:33:22.290] [DEBUG] _find_record: record ad526086cb93007a: version_keys = {}
[22:33:22.290] [DEBUG] _find_record: record 283e16991f9e7c81: version_keys = {}
[22:33:22.290] [DEBUG] _find_record: record ec30a672c1e55857: version_keys = {}
[22:33:22.290] [DEBUG] _find_record: record baeed07af5c13a14: version_keys = {}
[22:33:22.290] [DEBUG] _find_record: record bac14f0fa51d8a81: version_keys = {}
[22:33:22.290] [DEBUG] _find_record: record 1a21b37a68198e43: version_keys = {}
[22:33:22.290] [DEBUG] _find_record: record 1575fceff5fa5498: version_keys = {}
[22:33:22.290] [DEBUG] _find_record: record 85e89917a38e6fbd: version_keys = {}
[22:33:22.290] [DEBUG] _find_record: record 8e3c0661749df542: version_keys = {}
[22:33:22.290] [DEBUG] _find_record: record 52d3834eab52de98: version_keys = {}
[22:33:22.290] [DEBUG] _find_record: record b17bd736939556f3: version_keys = {}
[22:33:22.290] [DEBUG] _find_record: record 810c1304a58e4e7b: version_keys = {}
[22:33:22.290] [DEBUG] _find_record: record 3eb0ac436e1acd41: version_keys = {}
[22:33:22.290] [DEBUG] _find_record: record 81b0666e0ca3ab23: version_keys = {}
[22:33:22.290] [DEBUG] _find_record: record 235d48b3e8f54c5e: version_keys = {}
[22:33:22.290] [DEBUG] _find_record: record 391fa7ca76258c41: version_keys = {}
[22:33:22.290] [DEBUG] _find_record: record bef1b8f8070bf20a: version_keys = {}
[22:33:22.290] [DEBUG] _find_record: record 7c7693460019258b: version_keys = {}
[22:33:22.290] [DEBUG] _find_record: record ca0135bb15704fa7: version_keys = {}
[22:33:22.290] [DEBUG] _find_record: record b9a289ccf36d54aa: version_keys = {}
[22:33:22.290] [DEBUG] _find_record: record 1bae6d099183030b: version_keys = {}
[22:33:22.290] [DEBUG] _find_record: record 7f12a662eee925ec: version_keys = {}
[22:33:22.290] [DEBUG] _find_record: record ad9f495f0f212f49: version_keys = {}
[22:33:22.290] [DEBUG] _find_record: record 60dd2c7ca261eb08: version_keys = {}
[22:33:22.290] [DEBUG] _find_record: record 15bd3cdb8bb50c17: version_keys = {}
[22:33:22.291] [DEBUG] _find_record: record fc6e91d72ed0b6e6: version_keys = {}
[22:33:22.291] [DEBUG] _find_record: record 7e3da25134e93c33: version_keys = {}
[22:33:22.291] [DEBUG] _find_record: record 37090d84e368aea2: version_keys = {}
[22:33:22.291] [DEBUG] _find_record: record 896bff8b51533ba6: version_keys = {}
[22:33:22.291] [DEBUG] _find_record: record 435d76c98ea23a9f: version_keys = {}
[22:33:22.291] [DEBUG] _find_record: record be79f975327b604c: version_keys = {}
[22:33:22.291] [DEBUG] _find_record: record 28483e9c0b7892d4: version_keys = {}
[22:33:22.291] [DEBUG] _find_record: record 4c566b5d1c0876dd: version_keys = {}
[22:33:22.291] [DEBUG] _find_record: record e793eb081ae23b4b: version_keys = {}
[22:33:22.291] [DEBUG] _find_record: record fb11937fa07b31f4: version_keys = {}
[22:33:22.291] [DEBUG] _find_record: record e92686d98604f4cc: version_keys = {}
[22:33:22.291] [DEBUG] _find_record: record 57da7c5bfec38ec6: version_keys = {}
[22:33:22.291] [DEBUG] _find_record: record 51c0051813240243: version_keys = {}
[22:33:22.291] [DEBUG] _find_record: record f2bebd3ec5e621be: version_keys = {}
[22:33:22.291] [DEBUG] _find_record: record f718fa8d19b42883: version_keys = {}
[22:33:22.291] [DEBUG] _find_record: record 607e93369afbd531: version_keys = {}
[22:33:22.291] [DEBUG] _find_record: record d5903a70865e932b: version_keys = {}
[22:33:22.291] [DEBUG] _find_record: record 5aaec114ef870081: version_keys = {}
[22:33:22.291] [DEBUG] _find_record: record 2d8769d4cf487261: version_keys = {}
[22:33:22.291] [DEBUG] _find_record: record 1772555b31e2e901: version_keys = {}
[22:33:22.291] [DEBUG] _find_record: record 39476e07fd78cdb2: version_keys = {}
[22:33:22.291] [DEBUG] _find_record: record d29b6117f6fa3845: version_keys = {}
[22:33:22.291] [DEBUG] _find_record: record df7e9d69ad7c3a72: version_keys = {}
[22:33:22.291] [DEBUG] _find_record: record 171bc900bc5b3ec6: version_keys = {}
[22:33:22.291] [DEBUG] _find_record: record d80492ca9c66985e: version_keys = {}
[22:33:22.291] [DEBUG] _find_record: record cd2840d00de68ef8: version_keys = {}
[22:33:22.291] [DEBUG] _find_record: record 13b64d69ea66e6fe: version_keys = {}
[22:33:22.291] [DEBUG] _find_record: record 907fb7c084bf30fa: version_keys = {}
[22:33:22.291] [DEBUG] _find_record: record 24ce63556f167bfc: version_keys = {}
[22:33:22.292] [DEBUG] _find_record: record bbb1f249d2947df6: version_keys = {}
[22:33:22.292] [DEBUG] _find_record: record de9bef6b837786c7: version_keys = {}
[22:33:22.292] [DEBUG] _find_record: record 69a8a0f7f3cbde2d: version_keys = {}
[22:33:22.292] [DEBUG] _find_record: record e3a426b59182b834: version_keys = {}
[22:33:22.292] [DEBUG] _find_record: record eb72d4123deb47e2: version_keys = {}
[22:33:22.292] [DEBUG] _find_record: record 3d5584d563b0110f: version_keys = {}
[22:33:22.292] [DEBUG] _find_record: record 0f56a3d374a5eb98: version_keys = {}
[22:33:22.292] [DEBUG] _find_record: record 98ae2d45ea6a6419: version_keys = {}
[22:33:22.292] [DEBUG] _find_record: record 3d038b08fb8b989b: version_keys = {}
[22:33:22.292] [DEBUG] _find_record: record afcc3c530113879a: version_keys = {}
[22:33:22.292] [DEBUG] _find_record: record 0c1a8825293f2db3: version_keys = {}
[22:33:22.292] [DEBUG] _find_record: record 505232e576c0d93f: version_keys = {}
[22:33:22.292] [DEBUG] _find_record: record 97fae8f392660a57: version_keys = {}
[22:33:22.292] [DEBUG] _find_record: record 6c2fc1863a12f32a: version_keys = {}
[22:33:22.292] [DEBUG] _find_record: record 6bc693e63fc2002f: version_keys = {}
[22:33:22.292] [DEBUG] _find_record: record 77e3abf684a0b637: version_keys = {}
[22:33:22.292] [DEBUG] _find_record: record 66df4befc829b832: version_keys = {}
[22:33:22.292] [DEBUG] _find_record: record 7a16fe70c060ee75: version_keys = {}
[22:33:22.292] [DEBUG] _find_record: record 3a83d73c38ed11f3: version_keys = {}
[22:33:22.292] [DEBUG] _find_record: record e6ed9ad4d397a978: version_keys = {}
[22:33:22.293] [DEBUG] _find_record: record 13205bdda0f07c43: version_keys = {}
[22:33:22.293] [DEBUG] _find_record: record 23d20e53648e3837: version_keys = {}
[22:33:22.293] [DEBUG] _find_record: record 9b5ce504960b5a4c: version_keys = {}
[22:33:22.293] [DEBUG] _find_record: record 698c333ca252ae02: version_keys = {}
[22:33:22.293] [DEBUG] _find_record: record 7268573e134e6aa4: version_keys = {}
[22:33:22.293] [DEBUG] _find_record: record 48ce6eac8e2727bd: version_keys = {}
[22:33:22.293] [DEBUG] _find_record: record 6b1370babcee5794: version_keys = {}
[22:33:22.293] [DEBUG] _find_record: record 80145c25948f4be4: version_keys = {}
[22:33:22.293] [DEBUG] _find_record: record ea32bc5a31647f08: version_keys = {}
[22:33:22.293] [DEBUG] _find_record: record d3d668a5575ea5be: version_keys = {}
[22:33:22.293] [DEBUG] _find_record: record 040d36d606735488: version_keys = {}
[22:33:22.293] [DEBUG] _find_record: record b9d9d9ce269174a5: version_keys = {}
[22:33:22.293] [DEBUG] _find_record: record f439fa62acabe5a4: version_keys = {}
[22:33:22.293] [DEBUG] _find_record: record c6e56f6bec2b7c67: version_keys = {}
[22:33:22.293] [DEBUG] _find_record: record d6308528e58de353: version_keys = {}
[22:33:22.293] [DEBUG] _find_record: record 8a5f1fd685d311a2: version_keys = {}
[22:33:22.293] [DEBUG] _find_record: record cf71f38ce2e67278: version_keys = {}
[22:33:22.293] [DEBUG] _find_record: record 8bd0ae0af57b775f: version_keys = {}
[22:33:22.293] [DEBUG] _find_record: record 4c430e5e289de35e: version_keys = {}
[22:33:22.293] [DEBUG] _find_record: record 8c729eac091565f8: version_keys = {}
[22:33:22.293] [DEBUG] _find_record: record 4c92a1abbd842368: version_keys = {}
[22:33:22.293] [DEBUG] _find_record: record 3feadef3428a436f: version_keys = {}
[22:33:22.293] [DEBUG] _find_record: record 66197f9217048370: version_keys = {}
[22:33:22.293] [DEBUG] _find_record: record 1bb11c66b622cecc: version_keys = {}
[22:33:22.293] [DEBUG] _find_record: record 7baccf7f03ba4c33: version_keys = {}
[22:33:22.293] [DEBUG] _find_record: record 43f90b6369f51dd6: version_keys = {}
[22:33:22.294] [DEBUG] _find_record: record 0bb1abc603588cbc: version_keys = {}
[22:33:22.294] [DEBUG] _find_record: record 6e9f7820075abaa9: version_keys = {}
[22:33:22.294] [DEBUG] _find_record: record 6ed623ec1bace2d7: version_keys = {}
[22:33:22.294] [DEBUG] _find_record: record 7ca7d411c890a255: version_keys = {}
[22:33:22.294] [DEBUG] _find_record: record 4aca3c0a187e1d0b: version_keys = {}
[22:33:22.294] [DEBUG] _find_record: record 6d8e87dbdec139aa: version_keys = {}
[22:33:22.294] [DEBUG] _find_record: record a53448a346ff7a4f: version_keys = {}
[22:33:22.294] [DEBUG] _find_record: record ccece23693d4e938: version_keys = {}
[22:33:22.294] [DEBUG] _find_record: record d39a9ca90b3edc14: version_keys = {}
[22:33:22.294] [DEBUG] _find_record: record b77ae85591d353ad: version_keys = {}
[22:33:22.294] [DEBUG] _find_record: record 8135828aeb1b15d0: version_keys = {}
[22:33:22.294] [DEBUG] _find_record: record 9fd9ca60b3a651fa: version_keys = {}
[22:33:22.294] [DEBUG] _find_record: record 297eab56073fc11a: version_keys = {}
[22:33:22.294] [DEBUG] _find_record: record 38f96b96bd1455d6: version_keys = {}
[22:33:22.294] [DEBUG] _find_record: record f949a1412052f03b: version_keys = {}
[22:33:22.294] [DEBUG] _find_record: record a7365d7ee4bf22ed: version_keys = {}
[22:33:22.294] [DEBUG] _find_record: record 6ce1ebb94070fb1b: version_keys = {}
[22:33:22.294] [DEBUG] _find_record: record e0f803474c735cba: version_keys = {}
[22:33:22.294] [DEBUG] _find_record: record 6e6bc84b5396c851: version_keys = {}
[22:33:22.294] [DEBUG] _find_record: record 80bc5b31aebe6515: version_keys = {}
[22:33:22.294] [DEBUG] _find_record: record 34a79495a77c6ce2: version_keys = {}
[22:33:22.294] [DEBUG] _find_record: record fd660ab108f63423: version_keys = {}
[22:33:22.294] [DEBUG] _find_record: record f6f177db54a68974: version_keys = {}
[22:33:22.294] [DEBUG] _find_record: record 87464f62e79215f4: version_keys = {}
[22:33:22.295] [DEBUG] _find_record: record c6d45a8b990350fe: version_keys = {}
[22:33:22.295] [DEBUG] _find_record: record 60897a363f7eaee0: version_keys = {}
[22:33:22.295] [DEBUG] _find_record: record 3e04828c9384a10c: version_keys = {}
[22:33:22.295] [DEBUG] _find_record: record b93b650d9803a683: version_keys = {}
[22:33:22.295] [DEBUG] _find_record: record e26fe35e13984b06: version_keys = {}
[22:33:22.295] [DEBUG] _find_record: record 0267745413031ac4: version_keys = {}
[22:33:22.295] [DEBUG] _find_record: record 5f6a109ef7a9e60d: version_keys = {}
[22:33:22.295] [DEBUG] _find_record: record f4d7f619928fe086: version_keys = {}
[22:33:22.295] [DEBUG] _find_record: record 1365d4046c5eea3b: version_keys = {}
[22:33:22.295] [DEBUG] _find_record: record 2b8d13830446b213: version_keys = {}
[22:33:22.295] [DEBUG] _find_record: record 295389424048f875: version_keys = {}
[22:33:22.295] [DEBUG] _find_record: record c07a5b942c85e19f: version_keys = {}
[22:33:22.295] [DEBUG] _find_record: record 8a379b98a0964d0f: version_keys = {}
[22:33:22.295] [DEBUG] _find_record: record f387c52dc0706a8e: version_keys = {}
[22:33:22.295] [DEBUG] _find_record: record 3f608faf9f677ad0: version_keys = {}
[22:33:22.295] [DEBUG] _find_record: record 2e7712285c3af04a: version_keys = {}
[22:33:22.295] [DEBUG] _find_record: record 98ac96ce87c416bf: version_keys = {}
[22:33:22.295] [DEBUG] _find_record: record 7229f43e02b6b307: version_keys = {}
[22:33:22.295] [DEBUG] _find_record: record d7d1ab98c224bb7d: version_keys = {}
[22:33:22.295] [DEBUG] _find_record: record 0b2c2e20dfac13f6: version_keys = {}
[22:33:22.295] [DEBUG] _find_record: record ca782dc854a22a24: version_keys = {}
[22:33:22.295] [DEBUG] _find_record: record e41de933dc89ee57: version_keys = {}
[22:33:22.295] [DEBUG] _find_record: record a9f50dce3607b92b: version_keys = {}
[22:33:22.295] [DEBUG] _find_record: record aaecddc680bda8c5: version_keys = {}
[22:33:22.295] [DEBUG] _find_record: record c3d00055e17f9e8f: version_keys = {}
[22:33:22.295] [DEBUG] _find_record: record 008d00c6d0fc77f7: version_keys = {}
[22:33:22.295] [DEBUG] _find_record: record c12e95d68ae283e8: version_keys = {}
[22:33:22.295] [DEBUG] _find_record: record f6a105599cba6deb: version_keys = {}
[22:33:22.295] [DEBUG] _find_record: record eb176926331f9117: version_keys = {}
[22:33:22.296] [DEBUG] _find_record: record 5ec68ba4ad80fe28: version_keys = {}
[22:33:22.296] [DEBUG] _find_record: record 134235b49a1ebbd1: version_keys = {}
[22:33:22.296] [DEBUG] _find_record: record ee11ab765ef03aa7: version_keys = {}
[22:33:22.296] [DEBUG] _find_record: record 64da0d1bf710abde: version_keys = {}
[22:33:22.296] [DEBUG] _find_record: record d8fc008dc8da4aac: version_keys = {}
[22:33:22.296] [DEBUG] _find_record: record b3286047a25b5eff: version_keys = {}
[22:33:22.296] [DEBUG] _find_record: record a70ce9848cc80941: version_keys = {}
[22:33:22.296] [DEBUG] _find_record: record 3c943a4107488ab8: version_keys = {}
[22:33:22.296] [DEBUG] _find_record: record e484573dafd11b85: version_keys = {}
[22:33:22.296] [DEBUG] _find_record: record f8cd3fa6ee03a39f: version_keys = {}
[22:33:22.296] [DEBUG] _find_record: record f77def42bc16d1a8: version_keys = {}
[22:33:22.296] [DEBUG] _find_record: record 318b1175169312a8: version_keys = {}
[22:33:22.296] [DEBUG] _find_record: record 5b6cc193776b8246: version_keys = {}
[22:33:22.296] [DEBUG] _find_record: record 360fae8e85a1dc2c: version_keys = {}
[22:33:22.296] [DEBUG] _find_record: record aa96eb00d20e005a: version_keys = {}
[22:33:22.296] [DEBUG] _find_record: record b41c1e0a7187a67c: version_keys = {}
[22:33:22.296] [DEBUG] _find_record: record de377fbb4c3d9b8b: version_keys = {}
[22:33:22.296] [DEBUG] _find_record: record 2f87523a4b6f38f6: version_keys = {}
[22:33:22.296] [DEBUG] _find_record: record a71762bd34936a3f: version_keys = {}
[22:33:22.296] [DEBUG] _find_record: record 97e88c23662bc5cb: version_keys = {}
[22:33:22.296] [DEBUG] _find_record: record ffa39368c7485f9b: version_keys = {}
[22:33:22.296] [DEBUG] _find_record: record 598d59e96e2617d0: version_keys = {}
[22:33:22.296] [DEBUG] _find_record: record 80c26e58b322f089: version_keys = {}
[22:33:22.296] [DEBUG] _find_record: record c8e5b8e673d4284f: version_keys = {}
[22:33:22.296] [DEBUG] _find_record: record f6ab640d6c321dfe: version_keys = {}
[22:33:22.296] [DEBUG] _find_record: record abfd27d71d306c23: version_keys = {}
[22:33:22.296] [DEBUG] _find_record: record c67beb919763dd40: version_keys = {}
[22:33:22.296] [DEBUG] _find_record: record 5729094bae2a46bd: version_keys = {}
[22:33:22.296] [DEBUG] _find_record: record bd417a8ff6fcf2db: version_keys = {}
[22:33:22.296] [DEBUG] _find_record: record 913f8fd2b55b8238: version_keys = {}
[22:33:22.297] [DEBUG] _find_record: record 7fffcc791088f4a9: version_keys = {}
[22:33:22.297] [DEBUG] _find_record: record 8758ccccfd1973f7: version_keys = {}
[22:33:22.297] [DEBUG] _find_record: record 16490b72359917de: version_keys = {}
[22:33:22.297] [DEBUG] _find_record: record 77fdbe28da649588: version_keys = {}
[22:33:22.297] [DEBUG] _find_record: record a06b64ff9164fb2c: version_keys = {}
[22:33:22.297] [DEBUG] _find_record: record 48f46a8669cf45d8: version_keys = {}
[22:33:22.297] [DEBUG] _find_record: record dfa9de5ed597d9e1: version_keys = {}
[22:33:22.297] [DEBUG] _find_record: record 2e389d6c893a9817: version_keys = {}
[22:33:22.297] [DEBUG] _find_record: record 992b55ce8cdeae60: version_keys = {}
[22:33:22.297] [DEBUG] _find_record: record 9adf1182d1dc30ed: version_keys = {}
[22:33:22.297] [DEBUG] _find_record: record 78cb033b95762e4f: version_keys = {}
[22:33:22.297] [DEBUG] _find_record: record 8e098821a3ddab9b: version_keys = {}
[22:33:22.297] [DEBUG] _find_record: record 6239291f117171dc: version_keys = {}
[22:33:22.297] [DEBUG] _find_record: record 92a8a3b699a1597d: version_keys = {}
[22:33:22.297] [DEBUG] _find_record: record b1b45523925dcda1: version_keys = {}
[22:33:22.297] [DEBUG] _find_record: record 60c0ebd9bbaab8b7: version_keys = {}
[22:33:22.297] [DEBUG] _find_record: record bf84b1305089996d: version_keys = {}
[22:33:22.297] [DEBUG] _find_record: record bd79af126f3c1436: version_keys = {}
[22:33:22.297] [DEBUG] _find_record: record 40cd529a494d1ac3: version_keys = {}
[22:33:22.297] [DEBUG] _find_record: record b3dd02760b0310bf: version_keys = {}
[22:33:22.297] [DEBUG] _find_record: record 8b7bcbd31596a607: version_keys = {}
[22:33:22.297] [DEBUG] _find_record: record 964c9f32e90f3dbb: version_keys = {}
[22:33:22.297] [DEBUG] _find_record: record 64d697f5df5fffb0: version_keys = {}
[22:33:22.297] [DEBUG] _find_record: record 3fd161459c0b7f6a: version_keys = {}
[22:33:22.297] [DEBUG] _find_record: record 57f6e1c779a8ed08: version_keys = {}
[22:33:22.297] [DEBUG] _find_record: record 444d688c12c643e5: version_keys = {}
[22:33:22.297] [DEBUG] _find_record: record 4cdbf659a2414d9a: version_keys = {}
[22:33:22.298] [DEBUG] _find_record: record c66662490f4475ce: version_keys = {}
[22:33:22.298] [DEBUG] _find_record: record 655581c3bd107c6b: version_keys = {}
[22:33:22.298] [DEBUG] _find_record: record 85de674ed2b53936: version_keys = {}
[22:33:22.298] [DEBUG] _find_record: record 8e535f8580475adb: version_keys = {}
[22:33:22.298] [DEBUG] _find_record: record 3ba64d936a3faac4: version_keys = {}
[22:33:22.298] [DEBUG] _find_record: record 03283b1c76eb36fc: version_keys = {}
[22:33:22.298] [DEBUG] _find_record: record 17099874b9dcc8d0: version_keys = {}
[22:33:22.298] [DEBUG] _find_record: record ed575eabc8a6ae74: version_keys = {}
[22:33:22.298] [DEBUG] _find_record: record 8d85c9f02feeb186: version_keys = {}
[22:33:22.298] [DEBUG] _find_record: record fb01f4dbea93141f: version_keys = {}
[22:33:22.298] [DEBUG] _find_record: record fabf8ee039b20f5d: version_keys = {}
[22:33:22.298] [DEBUG] _find_record: record 8a2a9d1d14921c1a: version_keys = {}
[22:33:22.298] [DEBUG] _find_record: record 48222850b443e1dc: version_keys = {}
[22:33:22.298] [DEBUG] _find_record: record 7445bd29ac412dd9: version_keys = {}
[22:33:22.298] [DEBUG] _find_record: record 16056b0ee6d07c32: version_keys = {}
[22:33:22.298] [DEBUG] _find_record: record 33d2a0696e0fd154: version_keys = {}
[22:33:22.298] [DEBUG] _find_record: record b7c2483d0e112f1f: version_keys = {}
[22:33:22.298] [DEBUG] _find_record: record 039bf7b717a40c3f: version_keys = {}
[22:33:22.298] [DEBUG] _find_record: record 41b3241df1304bc9: version_keys = {}
[22:33:22.298] [DEBUG] _find_record: record 9683c445c4aa3462: version_keys = {}
[22:33:22.298] [DEBUG] _find_record: record 3d1c44a975aa930a: version_keys = {}
[22:33:22.298] [DEBUG] _find_record: record 7332ffff9970a28c: version_keys = {}
[22:33:22.298] [DEBUG] _find_record: record e22fc8a7cfe48733: version_keys = {}
[22:33:22.298] [DEBUG] _find_record: record 78506c6cd20e3353: version_keys = {}
[22:33:22.298] [DEBUG] _find_record: record e20f9bc4dc11483c: version_keys = {}
[22:33:22.298] [DEBUG] _find_record: record 7eb7bd518d5b9d82: version_keys = {}
[22:33:22.298] [DEBUG] _find_record: record 0a1de142f82d646d: version_keys = {}
[22:33:22.298] [DEBUG] _find_record: record 54936b99e0aa9786: version_keys = {}
[22:33:22.299] [DEBUG] _find_record: record b5f596a14909bf28: version_keys = {}
[22:33:22.299] [DEBUG] _find_record: record 8c4f8d88bb1054da: version_keys = {}
[22:33:22.299] [DEBUG] _find_record: record 0db75ce03f86545e: version_keys = {}
[22:33:22.299] [DEBUG] _find_record: record 80d2bc729bda83b8: version_keys = {}
[22:33:22.299] [DEBUG] _find_record: record fee5a7214697e18c: version_keys = {}
[22:33:22.299] [DEBUG] _find_record: record 54c7e24dc78acdda: version_keys = {}
[22:33:22.299] [DEBUG] _find_record: record 391616a38dc7f738: version_keys = {}
[22:33:22.299] [DEBUG] _find_record: record 06f0b01d1603bce1: version_keys = {}
[22:33:22.299] [DEBUG] _find_record: record ebfd2129019c5ab2: version_keys = {}
[22:33:22.299] [DEBUG] _find_record: record 19e70656e93c3d09: version_keys = {}
[22:33:22.299] [DEBUG] _find_record: record 35ca1e7373d7f8d4: version_keys = {}
[22:33:22.299] [DEBUG] _find_record: record 9e2c3ec2bdb5d3c0: version_keys = {}
[22:33:22.299] [DEBUG] _find_record: record 23767ceba21e560f: version_keys = {}
[22:33:22.299] [DEBUG] _find_record: record 662fd778b26f7d4a: version_keys = {}
[22:33:22.299] [DEBUG] _find_record: record b44060d443698d37: version_keys = {}
[22:33:22.299] [DEBUG] _find_record: record 1271912855fa01cd: version_keys = {}
[22:33:22.299] [DEBUG] _find_record: record 5ea5a6b9e73cb6c1: version_keys = {}
[22:33:22.299] [DEBUG] _find_record: record e73a90a57ada52f7: version_keys = {}
[22:33:22.299] [DEBUG] _find_record: record 0991efb2c6e23f44: version_keys = {}
[22:33:22.299] [DEBUG] _find_record: record 9a49c2cdd3084fcb: version_keys = {}
[22:33:22.299] [DEBUG] _find_record: record 14c4d9d780a5437b: version_keys = {}
[22:33:22.299] [DEBUG] _find_record: record 857e868088cdba79: version_keys = {}
[22:33:22.299] [DEBUG] _find_record: record e7a3f06d0d8764f8: version_keys = {}
[22:33:22.299] [DEBUG] _find_record: record 14a4e9eeb4626a48: version_keys = {}
[22:33:22.299] [DEBUG] _find_record: record 25af72a14becd4cf: version_keys = {}
[22:33:22.299] [DEBUG] _find_record: record 5f4586fe21404afd: version_keys = {}
[22:33:22.299] [DEBUG] _find_record: record fe39724a33157772: version_keys = {}
[22:33:22.299] [DEBUG] _find_record: record 977c601d8d6a0065: version_keys = {}
[22:33:22.299] [DEBUG] _find_record: record d95bfd498104dacd: version_keys = {}
[22:33:22.300] [DEBUG] _find_record: record ad5e9f90cfd291f8: version_keys = {}
[22:33:22.300] [DEBUG] _find_record: record 1bbe60ebd8a3804c: version_keys = {}
[22:33:22.300] [DEBUG] _find_record: record bf2835c9fcb0b6b1: version_keys = {}
[22:33:22.300] [DEBUG] _find_record: record 11817428b2e7ede6: version_keys = {}
[22:33:22.300] [DEBUG] _find_record: record 3e96d8def0861fc3: version_keys = {}
[22:33:22.300] [DEBUG] _find_record: record 81807272846322c4: version_keys = {}
[22:33:22.300] [DEBUG] _find_record: record aaf1d7b73d97104e: version_keys = {}
[22:33:22.300] [DEBUG] _find_record: record 44beb194cf6f3baf: version_keys = {}
[22:33:22.300] [DEBUG] _find_record: record a01e138d38d05968: version_keys = {}
[22:33:22.300] [DEBUG] _find_record: record 79b272298a2b0995: version_keys = {}
[22:33:22.300] [DEBUG] _find_record: record 5b0aac4d99948165: version_keys = {}
[22:33:22.300] [DEBUG] _find_record: record 6a19cc94686d504c: version_keys = {}
[22:33:22.300] [DEBUG] _find_record: record dffe1415dc0bf60d: version_keys = {}
[22:33:22.300] [DEBUG] _find_record: record e213f079bfb0b1d1: version_keys = {}
[22:33:22.300] [DEBUG] _find_record: record e395cd82a52d22c9: version_keys = {}
[22:33:22.300] [DEBUG] _find_record: record c734ac957acfbbc4: version_keys = {}
[22:33:22.300] [DEBUG] _find_record: record d8b8c868ac76eadf: version_keys = {}
[22:33:22.300] [DEBUG] _find_record: record 3346f49a15a96dec: version_keys = {}
[22:33:22.300] [DEBUG] _find_record: record bb46f8fd4fa38a06: version_keys = {}
[22:33:22.300] [DEBUG] _find_record: record c35e11ec09861ae3: version_keys = {}
[22:33:22.300] [DEBUG] _find_record: record c2c8d3a1f1fdc92c: version_keys = {}
[22:33:22.300] [DEBUG] _find_record: record 7abc4cdeff0f9f1a: version_keys = {}
[22:33:22.300] [DEBUG] _find_record: record fed15a61d3f4baad: version_keys = {}
[22:33:22.300] [DEBUG] _find_record: record 618d8bd858c357de: version_keys = {}
[22:33:22.300] [DEBUG] _find_record: record 909d4f7a2b97f21c: version_keys = {}
[22:33:22.300] [DEBUG] _find_record: record c19b742b215746f3: version_keys = {}
[22:33:22.301] [DEBUG] _find_record: record 5d6ddf3e69db193d: version_keys = {}
[22:33:22.301] [DEBUG] _find_record: record 07930dd30d3441f2: version_keys = {}
[22:33:22.301] [DEBUG] _find_record: record 50e2ffadea410c0c: version_keys = {}
[22:33:22.301] [DEBUG] _find_record: record f31b026a906b2b1e: version_keys = {}
[22:33:22.301] [DEBUG] _find_record: record 6cd0765530200941: version_keys = {}
[22:33:22.301] [DEBUG] _find_record: record b252d9918821b9dc: version_keys = {}
[22:33:22.301] [DEBUG] _find_record: record fe2c400b8222bb8c: version_keys = {}
[22:33:22.301] [DEBUG] _find_record: record c6860c3927d2e60b: version_keys = {}
[22:33:22.301] [DEBUG] _find_record: record 7922a2458ba432e5: version_keys = {}
[22:33:22.301] [DEBUG] _find_record: record dd173ee3b4e1bdc5: version_keys = {}
[22:33:22.301] [DEBUG] _find_record: record ebb222d43d28fdf7: version_keys = {}
[22:33:22.301] [DEBUG] _find_record: record 388fb789c9799571: version_keys = {}
[22:33:22.301] [DEBUG] _find_record: record 848482651c73811a: version_keys = {}
[22:33:22.301] [DEBUG] _find_record: record f5d93a4021c941ca: version_keys = {}
[22:33:22.301] [DEBUG] _find_record: record 417b34388a1c4fec: version_keys = {}
[22:33:22.301] [DEBUG] _find_record: record f1fb46abc2ea356a: version_keys = {}
[22:33:22.301] [DEBUG] _find_record: record 3c083de52b99b67c: version_keys = {}
[22:33:22.301] [DEBUG] _find_record: record 9dee5361e6fa7fc9: version_keys = {}
[22:33:22.301] [DEBUG] _find_record: record e8a6c4c356953723: version_keys = {}
[22:33:22.301] [DEBUG] _find_record: record a3bf17c26388979d: version_keys = {}
[22:33:22.301] [DEBUG] _find_record: record 5872fb45920a4729: version_keys = {}
[22:33:22.301] [DEBUG] _find_record: record cba2f05da35ba609: version_keys = {}
[22:33:22.301] [DEBUG] _find_record: record cd6752d2b173418a: version_keys = {}
[22:33:22.301] [DEBUG] _find_record: record 7a4cfa7e8271fbc3: version_keys = {}
[22:33:22.301] [DEBUG] _find_record: record 17df8a5f8c711eb5: version_keys = {}
[22:33:22.301] [DEBUG] _find_record: record c47d36681cbfaf9a: version_keys = {}
[22:33:22.301] [DEBUG] _find_record: record e8207e01fdb91e07: version_keys = {}
[22:33:22.301] [DEBUG] _find_record: record 95bc8cc5c2abbc24: version_keys = {}
[22:33:22.301] [DEBUG] _find_record: record fb07fdf10ed6f7b6: version_keys = {}
[22:33:22.302] [DEBUG] _find_record: record c64c8d115a8700c5: version_keys = {}
[22:33:22.302] [DEBUG] _find_record: record 80c8c74eeac9e927: version_keys = {}
[22:33:22.302] [DEBUG] _find_record: record 8cbb395895b41b11: version_keys = {}
[22:33:22.302] [DEBUG] _find_record: record 3b96f57e6cdbcc43: version_keys = {}
[22:33:22.302] [DEBUG] _find_record: record e08ca64963bab49c: version_keys = {}
[22:33:22.302] [DEBUG] _find_record: record c5c9675c2dc98735: version_keys = {}
[22:33:22.302] [DEBUG] _find_record: record 33a7a36a64f88d0c: version_keys = {}
[22:33:22.302] [DEBUG] _find_record: record c10610a61731abc3: version_keys = {}
[22:33:22.302] [DEBUG] _find_record: record 041adf0d50a31898: version_keys = {}
[22:33:22.302] [DEBUG] _find_record: record 484bf6b213d7b442: version_keys = {}
[22:33:22.302] [DEBUG] _find_record: record a1811a4c9b0dffd9: version_keys = {}
[22:33:22.302] [DEBUG] _find_record: record 4c87fe0f78a4b23b: version_keys = {}
[22:33:22.302] [DEBUG] _find_record: record 0b9b354cca3558ea: version_keys = {}
[22:33:22.302] [DEBUG] _find_record: record bc6503da68f4739f: version_keys = {}
[22:33:22.302] [DEBUG] _find_record: record ec0d77e771f471c7: version_keys = {}
[22:33:22.302] [DEBUG] _find_record: record 65e02df6ac994fca: version_keys = {}
[22:33:22.302] [DEBUG] _find_record: record b8dfc5c0b0073eb6: version_keys = {}
[22:33:22.302] [DEBUG] _find_record: record 692e6294bdae110d: version_keys = {}
[22:33:22.302] [DEBUG] _find_record: record 8de17a8d0a694a09: version_keys = {}
[22:33:22.302] [DEBUG] _find_record: record 11f691a44166e4d5: version_keys = {}
[22:33:22.302] [DEBUG] _find_record: record a61909be2a0e0e6f: version_keys = {}
[22:33:22.302] [DEBUG] _find_record: record 2871ec44f6783af4: version_keys = {}
[22:33:22.302] [DEBUG] _find_record: record f3b6a2b59aa4ff01: version_keys = {}
[22:33:22.302] [DEBUG] _find_record: record cc6cbd5e4897e8e5: version_keys = {}
[22:33:22.302] [DEBUG] _find_record: record 74a9c1f393bb9e1b: version_keys = {}
[22:33:22.302] [DEBUG] _find_record: record 54d6e6ea5895ece8: version_keys = {}
[22:33:22.302] [DEBUG] _find_record: record 3339ef6216aa519c: version_keys = {}
[22:33:22.303] [DEBUG] _find_record: record 23c3db34084b2a66: version_keys = {}
[22:33:22.303] [DEBUG] _find_record: record 3af9926badd8ddc1: version_keys = {}
[22:33:22.303] [DEBUG] _find_record: record 02e144b97a4cf17d: version_keys = {}
[22:33:22.303] [DEBUG] _find_record: record 95609a6173f5336e: version_keys = {}
[22:33:22.303] [DEBUG] _find_record: record 9dabf021c8bdd188: version_keys = {}
[22:33:22.303] [DEBUG] _find_record: record bbf491a79dfb40f7: version_keys = {}
[22:33:22.303] [DEBUG] _find_record: record e0e74fa1f19fe095: version_keys = {}
[22:33:22.303] [DEBUG] _find_record: record 7626ee449a928379: version_keys = {}
[22:33:22.303] [DEBUG] _find_record: record d723f90af528f0ea: version_keys = {}
[22:33:22.303] [DEBUG] _find_record: record cacfe7f857da6ccf: version_keys = {}
[22:33:22.303] [DEBUG] _find_record: record 40e38b95a5dd5dd4: version_keys = {}
[22:33:22.303] [DEBUG] _find_record: record c8ba4e12670c0ea3: version_keys = {}
[22:33:22.303] [DEBUG] _find_record: record 9f9ddd359957c6dd: version_keys = {}
[22:33:22.303] [DEBUG] _find_record: record 47238e6e377484f7: version_keys = {}
[22:33:22.303] [DEBUG] _find_record: record 182091a2fab93c8e: version_keys = {}
[22:33:22.303] [DEBUG] _find_record: record f7b2de21facdb2f6: version_keys = {}
[22:33:22.303] [DEBUG] _find_record: record dffe40ca719a4421: version_keys = {}
[22:33:22.303] [DEBUG] _find_record: record bcb66e321322e2ae: version_keys = {}
[22:33:22.303] [DEBUG] _find_record: record c784b3e9280585ae: version_keys = {}
[22:33:22.303] [DEBUG] _find_record: record 58abae0679edbbd1: version_keys = {}
[22:33:22.303] [DEBUG] _find_record: record fce35d5c405a5b44: version_keys = {}
[22:33:22.303] [DEBUG] _find_record: record 3c38417135a67098: version_keys = {}
[22:33:22.304] [DEBUG] _find_record: record 856937d2dfa435c0: version_keys = {}
[22:33:22.304] [DEBUG] _find_record: record feae460ccc0d3471: version_keys = {}
[22:33:22.304] [DEBUG] _find_record: record bf4baf7e8170c9c0: version_keys = {}
[22:33:22.304] [DEBUG] _find_record: record 5817872622b313cf: version_keys = {}
[22:33:22.304] [DEBUG] _find_record: record 3599312c763d48eb: version_keys = {}
[22:33:22.304] [DEBUG] _find_record: record 579d006f866f38c7: version_keys = {}
[22:33:22.304] [DEBUG] _find_record: record 1cdef2e670e909df: version_keys = {}
[22:33:22.304] [DEBUG] _find_record: record 41a0ad1529a80a6a: version_keys = {}
[22:33:22.304] [DEBUG] _find_record: record 70d7cc052525b2d7: version_keys = {}
[22:33:22.304] [DEBUG] _find_record: record 321490cb8b001d27: version_keys = {}
[22:33:22.304] [DEBUG] _find_record: record a700f4a091d8df24: version_keys = {}
[22:33:22.304] [DEBUG] _find_record: record 4cc432129a64d71e: version_keys = {}
[22:33:22.304] [DEBUG] _find_record: record fcfd14cc14505271: version_keys = {}
[22:33:22.304] [DEBUG] _find_record: record c32572e6ee72970f: version_keys = {}
[22:33:22.304] [DEBUG] _find_record: record 5c3cd00d47ba24f9: version_keys = {}
[22:33:22.305] [DEBUG] _find_record: record b1666694b19e8416: version_keys = {}
[22:33:22.305] [DEBUG] _find_record: record 22fd4f61417bd642: version_keys = {}
[22:33:22.305] [DEBUG] _find_record: record c78566c07bf3ccf3: version_keys = {}
[22:33:22.305] [DEBUG] _find_record: record d788b517a6847d03: version_keys = {}
[22:33:22.305] [DEBUG] _find_record: record 495829e43b7906e3: version_keys = {}
[22:33:22.305] [DEBUG] _find_record: record 16c1b4c7c01b12a2: version_keys = {}
[22:33:22.305] [DEBUG] _find_record: record c5e3305c627a9b24: version_keys = {}
[22:33:22.305] [DEBUG] _find_record: record 0165a48d22f2c3b5: version_keys = {}
[22:33:22.305] [DEBUG] _find_record: record d61ccbf8d4f18663: version_keys = {}
[22:33:22.305] [DEBUG] _find_record: record adba45e3e7aec633: version_keys = {}
[22:33:22.305] [DEBUG] _find_record: record 18321157bc486c83: version_keys = {}
[22:33:22.305] [DEBUG] _find_record: record d8e5c9b19e2c79f5: version_keys = {}
[22:33:22.305] [DEBUG] _find_record: record b022b4bfe1c25428: version_keys = {}
[22:33:22.305] [DEBUG] _find_record: record 525510c3ccbd99c7: version_keys = {}
[22:33:22.305] [DEBUG] _find_record: record 9303c9a0ec93e170: version_keys = {}
[22:33:22.305] [DEBUG] _find_record: record bb3703abe33618fa: version_keys = {}
[22:33:22.305] [DEBUG] _find_record: record 537aff60cb6c9e5a: version_keys = {}
[22:33:22.305] [DEBUG] _find_record: record 7cb333aa52a688a1: version_keys = {}
[22:33:22.305] [DEBUG] _find_record: record 287239a31ef3ecbe: version_keys = {}
[22:33:22.305] [DEBUG] _find_record: record 1f8148368b1a9571: version_keys = {}
[22:33:22.305] [DEBUG] _find_record: record 1f0bc97e94de26de: version_keys = {}
[22:33:22.305] [DEBUG] _find_record: record 8c829e775426ef6c: version_keys = {}
[22:33:22.305] [DEBUG] _find_record: record ecb6261378c4b3a5: version_keys = {}
[22:33:22.305] [DEBUG] _find_record: record d94cf805be125f42: version_keys = {}
[22:33:22.306] [DEBUG] _find_record: record 6bec1b7cd7579320: version_keys = {}
[22:33:22.306] [DEBUG] _find_record: record 2a1ef41362f08868: version_keys = {}
[22:33:22.306] [DEBUG] _find_record: record 3a8332c04eac4e70: version_keys = {}
[22:33:22.323] [DEBUG] _find_record(DummyMixed): 7000 record(s) matched (before branch_params filter)
[22:33:22.336] [INFO] [timing] _find_record(DummyMixed, version_id='latest'): total=0.282s, sql=0.012s (7000 rows), collapse=0.257s, vk_filter=0.000s, bp_filter=0.000s, sort=0.013s, returned=7000 rows
[22:33:22.768] [INFO] [timing] load_all_as_df(DummyMixed): 7000 records, layout='spread', sql=0.301s, total=0.714s
[22:33:22.771] [INFO] [timing] _load_var_type_as_spread(DummyMixed): 7000 rows x 60 cols in 0.718s (fast path)
[22:33:22.771] [INFO] input 'x': loaded DummyMixed -> 7000 rows, 60 cols in 0.718s
[22:33:22.771] [INFO] loaded 1 inputs in 0.718s
[22:33:22.771] [INFO] [scidb] loaded 1 DataFrame input(s), 0 other(s)
[22:33:22.771] [INFO] [scidb] Step 11: building variant tracking (rid->branch_params mapping)
[22:33:22.780] [INFO] [scidb] variant tracking: 7000 record_id(s) mapped, 1 rid key(s): ['__rid_x'], 0 fixed input rid(s): []
[22:33:22.782] [INFO] [scidb] Step 12: expanding combos with record-ID variants
[22:33:22.782] [INFO] [scidb] Step 12: all_combos=7000, _discovered_combos=None
[22:33:22.783] [INFO] [scidb] full iteration mode: all schema keys being iterated
[22:33:22.878] [DEBUG] expanding combos: 7000 base combos, 1 rid dimensions
[22:33:22.885] [DEBUG] 7000 combos (no rid expansion needed)
[22:33:22.885] [INFO] [scidb] Step 13: persisting 7000 expected combo(s) to _for_each_expected table
[22:33:26.992] [DEBUG] _persist_expected_combos(dummy_return_one, call_id=94295c89bb0d82bf): replaced 0 -> wrote 7000 expected combos
[22:33:26.993] [INFO] [scidb] Step 14: no pre-combo hook provided, skipping
[22:33:26.993] [INFO] [scidb] Step 15: extending scifor schema from 4 to 5 keys (added 1 rid keys)
[22:33:27.002] [INFO] [bridge] for_each_prepare returning: full_combos=7000, extended_metadata_iterables keys=['subject', 'session', 'speed', 'trial', 'x__rid_x'], meta sizes=[20, 5, 10, 7, 7000]
[22:33:27.005] [INFO] for_each_prepare returned in 4.967s
