[10:13:35.667] [INFO] configure_database: path=/private/var/folders/hx/ql6ztbg12wg_5d8k27g3wxq40000gn/T/tp79641776_ff5a_436f_a9c9_56538ef88b16/test.duckdb, schema_keys=['subject', 'session', 'speed', 'trial']
[10:13:35.669] [INFO] MATLAB: configure_database — DuckDB lock ACQUIRED: /private/var/folders/hx/ql6ztbg12wg_5d8k27g3wxq40000gn/T/tp79641776_ff5a_436f_a9c9_56538ef88b16/test.duckdb
[10:13:47.050] [INFO] [timing] save_from_table(DummyMixed): data_convert=1.960s, mode=vertcat, n=7000
[10:13:47.244] [DEBUG] [timing] save_batch_bridge(DummyMixed): n=7000, mode=vertcat_df, split=0.176s, assembly=0.004s
[10:13:47.245] [INFO] save_batch(DummyMixed): 7000 items, mode=dataframe, data: DataFrame 1x54 cols=['dbl_01', 'dbl_02', 'dbl_03', 'dbl_04', 'dbl_05', 'dbl_06', 'dbl_07', 'dbl_08', 'dbl_09', 'dbl_10', 'dbl_11', 'dbl_12', 'dbl_13', 'dbl_14', 'dbl_15', 'dbl_16', 'dbl_17', 'dbl_18', 'dbl_19', 'dbl_20', 'dbl_21', 'dbl_22', 'dbl_23', 'dbl_24', 'dbl_25', 'dbl_26', 'dbl_27', 'arr_01', 'arr_02', 'arr_03', 'arr_04', 'arr_05', 'arr_06', 'arr_07', 'arr_08', 'arr_09', 'arr_10', 'arr_11', 'arr_12', 'arr_13', 'arr_14', 'arr_15', 'arr_16', 'arr_17', 'arr_18', 'arr_19', 'arr_20', 'arr_21', 'arr_22', 'arr_23', 'arr_24', 'arr_25', 'json_01', 'json_02'], DuckDB columns: [dbl_01: DOUBLE, dbl_02: DOUBLE, dbl_03: DOUBLE, dbl_04: DOUBLE, dbl_05: DOUBLE, dbl_06: DOUBLE, dbl_07: DOUBLE, dbl_08: DOUBLE, dbl_09: DOUBLE, dbl_10: DOUBLE, dbl_11: DOUBLE, dbl_12: DOUBLE, dbl_13: DOUBLE, dbl_14: DOUBLE, dbl_15: DOUBLE, dbl_16: DOUBLE, dbl_17: DOUBLE, dbl_18: DOUBLE, dbl_19: DOUBLE, dbl_20: DOUBLE, dbl_21: DOUBLE, dbl_22: DOUBLE, dbl_23: DOUBLE, dbl_24: DOUBLE, dbl_25: DOUBLE, dbl_26: DOUBLE, dbl_27: DOUBLE, arr_01: DOUBLE[], arr_02: DOUBLE[], arr_03: DOUBLE[], arr_04: DOUBLE[], arr_05: DOUBLE[], arr_06: DOUBLE[], arr_07: DOUBLE[], arr_08: DOUBLE[], arr_09: DOUBLE[], arr_10: DOUBLE[], arr_11: DOUBLE[], arr_12: DOUBLE[], arr_13: DOUBLE[], arr_14: DOUBLE[], arr_15: DOUBLE[], arr_16: DOUBLE[], arr_17: DOUBLE[], arr_18: DOUBLE[], arr_19: DOUBLE[], arr_20: DOUBLE[], arr_21: DOUBLE[], arr_22: DOUBLE[], arr_23: DOUBLE[], arr_24: DOUBLE[], arr_25: DOUBLE[], json_01: JSON, json_02: JSON]
[10:13:51.771] [INFO] [timing] save_batch(DummyMixed): 7000 items (7000 new rows, 7000 total storage rows), 7000 schemas, 4.526s
[10:13:51.771] [DEBUG]   save_batch 1_setup                        0.005s
[10:13:51.771] [DEBUG]   save_batch 2_split_metadata               0.018s
[10:13:51.771] [DEBUG]   save_batch 3_schema_resolution            0.063s
[10:13:51.771] [DEBUG]   save_batch 4_per_row_hashing              0.554s
[10:13:51.771] [DEBUG]   save_batch 4a_canonical_hash              0.288s
[10:13:51.771] [DEBUG]   save_batch 4b_record_id                   0.069s
[10:13:51.771] [DEBUG]   save_batch 4c_storage_row                 0.182s
[10:13:51.771] [DEBUG]   save_batch 4d_meta_row                    0.001s
[10:13:51.771] [DEBUG]   save_batch 5_dedup_check                  0.048s
[10:13:51.771] [DEBUG]   save_batch 6a_data_df_create              0.013s
[10:13:51.771] [DEBUG]   save_batch 6b_data_insert                 0.125s
[10:13:51.771] [DEBUG]   save_batch 6c_meta_insert                 3.521s
[10:13:51.771] [DEBUG]   save_batch 6d_variables_upsert            0.002s
[10:13:51.772] [DEBUG]   save_batch 6e_commit                      0.176s
[10:13:51.772] [DEBUG]   save_batch 6_batch_inserts                3.838s
[10:13:51.772] [DEBUG]   save_batch total                          4.526s
[10:13:51.779] [INFO] [timing] save_batch_bridge(DummyMixed): n=7000, mode=vertcat_df, split=0.176s, total=4.715s
[10:13:51.843] [INFO] load(DummyMixed): metadata={'subject': 1, 'session': 1, 'speed': 1, 'trial': 1}
[10:13:51.846] [DEBUG] _find_record(DummyMixed): SQL returned 1 records, version_id=latest
[10:13:51.851] [INFO] [timing] _find_record(DummyMixed, version_id='latest'): total=0.008s, sql=0.003s (1 rows), collapse=0.004s, vk_filter=0.000s, bp_filter=0.000s, sort=0.001s, returned=1 rows
[10:13:51.851] [INFO] load(DummyMixed): found 1 record(s)
[10:13:51.855] [INFO] [timing] load(DummyMixed): pre-yield setup: find=0.008s, dtype_lookup=0.000s, chunks_total=0.003s (sql=0.002s, deserialize=0.002s, n_chunks=1, mode=dataframe)
[10:13:51.856] [INFO] [timing] load(DummyMixed): TOTAL=0.013s (find=0.008s, chunks=0.003s, yield_body=0.000s for 1 records, caller_overhead~=0.001s)
[10:13:51.856] [DEBUG] wrap_batch_bridge: found 27 object-dtype columns to check
[10:13:51.856] [DEBUG] wrap_batch_bridge: column "arr_01" first value type: ndarray
[10:13:51.856] [DEBUG] wrap_batch_bridge: flattening column "arr_01"...
[10:13:51.857] [DEBUG] wrap_batch_bridge: column "arr_01" flattened: 10 total elements in 1 arrays
[10:13:51.857] [DEBUG] wrap_batch_bridge: column "arr_02" first value type: ndarray
[10:13:51.857] [DEBUG] wrap_batch_bridge: flattening column "arr_02"...
[10:13:51.857] [DEBUG] wrap_batch_bridge: column "arr_02" flattened: 10 total elements in 1 arrays
[10:13:51.857] [DEBUG] wrap_batch_bridge: column "arr_03" first value type: ndarray
[10:13:51.857] [DEBUG] wrap_batch_bridge: flattening column "arr_03"...
[10:13:51.857] [DEBUG] wrap_batch_bridge: column "arr_03" flattened: 10 total elements in 1 arrays
[10:13:51.857] [DEBUG] wrap_batch_bridge: column "arr_04" first value type: ndarray
[10:13:51.857] [DEBUG] wrap_batch_bridge: flattening column "arr_04"...
[10:13:51.857] [DEBUG] wrap_batch_bridge: column "arr_04" flattened: 10 total elements in 1 arrays
[10:13:51.857] [DEBUG] wrap_batch_bridge: column "arr_05" first value type: ndarray
[10:13:51.857] [DEBUG] wrap_batch_bridge: flattening column "arr_05"...
[10:13:51.857] [DEBUG] wrap_batch_bridge: column "arr_05" flattened: 10 total elements in 1 arrays
[10:13:51.857] [DEBUG] wrap_batch_bridge: column "arr_06" first value type: ndarray
[10:13:51.857] [DEBUG] wrap_batch_bridge: flattening column "arr_06"...
[10:13:51.857] [DEBUG] wrap_batch_bridge: column "arr_06" flattened: 10 total elements in 1 arrays
[10:13:51.857] [DEBUG] wrap_batch_bridge: column "arr_07" first value type: ndarray
[10:13:51.857] [DEBUG] wrap_batch_bridge: flattening column "arr_07"...
[10:13:51.858] [DEBUG] wrap_batch_bridge: column "arr_07" flattened: 10 total elements in 1 arrays
[10:13:51.858] [DEBUG] wrap_batch_bridge: column "arr_08" first value type: ndarray
[10:13:51.858] [DEBUG] wrap_batch_bridge: flattening column "arr_08"...
[10:13:51.858] [DEBUG] wrap_batch_bridge: column "arr_08" flattened: 10 total elements in 1 arrays
[10:13:51.858] [DEBUG] wrap_batch_bridge: column "arr_09" first value type: ndarray
[10:13:51.858] [DEBUG] wrap_batch_bridge: flattening column "arr_09"...
[10:13:51.858] [DEBUG] wrap_batch_bridge: column "arr_09" flattened: 10 total elements in 1 arrays
[10:13:51.858] [DEBUG] wrap_batch_bridge: column "arr_10" first value type: ndarray
[10:13:51.858] [DEBUG] wrap_batch_bridge: flattening column "arr_10"...
[10:13:51.858] [DEBUG] wrap_batch_bridge: column "arr_10" flattened: 10 total elements in 1 arrays
[10:13:51.858] [DEBUG] wrap_batch_bridge: column "arr_11" first value type: ndarray
[10:13:51.858] [DEBUG] wrap_batch_bridge: flattening column "arr_11"...
[10:13:51.858] [DEBUG] wrap_batch_bridge: column "arr_11" flattened: 10 total elements in 1 arrays
[10:13:51.858] [DEBUG] wrap_batch_bridge: column "arr_12" first value type: ndarray
[10:13:51.858] [DEBUG] wrap_batch_bridge: flattening column "arr_12"...
[10:13:51.858] [DEBUG] wrap_batch_bridge: column "arr_12" flattened: 10 total elements in 1 arrays
[10:13:51.858] [DEBUG] wrap_batch_bridge: column "arr_13" first value type: ndarray
[10:13:51.858] [DEBUG] wrap_batch_bridge: flattening column "arr_13"...
[10:13:51.858] [DEBUG] wrap_batch_bridge: column "arr_13" flattened: 10 total elements in 1 arrays
[10:13:51.858] [DEBUG] wrap_batch_bridge: column "arr_14" first value type: ndarray
[10:13:51.858] [DEBUG] wrap_batch_bridge: flattening column "arr_14"...
[10:13:51.859] [DEBUG] wrap_batch_bridge: column "arr_14" flattened: 10 total elements in 1 arrays
[10:13:51.859] [DEBUG] wrap_batch_bridge: column "arr_15" first value type: ndarray
[10:13:51.859] [DEBUG] wrap_batch_bridge: flattening column "arr_15"...
[10:13:51.859] [DEBUG] wrap_batch_bridge: column "arr_15" flattened: 10 total elements in 1 arrays
[10:13:51.859] [DEBUG] wrap_batch_bridge: column "arr_16" first value type: ndarray
[10:13:51.859] [DEBUG] wrap_batch_bridge: flattening column "arr_16"...
[10:13:51.859] [DEBUG] wrap_batch_bridge: column "arr_16" flattened: 10 total elements in 1 arrays
[10:13:51.859] [DEBUG] wrap_batch_bridge: column "arr_17" first value type: ndarray
[10:13:51.859] [DEBUG] wrap_batch_bridge: flattening column "arr_17"...
[10:13:51.859] [DEBUG] wrap_batch_bridge: column "arr_17" flattened: 10 total elements in 1 arrays
[10:13:51.859] [DEBUG] wrap_batch_bridge: column "arr_18" first value type: ndarray
[10:13:51.859] [DEBUG] wrap_batch_bridge: flattening column "arr_18"...
[10:13:51.859] [DEBUG] wrap_batch_bridge: column "arr_18" flattened: 10 total elements in 1 arrays
[10:13:51.859] [DEBUG] wrap_batch_bridge: column "arr_19" first value type: ndarray
[10:13:51.859] [DEBUG] wrap_batch_bridge: flattening column "arr_19"...
[10:13:51.859] [DEBUG] wrap_batch_bridge: column "arr_19" flattened: 10 total elements in 1 arrays
[10:13:51.859] [DEBUG] wrap_batch_bridge: column "arr_20" first value type: ndarray
[10:13:51.859] [DEBUG] wrap_batch_bridge: flattening column "arr_20"...
[10:13:51.859] [DEBUG] wrap_batch_bridge: column "arr_20" flattened: 10 total elements in 1 arrays
[10:13:51.859] [DEBUG] wrap_batch_bridge: column "arr_21" first value type: ndarray
[10:13:51.859] [DEBUG] wrap_batch_bridge: flattening column "arr_21"...
[10:13:51.860] [DEBUG] wrap_batch_bridge: column "arr_21" flattened: 10 total elements in 1 arrays
[10:13:51.860] [DEBUG] wrap_batch_bridge: column "arr_22" first value type: ndarray
[10:13:51.860] [DEBUG] wrap_batch_bridge: flattening column "arr_22"...
[10:13:51.860] [DEBUG] wrap_batch_bridge: column "arr_22" flattened: 10 total elements in 1 arrays
[10:13:51.860] [DEBUG] wrap_batch_bridge: column "arr_23" first value type: ndarray
[10:13:51.860] [DEBUG] wrap_batch_bridge: flattening column "arr_23"...
[10:13:51.860] [DEBUG] wrap_batch_bridge: column "arr_23" flattened: 10 total elements in 1 arrays
[10:13:51.860] [DEBUG] wrap_batch_bridge: column "arr_24" first value type: ndarray
[10:13:51.860] [DEBUG] wrap_batch_bridge: flattening column "arr_24"...
[10:13:51.860] [DEBUG] wrap_batch_bridge: column "arr_24" flattened: 10 total elements in 1 arrays
[10:13:51.860] [DEBUG] wrap_batch_bridge: column "arr_25" first value type: ndarray
[10:13:51.860] [DEBUG] wrap_batch_bridge: flattening column "arr_25"...
[10:13:51.860] [DEBUG] wrap_batch_bridge: column "arr_25" flattened: 10 total elements in 1 arrays
[10:13:51.860] [DEBUG] wrap_batch_bridge: column "json_01" first value type: dict
[10:13:51.860] [DEBUG] wrap_batch_bridge: column "json_01" contains dicts, serializing to JSON...
[10:13:51.860] [DEBUG] wrap_batch_bridge: column "json_01" serialized to JSON strings
[10:13:51.860] [DEBUG] wrap_batch_bridge: column "json_02" first value type: dict
[10:13:51.860] [DEBUG] wrap_batch_bridge: column "json_02" contains dicts, serializing to JSON...
[10:13:51.860] [DEBUG] wrap_batch_bridge: column "json_02" serialized to JSON strings
[10:13:51.860] [INFO] wrap_batch_bridge: optimized 27 array columns for MATLAB transfer: ['arr_01', 'arr_02', 'arr_03', 'arr_04', 'arr_05']
[10:13:52.445] [INFO] wrap_py_vars_batch: reconstructed 25 flattened array columns
[10:13:52.494] [INFO] wrap_py_vars_batch: parsed 2 JSON columns to structs
[10:13:52.649] [INFO] ===== for_each(dummy_return_one) start =====
[10:13:52.781] [INFO] [scidb] entry: metadata_iterables keys=['subject', 'session', 'speed', 'trial'], types=['list', 'list', 'list', 'list'], lens=[0, 0, 0, 0], user_explicit_keys=[]
[10:13:52.782] [INFO] [scidb] Step 2: resolving 4 empty list(s) from database: ['subject', 'session', 'speed', 'trial']
[10:13:52.783] [INFO] [scidb] resolved 'subject' from database: 20 values
[10:13:52.784] [INFO] [scidb] resolved 'session' from database: 5 values
[10:13:52.784] [INFO] [scidb] resolved 'speed' from database: 10 values
[10:13:52.784] [INFO] [scidb] resolved 'trial' from database: 7 values
[10:13:52.785] [INFO] [scidb] Step 3: no PathInput detected, skipping filesystem discovery
[10:13:52.785] [INFO] [scidb] Step 4: propagating schema keys to scifor
[10:13:52.785] [INFO] [scidb] Step 5: stringifying metadata iterable values for schema keys
[10:13:52.785] [INFO] [scidb] stringified 4 schema key iterable(s)
[10:13:52.785] [INFO] [scidb] Step 6: resolved 1 output name(s): ['DummyOut']
[10:13:52.785] [INFO] [scidb] Step 8: building ForEachConfig version keys
[10:13:52.785] [INFO] [scidb] ForEachConfig: call_id=94295c89bb0d82bf, version_keys=['__fn', '__fn_hash', '__inputs', '__constants', '__as_table']
[10:13:52.785] [INFO] [scidb] Step 9: pre-filtering combos to only existing schema combinations
[10:13:52.797] [INFO] [scidb] all 7000 combos exist in database
[10:13:52.798] [INFO] [scidb] Step 10: loading 1 input(s) into DataFrames
[10:13:52.806] [DEBUG] _find_record(DummyMixed): SQL returned 7000 records, version_id=latest
[10:13:54.675] [INFO] [timing] _find_record(DummyMixed, version_id='latest'): total=1.877s, sql=0.008s (7000 rows), collapse=1.858s, vk_filter=0.000s, bp_filter=0.000s, sort=0.011s, returned=7000 rows
[10:13:59.086] [INFO] [timing] load_all_as_df(DummyMixed): 7000 records, layout='spread', sql=0.306s, total=6.288s
[10:13:59.090] [INFO] [timing] _load_var_type_as_spread(DummyMixed): 7000 rows x 60 cols in 6.293s (fast path)
[10:13:59.090] [INFO] input 'x': loaded DummyMixed -> 7000 rows, 60 cols in 6.293s
[10:13:59.090] [INFO] loaded 1 inputs in 6.293s
[10:13:59.091] [INFO] [scidb] loaded 1 DataFrame input(s), 0 other(s)
[10:13:59.091] [INFO] [scidb] Step 11: building variant tracking (rid->branch_params mapping)
[10:13:59.099] [INFO] [scidb] variant tracking: 7000 record_id(s) mapped, 1 rid key(s): ['__rid_x'], 0 fixed input rid(s): []
[10:13:59.101] [INFO] [scidb] Step 12: expanding combos with record-ID variants
[10:13:59.102] [INFO] [scidb] Step 12: all_combos=7000, _discovered_combos=None
[10:13:59.102] [INFO] [scidb] full iteration mode: all schema keys being iterated
[10:13:59.196] [DEBUG] expanding combos: 7000 base combos, 1 rid dimensions
[10:13:59.203] [DEBUG] 7000 combos (no rid expansion needed)
[10:13:59.203] [INFO] [scidb] Step 14: no pre-combo hook provided, skipping
[10:13:59.203] [INFO] [scidb] Step 15: extending scifor schema from 4 to 5 keys (added 1 rid keys)
[10:13:59.211] [INFO] [bridge] for_each_prepare returning: full_combos=7000, extended_metadata_iterables keys=['subject', 'session', 'speed', 'trial', 'x__rid_x'], meta sizes=[20, 5, 10, 7, 7000]
[10:13:59.213] [INFO] for_each_prepare returned in 6.430s
[10:14:43.742] [INFO] ================================================================
[10:14:43.744] [INFO] for_each(dummy_return_one) — 7000 iterations
[10:14:43.746] [INFO] subject=[20 values], session=[5 values], speed=[10 values], trial=[7 values], x__rid_x=[7000 values]
[10:14:43.748] [INFO] ================================================================
[10:14:43.750] [INFO] inputs: {x: <table 7000x59>}
[10:14:43.760] [INFO] subject=[1, 10, 11, 12, 13, 14, 15, 16, 17, 18, 19, 2, 20, 3, 4, 5, 6, 7, 8, 9]
[10:14:43.764] [INFO] session=[1, 2, 3, 4, 5]
[10:14:43.766] [INFO] speed=[1, 10, 2, 3, 4, 5, 6, 7, 8, 9]
[10:14:43.767] [INFO] trial=[1, 2, 3, 4, 5, 6, 7]
[10:14:43.776] [INFO] x__rid_x=[cff37e520c00f66d, 294e1c46d73cad6f, b45c23e3abdf6f78, 690ce11affc7dc04, 7b6a42ccf389e0c0, 4e3d1bf1755eae45, fe84702db7521fc6, ae0cf9cc56406e72, c7c087319144c948, 9a8c161b8b271179, 0a37f643b14949a9, cc56237542166686, 34b3653dc8aba8c3, ce8cceca56e9d7dd, f18e600c693bc4a6, a2754427b51f57d8, ad00ef4fc0a9d8be, b44821418bdf595a, 4df964830a53676d, 72dee73fba694175, d33a460b432cdca4, fdc0151676f96515, 3bbe85fd18d14f08, 68d25870a19e39e5, 879c8f6b0d8687c6, f255981539d6bdb3, b9dddf88cb2e789b, ffdbd4e1a9e6a662, 89eb12598b036e26, bfec41f100a1e9f5, 0b5c5a44211b9697, 1d37dbeb8748155f, 2954fa5434e614a1, bd8a1cb45dcf7332, f4a38e4e6cd77248, adeb05ef08aa5f59, 606e550c94e017bb, 236374369d6ebafc, 3ab15758c2dc37af, 3580ec76cc31a4de, b81389fd8894b838, bbb0c3fbff3d06ec, c03594da1e41212c, 7d1c8f203d53872c, 1d9e3cdfe2cd5bf3, 04ab982aac7bfc94, dd3728a36246df0d, bf2493dbec605f54, f5cc894459ce7b5b, ccaf8e8f73738a8c, 103f379d669a9b24, 2c8eeff5ce36b34a, 53a4b2b5c0724b24, ea245fd2bc8c8d34, 93d095d0f8b07761, 32614cd8233f2585, 997449ead12d6721, 1f516746a2aa8109, bc637d7c98e41871, 38a3761c1206b461, 46f52990d19fc4f4, 85a49bd7ae54934e, d08b7d5770d1d1ba, 06cd6c10c92998e4, ddfeff130e665065, 3cd76da03fa343f3, 22db99b791ecc086, 20a6c37760f67f7a, 7ca4ef27be8d8533, a125a7ec7a690885, e39f49ff01266a57, 7f8f2fbf67ff6e61, c0ee17d896b3f437, 9a5be254bca17e26, 28bfbaf11c1c240d, 3c9e1d2a57d5f61f, 511a16a4a85b91d1, 2dac82e078c0151f, 71d5a94f5b553d6c, 3f83065d17bc916c, 7f6912195a9cb6d1, 012b990054efb045, 65b5d67626ba4c14, 44257d067c750c36, 5945e046bfdb5fb4, f8d5ab9743ca1a54, a1c02e0521722722, 8ae720d210be8fd1, 0e1ba120260dd526, 5022ca7d38691b2a, 7fdaad0f1b5d2ef2, da3a4546e09b10ae, a2ff0a1d2fe15071, 316a15c848e67699, 99a642ff3d7b01c6, 344bfd1eaee2a152, 8ae36d412d85fc67, fe3497f854e3c270, 10371e51f3ce58b3, 304b88f137183d2f, d5ec60ccc6b6691b, da40147c6a7085a6, 0905e2236bef58d7, e9110f24b479a354, aedd8a429f80357a, ac27d51720ee30e4, 9b6c6279e3a69a94, fa743f638054848f, b5c6063f35238ee8, 0a222bf1694e926f, 8d118e162908f362, 61922d8716b5dd4b, 5c5a33a078e1f388, cb032715b6bd9bfe, 1f7c9096c517b717, fd76e6d2dc7bcc3e, 31cf09b6b6f2f359, 5e700f2b51660f6a, c45ce17d9ad03a90, a82e1fc261cbc231, e70d5fa244e915f2, 81378de8b4055dba, c00cb805472a5c61, 9c3bf7acfabfee95, e662b64db9b63893, 86827daf72d2ed4b, de9bc5ea5474d7b7, 2630d04eea70c8bc, e312f1318604e1d1, e9d7645852f58784, 7fca63416b3c6ab1, c61397be96a73b1d, bc1b18302cec9f49, 57d5e1f9a317d170, 6937935fc75c18ef, f983891b1e1d0525, 5684369de3ad703b, 921ab574c7b96c77, de37a831de395e11, f8ef4863ed8952f8, 62116ce821c97a2b, 3762a2d966a8073b, ba94d7492fdc0ccf, 08f1e34e74fccd93, 5eaa7d7f3072a5de, 3f0c63deb8c0c5b2, 5208f5868855d6da, 50fdb1cefa7ab306, 246e0fd14a5433da, 7ce1490114e92ef0, d85e52575ac8c5c0, 623f7b41e5e10fca, 87139b5124daf04d, e18908171ff9914d, e5870f0ac81c4e56, c9d02307295f5d41, ca7ee80f6d8bc5b2, 42ecfb30e176e687, 9cc2f81ce20431eb, dfd6a993cadd54c1, 83dd217b92ef9db7, 7f8890d45c91f61d, e71da0c8fce82059, b56934580f7c31cf, fc18dd532396ab32, 3640b9bbe998ed72, 7722c646355c42ae, c3421458bc5ce4fa, 35328071b72738b8, dcd9a6efb15b9e1d, 4aed537de0d7de1f, 396db40ef9db6f24, 3ed1edd714fed2f1, 1333d8fccb755e2c, a5280daff80ff690, fae8e9a773b41c54, 4f03ddc6773c44a6, 8cde828e07e42a9d, acf3cc289258e1bb, 18ed40dc450e0aef, 589a24398c855b25, 55ec590d1ad40e2b, 4aee60a365e6be8d, 65d2d62b553a5b22, af654eeac2406ca9, 369a797ce7e498d6, 7d486cd487f4af78, 07bd1cf265253093, 4cbd18a0a99a2f70, e1900e2d812a993f, cff67c7e4194fdda, 6d1ee897f04cffc8, f673f396591b0a56, 43503b2340da88ba, 75ce2b73f442a513, a24c2ea4036801cd, e291331794348e6a, 6173e7e4c9538584, b3a8e8b7e086635e, 154705c7a9a4956b, eb39b2a8f1c96679, aafaba0c53e09f40, 106aeb07c8750354, acf3e4a4ecbf7f59, 4d1cb3ae024caabc, d650691c28a78427, 92bafd41e6da07aa, abb101be769d3909, f9296b259739b1b8, edc7983f851f1b4b, 506480f5b550740e, 8e2ae00adfd624ad, 56020d522f8820ff, 048c24c9d03aee17, 0d9ba19a0dcb8a67, 74a376d82ef8709f, 01303dac072d6e86, d877783726b0ff0b, 1f5e650831f7d38b, cab499cb5189f1ed, cfcfefe8dae75ddf, 97db872200e62f7b, 2f1e2b5251110069, c810d8bb8778ee7a, 7881a08224535b9b, 1ccfa60ef6f7fb8f, 64bc10e8b22f0872, 3c03f056f7b1c5ce, 8ea8b54616a5f8a7, 751d41d55203356d, ae6f2baf5eaa301e, 217535451f930265, ba6671f7601e29b6, 83eb02d01ad78419, 7b986a3c6ddb1dd8, ebf2abb6e992ee90, 048a983171b675c6, bf12a77ca72efb41, 7d30fa8fa3ea3066, e18c0e71f25fc757, 98486ac13698a6ed, 64e4f1cff4e9c097, 7995e1b26b628c06, e03bd88c655b71a5, 9d197152ad9e94eb, 5be8aa0bc141baf1, dfa5508570cc2ccc, 1a93b00d8b1be742, a8582938d4109751, 401d55ed97c0255b, 1f493f2a6804161c, e4b344b90c40b8b1, d9b0f3d6ee8493f5, 779a745e1c6d5597, 2183d4f7187ed81b, a0cd6edd7ef18c2b, ee1766374aeb9714, 264e94c530db6930, fcb69d9560a40acf, 394d42e455b369ac, c40ccac15fe05d20, e08ea376102896d9, ffbb9de47c8276ba, 34d2865a230e9d50, c5bc779af098d7ba, 0297eeb6c111f433, 57fd608b93cf3029, 2e96208ba0832214, 118720872e10255c, aa708e9ce1b22066, b226a799a3227954, 7a3abdc2f2b1c8c5, 3d421815217aa6a3, 55fbbdff7ce24923, 6417e9019914864f, 73a16a04592f4ce4, a09970707d2effcc, c063545c3241b8a0, 91b5a779e84581de, 84c2cfc39e378780, a6d9919d7dbc0b93, a084af5afafac245, 1b8936fe3e936c6c, 24d1c2686986dcea, b925bb3abf700463, ce7e19b5d593f5ee, adb8c3f1a0b81e4a, 490a71dc9cc9b3d5, 2b031a7607777b8b, c5ed38b99e29df61, 47b25e9a93340a4e, 2dfe0143e24b4ef6, 7aa18265a5f06e30, 1d77362ad8261855, ff07e12bd101e900, 6a9f4219063723ec, 80ef24b89746c420, 6a4f137eb6d7d391, 9393dc63b0a30003, ece9595b15c99023, 948f01f94f6f91fc, 5f4a0a6939108521, 59de0dc6153c0b5b, 621a94217d8a447d, 287bdc85f437b5df, ad661592a40cd56b, d89f59b8007b2b17, acb8bd5b8512713f, d29f6d981daa62e1, 65c619b03dc9fe1c, 1c2a4f0cda1028dd, 2f31d5bf197696a3, 6be621b202d7c61a, 0bd7891b7e34dc8a, 43e0497e2cc1b212, e5fbcc0c67ebaebd, 97f3bc2ca5cdb75c, cb196a0e58717869, dbc978d3f1ebfba4, 1e7105e0d7d18538, 53a53df5bc25d4ca, 5a169e477b508c8a, a4dc8f3dadaddf11, 5b032060f95f75ae, 505598ed6b072e77, 81b3477ad4d0d103, d3633a113a9c2aad, 1fbc4656f21f1b76, 231cfc7f07965d74, 070bcee883736938, 6e4b44e701e754e2, 8466910b1e8f2132, 8d2d284118204169, 1c7891f978fb6ca6, 47a2759da0c74b7d, 9e9478ea20f02459, 94ab7fefed15c979, 360cb5c0ec247557, be4ede816bb03827, 1977d10c8152a4ea, 174aac22af2f1e41, 586e1ed9dce4cc2a, 52ef9cb10fe75d2c, 6ffb53ea84decbaf, 85a51b1f1885a010, 4f933190ccc30179, cef2f1ca216357c9, 0dfb5e9f28853c2e, 0070706e04b6f350, 58cefb87c2380c22, ffa568cd7a2822e9, 62bd421b86088c84, 7e32d3cf30cad1f8, 646a19cda65d8f13, 15dc7c969c33fb8d, 5718e428d42a8139, 0ea15c6f9660f31d, b94b8336526ecf2a, 73bf9d8fad315988, dddb21c04aaba6a9, 22c01d8123ddba93, b94c33410e0b35b8, a6ce83e846a6f965, e074262656c28fbe, 0cc3c1c06e398d8b, af8cc3f490a0bdfe, 72fc66896696ce54, d87ecc878070ae23, 8048f7fe39fac4c3, a870ffdbd160dafd, 0219a884ba7b843c, 8b6124eb80942432, 369e009d39ea5d87, 01ae7c08d27381da, 330e0df91bfb069b, c6a83d2c8f76f714, 7314a721af35c124, 3fba43fe9a596067, 319a69d5ac5576dc, 1059d56e16eae414, 78e89a1132c81f15, 63adccac01e64e1e, 654de98a735aac6d, 397ec2068f3f42cc, 79f0a8fc16dbf317, 708506e59c8517bb, 31b62ab2e6ec84d9, 8e0f88d84ebb6f54, 8c0df5f51208032d, 579ab57eb4ab7092, 78546c19d7ea28a9, 8d5b4af92699f417, 9a2d65d2ab664dd5, 0fd3c60cd5f0b4d3, dcedaa53e2073f4d, 2e37f3ff530aaf93, 49b33c79cebf556a, 3b324baa0e999809, 4fca63c399fed376, a3bd665b185cb94a, 56f4a1eec9ea76ed, cbec8d414004e5b9, a7130c2e3c1f6c25, d875cea75a7cae01, a5c1e3172cf8e2c0, e6b0a3585755c1bd, 3cb253bfb60ff00f, 13e751217d3c3e1e, 5410f8941e9351e0, 6ac888cb84c74249, c98b0861b01cf37d, cf8de90eba8d3494, 154b9dac50f420e9, 5f7c57e569e651db, 2cd19c99a8b71869, 3ec90fad7979ee14, 4ccd2240c2d6e789, 3e6ec7e4d47f10cd, 275d3fc8b771660a, 3f46c8fa49350a27, fbd4f1f285dfcd91, 5237b2a0ff88dfc9, 493a09eadc71e78e, 5b174b9de6672fa3, 4534ee0ebf3eb157, 5e6c233abc9def9e, b5aad87677bd9c6d, cf6f30878713756f, 1d8ec6693837ebf6, f17381d7fe60e729, 3a1ae552b40fb365, f02032928527585b, a245a09f14120d08, 9fe602b860c3ff63, da1accbe91bc73e0, 6a707db9d7703c8a, 7ebbc2e236692966, 83c93244ceaf7ac0, 8f3416ac85cbb677, 2b05a54df0021079, 6a515a526e6dc420, b0135e5a17b39a13, 41cb12aaca982d91, 223b4283d2d247e1, 43c4d093b28bf601, 350faf2bc6daf8fd, 7446a1e63ce5ed67, 1f49c43ea92ca2ac, c8931547c7e4dbe1, 7b1a15e2325602f8, aed83dfd1486d00b, b7b71c2006db3130, d4278c5b30332d3e, 685c0dc78731b07a, c10e2152d6c73fb6, 0a879678979954e9, 424564987c0bb5eb, 11a5909c73d7d483, 1eed1db4204eac76, ded768ac03026fff, ca273450627adf2c, 2576f0f93bb40b16, faba8ee7d0c1c366, 05b92c9b1485a757, 406081a3509848e9, 0e47df3ab6ecb0e0, c6f91dd989085c7c, f8e519ab51900750, bcf344349c4b928b, 7ea3a0511322d784, c1d5cab809b683b7, bfe21a91d0064b37, 43d73a1fa81ebe9b, e146216abb79fc48, ba8abe9f4497cca1, 86f27174e550197f, f3ad1d7756b36303, c6f14cf58074c6d9, 05dba003d052e65b, 940849bf3a6931f7, 76e55caf51227da1, a8a7ded52df89d69, 7b0e10ceccf5bbf4, 19a5ffd8d18ca431, addbf4a49c6eb829, 6bf9edcb39de0a60, 9cde19a1ec21e9be, 01c01e05741a29e2, 743b7b377c8343a9, 12663e323937b88d, 55c17de991bfd5d2, d1b71e7dc98ffddc, f4f0e7522325ce80, 856f0677614ee4b8, 86c6d59486d51345, 9c87aaf68644cc15, 03c5173c0f792a97, 165adf659d258f15, 06880c095e5cd781, a7f13e19b81b8204, 234b3f0766386887, 26e23cd22e2b5df0, d0aca30490f7fa37, d2b837e789ff71d1, 8627846b1187decd, 509d6d7de5d57098, 469c8b9a37e196d0, d90cef43939f922f, 8cbb7d9e35c95419, f0fcbae07e0794df, fccde3f64178a95a, 848d15817f1544c7, 068dc605a5b52e3c, c9cd34ed924453d3, d17929342dafefe5, 9e9c7f2a4c510b53, 59d0f1bbc626fbe4, 4edcd6dcdb4e9236, 025a6019349d0266, 08b2c0a59db3d6a1, 9a75b6f504675898, e9fe1a734414793d, 3c9dd5aa259d10d0, faac88862802f1b1, 925261ad4c1e40fd, 83b313269f8356ac, e8b548ef73562d95, d3d1cd69054e15e6, c8914a58e49fff0d, 260c8f3c722f2293, b92f28e51ba313b4, 925b20655ec3d9a9, 5c2e318c14bce53d, 2bfa34fa2d3c6929, 60a9c52ea0283cd5, 926c49e8893beee9, 56651ef5139a32ee, c8260422d5df09dd, 7d15c8ca3669d2ab, c82cd0b8166d912f, a926bea572d30fb7, f9eacbb1006978f4, e4f57d1fa2f3f33c, 8d1de6bc40986a91, 08e39f08903c798e, e79d16a9ee4a79c2, b204a2351000ae55, c6ade836a333b04f, 2f9b0674554bf1a0, 3823f9c7290c4e0e, 75ec1231318b4f30, 69b41b7fd739b68c, 8564a0b475e20fbd, e211ae7c74e11145, af87a0f9357ae891, c692773e3bf12508, af2ca37a9fab2ff0, 601010b9e77e51c7, 4a023f1c8be9064d, af0ba824e47f70bb, 7948c4e976a12910, 9c05b01da0780640, cad5db8fcaf2f869, c3a1eec4ba6288ce, 337a12a926acb275, dfd81f04a80fd38e, 5a866acd64df0a6c, 0b3537207449f315, 0c45a1bc50d4751c, ed8586147a94bd16, b4cb74d23dea98b2, 406eaacb9f5c479a, 9dfde3c56ee3f5b7, b371cea79a01fcae, 0e8bc90bb41d8b5f, 820989a5b63114de, 99d12fa296a6c0e4, 25bacde071be1203, 5f2ebd3461d6acdc, eb3e1716c8d77e48, eb1fbba1dc96883f, af7c7f5e7ac6efbe, fac9dbd88a23ec12, b854998a1a098d9f, 68aba5bf87282fdb, bdd3ea2dc48ab952, 17050ea55ad69866, 44b6e716eaaa62dc, 9d08c3ea415951af, f71d8dbee2dcdcc7, c857e6617b077a1a, 640679385af28d32, 9c5de5fd6bb786b6, ad339cfa333a3ab4, 0e888ce032041197, ad5df2f6d0b55a99, 5021b3c2e318cf3b, 5cbb3e73a9938d18, d645af5fe49857e1, 1ba862adbbb5709f, 70fd2c83cf9ce47e, 17a743f9d1af084a, c8328505db6d54c9, 2484a5a1ccd97927, 986f7099b58f8084, 4c1707efdc0b91b1, 7da48e2ddac8cbbd, a49d015f99631f13, 7f23998a411b0518, d07a3d91c495e6ec, d1299c98f65f8666, 8c8506222bede7ff, 085cb6c9c8f2637b, c25b322dbf4c2587, a15cb74031dd776c, 7fc4986b6dbd2d7e, b9a75c339b59d71b, 1763a154ea5a67e1, 7326a41967ed272d, 766514051ae1ab00, 909986e4cace8654, 122fd76367cb2d06, 5436bd41fb1e85f7, ebfb738cd611bc0f, 22cfb85b5d05a75e, eac082ffa3e31837, 34ba9be6a1d933b0, f9a1c190d46d6047, ffcb3a9efd686f05, 60061ad1e02c3c99, bc80dcdfe6061683, 6322a456f0e89ced, be4f06963593132b, c7cef8ae5c14c255, 8482b600d0383048, 89e633688e8f45fe, 8b509b93b9df5fa8, aa170250cd4263a8, 406aca71c175b810, bee9e03ada4d127d, 64836cd8190f98b4, 027be107d2389a67, 0b38476533cb0e76, cc6b7f3d547c56f7, 9488d7416ae79c01, 9527b28fd4a52377, 883f438c461bb3f4, 3992732d0f091a15, 2d3985f0264d9c97, 933406176abdb136, 293a2744227ab182, aaa977550588fb42, 385b5e922524f51b, 99bbec7c3e7bbf60, 83da6a4181b75132, efb9ed9a57ec07b1, cd0e4e1e43bf6b7e, 91886a77d971f932, dbf8f4100d999710, fe98445b9cb2e5ff, d17cc3f2bfbe74ac, 5a953d30bee254ad, 7998e41cc94addb8, c024273269a35ed9, f012a2e393ee0071, 1e8c65a834c172ee, 1c2892252734cb84, 829d733707243b66, 51a5451b88347a77, 00bb4d537dffa9de, a039efe29ad8fc52, c9ce9e73cc13c593, 36ec95d1b7c98706, af70e5f15d92cef1, c021c903fa51cbcc, c0ff9a738a46e8d0, f4039a0985a320f2, c20caddaf885e641, 21c8afb4f5ebb737, c49c5a8b9e11870d, f8656af758244602, ba6cb69877c5984a, e35978e929888ec9, 9a7db462c1edb33b, 75b0291a46367774, 7e1619d158035cd1, e52829f713535874, 803a56f7104707d2, 0a42b121be150961, fc195c6f621ed926, 9fef14ca5210a009, 5f8061632cd21185, 6f3ca8460035d11a, 50f7507a3968ef9a, 9da1bac1e696db62, e902051b746adc7c, 3370a4eabfb5ec33, 85d58d07363910de, c0ec2e03249c327a, 6f826a2bb481950f, 0756d571572c1d6d, 8c8fb17fadea7469, c532a3048d54286d, 46e743e3ac868313, c414a6ff0fe64101, f5a649e4e7caff03, 47980dae28d14ff7, ad315539e69cd433, 054502a916e1ab88, 60ecba444b94d3ce, 39459984be1592b9, a40ca49154bd7dfe, 6d218b727f63a97e, 2e783adb35c2e949, 96c19f1174080513, caa727e5e9b0893a, 9eda7353b0769f73, c8b5a610f6a48154, 335be288e6927ec8, 201accbded249aba, c9ecf3da502167a1, 633d32b49232034e, 00bb74453e429c80, 69d8b968d91c16bd, 050215ad8600b649, 0a1bf2f57f4f4bd6, 49a0c5287364e83b, 626492743e77efe9, 5e559c7b7a960649, 36596f43a4a1499d, f2243dd0cad6715c, 8d1e85e63fd4bf6b, ae7887e068aba9ec, f8be6f424b42bf95, ac73b58d93e231f7, a3f240bc2593032a, 9f248974cdd369b4, 3a1fcd30ba2270b5, 3f99daa97948a818, 592d6a3f7a3c4036, 7dd730f15329c815, 3dfa40335c8a538e, 6dbe1ac1a6c15ade, 5c74e72d0fd2be87, 486299bfa273a02e, 29c2879a3e40f0d1, c73782f7eb6d5f04, fd1970d7d8a8bdfa, 533ef15f5f3b4e40, b1e5a07c6018696d, 8f39d4e02e3264ed, 25c6f24fb9151eb4, eac134f30b3946a6, f46cbb468a581d82, e10952a3ebb21d49, 0fc865ed493b96d5, 0ec7020c28fc6c1f, bd5427af4463ba25, 2fbbe1119e729002, 27ffc4eef501c6a2, 67f598f63cc2398b, 9a0dfd78fc55f9f1, 9648f174a43ab693, a1fca1bb4f2bcb93, 0a64665ccb2acd9e, 72f79effdf7f0b4d, 38ed040e7b71b583, 4c3a8b9f0c87af32, 0a51e906eff1d2c1, f6c6b366c45a8413, b114b0fabdb05708, 579e36286767de03, 912694a484c4a322, e5ec04eb768777c5, be742c5ec593fcdd, f610954d0e3e90d2, 5cdab0f9c4a32ec7, 310eb7954b061432, 1bf9a0d80ff6c18b, 989cd3e6e73aa81a, e3e779a240740efe, a8ba4737036593b3, 00d9b799fc86ae27, b25f8219aa4facdc, e8a34b607a2e2786, b1184572d5c29120, fbc47dc4b7ffdb19, 43d7ea7aea172bf7, 9d42877ddc17d97f, c7ac221ed84540f6, 11d791775904c38b, 2706fa46be74ba17, b80d5ae09e6bc2b4, 174e152ad6a69d24, 581570debe01afcc, 27d7b71861dbd9aa, ea48e53656943e35, 56fe77607a760892, 068921190083b9ff, 7d9cdae1ba7c9694, 66eb6f0b7968cdef, 64898e4bf508cde9, 78281853a795992f, 06b81a7163aadee6, 30eb112e0640c786, 607f7a5d058b8631, b0aa44ccb5eb43e4, 38d192bccce01b36, 47310a295c47c8bf, 8f549871ca62c01e, b9d22ab4778a21cc, 6fd462d8e97fd040, c5f3c9749cc52c8d, 3ea715654cab3179, 19888abb424d9e2e, 644e7a9bb2e14f0c, ca452db82841ba2b, e8c9c7f316ff6269, 2afe4ac8047ff74f, 0d58fb941e112764, 189564a7ad3f8c97, e2da5e9622b43948, 6bad5adaed20caca, 97632c1f00f81cd5, e48e7ea44754b1f5, 1bc120127f860ee2, af71d5b2a49a17e2, 119146ad5a1bb0ed, 9791ec42e0f84af6, 23831a174070668b, 55cec4e1b678f3c5, d373509f26aae972, d74396096843cfdf, e0eb822b2aa273b3, dd25ab76f520180f, b6073cbb4797a5cb, f5eb7678d41a59fa, 34f6ff0d14e70bb9, a08cfb5b3d23e8c5, ea4830fffde24c86, 834b84b565a7961f, 58299ffbf2589595, 9b4394fd35af3802, e8f1d5377c7560e3, 84c603d0cda89161, 5c2afa0b7141e177, dae75439812422ec, d2a628cc3913dbb9, 4ca4d0565827bc8f, 7562ee3bcda23579, 6f4ea2bde511e57a, 8aa4a242341710a9, 126b03d2c50fa400, d1e4ea2e7136bae7, 63e6c16c2abad70d, d493b9d3291475eb, 6ccccd3557164cac, 8d7d22781d958f7a, fcc94236fe59021e, 10026e0fccff255f, 4de2a9cad37b2991, 14fb19118a630634, 8632212a494b17dd, 8a4dce59a7815c54, a255380890827fe5, 818e44708618a30b, 0eec2f62afa8bd79, a0ff71228d2591f5, eed5572a50c2a504, 96e6ec351e8abf9b, 9fd8a746d32358bc, 7c3bbfbf6819f34c, 59a3054b6ab0e580, 7f0d93f95d427de6, 16d1f10088feb653, 366fcbdaf5b1634e, 0bbd2863c345b6f2, 96f07c8c32b2db89, 69e6722fe820677a, d798ae0e3e1a4a00, 70a0d1c2c99f9cc3, 8ca854e8fac39ffa, fbfdf641100f9e41, b01def644a4a513f, 073cc54b5e163bba, 7b7bddae86c279f0, 7d91f10e628e5543, b378a27a618c8e4f, 1d17ee7cdc778066, c3e7acf3c8f0e0c8, 653c7b05bc5485c5, 8ff1cdac46130c3f, b16cde0a16e02375, cca12ee47d6eb596, b0fa3b901d630167, 1866fc9942d30423, 78126444d7c86cb9, 55dcb151a27258fe, 16a691019a32d4dd, 8fc0e99fa4e1ee3f, 8a5a26a9af4646f6, 2b98e8c7b8957c6e, d08f26bfd860cab4, 55856efc983ee297, e70cc2bf31c6bb6a, 7f923c4c9ad2eb3b, 679d033a80df3260, 250729f2f697473c, b42861dd89186837, ee03758a0e490ba7, 53a080dbda6a724c, 77844f1a566a6cda, 6087fe5bddb53acb, 3754a02a832b292c, fd67a252fcb4c6b8, 22fb309fa4246793, 26b5a9657b4b8f31, d16c8c94cfa19e61, a6c1b95d68559fff, 818839726f052417, 1695c94458600e1d, 5e766d13b47f9a23, d72ff2d26efc7533, 14a3a0520b94ef6e, 75bc3e11ac1cbd70, c74b0ecb37c6991a, 362b7eca2e2265e3, 4f145ed0ca6aa182, fd6d6a5ddf12a3eb, ddd48f2ef2f3cc56, 12c8d08d8c940ab0, 590aef0440eb1582, afe06ce9d90c5f42, f2aceb005f7e20c7, 08537e65d51f6b74, 63c445b4896f0814, e542f14c93f15ff8, 95d45ab60778e4d1, 7a3f75388bcba9e5, 0473029ae78db6e8, 7089cc54f54d15dd, 012e238543f0f3d0, 49edb9af382102ea, 7022fe96662ecf7d, eb9aa71aeaba273e, 38f04e648f986be8, c9fcbdbd940f32f4, 338ab6badde522a8, 3c436da2b85bf9ec, b627f2fcaed9d830, 336959b8fa3dab3e, 0167460c9e807576, 49a78c70bfc96fb1, 4379ae578f92051b, 1feea9fa2c8d4646, 3e30a95b4edd5d48, ef3097013a7bc3cb, fd1b6e973d662897, a96594071dd24afc, 40935b7670f70d22, e234684c34954498, fcfa2e9a6d78d971, 43f63236eacc1359, c23c21f0ee8d7a5e, d75b93dbb30e347c, 31e30634a1ac4241, 6f4697e328c6142d, 1ef3cdc3c622b943, a8b947a218e2878d, ddfd8ea762ca3307, b9270d24bd7f8c85, 0e55419f6f4e38fa, 2d98479b78b14733, 4760cb0e2fca26c1, 650b3e24bb810a51, 9056f5e7265d3d4d, e0ea434549a9e6ec, f09b46b91e58ae06, 40a5a74df3bc29d0, c3e28653d60df84c, c4fdda389b65992c, a02ccf9fba9b612e, ef9ec1aca96642cf, ba1f7c56abce01c3, 6334f6f98ed6bdb3, b4261caa4793a1b9, 4b876758d55eb20c, 0dafec7fc91f8331, bf3faeeb359cc942, 5c430a3d498c29cb, d78e5334d4c29afa, 28bc48eada9546fb, a894d8af4fcd6e8d, c88cb52e6fff6035, 5c05a4fde8cada65, 609f1bfdcba48b66, d40fdc2c14cdefd4, b1fa1403e2920ea4, 9f8cae1fa31669b1, 1a0880df915cc2d7, 866af287ae4de28f, 90731fdc667bc399, 54c8527244372fa1, d861e11e3d80acb5, 5f55f5a772cfc4e3, b7aa569fa487c7d8, d6ac9baa6fbeaa03, f41dfc6a1e80e2e0, 312de2e8968e041f, 789e83d81fb8aaa0, bdb9e4252c1daed3, 05fabf7c3f82ded5, 28dd8bfecd9c964f, 99a80865a634b68d, be24180e68717f8a, 48b3499836abb553, ca71a17ab547d9c4, 6ef628a77cb2bf8a, 9eecaa5fad06f611, bfe29b4428037649, 80c9a10332625660, 21263ce4fbc93e06, 3d511807f1867847, 051f42ad176ced3d, 8b4ace68f17b8b90, 4b24191253a0f57a, 61a8ce1521f871a4, 5a637c3efc5d2371, da297aea41ca1929, 19bb6dfe7961e98d, 0e7a033b1c7f91ec, 5cdf2b4c4e0c4c9d, 112f1c03dfea28b6, d522b9660235f0d5, 176f166a4ef5d957, 0c40055dee1640a0, 37ad8a305cd5d63e, a948cf636a0275cd, 7024d2d2b21f4451, 48e0fdfd00607f75, 6c57e71186745fe2, 330f99362dbec90e, 7470b5fad506d80b, ab8cb1ab3afaa13c, 547a244ee2024381, ce25228056496533, 15cfd48b8bc008db, fdf43f0b61643298, 5e0c134c633bd5e5, f3d2ab1343e61c93, daef7a941957e7b8, e142bfde7f3d05ab, 8acbcde03ffb9a84, 56ba47abdf464ab5, 7fd6a44a13e4473a, 3f003ac4fb530f53, c6ae8f0dd1c09698, 7b9e8d660b61a069, b5bde8585a0ad09f, 48c1be89d6de1400, 3930d841486d7bee, 6ab5dddd145be6d3, 5538bf42879fd401, 277c5d87336f9b3e, 8654c288562dab07, 0c65dd1542f229b0, c9d55545ff7086ce, d0076210e827afcf, 931def6886dbc2f9, 08d2db8c2cb37917, e95bb014a3a7582d, 8331efc2bcc7eaa3, b31ebc80d4cc7b69, a854b7f03b90194d, 9cc2dded3caea2cc, dafb7625e295025c, dd2f85ceb4261e2a, 6992d8ba6c7f14bb, 38dde1faa7c3613a, bb7681dd3048fdc2, 2aabc5a3cf350f1e, 60f8a360a9c38102, 3cb3869d60ecd880, 5aa73e517efda2ca, 5b7785d9d36de204, 2ee2533cd67b7772, 03ed39ac33ea5022, f4f0f72a9457d6df, 5040b144fb6e66fd, 11711d6395a7e540, 5f5bd88e72f07b71, 280543d4b1dbad08, 0e7af146b9a1b735, a91af43519f9646a, 4651ab9ab7941862, fab8c4dbfd90bf65, e0f2ab9fd55a1c0c, 1d98be181d5bb5c2, 833dba1e634597df, d6dfd587bfe57aa1, 59229ebe4b6e5ec4, f266d4f6ec46d561, aaadff387d7693f6, 95dcf99094244038, 417597ca5d2754a2, feae1f0dcd8abf54, a21494a3fcb08e7b, a69d1b55757cb3e2, d3217e803d44ae29, 730df69a39adda52, cf0a07725f668b82, 6ded07ede5825a81, 237f3e2b3679731a, d9a7e383fa2c86d9, ccd7ef3b1822594d, c3c838b4a7e07034, 5b0641e96c1cdec2, 76fd3b1f2d1175dc, af33d558ba174acb, 7c07f78c76eb4766, d14468a1f5d63945, aabf503309cf2c7d, 683cceb5a1d5edf3, df5514832861b66d, 8fa90095ae7fdfc0, 37f4c379d7e8eee1, cf8af161c4244165, 04ebcc62969406c6, 9a80005da168c52f, ffc555b4bf3bed35, c93b8d296451dffa, 52ffb5c668c03481, e31de1739a5a5dc2, 4db43ea41071be52, 4258732db1fea394, 70d445401076cc8c, b32f993549d86101, 29d1d12a50ee9c6c, 84998f2fc87493ff, 860d1d424b90e6fa, ca05bb463e7d8898, 7d57e98ddd06f68e, 8c1016157ccc0948, af44b53f86a63da9, 6a152ac97cbf892f, 7054fda32a62f394, d13bdf0a1936a3ea, 591e2b6a9bec6d18, a9634133413dc466, 58816cec67fe9ff3, 1f792da1f879a7bf, f0c18d4dd7799524, b80822466cf18a49, bae594364ecceeba, a0228e3d26efdbaf, ad092ecaaa2ad837, 057d85f60da519c8, e1e05b715fed2773, d633631721d2eb26, 394df5abf45600a5, b8502333d71e657e, d77bdcd6979b543d, 1282847114c4ebc2, ffd8ba83b1fe9492, 71f0766d20949768, 340982ecf1f69f3f, 93f4bcb01401149c, a922a19aff6a7782, b683ecaec0936c46, 1ae5d183688fe72b, cf49fb2247fef834, 8d8af11f580eca53, 100b53cd50e69892, 84694bce4cca4b45, 62eec72981365931, 2335f5cf8777a250, c0275763c198edcd, f7493613774b522a, d02eb62b1913f942, 0a80621ded0329ff, 8bfb29ba0f8b40ee, 4625b2d5a6b4d5f9, e1028015a4887446, d1bfa13efcee2fd0, 69a63cb4968aa95c, 20293e6f4583d2fd, e6e04115eefed0b0, ebd91bc5dcec7444, dbaac04477f73985, 8c9bcc28e17b8b15, b849fd89a1770aed, c94153059fc5d69f, 922f5cc74bfb9e23, ec1f38422b1783a1, 75dd701b7d1e47a3, d64c271d51465cc1, b1efcab82820c0cc, a6e7e80063638947, 869ba5901b839594, f69ef7e30d921f36, ad075f7cd08dfbf4, cd7312afd2bdfd26, bc11ab0e12fe8d71, 2f11ab8f437a9d17, 527defe4ee6cad77, 5fefe4a08d299f9f, 265f5643320e1111, f12e80196725f3cc, eb027d08848decf3, 26881eba15fd7735, 411eabead354b7c7, d1fafd099e5b3499, 720120f1fab71868, e4ff3ac9171181a1, 643f5a007fa0bd30, 7d9d3cf93b2e9809, 67fc1e1f2066b808, bf27e84f7a38196c, 78e234f9cb9b96a8, b982ebd9e45c2c0b, 4f2707d6de2ca2a8, 6d95769ce6cf69e0, f1254a973a22bb10, 27c5b548d55c2595, f7655ca9483a5c64, 18415b4c349bb24e, 77556339857ccacb, 5d7ec12e7c71dd6b, 15e1eaf7f895784e, 1c85a4de99be5374, aadc89213c77502e, d6ee7bd2940664e0, cb57c5ed8aff1f01, 5f4e243f88d93d8e, 5c5db4f30f5b332f, 140075775aedc4fe, d9522c1a4333df17, 83aa02a4aaf13836, 76a2cb63a04ed8e4, 13f46cf4c4ef02f8, d031a654c6f81464, be37b0a0a699a177, 37dc0e11b0814f54, 7864324a21aa0556, 73191737078e5c5a, 27af4816bac0d05c, 90941aa3b5b37be1, 8f1d0feffa99c2cd, 828460b619397b42, 55a2261b8c636b07, d8f4996c07692c87, ceba6226223ddbef, 16ce3a1030cb6589, 41e06c109060bcc7, e4b277d8386fcafd, fc889b06623c2b5c, 749b2d7c4cc8ab4a, 57941c73fe3d00ee, 310c6bc19210edf8, d5767745f22aa3bd, 892f3a55552594b0, 4a931b7f326960d1, e7b51d821bebd8bf, 9e50b695f2bcef12, bd812353d6b208ef, 98e9f8db113bb57d, 4c6447e7ecf26ce1, 657fb5d8f13258b1, c5f8790175314e38, 6aec1958426644ee, 85dc89dcd3e8631f, da86d25499563c2d, 3b08e123c52ec123, 0a406bcb05e5c420, 1f9995b2c99b02b5, ac2509157c22bc87, c855d12c8d954b57, 88ffb87c54c091f2, aa12d397c90c7cf5, 9117cf909e22b53e, a8abaf5d7ba853b1, 911934f2f8c50813, d1c490002ba57e2c, f1ab82adaad68652, 39cd51746dcf59bd, 8f7bd5a64cb9dd1e, 30cf4f35f64d3bcf, 16cdf285ef255b9b, ae8dcfb67fe581fc, afed0d61c0ddbf2b, 38bd5bc0040e07e6, 1f84ff9f9e8c7832, 39a378db0d2a24ec, 8cac6f598072337a, eeee7c121e3e826c, aed983b069b85cc3, af9c0f2a7aa8c80d, 940768e0f524405c, c194dbdcb82a6317, c22ca12376ca225e, ede40fabd209ef3b, 4242bd78684819f3, 03eb311fbe621dcd, d6211c5180a17b5c, 68851038a5151747, ac396d7209a60cd2, e4421b67f7d90ddd, e1118c1b57a1c3e6, 35bc7a88e6df4cf7, 638b2c97c4363334, b1e357ed580d5637, 3bd2dda83d7312fc, 40c17c6d069b9d1e, c49d2331ef80bfc8, f1ca7b00242ab768, ad307acc5d71c54f, 65007710a68c573f, 0f026d40deab6cff, 2cd9c55438c7466a, 2ac279e9062ce644, 0e072f6141d85f08, 6d2b920da88b7beb, 59dcb49e2b7a7de0, f19735056ebc7654, c4eb9a6465d01264, 11a8ce5ddcaaae65, 7e1316c3d8184ece, 7184d9c39a3c77e7, dac55d50086e93b5, e009fd315e6b3864, 6aadf1d1170bb84b, d5cd7f006d199847, f4eabf5af31d0d84, 4dabecb07602fe8d, 75759ec9f88439dd, 4d2995d2b53a79c0, f0c2b932eb8442c1, c8478e352398c177, 73439f8d893d84c4, 392ec4a66218e149, 41381058bda7c554, ca106d285120e1f8, f4c45047ed5f3694, 76155ed2093770b0, 48517894596410b5, eee74510a3c5c003, 010778908adc75dd, 3ebb6979fb07d1b0, 4ddd31c3872e3141, 66f15b6785a5a9af, 7dbe304d573fd90f, dc7e1c08976d4e87, b974e752069102fe, 753ed59972a40d9e, ba55b6373945a65b, e52638d70162551a, 04de5f6d30186c8d, 1aa037bb36c71b46, 92fc6498b38482f1, c92540de542935a1, d33eb9990d173342, d75568ced2ff1549, 1fc5861b6133ad35, 7e9aaf0bc205c918, 32b15b5d986ec2d3, 4b50f23fedf113e7, a689194f171cd147, f4dd6c5b00c451e3, 559563514bb81b83, 26c3ae598c2cf4c7, e805e9f27f433209, 3f55ace9413257f1, ce796904cea5bcfe, 48dec3f5fa14eff1, 2f0a1142ddb1bd90, 915f5a3ce8016238, bacded2fda185c48, 0a841d80dbe24864, 4ca5086ce4257c7a, f974a9deb4d6be78, c5aed5f7596cee0c, 9ca13719b72bd5f9, 12030ada399c3cc9, ecb8ff5b0699d2e0, 7639ae25843756ab, ba83f8fbf2defa45, a863c59a79d7e94f, 848f9d45580e9683, fdb3d5bbfd0da50b, 94bd65dd47411d7c, 7ca4807b14cda4b0, b7f6a87c13ae55b9, ad6fc0bc1f131210, c490e20d1e53c986, c010e0b8c3e4da77, 921c201f7d3ed1c6, 22cae24acce36a4d, e57f39720bdb900a, 762c3ef6476360a0, e2677af0856a3cdb, d4db511a6f41d6a2, 5592f2ddf9f21927, 37487e77d5336b2e, 683e547679543f8c, d53283bed0101799, c6bb265002391534, c9884297c0f924b6, f279e1a5a88ccecd, bd6368fdb4c85268, 50a510b646bb7e2c, a9602a92212b5ee7, 78b6e86774d766d9, 7c096818a332b53e, 7207778429bfcd3d, 51bf0630683526d7, 9efdc67ca9ef90de, 7dc8ade866f612c1, ab5d27f3f37ed0ef, e517c7f856421787, f7e984b1e510502d, e4391b1683d78d18, 58e70eadf2224158, 56746537311bb814, 0834dd09042c5cb3, e09f659771fc33c9, 3bc1abe6418eed22, 39160d058ffbe7bb, 074caf8f63c3aa20, 288544c2bf3b3ece, a296bfd43b7d08b6, 2851a142b487857b, 07dd90163213e1f3, 7b7e660f8527a14f, 1cdb552aee527cdf, ed8afc7f85181fb1, 7c2b70457b9142b0, ff2e793127ae4477, 5dcf4390077ce46f, d580cba9ab7a6171, 4a73bb7ad0404e6e, 41395ecc3a1c2e91, 66df1b36d6aac901, 78870f729b318717, a6091749f9ca1968, 1eff1319ff54457a, 3a090bffe970cb61, 713b0680c0238270, 33d78ef04d6101c8, 202a90aed8bbdaf3, e009a7138302c7ef, d9a407eeff55266d, b09d076d6780ec3c, ba0e2ee80948f604, f0cf17fc42da60ab, 3e7950c62c29ac03, 9069c2a115ee978c, bdfea36476544d5d, 006be146acc7b81e, 4d3f64afcf411b19, 5990f34228dc2038, 499e372c37918e78, ced2f4905996c588, 1ee42d667c9701c4, bf789205e64bfbd3, a99dc0feff0c7af3, 954589a033530f94, 118190faaea39b25, bce8c851d8640153, 9bfc9c5b6368fc1c, 548074f84b378d21, 32b53f479b0a03ec, 3ea7391f3c6f604c, f267ccd5cdcacba6, a99239ccaa1fdc92, 85dcb2145bc8df82, 00d6fad2d912d304, 48a12e8a27019079, bf87adc418393674, 21a3371dc5b63694, ee173a7a40f30e5b, c0512365918b35c4, 2fd91f92ad8f7131, 8e512bf7f674a129, f5b8d85a19375a2b, 16b849ca3878cef8, 4eb700664022e529, 120f14780b85d080, 8de16e251def2ee1, e73b88b1f784d24c, d2ba7fb77af5b1b5, 7edac79fb7cdfd23, 903968ae12ce8c39, a34aae917257306e, 40652849ac5c7437, 1fbc5ef58b6fc360, 2feeefacbba9694f, 3457459a79d95bdb, c66a6f39285ef784, a351b959e8017e9e, cabcea4ab2846e60, c9a2bd80b63b9d87, c51b8ece26684121, a3f680a516843505, 83c019a501fb4914, df07185bf6d05143, 7255654ff1f3083d, 9c889cc0fdbe2379, a2e6bcffdce7ef63, f5da61d867a64818, 0d6bdb3adeeae779, b47483c17d515d8e, 532f82c0714b27d7, bd74b84b2291c2ad, c91bd9d64787c457, e7aee012cf7f14a9, 0016a79ad8117187, 978f2b4d1dc545ab, 536212b99fa24058, 0de58c97361519c1, ecf7e89e2b0494d0, dceb208962426caf, d61a62fafe2f3a87, 84099d03a7d892a9, 061a633067e300a1, 070712ae9c303328, 81a6c3b5adfb9c8f, cae33218dc9c399b, d79dde7f5051671e, c03075fa84c03141, dbf7256b4d537eed, 68961d7898137c5c, 7efc7eb243ec1e32, 5bdb8b12688d5913, 24c56ce340c7f3a0, da9f2524f210e2de, 60782a53698409e8, c91adf20d6e1518f, 83724df6a58c8c43, 2f7620c583a784b2, 3775471d5dfdbd4c, bb703067d4f194a2, 9580e41dc8af8216, ce530b06806e2026, 8b526ed7de807882, 0514ea1b46ab44bd, e4f52ee1d985402f, 4b9ca8990a98f197, 6b792c9c0d52e77c, 08fe56d81bd4a5a2, 5ddbcb12673c3501, ceb24ceee91a9f2f, 9fdbe00455c12edb, f72b82fe8441abf1, c7f36edbb41aa566, 7079fe9814e22f9b, 3f60050e556c878f, b3c4422450056f0d, 9ef8b5b3ff2949b4, 8122001289af8e87, d76c69d45f0ba2ee, 0f613d9ab057da95, 506cd267e92071cb, f07e2638437827be, 4e77f7770420253c, 3d3e1eeb77b066b4, 3a97c0a1e1005489, 8b096162519f0f80, 3f11c99504d5bee0, e42d05b7d4ea2e18, 5b271f8ab397558d, f71371c7cb49edb8, 2cde0d4cfc1a5055, 54674b63f4f64b8c, ea5f15ca41bf64d4, fb4a60590eec0743, cd9cf14ebe9cb416, ca94c88fe5e34337, 222f44e9d8612d64, 2a4de16b91964d1f, c382bd2f038d821c, 90fee9b890f518ff, d7d12c13c94c5fdf, df51efb6bef5821d, 5acad95ceb5d3182, a638208db9a24d69, 5f145c2f534d3ad5, 0f5a650983f29bba, bd364e119af60e02, 53c8d74b4bcdea0e, dfad8c9bd401bee5, 7a2a91eab2f17afe, cb32cffb5999bdfe, 25122a58efa77cf1, 35732bfce9dab6a7, d6a2fa2b9feba009, d181d50892472570, 52f1335bfd8d3f9d, 53c7fac5132ea630, 900be22c86dddfef, 694557537415c095, 414cd607a2175ba2, da813276b5db4c99, 825913a3c89df77c, 40c80f96c96b62c5, a0c764e7a3e4f812, e6bf6c78fb123b94, ead486f3e3b9038b, 1360e4ecd5bc68c9, bb6588816e071666, ac2690f8f08eee65, 86d29668916b86a1, 27023aa5630f6edf, 0120692b5f5ac75e, f4564ed0dae447cc, b6bbd1af8dddfbba, b2f878def0304ef1, 7354da3b451debbc, 947f91f1c786ea9f, 874412c7bf79b0f4, 7effbe6634687620, 5c4520b14b75d732, 60921e2f13a09d62, da6b089ddcb31d9d, dcb538f6032219c5, 2c1549b3f8562380, 070998d292407ebf, 63dd53119bbd1117, e3b5e9423fa76db6, 767912fb91b52ff9, 25c18177a89a6155, ec80ae1d88236e54, 61d8d02d0cae394e, 8796ea493587ce3b, b9874a42e6c903be, 9fa976b40a39fbe2, ebff1bfb5c44f129, a5a62e3e33747026, 1f3e8d75fef65125, 7d6a422e0b7fe088, 6e592f5210d03dff, 36402369dd947fae, 6449d68164a999da, ac7fe8befd4305f5, a05df72b4c25cd93, cc357a1b31d0ae29, 24e3f20b5044b2f3, 72cf346dd0f86cdf, a3533fc7efb485a9, 89daef7c0eb57cb5, f4f1771dc5e2b29a, a1e3ef7ea278c8ef, 57917526478be127, 6e9bad9d76d03db8, 005c03ca7e57bef0, 3943f4570f9385bc, 7cb1e3fbab6ea651, ad2638b0ab8e3783, af7ed6ba2a4f9d41, 17ecf18d8e1ca34b, 61bdd5b29043baf8, 77a6eed9d0e317ac, c93a7959317afc43, 94b4dc20ca4f7c88, 464c092b2db86469, e11172e558217214, fd34c5a25e74580f, 76fc1004ee64ffba, 038be3125618d556, d09e3e01b89b294e, e023e3a4842c79bf, c1409009e816d722, 35f8eec04e534f84, 47155466333f0458, e5f9ec11b89025d1, 8ba1b1ef3be7ec47, 54069aad60c7b32c, b9d58ced0dcea864, 164d196dd68ee062, f72ae0915534194f, e3a036931479050a, 7320e19bae81df0a, 46f4141d73e5626e, 11ba7be826b2bffb, d84f2d8b123c30d4, ae1b1da2e8fc5d24, c444782fda5a6f09, 7e888f93c2da4247, cb0ddbc1e1ce0eec, 88d754a3ea3f2bac, 1153b645b98b37ab, 774e01c6832914c4, b2f97246454307e5, 73fa6ca63b719181, c80dc3cdd02f717a, 09cd00af53a121b7, 775f706030b57164, d92235c157ced0af, 61f1fa7e8f7c996d, ae6c261a54f1b7c0, e333ca342ae608a1, 97b19f3089c21916, bd71d539d5f0a44b, b6ba562c1d98527f, 79fd7d6307baca1a, 53115ddbd6048522, 28f9931809ce9882, 03ffccbccdceacc4, 5adf18172eeaf48d, 5198319fcb8d33f3, 5fa81727eae620cd, 27eee8afbbf937b2, 9c803c98321b91d6, 1b76a6d42378ef3d, 372d3fc5e90e8256, 55344a46cc499f57, 3df38d1ef32c5acc, d9361254a2dc77df, 393ca7d2ee897e23, 5b85d90cb78bd5cd, daa7e120f1509682, eafd40e413e1c096, 0fbe7e32f2f7437c, cc418ba1d93e00a8, 1abc734fdb49372a, 83fab4de9e99ad06, fb9a6983034267dd, 222f0c9f4ff2ee49, cdc81541507ac177, 8a0eaf199e8a8730, 27de16de3d3c200d, 4e84dc93181c4f94, df9f67baca14fcd9, ac16d4dbdf1f9a85, cf6db68ee347d89a, 6713dc371b288825, 5c58b0074499bf10, eddf77d91a1bb31c, 69d625080eaab37b, 5df6940a9b00fb75, c2647e05e4b7e028, b0341f0971393ab7, 81916820e5787fb8, 3764e009265098b3, 88955120e288938b, 14324f8294800b7e, 5f5de281b40bab98, 3900bae4f601ce4f, 9ae847494836e7f4, d0def152e75ae460, ced060ad24233850, adac6ba73939fd2e, 84408e1eb03f1d96, b4d51b6e8e318445, f28460973ec0df30, 202f284952bcd6ef, b6a27c7cfb750cd1, 0a300b36e8c8c494, 6f64b37a1b3edce0, a30a63bfb7d20ecc, 130e8f8113d5b6f2, ac055a93436c6e3c, 775377c7df774d65, bd9b55c7a2d12375, 9065a74045604783, 434f55378645f7ae, 0b903641f5a96e2c, 4d92447bf5489b67, 1117883e2ee8df69, 90fa45142cee7539, 19b2894295d9d273, b6aee6c8a4921f50, a28ea7f41a20677a, 1639b05ffc1a5a0a, cbce705ea9dc9c28, 30fc13e9839fbb5e, 4a40e6d85e962ccc, 9eafe6fac1b9ddd4, 39ae5e3896309b04, 88f0756bf8c1e222, 26ee7627d043b9aa, 062f91ab567e93f4, 58a30fc77103fe3a, f4969408676b679c, 276e1d504ac2b4fd, 45bcc5a26bc45339, a151371c39634456, 25b6a71035dd8066, 40960d70ed639b59, 8f60725443c77e6e, 08675fc6314109d6, dcedb8a9c6c117f7, 54c5ea2ef30d37d1, a3ab0792bad1ffca, b37a7a9f2dba783e, 5b378d8f1d33b384, b873994bce163f64, 956c47a6bf6cd90b, 5d6525ebbe83cf18, 7a4816ff76c8b9f3, c2f669053c2bc547, 97f41f38ac2ac5b7, abf2fa60709405ff, 0637024b2359f013, 393a327c8feaeaa4, b5d055fdec5296cc, a62f87941cc12120, 11fbf3e34a17909b, 626ee0bcf02ed307, f1da6d5f892da873, 4e4bbc4b56e51561, c43e09d63070dfbb, 361b533e416abe7c, 4fc65444e3e1ceda, 70e5ac067a319c5e, 59a40151f4c57419, 89121e19ab307c90, aa0227aea0cbd490, a6b86167d1438f46, 12b00f4336a378b9, ca0bc655e1d513fb, 712746e2282bd7af, 94135cc538e5945b, cacb7a2019612aa2, e7c6bbd747add7fe, 808ee73f6fc2c8dd, 30cb034a2da5b3cf, e3567058f8e0c22a, 5cf4fc93e559152e, 55e6b755be691bec, ac53b11b48e0714c, 27f8e5a67d67001c, ba8ccf116634c22f, a25fe9e79b3646e5, c44627667186c45b, 8c4ff4d1cc605325, c99e95d639b18878, 77c0d282881c36cb, ff2ea227c5571ec2, 8c840118ca04ad98, b5f10ebc2974c59d, 9332c9f1ea8d90b7, 110e102e45b3b88f, 047c3822bb659aa6, 5c4f3e61ef88881e, e60e8c0d5a8f83e6, 280e77ed36552278, ce96918ff38dd406, d0e8c1f79c60974c, cceb8477a8821929, ff3d7c8afa0458e4, 9dc3d0e9ca71bcfd, b54c8150a383eaf8, 483d3928ba0dcf99, ce8f5ac696d33ab2, 61bab280235ef900, c892b4b8405ebb09, 5cd5d3575104efa0, b8ae972083c8e196, 70b95d582f40d92b, 7efa873d890c3cb7, dcb118682ace70a2, 058eb620e05cd803, 90debc7a57913c9d, acbca7d04afeb937, e66a833f97fcf8ab, 49a866d27119c1a6, 25317063a3a0d394, fa13b96ecdb33a94, f2607f317f95258b, 484b061eeca3338a, 1fa8578deb78e839, 52fd781b434aa6fd, 1e4c3f19f3d22539, 94a5bf262bfbe3b4, c3aa39ede6842ec8, 4e7b6313b254076a, 90f4aa32aae7fa17, d01163edaa12c9dd, 53d97ef329ffe5cb, 02990ebcad95090f, b3b06a30a2bbf4d8, 4b68414ec6d7966b, 11e2a3fac72b4d02, a4211b2ce9bdb427, fab6ddd5dbf757ee, 8378c27625021775, 19635e8b912c8461, 1880e20b88507505, cfd63c765d7690e3, eefadcb3e4e7187b, 653761b0956515c8, cea34e282fc8cd11, 59c28855cacd23b0, a8a270912a938e1e, 59533f46f49b1895, a849cb663fb07b0c, 5947458933432449, 875a10807ac1789a, dd007f60fe976513, 6119edd1d6bfe5f8, 778e70af44126be8, 266da057ae14a796, 51cce123057ae009, caf347264de3c19e, 12c342df97f03aca, 393e0cad7a50c479, 5920534ccbdaaa24, 1676ffcb1b3fff88, b16eca68894faa83, 8a20153e151100cb, a9fcffd1db4c83fd, e8366e6200067ed1, 01f981e29597f305, 0ee9b1f0c5380249, b899c52990e351d0, b6d0dd9707282a15, 4f19e23cd3424183, 1d058765a9e03561, 0d60b80afc02caf6, d867e69ee02dc2eb, 4571d4248242207d, 58756578b561d69a, 7dc80f1a1746ba01, fba6c86bac93271b, 25b4d80fb9085db2, f9ca09b54aedd9b3, 35f3bbe17649838d, c3e1cd5b9ff4c235, 47b74b972c41a439, 34f34f63da990ab6, 655dd02b4da403e0, b591fbda5c767aa5, c203d53c25665af4, 270779646c96a7d5, 5d754eeb99fbb113, 782f4ee31d2a39fb, e7e101bfb81fb6b4, 96cdfc4c444bb64b, e0e008897e01a521, e4ebe0b25067cbfb, 635e9adbb07dfc67, f897a7f74b3b0fe4, 4558c6d2aa83cc33, df3b12c673e5b826, 91384ad1fa843691, 9772f623d0a3c253, 6d3d60cf7b426f19, 0471244a134b530f, de0ef8cca2070b28, ba0191287fb9f0e7, 0abf875e96933cac, e7f0ff60adf4c5b6, 9945f478c048cd62, 9eea31bc7a3ac04b, f48f7db4863059dd, 878639ae0d45aa24, 26879352c3c65d1e, e369ad3ffc9b0ffa, c2600d76d5c93fbb, fe3a89baf11f0dfe, 83516e697b3a8cdf, 522f5c2eab53d2ea, 460331a10c3670ff, adbab64245865d57, 7d30443748f410bb, 3099eb8e88965936, a3d24391f8c7f865, 9dbf7a709e911fd5, 8e8e2df16ceb66e9, 617e0dce9feb64b9, 26cd902d5d27cacc, 1eb2c0641e459ac6, b5e0a6055c78df6a, f6fc04a5f1637482, ecb36b7fc8c9c58f, bd623c1af6d4a4d0, 21a25054616d5d76, 4fb7deb9e663bb15, b133ddfc5db5af35, a3605846ca5f1c4f, d8d4db8fd72aba40, 70461418654dbacb, 7493b5326e4270fe, c78104f8ad92af5e, ff70585183780848, a2fb6d73a56e6c52, d91d67ecd34b8e97, 6856c78600214ac5, 58e57c4a61c074fe, df0bda24d754ebf5, 450cc4f096ce361f, f74e21bf008ca6a9, 9875931851aaaefe, 8487d9d3126b9d5e, 1ffd9d44ad47b575, 3299314d811a3d72, cb3f4c8f93131950, 7208bdb1b8180af3, 77d7e447bcb9429f, 0a2f4b1c28780fc5, 7b34bf986dca2350, 703af3dd388e7b68, 9c2b36e259f04d96, 516f35bb7f2c82be, 470341facd7e6a4c, b7d96d687b5b8d92, 9e2f5579fbca8ed5, 974db7475ae83411, 6c62ed552d847555, 59093fe295d90cf0, 37103c19b2f67f31, 5043416083772533, f32ed1d7ad489945, ff28737a6dc02ebc, 4a72983d558a4618, c4f88e00174d0845, 0b5afac295edb4fd, f6475a474e7461c9, 51acf8e54e348738, 404e0888a3d603ff, 1a4688bd9c5e59d9, 472d538f7e9b33c3, a6c4eae0693c0870, 2286e819010b3c38, 68c90e45907ce62c, 20254fc7734f4496, 5f27833883770054, c9c84b1b1e4fd479, ba12d2f6cbbb02ce, c4d0735cb23d41b2, 154c4de54e29c333, 4833f59eb2ad7914, d1ed2aa54ffad338, f9368dc360c55aad, 592c948993c80f51, fef22010ef33b8ac, b15819a17b7b3b5a, a42d88643e235311, 127162411b416add, e635403253dbf693, ba6ec58a3372117e, 6d78314efa97d3c8, cb43bb4e1dcf1f22, fcb7f34e3642ec2b, 9432ed083d069642, 5ab6508d5fc4708a, 72bb6232c2f2f2be, abe63ce1d99c5062, 0e7c1e52f9881402, 68db3d1ea61223b3, 30542895076ab1ec, 77213887257d43c2, 087c30ebf594ad1b, 095b96faf4c97257, 77270fdd5ef40ea7, 2aefbe9e14bef962, a1832247b66d560b, fb71697efac540ed, bb190ba6ec899e02, 82fdd705143230f1, 52fe2db84d422cfc, db13dffe5d95cceb, 3a9efd9e50e97451, c0ab3ecc72b80ee9, d0f5851052bb9fa2, 507271d44907334a, 523b10d31983bdd2, 7c7a1429c1195132, 11bc078402ac9404, 3c2efed51b242aaf, b0361ac08ba50d4b, 60cf3919d70305ad, 78de7c43f4c3e0dc, 064dc6b6b53744ad, e68b887bec233e37, da4f3df3e0b599d8, 0ae732e48f5b713f, 8bbc0f2ad889fe8e, 5fc9a0eceda1f002, 663a366d830af798, 6ebce29457da6206, b602d4b41f30a614, 3ce58cc849375afb, 024919284dffac8a, a5e3cdea1ce9d6f8, 253564bfb7d97a4d, 7e7776291d3724da, 08779c85d7b018cb, 56f11b574be8e493, 813053ccb2fffe06, bd832e39a0546e4f, 53081343ed20f872, 5d0ccab6e105681d, 9f13c3c174af0c7a, 16cc17acbcd974eb, 2a29e3a093ac9aff, c4f39c5969d1b77f, 09d9a8e7055d7ca9, 7058db8f139cb84f, 49bb7119607fe5e9, a1e028a3e1c7bbb0, a793858e8eb1329c, d29214d081f391f7, c6f1a7945f589da6, 9f5cc47ccfc1f249, 9b712c896878ecf1, d2aac96c1aa00db0, ea88b715578425c7, 8370e80c11bc3161, 9b39d34c59822296, 70b4d20e391fac6f, 951a60f862a7c473, 04bbade6541d68dc, 9e3204b8e8793d5a, e1a81a7a0bcfae7b, bf2ac42b0cc74d6f, cae0310d3906ec91, b74d2cefde88595f, 08b63d3ab0ee18dd, 7a68e29ed9d748cd, 03767cca7f71f5ba, 77eab1aaa174f5d5, 68bebb662829f64a, 5cad18c472b77574, 855f979100a36fc8, 7a827c03015ee4c2, 15ae1013f5c3749a, 3844b5c8b6dcb3a8, 74b8e9f27e1f43e3, a179b2ed5ad03a9a, e86bab79c35043e5, 78abe1f46887d1f7, 2b379ea0395eb5bf, 2379a93b6bbec92e, cb0c25baed104733, 6420e6865e3b513b, 27d47aad59c07e82, d3a311ff867e753a, ebb629df8dccfa94, 472419cb1f0f33cf, 880b22c9a6ec5377, 88431e7576ccf337, 5a588f44b371eee1, f7eb50f65e6b978a, 632366065c1c7108, 188d0524fa7b63bf, 16a01631b3ba2e56, 4a6a2a21e4bd93b8, 2024988479bda497, 415dd0e89d31d070, d82ee0f9810625fb, 97c5d5f129090e59, d334b7d1853c0a14, cf173642ae0dd203, 939d5eda3196a9a9, 99deb87e359f408c, b39b3f860b881343, b728576a462defec, 966a8d63bcd29d5c, 981f48add12d6491, f599d5f6e5a8ea5a, 59ff69470a12cc7c, e7340885a20b52f4, e7f9fd4d2f93a3f0, 9801835365334651, 21c06205c84c9c04, dc953515c53d07df, 7afd193f2625a331, 9e487c20cd12f0b6, 05c2ab6f670bd431, 44e1631fa23be477, 9de87f7535e5e83a, e530bc633ff9f4ea, 4bea7883cd9e23da, 9962faaf15580c42, 60b00c6e8e976c83, 8ea25042a4950ff2, f1f08b457a510039, d9580cce53fe0375, b3f5e7f7da3dd00e, fa0c44849738dd9e, 7fd6ba8683c973bb, 45711c076790d245, 45f8b476665ff7ad, 1636312275e577df, f849eb94ffd85fdd, 800f498fc45bcccc, 5cbf93756ae58d4d, 8be859f21b52367a, 124f520e67a270f7, 5fcb83ed6e415512, 67efe130223e6a6c, 5b1d478f93ccc8f1, 2b71ee59fceea66b, c0f8002a968fb267, 1e944e9e3fb4d1d7, c2607a4c52b84adf, e1998daaf7d805fa, a138e439f4732c90, 30d346c1eeae1289, 98e887ff566fb628, 68cfc5fcfa4e57cf, c61de054813d5682, d8178678d0660209, 42000ef0b7c58d17, 579a34a866968e54, f12bd99a7d7ea7f4, 40a2bdee6b0134db, 83c3e37ce114ecd8, 1fd142932a053f83, 0512936296ac9c09, 6735c472d945c1f0, 3f7cf94c867d6cb3, 897693113581ea22, cd856c01f0fc39f0, 21edce1e6a08fb4e, e8527528c4c62757, bfa56443b8e92354, af390a05aa1702a1, 688dd6cc39ee4b6b, 16cba38ed50d5806, 4aa7357bea83299d, dcde42ccbd2acc9d, a3f0c2f36ebc9e4b, 0373f38f7a3a2d03, 8d38c5eae809433e, 5b7ca5819a8dcafc, d6c2793c902719a1, a4dbf5a2af52e8e3, 3c6daba3310010e5, 6cc2ee7edaaaf0b2, 11ebb8e8d3228bd0, d09d71361e28d4d3, b8eaf3b382c2bdcc, eb94688a5cedf30e, da6fc73cb797b59f, ddb52bc3ba2ad525, dceabc07f8393480, 7723b2c749ab187e, 1c68f7304116adc9, bdb8ebb60dbef8ea, e6a2aa41a0cd89b4, 6b824cd1bc0b9d14, b7440f89d04b1b91, 18ed5bd20666a530, 3db68ebfb51cf9ec, b89241b73cadffb4, c9372e3390e98457, d94e92796df305a4, 9e0eaffac8c63016, 05899350fbc19b47, 31d73dede1a483db, 301b3ddbb25ea1cc, a1dbc0546a850b33, bdab57ff3f0dcab7, 8f40c4482622be52, 70eaa04e99a7728a, 67f25f33fae8f9ed, 640657f6143bfa52, 19f91eb9842d07d8, cdd0fc126237517c, 91c8505039b57036, 9f02a58efa09e69c, 1597a8278fa93d46, cd9c3c44a3b7fd5e, 6c2e021528c673c0, 1fb241f0a919c1e7, 81db9c76bf5b26bb, dac737cf1c134abd, 3fb5f381b03e5991, c66b9c3f46d4de65, f43a4769dd738132, 7d6e8d6e780f728a, 8c9c38a73435e78e, a87c850b2ee9907b, 41ceb301c8d1dcd4, babedad9a27b7172, a3511611aa03719f, 817ab840d038a2c9, 4d3e5135e19a6b19, 53e9f19dfdd29d3a, 1bc9242eb14d96e5, db5bd0f82fa6a952, ee23fc35f3956962, 2c8c0b2468bef391, a158f0c5a625c373, 6b84bb4a445f5456, ec2f6fec2787624b, c824919ce86ce105, d88e927f690f49fb, 7376aa68119f177f, dbcdfb6489176ed5, 00e6c01f75e4e62b, 4284b6011d4ee821, e6727d61ab3841f4, 4327e6562d6ee00b, a4dc64ecbc425aa2, ab80a4c774bbe9d0, d75313fa7efd0722, 5f366723f1616001, e3984f90d58e4a75, 63f21e3fcd9f7ed7, faad65acb0f369a0, a3a4eab5410660b9, e158199f34dab6a4, 6e08d06995c6f742, bc7ea2f6bd5963f4, 6f6d1a1be2e24f3a, 0d5cac74c12f7f5f, 004abb4518c24bff, 0a8009e2861f4a47, a307121c30a83d5f, f7c010d9d37d8817, 71b4b44b2f2865b4, e88c67bace44ab3e, 5605d50bf75c6704, 3ebcfae66277a612, 3cd935031e7fe752, c1fe076c6f291ff7, 47e41e4a021602fc, d716dd57337da230, 488da8bef205f93d, 08fe306b38b7ba42, c9231f94338d53df, a6055286007352f4, 9b6338038102cd61, 1b553dad50367c43, 223e6f49b6407227, 076a430673773ece, 50168703efd5e83c, ade2ee9d7f3ef9b3, 558932fb496c4755, adaaaa9c9cbf0f30, 8827068a0b25c9a4, 9b68eae7b09a4027, c55704fd47d3ceff, c0cb476a4275f54d, 6f91760ce044aeb3, 0f3fa2340bac5b09, 79e809870cd7b458, aba47eaacf20f784, 9844b56bdd3dd6b7, b340aa8f03dbb5ac, 81320e5ed5dc8e26, f3f35f1d2c8ff749, 3b818141b8623789, 7c2d976fc405635a, 0443254b6aa1fe24, 97aa7252b3ba83b3, c899e7f673c71188, 376892671bfd2da0, 01c194cf5ac0dc0f, 65a9d602106e4fb9, b14da18c651d6326, 4e52dc8ef3048dc2, 2856376bf9ccd299, 47a77b29aa31f052, 7a12903463b05cb4, 87c588a6941496f0, 67f57ceaa03fefa9, cffc71f57d81efdc, 197214f01512b197, 3709656bd24ddc91, 1f5c1ffacbf08b43, 54201e541a477ec3, 56338b9e523d8542, da8db9c18f633ead, d7b7784ba5512d3f, b8c99e90ff0d0348, 96f30a2ace7ece89, 46da30daebf9e72f, 516dc58161f8acc3, 5bce977cb61eb11a, 97715f0e9f73563a, 0713533af023a7c2, b51a3c4fb3fb9bde, 5469408b75526a6a, 41a4d7a1f56a1f60, 50cbe1e7b93fd296, 10e48456638c687a, d145a81b4e323f1a, 62b3ef23f7fec586, 00871d10a7a3c3b8, a618276be176b165, 853a435554dd971c, 92ed4daf18a25fcf, 3c7e68fd7545be95, dd90c3b1d0d691ce, 2a13fb35f971f714, 9d71a6ffd945f2af, 4a680a355420b978, f765bae87da566e9, 0613eb7be5720cb7, f43e3dc1144bcb9e, d4243c351383c0e2, df6e3327745c0f28, 6991bb3305a893d3, a1b2db30f65c08f8, 9be5156311788e6f, 1f8c6aecc70127be, 74fe27407f05275b, 3ebcc236d88f0906, 934f4e975bb016e3, 013444a28d51ff71, e2c4aaf1f8afdfcf, 839cfd25700478be, a6bb7674ba14d4d1, 9dd7221d1decda65, d16b63263b760487, 66bf8f9026f1a9c4, 8d938620e1e2cc3d, a33aef25eb8104e2, 22ec9f89c8d46261, 0154144cde69a325, 0a9f187f5f996ed6, 6baf83d5e1dbd640, 38f7ddb2ee4a0fbc, 36ad9a56924b57de, 7d8b191de25674ac, 929824aeb1a6a6d6, 403193c667441bac, 392f5f7b6ccd0e2b, 81bf10f549084349, c8ebb816686ea6ce, 4665d0e861aa97f8, ba04f89d1068d399, 63e6edaf444c65ec, 34b1f0827d22c86e, 641cb03a5c2952c5, 251938e0e9dc294b, 306768f73c6ceb66, a3c293ca0b07713a, 7a75337f8156d95f, e90fdebac7efe798, 8f6d0941b7793c1e, 6682a7a54792071f, 1b0793c956ae837c, 50df618da3f74abd, 3d7867d82ba3b3f7, 0edf590f65f8f5e0, 0861ee913f50211e, 739f42f6bc6d9995, b873a4878368d4ca, a4e7e0f920fc08c1, 1ce8a5bae2f08d92, d715bd3a88586fbe, 754cae2d37273003, 5e3728d379785291, ea5ef975f124c711, ecf69493d1689942, b4ca442b4ac5f925, a0274ae80ad46e90, f114a34e22d07166, 1173a79f52df5322, b9ecb874958c2b0a, 17011836bd62a22e, ebaf1025817b4f34, cc535c0b478d1c65, b454ba34a159fb14, 14802a8525ccae36, 7dd891f3e2ecde7e, fdae8dca5cda9481, 95e26067cf01b86b, 82c8f54ce3c0d5bb, 8ead64da688293f5, 771ffb7ed005af6b, 518fe625430dafb8, 3544331766a9bcaa, 6c0014870a0d4072, 639d20ad6f124069, fa923a81e98cdee5, 099cf35de799a47e, 8058b1791d1201f6, 6ffebbb8d3cb974e, 0a5a43d8efd1b9a5, 1d7268df8d1ef5ec, 7deb4c5fbb945c7c, 72f6cab63b9bfc45, 03046426e111f0e4, ce1b595837b31bfe, 89e35ec35b2f47f5, 7dbdf0e7caeff0a5, ed301c75e56af81f, b92cd9088f68f467, 483d5290c83864f8, 288469cad7d42e7f, 757c0a684d739086, 6248ae26930d97f4, 19b6d7ef286223d4, 9fda05c8de0477f7, 9cc8a44106db4e3d, b9c2e95ab44c5fb8, 3983ed649c61b4fe, 8af357a98a0d7ac1, 93e8a93c335e4c57, 735ad65e4f42a7d0, 261f96230f5ae477, b3ef6d8258d4022f, 4be05035568b4062, 3d46c367776841d8, 060a98bfa9ce09fa, fc0660495a1a76af, 26a0bbcea79b8cc9, 1b27f6c4b31f0685, 644343bbf4190758, 07474e719ee11521, 7ec1f46c41cd54ec, da6e7b8a2d373e05, 6d685e6962dad8e3, 859494a789fef3fa, 3aab80193fabf283, 56cca77c95e044f6, d34470b5c3afb622, 6bb7763543f0f403, 56e7ebbcd8ca74b0, d79bea18f475e638, f5df77c252551228, 7e7b02fd9d60e3b0, b3c7b2f51676ca71, 847e22f76b158e7a, 96538c687492ffe7, f9b2b3bca1e6d3f7, 635f34ff1557b13b, ac75b40790ea7ca4, 852aab956b8e9f8d, 38c2993960c5d909, bb5f147f8346f08f, 7f6247ede8bc6d55, 0373ae895d7bc3b7, a9ad36c99fe87cbd, 347264d5b2f771ae, bee0bab2a4cdcb3a, 9b7614b1072c9681, 6ec91a7acdeae46e, 97d4f84a53d3edea, e170f96723f99adc, b7551f7ff866633d, f2edc59e7fbb3cd7, eaf9aa73faef7058, b7f6d3a55fbd34fc, ee57cc3426c3958c, beda37782751fd56, fb04747087c9a7bf, e5ac18327e151ccd, 6d9c27645b5999ca, 797e45d73f1cdcf7, b5f2f59b602b305a, 9a23c8d55f96ae49, b6b870abbd355a8e, 65012eb458f5b662, aab4c9bd34b54dbf, 25dd06c4ad78ab0a, 05e844c37f63cfb6, b90f2782f5961197, 1f1ef3a1dd8e1f62, ca4a3a08de74e367, 475772d660acecfb, 35e24dc67d3d1e26, df243a0905bd83d7, f7c8510e0b8977b8, b2595925b68eb4d8, 9c6efba8e35f6e5a, 80a4b443cdb1d3ec, 46929cc46ecdcbf5, 7e00c154d69a29c1, 89f9fdaa6c3c4b1a, 7cb9d77d8ec86ee6, 2ed32986d474bc62, 77ba985547e557b5, 376439ddefa4a241, 57cd6c00e58f33e0, 04b3d882a90d9c6d, c34cdc79cb3638af, 8da9adeea48de618, 8ae627e6fe3349d8, 8e13ca3501d95938, b01d8d09203fe75c, 0667d5bb0d60555b, 7818ad4a79dcc1ce, 362f540ad6bbd6a1, d0e8ef723cd109bb, 43c8415b1206dd54, f96b10aa03e86e44, 5dc5827afaba8b73, cad76df592a7f59a, c8b69b767400591c, b9179cf0916db5b0, 72ecb08088371053, b15c7979dc43ca9d, 798f582589d3bddb, 984bded51983f73c, 7edceb9bb85ab697, de2f4415a7d860e8, 629b5fd367c23eaa, aa19fed6b23bc821, 48f1bb89760b5bf3, 17f3cfeaf8be4aa7, 7db030cc329f16b7, e88c748df58101ad, e269cabe2dd4f1a8, 0e90b3affd4aa750, 7c48ce37b41e5b90, b10538b4c46d7832, 1f9d788c5c57aab2, bc48a4200492d973, 7ee3e3d174843d5d, d8901e5234e6e0be, 1f46da8038e7d945, c2e509155c53c167, 9a5e13342261c366, 106e5603decec58b, ec056836f977822a, d9ba8b869ad47cb3, c7d21402400e1c04, 9294a4d781b77878, db8dd5682615833d, 4f545fbdb75941d2, 2427f596f2349051, cd80af7eac49ea14, 46d89f51ab2aa462, fe1387e8d488ffde, 90d86e1874a6ea6d, 8798c7666e74c0b4, 082f4847f452c7d8, cd3c0d8196f311c5, 0d09c0af18d85134, e338d2fcf4490388, 77c4883ef8049254, b96dcaf93b4e3ef1, 087bbc02063a022c, 41b6d924d96e79d9, f2bb5012e7da9017, 89317c12f735754f, 899d011658015a49, 28233f6f866a24a7, d2cf695f871d9e30, 0bdb1e7765deb54d, 559208312ec18076, 3ddd851143f6cfef, f6db2c8262c3f137, 026a808bcf2c640e, 9eba7fa9c983616a, 2417800e0f073dc1, 50d614c62940709b, fc3b065966e47884, 9163dcbbfba464b5, e6c8f96a98df4fd6, 889500fad99c4a31, 94167d22ffb2f6be, 9858b3f828b1bb5a, 0c94edbbe26514b7, a026b639cad328ea, 8b12ee39b9e69326, ac974837b4ea7cfc, a98d90cc41de4f23, 1b89645f45bd9ed2, 40b515f9603653b3, 751b18376ae90fa0, 95499889b16738d3, 75a5d1fa444f5493, 52666c07f28339a8, 2e8362f3d527fe3d, e97ab4ba7fee4e8b, 0b9c0366cc34c9b0, a51a041a61bf139e, b1ce442d04c688cd, 56eba0f07396d2b9, 9b870f5f316ed363, e8e970d148c1f28c, e3904f1c5f851488, e7a07f12464af41d, 7c066c5f9326afb2, 9722396a254be1f0, df851a2348c4f9ec, 8cfd4d7286752ac1, 5ae1da6320789dbf, 7ecb74d0c7dfe4fb, f141d9d1c5864e1f, a610f5134308360e, 1879122002d0a958, 0f2859aec8254baa, 77ed550089f2f837, a4fd93ca5db372ec, 09f51a7199bf3e3f, 8613fc125644eabe, 4a645ce30011bc7a, 618ba5e3e8d67b3c, eb93446e66286963, 62bf1678a97b1375, 08fc362572886265, bf0b07e6088811af, ae6a9c437acb4622, b890587449431d33, c1451a022cb36832, 2803d9e275967bcb, d69d0108981aed6e, a0965684ddbc60d5, 4d4706c65789afc6, 50672b5b18d7a134, bf398a0fdb35a398, 1499fef98e226347, 73313c2ed08603d3, a8d47ec18f8bd208, b2ff83765df3c599, 2f12c08ff1c674b0, 4c754159c935970d, 1cd9ad8d7a4ca53d, 4b0a3d1284533593, 9d6cd93a1171d199, 0982aca18dffde95, 3b90d3c734e10a1f, f5a92e9ff12ff7b2, 56e9b09b5a9afe79, f682b9d486377a08, 4451ae860750a50b, 4ee9ce71b76327f2, 2c7b0cf0c72c0033, 72e2c50813ffc813, 59f0f56d04c6d0df, 8d273f7cdc9b8d87, 3f475adb72cdc9bc, d5a6715d5eb12f5a, 566a8716ca33a3f0, 10b374d943589c94, 94ddc190ae06a5ba, 97780395eaaf7401, e61cf5de0ef3951b, 2abf872fc7e5bb15, 698ac2ce4b303a07, f66949fc2889fe13, be743c102175034a, 252af264a32bf65a, 71ab7f6103712093, b32e8d5d1aa0e1a7, 9326f1028fba07d7, f431f587aba1ba00, 4d8c16538f47a3cd, d96c0d782c906104, 82eeb26d056fdc64, a9bfc0f18aba0c5e, 840798c827becf8a, 1a360707012b2d2f, 242ca5afc116cc45, 0ccfa041b45e95da, fdf0b1da4dc74d45, 09c0a5b7c31e8c20, 8d3b5c07e23c43b1, acda375f548f2417, 873185cbfe58e0be, 7df4b1b342ce0b0a, a44ea03cdde3ad54, 488194d2ebeb8936, dba6e58f99b17e8f, cde73bbb284132c8, fb57ae18d3d76891, 39e4f3f3a8445da9, 44c79e92687ba665, 617b92b8a49c4b10, c55ba510380bffbd, 93fc7f9d0d86b1b4, 897a52763d5e4e66, e317adc3702e9e34, ebe9877f035e56c0, 187b63313d46c813, bd6b0090799a0f51, 50098c00488505bd, 5389913ab350e41f, 370e5bf4ffb093d2, a8730df89667fd00, da53cefd1a6d7537, e7750b5f5763aa06, 1f5992f5cd82aabd, 3d1fbef447738dbb, 10daa6c163953d89, 2e0a5884da7180d9, 7ca4b525c3e7071a, c66701e8fbe6b4ac, 98c9e754c65f303f, c77989a30d391b62, b84e72d1ebfea4d5, fd68cdaf1f1876a6, 27f7ed692e5767aa, 6cd35ecc7428fab2, 256e73a2b838841a, 83f462213d4268c9, bdf937eb93edb903, ef0318bf972ff73a, 96e4c6bed673b172, 890cdc30ce2a4129, d424c078ca0efffa, 11d284a4ca4e873c, 0a890a3610d6420b, 0d4642734d6c4c2d, 61494ba6be358c8e, a4d4898896e650cc, 0e382e4cf24db166, 417411fa18f4e84d, ae5659cd5836047c, 0cb7193a35084e2b, e1f8e035912dfd77, f77da444a36d75f7, ed4b954f71097abf, 1fc249dfb6cc050a, 200c8f0aabe04980, 18eb82790e5bf378, 00d91102f8bbb8a8, adef2e1493c7fdbc, eb0d0e12cc61edce, c7aca2b10fd4ac87, ad14eeb644d9692c, b681a76195bf5802, e65b52d744865f43, e97bac0645af36ee, 08befc5fbb7195eb, cdd1780fedb5c0f2, c12583eed73df0a7, bc182af38f2966ac, 28576cbf3e5abc2f, 588cfea6fd0e7682, e8e8a2aad8a84fe5, b3e930f231df8003, 4bd2ea9122f71840, 3cb0eec36b60f34a, 6ef9d0a189e7bc17, 6d90ef56a8abdf2f, da8f684d94781f3b, 1bf933ceb64d0f18, 68acf9a63c630ed9, 3ce7b893010d62bc, 4f33d59fce09488d, 960b8268153be457, aecebffeaaad6320, da390414b75dbd68, 48cbf2ff41f7f70b, 22061bab5f1bbddb, 94154314f855826b, f6240755f5d1f61a, cbac43f6275473ed, 402be973542eb15d, f0f6f0599569e0ff, d38896d2966fea25, 5414f7ceadfc382b, 2fd5d67bff650812, 1f8729bad8af9e8f, baa96d7fe2fc42ee, 51ddeef3fa5dab7a, c6a97ffe26adbf95, 57dd77cd89ac044d, 5bbf2b5d8e0ea347, 776828959dd8dfec, be0f1d00ebcdedae, d471c9844072d247, 6d34bfcfb3ad0586, d710afd786c05f6c, 1b38731d1a8b52ab, 75cee4a0165b5e2c, 9dc16479075f72cd, 0aaef1079d2c88a5, ed9b630e60a83380, f34704161d195825, 01c37df7572cb0cd, 1f88f606907fae61, 3b8ec6852228e86d, 3f1b4130374d6b69, e674ea54aafb0cbc, 8c4ce45e7b2f0c27, 8b2aa11344f0c77e, 943d21605bfaea12, 6a044a26a8d83d68, b20bc105ce9c7d54, 5421deaeb7cf22bc, b04f475d7bd8cfe9, 8b399daf90cf5a8b, 696b7622f6147670, 6156d1655b93cda0, 58dfb9b8aa23e5d0, 28f3945d29741331, 649fb01aabf24708, e4abcb34a0918d59, 76c0a754aad9a275, d68d56ce640f602f, b5b990360ac5aadf, ed20fae353c81204, d00512c8118a1def, 05ed64191d460990, 2a7441038c0d0ea9, 67c9b4b8a30baad9, beda18dd63a713d7, 97fc2083c5b13961, 947ece07f467074a, 2edd054ddbb74320, 726d1c878ecab513, 1a6dcaa0f47ea26c, f853a0c5854030a0, 160e2e17d87ae507, 38eeece26596d6f0, 2bc8c2f487345559, a8065c960eef2897, 313d9be0e32e39b0, 7d5203e075118060, 37593e71676007c7, 0dd8d779acdfc5d8, a84db006fff2c48f, d7c8c6cf1272fd40, 872413fe10682cee, d5477263842c5d5b, 5984e0725478906b, 71d6b795c459615b, 745eb58b27b07d49, 316f5d1b262b482a, 180d30af70b86c54, ee178dfd37057900, 0d49f503ec1ec9b2, 9b10e5cfbca9b577, c3624b901b2983c4, ee72b4c519840aae, 198f9234c31741ca, 0688cce3df574de5, b9df93be1cd52f53, 7c2034cdb4fd65c9, da82554a46df5a33, 645e60d1d1f664b7, 07e361985d9f0206, 2497f088937aaf13, 0a46ce56b1803f84, 79349e2d2562f5d5, 41f1e38c440a23d4, 3f573d7b3a472ed7, b11514791da4ab16, c485952e73f1aef5, 209ec52d7273b0ee, c7ff145cbd83cdf1, 5b3d68e2ce089370, 7a38cd7db229b060, 560f681b4de4f6d0, d069167fb98136eb, 29474610e21073c9, 41288a812e24a135, 284c746fef1ea6a9, b633cdaa9ffed160, 68a9430c81bf995d, 820eb300b863a0bb, 69c9a9ffa60f95ba, c1850025744842fe, bc7701b6a0c27fea, 8f559d055dea8e14, 86f999a602dcdd8d, ae7d2022f260f1f9, a123de9a800502b7, 4f7a5af2ff61e642, 10f7de2fa146b5c4, 449c5bbc9499b6dc, 97614dcc35e53294, 58167ba8f4513ea2, 2f947b5b830f3302, c4b2b323f39a2989, 2920b65545857337, d37d06d466ec685a, 94f5a7670726be49, 147e7d6b413be50f, 338c6c1724abb4c4, d11da3d03aaa5019, 2c60b3fa0ff1e727, 6503ea8a609809f7, 6a81fa69e5ceb743, 2c5433319356e08f, 55931d8425b59a4c, c32669af9f064e69, 1c837ba1a875ad3f, f01a5f5be4773348, eecfda8e0085c075, 78abc01b980ecfb0, d3c01d677a6ea91c, ec6f97651a278199, bc14d16051fc1917, 8a00e9b100d42c66, f1d3496072c78ced, 9513f625dac1a490, d83e9ffbd46873dc, 658cf0032f8c97e0, 21c58e0ff98ba0eb, 48e7b8aa54b2c55e, 84c2a33178559c59, 17dadbdedd45ee6c, 3e4c8a57e48f66c7, 7c428bf822491594, fb3cf3aeff8be2fb, 9bb5c19e26d77a96, 5c364e665acd67e5, 58164d4b55e32c61, 6481720cfacb8c98, c55e1c22d6648515, cac5b90befba606e, eb41cb80c0f23a95, 87b9ca4e28747fe0, 68c28d4d15ab2614, 9c7d85ea7e013eec, 33f7e8edad8f2838, 65d81fe10b8bf130, 58a3a3390762a51d, 3f1e546d7dbaf1f4, 6fd6b47ca10160e1, de4616b73daeb13a, cb5b4d87d455dd38, af8c356c47d0fc26, dfceab2f2764909a, 7ce8c64689bdfcb6, bfe611184fc097cc, 77b9911745105c14, 55e212d25e89f7d1, b9164050edd5a7aa, ff6089fa1e92c0d1, 8ecb524db05808a9, 8585ba7edba6a389, e06a285c77e7d27d, 79d9581a3d2c53fc, d82b42c63539c8c7, 43785d7e7d139d6b, de3831dbbd27582a, 430c48b936fe7ca3, e929f79abda8a66f, e8f18f47fb8149a6, b24722758709d2f2, 733329a33f837843, 242aa87eced2635c, df07475f4b05fe8e, 6c9d2e409b4539c7, 3968e2ef594b5dbc, 774b8e3d8d69c506, a3ed302e039511e6, 5f88a493ec6d1bc2, fd1bcb0c6e71fbea, 7af78bb8d9f2999e, 832a7fedf4fa5977, c9ece418dbf4ac99, bd39e36e0cd65a46, 8c4a78fd1e092b15, aa502753fbfc77f5, 3e249b2d1c0f3cc5, 5d36fae160c3f952, 5799d3d0d493a99d, 9d50a3ad48b7b77a, 9ed74012a930c851, f2d929cf0a2eb993, eb5639178ccd742b, 63f8c1d699dae21a, c107b1e13dfa0e0d, 2f0e64db5ca9b752, c8814396f35a911f, cad1a316301560d8, 3866b13304211bb1, a91ccbeb10d4be42, 55c6e83ec7037542, 151e07801b3455e6, 6e85328d11f13bfd, ef5443bf7f586385, d71b1b72be5231f1, 35674f64821de0e7, 137362156c87d474, 0d383fbda4b5ade9, ebc2fea7e216c494, 0544e6792fda1068, 6e500bdb0b39c91f, bad6488fb7ea4642, 8b1fa8c31d470f45, 8437f7712d0ad057, 9429a5ecf36161bf, a95482a2c88f28c8, 8ba773fc0b9bd68c, 5e87b9808e402a4f, 42602c84456f0d82, 0957b409261f41f7, ee606637cdc5f936, e9985370dcc3cc07, 767ed0e80563fa59, 5eb5d29399920cf4, 9f356837368d879f, 0dad5c6bcff4e2de, c59c5e95bb4c9aab, d843fca0ecacb7c5, 0f1f69aec379e0ff, 5e5eacb8d2f9c515, 2b53f737f23038cb, 418735b723a0107e, 7af3a706cf165f50, 1328d2617444a231, e8f4692cb08a07f4, c043e8ace807b7fe, 7e5a19b03f18d786, eb8d3fbe0c547ed8, 3dc083568fd93b40, 777e62737ce1dfc0, efe110661739a1c2, 4e3bddb823b4d9a2, 075178a2de45f027, 2d0d50c3845c20f2, 167cd34e064dbddd, 1bbc06c7d67a3595, 98cba83ac81eba92, 694f01efed3e72b1, b6a36429a4081301, ab377d2c2aa369e2, e0d3d0c64b5abbd7, f374f1247289e238, 68e5473745c24690, ccb2210510ea2839, 205c4905e0cbf519, a1c0dd380b9f611c, 1584ef849675f36c, aa53394edf181723, 656c551a974d6df0, d56f336c0a67ffd7, 6a837355184fbc67, a36dafac1ad496fa, 99f4a4219630233d, 2252b48406828292, da917038fc3f0e68, e6e5ee63130452d4, 8fffb2d3092b1528, d24690d04cbc0e6b, e242b0a73d0acc42, aa8b3a5000c4fbc3, 384ec6cfb35876df, b481629798b0bb02, 63e6584d7dad846e, 160d79f4f7da1ab4, 21a7c2eefcf177c9, 3cbdd3a1e941247f, a447fd494983cda8, 5cd283fc9574ca7c, aa204d28d3659199, 1c443b4bf4e50f12, c465bd74120b7506, 22e3b161590f1976, d8a4f14cdb4a5584, 755cb125c0dba5e7, 8ad5bebe8b1c7618, 7c68053c4f7de574, 9a64b7d31e6055cf, bd8faf1cb12ed9ac, 67f492ad82371a2a, bd5368895bdcd1a7, c5e5b9213866ea8c, fb7c11168d6bc0af, 80dad238e419a8b0, 1b96b65a5d340b79, 341443e59ab95ece, 2d81a48fa6c64c51, 51f5f8f83c1ae8ce, 6c2c167d348c20d8, e1484d7e2f9d7359, 0609a27545b8b2fd, 6580b5c344ac0e96, eebb382c06191323, c50ad82d203b0c1a, ac1d4845e6b6629a, 219fa9bb5a87393e, 76f474702facca90, edc89c9f0edb184f, 759b0e566b4af3fc, a1e6f925cea485bb, 2dbfb59c4b52d782, a45ba491a0067122, ec4f2454d565dfba, 538a8e3fc5da4094, 55a3d617e744d239, a6158777728d8d70, 3c4990ff352a0903, 330ef735a40ad404, 3da5dd212c9b0fbe, 287b0900d5465c23, 18f64e701498278b, 93bca6a482cb5298, c2489603a09bf1ed, d77cde7464e8564c, 6bd88359c1706e10, 2a638aece696b343, ea5c6edd487ae231, c7bf79c6c85c7798, f9a5a79e3ad50af3, 4addef1da65e34b9, a029fef24e32c3a2, 3684f89fe8a20b4f, 8b3a271bfa1cb64e, 33156a8e0e6c2b34, 741a3ca0d94c16e2, a6612f92d5ea5182, 4a78fd776f64b1d0, 20751df9be92ed1f, 64858f150325efc5, 69b5cd42a8ee8d1d, 78fffe79ad862007, d6d104fcee42d123, 712f36bb17d96468, fc2fb236b10283b1, 1211b255140bf003, 36ca477bcdeb7630, 6fd7dce56fdb064b, 41663940397c127d, 2a307ab498fe933d, 62cde9a2125525ab, ff90aa5da9399d3a, c08a11039546a848, cafe530a276d7891, 90db6fd484b1cc5b, 9ceb295b35d200e2, 956f44587742806f, b26629b2d8b12561, 3d17114e175f72b1, 8691ea4f5ad7e007, bcbe903db53267d8, aecea409ea1ea4d4, 8c4d979fba10987c, 25b4fd05ca950f31, 2fbd70c82687aa9d, e9a7db418c0654bd, a0038cb39e90f322, b6de7b0131e07872, 1319ac889d9896cb, f26b26f53052ddf7, 0237df4d30a29f9d, e95912b4cbe6f097, afe4a688a3b1b2f3, 44af1669562a82eb, c5b2816f177853a9, 2aed88995db8f2fd, b2dddd21acbc6796, 68503264316e9296, d8f45da22f8cb9b5, b7810307344f4b26, f227ec9df16f76b3, 4af42a0818c99678, d78a51a091c6dd74, 32343d0b8d3cd4ea, 4b1a9922ca87f9ca, 389540f50d0275d4, 5696599ed8cc0e85, b919a8bfc7e7a3cf, 02fdc0371b160ef9, 1d5df1d16e0a7e25, d661387d787f7f6a, 6a26a43d5fd92746, 57f6dcfea98b15f1, 1bec36e61b27346f, fdf1329511e556a0, 667e1f14a1af1538, 3eacf1090e1b5f16, 2ad56e15d47d8313, e205a07300bf8102, 68c1d28337c56793, 0c4f654b83e26bf3, 169b47fad46bfcb4, cf7f36b6d784bcf7, 05560f99a982f26b, c0fe3e9db017e688, a6e9a0eb1019164f, 822f8d60578c7c92, c90bad8de3a05156, 91a215de0667bc0e, b73321e53bedb49a, cd72c73df34af107, b592f3b5a1bc4b20, 0ed77a22ac888b90, b5b8c28c2b8f1d58, e766fe4bb137921e, 9622147be2742362, 1b7c394d5c9756de, 9712c74607d7a6b5, c5309ceafb0240db, 3d3e2d1d3f4f4f38, 82f0fab4951690d6, f9b97dc2096cbae3, 6f2e08916a3a67cf, 8493cd817c456085, e4c621685a1d153c, 23d5ce8e41d13e91, c7df07287b243c55, ddb4c21d056be304, f7d7787ba336857d, 05c9a2f472b6d59f, d4e2aedee2af729d, 8834f8491f9cecf4, be48b3102775053c, af436f7fed8b1fde, de1e8e7a7464d694, e712f6ce036b5524, 5261f8877c0af045, d28f0ac9d21d03ad, f6fb816a8faa4b4a, 96f791da5f70dcc5, f41cde74728c4330, 560f37c9cdc9267e, e87d091a5dac9025, ffb6c580ec04cb35, 73c332464a29e164, 4d2c40762525ebdf, 97c275bd64ab99b4, 49b4e338423a6b4c, 76d0df8b8eea597f, b72b0b9aab6d75e3, 0a578d082c0b9625, 4b30f0d3f0efb4c5, eeb9a21396261a70, 0946df0a82a99a88, ae5f4ee677e0a288, f476978f7cfde46f, 00c5f0c43a6626e2, 4a9bdf488e5032ee, 53b37ff25a1f24ec, 8e9d26e0de100da3, 31acadf62ce65da5, b4b96e01c179088a, f31bbf0ad4f5b371, 79d2c9d754f42c83, c0a5718b231c4966, 0cffaac28eb739e2, fa6894297d07d569, 6804a88d90223029, 8b7ae29f94a259d7, 97c2df9616562090, 1c66477754e3dc0d, b3899871a1734b78, 08dd18a0fbe1660e, 1ebca5ec3088970f, 4939ec25b2a1beb0, 81f78de7968f7220, f2c56f43592b1695, 4e210e1ee555f485, 3ec680b5d807c29c, e271c9fa0909a5ef, 489b1c7d27101b39, bedc581f934e0fc9, d335e66c6c65d533, 146de4e6a4e968f6, b48a0c157a3a7d3b, fb4c793c47a80bb8, d1cc41992086fbc8, 67895fb751b59476, 97456b63d40d5583, 03b7103c50a6c728, 47349c323092cc2c, 77ac408e648797e1, 45c354ee35870610, 9fa8c011c4234155, c88880c0133649f2, 3ec7f3dc545ff2b1, 8d0dcd505634f244, 34d04bd0ce5de491, 985776cbe26cee2d, d50fb4f595361134, 3c4c84c4c1aa2c2a, 1252fabe92ddff61, 039a0e637e62d2a1, a7ab9ed26cdc7a30, 04b9c88bb5cbf334, 14d26e951fe91a5f, 4dea8d1b6d7916d5, 45335df8489740fa, e8fd61b83ef29683, 9163e6fc842f8c73, 2fedcf1d3bc2e9eb, fff27e59b67b003e, d8c220628e6b6719, 5ab7c77d12eb2aff, 22a9a369c7956bb9, 2e4a4f3c80dc89c4, c725e83c017b69fe, 52e1b048fc253e0f, a319ef14568a46a3, d1033de81532640a, 44d928a00a6070bb, efa80b11c1b21f86, cb7020f73231035c, afd6af3ac479a682, 4e2884295fc38a48, 888655e98b82b793, bbbf9a7f32167829, 2eb0fcc572b1c86d, 6811ad5511480ab7, 4e343c5cf0792499, 5b17eab6e056a202, 9a7ace90882c571b, f5e77f3638510114, 64a84da83616d92a, 49a619a99675ffbe, a540f6db67bf8ca5, 07174e7d75041b97, ab1d4d8a4cf0809f, 4544533998e7a279, 30c4e27e3a6e2efa, 2d1e2c3e515f2199, f28c35a233208a50, a95324219331b846, 2cc585bf5ccc572f, 1bb7a31b97305fcd, 6c0004a63fc72651, d6d01fcbb4542e8d, abe9310f71a71e32, 8fcda103e5be78f9, 40e54fdbbaecb026, 9f23e2568aebe3ba, 34750e8f5d88eab5, e93dd2cb94409e56, 3a50f078361f2b4d, 400f81772fcc2ccd, 4c939fffb3aeba44, 0a8f11a6140d9433, c0eda97be1fc9398, 2b044eb10823fc76, 7bca9bf5a17d4631, 2c079cc99a0259da, 4a9eb1d4f64af3e2, 0608b084897f250c, 79fd8de2549594f0, d710b95bf1dd9df9, d25dfa7e47786115, 81c87932f13dd38e, 1af1dbb98fe1096c, 082b80a7f2ec8980, 22015cca912c7b63, a41c5ff71195607b, e232b775e4053bed, 93c72708b973ecec, 70ac23a49d17e8c6, add76c093f3c44c3, f5ed07abf13edd06, ffb4fc8a9102ad53, 4c5620f2892c5354, 636ad10a29ffc04c, 777d09261cf49764, 0a20867a184014ba, e8bf1d37e073ddad, 1d327e58d75c79e6, eb83d8a2d7cc9ced, ef39cfc442751b4e, 38f4efad1c388103, 21767bd98aa94f86, 0e980f9a15c6fcb3, be850796f771fbbc, c685c3eff1e653c3, 8f191e6687deed37, cdbcdd4b36bfb56d, 5ac65837d78d2ba5, ed001d57e9f9474c, 6f89da1a4883b632, 13391c1004f2c79a, 8bcadda16d217226, dcc6e05e8feaee9c, 605fbbac3d77ddf7, 599456b820228bcd, 6a8d7e0edb0b6329, e42784e576bf4261, e83be3c492768b92, 595dbfef348e0a6d, 844451f3ca9105ab, 161d693f812e2584, 35e544f0684923d3, e45e79726b3eedfb, fa1a81a0e7a5dab5, 112279d75115e232, 1a831655beb17827, 48ff4b3b1a8c3252, 4e437943220ce724, ed118abc7ce6246a, 009549b5ec093521, 9b04499c3d74ae3f, 60b1ea390af82844, 9db9c4028863ca9b, 13e1a39b73a9f327, 6a38bddf445fae96, 5a774fa7c1614915, b159828c825a823a, cf3193533b8287a8, f9e98132af3975da, 91a783afb247a2c3, a2d69247b3f18e42, dfc4f05abf1e4867, 424a6067265671a3, e2b86b041584ae64, f38bf4b74feeabe6, 26fd41fa518efa52, 893622643becdde0, ecb6a5d59556483e, 0ebef24fe404ea18, 913a1a53a4d26749, 52f03590d3f07a5c, e74b405f3ac8c36f, 0fa3c56b98a3e772, 7ddbf2ecdf00c2f5, 9b20323f9ecba071, cfd9473b0a82892c, 9b6b1303b467b599, 67bad6dd334d9524, 710b324eab9f1b7e, 5851d8d5332b1a19, d78f294547ce24a7, 742499d1770ba7df, 9b50ace5e6350463, 56dd22f8e8a7e711, 321a39989ae7e227, cf5c82007bbb2db5, bc350fe254d3ed16, 4086a24971d55654, aa8a8d34c3a04e2f, 4449dd56cfdd7159, 2151798bd9cc7a59, b1ad4592d281593c, b25bfe2a413210fb, d41d915df495aed5, 3882f594d6eff31f, a43f8284324d16cd, 84c1776ecc7c697e, 365628303b8cc87d, a466737a11b4a681, 5cce494977e5514c, ef2c7f88d124768f, 3137a18f182d9483, 23990b37e6ab4101, fd6c3bd4a521b29b, 6fb9c2b98c8d22af, e534bd63122b04e8, fab84bdf1540b019, c23bf41ba7db5e53, 6a9e481a0deee074, 28f87e52f5d469a8, 9e0d2f2ebe5a9dd6, 4b229bbddb6cfbc7, 77b95bbd4c25971e, d59cc62bbcc4055f, 8aa41c4131e43454, 84fcac7d7815f2b4, a89db7583c311434, b8c05aacba0d5f97, 92bc6d43861ece27, be757dbf49c6929a, ee370ecc450ba9fc, cc2b4658ffe9451a, 6d5e50039d03715f, 72743791db354830, 6290ab090f2b0373, f72fa66cc73a425a, 1bd014b789c36691, acab1836568b63fc, df895f3da73305fc, a0ea99e33c6965be, f74d81ad0c54169e, 7dd0db96a139edd7, 7272bd5a6258f505, 9d433a00e4af5314, 766e6e31892e7ef0, 847a004731185844, 9a4b37c569da54bf, 89ada92c7bc10add, cff4edeef12a3cdf, dba0ee4cc22db7d6, fc2d63f5665a9824, b82e581a3f1f8b9d, eae9a94a38d16624, 146339e877a08c42, 923aa6a31f790ddb, e4f0a3043f3755fc, 81ab92cb63f4c352, 4c4c8ccea283bc3a, 95227a50dbefd6f4, 51ba613a38771682, 08b7a08bde92f5cc, 98c32b82f8f8de36, 5907c2a9d3686848, 0572f90073c638f8, 81acbac9b98c0780, a738d71755482244, 6358dd36f8b2859f, 39555f31f847511d, 8e09c50a38be03a2, 9474fb2a7217247b, 45e8240426bdf05d, d8d654ff9758ab89, 40a51f89d5e73fc7, 29618f0741ac5542, 08b8de338e6a68dc, e5bc088e84927bfc, 897b945c891ac4e5, 979839ed1eefd95b, 944b065c06836064, f823c859ac63e698, 4d8d904764d5fe83, a24918e0e220594e, d90581087166bf27, 9de676ca8ef3b51d, 365ae920fc5ce5fe, b0cec920007fba49, b78324aff0525df8, f19f39d420cca0a8, 8a9892039b7d578a, 3bb29fac80d0a863, 759660d12fdb28e0, b7a5c55a59e8f816, fafa4920ab25064c, ac8e918a890a57f9, 37944f3074da002b, a8b2ae3445b6d8ef, cd379c37134e9d58, d7efaeabae48c73f, d2485f32812de9f7, 032481781ed134e4, f8c47f148cc3bf90, a1dff01dd0a78b6a, b2078d6a174b1987, a4b97a2cecd7709e, c6228a5ab2de430c, 3bf186a7b8c46b8f, f1e317ee4383ac63, 1de351316443e045, 5726ab97e28be322, 6a93f11de000bb5c, 849825d5226b7a21, 3b826ada28923c15, 6bf77ee5604b4c6b, 0a7921d5cb1792a3, 274087e42eba09e5, b4aa3d10e35403f0, 711c21851930ffab, e303f844679d0f33, 50539fd93b389377, 07b38cf0dffe102e, 33421c0ed2129cd5, 4788f80d85c0e92b, 91cefce09cc290b9, 3615d338f918cc55, c267fd9d60caf1b9, d4e04a835eb03ccd, e38f101f454c7d88, 41aeea0317377809, 61885ba4eae05678, ec222293fdeeccd8, 369a08968441233e, 495d431d83d52517, 2b5c7259853a4d23, 3e87ba1a1e3d58ee, 45f61ae06f623243, 29e4afd6985460c5, a376375e3eab3464, 448de3c4ff2bef13, e5ac0ee7b823374f, 4c781e31b7252721, 2ad82b887bb59ba5, 7147d28c04d88985, 6dcf0b23851fc061, 68a52bf1a3993e45, 26ea56030aee1c77, 5772fbe3d0ada213, 6d848d3f03d84df8, 5f8b9de3b9793e6c, c9104406fe1d453c, 755011e34a6f36d4, dee99dbd6e590e82, 42ab5cf90403d94d, b8467413140bfdb8, 1e51ec0641ebdd75, 46f34e3746403f7b, 39dbf628d42f6096, 50111d7d2eea9508, bda62036f0b7584d, c632e71e685d9347, e168427a962faf61, b9cea7cf4bcb8270, b18ea0ed8576e39d, cad2dda2e0a1861a, e08148628930e7f4, 6d8aec1375773446, 0448d00124379bc6, 8c5f411ddcb6426b, 019287c073533013, 0ed0f17f95401162, 1cc7b7182105bffe, dd78b94522ca3aa0, f147fd851a5b4cd2, 538bee3941e61e71, e587f6a1b558010a, 65410a39077b884e, be5526483f4bc167, 1e72eddcf91d01b6, 0e9d63d0bbd175c3, 82e1047eb7ae11ba, c0eedb7fb95aa1a7, 047b35ac8d431ba1, b2e9e4e2730933bd, fc5605aae448f6e4, b703a74f8262fd3f, e79f89c9c850982e, 25461ea6fad99e46, c22671180beab165, 52f0d80cf2b4c3f7, 5db96e84c0722694, c3de90fded713968, 04ba2b3f0d97cfc1, a64a1ffff48b3b0c, 93eb9e323e6a6e7c, ed6298d2a95f8f91, 9cbc95186980361d, 97ba379b7339171c, 2609f9b3745d982a, 220e21985b2c1556, f7ddd8badf062f75, 2726038f1694be8f, 57648847555f09c4, fe94e99afd895b5e, 108a9282aef68704, b01c5e60d2ce8de5, d93d8881ba3a7e39, c17232216e8ffd64, 8b1de1dd3891205e, f4908ab429c740c7, 906a71c193b44299, 146e58b172d5d6e8, aedf2b6d5e06b7ec, 3dfe293e064dff09, 7ac7700b60bdfc72, a08dacfbc94de246, 824eb6ea0e4e879d, fc9d02b7d1ff9142, b196d830dc988829, 011885c9216188f4, 59512f74ef253670, a73b6af5c50285d6, 5ac2948b676348a4, 30b6446a2b7bf799, 447a7a0b94d71dd6, 9c6c0ad6d39fa49f, c8a81eda7550c2a4, 36577fe2a4cdfc82, bc1857094acb70a3, 8b5f836de27f6b45, dc4922118dcba2bb, af9038256cfa1aed, 0cbb7209b8d1a4ec, 983fc53d8a224436, 7cd02baff16b3576, 260724dedb677028, 77f52c1ed747f426, 91553dc1af7edbc5, fe598466808f92ae, 7bd9044bfdf11b23, 43a07b4f5cbceacb, e5e3ac3a89fa73bb, 178f7b2727182631, 4c5820661f318d26, 91051df7f95e2ef8, 5fb2eb027b1dbb1f, 41d694baf983f46e, 9dc6bf388c94e822, 4616d55e067f5443, ab4bc53d35c1ad12, 8de7e2e0be1921ad, f22c2b8426ced22f, 6e627dafb1fbff3b, cf3281b745ab8271, 710d0c92dbcf8c97, 84a0a7d0bb049be7, 5ebc784cfa01d423, 6de0ed42ee63411e, 25804e9b99b3887b, 2eef0b592df4f480, 8b2db2fa16625100, 9cb1047e2e0aedd6, 94e2b8d29a1ad6cf, e0f0812e60fe94ff, 3282984d55906164, e812d81bd0452180, b652655552705935, a2fc067daed579c8, 84855994e767a088, dd548342d6932fb4, a2a4a1e7018fdae4, d80104f7ddfa4342, 3ac470d8bb176442, 6581c418c18673ca, d255c477b10cd9ee, 0f2dc2377adf7972, a9f8b63af7bd508d, 2f24f199f795b859, 19189cede8a7931d, 8cec9f38684187a9, a2b3c3d4e1b9283e, 86d243d3641a299e, fe101ddf8ad6f2b0, efc4e49a056dd392, e736f082e1f212c2, ee75865fdf169822, d3617ebe94bb4714, 370627d486cec624, 190d9aa04f8691f0, 7356bd0f77b0f66a, a01828b4d07d1a40, 0ad16990c8a2ca78, bd655c846e8a1923, 41fb89acea59f491, 1757d5c627fdd9ec, 1a807fd542908adf, 45dba7f0a0254543, 4e2de573100a11d4, 1d455ebe6b5a73a3, 4eb36d7a9f88ac22, e1ec860b5a4defe0, 6ae4cbe160e9d668, f8463d7a88151241, 217d26e2497252a3, 81905bc2223c9a46, d11db1f46bba4d3d, 5671358ff24b7147, cda7de3c1e69a1fa, 22cba57851ab4387, 5066f8c04b45d2e5, 9961b9ef393b4aab, 0f6396b445210ea0, be6a02bd145e4e9d, d3b8688813ac0011, abdf1e7d4403c53c, 4d45319b317b4ff2, 400e35c1e8fe6bfb, 4f1fe03a9bc59375, 19718c3bacaafb8f, aeeb0c08069eb9b4, 0e79b227a78cde1f, 5d043d705dd0403d, 98bc9817d03c4889, 970cf229cae9afae, 77e87c9695a3fffc, d1f405dc2445ce8e, 8f82a73e88abcc94, 0b00dac5cd9acd4a, 1679a0d28707b916, eb8289b798f5e767, 937ad50df390f8de, 5ad62e2dc9115d8b, 545767634a7acbeb, a6be94665f984f70, 5013d8576dc33cac, a40b5319cc0e1252, d9f98d7c3415b9ac, bda21c672eeda2aa, 70803598e3818306, e58edb03cdd5bda1, 16a939c74376cedb, 1ee1361d63912965, 878a934006903927, b0eef8b1115e7cc3, a8de79ab40cd94df, 7842e173d630ba3c, 26ec040ee91a9393, dcaf94da85b0e093, 22112e56669bf78d, 43e64f266f9b574c, 5035318b8a2d22ef, 48f0b04c820d4aea, 6abb202387ffa795, 0e6eead4c9cf5bb7, 694d5e6493440996, df08bbd697ed65d2, 592d862469dd21bb, 0e526e53fd12eea1, bf3115bc5bd5bbf1, de9b131e0d39791d, 63c88aa8845dc0d4, d88e1eacfd4d1333, 99bf436f649ffc7e, d3c38a074b2259c7, f37fbfd3d81193a5, e9920e09b616a325, c40eb5387bfc6728, 5355622f7ea12074, c4a51521b3c5cad8, a4e474780c70efd7, 0f7cf7975d94a14b, cded994da6cdfb1e, efaf437eaccce900, df0fb69f29aaabeb, 833667c3ff89fc64, c474657ac4b13f1f, 04a49b94a6a80256, cba1d64853fff66d, b8e9cd9fc9059c4b, b6fef8f635e90e3a, 2043ab0faf2dcbcb, 7fa8ffd39766797f, 74016d8eb41e852f, 0565b876b1db3ecf, 1ba7217006ccd91d, fbc1dc49ec6c4c27, 96bc7fe293beacc1, 7477ee8fdc3e7e07, e2c29f301bec549e, 01ea42004e78561d, 0d38c54264dc4e01, 103fe4de43758e3d, cc61e66b8cc53bd0, 589799579706c937, f3f7e9963f5559bb, 173477de3ca3c874, 9d7f3a4075ff925c, d4214bea24205156, 23542a94f959acb8, 46b918903c136cb9, d0b60adb3d081363, 673a05fc273385bc, 717f968de9dde780, 4f39e6de36258a77, e0ad53f92286e6cf, 063ef624a26186a0, 050dc48fb50c75f9, 5c44890e7aa1dcaf, 4e3aaf9b47d1b9eb, 264996e17b216dd1, bb0150724fcd7733, 1a8361645e949e7b, 120802ffc7846921, d9ab564dc5c67546, b7534d8fdbf2a137, 656d25266bed1e82, 730ec26a98d1df89, 5a1a53d1cf3f93bd, 16afcd1be02069b1, 370739200bd508e1, a65001792e4d48b8, eed86d2efc57d702, 8f8ff525a5273f69, f2f2d9d83a2217b1, 5d703bea61beebeb, cef10d4c7edf9efb, e97443e3928bbafb, f6c3d93dde49317c, ce8fe5017af863f5, f015b5b97753db8f, d8263accdb18508d, 901ac00b1523c449, cfe4040f5707598e, 66b713d4c6c6ef44, d126edbf04cc1fe9, 30d40f1bde6e0c24, 73e98d850fd51220, b73879b033f1186b, 3d266650cfd01de9, 8f2a1e7dc054040c, 857aa4e2299d3527, 1aa6cbb3c81e151a, 2fabcc2ca555ad4a, bd32886f90c49994, fed947a8d022c9e2, efda3c7437d3d1d7, 7c0c0f4548b409ba, 3a5bb2295dbc3272, 66d60cc8d621ea1b, 4679b031391af971, b3e1b0b0d88fc160, 2f46c22555621bf1, d5f3abdc2204bc21, 1f96940a85af3b56, 15216e940aea9d49, 2e9324a3ebdd3f32, 003abb9634f3bbe9, 742abbe4fdac11e5, 039368361f924766, bb23e5865dbf8e8e, a77c2e9e14e24d50, eb4aff37491c5f19, 5ac6ddbe83b6303f, 8c1adc1e274472d4, 540ca9e743471a24, fb0e8590fdaa782b, ab4811150e3f5cee, 763cc0156931d119, a74c82288658f48b, e7af6be1339e3b60, 9e455eee03f11975, 046339172f4fbb20, c1ba759a85aa51a1, 2005414569fa8762, 19f029e04698d17e, 9711c8fa07ac09b9, 6ad24c2d0e38ab74, 4b9984becd2871fe, 230bd84fb817d031, ddebc59f74f85ab0, 3c133f2ceef14e43, d821fa9d14fa6c84, b9b8eb011fb7acce, 5593798adfb6b43a, c23c83852b1bfe8c, 9f64f49bce541e0d, 1c1e725fafeee3da, 6f02765b3f48d60f, b2a6f26c099da3a4, 169a8f8f5a315243, e0025fd1fc12f06c, 2ea3d399a6378d09, eb5d6b1c08b93b0f, 2d68ca2ca2303402, 0a98f92cdd3fa283, 719c75524ad35b54, 22667cceca7656b0, 3f62fcd791926fee, 93836bef5e25d863, 52912c5b9c4451bd, 268049031c535753, 2dcf7af9249ec373, c20920ce7fa1e1e4, c25c46ff38682257, 0d11f77aefe0dcdb, 5366dbadb5471b9a, 1788abaddca08c5f, 5808e6f371c65974, 018bda738ce8a183, 6ec1859d3da29b65, 8f7682f69b6a77e0, 4fb0e209903d9547, 1268b7806ba70417, d0d2061e3577eb5d, bb8e509c42bee7a7, 6962805a5c516994, 2d1d1c60277f3308, d47ebb55e8cf43fa, 9ca3101a93b30841, 3cc2e0d9940afa06, 6fde8e1f2f2e5d68, 8d07a4d17eac47e9, e2d38241553c5cab, f92a46334024b09a, fd98c3d02c2d9cd9, eac11c655a6644ee, 69436686a54a2bad, e94b3fdf26995c87, ed86792493f6d83c, 08bd4204eced70bc, 77f80b09c49f0644, 370fd6fb494fffc8, c6672818ae56bd63, ee31d5feea90b1d1, 77ece1af04ff8c40, 656e64618f56124e, 7417ba930e23f6fe, 87783965e9d85b0a, fcfe5d124fa929f1, 5514b1429149b3ae, 0aeae89054119f86, 242bb5b836fd5a6a, 3e01e6539e693c17, 4563b6e9f8eaa5c0, cc767886d5b9f282, a6b57020957712b7, dfd0f5131f6c5ba5, da7f9f4aa3555701, 86e61efd2f2dc023, 5d4acb0d44f2b49a, 82fa8f0581dd63c2, 4c1175e011eb1d58, ed6d52a82b5477eb, 4262a05a3969393e, 81bb7f074e92e121, a6faed0ff9496754, e4d6fc2712d9dc5e, 056e4a80b571a4b7, b02604abac5baa9a, f46435f7bb61eee2, b7b1b23a76d2573b, 388a95a514c664bd, aee3c3493fe7cfce, ed44c20e5233d225, f0c3ed9078f08bef, effc851b2e6bee61, 8b01bd999bc3355e, f78aaabd83828a02, e95c40f0a6d0c7ef, c01874a4154b4725, dee062fd412422a4, f7424ed890fc86dc, f8ced55186e76224, 34209784097ccf92, a4c27b0e5f84e3c9, a54a72f09d382a4c, 1846cded2f6af9e7, a62b5b8d71029f98, a24f63777ac68f32, 8c6bade000c9c917, 341cb0c3ec7902ce, 2a8489a61b2d9425, 7017a305732c9854, 3cf37c23aac4c80b, b9bcce8355bcf4a8, e1e997e62a79a7fd, 9862cf18f5b7161b, eef6ab195c73aac7, 7cebda8834d5b076, 9bdfc1b68eb22431, a580d44348b2a999, 821c7039778f1893, 14b8fd69a9eae69d, 5830ed90b94d7029, 6e8defc3c1e6e759, bf090b64621bab6f, 92f605cee1d5e906, d0bf6fe6a08a758c, 0e2bf6c916dcce2a, 336d5adabdb41d7c, 99b1e5190458d838, 8c65de134a6b17a4, 3977e804f281ffc0, 28ff389a19641df8, e22505c20e6c2221, 4968fa473a49c059, a7c785ede50a7a1c, 4add8405bea669a2, 3fc4d9902c853b38, aa9c10d0e6565208, 610608bad542528f, 2bfcb610f21412c0, 02e07f9096b363ce, 4588d216bcbfe15d, 3993ce6a7b27542c, cfefadc495f85ca9, c51a1bcaaafe9037, 25f8d3d5b6c139e8, 6b9ef75c05718bde, 317a35e76c2d37d8, 7f36903422db0126, b09eca9dcd44c910, 87a979d3cfda1014, 821050bea9024018, 163b77a17278be48, a02c9845c4be76bb, 00e45dbed36e46c1, 14c3925bd8e072f7, eaa78f44a0f34fc8, f74b0fc84127e3d3, 0214a9ba7821165d, 805f3bda0c160bd5, a515755e2cc9229f, 19f785af8695212d, 56185595d5bef84c, ae03c7823628f8b1, 4209f279ef2f1ba4, e6b441cb5cecfe13, c170f4f83c6025e3, 22fceef509839351, 55c3d28533e07901, e0d884510bf21d3b, 85082b976ae6f871, 1ab218741e03db50, 125b3db39f3249a4, c61e08f6f0042b8d, 3766652f3370dd35, 3ccaf02bf7d01e85, 494f0e82b2db3671, 14d63ca114fa1ad1, 255cd96564c2ea70, 4b674c2e38239036, d31033ca220b0b3d, 4c9ccc7a52c8b7b0, 3f1f8789ab60b0de, f16ada26bf6c1923, c2bd15d72131e2ca, c7cce7aba44c05a4, 1428641eb732a1b4, f260c5fb25cbdba7, a29d828241a81bcd, c86b4e72bfb40628, 0ce358901d8f5ed8, d0196191486cad6d, 406fb59d098b690b, 4540cdd33da51189, 2520678bd438f222, 1230ab619046208a, c77126f3205b449c, 4f892f5b4c1cc441, 23c05e26d1d8fb35, 202ee9ba475fa87f, e40fac2e620cc6d4, aafcf99b0fbda70c, 2fb09c4cb1279021, 6eb32f732200af6d, 6579a4c9b943a299, 12056aff1e5e64f1, f96250bf68318b94, 5877b66e54dd299b, 8e4afb9f6a814c05, 08ca5f3595065117, a0f08b2b280ff505, 7a98911bee02b0f6, d81f8936d38bde00, 1c188d0fd4fa55a3, fb1462f6e3cc3697, 2c3c391a14d0c605, adeef3e59ad8137a, ca25c751673a2008, d6ae00be146467e2, 27bcd9c83967387a, ab558be8ab85c7e3, 5c383eb9bf7b687c, e23e7a5544408cc1, ffbcd378fd42faf4, 0e30e9cdf5d69481, f53336cf5dc017a1, e4d207d5c40b6d3c, fc29406545d59846, 4db27bd7c252b322, d07f1b038114b2a7, 7f1c82f4263d6702, 2e3724752d00dabc, 26db2853e9d96591, 3813eaad24fcdc56, c808c8780850a4e8, e67c37a58dc6109c, 73928f466159bb67, 824c69a78c138034, 7624072318106cc4, ce4dc0a6c160967d, 4f753c27a6d9453e, 6a3432632e9ef107, aa4065a01b9d5419, 467e028a450cbd3c, cc5d67ecdce54ae9, a7b3cb2d9033717b, f8eccff54a85c213, ad1093c94abb1d65, 67b307b8c5c0bbf7, 202af6ff92ee0bcb, 215417e86812a1da, bfd8042e9349477c, e06e1357242b123e, 2d0cb34e4505bd0e, 4f8e2634751dc0c9, cfa52f3a435f1cee, c701e92c99b2af70, 5d478052e8b0d3fe, 3dacdb78810e7f23, 830728497c033e89, 51e3b4394be2a843, 9b2ae3004b233874, d25957149ecfc8b7, ba235f659d70ac9f, a0feb0bf4c088f44, 9c94a6c785e74ce4, 95ba7c133ae47040, 256169f481deddb0, 5ee8e93d30969b34, 7ae4db3a369172db, 2668a211e6a34bed, 7a7980832eaac209, df6ecd91b46f3cad, 297a4770a210a5d1, dc97dc80d2ca0ee4, ddcb4d77088a3f09, bc3c9d239cf04d36, 51bc5e6aa0323fe8, b6b60cdf67ba1464, 16bf5a46c28fe983, b7b4340ba5d059f8, 425535be72a3b879, ec106be1885ce8ec, 3a83d22a42bd31c6, 7ebff8a38c477c4c, 4ae61178769353d4, be7b062335e330b5, afc7757ebb3d333c, ee79b54199b1b6a4, 114fd0afd2c91d19, a23ef23f5a5c89ff, 7101a002ce1c7670, f8e5900773fd9d47, b90f6902ab6482ed, f57d5a0906e745e3, 8bca9b6560ff77d0, 126744d28627aaf7, e079dc87f7212fc4, 59e6629d3e4b7aab, b79c36866ab17cac, 82d183040b3cdc5c, 237031cd33375096, 4d5e8a6761786c8f, 590fced72ccef52a, c2a87b6ee8e53142, 4ef8e57a9b1dbba9, 77de355560046882, a064a51e33fb46af, f3e2aad7bc74a261, 65f81c94c70b423c, 8a295b50793c66a9, 46eca8acff4517af, c6014fa45974e38b, f3783fc3aaa4da1e, 7811422e6afe2fc2, 5397513d943fdd49, e0a6196f06207549, 73da09e245e0f4f0, 5aadcf777ddf2d9b, 588bd6779315b4ff, 9055fa768d946020, 49616de111ec2c54, cd6a72765d736731, 5455c81230cbf0fa, b1e5a6dc197710c5, bead04890880c518, 203b5462f8a3fc60, 30c05faf9a8cbb88, 91c7421819ed1e93, 51f869495846d791, 4dc3970f5006bd8c, a7bf636c7d57de70, 75566996d2c56e01, 35a0d998214384fa, a22b6ee943caff44, 18c1d78c448557c3, 209e7b14562006e1, e0369e7ccad7b5a2, 510a603c34283593, d2b22142e00d9213, a9227b3dc88151f1, 640847f8d22c1d41, dbadb78cae29dc75, 4e1287326a2c7072, 39ff7023a1cf6a54, 0fcd765b0d278348, 3b1bfd404d437552, d0d7bd0e3fcd601c, cbe18cf64f967ff9, 7244515aaa6b75e8, c2ebaba79b13dc96, d846dd14ac0cb8d9, 593678cee6dfd373, d76f0faf7e067798, 1da71b360f6d9802, 011fc08192eadd0e, 49d063723401ddf8, 757fb445722df782, 4245475b2a8f7b94, e53e255ffc93dd07, b4326a638be9c0f0, 7cee03b5ef9b4bb5, 11bc8c7a76e6eccb, 78cfd7340e24e81b, 9a9720656b98479b, f55738c8330ae500, dcf986dc6e137320, 00c9921c01a7aeaa, 94b118ed7748ae07, 2ca4a9037a354f8e, d8a1404374e9e59b, c046d01865ff3177, 8f4717386a8490bd, c082594276667e54, 4537ece7b66eea82, 812c7284e5c01ed8, 5c3d3cd9596f4ceb, 8e7b48986b6d0614, 9e0739f2255e882c, e91ea4da34f9968c, 686ec7130a084d2d, 4f962ae70b613fea, c6504c4238946de5, 696a4d2736f0a835, f9bcbdf5eb102bc8, 0455b46d1aed3f61, 5f9330c8c76d3fc4, 49297f4b93408474, 1413cb9ef87bb4a6, 45c33fd5121a7639, b97628fbf14937f7, e14cb947e99d8d7f, 1f058e8a04b5e128, 544de45a334d0335, 1ec0289f4a674840, df1483471dccaf20, 3b467508f50655c5, feaa4e72aa04dbb5, 8bb3a3ccff277f46, ba3c0eb6c8b2253f, a4e09feb5ba1d6da, 1870bb8909ef744c, 4742d4dd94b66c6c, 26009638453ab78c, aba41818fbcc9829, 6f3786792412d86c, 7e7d141a6e5c461f, 6095541873405f29, f5914bb729ea5930, 1433385cf4627340, a51cb780e595f48b, 8e6e60c2fef94008, 1e411a518f1f803f, 46c0aeee54c75410, 9aec961bc31e6639, f7260704d8990720, 460f354bbbc80f75, 6e75411dabf4b81c, 4c74c85324baec28, 70d0f16497b73781, fbd9de9ddb0d9eda, 9a06aaf3fb148548, e52301a2ee346283, d390f820cb0602ed, a6d62ba6e2688912, 2f154c5b7bbd67ef, 0f95b713bfaaa026, b233d3dde91dc719, bd9308980a7550c5, 23df2bac952bcb53, 8adf832809e9fbf7, 755277ddf83ba467, 0b582e808c4f6b68, b608a707ddc8afbb, 4e5646928f9a9662, 7bf3a54a7d298d4f, 63b739b946636944, 505f19205d7e1533, d6f65c3664910fe7, b41e80ff561f5e3e, a29fa3126f92740d, 6b172781333647b0, ba5a788ce39a9cb2, d9c69bbd189be6e0, c2b11532c47c2e25, 728a7b9ab18516f2, 3ad27423bec4687b, 77b4391ee8f436e4, 7939be3292d9b4db, 3a1737976794adc5, a47b01b67972dc03, a5ea1f9a19520288, d992805fa41d5cff, d16fdf7fc498d3ab, fd40f500a4d12f39, d54e0048dbe93e7a, 545cd7024b0e93fd, 15f17ff15329e6b6, 474e11c27ffb1a8c, 022242a208df1a8a, 45f2f515d673cfff, 8fb0f34f04eb1af7, 6c1da5b1d6a50cce, 5f074188d8abd202, 7e19b1b3771c48f1, 97be239b5f91918f, d79c7d1fb2660487, 007d2d161bf9aa07, 6b59267e2745b256, 9b2c07cac894063d, d7904cb3ca0d6b7f, 607b07e8dd89f2dd, 79842c9b5b570e22, 5f742dd7d37416b9, c5836e00c05d654a, fd00986cf3716a0c, 281c35bcd69d5669, 45953b3ed5e6dc41, 3ee312a5820d48c8, d88c147a0fc04cd9, 0da5605495e3a25e, 494a1651e1f2fece, c35bd0c0ebc0f469, 8b85cbd9cd43ec1e, 8d97bfccdb34da7b, 2b195a2ed81aed0a, f1d000f4b6197043, 267fe25939dd0a39, b4d0e654ddc085ce, 313b9013b15f15c6, a0d32725592ed5ad, 56c2a2e13b3f2726, 511ca4f71811c154, 63c6b4af2b1e9586, 1fe9a9f4a729f69d, 545b11606ef264d0, ba2dcbdad7167dc6, 8accbb0f1b0a93f5, 969fa4031b567e37, 243f123a75b6e22a, feec368f78001d5e, b9172c1c51819a23, 26abdc7ce2b620c0, a7ca5cc3e2d2f31e, efcc14e2ea0fcb23, 60b26f4f9b1e3801, abe137db3c8a1929, fb870f654dee6df0, 47d097ff9d4a76ad, e944acbc861a5841, f742b15741495fea, 309a22837b9cba2d, dc3071a206a54025, f26687c21e54eca8, 8ced416f61a82211, 61fdb371c65ae92e, de1eae22039286e8, 77b97f9420de9d6a, 664e890a302c62ae, 9a7e099e32351b05, e031e878c816002d, 3955aafc5d997867, 537b3345ca1c8642, 7624345e440b9a0c, 9459e50b51cfa67c, 65b7d559af174d3b, 774d1ff4e7b429ad, 526fe17a8529ef91, dc2ef350d1920619, 0139ce2b0dba78da, 8ae2cdaf62e715c1, be4485c8ef87e3c3, eba0710dadf22e3d, 247c0790996cf844, c5d63e1b7b608569, c1c0d0eb8bd6b864, 0ae6048a3483570b, e832c76bcc3ed944, 0cb123635e6f0d47, 8349b344e9c5f955, 5982783bccadeffa, 5f34570aef970888, 5e7c261f52dfa073, cb82bfdfc3c52d97, 83b7b78cbb57d378, 24e6fff94106459a, de0b3cf04d9b38de, c39434b476a3d6dc, cc5b2cebdb359d9d, 58256c527d1a6b55, 13d863ebd67fb3b5, a89202c9cf2d5ba8, d5d6ade466772712, 65a5680c2c2ab6a3, e62e04059bd158e9, 5c003f062f205ab6, f38f986bb70de78b, 58ab06aa22763e73, f0bc67ba79db4753, 39be94a57d49c721, a318c09c1490b815, 78ae924b77a2942d, 58463505106024c0, 41960723e1959f90, 3ea9385cad3a6003, 49eae1c3f33db872, 5d6309997a7afb20, bf69d9cad1e01963, cff5025d72e566e7, 4fc4c92cd97dc625, 2db42d3f006377b9, bd3cdb84d070eeff, d45fa5e7172d1874, 6d8ddb842cc87b08, e1c0c718f6050927, bce5ebac7e5982cb, 268667e8c75077b2, bbfec43ac46a506b, 95e0b7b4df0803fe, 761f156e4af50ab0, 05208b40f65ed24f, d73dc78b4195cdd1, 40b57d970334e535, 5341333d454d5813, 86a529e263d7b748, 967479c4594defbd, a5b45585a54bb53c, ef556a6d6063be9b, d83a9f626802e2d5, 06922ff94110a4c9, bca600aa3c18875f, 50cff6fcbe57d8a8, b579428702dffc2e, 032a1c1b939769bd, 9b55abce482ca8f5, ce215dbd9c3147bc, a25bbfabe161eae2, 5c8d99b64e3a662e, 765001b7160fb473, 8377b7e3fc478f27, d09ec49f218348f1, 0462997fc6847f7f, 70cc549c0960a0b5, 2b421cc864576782, d239959cd9a0322f, 4b72504d1f7aca24, d02d543436e7b659, fb5dae0dc49284df, 004b5f10d30e90ad, b4306f6c1710c393, 4913db9dedd63db4, 2414339bb68a818b, bc9f13201d61c131, 62a2ba2b2932aaa9, 8eaa97253f902c74, 6b3426877c0bc3fc, 2737bfda07e8108a, 85fffa6535d72a69, 047f5904d9964683, 549a6c8ccb1da2c7, 3a239c0fbf064188, c0d257838f48668e, 44d2d56b1a82e44a, 8636760a8b691604, f5dec5e2442092f4, 8dcaf499e4c9db7e, 0a3b37eb61209c0b, 08722f06ed7eb092, c01e3662af39cf41, fb4dde2b2734814f, fcd3f9eb57923282, da57b79e4b5ce528, 8fa43aa51a07ce8f, 5122e47c3ba92698, acb25fa5d8e955ce, 0efc9ef3bdd06bf5, 2be431e2b399e79f, b33394571bcffe05, 8d673e0a421973bf, 788a2e01fab4e66e, 1800f1dd8aa5e812, 5fa0bab8ffe59f05, ce5a2971962bc0f6, b1bbe2fdbd74ca10, 72ab2627398e0d9e, 10b95f082330dcd8, cf64efbe36e4933d, 1adcd2f952e24a30, 3154c3230253e9b3, 905b5323755e4d7f, 4e5419c269c6c31f, da9ced4d33294726, 38a2602773a46a8c, d2fc6606664e9887, 33d3cc9782a3fe2f, 92dd56f866aaade8, 16486ddb369d888a, 89b56a09095d79bd, 2320ec0008ecc715, 0a323723a43d0c1b, bd02338aa8b71acc, cc21e2877c04fd8b, b57dc3adb21d4c16, c1a3c83318f95bc7, 0906140dc70f3b5d, e1872215b605288d, d993032fa038b9a8, 699f60ab9b5da6f1, eb272da7e6fb0692, b1dd80b8663bd5c1, 6839a6bd5b8857f2, 83536caa3f2db9d0, e051c55cc4606185, 05602682fdec2754, 16cd214c65ce31c0, 5c359b13f23c61d0, f474c2f1c3a9b21b, 1efdd5d1a15aafbe, e40dfc4d6b2dc6aa, c116b26bbbadb013, 353c2f5f248b9952, 98f8d6c1fcae62cd, e2c92c5a1d7ecddd, 27e7467a7ad665ee, 9e6a6c7fe28bc37f, d71111b9d4206661, 15e1f82b2cb90abc, 10060848d8786931, 8b90044b1b287b88, 8ed437b659a338f2, 99b33dcae1839e6d, 0500dd97d8d7c78b, fbdbcd6eaad3f1c3, b5488366848f7bab, 24c63b65e9e3fe11, 3c2f3f81baddb8ea, 243e145a4d287131, d55782d013c809e7, 5d492fad793afaa4, 0385b263a75e0d70, 429c9b64c5cca048, 55d3bd57aabf01fa, b8f40a3b45249cef, 00bf9b62935a0f0c, 05d3b789c1cd507a, 7c8546bb2731db00, f266575f3c818651, 3d6a4ed2d98a6716, f8733b481817cc4c, e0caba84987e78b3, 2065361a02ea5acb, 31b7ae766b39b5dc, 8825bf32308ee17f, 301c9e9a5390ad53, 6b14ebe9aba2ac9e, 11a67e275b1754f7, 5530615797535084, 1b85e619d80a53d6, 346d0b699b136a2e, b3800f62fee780b9, d3c470a9f6973eea, 7f1332e3dd5d945c, 7403d51dd035fae1, a127dc56a7c1e92d, 75cb6088b884eecf, 21d3febe7ac06a7a, 1f06e1631599b2f9, bfc107473c73af96, 8e61652844a16de1, 54c725e062f3e6cc, e615b21ffaef284f, ce99f133938db4a0, 5537415efe1f5b77, b382130fe48cdea1, 5560cfbc31dec523, 4284be9f744dd311, a5834ca6b16b932e, 5df292a37b44f90a, bf80f480259300ad, 4a39928270673b4d, dd561e274bef3226, 9cd0f6e3ff67e7be, 5be6e04dd5378b26, 4ac77cf2baff3d82, 5deacdc172c270fa, 4f3ebe51c53c058b, a2cee0a8b12e39ff, 5061642971334e16, 652eb8554eaf3017, c7caeec18c0b6961, 37b460b7695c7182, 69b37ea46ae8fd92, d418181f5fccd5c5, 50f827cf478f59c0, 80729e695c9c84d3, 1d3db261086aae8c, 94016b62200e2f85, c342f32849ea5da6, 4893923539c3253c, ec9f2b576190899b, a12091bdc0e6f801, ede33397f9009b1b, 882ab7ece5439620, 536396563b0fdf53, c46421c136d4800f, ba7078626d4e1fe4, 98cff2f540ce1c4e, 7e5a25fae8a4ca46, cb7bb3b0a93d8364, 7bf14e8d9f41b25d, f331414404152a87, 636dd810356704bb, 94882271c19fd8c8, f23e178074827327, 95a1abd6ad689522, a05efea0fd52b9f2, 68858881b90b78df, 29723cde9546bc1f, 7acf5d7b0a2743e7, 6bbcd28c96a1e28f, cec2fe0e08d79e42, ad65016251ba7d3f, e64064b6ada10707, 829c571a94b09f76, 157190d430267bb0, c22457836f31a627, ea794cfe2ccf02f2, d7fc972f626badb3, c094654f57bcf650, e66bdff85f13ce92, b1ea5443d22a09c0, 4885b45fa51a0ec4, b96b0f866f5ec628, a36b738eb1998b10, 6ad44f42d53a7354, 07647cfccbc9c467, 5abff0d6c1cb8b61, 2e4a573d412e5a14, 2ae7d3b804a62914, 7fbd304d6393cbc2, 5119d896c8252fa4, fd4015ebb4cb3224, bf976d8bbb594d99, bf30fb064548eeed, 76db8e0d31ba60bf, 21da6d67576a4185, b0c33dfb15e8bfe1, 3da6f414740bae87, 71f7b4e56b99f32c, 66f2b6a3fe125bd4, e9d5bd4cd7a4ccb6, f812b67a9ed15175, ce8916b2355f53b2, 0d38439bfc2bd528, 29de5c4aecfda851, f85847286e7a1009, aa9fa5541e96cbca, 5ae46a45630c2370, 6864c9f4c9b4e19c, e71799741120b809, a461bb53b4ed16af, 5e31d4a8611fd9be, c837c52ca65e10fe, 3ea51060c1771c1a, 32f2e7a3c4d0a260, a659fc939da443ce, 2982d66a455bc031, 99de6e68554131bb, decbd9e3aca01058, 74da809759a90d8d, 2b6eba9e75f59bef, 3835e6832fb5577e, 170da5ccdd8658d1, 4be87f5afa7caaaf, b2b1142164137ef7, 27cedea8533eef55, e60597a46a7b351a, 9874c4093a8ff5b8, 10a92933218573d7, d726e429ebd0766e, 365bff78d913d91f, 9cc63fd51cdf0844, c29dbb15840df77e, 9422927171a7e65d, 789cd323d3544954, 4f30af6e0bfb700f, 56689d649dc8c0a2, d1fa746626b6311b, 98353a0030d54ea0, 5c6fa6497579f06d, 4e1b85a18273f5b1, 867aa781ddd85aae, b419ba7d16e67421, c8c61052f6266155, cea4d6ea52863c70, f3b46a7083af6437, 81ab09a0dc51552d, 002e902f5031ce0b, 5178bc223f1276a1, 0b34949af10b1218, 49f684b52008b29c, cf205d81862fbb4c, 3554a057fd82588b, a6d0db3e6a457ea0, 09616d6de7b8ba52, d84c677a65464f66, 3cd3d9dc58902222, 3004cb480a04f8d9, 977de8ed21f394af, cddb0f4c1dffd345, b190fe89354caeab, a43cd90070e5b556, 2b0e07650ef3ea31, 34d4f04054031eff, 18754214affa3697, ff2717fc6a5c1d93, b683869bf5ee3ec3, fd8fc17a70083e13, ceba369d9d99cf0d, 274fa15a7c978a91, 0096f2a2b3eff55e, bb7a39868ea24e8f, 922acb96ed75aa45, 95858a083c4d01ed, 878d7a2373ff7a39, 4c5e805955a5cc69, 0b0a41800023fb60, c768b2d0f8a7f664, 1bac1a63df6213aa, 19f43e11526bf903, ec13e3c539629733, e22fdacdd44165e7, 5fd29a11834e16c0, 58eb934a89b58a9d, 33c64076e5ac51d3, 222c41aa2cbff3f1, 55f89e6392927dcc, f41a9802fec7da5f, 746fdc1ef337a39b, 5fdb9ca0588f3625, 1b9ca53e3450201a, 0411657b23c47147, 2f26cba4945b8622, 9a4b52fed5389b04, 0b71b2626133dedd, 656a147398b88999, 34c4a34c9efd8649, 6aee9945d51c3ca1, 052a082abf89ad04, 808ffe4ddb2cdb20, 91deaa6943b8ba18, 1ff10a2f1e2d9a7c, 2c1916f5c0ebc0e3, 7bf44963e3bb6c1b, 8f53ecae44a6cd05, 8aadf652508b9604, 95b02291ff8dcca9, a67550669b6b7720, d07bddf2771a1bfb, b5426f30051b337e, 70753774cf975266, 02f2b7a311f086ce, c69db35724805dc0, 3c34b4bce6673293, 3e2d142aa6588964, 65894bcf2882b735, 4f9842644a9173e5, a31baef27cd2267f, 52b7734ea9c44591, 1e05749c815f0e5c, 4aa7c50ac54a888d, 978044218e8e8d1a, ff78c66b0f7d4acb, 73055957cca8f483, f68e9e29fd23bf02, eef8c86cce9f576a, 586566faf2cf993c, c5c654a79fb3d208, 2cd7451ba8c93caa, 0c41d9bf614721ac, 47234b0ba5c5f430, a7a77b5e933410eb, b4b995a1d5d4e612, 3bc08209beedec4a, 2dc4e37628d3985d, b734f4624c1f2bdc, b8eb976047be1af2, b40557d44de193ef, 16acc09622c1147f, 5b08a5503f67712c, 41fe83094c64da5b, e1de459558ec0dfc, 63548db8ea588d1f, f9304d9b37b3e58e, bd6d98938c59fb93, 0ff562a82e7f4486, cd71b4a536a8c922, d6dd6f9fc5716cc2, 3b5068a41d60dbf3, f1835ac904a89bdf, 63abf2aaab1e6ad7, 24d886a61663ea34, 2762ceb9a4e38750, a5792162d64b9ce9, 1fa927c5e870774d, e40a11c248fd860a, a9a7f1993d5d06ae, cf73e1c85f5bdd8d, d733bfb826b01880, 336a726005b8590d, 2a61bc40f3e80cb7, c05b10638eb5d450, 0016f4cb89fcc41c, 682f454d04410228, 398f10147ae36649, 95fa25724b8b03f6, f017607507658f4c, be6a8f5cc61d2277, 026db4eaba2cc82b, 386a333ef08b3a09, 3a72748a9b3be8fb, 14203f5b2e58be94, 8437524b906b9263, b53648e856a8845d, 45f98efcdd77bcb9, 8f8f6ffe9d9bc4d9, aaf2bf671b6787a1, 2d4ebde6d09fc19c, 176a40578be59019, a5dda4b33e53b68c, b0fb87ee2a8907fd, f0870e7477dbbe64, 5572a63fb6e76713, 182d82d91c1bc0c4, 1b2d0f6ab4c31aff, 3ae232342582064c, 303dbf5d319512a5, 5142052cbfc31520, abb221af2c5f4e92, 053e5694ade066c2, 5bc5c39a217a3f2a, 83bea9f5264b365a, 266091ba7b79ffea, 01165d67591ce2a6, d07bf6d2e1449b0e, aa66b4f40518ef6f, b2937afecc926430, 89d3a907ade345bc, 62ba5aa3d5b0a159, 13fbd092b3c75157, 491c868e1224df01, b8478f5e4eb01529, ea045b54b4ad9299, b8d9f47c42e5f2e3, 752f6bc1b2efbf52, c6cc0b859924b998, 6773157ccbf7e328, da9b931d68136c88, adb430a85cf930af, 44deac5ec9ab7377, b5c51b19ae82c1d7, e0de7b3d572ff807, 54a4c00c7993559e, cb605313acbda704, d4ceb00dc0e2e73b, 314660026b07a9ec, 5772c72b84978590, e65257994a0f7d89, bef54da9c5a8be2a, 467f1e64d653e409, 3c09db1727a7d0b9, fc832c0b7c962344, 1fa1f29a3cc4074c, ce0ba842a3c05df4, e97a575839af9ce4, 98fc7b0b8a164998, 571860fdb924ef77, 24f32e28298a43c7, ee7cf6548389cbab, d93f706b9a53d6ee, 533a13b03078882b, 3f5c0a4df25a0851, e9142bc0fadebfed, 9ae67d3694bae99d, ff5e2a8ed713cc99, 22ab7c5aa19c982b, 53d92a09d92aabff, c81bc4bbf60a039a, 0858270921474544, f7fb4dbf1fe827f7, b2d6a04f43feb223, a0af1e0991c156a9, bc2494767c5a9b0c, 83e716557b6b73ef, 7114972e38c6da04, c2165879e5b4b1a7, 5ced8374a2619b71, 862262f92bd7434b, 91e6865e39c824f7, ffcab3eade62f46c, cf719ef4e9c6bbcc, a617bea73482a4dd, cb9ce9ca55d0ce21, 68aa8b19b94b8430, dd652424d4466caa, 4f51d9ab4e997b61, 5cb7ccec75450d1d, bc7a9480febaac4f, 9d283ebab0de9b69, fa164d7675a1f12e, f97427635135a6ab, 211ca45b594a1f56, 686a1a82f030f501, d29b1935d7bcbdbe, 8d76dec862b193ff, a3a5f9d2ee63c110, 6bcba4d5bbad8678, 4097bcebbcc1b962, 15e3e734c5935144, f2c564e4f1c6611e, a14daa07bdc5b96a, 76c415a528fd9b41, 8fe38e22cb410257, ff9b5ff29eae61f7, 5679f90cacee14ee, 3c836cfe953b5460, d730619d7f5897c8, fed861cc316dd52a, 3e45c942d782c22f, 796d1b0db96d21be, 616a45689267bd37, b185a9e7f0efc062, 8630a2322fa566aa, dd37640625f390b5, 7c5fbfc5e82bc26b, 100c711dcb7c1031, d2bdef1910106c0b, e8133b0ee18f30d5, 119796d296196fd6, 8a05f8bc7c25c04a, eddb2336e665c611, a98a3efdb9064940, 4d44e81b92d0887f, 181109057d26aebc, bebabe652ae89cce, 20ab70711990305d, 4be8c183479f5096, 1197a8f41fc19c59, 629a40ec7bdf2d10, 931ec077c61539b0, 638b52d1239cfeb5, 1e03b3d9d809ba0a, 0fdef39a8d4402ae, 0ba29d1aaf212d41, e6716467e5c52146, 1e5ade12714fc5e1, bc1719f8bdc3f2e7, 5472b856f8d987bc, 97434486f080f626, cc49fb2b92609730, cf8b868946bda17b, 3c57c8a036fd5ffd, 882f664d21fc723b, 602126aa57659a11, 3cc8f490bf4b0fda, 4c92191b89ff3dfc, e1ef65a9073dbd74, 306fe89b992b0e7f, 458844b494e44778, e61f378632e2717b, ffbd7a9a2650c41d, 2c0503e21a217a0c, d8ec6f168b0d030b, 192c70907e883ec6, ed01a75c683b63db, a5c8cbc988017160, c440eec0485667b7, f0ec73087ea55b0f, 0fd7ece315e35ddd, 2d52f76c598b3877, 7b77a13f981e40fd, 846fa6eacd4404c8, 778089a64ed0e161, cff15f056826d989, eb0ec4d7cb9040e9, 7779b34345ce03fa, 7a85f917b332afd6, fb3eda405bf1d903, 965794efd8e4238d, 1224d86209ed45c9, a880e877643ab2e9, 89c785be15013e1c, 29f2d02381406f08, 72286e95a4e5b213, 643624ad01ca7892, 6c4f3b8bfda3e601, 3c66d8259b15e5f7, c8b6df4f4b40c243, a796e2072ae49567, d2056b3d531b57b3, 9ea9e05a18ed71c4, b94d018a636c9339, 4b024d2c0904d583, b407b7fcb7ad447e, 5e446caa7b975950, 2641048fc3c703d3, ea0f793341773df1, 1ab0b9e6163c1c71, c78f0febb29c2bbb, bf70189ebc198c01, ed7dcc3b11d617cc, 9c48355ec626c112, aea7ce7719dcb9b6, 792209279654319d, 001d3059ad556f6a, 8f6ac95452391f3d, b4e3ec57674491ec, 193976ff5ac25fb9, 0282c66857071ee8, 54b483ae65be5139, 3c008f4839569b83, dfa459fd6a55e7d3, 515947fc5372ac71, 48295faf0726d53d, 0947795cb3fe18d6, 2d4f6592f517db15, 4b3190c064a7b59e, c64c98cbc383b6d3, 60a80bc525dd180b, 16ea37e0067a4522, 6ad9edb13b2dee42, 83e7213f357fd3dc, 55c20fe059b0556b, 6c146a318f585063, 6f03c795f5614f5c, 6499cfc74f5b2113, d3644f51fed1e484, d04460ac8594c9b8, 2ac101d8e0a13340, 3ea96d85ac765759, 5182b09a8163cf01, 5ab8c84a3a76a930, 17d1d5109601066e, 4eb6e46fb5a53a5b, c1f5aed513ec7375, 86c297257db2dbb7, 331ef09609b2e6d0, a093a981753b78b0, d31b0492945ef9f3, d2f251f826185abb, 8af2245a1a8aecc1, bb128a5c63cd0e7b, f31998349d120f79, eaae39381fc02b5a, b0a200fdd8bfd0d1, 0aac97f6e741c120, 9c312a98be479162, 2174aed86408bdfe, fdfff1f606e6c06e, e2e61306c933234d, 1e303db4c11200bb, 1dbc6a72bc74d7e9, 141985f32003f377, 83cf8f49e64fa805, f48d9e735d28021c, 6bfd6195c0bd48ea, ffdfa7fe6df8b7e5, f5f23812bc9d2a26, 9475f4924c62e1c9, cf8606caf142358b, 1411ee4b1248ddc6, 3b298321dd28f350, e89dc1d3e44dedaa, 07e720443f0b7e8c, 14c2c9c604d12e27, 5498f18c964acaa7, fbe9f2b723d04f2b, 84af82448d5a6562, 759f15420be4460a, f03e88b5a1166456, 48985e27dea9dfb5, e82f7ccf1547a96b, 0203007679b53f38, 0489704f99fcecd0, 589ac3fb1c1032b0, 29e45cf7ad0fdedf, c799c08751a0f895, 235775956d0c66e8, 3f6e177c77cdf0cc, a7c55958cd06b80c, 96fe51531f15c5e9, d04f04281e7cb486, 769cd9d90fde3136, 200443eedab5d084, a5602c144e4e0dae, 58b1b1b62d7e2f5c, 948d72ef3a77c93a, dc480d4df3651381, 00e4d19c3be5c395, 20aaef9450af40b0, 1675bd39ee31e822, bf47f8bc4292bb51, 779e192c64b8a6fe, ca7decbcf1f9750b, 621f67bc5714996b, 4a2b6daa9c587b96, 10058e29bde04e79, 03e04bd843da8314, 155d595202236977, da06e6ad7ea4848a, 8a133a28e43da384, 121e99c4f92967b2, d411839bcf219370, c676f4b2ad4acb85, 5463f5605d988d64, 6fab66e8667411b7, 14b6eabd27bb2dc1, aa2a0b707ce83ea6, 5ac0e9c3c121414c, 7193b6cdd663a188, 55998b7eb12c2e29, 844ca33f19f96b60, 01cc484f01840437, 6787de731c387229, 212f2ca206851087, 819babd62a0db1c7, 3df7481b31a70c79, 7e500795b3cb5302, eca5ceb6a3befd40, c5ab80fdb1041c5a, 6d4439a827c0155f, 0378e7a612326bcf, bdbfca34158124b8, 9e9099d5847f4395, cdce8caba2ae8422, ae1912a0c5214eb8, 460ac542ad8eaad3, 46ed273068c6df0c, ebfed148a9bedecd, ccf360e2729fc67f, 165941efdedb8742, bcbeadea0f971afd, da590cc71289414a, 68c205b8f57c954b, 2429b60f4c506855, 1a118e6b43045be3, a4d735d83d7e8745, 74c8a0a7cfec5b8c, d4f6977412c9aeec, df267404caaa0e1d, 7e92e69877a7aeef, 993afe779cde611b, 8964d1b16b699d81, 33f222e0049e58c7, 77740a843a9ececa, 0a49caa57b3c43f1, 618140919f75da32, 633bbe4d6aa47782, 686d0a069ef0253a, 16faa3579c58778a, fd8df656ed7c40f9, b6fce4513beb6df3, bf1d7fb9f0fdc7fc, 55583e3afdf88278, 9263b05662f56e85, a213359f49032031, 4a3d72647c311e18, 1725e8e032d55d26, c700c404b369d899, 43898c489d21fa48, 3934ddfebbf56805, 53a4142f19928aac, 874cf60bb7dee4f4, 8bb220f8a2bbe397, 08e33e148f84551a, 32a49a4927398a12, 4089a4a528ac69be, 7674157040ac7793, eeef5a1ae1bf3609, ca801964d35f3883, ced79dceb87895de, f43c2da8a2e4ddf0, 59ecc338dffe67dc, ffeeeee83b6bf5f3, 08e76ea14c39ddea, 6b51e75cf09343b9, febe13625aa46b83, b107eecc3b730916, 8da6176d9e6e4153, a6a7f968a400c6fe, 45fb2a290879e16d, 574e25c0d10d6e19, 36e7e43675852725, 71062b7c7c05d0ae, 33eae8cabfed785f, a673f246bd52ee3a, 183a2347da5b2692, 39a3e91433ce8a57, 0be2b8bbc8743647, 50e2a7ca8362298e, 446f9b6de4b35901, ab64137fe907a4b1, 62339adcee64afd5, 0a0f71000977d336, edcec6b59cf4a9ff, 85adb85acff8d7aa, c40f48f4a5d589f0, 262268d3355e0ac4, aea786dcb65e8d0c, c80cc404b4e80661, 44d10dacc44356fa, 0594a95c219ff84a, 41dca2bbee9c6a00, fef7cb42c2306966, 790317e92fc7f428, 0e8f1ba62fe4ccd2, e6db3392a7528eb0, 7639d47d3c928eb2, 282100a40a6bf06a, ca834b41cbbe1b4a, e9dde3d0738aecc0, 2cea175f058c6ede, 59e7873b73c55184, e15d73c1193d8f4a, 8aafa98ad6e2edfb, 6a5554d057e5ad13, ca20880d91567927, 87bdbabcf2510fc1, d3205edbf439b526, 8be8f56205592ffa, 400d46ce35fafdc3, e09ee597a13e8c85, 78667c935aaea58e, bfd6eb2e679d4d78, 4c3ad6068c49b69d, 6821fe19f21020e5, ca8d987a1549f10a, 1ec053d748b20fba, f3ac42d801167550, 91da82c2dfa707e3, 619ced814536b974, 423c0dfafa72c993, 1253dcbb5830e0ae, 2c82afea95c44b3b, b011af90872cdfed, d13d132e3141f26d, adbeddeb6b25a36d, 6afd56ad9fe085ec, a1595163d0479365, 6c139b1fac9264bf, 3042fd8c2f227d4b, 4732b66e77747ff3, 73211fb95ce853f7, 74bc55bdca127f0d, b739a3051708f596, d529bba970fcc968, 6387f23a034a9479, 0998dad4f31e6886, e5f8d1ee31a44125, 37124a41d094753d, 3eeeb719c31ddba3, 22d6960733f73a9a, 5f16317d1e98ce53, 57a19b5fd62ea46b, 78a51c1a4e99bec5, f02c3cf49c23d9af, 1f0390587992ca83, 85d9517204dbd75d, c746b9b82568cf41, 83abdf50f51b99bf, 076c0549dc9e2f60, 45a6f5f2db2dda5e, 65abd121fde7a41a, 4c9a96adeec94203, a2ec6b464696816b, 41ca3f5849a40f17, 03f953db580b7b57, e4625d7560707668, d147869bf418b515, 12c21640d463f73c, 00c6abbd4b8e7011, a3e335204054e0b2, 02306848e020b8b6, c147d808891473dc, 6957dfffe5b97806, 5f73f49e6181902e, 20e038612e4efa01, 65742acc13084604, a1c0d3c05b650625, cf77872ce6c95b18, 2f9f12cadf1e0c1b, cc9b12beac08c0d8, 5f607d9a9c88c02e, f9c6b1592b6bb0ca, 6774bbc75fcc6ec2, 0c93df90a56ca586, b8c85e1765c8e959, 778f8aa9bb315ddb, 722a13552550daa5, b5a2eb6313eaf4d9, 6df770950a922789, a86d6a2c382b3490, 7e99d978040307b5, 9e746cd69ca01a8e, 422afe9cfc911fb3, 01b78e67fe4a860f, 533d364236c69785, e1a615c4854b13bd, 6453ca97b469599a, 0e3a3dd34e13c396, a7bfb3231a8db1f9, 210e690036c3b0e4, 9880253cc85fe339, d8a111963b2e22b7, 8252b848324b6e7f, f4da08256acb009d, df2445df1ab2a03c, 667347370bc8f918, 4aca514a7379aa13, 793c8d4822dd880b, d7f3cd61cd98b741, f8f709c166fe9a29, f4c07c195053d3fa, 80a1aa33f7e9077e, c9b1ce6dc261b1d2, f86256eb86bb3497, 682c5ff52ed8735a, 68cf624a171db37e, 6baa2819c63caf75, 2c2092084ee77664, 97e5525832c80313, e5e529d7f9939490, 9295e9d5295f8a1a, 2e90da2dd789d6dc, 9de8692051d92716, 19202792f8d97f6a, a6a73ae9786a93bb, ee10a09091bcb19d, c987f782f2f2ccbb, 1995a5a3a48d6c91, 85aadaca02f7eee4, 189175f9caeac26a, daf5270687786e68, 0b0cd9578f0a1b41, 6623a37814279d56, ef4d5bcddf9ea8c2, 06f3f23fa4341802, 3403cd6e51373746, 5d95857686e038ca, e14d3cf289ed79f6, 0aa2bfcdf09c951b, 8c7d64690dba0c66, ca5b15989ad57ea2, 564ed3c931cda9f8, d59ebdea55931cc1, efd4cd7f51d7581d, d5db6357c4bf7fef, 9c3e4b397fa6ca43, 68b1ba84fe3a54e2, 3c1a54bead94148c, 14a85d94e378ba32, 958f60a479d846cd, 6ca44f058e451163, 1d45ccf92316fa53, 0c14e5198b3a353d, 9ac4dea5b76e412c, 789be97674348c3c, 009ee20533ff4fbd, 4ffe15bac049784e, 8fb4a0d8ac12cb80, 021eba583ed40f34, 95daa641b8d8e5cc, 6f3bc9db45d63d57, 88e0a5100cfad25d, 095ed832621c1bfa, 46ade0bff78133b2, 8da9267c560e4492, 4022714ab47a4a7f, 5353616dcceb8dfe, 77a2671287a5930f, b27ce879cf472721, cfa8cde505c2909f, 0b69528e15d37fe5, 2fb09bb1b3e779a1, 8b37b0342ef53d76, 718d0b8249736596, 9a935f3118f2682c, 09258e8beb07e63c, 3d0e522d12d127d5, 9d2a93fc1d490d56, 72506c4af91f438a, 9ff72e438478e9d5, ce0af137dad6fe3a, 817110895dc9de35, 871200ecb927a0f5, b072c508107d9127, 8071551a4ab16304, 55cf4cd4412fa071, 8793663986e8a6e8, cbc6c9d6e12c0910, 8134eaa91e991a9d, 80ea18b26694b80d, 782b7c2d2e54f7ce, 9ebcd022b5b0d5f9, c1cbce4c6f2ce3bc, 52318d44c732acbe, 7a99865d116823bb, e65851aed54b45d0, 8cddc5ab02b4d18a, 5f1aee88cd1e677f, dec1fabf4acce857, 691bb264588fd85c, 86dad80d77480052, 70f47325eba4dab9, d68f2fffb563d1a5, 262ef3d59514d940, af6486e2ec3a714c, af2907ee4f7a2e98, acc371daa90eef76, 75473b1209e230e0, c9e269a1e3ca9eaa, 9f0d11ca533660eb, 0b24e9791f8c9d01, fc16feb8466c0b95, 0c4b420366c2b3d5, 319a60e63011d2e2, b12f350a34b3740f, 9c9141baf53d8f98, 852cebe0836426e6, 0b9301b9ab30ee7e, 69fa36920038ccee, 13bff40752ac22f2, ca9a6d137f9b20ed, 55b026e0a12c5a32, b0ad9578789c0def, a4a0d3eb8cd8b9b2, c61a7b7c5ebe7d4f, 241a5edfe47432c7, edd705656d0c1e38, 28941011d268ffb2, 6c7f35ecbce2cd48, b4f0383f455fc6ae, 24a9cdcc5577116e, 51b5ae5f0921ffd1, 275e4f028fdf7cf7, d22406b71655770c, 6c0e40b663ea751e, 573b521ca7b6b601, 36b09b26ea7f0608, 6f24fd5196e07292, 2a4dcd8d660f995a, cdfe3ef69d14786d, 5de9107688e01b84, cf7412353497082a, 03a326ef843c3b75, 73af1438b2552ed0, d2bbe83c620e587f, 746b8ef1876d6c63, 0c0edca478a1fe71, e80e2dc52425ac09, ba24c17ce9876555, 213c75ad2e2cb49c, 7948f09a6973aa75, cf9cc1e575788d1a, 5acd9bee5bd934bc, a14c68448cbaa96d, 5847f979e8ee2bbb, a73aecc9550a9302, 45d61eb3a459f51e, 77850d500fa13de4, 208dfd6af500c148, 220e20668360a1b2, 10354c2e422113b4, 345e33280ca0907a, b1371d4c5f7bb81a, 7c6f63ef911b8f1b, 9129dc87838a55bd, 1ec19071186fe865, 7df2b5b2c55b619f, a8d154b232730548, 8be7448662d0bfe5, 6ecac0589320ee4c, 48b5131c1ed619c4, f42308fb0d98fb5a, 11f8a8fb626511e9, 2d720f23d587f14d, 82286b7efc0a5842, 5b7a370ea6c68d69, 456bf8ab968d46fd, 011aeef11f1521b1, 8f0b512ee99fdd36, 364ab6b2c17456c0, fffe9755c5c9278a, ad36399eb95c8ba6, fccb4a0c8c26974e, d8c561c3bf522a31, fb329c67ebf894a4, 41f31f87b35e0b7a, af2c63bbe6e13470, 4b4eb85ef8399397, f9fe3db91e5a3adc, 8b3c3e88c598fcbb, 9c6ef1bc9d0f82ea, 40436acc7fedf1b9, 60812aebde951f6d, 15614a401e4c6670, 2c7bdf1b08044dbc, 102a9a5fcf725dab, e299ecef164e0739, 48339e4094e1eef8, 02ae6d18f24f0ba0, a9509ffdb82d05c7, 8b2bc8eb7dbc0844, b46b2e1eddca6af8, 666807e4b6b1bbad, 42e33f35425505d1, 6110af4fa9980b1a, 86f2b6ed9ba34189, ae063fd9fc526b09, 6db73b7a263e1d83, 82c5154dbec494dc, 51dd1e67d5768685, f21ecf161c36bb2f, 7ac745b6b11cc40d, 8790270d04296c48, f984e0634a55f0e1, 31d096fdf2958426, efabc86d8844870c, 0997cd9787f54b45, 4ab4a8c48606cdbb, 8a74e314d43e235b, 207a3d5d4fca0a23, 4ec445d4fc3d4b41, 03c2cec0847eb67f, f08537db3f5172fc, 48e5c42abeb194ed, a1e4dcf376ac938a, e1d614f2288c13de, a9b15ff58eaa7008, 1f3511ab9db0f052, 7db59551182f808f, 13628c7000fdf089, 7bac25c9f77864a3, ef114b45a0cd1c74, 7c44c99f360215cf, c6dc8b886e6547b9, 29e1fa7237b09e96, 2e108e5c0703d2b0, e6d9069c6588b1d6, 55e8d6a3a2843e98, 368bc3c16ef35f4a, f61eb206ff2e9dc7, 4d975a36836572bb, 3a563073f4b1374a, 4f753115243a8a5f, 405b60f6c8b6aa12, c2c71d9058d9d76e, 2f20e7a3e3e02ad1, aedf94fd79c485f4, df19a748c6b72ca5, 3eaec7df1637bbce, afbcd843393d9e46, 6e53ea5e49eb354f, 1059a07de9544833, c39a3f4ddc21a3d5, c0ea379de55772ce, c1f9385b229992be, b6f113d34606306a, c466f8273c0162ea, 408219a6f7038713, c635106e84d8a13f, 2bd9bf4b9f222cdf, 3609f23f69005895, 3f0759ce5fd057f9, 9dcb028c76605354, 64652ffddf18c38c, d833019e3c5a4f75, 28bee5aab17f59ae, 08369fa7bf0e9b25, 39f55b7824c73e3e, d9fe58c0b5aca4f1, a3154883229eace6, 66ae6eb519a25f0e, 79e8b9c79cbb652a, 6c2a59ac5e4a0a71, d3d4cb0ec689019c, 79f0377b2aabd2d4, 46b45c6ea6e6a7a0, ff2f2ae0c12fe748, f68c328e2c79db4a, 5c1fd529e1d4af08, 9f94f8465101388f, 26ea70b24458f089, a640b47165ee72c6, d5371c706cf91b2d, 441a7c6278d1101e, a00409430c7f6aa6, 2ed94dc17cbe9717, a6799cbb536b470c, 0c0df25b8c86b8d9, d42cf764da8cd0e2, 492ec02efb05bd91, 0e46d5f2636d2298, be5b3765c158dfee, c7233cc913e8e715, 2341731d4b619b00, 09693707d9dba94d, 7cf4d82aaab45693, 8415c4914b2c6b77, 54644fc2095dc50a, 55b270453b882a54, 3e640d5ee793db16, 2f041beebd6322f8, b9b54eeff7602687, 98298f225b83b829, 92b1a394664e425a, 735132ae960828d1, 3eb57ac54eea9029, 744d83994997f160, f7ddc4f1e2edb4f0, 2e4f3c911d1d6770, 1b4b2df7ce7c21b4, 2c0da66042e3ea17, 989a6da6df272e9d, 81bc9d62ee30e7ba, 1af864a41b450cc5, 64fc4d93a6b6c00f, 7b7edfe2fc8b670f, 8aba8f0f6a1f8644, 80a2055f5146a13c, 8a006f9966b6b354, e79f08edfbffa786, aa9947c1ece361bd, 2736ceb94afa29e7, fc0c7f539e82d79d, ca39b737b5d614a0, 3c62ef4fa3841f91, 7934c488a8430f0b, 5f30b250880849a5, 3281171bf4a2c0c3, d1bca1b00e26c70c, 9a026adff6da5904, 3cb018b011378c39, 5ee0532f726cc7c0, a6991effaaa9b651, 7d8e5ee19ac7345e, 2f8d1beff037e951, 7060fae7021f9654, f867c9555a3fad0a, 07edd9b5f392d72d, 9b3162a6d9f4f995, 7f36855e2e0be06d, 2456fea4489a6944, 208a95329b12d8ff, 3bad571154dac3e8, 829c2dd1c6ab0135, 092913ba5db2a241, 2ce26e0005ae5d20, 3f232920ec4c6408, d107ceb79703a226, 95076d9dabb9cd55, d4a57cc48b5bb313, 9eca30c64eaa30e5, 1fcea35f93fec5de, 1748a8c65cbd7494, 555ecc78b184626e, 1af29b7688e10e62, 9f6491b71e51bcf3, d0545f67d51c5379, 63e5205e2c1e9718, bcef90c48cc96fc9, ca4d5821b1bc4366, da181d4a107437ab, 6b10dfec5274ca77, bc9b16ec98469a38, a94dbc3be1f28d05, ae9a18cba662dbb1, 13cb04d1b026b667, 5f381e9838625f98, 714a9870ded59caf, c90b17d1847e7a05, eb3ee233ab16997a, 1556c9b918f97e1a, 43f19a05211b815e, b26fec8db19ff263, 6fdf8957da3d337f, f9022aad7b8450ca, 38a3c0206dbb6d86, 5890dad3a3b7703e, 32eeeae7899fb2eb, 7b7a04948530a98b, 61f80203bfece6b9, f84014e916d247a1, 6c4758e05382a3ef, 93410a1907362b0f, 9ccef0d4041315b6, 87bb1ff733e5b3b7, ae7badbe110ab8ad, 92e41c4ff757cc45, c4cd43a542fe93b7, c83cba2909fdb425, 994061e1632ce112, 2a5851b69193fcdf, 525039ed83a574b6, 5c45af4fd14e626d, a8fa1797f9b2c3d6, 831d37a24b45c8b8, aecca006b73adb83, 41f1089fd091021b, bf420625aa9adb7f, 7eba74b43f50b094, 489253c974cf6cf5, 97416f012a2bbb54, 2d2ca39357e88cf3, 9c423f6cd6f5e3e6, 1fe52b9a5b0a7391, 124bc66fbc61328a, 4bfdbcffb45e2fef, f3d7eb48f13abd72, 5728ac0ff7854bc5, 0e31cf787cebf1c0, a851d57845e7f967, 73e15be0196de486, 74661fefb8e8e469, ebe14ca344292fe3, 64c93080f0881e47, e423eab42c47c742, ddccf08db2f3dea1, 632f5c6e02ec446a, 732a6bc2e6354fb3, 6c49c1ea669bff9a, 2ffb18f56acdbd9c, 1d2fe0752f72763d, 817362c4ca8df821, 06e5545d3bd35467, 37df30e807c5bbba, 4906ec834ba4fcbf, 788ee1237b962418, 8a0c43e49c6d87ed, 7f72d97dff2bd09f, bda71a0e5c46020f, c60bb10d3079b74b, 860bad61dab2acb6, 2936e1c139c0862f, 18a587785a258a9d, e206b56e68011825, ac3abe467f9450ba, 743b2da7ead53800, 0b4baa093c50a396, 44bdc660d56b5e0d, 5925a3cf935843f8, 1d27b070652ef9c6, 4100501b7671e8e1, 982c7683f8cd7404, 9bcc9a5e40ef1e89, eff25945dbf59380, 54943d6804a72f32, ff8b4b008c58abe8, 8d2a1432d621bd82, 759aee8f96af46e0, 49f93208786a126d, 7fa021a3e7d6c5c6, fd5d50d967fea295, 0792953008f930a6, da2287436bd309ab, d634ea466790e18b, 4d71c4e15747e369, 28c99f6eb847598a, fce10963e93b539c, 2fe0afbf33329883, 287e13c8b15ba484, c2c5bcbd05fd8677, 66eb0f84985ef29b, 37776feaac59b3a3, 7c0a6ab254564afa, 3abd861a6b1e82ac, 641163795f50c0a3, f32d79cd24e694fa, 07aa341dc21c83a3, fb7f0e7469b19fe5, 8fd5d5772d35d0eb, df05f1c382957e8f, d91550b9d1f441ac, 0a4c433f0de03803, 0fd4912315dde4ec, 24040cacd4f52a6b, 2d03eab8110ded7c, f7ce7fa2b54adb68, b7e22f39172ef0ac, 989c8cf3534999b8, 0c09778e33556f1c, 1c61fa57e7cf315d, ab0f5cb23331171a, c743c1acc5fd273c, 75a0b27c81359259, ef1cd731b583d164, 1bccf81c3db7e1f2, fa812ee4f7824572, fe07d423d3471c95, 1c14cbffd67e119b, da834094b0254cfb, c8c9379a38f3c616, be9153646cdf812a, 0f71ac1a6b444883, 3c599b5580d74182, 12e74ae21f5aec02, 6a4a00e23f148363, 9e18615c8bef558c, 39284eadec13ff40, b6de2b76ee27f4f9, be7c222f9b739ff6, 2227c372ba844119, 880073c2cfc7ff98, 171dd652add160c8, f956486ffa45e9b2, b566d432a14137b6, 34f0ac71a82832f8, 2e36c60fc477f00d, 33b3b31561c50965, 8376c5dea0548f40, a0b27181d35214b5, 577e8627c0857d59, 0bad9d423ab82d89, 5a3bc878f4ef5d37, f1b43913156580e9, fa95be7860b35325, f12078ad466cc42d, f64e63dd39ff3808, 523bab63dfb8c5d2, 20d01384b5d28019, 298160708f34f214, a2dba85696c0aa0c, 82bdfaea302a2b02, 27b68a696a659ba8, 6578ee19e665adb5, 86c5feb078d0b488, f6ea06cc34a97de4, 58941e5f141b592d, a5583b6721c60503, 892ef30529c066e0, b370e08f6eff81c3, 283da04cf79bc4b5, 3644eb578c20f40e, d97dd0d3dd443523, bafb2638bb7668b4, 4687ff912b6b21c6, 08739f2263069507, ccedd634c590dd74, a2cc17e6be791d71, 581aac867b79ebe4, 925b3b3447d8b7d9, f3deb3e71e354a39, 2d523e9de931a139, 804cd82cb46b4a2b, beddea75478f6462, 32bb2c6657f725c5, 14fa065575b2d683, ca39e5bba0bda082, 188c8b0de015a14d, d7e3f372f1a6207f, 47202c8de3db3ffa, abd0b8d26a97d98e, 4d5715f1ced454f7, 373a568576fa4976, e0df847d044cc1e5, 0103715d79bfd265, 99f42a86ed797213, 9ec93f8900f2951b, 51a1e5acc0815b4b, 2efa605faaa0ad7d, 5573ca1fcb885132, 5efcca289108901d, df7f311896e1d6d8, f3a9d09f619cd46e, c9a61d0e2821f142, 7eb2d8477bf008ec, bd7659c185b0f3fe, 60415ba0839d3e2a, 1dbe38a48f52deb0, b2253d8d889706af, 4c98f089b62ec485, a00b32548e1cba00, 978aae955cc39549, b2fb333ace456edc, f677819780977c62, e4b8bae4d45cae94, d6907f5bf3b9ae93, b10a74f3c08f0abc, 527a93ff789794f9, 4fedb58235e58f3a, 9ffdbe21190b9002, e6f253ff21952cbd, 1b680c02047546d9, bdf3627e2364e61f, 084fffbe6d5b52ed, 02a308eced5bdd7e, c3207bbc6dbb679d, 3ec8722c5cbb91d1, 4d7db0844e427096, 8498d4ef1543f0b3, 5dfaafe064b7b017, 0b5611f97fef6594, fbc64dd40e99b5e8, a047428eb196f557, 27ece2ed9486de9b, 501df22f9202c9c2, 860c52ebcf2bcde6, 3e4ac666a551bf2e, 58d40ea797a3d993, edf10594cd399b69, a016222fb90479b9, 75fb65db9f24d040, 95eacd162d8d0196, c2bfcb6c35c4ea96, 510a4214b340c459, bcf837ee7a08bfc9, 9aff06f9978b3e7e, 1f0f38cc174f198a, 22452d6cbddddda0, fd1b8d2ac7c0ea02, a2a5b5f3db1306db, 6438c0390662e193, 16b42e8c23c53b6f, 4572516ca0748003, 137c468ed5bc1390, b1911cbcf4fd70f2, d9c757f15123e984, 9e4d1a53ef0af38c, 6da981733b8cf977, 1c3f799fd876422c, a4b7e7b9b1889298, 06b4dbe3b2bdfd5b, eac5ab01c67967be, 48274066c9fff609, 673be67ba3eecd60, e97022f0acf36411, f0177826c7b489ce, 0f37e28438171351, 80e116e53afcb670, 335148aca1090bf6, 54e89efe4cd5e09e, 10e3ad49fd81b901, e33aaedec78b4160, 8bb8be76d53ddb9a, 682b1a16caca1a6e, 682dc2601fcf9a3c, 19bf35b2e04ed73c, a86432ab2beac6c0, 7c7ca06183eb7bbd, 68e7d75da3160896, 525623431fe1cb71, b876cd38e5dc8ae7, b50e4a4f6bf1a4ef, 4041824bc75c6f2e, d48bfb995782eedc, d14a61782b669884, 05d0e3d05ee655ca, 213852cb9b477c5a, 944ced465f90acbe, 4d7fb1d3645ec2bc, 423012e69c978c4a, 3a1ec3ae244d3842, dbbd0b8e69f7c37f, 0d198d5b6635e5ee, 2718cf75a5584bb0, 6e22202bb8a8798a, 448bc4a9c8dc6436, dad9bef7875137d8, 3cfe18247a0ff1b9, 6ba2d977ef3a86d3, a455fdeaefde3db9, 7b3d4338659e5cd9, 3746f12efe203c22, 1c876ea7258c5616, e0f0448e511fb45d, 1c50c2b52a25249e, 38b1e64586bcda9e, fb9c6d88399d36e5, 19974a28df9feb9b, c063b8d8a7a2a4c8, cab21923de034466, bbf02e715fcce8b4, 4b97b381db65a6b3, 0b6c47f843c8b4ec, b38799d7acee576e, 2b36897c359606f3, 080d81eb59035851, 88d2db93ee3fea4e, 0f3c02b253ca8197, e3bb4bd166fe347a, 1ba4ea04b0bfdf41, 4c06eba1182490d2, 2229d6bb87f11757, 36ebe07e90bb64cb, 48e47ff511053872, 79a47c1ff225fa2d, 215b44980915351c, e105a2db804c20be, 04cd3640222fb13e, f4bff28315326908, 50cc0aa5c8922b49, 65aad9b50b435e82, 6e5f7a7b373ec33f, e074e6c793874abb, 6995a03363676ccc, afa6c8f33d4124d3, dc62a359db94c736, 882ba1dbb3f31448, 7cdf3d0a24303d7e, 67b68bc77f7d74b2, 7126361f3a5bf741, a198f0f5d8f1005b, 164143a815ae360e, 0514ff9c46a957e7, 08ecd46e8db6b36e, 3de72f568e6dc7f7, 5e131ad078563814, 67faa9e9f2004176, 653b992833c74d89, 70727eef44472c55, f2f3ee25b8c6f607, ece92e0186ec3217, ad46dcc875a53daf, 9cad9266287f6646, 4c6753f3eabafb95, a3e4113f76fe2108, a54efd00541a895f, 51036926bdc82119, 7b064c633d363f90, ed9372595722ebfd, 5343928c34617560, 0ffcf0c23a67e403, 21c2cb47409b343e, 6098e293e2f25344, 9631e1f9d339dbb1, 779a03d66ca9baf1, 28d91004a9678905, 09015807fe4c0cda, e29c6c0c8a6626b6, 12411d5b44e4e72f, a6618ebfac7d573c, b3ed0bb9f4917734, 2374a66db372d875, 027a8c01e883cebc, fe3ffc2819199e94, 23681a99cb8843f9, 1a2bb9d5f90d4ec8, 1b0d70a9bd390689, 0d00fdfff20beef9, 2bd5003dcbcf4a71, af976b59de45324e, abf36f46f62a7925, e6dd744f4cc8cc94, 7b81b5cde689f535, fe4fd13c654ba86b, 1691a9866df53b16, 2f5a7dc6436cf790, 2163c1ec02a3f59a, a7a8bac8ef677c5c, fdd60a70585ab040, 121dcf16f90ead0c, ec167b3b4308107e, 252f4261f2d44d4f, 05a19f80dd07b58a, fdd60e3c48403153, fec79aaa4e8f02ad, 16083d326bab1d27, 38bc6253be5dccfd, 2b9ac406be7526c7, d35f6fd76dd6c614, 85cdf8ed8691cab6, 021e55ec639fb65f, 9c8531bc178fec94, afba3ed24e595052, 542ebeef039fa0e3, 3ffa8f38b440dca6, ea45aa9dcb7d6b83, 7472a2dee4c27788, b0930a2f4062e8a1, aa1e751e1a5ad343, d9726f1327df780b, 43c936614107fd3f, ba362520a75bb4fe, 835b624229dbad65, 1f8d3621260868ec, e83b2689891f8ff4, 1b836df3592497f8, 1b9c7426a6e48d44, 5ce80a3928f4ce3f, 22d918693d111553, 27ce922d5dd1392c, e0b21a88960cc550, 660137b3734416a8, 9998fb39d9fb3d52, e2d36c85bf6f6718, 0a31dc09d47469bf, 31a40fc1d01388ef, 3099c70922f4c5b8, e92f37ae6325c790, ea3da633d0099765, 5092dc0b4dea5b89, 7550b12bd68a8acc, 2e571d486769366e, 9c71a34f8c0632ad, 8b64d980f46ee986, 0859991a0344263f, 4a20f2229433f031, edca5366f1e21741, c3cdf7a43a10be81, 3ffccb44c59b3384, 964a52aabdcd102e, d74daccf964c68e9, 2cd24409527e538a, 139d7d76e626fec0, 7abb84908eda2207, 38835e93e546243b, d5fe49b1f6934479, 631c20b1ac7b575d, 728ba5fd71107582, e4c0758eafa84893, d2898e19e6047307, 6952cf82b990e57a, c3cbb311a1cdf7d6, a70732e79afd51be, 16221c9d4a1cc44c, 1f3419fb710861ba, 4e32525f9431e16b, 3f53426fc80486ee, 42da08a25c1f9582, a6b3955f5a9c52fe, 05e5a45d914a13ca, 5128ef9646bafba0, cd68a38af705089a, 559e831de77cca15, 6ffa20ba3c145243, b3c7db7ddd9cc73d, c7ef358c5b7970c2, 55e956c5df1338f1, 541ad52744eb3042, 29363395a03a898d, 8212104fce2222bd, b254521bb55b1b45, 070070fa73994eb9, e5c6fe1cc993008f, 3ab6bd83a9fd548b, dc1aa4965fd7b830, e861257b46eb0d03, 0ec025171c8d6d62, a7a073cfb8f2789b, 71d7cd71f7684f15, d0b8369e87004423, 53f520efcc56c726, dff08a13c5fcc24f, 77b606f69c6df312, d1a8652bc46ab826, a6341f16c97e0ce5, 49b95b7f0caee299, 0391e85f302df0d1, c9b95dd73128d865, 14d4512158f97a9b, 9e5bd9ef3dabd0e8, dfcf5641a1b9ff34, 5e8ad0c3153bce10, c3a9a3a480842383, ead9247912608f18, 12140d14ff34ef71, e10e710ffd4f669f, b41865bb8832939e, 7cb097bf91ef12ce, 8c0dba07515cb5f8, 85e04647267ab85d, b289d644c2fc4a7c, d635826f978996f4, 1422ca9c25e02861, 1842e1c1438b0df9, 2b36c70249aad1d9, 89433526a1748287, cf421d96440ac977, 340a0e88c7d06327, d9cd4139603ad4f3, b0688bee9e49d751, 8c6fbb083844d3dc, 0d44b6d85fe9d4bc, c121ccb616f4ee9d, 8dc27d218145fa3b, 1252ad8494a94c09, e1f4b07ce79407ba, 3c94a33586a4b46f, 2d614413ed9e1444, 021cfd08d11d5a8f, 32e41ce445815293, 3ab2f8c6295ca96e, 3f4bacf358f12ae4, 4867d5afcf067e3c, 217a42fb21f07710, 0cc06765cadfd0dd, 451a5dfb2262380a, 911f237d559cf425, 93e1b9f09a1636ce, 2b5c31e181110a7b, 2165fc800e268e71, 7d5718abd4545b25, f94c04db6086ba3d, 88f4f4d84510dda9, ec17fb4070950685, c03d2e7221133df8, 5ec7a2078617f0b2, 31e538820c49b46f, 48366edcf2fb04b9, 7cf1f233090b8050, 9859490b0332ed86, 368b0bc2e3b1da29, 0e66495ee34d1f37, 3af75ee96bd85365, 80e10bbfd924223e, 8b8159bd78731353, 97d04f39b1662c12, 209004aeca6389b6, 96e736d374da6bac, 6444ed40b9dad3be, 912695fd7a009424, 7d80a4f407d9f8eb, 188deaaf3d72ca10, 71db5cb4777e3a33, 663d43ad2fffbea7, 9cfc429179f5f030, 1ed1a389c7b8ef90, bffa9df985436e63, 5887c9b16fa148ca, 34b8b47400869dc3, 1960903f0fa3be6a, ce92e0c050f5b152, ed31f66718b6e796, 21ee91b0520a9a34, 65fb58da88cf6587, 6dfcdd8bb565deeb, 203b8deef6a67aa6, d338f9a6206e5ade, 984dd983ea087072, 01b6aa665541f64b, fd24fd372972035b, 0ab9cba32457dce1, d6ffb2f25c71b159, fcf3371d0f732111, 8944f73c0eeedb87, 05b96b093b3ee570, 8b8e229865f92b11, e0071c2c0ccec136, a6a4179a33a4df39, b0aa4558ae83de2a, c379747561576eb8, 7ea74ad13c388518, 7229b37b96226360, abd2eebed2ac0490, 534e08464d60159c, dde23214cac0e9a0, f15427dfff9db7db, 896dd506dd706f11, eb14930c6aac6e28, 2a7747823d32e958, 8275e121be340533, c059a04bc48b17e5, 86401d636e2b46df, cb96f66c6b82d346, 8b21341231650c8d, 194206d95fa5a5c8, 252f07938c8ff14d, fa9623db5b9a0d48, e66dda20585ae63b, 7aa38eb36295c76b, 11a0740cf9204867, c9f4198ce00f7872, fe77cad2e94c034d, 324f1adc02e435c4, 08f3e0f9456ebf4a, d6f73efabd38bb8b, 500837d49a28a7cc, 719d733ba45bd700, b7a4ff8163df7411, de7249989e959624, 74bee0d76782af7f, 535f881a5fb269ce, 9a4071ff7504b99f, ae45ef08befb0a5f, 5f6584bf48ca9197, c66193058f997959, 495b270e7f740615, d1e3c93a09d102e1, e89aa4ddb81a8f26, 079405a9ef24158f, 54d404a186101860, fba52d3404565b06, d9aa68ebad283c3a, 1445c7b5562c8185, bd88d0dea838e4c5, 58d77b9bb8bad8bb, 898fffbb667d53dc, ecd3208a918499c8, c1856caf4515aa00, fe4647cd2d93144b, ecb1c5e3310b973f, 8d65bf9590d2c8ab, 748a64a7e9027f0b, 0ef876517f1abdb3, 254398f1fa5cdea0, b19b94024e019809, 2e14ef1c38c20ff4, 1bc89e34be3fe3a8, fccb1c5a3e22dac9, f4a52da269b5b2e7, 3ba7a5acf099584e, 2d272f24e68ae7a1, f83b6ae4cab907b6, ffa1576bbb011a0b, 93759b359043740b, b493dde6d6676db8, 3263adb461083d99, b10df1780c92e91d, 356716401123bced, 6e97eeeda6cd9df9, bb2518b24ebb0a4a, 914fc440275b51fb, e052c0043cf0fa2c, f34fa68d17efb1dc, 9c6549a0923528ab, 4ffd5abf21cca3e2, f11210bc4437a1a0, 13d09e23fccc3be6, 67a0003d0dedbc6f, 008ab04855042597, a25af204c7e0cc57, a0c2141c6a27c606, 21bfd887d540ba50, ec73785b9b5385a3, 1d0ea7cef068682e, 53ad8fa9c8218f15, 91cb1d8ca7719d5e, 34bf27f0c35d196a, 478ae2dbec126bd4, 0ef761757e47217a, 61767d2848722c66, cbf26ab99708d065, 7a01f663fa36aeea, c56035f1bc5b83f4, 305a5720e305de73, 1d196bf5c9b9a32d, 6fe09c18ff1096a1, 875b4362742045af, f42b925066ebad3d, 04d92e7ccbf8c0a0, d4dbb36bf32f1fff, b4b361f1b8a23bd6, 03ffe5ced0914c8c, 92af8811e85a4bd0, 21e922ff63d92f9e, 6634a1ebadece30d, 19033b4029208f7e, 5b2f9536db428b55, 6d6691d57f199b40, 61dc4f7b2747281f, 64c9b4da76c56df3, 6eea20530c2044d3, 8970d393f8201934, 57b77c50eabfba60, 878fba9f70b1d697, 225724650b892c66, 75d3725506fd6d21, aaec68f4ac265cfb, 7442ac7eb11ea40b, 14e11aefd7d83edd, 37cbf3f3ee276f18, 96305655c97db081, 1cc7bea8a9fe49c9, 28d91d9b9229da99, 4dd7090240422e84, 3b7d7c1f7fd6e9d2, 458cc6426325b8b0, 11b8cac35e62c816, 86c45b1fc4efffd7, edd76ab33555a0a1, e2aacb95520b10cd, 598a7e2ea2b71199, 9eedba202abf88df, 1eb575bc93b74ce7, bcd677078396d4a0, c37527004fe0fcd8, 5035ad12df347f60, 0cec08aa79ab3802, 0ce187c2d03dec46, 13482e42621c371b, b5b361083aafde32, b8bec82d2c51da72, 3e27892ca2512649, 3d38f2af40143009, 98a6734900124937, 9a15ee0ba3f5b239, ff23a69d68fb47eb, dbd427b3eb599e68, 25153cd535839bec, 660e57b8356eb836, a489abd4d277c8ff, f98c97bf62743b6c, 2ebfee61b7319890, 6f9f353d0661ffe4, 837b193e95d0e1d9, 6723716b3e6cc52b, aa56b2395536999c, 1c77fc3f933ee508, 88d4133bcc1cd8e7, 7c7672767f1e16eb, fec732f6ec6ee85a, c8cbc8db4a3b4f18, ef3118040c0bb7af, 256bf5f5c64bc1fd, e2c7c87c7f79cd60, 9a82c233f1f7a384, a876d8a85ce26d32, fc616a2c4cc8d467, ebff52e1a8f9ff58, 0d83dc55a061b8f2, a1ed32e4d998ac21, 801cc4c09f73eb68, b9c74b45c57075f9, e6e32f7e7ed600fa, b41e6b1164ccb303, dfbc1abb8aa5d6c1, 576d2b64379660dd, 7bf136f2cce76418, bb0abc106740d07e, 32709a0cb9870cea, 425444348a2cc88f, fb242a54ed4f1ade, cfc1a2e667fa86a2, 5336e9363323c927, e80310487fc17910, 8a8df5dfeba1d78d, 42ca3236e419f22f, 3bef0f168812c7be, 98ec3477e38fdb0b, 2de1fc1def4f6567, eac23ebd4ed5162a, 8dda893cf0a0be4f, 1da4f961370a1d0f, 1684d5b580c84e58, 04a86e001182c6dc, fe6a262da3b1e0fb, 6565402db62dd1e0, 11fa1760af918793, 664d826288cb122f, 8517f9907445405d, da48747327435efd, 9b1234277dc96989, ba9e813292344aae, 7ce6dc7e83c2eec1, 4ed95fd449dbc65c, eb6a31ef11bdeca1, 53905a3dedb0bdb2, ff34b7c5904d8bdc, f0469a1dd4d4b732, 20d960acfb100179, 733971d1645690cf, 2114375800deb73a, c204e8fe6fb4e165, 4cff91eb1c812bda, 34ab5e4ae6db2b9a, 4aa7ef865cf7155a, fbfc38b2ef690c08, 84cdb34a404a0997, 4a1cc6409e32612e, 6fd9067cf7d47a1c, ee65d3005089ebde, eb6d9c3025b8ba96, 4a30db1b8e562207, 86bb1986e3788119, ccd167ba9c9c2308, 314a774e21e1738d, a36c0e29d882b3cc, 38391d20e95c2bfc, 3e7c6b33c4bda5d8, 726d384275772d1b, 115cedfad8e2adc6, 2050681e64f7a9a7, bd56fd6cee15e70a, 6493c06441173dec, cde51611b8a2af39, cd815d33d16f31d3, f04431524a7cc20a, 8a11f397efedc43b, 42fb8038ee011df5, 531e2d3d0c184903, 4d0d1a520e636982, a1b959a15a4cb682, d964be5ba19be905, 85e324e1eb3009a4, ed4a1b4c40826d69, 03c496d0c30a3500, c63fd42100c191c9, 7454d77559e31c96, 3349ec8fb31756f3, a4ee4686f1ed416d, a861dfaf89e55df4, 859264dcb395aec5, 32c9d26cac367c5d, b14dd53cd72f4b94, b5fe5f156dc9302a, a114680b2f22aeab, 1609616c185853e4, 6c2d7d74af0cca28, 1b8cb84035b7c43d, 595eb9ed2fc85a80, 050880fff8317fca, 9df0e4070fac8aa3, 8a96980d70c9ca86, e74c5d580917f802, a7ff0cfa49f84817, 16d688cfb5f8702d, 574e1455c4a8a8a9, 3f9b7a03071617bd, 77e597b5e5474c4c, 2250897ee76ad1dd, ad02be83434fe1fb, 17624502b9e1fdd3, 0a0615f70271d872, 5cea8a9744c4cc49, e6524e57b0957d07, 6562a2a8162ad2d7, cb52096c29cacba3, 18b202882b87cd95, fce40718a4d4177e, 7d7ed30ba3034b09, 2acd584fa9485468, 0ddd398eccc8b02c, f39f13f2b89fdb85, e7bcc5b8069baa40, 0307c4008c7889e3, 5ae5ed991221fc19, 30bc2d1f606f09f3, 4c30aec697a3cee5, 2c229a70961b873a, 213f16b65f262e94, 568eee87a8a80853, 8d2c1147d059023d, 67604e2ffc540296, f342d7ea7aa124ea, c9ab5ef5265ddd48, 135ddd8f73aa0162, 6ba1fcda9716afa0, 501c63b1c9942b16, a11c33cc1e70be35, 26738aa36373d994, 9b6c71d2bad165bf, c2fefaa8766c413d, 6c5f07418c3ccfcc, 7cd38a61f1bb7d08, f1935f0dcf22c61a, d31164723a36cd8d, 9bbc80608e9d4683, 64327cedea168106, 0236a8b00f92510e, 71aec0830087548c, 8db47a708ad4810c, 02cf1aa73d1d3e3c, 8bb77e4a811c22d4, 02ce5897c86648db, 4e021376d53eb7b0, 9b5f1df009048a8b, 19eef088550a198a, 83a7c8eb5a6649fd, b79a24c7274e2099, 371b9c6f52e2d865, fc206ce9e4b55a32, 9d67aac545e0772a, cb4a78afe7213b36, a8ef620358a49d6c, 9bed7cb06c947e88, afdefd737174601b, 5007037c93a4c232, 836464ff42ddab03, e619e3a7c1967048, 71e404f906619c56, 34746f3a5c89630e, f822b9819ac26ffd, 2e8970e2cf7c5b35, 7224bef3bff2e5df, cdee1d76f30591cf, 01de1b601f3d64d9, ebc0bc943309d9a7, 28e9b739e5616941, ff6c451c0df1dd5b, a8aa3a93b85fbfd1, bcbf5eea768b462e, 05eea4e700357088, 1fb88fdc20b2a447, 7261f0b8533e61d6, 6f00bf4f172ef276, 6f52db1ce8c530c0, 657747cae3839c08, 28643b82951320b0, 778e5d472a242158, 6e73e005fedbd97a, 79576aa6e9ee74f1, 67bcf3fdf6168e4f, b4cecc65908a4aef, c999832b85f9ee04, ca687d80c91d0369, a07687f27a0f558d, 3a35e884d6ad94d6, 9a1e19e9eba11375, c07205060f34341c, 8d9a32c95234fe07, 61107dfa588fc4c7, 10fb90a0be0a96df, 6d5267dd2fc0e22c, 33cd478e8d3381f2, 7767ceff358f6662, 3c26c21af1db53ff, e5c22af39f53d7b5, a7e4eb31cbd9d372, 5497ab08b948f6a5, 2a96599487e5a938, 83529611d0d86e96, 141a4c58ed1e23aa, 4e9224b035dbbe84, 7ee132384433b8a4, b4f890432b9a73ff, c22c550d3fb56aca, 36d351516f53ac6b, 2dcfd7b41aaaceda, 979bcd9a9985bdc6, daa3e0001b08045a, 483ba47e2d1758de, db89310219c7a57b, a655a230846580d3, 072b9eb62ad2a931, d878ba714eacff6a, d022ede5564eb073, 5dd2e4dc05586d7d, 9702f03c28afd0f6, c04751a0a38d01ca, c99e616e40a0b17d, efca08640e50f5ae, cf93c12f04460075, 46a2e6ccc216d190, 936f029a5e41b00a, 344cb03f144b06ac, 96c3ed3d61ef706c, bc10b40ddd5e26cd, 1e56275270c45ab3, e34eb80a3b574532, 2d12a81436a6b6a7, 7ba366e9438a163c, 5ded38d8ea7ca22a, def1cd98be17e35a, e09ccf11f8890626, 946e22f6fd861ac8, 795c60e06607c164, 5d0880e58462bbe0, 168879ccb6af2149, 6f45a2c1767eef47, 2484f0ab0fbd41be, 5e0d7b2e4fb45cf3, b05ee278dbfdf744, 6bdee8792d87b6da, 71f4e17e76fe4f07, 62b9679820d04942, ce038d3981cf920c, c8dd5f7566d00eb1, 264bebca72346210, 9b4358d3cc3aeb9b, 0c962211249c4259, 052d3abd837925b8, f0c5263336867cb6, eca5e81bd49081a3, 01c202b2de2bb8e3, ba1140d43cfc81ff, 6154a36f79e8c1db, f29d1611bbd67ca4, 628b8692fab3db0d, e63a279173f1dbdb, 6721ff6704ed256b, b4aaeda7ccef9a6d, 10642a44121720a1, bb0fe23a58216a15, 67e84c4a83d7a058, 892e967b507a4d00, da00e327879c2054, 1648b61b9a4dbffe, 30f856c7ef453126, 29bee0306b062bba, 83f03dcf43912400, f9ebc8a669e4f941, 4bc13b1082c0d551, 1093c9fa7661285d, 29049ad84f8bc12c, 1b4ca0485bfdb4d9, 5757a3293976dbba, b781e7ac486fc5ed, 8dd96d19efa67c4d, 42adf5a89cd64d84, de5163d6ffcf823b, ed42ba0b731b981e, 84412d25e21f8f92, 16c08b989906c5c5, 585e5acdac461f84, b62444034d27f095, 5e638065804b1f06, 1ac66d1317be0b2d, 3160606b55abeff7, 9b58b2b7c378d010, 1739202bbf945ff9, 189050e46a42d54d, 43965d853c2ae544, 9ecd26dc836ceac5, a1c376b7b3aa22ed, 3c7e930c867683a6, 3e87e5385e4484e9, 4987c7c921613517, 73429e4bd2fc9633, 1e05215866892cce, 0efeecc3555c07b5, 1cb6660e638241a4, 3852b6e95c3f0025, abc65bae90f6effe, 8fc1211b59fe1ebd, 6de0d515ef711633, 9e9203a43c02b73d, d047210e84061624, a662fba2e3b73284, 7af81fa1de4b86ab, a06af69a7ea95f2d, 1ec2ee82bbcdd33b, 5c8e9ed8fd8916d7, 007e26c9bae3fafe, 080916e0ee907f02, e8cc58b63c114a1c, 4b21210eeb8aa52b, bd6a991d5be1ac6a, 5de3542d5edb9f63, 25745d60ba506e8c, 7ec95df8a221b6e3, df5a6942e7b36542, 9bd11ed84eced088, 4ec49ec5410fde42, 20c3ccde650d074e, 385ba76eff54391d, 0a899f6b1d2eb8b4, 3077d67c23791846, 7b61fa62b9ab4006, ad4b44140eb8b708, 59b27b4987810dcb, e171170256f58d98, 22b373d9010f4e39, 4e3ac899aa173062, 2c5b93db9bb0b5dd, 986ca2e371a502d7, 78b098993e3697c5, 53f630881eea32c8, 56cabc24e374d319, e27a540ce9780bb4, 1ba076737a1f3355, bca2a12a04371d7c, d4325bd6ebd944e7, 1676bbb79f7ca1e8, c4fabc7f12396c8c, f7aef19867efbc13, 8cafaba8896a7c87, a4fadff067ec7a37, d98d6f28ed555a53, 1c75b7de6eb30741, ee8c96c56be96629, a695e71f1aa761c8, e6de099857a29596, bfc2aef708d07c4e, 32a400bf5b5b29de, 97eaac0618a80cf7, 799fe5d8efc846b4, 096263af3d84a0dc, abb683fe0699cf7a, cfc10220bee1e3a0, 3d1cb11237524225, 8b312cc68e332b98, 0b3b00635be36b79, 6db020c7100e01f0, 18925d314e25c622, 6a712f26179f5f76, 857fb44eb11cf508, 3dd5cddc22dafe33, 1e8a1c697bbcce28, 040d03856f558204, 898e337f2b90ecc5, 79b9bc7204e58a16, 427e7893b923cb2d, 770b15c2a4f8c28b, 407e7655a2423714, 356784e7f176fe49, 23f63bfea8f448db, c956b52ef115eb68, ef72b542785de7d0, c00b3069ba683824, ed7bd564bea21ce0, 1622b0e80afed656, 3d71350f8b641791, a8c3c406e3d65625, a69e625033942bcf, a7c7a1dfe55a5f97, 1250c03fb038dd91, 57ddbff25a3d165b, 9eb6476b377f4af9, 867359dba9baa6f1, 23b330cedc59a38c, 9006c0f590bdc546, d561d416f28457ed, 55d1a190b3157488, 761e7cb0ec81859b, 85a3f6618eb6bad9, c72d427156582a69, ac3977a35d338fef, 79ee168d545d5d2b, 84bdf0b84327a07f, 9c3fa2e7c4dee9be, f2c1807f725b28ac, b2f3f22b4f5a3749, b45d53105937bdb8, 18eb7d75a73845a5, d8215455c4354e04, e34def825666e32f, 896c1a6adce2abc3, 374e903505c1a31b, 8e6655d761e54fd9, 01d19713adaa102f, cc4a5e43149354cf, a903cfc8fa90cec6, 59b3217aa55fdabf, 099ff157c05d3680, 7e69e4a9b124f3e6, 0214b41ce202f95d, 2d7818ea53a4eafe, 74aabb0482e94743, 7cb65a5dc059719e, edbf529cb777dbf9, 260ddc9d5df248ae, 9d4993f0bcbd7505, 39c020cbb87b574a, b5533d69eb6add55, 66a2dcab82108d4e, a600947127e0a29e, d61718c7bbe9854f, 827c1740a702acb8, 3cf844e28f0bc64e, 5c75fb3b31616c23, 6132f0920f1ec89d, 8f890d20c48e2910, 2f13386a0476c231, df1457c9a850482a, d09eaba10803553f, beff69776df62407, d530d09799025e0c, 5a85bb0ac1197a1a, 1e1818f5499d4dee, b7023a3dca8910ac, f30cfea6c4a37d8c, e10953b2033f2560, 2aa8967a27586967, 14a777624b02ff9c, 7361b027665d189e]
[10:14:43.780] [INFO] options: as_table=true
[10:14:43.816] [INFO] [run] subject=1, session=1, speed=1, trial=1, x__rid_x=cff37e520c00f66d: dummy_return_one(x)
[10:14:43.859] [INFO] [run] subject=1, session=1, speed=1, trial=2, x__rid_x=294e1c46d73cad6f: dummy_return_one(x)
[10:14:43.870] [INFO] [run] subject=1, session=1, speed=1, trial=3, x__rid_x=b45c23e3abdf6f78: dummy_return_one(x)
[10:14:43.878] [INFO] [run] subject=1, session=1, speed=1, trial=4, x__rid_x=690ce11affc7dc04: dummy_return_one(x)
[10:14:43.882] [INFO] [run] subject=1, session=1, speed=1, trial=5, x__rid_x=7b6a42ccf389e0c0: dummy_return_one(x)
[10:14:43.886] [INFO] [run] subject=1, session=1, speed=1, trial=6, x__rid_x=4e3d1bf1755eae45: dummy_return_one(x)
[10:14:43.888] [INFO] [run] subject=1, session=1, speed=1, trial=7, x__rid_x=fe84702db7521fc6: dummy_return_one(x)
[10:14:43.890] [INFO] [run] subject=1, session=1, speed=10, trial=1, x__rid_x=06cd6c10c92998e4: dummy_return_one(x)
[10:14:43.892] [INFO] [run] subject=1, session=1, speed=10, trial=2, x__rid_x=ddfeff130e665065: dummy_return_one(x)
[10:14:43.896] [INFO] [run] subject=1, session=1, speed=10, trial=3, x__rid_x=3cd76da03fa343f3: dummy_return_one(x)
[10:14:43.898] [INFO] [run] subject=1, session=1, speed=10, trial=4, x__rid_x=22db99b791ecc086: dummy_return_one(x)
[10:14:43.902] [INFO] [run] subject=1, session=1, speed=10, trial=5, x__rid_x=20a6c37760f67f7a: dummy_return_one(x)
[10:14:43.907] [INFO] [run] subject=1, session=1, speed=10, trial=6, x__rid_x=7ca4ef27be8d8533: dummy_return_one(x)
[10:14:43.912] [INFO] [run] subject=1, session=1, speed=10, trial=7, x__rid_x=a125a7ec7a690885: dummy_return_one(x)
[10:14:43.914] [INFO] [run] subject=1, session=1, speed=2, trial=1, x__rid_x=ae0cf9cc56406e72: dummy_return_one(x)
[10:14:43.916] [INFO] [run] subject=1, session=1, speed=2, trial=2, x__rid_x=c7c087319144c948: dummy_return_one(x)
[10:14:43.918] [INFO] [run] subject=1, session=1, speed=2, trial=3, x__rid_x=9a8c161b8b271179: dummy_return_one(x)
[10:14:43.921] [INFO] [run] subject=1, session=1, speed=2, trial=4, x__rid_x=0a37f643b14949a9: dummy_return_one(x)
[10:14:43.926] [INFO] [run] subject=1, session=1, speed=2, trial=5, x__rid_x=cc56237542166686: dummy_return_one(x)
[10:14:43.928] [INFO] [run] subject=1, session=1, speed=2, trial=6, x__rid_x=34b3653dc8aba8c3: dummy_return_one(x)
[10:14:43.931] [INFO] [run] subject=1, session=1, speed=2, trial=7, x__rid_x=ce8cceca56e9d7dd: dummy_return_one(x)
[10:14:43.936] [INFO] [run] subject=1, session=1, speed=3, trial=1, x__rid_x=f18e600c693bc4a6: dummy_return_one(x)
[10:14:43.938] [INFO] [run] subject=1, session=1, speed=3, trial=2, x__rid_x=a2754427b51f57d8: dummy_return_one(x)
[10:14:43.940] [INFO] [run] subject=1, session=1, speed=3, trial=3, x__rid_x=ad00ef4fc0a9d8be: dummy_return_one(x)
[10:14:43.941] [INFO] [run] subject=1, session=1, speed=3, trial=4, x__rid_x=b44821418bdf595a: dummy_return_one(x)
[10:14:43.942] [INFO] [run] subject=1, session=1, speed=3, trial=5, x__rid_x=4df964830a53676d: dummy_return_one(x)
[10:14:43.943] [INFO] [run] subject=1, session=1, speed=3, trial=6, x__rid_x=72dee73fba694175: dummy_return_one(x)
[10:14:43.944] [INFO] [run] subject=1, session=1, speed=3, trial=7, x__rid_x=d33a460b432cdca4: dummy_return_one(x)
[10:14:43.945] [INFO] [run] subject=1, session=1, speed=4, trial=1, x__rid_x=fdc0151676f96515: dummy_return_one(x)
[10:14:43.946] [INFO] [run] subject=1, session=1, speed=4, trial=2, x__rid_x=3bbe85fd18d14f08: dummy_return_one(x)
[10:14:43.948] [INFO] [run] subject=1, session=1, speed=4, trial=3, x__rid_x=68d25870a19e39e5: dummy_return_one(x)
[10:14:43.949] [INFO] [run] subject=1, session=1, speed=4, trial=4, x__rid_x=879c8f6b0d8687c6: dummy_return_one(x)
[10:14:43.953] [INFO] [run] subject=1, session=1, speed=4, trial=5, x__rid_x=f255981539d6bdb3: dummy_return_one(x)
[10:14:43.955] [INFO] [run] subject=1, session=1, speed=4, trial=6, x__rid_x=b9dddf88cb2e789b: dummy_return_one(x)
[10:14:43.957] [INFO] [run] subject=1, session=1, speed=4, trial=7, x__rid_x=ffdbd4e1a9e6a662: dummy_return_one(x)
[10:14:43.958] [INFO] [run] subject=1, session=1, speed=5, trial=1, x__rid_x=89eb12598b036e26: dummy_return_one(x)
[10:14:43.960] [INFO] [run] subject=1, session=1, speed=5, trial=2, x__rid_x=bfec41f100a1e9f5: dummy_return_one(x)
[10:14:43.960] [INFO] [run] subject=1, session=1, speed=5, trial=3, x__rid_x=0b5c5a44211b9697: dummy_return_one(x)
[10:14:43.963] [INFO] [run] subject=1, session=1, speed=5, trial=4, x__rid_x=1d37dbeb8748155f: dummy_return_one(x)
[10:14:43.964] [INFO] [run] subject=1, session=1, speed=5, trial=5, x__rid_x=2954fa5434e614a1: dummy_return_one(x)
[10:14:43.965] [INFO] [run] subject=1, session=1, speed=5, trial=6, x__rid_x=bd8a1cb45dcf7332: dummy_return_one(x)
[10:14:43.966] [INFO] [run] subject=1, session=1, speed=5, trial=7, x__rid_x=f4a38e4e6cd77248: dummy_return_one(x)
[10:14:43.967] [INFO] [run] subject=1, session=1, speed=6, trial=1, x__rid_x=adeb05ef08aa5f59: dummy_return_one(x)
[10:14:43.976] [INFO] [run] subject=1, session=1, speed=6, trial=2, x__rid_x=606e550c94e017bb: dummy_return_one(x)
[10:14:43.978] [INFO] [run] subject=1, session=1, speed=6, trial=3, x__rid_x=236374369d6ebafc: dummy_return_one(x)
[10:14:43.981] [INFO] [run] subject=1, session=1, speed=6, trial=4, x__rid_x=3ab15758c2dc37af: dummy_return_one(x)
[10:14:43.982] [INFO] [run] subject=1, session=1, speed=6, trial=5, x__rid_x=3580ec76cc31a4de: dummy_return_one(x)
[10:14:43.982] [INFO] [run] subject=1, session=1, speed=6, trial=6, x__rid_x=b81389fd8894b838: dummy_return_one(x)
[10:14:43.983] [INFO] [run] subject=1, session=1, speed=6, trial=7, x__rid_x=bbb0c3fbff3d06ec: dummy_return_one(x)
[10:14:43.984] [INFO] [run] subject=1, session=1, speed=7, trial=1, x__rid_x=c03594da1e41212c: dummy_return_one(x)
[10:14:43.990] [INFO] [run] subject=1, session=1, speed=7, trial=2, x__rid_x=7d1c8f203d53872c: dummy_return_one(x)
[10:14:43.994] [INFO] [run] subject=1, session=1, speed=7, trial=3, x__rid_x=1d9e3cdfe2cd5bf3: dummy_return_one(x)
[10:14:43.995] [INFO] [run] subject=1, session=1, speed=7, trial=4, x__rid_x=04ab982aac7bfc94: dummy_return_one(x)
[10:14:43.996] [INFO] [run] subject=1, session=1, speed=7, trial=5, x__rid_x=dd3728a36246df0d: dummy_return_one(x)
[10:14:44.000] [INFO] [run] subject=1, session=1, speed=7, trial=6, x__rid_x=bf2493dbec605f54: dummy_return_one(x)
[10:14:44.003] [INFO] [run] subject=1, session=1, speed=7, trial=7, x__rid_x=f5cc894459ce7b5b: dummy_return_one(x)
[10:14:44.005] [INFO] [run] subject=1, session=1, speed=8, trial=1, x__rid_x=ccaf8e8f73738a8c: dummy_return_one(x)
[10:14:44.009] [INFO] [run] subject=1, session=1, speed=8, trial=2, x__rid_x=103f379d669a9b24: dummy_return_one(x)
[10:14:44.011] [INFO] [run] subject=1, session=1, speed=8, trial=3, x__rid_x=2c8eeff5ce36b34a: dummy_return_one(x)
[10:14:44.011] [INFO] [run] subject=1, session=1, speed=8, trial=4, x__rid_x=53a4b2b5c0724b24: dummy_return_one(x)
[10:14:44.012] [INFO] [run] subject=1, session=1, speed=8, trial=5, x__rid_x=ea245fd2bc8c8d34: dummy_return_one(x)
[10:14:44.013] [INFO] [run] subject=1, session=1, speed=8, trial=6, x__rid_x=93d095d0f8b07761: dummy_return_one(x)
[10:14:44.015] [INFO] [run] subject=1, session=1, speed=8, trial=7, x__rid_x=32614cd8233f2585: dummy_return_one(x)
[10:14:44.016] [INFO] [run] subject=1, session=1, speed=9, trial=1, x__rid_x=997449ead12d6721: dummy_return_one(x)
[10:14:44.017] [INFO] [run] subject=1, session=1, speed=9, trial=2, x__rid_x=1f516746a2aa8109: dummy_return_one(x)
[10:14:44.018] [INFO] [run] subject=1, session=1, speed=9, trial=3, x__rid_x=bc637d7c98e41871: dummy_return_one(x)
[10:14:44.019] [INFO] [run] subject=1, session=1, speed=9, trial=4, x__rid_x=38a3761c1206b461: dummy_return_one(x)
[10:14:44.021] [INFO] [run] subject=1, session=1, speed=9, trial=5, x__rid_x=46f52990d19fc4f4: dummy_return_one(x)
[10:14:44.022] [INFO] [run] subject=1, session=1, speed=9, trial=6, x__rid_x=85a49bd7ae54934e: dummy_return_one(x)
[10:14:44.023] [INFO] [run] subject=1, session=1, speed=9, trial=7, x__rid_x=d08b7d5770d1d1ba: dummy_return_one(x)
[10:14:44.024] [INFO] [run] subject=1, session=2, speed=1, trial=1, x__rid_x=e39f49ff01266a57: dummy_return_one(x)
[10:14:44.025] [INFO] [run] subject=1, session=2, speed=1, trial=2, x__rid_x=7f8f2fbf67ff6e61: dummy_return_one(x)
[10:14:44.026] [INFO] [run] subject=1, session=2, speed=1, trial=3, x__rid_x=c0ee17d896b3f437: dummy_return_one(x)
[10:14:44.027] [INFO] [run] subject=1, session=2, speed=1, trial=4, x__rid_x=9a5be254bca17e26: dummy_return_one(x)
[10:14:44.028] [INFO] [run] subject=1, session=2, speed=1, trial=5, x__rid_x=28bfbaf11c1c240d: dummy_return_one(x)
[10:14:44.031] [INFO] [run] subject=1, session=2, speed=1, trial=6, x__rid_x=3c9e1d2a57d5f61f: dummy_return_one(x)
[10:14:44.032] [INFO] [run] subject=1, session=2, speed=1, trial=7, x__rid_x=511a16a4a85b91d1: dummy_return_one(x)
[10:14:44.032] [INFO] [run] subject=1, session=2, speed=10, trial=1, x__rid_x=57d5e1f9a317d170: dummy_return_one(x)
[10:14:44.034] [INFO] [run] subject=1, session=2, speed=10, trial=2, x__rid_x=6937935fc75c18ef: dummy_return_one(x)
[10:14:44.035] [INFO] [run] subject=1, session=2, speed=10, trial=3, x__rid_x=f983891b1e1d0525: dummy_return_one(x)
[10:14:44.037] [INFO] [run] subject=1, session=2, speed=10, trial=4, x__rid_x=5684369de3ad703b: dummy_return_one(x)
[10:14:44.039] [INFO] [run] subject=1, session=2, speed=10, trial=5, x__rid_x=921ab574c7b96c77: dummy_return_one(x)
[10:14:44.040] [INFO] [run] subject=1, session=2, speed=10, trial=6, x__rid_x=de37a831de395e11: dummy_return_one(x)
[10:14:44.041] [INFO] [run] subject=1, session=2, speed=10, trial=7, x__rid_x=f8ef4863ed8952f8: dummy_return_one(x)
[10:14:44.042] [INFO] [run] subject=1, session=2, speed=2, trial=1, x__rid_x=2dac82e078c0151f: dummy_return_one(x)
[10:14:44.043] [INFO] [run] subject=1, session=2, speed=2, trial=2, x__rid_x=71d5a94f5b553d6c: dummy_return_one(x)
[10:14:44.044] [INFO] [run] subject=1, session=2, speed=2, trial=3, x__rid_x=3f83065d17bc916c: dummy_return_one(x)
[10:14:44.045] [INFO] [run] subject=1, session=2, speed=2, trial=4, x__rid_x=7f6912195a9cb6d1: dummy_return_one(x)
[10:14:44.046] [INFO] [run] subject=1, session=2, speed=2, trial=5, x__rid_x=012b990054efb045: dummy_return_one(x)
[10:14:44.047] [INFO] [run] subject=1, session=2, speed=2, trial=6, x__rid_x=65b5d67626ba4c14: dummy_return_one(x)
[10:14:44.047] [INFO] [run] subject=1, session=2, speed=2, trial=7, x__rid_x=44257d067c750c36: dummy_return_one(x)
[10:14:44.049] [INFO] [run] subject=1, session=2, speed=3, trial=1, x__rid_x=5945e046bfdb5fb4: dummy_return_one(x)
[10:14:44.049] [INFO] [run] subject=1, session=2, speed=3, trial=2, x__rid_x=f8d5ab9743ca1a54: dummy_return_one(x)
[10:14:44.050] [INFO] [run] subject=1, session=2, speed=3, trial=3, x__rid_x=a1c02e0521722722: dummy_return_one(x)
[10:14:44.052] [INFO] [run] subject=1, session=2, speed=3, trial=4, x__rid_x=8ae720d210be8fd1: dummy_return_one(x)
[10:14:44.056] [INFO] [run] subject=1, session=2, speed=3, trial=5, x__rid_x=0e1ba120260dd526: dummy_return_one(x)
[10:14:44.057] [INFO] [run] subject=1, session=2, speed=3, trial=6, x__rid_x=5022ca7d38691b2a: dummy_return_one(x)
[10:14:44.058] [INFO] [run] subject=1, session=2, speed=3, trial=7, x__rid_x=7fdaad0f1b5d2ef2: dummy_return_one(x)
[10:14:44.059] [INFO] [run] subject=1, session=2, speed=4, trial=1, x__rid_x=da3a4546e09b10ae: dummy_return_one(x)
[10:14:44.059] [INFO] [run] subject=1, session=2, speed=4, trial=2, x__rid_x=a2ff0a1d2fe15071: dummy_return_one(x)
[10:14:44.061] [INFO] [run] subject=1, session=2, speed=4, trial=3, x__rid_x=316a15c848e67699: dummy_return_one(x)
[10:14:44.061] [INFO] [run] subject=1, session=2, speed=4, trial=4, x__rid_x=99a642ff3d7b01c6: dummy_return_one(x)
[10:14:44.062] [INFO] [run] subject=1, session=2, speed=4, trial=5, x__rid_x=344bfd1eaee2a152: dummy_return_one(x)
[10:14:44.064] [INFO] [run] subject=1, session=2, speed=4, trial=6, x__rid_x=8ae36d412d85fc67: dummy_return_one(x)
[10:14:44.064] [INFO] [run] subject=1, session=2, speed=4, trial=7, x__rid_x=fe3497f854e3c270: dummy_return_one(x)
[10:14:44.065] [INFO] [run] subject=1, session=2, speed=5, trial=1, x__rid_x=10371e51f3ce58b3: dummy_return_one(x)
[10:14:44.066] [INFO] [run] subject=1, session=2, speed=5, trial=2, x__rid_x=304b88f137183d2f: dummy_return_one(x)
[10:14:44.067] [INFO] [run] subject=1, session=2, speed=5, trial=3, x__rid_x=d5ec60ccc6b6691b: dummy_return_one(x)
[10:14:44.068] [INFO] [run] subject=1, session=2, speed=5, trial=4, x__rid_x=da40147c6a7085a6: dummy_return_one(x)
[10:14:44.069] [INFO] [run] subject=1, session=2, speed=5, trial=5, x__rid_x=0905e2236bef58d7: dummy_return_one(x)
[10:14:44.070] [INFO] [run] subject=1, session=2, speed=5, trial=6, x__rid_x=e9110f24b479a354: dummy_return_one(x)
[10:14:44.071] [INFO] [run] subject=1, session=2, speed=5, trial=7, x__rid_x=aedd8a429f80357a: dummy_return_one(x)
[10:14:44.072] [INFO] [run] subject=1, session=2, speed=6, trial=1, x__rid_x=ac27d51720ee30e4: dummy_return_one(x)
[10:14:44.073] [INFO] [run] subject=1, session=2, speed=6, trial=2, x__rid_x=9b6c6279e3a69a94: dummy_return_one(x)
[10:14:44.074] [INFO] [run] subject=1, session=2, speed=6, trial=3, x__rid_x=fa743f638054848f: dummy_return_one(x)
[10:14:44.075] [INFO] [run] subject=1, session=2, speed=6, trial=4, x__rid_x=b5c6063f35238ee8: dummy_return_one(x)
[10:14:44.076] [INFO] [run] subject=1, session=2, speed=6, trial=5, x__rid_x=0a222bf1694e926f: dummy_return_one(x)
[10:14:44.076] [INFO] [run] subject=1, session=2, speed=6, trial=6, x__rid_x=8d118e162908f362: dummy_return_one(x)
[10:14:44.078] [INFO] [run] subject=1, session=2, speed=6, trial=7, x__rid_x=61922d8716b5dd4b: dummy_return_one(x)
[10:14:44.078] [INFO] [run] subject=1, session=2, speed=7, trial=1, x__rid_x=5c5a33a078e1f388: dummy_return_one(x)
[10:14:44.079] [INFO] [run] subject=1, session=2, speed=7, trial=2, x__rid_x=cb032715b6bd9bfe: dummy_return_one(x)
[10:14:44.081] [INFO] [run] subject=1, session=2, speed=7, trial=3, x__rid_x=1f7c9096c517b717: dummy_return_one(x)
[10:14:44.081] [INFO] [run] subject=1, session=2, speed=7, trial=4, x__rid_x=fd76e6d2dc7bcc3e: dummy_return_one(x)
[10:14:44.082] [INFO] [run] subject=1, session=2, speed=7, trial=5, x__rid_x=31cf09b6b6f2f359: dummy_return_one(x)
[10:14:44.083] [INFO] [run] subject=1, session=2, speed=7, trial=6, x__rid_x=5e700f2b51660f6a: dummy_return_one(x)
[10:14:44.084] [INFO] [run] subject=1, session=2, speed=7, trial=7, x__rid_x=c45ce17d9ad03a90: dummy_return_one(x)
[10:14:44.085] [INFO] [run] subject=1, session=2, speed=8, trial=1, x__rid_x=a82e1fc261cbc231: dummy_return_one(x)
[10:14:44.087] [INFO] [run] subject=1, session=2, speed=8, trial=2, x__rid_x=e70d5fa244e915f2: dummy_return_one(x)
[10:14:44.088] [INFO] [run] subject=1, session=2, speed=8, trial=3, x__rid_x=81378de8b4055dba: dummy_return_one(x)
[10:14:44.091] [INFO] [run] subject=1, session=2, speed=8, trial=4, x__rid_x=c00cb805472a5c61: dummy_return_one(x)
[10:14:44.093] [INFO] [run] subject=1, session=2, speed=8, trial=5, x__rid_x=9c3bf7acfabfee95: dummy_return_one(x)
[10:14:44.093] [INFO] [run] subject=1, session=2, speed=8, trial=6, x__rid_x=e662b64db9b63893: dummy_return_one(x)
[10:14:44.096] [INFO] [run] subject=1, session=2, speed=8, trial=7, x__rid_x=86827daf72d2ed4b: dummy_return_one(x)
[10:14:44.096] [INFO] [run] subject=1, session=2, speed=9, trial=1, x__rid_x=de9bc5ea5474d7b7: dummy_return_one(x)
[10:14:44.097] [INFO] [run] subject=1, session=2, speed=9, trial=2, x__rid_x=2630d04eea70c8bc: dummy_return_one(x)
[10:14:44.099] [INFO] [run] subject=1, session=2, speed=9, trial=3, x__rid_x=e312f1318604e1d1: dummy_return_one(x)
[10:14:44.102] [INFO] [run] subject=1, session=2, speed=9, trial=4, x__rid_x=e9d7645852f58784: dummy_return_one(x)
[10:14:44.103] [INFO] [run] subject=1, session=2, speed=9, trial=5, x__rid_x=7fca63416b3c6ab1: dummy_return_one(x)
[10:14:44.105] [INFO] [run] subject=1, session=2, speed=9, trial=6, x__rid_x=c61397be96a73b1d: dummy_return_one(x)
[10:14:44.106] [INFO] [run] subject=1, session=2, speed=9, trial=7, x__rid_x=bc1b18302cec9f49: dummy_return_one(x)
[10:14:44.108] [INFO] [run] subject=1, session=3, speed=1, trial=1, x__rid_x=62116ce821c97a2b: dummy_return_one(x)
[10:14:44.109] [INFO] [run] subject=1, session=3, speed=1, trial=2, x__rid_x=3762a2d966a8073b: dummy_return_one(x)
[10:14:44.110] [INFO] [run] subject=1, session=3, speed=1, trial=3, x__rid_x=ba94d7492fdc0ccf: dummy_return_one(x)
[10:14:44.112] [INFO] [run] subject=1, session=3, speed=1, trial=4, x__rid_x=08f1e34e74fccd93: dummy_return_one(x)
[10:14:44.113] [INFO] [run] subject=1, session=3, speed=1, trial=5, x__rid_x=5eaa7d7f3072a5de: dummy_return_one(x)
[10:14:44.116] [INFO] [run] subject=1, session=3, speed=1, trial=6, x__rid_x=3f0c63deb8c0c5b2: dummy_return_one(x)
[10:14:44.119] [INFO] [run] subject=1, session=3, speed=1, trial=7, x__rid_x=5208f5868855d6da: dummy_return_one(x)
[10:14:44.120] [INFO] [run] subject=1, session=3, speed=10, trial=1, x__rid_x=acf3e4a4ecbf7f59: dummy_return_one(x)
[10:14:44.121] [INFO] [run] subject=1, session=3, speed=10, trial=2, x__rid_x=4d1cb3ae024caabc: dummy_return_one(x)
[10:14:44.122] [INFO] [run] subject=1, session=3, speed=10, trial=3, x__rid_x=d650691c28a78427: dummy_return_one(x)
[10:14:44.123] [INFO] [run] subject=1, session=3, speed=10, trial=4, x__rid_x=92bafd41e6da07aa: dummy_return_one(x)
[10:14:44.125] [INFO] [run] subject=1, session=3, speed=10, trial=5, x__rid_x=abb101be769d3909: dummy_return_one(x)
[10:14:44.126] [INFO] [run] subject=1, session=3, speed=10, trial=6, x__rid_x=f9296b259739b1b8: dummy_return_one(x)
[10:14:44.127] [INFO] [run] subject=1, session=3, speed=10, trial=7, x__rid_x=edc7983f851f1b4b: dummy_return_one(x)
[10:14:44.128] [INFO] [run] subject=1, session=3, speed=2, trial=1, x__rid_x=50fdb1cefa7ab306: dummy_return_one(x)
[10:14:44.129] [INFO] [run] subject=1, session=3, speed=2, trial=2, x__rid_x=246e0fd14a5433da: dummy_return_one(x)
[10:14:44.129] [INFO] [run] subject=1, session=3, speed=2, trial=3, x__rid_x=7ce1490114e92ef0: dummy_return_one(x)
[10:14:44.131] [INFO] [run] subject=1, session=3, speed=2, trial=4, x__rid_x=d85e52575ac8c5c0: dummy_return_one(x)
[10:14:44.132] [INFO] [run] subject=1, session=3, speed=2, trial=5, x__rid_x=623f7b41e5e10fca: dummy_return_one(x)
[10:14:44.132] [INFO] [run] subject=1, session=3, speed=2, trial=6, x__rid_x=87139b5124daf04d: dummy_return_one(x)
[10:14:44.134] [INFO] [run] subject=1, session=3, speed=2, trial=7, x__rid_x=e18908171ff9914d: dummy_return_one(x)
[10:14:44.136] [INFO] [run] subject=1, session=3, speed=3, trial=1, x__rid_x=e5870f0ac81c4e56: dummy_return_one(x)
[10:14:44.137] [INFO] [run] subject=1, session=3, speed=3, trial=2, x__rid_x=c9d02307295f5d41: dummy_return_one(x)
[10:14:44.138] [INFO] [run] subject=1, session=3, speed=3, trial=3, x__rid_x=ca7ee80f6d8bc5b2: dummy_return_one(x)
[10:14:44.143] [INFO] [run] subject=1, session=3, speed=3, trial=4, x__rid_x=42ecfb30e176e687: dummy_return_one(x)
[10:14:44.146] [INFO] [run] subject=1, session=3, speed=3, trial=5, x__rid_x=9cc2f81ce20431eb: dummy_return_one(x)
[10:14:44.147] [INFO] [run] subject=1, session=3, speed=3, trial=6, x__rid_x=dfd6a993cadd54c1: dummy_return_one(x)
[10:14:44.148] [INFO] [run] subject=1, session=3, speed=3, trial=7, x__rid_x=83dd217b92ef9db7: dummy_return_one(x)
[10:14:44.149] [INFO] [run] subject=1, session=3, speed=4, trial=1, x__rid_x=7f8890d45c91f61d: dummy_return_one(x)
[10:14:44.151] [INFO] [run] subject=1, session=3, speed=4, trial=2, x__rid_x=e71da0c8fce82059: dummy_return_one(x)
[10:14:44.154] [INFO] [run] subject=1, session=3, speed=4, trial=3, x__rid_x=b56934580f7c31cf: dummy_return_one(x)
[10:14:44.155] [INFO] [run] subject=1, session=3, speed=4, trial=4, x__rid_x=fc18dd532396ab32: dummy_return_one(x)
[10:14:44.157] [INFO] [run] subject=1, session=3, speed=4, trial=5, x__rid_x=3640b9bbe998ed72: dummy_return_one(x)
[10:14:44.158] [INFO] [run] subject=1, session=3, speed=4, trial=6, x__rid_x=7722c646355c42ae: dummy_return_one(x)
[10:14:44.158] [INFO] [run] subject=1, session=3, speed=4, trial=7, x__rid_x=c3421458bc5ce4fa: dummy_return_one(x)
[10:14:44.160] [INFO] [run] subject=1, session=3, speed=5, trial=1, x__rid_x=35328071b72738b8: dummy_return_one(x)
[10:14:44.161] [INFO] [run] subject=1, session=3, speed=5, trial=2, x__rid_x=dcd9a6efb15b9e1d: dummy_return_one(x)
[10:14:44.161] [INFO] [run] subject=1, session=3, speed=5, trial=3, x__rid_x=4aed537de0d7de1f: dummy_return_one(x)
[10:14:44.163] [INFO] [run] subject=1, session=3, speed=5, trial=4, x__rid_x=396db40ef9db6f24: dummy_return_one(x)
[10:14:44.164] [INFO] [run] subject=1, session=3, speed=5, trial=5, x__rid_x=3ed1edd714fed2f1: dummy_return_one(x)
[10:14:44.166] [INFO] [run] subject=1, session=3, speed=5, trial=6, x__rid_x=1333d8fccb755e2c: dummy_return_one(x)
[10:14:44.167] [INFO] [run] subject=1, session=3, speed=5, trial=7, x__rid_x=a5280daff80ff690: dummy_return_one(x)
[10:14:44.169] [INFO] [run] subject=1, session=3, speed=6, trial=1, x__rid_x=fae8e9a773b41c54: dummy_return_one(x)
[10:14:44.170] [INFO] [run] subject=1, session=3, speed=6, trial=2, x__rid_x=4f03ddc6773c44a6: dummy_return_one(x)
[10:14:44.172] [INFO] [run] subject=1, session=3, speed=6, trial=3, x__rid_x=8cde828e07e42a9d: dummy_return_one(x)
[10:14:44.173] [INFO] [run] subject=1, session=3, speed=6, trial=4, x__rid_x=acf3cc289258e1bb: dummy_return_one(x)
[10:14:44.174] [INFO] [run] subject=1, session=3, speed=6, trial=5, x__rid_x=18ed40dc450e0aef: dummy_return_one(x)
[10:14:44.175] [INFO] [run] subject=1, session=3, speed=6, trial=6, x__rid_x=589a24398c855b25: dummy_return_one(x)
[10:14:44.176] [INFO] [run] subject=1, session=3, speed=6, trial=7, x__rid_x=55ec590d1ad40e2b: dummy_return_one(x)
[10:14:44.176] [INFO] [run] subject=1, session=3, speed=7, trial=1, x__rid_x=4aee60a365e6be8d: dummy_return_one(x)
[10:14:44.178] [INFO] [run] subject=1, session=3, speed=7, trial=2, x__rid_x=65d2d62b553a5b22: dummy_return_one(x)
[10:14:44.178] [INFO] [run] subject=1, session=3, speed=7, trial=3, x__rid_x=af654eeac2406ca9: dummy_return_one(x)
[10:14:44.179] [INFO] [run] subject=1, session=3, speed=7, trial=4, x__rid_x=369a797ce7e498d6: dummy_return_one(x)
[10:14:44.180] [INFO] [run] subject=1, session=3, speed=7, trial=5, x__rid_x=7d486cd487f4af78: dummy_return_one(x)
[10:14:44.181] [INFO] [run] subject=1, session=3, speed=7, trial=6, x__rid_x=07bd1cf265253093: dummy_return_one(x)
[10:14:44.181] [INFO] [run] subject=1, session=3, speed=7, trial=7, x__rid_x=4cbd18a0a99a2f70: dummy_return_one(x)
[10:14:44.182] [INFO] [run] subject=1, session=3, speed=8, trial=1, x__rid_x=e1900e2d812a993f: dummy_return_one(x)
[10:14:44.184] [INFO] [run] subject=1, session=3, speed=8, trial=2, x__rid_x=cff67c7e4194fdda: dummy_return_one(x)
[10:14:44.185] [INFO] [run] subject=1, session=3, speed=8, trial=3, x__rid_x=6d1ee897f04cffc8: dummy_return_one(x)
[10:14:44.186] [INFO] [run] subject=1, session=3, speed=8, trial=4, x__rid_x=f673f396591b0a56: dummy_return_one(x)
[10:14:44.187] [INFO] [run] subject=1, session=3, speed=8, trial=5, x__rid_x=43503b2340da88ba: dummy_return_one(x)
[10:14:44.188] [INFO] [run] subject=1, session=3, speed=8, trial=6, x__rid_x=75ce2b73f442a513: dummy_return_one(x)
[10:14:44.188] [INFO] [run] subject=1, session=3, speed=8, trial=7, x__rid_x=a24c2ea4036801cd: dummy_return_one(x)
[10:14:44.189] [INFO] [run] subject=1, session=3, speed=9, trial=1, x__rid_x=e291331794348e6a: dummy_return_one(x)
[10:14:44.191] [INFO] [run] subject=1, session=3, speed=9, trial=2, x__rid_x=6173e7e4c9538584: dummy_return_one(x)
[10:14:44.194] [INFO] [run] subject=1, session=3, speed=9, trial=3, x__rid_x=b3a8e8b7e086635e: dummy_return_one(x)
[10:14:44.195] [INFO] [run] subject=1, session=3, speed=9, trial=4, x__rid_x=154705c7a9a4956b: dummy_return_one(x)
[10:14:44.195] [INFO] [run] subject=1, session=3, speed=9, trial=5, x__rid_x=eb39b2a8f1c96679: dummy_return_one(x)
[10:14:44.197] [INFO] [run] subject=1, session=3, speed=9, trial=6, x__rid_x=aafaba0c53e09f40: dummy_return_one(x)
[10:14:44.197] [INFO] [run] subject=1, session=3, speed=9, trial=7, x__rid_x=106aeb07c8750354: dummy_return_one(x)
[10:14:44.198] [INFO] [run] subject=1, session=4, speed=1, trial=1, x__rid_x=506480f5b550740e: dummy_return_one(x)
[10:14:44.200] [INFO] [run] subject=1, session=4, speed=1, trial=2, x__rid_x=8e2ae00adfd624ad: dummy_return_one(x)
[10:14:44.200] [INFO] [run] subject=1, session=4, speed=1, trial=3, x__rid_x=56020d522f8820ff: dummy_return_one(x)
[10:14:44.201] [INFO] [run] subject=1, session=4, speed=1, trial=4, x__rid_x=048c24c9d03aee17: dummy_return_one(x)
[10:14:44.203] [INFO] [run] subject=1, session=4, speed=1, trial=5, x__rid_x=0d9ba19a0dcb8a67: dummy_return_one(x)
[10:14:44.204] [INFO] [run] subject=1, session=4, speed=1, trial=6, x__rid_x=74a376d82ef8709f: dummy_return_one(x)
[10:14:44.205] [INFO] [run] subject=1, session=4, speed=1, trial=7, x__rid_x=01303dac072d6e86: dummy_return_one(x)
[10:14:44.206] [INFO] [run] subject=1, session=4, speed=10, trial=1, x__rid_x=55fbbdff7ce24923: dummy_return_one(x)
[10:14:44.207] [INFO] [run] subject=1, session=4, speed=10, trial=2, x__rid_x=6417e9019914864f: dummy_return_one(x)
[10:14:44.208] [INFO] [run] subject=1, session=4, speed=10, trial=3, x__rid_x=73a16a04592f4ce4: dummy_return_one(x)
[10:14:44.209] [INFO] [run] subject=1, session=4, speed=10, trial=4, x__rid_x=a09970707d2effcc: dummy_return_one(x)
[10:14:44.212] [INFO] [run] subject=1, session=4, speed=10, trial=5, x__rid_x=c063545c3241b8a0: dummy_return_one(x)
[10:14:44.214] [INFO] [run] subject=1, session=4, speed=10, trial=6, x__rid_x=91b5a779e84581de: dummy_return_one(x)
[10:14:44.216] [INFO] [run] subject=1, session=4, speed=10, trial=7, x__rid_x=84c2cfc39e378780: dummy_return_one(x)
[10:14:44.219] [INFO] [run] subject=1, session=4, speed=2, trial=1, x__rid_x=d877783726b0ff0b: dummy_return_one(x)
[10:14:44.220] [INFO] [run] subject=1, session=4, speed=2, trial=2, x__rid_x=1f5e650831f7d38b: dummy_return_one(x)
[10:14:44.222] [INFO] [run] subject=1, session=4, speed=2, trial=3, x__rid_x=cab499cb5189f1ed: dummy_return_one(x)
[10:14:44.222] [INFO] [run] subject=1, session=4, speed=2, trial=4, x__rid_x=cfcfefe8dae75ddf: dummy_return_one(x)
[10:14:44.223] [INFO] [run] subject=1, session=4, speed=2, trial=5, x__rid_x=97db872200e62f7b: dummy_return_one(x)
[10:14:44.224] [INFO] [run] subject=1, session=4, speed=2, trial=6, x__rid_x=2f1e2b5251110069: dummy_return_one(x)
[10:14:44.225] [INFO] [run] subject=1, session=4, speed=2, trial=7, x__rid_x=c810d8bb8778ee7a: dummy_return_one(x)
[10:14:44.225] [INFO] [run] subject=1, session=4, speed=3, trial=1, x__rid_x=7881a08224535b9b: dummy_return_one(x)
[10:14:44.226] [INFO] [run] subject=1, session=4, speed=3, trial=2, x__rid_x=1ccfa60ef6f7fb8f: dummy_return_one(x)
[10:14:44.228] [INFO] [run] subject=1, session=4, speed=3, trial=3, x__rid_x=64bc10e8b22f0872: dummy_return_one(x)
[10:14:44.228] [INFO] [run] subject=1, session=4, speed=3, trial=4, x__rid_x=3c03f056f7b1c5ce: dummy_return_one(x)
[10:14:44.229] [INFO] [run] subject=1, session=4, speed=3, trial=5, x__rid_x=8ea8b54616a5f8a7: dummy_return_one(x)
[10:14:44.231] [INFO] [run] subject=1, session=4, speed=3, trial=6, x__rid_x=751d41d55203356d: dummy_return_one(x)
[10:14:44.232] [INFO] [run] subject=1, session=4, speed=3, trial=7, x__rid_x=ae6f2baf5eaa301e: dummy_return_one(x)
[10:14:44.234] [INFO] [run] subject=1, session=4, speed=4, trial=1, x__rid_x=217535451f930265: dummy_return_one(x)
[10:14:44.238] [INFO] [run] subject=1, session=4, speed=4, trial=2, x__rid_x=ba6671f7601e29b6: dummy_return_one(x)
[10:14:44.239] [INFO] [run] subject=1, session=4, speed=4, trial=3, x__rid_x=83eb02d01ad78419: dummy_return_one(x)
[10:14:44.239] [INFO] [run] subject=1, session=4, speed=4, trial=4, x__rid_x=7b986a3c6ddb1dd8: dummy_return_one(x)
[10:14:44.241] [INFO] [run] subject=1, session=4, speed=4, trial=5, x__rid_x=ebf2abb6e992ee90: dummy_return_one(x)
[10:14:44.242] [INFO] [run] subject=1, session=4, speed=4, trial=6, x__rid_x=048a983171b675c6: dummy_return_one(x)
[10:14:44.242] [INFO] [run] subject=1, session=4, speed=4, trial=7, x__rid_x=bf12a77ca72efb41: dummy_return_one(x)
[10:14:44.244] [INFO] [run] subject=1, session=4, speed=5, trial=1, x__rid_x=7d30fa8fa3ea3066: dummy_return_one(x)
[10:14:44.245] [INFO] [run] subject=1, session=4, speed=5, trial=2, x__rid_x=e18c0e71f25fc757: dummy_return_one(x)
[10:14:44.245] [INFO] [run] subject=1, session=4, speed=5, trial=3, x__rid_x=98486ac13698a6ed: dummy_return_one(x)
[10:14:44.247] [INFO] [run] subject=1, session=4, speed=5, trial=4, x__rid_x=64e4f1cff4e9c097: dummy_return_one(x)
[10:14:44.247] [INFO] [run] subject=1, session=4, speed=5, trial=5, x__rid_x=7995e1b26b628c06: dummy_return_one(x)
[10:14:44.248] [INFO] [run] subject=1, session=4, speed=5, trial=6, x__rid_x=e03bd88c655b71a5: dummy_return_one(x)
[10:14:44.250] [INFO] [run] subject=1, session=4, speed=5, trial=7, x__rid_x=9d197152ad9e94eb: dummy_return_one(x)
[10:14:44.251] [INFO] [run] subject=1, session=4, speed=6, trial=1, x__rid_x=5be8aa0bc141baf1: dummy_return_one(x)
[10:14:44.253] [INFO] [run] subject=1, session=4, speed=6, trial=2, x__rid_x=dfa5508570cc2ccc: dummy_return_one(x)
[10:14:44.254] [INFO] [run] subject=1, session=4, speed=6, trial=3, x__rid_x=1a93b00d8b1be742: dummy_return_one(x)
[10:14:44.254] [INFO] [run] subject=1, session=4, speed=6, trial=4, x__rid_x=a8582938d4109751: dummy_return_one(x)
[10:14:44.256] [INFO] [run] subject=1, session=4, speed=6, trial=5, x__rid_x=401d55ed97c0255b: dummy_return_one(x)
[10:14:44.257] [INFO] [run] subject=1, session=4, speed=6, trial=6, x__rid_x=1f493f2a6804161c: dummy_return_one(x)
[10:14:44.257] [INFO] [run] subject=1, session=4, speed=6, trial=7, x__rid_x=e4b344b90c40b8b1: dummy_return_one(x)
[10:14:44.259] [INFO] [run] subject=1, session=4, speed=7, trial=1, x__rid_x=d9b0f3d6ee8493f5: dummy_return_one(x)
[10:14:44.260] [INFO] [run] subject=1, session=4, speed=7, trial=2, x__rid_x=779a745e1c6d5597: dummy_return_one(x)
[10:14:44.260] [INFO] [run] subject=1, session=4, speed=7, trial=3, x__rid_x=2183d4f7187ed81b: dummy_return_one(x)
[10:14:44.262] [INFO] [run] subject=1, session=4, speed=7, trial=4, x__rid_x=a0cd6edd7ef18c2b: dummy_return_one(x)
[10:14:44.263] [INFO] [run] subject=1, session=4, speed=7, trial=5, x__rid_x=ee1766374aeb9714: dummy_return_one(x)
[10:14:44.263] [INFO] [run] subject=1, session=4, speed=7, trial=6, x__rid_x=264e94c530db6930: dummy_return_one(x)
[10:14:44.265] [INFO] [run] subject=1, session=4, speed=7, trial=7, x__rid_x=fcb69d9560a40acf: dummy_return_one(x)
[10:14:44.266] [INFO] [run] subject=1, session=4, speed=8, trial=1, x__rid_x=394d42e455b369ac: dummy_return_one(x)
[10:14:44.267] [INFO] [run] subject=1, session=4, speed=8, trial=2, x__rid_x=c40ccac15fe05d20: dummy_return_one(x)
[10:14:44.268] [INFO] [run] subject=1, session=4, speed=8, trial=3, x__rid_x=e08ea376102896d9: dummy_return_one(x)
[10:14:44.270] [INFO] [run] subject=1, session=4, speed=8, trial=4, x__rid_x=ffbb9de47c8276ba: dummy_return_one(x)
[10:14:44.271] [INFO] [run] subject=1, session=4, speed=8, trial=5, x__rid_x=34d2865a230e9d50: dummy_return_one(x)
[10:14:44.272] [INFO] [run] subject=1, session=4, speed=8, trial=6, x__rid_x=c5bc779af098d7ba: dummy_return_one(x)
[10:14:44.273] [INFO] [run] subject=1, session=4, speed=8, trial=7, x__rid_x=0297eeb6c111f433: dummy_return_one(x)
[10:14:44.274] [INFO] [run] subject=1, session=4, speed=9, trial=1, x__rid_x=57fd608b93cf3029: dummy_return_one(x)
[10:14:44.275] [INFO] [run] subject=1, session=4, speed=9, trial=2, x__rid_x=2e96208ba0832214: dummy_return_one(x)
[10:14:44.276] [INFO] [run] subject=1, session=4, speed=9, trial=3, x__rid_x=118720872e10255c: dummy_return_one(x)
[10:14:44.276] [INFO] [run] subject=1, session=4, speed=9, trial=4, x__rid_x=aa708e9ce1b22066: dummy_return_one(x)
[10:14:44.277] [INFO] [run] subject=1, session=4, speed=9, trial=5, x__rid_x=b226a799a3227954: dummy_return_one(x)
[10:14:44.278] [INFO] [run] subject=1, session=4, speed=9, trial=6, x__rid_x=7a3abdc2f2b1c8c5: dummy_return_one(x)
[10:14:44.279] [INFO] [run] subject=1, session=4, speed=9, trial=7, x__rid_x=3d421815217aa6a3: dummy_return_one(x)
[10:14:44.279] [INFO] [run] subject=1, session=5, speed=1, trial=1, x__rid_x=a6d9919d7dbc0b93: dummy_return_one(x)
[10:14:44.281] [INFO] [run] subject=1, session=5, speed=1, trial=2, x__rid_x=a084af5afafac245: dummy_return_one(x)
[10:14:44.281] [INFO] [run] subject=1, session=5, speed=1, trial=3, x__rid_x=1b8936fe3e936c6c: dummy_return_one(x)
[10:14:44.282] [INFO] [run] subject=1, session=5, speed=1, trial=4, x__rid_x=24d1c2686986dcea: dummy_return_one(x)
[10:14:44.282] [INFO] [run] subject=1, session=5, speed=1, trial=5, x__rid_x=b925bb3abf700463: dummy_return_one(x)
[10:14:44.284] [INFO] [run] subject=1, session=5, speed=1, trial=6, x__rid_x=ce7e19b5d593f5ee: dummy_return_one(x)
[10:14:44.285] [INFO] [run] subject=1, session=5, speed=1, trial=7, x__rid_x=adb8c3f1a0b81e4a: dummy_return_one(x)
[10:14:44.287] [INFO] [run] subject=1, session=5, speed=10, trial=1, x__rid_x=6ffb53ea84decbaf: dummy_return_one(x)
[10:14:44.287] [INFO] [run] subject=1, session=5, speed=10, trial=2, x__rid_x=85a51b1f1885a010: dummy_return_one(x)
[10:14:44.288] [INFO] [run] subject=1, session=5, speed=10, trial=3, x__rid_x=4f933190ccc30179: dummy_return_one(x)
[10:14:44.290] [INFO] [run] subject=1, session=5, speed=10, trial=4, x__rid_x=cef2f1ca216357c9: dummy_return_one(x)
[10:14:44.291] [INFO] [run] subject=1, session=5, speed=10, trial=5, x__rid_x=0dfb5e9f28853c2e: dummy_return_one(x)
[10:14:44.291] [INFO] [run] subject=1, session=5, speed=10, trial=6, x__rid_x=0070706e04b6f350: dummy_return_one(x)
[10:14:44.293] [INFO] [run] subject=1, session=5, speed=10, trial=7, x__rid_x=58cefb87c2380c22: dummy_return_one(x)
[10:14:44.294] [INFO] [run] subject=1, session=5, speed=2, trial=1, x__rid_x=490a71dc9cc9b3d5: dummy_return_one(x)
[10:14:44.294] [INFO] [run] subject=1, session=5, speed=2, trial=2, x__rid_x=2b031a7607777b8b: dummy_return_one(x)
[10:14:44.296] [INFO] [run] subject=1, session=5, speed=2, trial=3, x__rid_x=c5ed38b99e29df61: dummy_return_one(x)
[10:14:44.297] [INFO] [run] subject=1, session=5, speed=2, trial=4, x__rid_x=47b25e9a93340a4e: dummy_return_one(x)
[10:14:44.297] [INFO] [run] subject=1, session=5, speed=2, trial=5, x__rid_x=2dfe0143e24b4ef6: dummy_return_one(x)
[10:14:44.298] [INFO] [run] subject=1, session=5, speed=2, trial=6, x__rid_x=7aa18265a5f06e30: dummy_return_one(x)
[10:14:44.299] [INFO] [run] subject=1, session=5, speed=2, trial=7, x__rid_x=1d77362ad8261855: dummy_return_one(x)
[10:14:44.300] [INFO] [run] subject=1, session=5, speed=3, trial=1, x__rid_x=ff07e12bd101e900: dummy_return_one(x)
[10:14:44.300] [INFO] [run] subject=1, session=5, speed=3, trial=2, x__rid_x=6a9f4219063723ec: dummy_return_one(x)
[10:14:44.302] [INFO] [run] subject=1, session=5, speed=3, trial=3, x__rid_x=80ef24b89746c420: dummy_return_one(x)
[10:14:44.304] [INFO] [run] subject=1, session=5, speed=3, trial=4, x__rid_x=6a4f137eb6d7d391: dummy_return_one(x)
[10:14:44.306] [INFO] [run] subject=1, session=5, speed=3, trial=5, x__rid_x=9393dc63b0a30003: dummy_return_one(x)
[10:14:44.307] [INFO] [run] subject=1, session=5, speed=3, trial=6, x__rid_x=ece9595b15c99023: dummy_return_one(x)
[10:14:44.307] [INFO] [run] subject=1, session=5, speed=3, trial=7, x__rid_x=948f01f94f6f91fc: dummy_return_one(x)
[10:14:44.310] [INFO] [run] subject=1, session=5, speed=4, trial=1, x__rid_x=5f4a0a6939108521: dummy_return_one(x)
[10:14:44.311] [INFO] [run] subject=1, session=5, speed=4, trial=2, x__rid_x=59de0dc6153c0b5b: dummy_return_one(x)
[10:14:44.313] [INFO] [run] subject=1, session=5, speed=4, trial=3, x__rid_x=621a94217d8a447d: dummy_return_one(x)
[10:14:44.313] [INFO] [run] subject=1, session=5, speed=4, trial=4, x__rid_x=287bdc85f437b5df: dummy_return_one(x)
[10:14:44.316] [INFO] [run] subject=1, session=5, speed=4, trial=5, x__rid_x=ad661592a40cd56b: dummy_return_one(x)
[10:14:44.320] [INFO] [run] subject=1, session=5, speed=4, trial=6, x__rid_x=d89f59b8007b2b17: dummy_return_one(x)
[10:14:44.322] [INFO] [run] subject=1, session=5, speed=4, trial=7, x__rid_x=acb8bd5b8512713f: dummy_return_one(x)
[10:14:44.323] [INFO] [run] subject=1, session=5, speed=5, trial=1, x__rid_x=d29f6d981daa62e1: dummy_return_one(x)
[10:14:44.324] [INFO] [run] subject=1, session=5, speed=5, trial=2, x__rid_x=65c619b03dc9fe1c: dummy_return_one(x)
[10:14:44.326] [INFO] [run] subject=1, session=5, speed=5, trial=3, x__rid_x=1c2a4f0cda1028dd: dummy_return_one(x)
[10:14:44.327] [INFO] [run] subject=1, session=5, speed=5, trial=4, x__rid_x=2f31d5bf197696a3: dummy_return_one(x)
[10:14:44.329] [INFO] [run] subject=1, session=5, speed=5, trial=5, x__rid_x=6be621b202d7c61a: dummy_return_one(x)
[10:14:44.332] [INFO] [run] subject=1, session=5, speed=5, trial=6, x__rid_x=0bd7891b7e34dc8a: dummy_return_one(x)
[10:14:44.333] [INFO] [run] subject=1, session=5, speed=5, trial=7, x__rid_x=43e0497e2cc1b212: dummy_return_one(x)
[10:14:44.334] [INFO] [run] subject=1, session=5, speed=6, trial=1, x__rid_x=e5fbcc0c67ebaebd: dummy_return_one(x)
[10:14:44.335] [INFO] [run] subject=1, session=5, speed=6, trial=2, x__rid_x=97f3bc2ca5cdb75c: dummy_return_one(x)
[10:14:44.337] [INFO] [run] subject=1, session=5, speed=6, trial=3, x__rid_x=cb196a0e58717869: dummy_return_one(x)
[10:14:44.339] [INFO] [run] subject=1, session=5, speed=6, trial=4, x__rid_x=dbc978d3f1ebfba4: dummy_return_one(x)
[10:14:44.340] [INFO] [run] subject=1, session=5, speed=6, trial=5, x__rid_x=1e7105e0d7d18538: dummy_return_one(x)
[10:14:44.340] [INFO] [run] subject=1, session=5, speed=6, trial=6, x__rid_x=53a53df5bc25d4ca: dummy_return_one(x)
[10:14:44.342] [INFO] [run] subject=1, session=5, speed=6, trial=7, x__rid_x=5a169e477b508c8a: dummy_return_one(x)
[10:14:44.344] [INFO] [run] subject=1, session=5, speed=7, trial=1, x__rid_x=a4dc8f3dadaddf11: dummy_return_one(x)
[10:14:44.347] [INFO] [run] subject=1, session=5, speed=7, trial=2, x__rid_x=5b032060f95f75ae: dummy_return_one(x)
[10:14:44.349] [INFO] [run] subject=1, session=5, speed=7, trial=3, x__rid_x=505598ed6b072e77: dummy_return_one(x)
[10:14:44.354] [INFO] [run] subject=1, session=5, speed=7, trial=4, x__rid_x=81b3477ad4d0d103: dummy_return_one(x)
[10:14:44.356] [INFO] [run] subject=1, session=5, speed=7, trial=5, x__rid_x=d3633a113a9c2aad: dummy_return_one(x)
[10:14:44.356] [INFO] [run] subject=1, session=5, speed=7, trial=6, x__rid_x=1fbc4656f21f1b76: dummy_return_one(x)
[10:14:44.357] [INFO] [run] subject=1, session=5, speed=7, trial=7, x__rid_x=231cfc7f07965d74: dummy_return_one(x)
[10:14:44.359] [INFO] [run] subject=1, session=5, speed=8, trial=1, x__rid_x=070bcee883736938: dummy_return_one(x)
[10:14:44.360] [INFO] [run] subject=1, session=5, speed=8, trial=2, x__rid_x=6e4b44e701e754e2: dummy_return_one(x)
[10:14:44.362] [INFO] [run] subject=1, session=5, speed=8, trial=3, x__rid_x=8466910b1e8f2132: dummy_return_one(x)
[10:14:44.363] [INFO] [run] subject=1, session=5, speed=8, trial=4, x__rid_x=8d2d284118204169: dummy_return_one(x)
[10:14:44.365] [INFO] [run] subject=1, session=5, speed=8, trial=5, x__rid_x=1c7891f978fb6ca6: dummy_return_one(x)
[10:14:44.366] [INFO] [run] subject=1, session=5, speed=8, trial=6, x__rid_x=47a2759da0c74b7d: dummy_return_one(x)
[10:14:44.367] [INFO] [run] subject=1, session=5, speed=8, trial=7, x__rid_x=9e9478ea20f02459: dummy_return_one(x)
[10:14:44.369] [INFO] [run] subject=1, session=5, speed=9, trial=1, x__rid_x=94ab7fefed15c979: dummy_return_one(x)
[10:14:44.370] [INFO] [run] subject=1, session=5, speed=9, trial=2, x__rid_x=360cb5c0ec247557: dummy_return_one(x)
[10:14:44.371] [INFO] [run] subject=1, session=5, speed=9, trial=3, x__rid_x=be4ede816bb03827: dummy_return_one(x)
[10:14:44.372] [INFO] [run] subject=1, session=5, speed=9, trial=4, x__rid_x=1977d10c8152a4ea: dummy_return_one(x)
[10:14:44.373] [INFO] [run] subject=1, session=5, speed=9, trial=5, x__rid_x=174aac22af2f1e41: dummy_return_one(x)
[10:14:44.374] [INFO] [run] subject=1, session=5, speed=9, trial=6, x__rid_x=586e1ed9dce4cc2a: dummy_return_one(x)
[10:14:44.375] [INFO] [run] subject=1, session=5, speed=9, trial=7, x__rid_x=52ef9cb10fe75d2c: dummy_return_one(x)
[10:14:44.376] [INFO] [run] subject=10, session=1, speed=1, trial=1, x__rid_x=e1484d7e2f9d7359: dummy_return_one(x)
[10:14:44.377] [INFO] [run] subject=10, session=1, speed=1, trial=2, x__rid_x=0609a27545b8b2fd: dummy_return_one(x)
[10:14:44.379] [INFO] [run] subject=10, session=1, speed=1, trial=3, x__rid_x=6580b5c344ac0e96: dummy_return_one(x)
[10:14:44.379] [INFO] [run] subject=10, session=1, speed=1, trial=4, x__rid_x=eebb382c06191323: dummy_return_one(x)
[10:14:44.380] [INFO] [run] subject=10, session=1, speed=1, trial=5, x__rid_x=c50ad82d203b0c1a: dummy_return_one(x)
[10:14:44.382] [INFO] [run] subject=10, session=1, speed=1, trial=6, x__rid_x=ac1d4845e6b6629a: dummy_return_one(x)
[10:14:44.383] [INFO] [run] subject=10, session=1, speed=1, trial=7, x__rid_x=219fa9bb5a87393e: dummy_return_one(x)
[10:14:44.383] [INFO] [run] subject=10, session=1, speed=10, trial=1, x__rid_x=25b4fd05ca950f31: dummy_return_one(x)
[10:14:44.385] [INFO] [run] subject=10, session=1, speed=10, trial=2, x__rid_x=2fbd70c82687aa9d: dummy_return_one(x)
[10:14:44.387] [INFO] [run] subject=10, session=1, speed=10, trial=3, x__rid_x=e9a7db418c0654bd: dummy_return_one(x)
[10:14:44.389] [INFO] [run] subject=10, session=1, speed=10, trial=4, x__rid_x=a0038cb39e90f322: dummy_return_one(x)
[10:14:44.390] [INFO] [run] subject=10, session=1, speed=10, trial=5, x__rid_x=b6de7b0131e07872: dummy_return_one(x)
[10:14:44.390] [INFO] [run] subject=10, session=1, speed=10, trial=6, x__rid_x=1319ac889d9896cb: dummy_return_one(x)
[10:14:44.392] [INFO] [run] subject=10, session=1, speed=10, trial=7, x__rid_x=f26b26f53052ddf7: dummy_return_one(x)
[10:14:44.393] [INFO] [run] subject=10, session=1, speed=2, trial=1, x__rid_x=76f474702facca90: dummy_return_one(x)
[10:14:44.394] [INFO] [run] subject=10, session=1, speed=2, trial=2, x__rid_x=edc89c9f0edb184f: dummy_return_one(x)
[10:14:44.395] [INFO] [run] subject=10, session=1, speed=2, trial=3, x__rid_x=759b0e566b4af3fc: dummy_return_one(x)
[10:14:44.396] [INFO] [run] subject=10, session=1, speed=2, trial=4, x__rid_x=a1e6f925cea485bb: dummy_return_one(x)
[10:14:44.397] [INFO] [run] subject=10, session=1, speed=2, trial=5, x__rid_x=2dbfb59c4b52d782: dummy_return_one(x)
[10:14:44.397] [INFO] [run] subject=10, session=1, speed=2, trial=6, x__rid_x=a45ba491a0067122: dummy_return_one(x)
[10:14:44.399] [INFO] [run] subject=10, session=1, speed=2, trial=7, x__rid_x=ec4f2454d565dfba: dummy_return_one(x)
[10:14:44.400] [INFO] [run] subject=10, session=1, speed=3, trial=1, x__rid_x=538a8e3fc5da4094: dummy_return_one(x)
[10:14:44.401] [INFO] [run] subject=10, session=1, speed=3, trial=2, x__rid_x=55a3d617e744d239: dummy_return_one(x)
[10:14:44.402] [INFO] [run] subject=10, session=1, speed=3, trial=3, x__rid_x=a6158777728d8d70: dummy_return_one(x)
[10:14:44.403] [INFO] [run] subject=10, session=1, speed=3, trial=4, x__rid_x=3c4990ff352a0903: dummy_return_one(x)
[10:14:44.405] [INFO] [run] subject=10, session=1, speed=3, trial=5, x__rid_x=330ef735a40ad404: dummy_return_one(x)
[10:14:44.406] [INFO] [run] subject=10, session=1, speed=3, trial=6, x__rid_x=3da5dd212c9b0fbe: dummy_return_one(x)
[10:14:44.407] [INFO] [run] subject=10, session=1, speed=3, trial=7, x__rid_x=287b0900d5465c23: dummy_return_one(x)
[10:14:44.409] [INFO] [run] subject=10, session=1, speed=4, trial=1, x__rid_x=18f64e701498278b: dummy_return_one(x)
[10:14:44.410] [INFO] [run] subject=10, session=1, speed=4, trial=2, x__rid_x=93bca6a482cb5298: dummy_return_one(x)
[10:14:44.410] [INFO] [run] subject=10, session=1, speed=4, trial=3, x__rid_x=c2489603a09bf1ed: dummy_return_one(x)
[10:14:44.412] [INFO] [run] subject=10, session=1, speed=4, trial=4, x__rid_x=d77cde7464e8564c: dummy_return_one(x)
[10:14:44.413] [INFO] [run] subject=10, session=1, speed=4, trial=5, x__rid_x=6bd88359c1706e10: dummy_return_one(x)
[10:14:44.413] [INFO] [run] subject=10, session=1, speed=4, trial=6, x__rid_x=2a638aece696b343: dummy_return_one(x)
[10:14:44.415] [INFO] [run] subject=10, session=1, speed=4, trial=7, x__rid_x=ea5c6edd487ae231: dummy_return_one(x)
[10:14:44.416] [INFO] [run] subject=10, session=1, speed=5, trial=1, x__rid_x=c7bf79c6c85c7798: dummy_return_one(x)
[10:14:44.419] [INFO] [run] subject=10, session=1, speed=5, trial=2, x__rid_x=f9a5a79e3ad50af3: dummy_return_one(x)
[10:14:44.420] [INFO] [run] subject=10, session=1, speed=5, trial=3, x__rid_x=4addef1da65e34b9: dummy_return_one(x)
[10:14:44.422] [INFO] [run] subject=10, session=1, speed=5, trial=4, x__rid_x=a029fef24e32c3a2: dummy_return_one(x)
[10:14:44.422] [INFO] [run] subject=10, session=1, speed=5, trial=5, x__rid_x=3684f89fe8a20b4f: dummy_return_one(x)
[10:14:44.423] [INFO] [run] subject=10, session=1, speed=5, trial=6, x__rid_x=8b3a271bfa1cb64e: dummy_return_one(x)
[10:14:44.425] [INFO] [run] subject=10, session=1, speed=5, trial=7, x__rid_x=33156a8e0e6c2b34: dummy_return_one(x)
[10:14:44.426] [INFO] [run] subject=10, session=1, speed=6, trial=1, x__rid_x=741a3ca0d94c16e2: dummy_return_one(x)
[10:14:44.426] [INFO] [run] subject=10, session=1, speed=6, trial=2, x__rid_x=a6612f92d5ea5182: dummy_return_one(x)
[10:14:44.428] [INFO] [run] subject=10, session=1, speed=6, trial=3, x__rid_x=4a78fd776f64b1d0: dummy_return_one(x)
[10:14:44.429] [INFO] [run] subject=10, session=1, speed=6, trial=4, x__rid_x=20751df9be92ed1f: dummy_return_one(x)
[10:14:44.430] [INFO] [run] subject=10, session=1, speed=6, trial=5, x__rid_x=64858f150325efc5: dummy_return_one(x)
[10:14:44.431] [INFO] [run] subject=10, session=1, speed=6, trial=6, x__rid_x=69b5cd42a8ee8d1d: dummy_return_one(x)
[10:14:44.432] [INFO] [run] subject=10, session=1, speed=6, trial=7, x__rid_x=78fffe79ad862007: dummy_return_one(x)
[10:14:44.433] [INFO] [run] subject=10, session=1, speed=7, trial=1, x__rid_x=d6d104fcee42d123: dummy_return_one(x)
[10:14:44.435] [INFO] [run] subject=10, session=1, speed=7, trial=2, x__rid_x=712f36bb17d96468: dummy_return_one(x)
[10:14:44.436] [INFO] [run] subject=10, session=1, speed=7, trial=3, x__rid_x=fc2fb236b10283b1: dummy_return_one(x)
[10:14:44.438] [INFO] [run] subject=10, session=1, speed=7, trial=4, x__rid_x=1211b255140bf003: dummy_return_one(x)
[10:14:44.439] [INFO] [run] subject=10, session=1, speed=7, trial=5, x__rid_x=36ca477bcdeb7630: dummy_return_one(x)
[10:14:44.439] [INFO] [run] subject=10, session=1, speed=7, trial=6, x__rid_x=6fd7dce56fdb064b: dummy_return_one(x)
[10:14:44.441] [INFO] [run] subject=10, session=1, speed=7, trial=7, x__rid_x=41663940397c127d: dummy_return_one(x)
[10:14:44.442] [INFO] [run] subject=10, session=1, speed=8, trial=1, x__rid_x=2a307ab498fe933d: dummy_return_one(x)
[10:14:44.443] [INFO] [run] subject=10, session=1, speed=8, trial=2, x__rid_x=62cde9a2125525ab: dummy_return_one(x)
[10:14:44.445] [INFO] [run] subject=10, session=1, speed=8, trial=3, x__rid_x=ff90aa5da9399d3a: dummy_return_one(x)
[10:14:44.446] [INFO] [run] subject=10, session=1, speed=8, trial=4, x__rid_x=c08a11039546a848: dummy_return_one(x)
[10:14:44.447] [INFO] [run] subject=10, session=1, speed=8, trial=5, x__rid_x=cafe530a276d7891: dummy_return_one(x)
[10:14:44.448] [INFO] [run] subject=10, session=1, speed=8, trial=6, x__rid_x=90db6fd484b1cc5b: dummy_return_one(x)
[10:14:44.449] [INFO] [run] subject=10, session=1, speed=8, trial=7, x__rid_x=9ceb295b35d200e2: dummy_return_one(x)
[10:14:44.451] [INFO] [run] subject=10, session=1, speed=9, trial=1, x__rid_x=956f44587742806f: dummy_return_one(x)
[10:14:44.453] [INFO] [run] subject=10, session=1, speed=9, trial=2, x__rid_x=b26629b2d8b12561: dummy_return_one(x)
[10:14:44.454] [INFO] [run] subject=10, session=1, speed=9, trial=3, x__rid_x=3d17114e175f72b1: dummy_return_one(x)
[10:14:44.457] [INFO] [run] subject=10, session=1, speed=9, trial=4, x__rid_x=8691ea4f5ad7e007: dummy_return_one(x)
[10:14:44.458] [INFO] [run] subject=10, session=1, speed=9, trial=5, x__rid_x=bcbe903db53267d8: dummy_return_one(x)
[10:14:44.460] [INFO] [run] subject=10, session=1, speed=9, trial=6, x__rid_x=aecea409ea1ea4d4: dummy_return_one(x)
[10:14:44.461] [INFO] [run] subject=10, session=1, speed=9, trial=7, x__rid_x=8c4d979fba10987c: dummy_return_one(x)
[10:14:44.462] [INFO] [run] subject=10, session=2, speed=1, trial=1, x__rid_x=0237df4d30a29f9d: dummy_return_one(x)
[10:14:44.464] [INFO] [run] subject=10, session=2, speed=1, trial=2, x__rid_x=e95912b4cbe6f097: dummy_return_one(x)
[10:14:44.465] [INFO] [run] subject=10, session=2, speed=1, trial=3, x__rid_x=afe4a688a3b1b2f3: dummy_return_one(x)
[10:14:44.466] [INFO] [run] subject=10, session=2, speed=1, trial=4, x__rid_x=44af1669562a82eb: dummy_return_one(x)
[10:14:44.468] [INFO] [run] subject=10, session=2, speed=1, trial=5, x__rid_x=c5b2816f177853a9: dummy_return_one(x)
[10:14:44.469] [INFO] [run] subject=10, session=2, speed=1, trial=6, x__rid_x=2aed88995db8f2fd: dummy_return_one(x)
[10:14:44.471] [INFO] [run] subject=10, session=2, speed=1, trial=7, x__rid_x=b2dddd21acbc6796: dummy_return_one(x)
[10:14:44.473] [INFO] [run] subject=10, session=2, speed=10, trial=1, x__rid_x=af436f7fed8b1fde: dummy_return_one(x)
[10:14:44.475] [INFO] [run] subject=10, session=2, speed=10, trial=2, x__rid_x=de1e8e7a7464d694: dummy_return_one(x)
[10:14:44.476] [INFO] [run] subject=10, session=2, speed=10, trial=3, x__rid_x=e712f6ce036b5524: dummy_return_one(x)
[10:14:44.477] [INFO] [run] subject=10, session=2, speed=10, trial=4, x__rid_x=5261f8877c0af045: dummy_return_one(x)
[10:14:44.479] [INFO] [run] subject=10, session=2, speed=10, trial=5, x__rid_x=d28f0ac9d21d03ad: dummy_return_one(x)
[10:14:44.480] [INFO] [run] subject=10, session=2, speed=10, trial=6, x__rid_x=f6fb816a8faa4b4a: dummy_return_one(x)
[10:14:44.481] [INFO] [run] subject=10, session=2, speed=10, trial=7, x__rid_x=96f791da5f70dcc5: dummy_return_one(x)
[10:14:44.483] [INFO] [run] subject=10, session=2, speed=2, trial=1, x__rid_x=68503264316e9296: dummy_return_one(x)
[10:14:44.483] [INFO] [run] subject=10, session=2, speed=2, trial=2, x__rid_x=d8f45da22f8cb9b5: dummy_return_one(x)
[10:14:44.484] [INFO] [run] subject=10, session=2, speed=2, trial=3, x__rid_x=b7810307344f4b26: dummy_return_one(x)
[10:14:44.487] [INFO] [run] subject=10, session=2, speed=2, trial=4, x__rid_x=f227ec9df16f76b3: dummy_return_one(x)
[10:14:44.491] [INFO] [run] subject=10, session=2, speed=2, trial=5, x__rid_x=4af42a0818c99678: dummy_return_one(x)
[10:14:44.492] [INFO] [run] subject=10, session=2, speed=2, trial=6, x__rid_x=d78a51a091c6dd74: dummy_return_one(x)
[10:14:44.494] [INFO] [run] subject=10, session=2, speed=2, trial=7, x__rid_x=32343d0b8d3cd4ea: dummy_return_one(x)
[10:14:44.496] [INFO] [run] subject=10, session=2, speed=3, trial=1, x__rid_x=4b1a9922ca87f9ca: dummy_return_one(x)
[10:14:44.499] [INFO] [run] subject=10, session=2, speed=3, trial=2, x__rid_x=389540f50d0275d4: dummy_return_one(x)
[10:14:44.501] [INFO] [run] subject=10, session=2, speed=3, trial=3, x__rid_x=5696599ed8cc0e85: dummy_return_one(x)
[10:14:44.504] [INFO] [run] subject=10, session=2, speed=3, trial=4, x__rid_x=b919a8bfc7e7a3cf: dummy_return_one(x)
[10:14:44.512] [INFO] [run] subject=10, session=2, speed=3, trial=5, x__rid_x=02fdc0371b160ef9: dummy_return_one(x)
[10:14:44.516] [INFO] [run] subject=10, session=2, speed=3, trial=6, x__rid_x=1d5df1d16e0a7e25: dummy_return_one(x)
[10:14:44.524] [INFO] [run] subject=10, session=2, speed=3, trial=7, x__rid_x=d661387d787f7f6a: dummy_return_one(x)
[10:14:44.530] [INFO] [run] subject=10, session=2, speed=4, trial=1, x__rid_x=6a26a43d5fd92746: dummy_return_one(x)
[10:14:44.533] [INFO] [run] subject=10, session=2, speed=4, trial=2, x__rid_x=57f6dcfea98b15f1: dummy_return_one(x)
[10:14:44.539] [INFO] [run] subject=10, session=2, speed=4, trial=3, x__rid_x=1bec36e61b27346f: dummy_return_one(x)
[10:14:44.541] [INFO] [run] subject=10, session=2, speed=4, trial=4, x__rid_x=fdf1329511e556a0: dummy_return_one(x)
[10:14:44.543] [INFO] [run] subject=10, session=2, speed=4, trial=5, x__rid_x=667e1f14a1af1538: dummy_return_one(x)
[10:14:44.546] [INFO] [run] subject=10, session=2, speed=4, trial=6, x__rid_x=3eacf1090e1b5f16: dummy_return_one(x)
[10:14:44.549] [INFO] [run] subject=10, session=2, speed=4, trial=7, x__rid_x=2ad56e15d47d8313: dummy_return_one(x)
[10:14:44.549] [INFO] [run] subject=10, session=2, speed=5, trial=1, x__rid_x=e205a07300bf8102: dummy_return_one(x)
[10:14:44.551] [INFO] [run] subject=10, session=2, speed=5, trial=2, x__rid_x=68c1d28337c56793: dummy_return_one(x)
[10:14:44.553] [INFO] [run] subject=10, session=2, speed=5, trial=3, x__rid_x=0c4f654b83e26bf3: dummy_return_one(x)
[10:14:44.556] [INFO] [run] subject=10, session=2, speed=5, trial=4, x__rid_x=169b47fad46bfcb4: dummy_return_one(x)
[10:14:44.557] [INFO] [run] subject=10, session=2, speed=5, trial=5, x__rid_x=cf7f36b6d784bcf7: dummy_return_one(x)
[10:14:44.559] [INFO] [run] subject=10, session=2, speed=5, trial=6, x__rid_x=05560f99a982f26b: dummy_return_one(x)
[10:14:44.561] [INFO] [run] subject=10, session=2, speed=5, trial=7, x__rid_x=c0fe3e9db017e688: dummy_return_one(x)
[10:14:44.563] [INFO] [run] subject=10, session=2, speed=6, trial=1, x__rid_x=a6e9a0eb1019164f: dummy_return_one(x)
[10:14:44.564] [INFO] [run] subject=10, session=2, speed=6, trial=2, x__rid_x=822f8d60578c7c92: dummy_return_one(x)
[10:14:44.565] [INFO] [run] subject=10, session=2, speed=6, trial=3, x__rid_x=c90bad8de3a05156: dummy_return_one(x)
[10:14:44.567] [INFO] [run] subject=10, session=2, speed=6, trial=4, x__rid_x=91a215de0667bc0e: dummy_return_one(x)
[10:14:44.568] [INFO] [run] subject=10, session=2, speed=6, trial=5, x__rid_x=b73321e53bedb49a: dummy_return_one(x)
[10:14:44.569] [INFO] [run] subject=10, session=2, speed=6, trial=6, x__rid_x=cd72c73df34af107: dummy_return_one(x)
[10:14:44.572] [INFO] [run] subject=10, session=2, speed=6, trial=7, x__rid_x=b592f3b5a1bc4b20: dummy_return_one(x)
[10:14:44.573] [INFO] [run] subject=10, session=2, speed=7, trial=1, x__rid_x=0ed77a22ac888b90: dummy_return_one(x)
[10:14:44.576] [INFO] [run] subject=10, session=2, speed=7, trial=2, x__rid_x=b5b8c28c2b8f1d58: dummy_return_one(x)
[10:14:44.577] [INFO] [run] subject=10, session=2, speed=7, trial=3, x__rid_x=e766fe4bb137921e: dummy_return_one(x)
[10:14:44.580] [INFO] [run] subject=10, session=2, speed=7, trial=4, x__rid_x=9622147be2742362: dummy_return_one(x)
[10:14:44.581] [INFO] [run] subject=10, session=2, speed=7, trial=5, x__rid_x=1b7c394d5c9756de: dummy_return_one(x)
[10:14:44.583] [INFO] [run] subject=10, session=2, speed=7, trial=6, x__rid_x=9712c74607d7a6b5: dummy_return_one(x)
[10:14:44.584] [INFO] [run] subject=10, session=2, speed=7, trial=7, x__rid_x=c5309ceafb0240db: dummy_return_one(x)
[10:14:44.585] [INFO] [run] subject=10, session=2, speed=8, trial=1, x__rid_x=3d3e2d1d3f4f4f38: dummy_return_one(x)
[10:14:44.588] [INFO] [run] subject=10, session=2, speed=8, trial=2, x__rid_x=82f0fab4951690d6: dummy_return_one(x)
[10:14:44.589] [INFO] [run] subject=10, session=2, speed=8, trial=3, x__rid_x=f9b97dc2096cbae3: dummy_return_one(x)
[10:14:44.591] [INFO] [run] subject=10, session=2, speed=8, trial=4, x__rid_x=6f2e08916a3a67cf: dummy_return_one(x)
[10:14:44.593] [INFO] [run] subject=10, session=2, speed=8, trial=5, x__rid_x=8493cd817c456085: dummy_return_one(x)
[10:14:44.595] [INFO] [run] subject=10, session=2, speed=8, trial=6, x__rid_x=e4c621685a1d153c: dummy_return_one(x)
[10:14:44.596] [INFO] [run] subject=10, session=2, speed=8, trial=7, x__rid_x=23d5ce8e41d13e91: dummy_return_one(x)
[10:14:44.597] [INFO] [run] subject=10, session=2, speed=9, trial=1, x__rid_x=c7df07287b243c55: dummy_return_one(x)
[10:14:44.598] [INFO] [run] subject=10, session=2, speed=9, trial=2, x__rid_x=ddb4c21d056be304: dummy_return_one(x)
[10:14:44.599] [INFO] [run] subject=10, session=2, speed=9, trial=3, x__rid_x=f7d7787ba336857d: dummy_return_one(x)
[10:14:44.605] [INFO] [run] subject=10, session=2, speed=9, trial=4, x__rid_x=05c9a2f472b6d59f: dummy_return_one(x)
[10:14:44.610] [INFO] [run] subject=10, session=2, speed=9, trial=5, x__rid_x=d4e2aedee2af729d: dummy_return_one(x)
[10:14:44.613] [INFO] [run] subject=10, session=2, speed=9, trial=6, x__rid_x=8834f8491f9cecf4: dummy_return_one(x)
[10:14:44.617] [INFO] [run] subject=10, session=2, speed=9, trial=7, x__rid_x=be48b3102775053c: dummy_return_one(x)
[10:14:44.622] [INFO] [run] subject=10, session=3, speed=1, trial=1, x__rid_x=f41cde74728c4330: dummy_return_one(x)
[10:14:44.626] [INFO] [run] subject=10, session=3, speed=1, trial=2, x__rid_x=560f37c9cdc9267e: dummy_return_one(x)
[10:14:44.628] [INFO] [run] subject=10, session=3, speed=1, trial=3, x__rid_x=e87d091a5dac9025: dummy_return_one(x)
[10:14:44.630] [INFO] [run] subject=10, session=3, speed=1, trial=4, x__rid_x=ffb6c580ec04cb35: dummy_return_one(x)
[10:14:44.635] [INFO] [run] subject=10, session=3, speed=1, trial=5, x__rid_x=73c332464a29e164: dummy_return_one(x)
[10:14:44.638] [INFO] [run] subject=10, session=3, speed=1, trial=6, x__rid_x=4d2c40762525ebdf: dummy_return_one(x)
[10:14:44.639] [INFO] [run] subject=10, session=3, speed=1, trial=7, x__rid_x=97c275bd64ab99b4: dummy_return_one(x)
[10:14:44.640] [INFO] [run] subject=10, session=3, speed=10, trial=1, x__rid_x=a7ab9ed26cdc7a30: dummy_return_one(x)
[10:14:44.642] [INFO] [run] subject=10, session=3, speed=10, trial=2, x__rid_x=04b9c88bb5cbf334: dummy_return_one(x)
[10:14:44.643] [INFO] [run] subject=10, session=3, speed=10, trial=3, x__rid_x=14d26e951fe91a5f: dummy_return_one(x)
[10:14:44.644] [INFO] [run] subject=10, session=3, speed=10, trial=4, x__rid_x=4dea8d1b6d7916d5: dummy_return_one(x)
[10:14:44.646] [INFO] [run] subject=10, session=3, speed=10, trial=5, x__rid_x=45335df8489740fa: dummy_return_one(x)
[10:14:44.649] [INFO] [run] subject=10, session=3, speed=10, trial=6, x__rid_x=e8fd61b83ef29683: dummy_return_one(x)
[10:14:44.651] [INFO] [run] subject=10, session=3, speed=10, trial=7, x__rid_x=9163e6fc842f8c73: dummy_return_one(x)
[10:14:44.654] [INFO] [run] subject=10, session=3, speed=2, trial=1, x__rid_x=49b4e338423a6b4c: dummy_return_one(x)
[10:14:44.657] [INFO] [run] subject=10, session=3, speed=2, trial=2, x__rid_x=76d0df8b8eea597f: dummy_return_one(x)
[10:14:44.659] [INFO] [run] subject=10, session=3, speed=2, trial=3, x__rid_x=b72b0b9aab6d75e3: dummy_return_one(x)
[10:14:44.661] [INFO] [run] subject=10, session=3, speed=2, trial=4, x__rid_x=0a578d082c0b9625: dummy_return_one(x)
[10:14:44.662] [INFO] [run] subject=10, session=3, speed=2, trial=5, x__rid_x=4b30f0d3f0efb4c5: dummy_return_one(x)
[10:14:44.662] [INFO] [run] subject=10, session=3, speed=2, trial=6, x__rid_x=eeb9a21396261a70: dummy_return_one(x)
[10:14:44.664] [INFO] [run] subject=10, session=3, speed=2, trial=7, x__rid_x=0946df0a82a99a88: dummy_return_one(x)
[10:14:44.665] [INFO] [run] subject=10, session=3, speed=3, trial=1, x__rid_x=ae5f4ee677e0a288: dummy_return_one(x)
[10:14:44.668] [INFO] [run] subject=10, session=3, speed=3, trial=2, x__rid_x=f476978f7cfde46f: dummy_return_one(x)
[10:14:44.669] [INFO] [run] subject=10, session=3, speed=3, trial=3, x__rid_x=00c5f0c43a6626e2: dummy_return_one(x)
[10:14:44.672] [INFO] [run] subject=10, session=3, speed=3, trial=4, x__rid_x=4a9bdf488e5032ee: dummy_return_one(x)
[10:14:44.673] [INFO] [run] subject=10, session=3, speed=3, trial=5, x__rid_x=53b37ff25a1f24ec: dummy_return_one(x)
[10:14:44.675] [INFO] [run] subject=10, session=3, speed=3, trial=6, x__rid_x=8e9d26e0de100da3: dummy_return_one(x)
[10:14:44.676] [INFO] [run] subject=10, session=3, speed=3, trial=7, x__rid_x=31acadf62ce65da5: dummy_return_one(x)
[10:14:44.677] [INFO] [run] subject=10, session=3, speed=4, trial=1, x__rid_x=b4b96e01c179088a: dummy_return_one(x)
[10:14:44.679] [INFO] [run] subject=10, session=3, speed=4, trial=2, x__rid_x=f31bbf0ad4f5b371: dummy_return_one(x)
[10:14:44.680] [INFO] [run] subject=10, session=3, speed=4, trial=3, x__rid_x=79d2c9d754f42c83: dummy_return_one(x)
[10:14:44.681] [INFO] [run] subject=10, session=3, speed=4, trial=4, x__rid_x=c0a5718b231c4966: dummy_return_one(x)
[10:14:44.683] [INFO] [run] subject=10, session=3, speed=4, trial=5, x__rid_x=0cffaac28eb739e2: dummy_return_one(x)
[10:14:44.684] [INFO] [run] subject=10, session=3, speed=4, trial=6, x__rid_x=fa6894297d07d569: dummy_return_one(x)
[10:14:44.684] [INFO] [run] subject=10, session=3, speed=4, trial=7, x__rid_x=6804a88d90223029: dummy_return_one(x)
[10:14:44.687] [INFO] [run] subject=10, session=3, speed=5, trial=1, x__rid_x=8b7ae29f94a259d7: dummy_return_one(x)
[10:14:44.689] [INFO] [run] subject=10, session=3, speed=5, trial=2, x__rid_x=97c2df9616562090: dummy_return_one(x)
[10:14:44.690] [INFO] [run] subject=10, session=3, speed=5, trial=3, x__rid_x=1c66477754e3dc0d: dummy_return_one(x)
[10:14:44.692] [INFO] [run] subject=10, session=3, speed=5, trial=4, x__rid_x=b3899871a1734b78: dummy_return_one(x)
[10:14:44.694] [INFO] [run] subject=10, session=3, speed=5, trial=5, x__rid_x=08dd18a0fbe1660e: dummy_return_one(x)
[10:14:44.695] [INFO] [run] subject=10, session=3, speed=5, trial=6, x__rid_x=1ebca5ec3088970f: dummy_return_one(x)
[10:14:44.695] [INFO] [run] subject=10, session=3, speed=5, trial=7, x__rid_x=4939ec25b2a1beb0: dummy_return_one(x)
[10:14:44.697] [INFO] [run] subject=10, session=3, speed=6, trial=1, x__rid_x=81f78de7968f7220: dummy_return_one(x)
[10:14:44.698] [INFO] [run] subject=10, session=3, speed=6, trial=2, x__rid_x=f2c56f43592b1695: dummy_return_one(x)
[10:14:44.699] [INFO] [run] subject=10, session=3, speed=6, trial=3, x__rid_x=4e210e1ee555f485: dummy_return_one(x)
[10:14:44.701] [INFO] [run] subject=10, session=3, speed=6, trial=4, x__rid_x=3ec680b5d807c29c: dummy_return_one(x)
[10:14:44.702] [INFO] [run] subject=10, session=3, speed=6, trial=5, x__rid_x=e271c9fa0909a5ef: dummy_return_one(x)
[10:14:44.705] [INFO] [run] subject=10, session=3, speed=6, trial=6, x__rid_x=489b1c7d27101b39: dummy_return_one(x)
[10:14:44.706] [INFO] [run] subject=10, session=3, speed=6, trial=7, x__rid_x=bedc581f934e0fc9: dummy_return_one(x)
[10:14:44.709] [INFO] [run] subject=10, session=3, speed=7, trial=1, x__rid_x=d335e66c6c65d533: dummy_return_one(x)
[10:14:44.710] [INFO] [run] subject=10, session=3, speed=7, trial=2, x__rid_x=146de4e6a4e968f6: dummy_return_one(x)
[10:14:44.710] [INFO] [run] subject=10, session=3, speed=7, trial=3, x__rid_x=b48a0c157a3a7d3b: dummy_return_one(x)
[10:14:44.712] [INFO] [run] subject=10, session=3, speed=7, trial=4, x__rid_x=fb4c793c47a80bb8: dummy_return_one(x)
[10:14:44.713] [INFO] [run] subject=10, session=3, speed=7, trial=5, x__rid_x=d1cc41992086fbc8: dummy_return_one(x)
[10:14:44.714] [INFO] [run] subject=10, session=3, speed=7, trial=6, x__rid_x=67895fb751b59476: dummy_return_one(x)
[10:14:44.716] [INFO] [run] subject=10, session=3, speed=7, trial=7, x__rid_x=97456b63d40d5583: dummy_return_one(x)
[10:14:44.717] [INFO] [run] subject=10, session=3, speed=8, trial=1, x__rid_x=03b7103c50a6c728: dummy_return_one(x)
[10:14:44.718] [INFO] [run] subject=10, session=3, speed=8, trial=2, x__rid_x=47349c323092cc2c: dummy_return_one(x)
[10:14:44.720] [INFO] [run] subject=10, session=3, speed=8, trial=3, x__rid_x=77ac408e648797e1: dummy_return_one(x)
[10:14:44.721] [INFO] [run] subject=10, session=3, speed=8, trial=4, x__rid_x=45c354ee35870610: dummy_return_one(x)
[10:14:44.724] [INFO] [run] subject=10, session=3, speed=8, trial=5, x__rid_x=9fa8c011c4234155: dummy_return_one(x)
[10:14:44.725] [INFO] [run] subject=10, session=3, speed=8, trial=6, x__rid_x=c88880c0133649f2: dummy_return_one(x)
[10:14:44.726] [INFO] [run] subject=10, session=3, speed=8, trial=7, x__rid_x=3ec7f3dc545ff2b1: dummy_return_one(x)
[10:14:44.727] [INFO] [run] subject=10, session=3, speed=9, trial=1, x__rid_x=8d0dcd505634f244: dummy_return_one(x)
[10:14:44.728] [INFO] [run] subject=10, session=3, speed=9, trial=2, x__rid_x=34d04bd0ce5de491: dummy_return_one(x)
[10:14:44.729] [INFO] [run] subject=10, session=3, speed=9, trial=3, x__rid_x=985776cbe26cee2d: dummy_return_one(x)
[10:14:44.732] [INFO] [run] subject=10, session=3, speed=9, trial=4, x__rid_x=d50fb4f595361134: dummy_return_one(x)
[10:14:44.733] [INFO] [run] subject=10, session=3, speed=9, trial=5, x__rid_x=3c4c84c4c1aa2c2a: dummy_return_one(x)
[10:14:44.733] [INFO] [run] subject=10, session=3, speed=9, trial=6, x__rid_x=1252fabe92ddff61: dummy_return_one(x)
[10:14:44.735] [INFO] [run] subject=10, session=3, speed=9, trial=7, x__rid_x=039a0e637e62d2a1: dummy_return_one(x)
[10:14:44.737] [INFO] [run] subject=10, session=4, speed=1, trial=1, x__rid_x=2fedcf1d3bc2e9eb: dummy_return_one(x)
[10:14:44.739] [INFO] [run] subject=10, session=4, speed=1, trial=2, x__rid_x=fff27e59b67b003e: dummy_return_one(x)
[10:14:44.741] [INFO] [run] subject=10, session=4, speed=1, trial=3, x__rid_x=d8c220628e6b6719: dummy_return_one(x)
[10:14:44.741] [INFO] [run] subject=10, session=4, speed=1, trial=4, x__rid_x=5ab7c77d12eb2aff: dummy_return_one(x)
[10:14:44.743] [INFO] [run] subject=10, session=4, speed=1, trial=5, x__rid_x=22a9a369c7956bb9: dummy_return_one(x)
[10:14:44.744] [INFO] [run] subject=10, session=4, speed=1, trial=6, x__rid_x=2e4a4f3c80dc89c4: dummy_return_one(x)
[10:14:44.745] [INFO] [run] subject=10, session=4, speed=1, trial=7, x__rid_x=c725e83c017b69fe: dummy_return_one(x)
[10:14:44.747] [INFO] [run] subject=10, session=4, speed=10, trial=1, x__rid_x=70ac23a49d17e8c6: dummy_return_one(x)
[10:14:44.748] [INFO] [run] subject=10, session=4, speed=10, trial=2, x__rid_x=add76c093f3c44c3: dummy_return_one(x)
[10:14:44.749] [INFO] [run] subject=10, session=4, speed=10, trial=3, x__rid_x=f5ed07abf13edd06: dummy_return_one(x)
[10:14:44.751] [INFO] [run] subject=10, session=4, speed=10, trial=4, x__rid_x=ffb4fc8a9102ad53: dummy_return_one(x)
[10:14:44.752] [INFO] [run] subject=10, session=4, speed=10, trial=5, x__rid_x=4c5620f2892c5354: dummy_return_one(x)
[10:14:44.755] [INFO] [run] subject=10, session=4, speed=10, trial=6, x__rid_x=636ad10a29ffc04c: dummy_return_one(x)
[10:14:44.756] [INFO] [run] subject=10, session=4, speed=10, trial=7, x__rid_x=777d09261cf49764: dummy_return_one(x)
[10:14:44.758] [INFO] [run] subject=10, session=4, speed=2, trial=1, x__rid_x=52e1b048fc253e0f: dummy_return_one(x)
[10:14:44.759] [INFO] [run] subject=10, session=4, speed=2, trial=2, x__rid_x=a319ef14568a46a3: dummy_return_one(x)
[10:14:44.760] [INFO] [run] subject=10, session=4, speed=2, trial=3, x__rid_x=d1033de81532640a: dummy_return_one(x)
[10:14:44.762] [INFO] [run] subject=10, session=4, speed=2, trial=4, x__rid_x=44d928a00a6070bb: dummy_return_one(x)
[10:14:44.763] [INFO] [run] subject=10, session=4, speed=2, trial=5, x__rid_x=efa80b11c1b21f86: dummy_return_one(x)
[10:14:44.764] [INFO] [run] subject=10, session=4, speed=2, trial=6, x__rid_x=cb7020f73231035c: dummy_return_one(x)
[10:14:44.766] [INFO] [run] subject=10, session=4, speed=2, trial=7, x__rid_x=afd6af3ac479a682: dummy_return_one(x)
[10:14:44.767] [INFO] [run] subject=10, session=4, speed=3, trial=1, x__rid_x=4e2884295fc38a48: dummy_return_one(x)
[10:14:44.767] [INFO] [run] subject=10, session=4, speed=3, trial=2, x__rid_x=888655e98b82b793: dummy_return_one(x)
[10:14:44.770] [INFO] [run] subject=10, session=4, speed=3, trial=3, x__rid_x=bbbf9a7f32167829: dummy_return_one(x)
[10:14:44.772] [INFO] [run] subject=10, session=4, speed=3, trial=4, x__rid_x=2eb0fcc572b1c86d: dummy_return_one(x)
[10:14:44.774] [INFO] [run] subject=10, session=4, speed=3, trial=5, x__rid_x=6811ad5511480ab7: dummy_return_one(x)
[10:14:44.775] [INFO] [run] subject=10, session=4, speed=3, trial=6, x__rid_x=4e343c5cf0792499: dummy_return_one(x)
[10:14:44.778] [INFO] [run] subject=10, session=4, speed=3, trial=7, x__rid_x=5b17eab6e056a202: dummy_return_one(x)
[10:14:44.782] [INFO] [run] subject=10, session=4, speed=4, trial=1, x__rid_x=9a7ace90882c571b: dummy_return_one(x)
[10:14:44.783] [INFO] [run] subject=10, session=4, speed=4, trial=2, x__rid_x=f5e77f3638510114: dummy_return_one(x)
[10:14:44.783] [INFO] [run] subject=10, session=4, speed=4, trial=3, x__rid_x=64a84da83616d92a: dummy_return_one(x)
[10:14:44.786] [INFO] [run] subject=10, session=4, speed=4, trial=4, x__rid_x=49a619a99675ffbe: dummy_return_one(x)
[10:14:44.790] [INFO] [run] subject=10, session=4, speed=4, trial=5, x__rid_x=a540f6db67bf8ca5: dummy_return_one(x)
[10:14:44.794] [INFO] [run] subject=10, session=4, speed=4, trial=6, x__rid_x=07174e7d75041b97: dummy_return_one(x)
[10:14:44.798] [INFO] [run] subject=10, session=4, speed=4, trial=7, x__rid_x=ab1d4d8a4cf0809f: dummy_return_one(x)
[10:14:44.799] [INFO] [run] subject=10, session=4, speed=5, trial=1, x__rid_x=4544533998e7a279: dummy_return_one(x)
[10:14:44.801] [INFO] [run] subject=10, session=4, speed=5, trial=2, x__rid_x=30c4e27e3a6e2efa: dummy_return_one(x)
[10:14:44.803] [INFO] [run] subject=10, session=4, speed=5, trial=3, x__rid_x=2d1e2c3e515f2199: dummy_return_one(x)
[10:14:44.806] [INFO] [run] subject=10, session=4, speed=5, trial=4, x__rid_x=f28c35a233208a50: dummy_return_one(x)
[10:14:44.807] [INFO] [run] subject=10, session=4, speed=5, trial=5, x__rid_x=a95324219331b846: dummy_return_one(x)
[10:14:44.809] [INFO] [run] subject=10, session=4, speed=5, trial=6, x__rid_x=2cc585bf5ccc572f: dummy_return_one(x)
[10:14:44.811] [INFO] [run] subject=10, session=4, speed=5, trial=7, x__rid_x=1bb7a31b97305fcd: dummy_return_one(x)
[10:14:44.813] [INFO] [run] subject=10, session=4, speed=6, trial=1, x__rid_x=6c0004a63fc72651: dummy_return_one(x)
[10:14:44.815] [INFO] [run] subject=10, session=4, speed=6, trial=2, x__rid_x=d6d01fcbb4542e8d: dummy_return_one(x)
[10:14:44.817] [INFO] [run] subject=10, session=4, speed=6, trial=3, x__rid_x=abe9310f71a71e32: dummy_return_one(x)
[10:14:44.819] [INFO] [run] subject=10, session=4, speed=6, trial=4, x__rid_x=8fcda103e5be78f9: dummy_return_one(x)
[10:14:44.822] [INFO] [run] subject=10, session=4, speed=6, trial=5, x__rid_x=40e54fdbbaecb026: dummy_return_one(x)
[10:14:44.823] [INFO] [run] subject=10, session=4, speed=6, trial=6, x__rid_x=9f23e2568aebe3ba: dummy_return_one(x)
[10:14:44.826] [INFO] [run] subject=10, session=4, speed=6, trial=7, x__rid_x=34750e8f5d88eab5: dummy_return_one(x)
[10:14:44.827] [INFO] [run] subject=10, session=4, speed=7, trial=1, x__rid_x=e93dd2cb94409e56: dummy_return_one(x)
[10:14:44.830] [INFO] [run] subject=10, session=4, speed=7, trial=2, x__rid_x=3a50f078361f2b4d: dummy_return_one(x)
[10:14:44.831] [INFO] [run] subject=10, session=4, speed=7, trial=3, x__rid_x=400f81772fcc2ccd: dummy_return_one(x)
[10:14:44.834] [INFO] [run] subject=10, session=4, speed=7, trial=4, x__rid_x=4c939fffb3aeba44: dummy_return_one(x)
[10:14:44.837] [INFO] [run] subject=10, session=4, speed=7, trial=5, x__rid_x=0a8f11a6140d9433: dummy_return_one(x)
[10:14:44.839] [INFO] [run] subject=10, session=4, speed=7, trial=6, x__rid_x=c0eda97be1fc9398: dummy_return_one(x)
[10:14:44.840] [INFO] [run] subject=10, session=4, speed=7, trial=7, x__rid_x=2b044eb10823fc76: dummy_return_one(x)
[10:14:44.841] [INFO] [run] subject=10, session=4, speed=8, trial=1, x__rid_x=7bca9bf5a17d4631: dummy_return_one(x)
[10:14:44.844] [INFO] [run] subject=10, session=4, speed=8, trial=2, x__rid_x=2c079cc99a0259da: dummy_return_one(x)
[10:14:44.848] [INFO] [run] subject=10, session=4, speed=8, trial=3, x__rid_x=4a9eb1d4f64af3e2: dummy_return_one(x)
[10:14:44.849] [INFO] [run] subject=10, session=4, speed=8, trial=4, x__rid_x=0608b084897f250c: dummy_return_one(x)
[10:14:44.850] [INFO] [run] subject=10, session=4, speed=8, trial=5, x__rid_x=79fd8de2549594f0: dummy_return_one(x)
[10:14:44.854] [INFO] [run] subject=10, session=4, speed=8, trial=6, x__rid_x=d710b95bf1dd9df9: dummy_return_one(x)
[10:14:44.855] [INFO] [run] subject=10, session=4, speed=8, trial=7, x__rid_x=d25dfa7e47786115: dummy_return_one(x)
[10:14:44.857] [INFO] [run] subject=10, session=4, speed=9, trial=1, x__rid_x=81c87932f13dd38e: dummy_return_one(x)
[10:14:44.858] [INFO] [run] subject=10, session=4, speed=9, trial=2, x__rid_x=1af1dbb98fe1096c: dummy_return_one(x)
[10:14:44.862] [INFO] [run] subject=10, session=4, speed=9, trial=3, x__rid_x=082b80a7f2ec8980: dummy_return_one(x)
[10:14:44.863] [INFO] [run] subject=10, session=4, speed=9, trial=4, x__rid_x=22015cca912c7b63: dummy_return_one(x)
[10:14:44.866] [INFO] [run] subject=10, session=4, speed=9, trial=5, x__rid_x=a41c5ff71195607b: dummy_return_one(x)
[10:14:44.868] [INFO] [run] subject=10, session=4, speed=9, trial=6, x__rid_x=e232b775e4053bed: dummy_return_one(x)
[10:14:44.871] [INFO] [run] subject=10, session=4, speed=9, trial=7, x__rid_x=93c72708b973ecec: dummy_return_one(x)
[10:14:44.875] [INFO] [run] subject=10, session=5, speed=1, trial=1, x__rid_x=0a20867a184014ba: dummy_return_one(x)
[10:14:44.879] [INFO] [run] subject=10, session=5, speed=1, trial=2, x__rid_x=e8bf1d37e073ddad: dummy_return_one(x)
[10:14:44.880] [INFO] [run] subject=10, session=5, speed=1, trial=3, x__rid_x=1d327e58d75c79e6: dummy_return_one(x)
[10:14:44.883] [INFO] [run] subject=10, session=5, speed=1, trial=4, x__rid_x=eb83d8a2d7cc9ced: dummy_return_one(x)
[10:14:44.889] [INFO] [run] subject=10, session=5, speed=1, trial=5, x__rid_x=ef39cfc442751b4e: dummy_return_one(x)
[10:14:44.894] [INFO] [run] subject=10, session=5, speed=1, trial=6, x__rid_x=38f4efad1c388103: dummy_return_one(x)
[10:14:44.899] [INFO] [run] subject=10, session=5, speed=1, trial=7, x__rid_x=21767bd98aa94f86: dummy_return_one(x)
[10:14:44.901] [INFO] [run] subject=10, session=5, speed=10, trial=1, x__rid_x=710b324eab9f1b7e: dummy_return_one(x)
[10:14:44.907] [INFO] [run] subject=10, session=5, speed=10, trial=2, x__rid_x=5851d8d5332b1a19: dummy_return_one(x)
[10:14:44.910] [INFO] [run] subject=10, session=5, speed=10, trial=3, x__rid_x=d78f294547ce24a7: dummy_return_one(x)
[10:14:44.911] [INFO] [run] subject=10, session=5, speed=10, trial=4, x__rid_x=742499d1770ba7df: dummy_return_one(x)
[10:14:44.914] [INFO] [run] subject=10, session=5, speed=10, trial=5, x__rid_x=9b50ace5e6350463: dummy_return_one(x)
[10:14:44.915] [INFO] [run] subject=10, session=5, speed=10, trial=6, x__rid_x=56dd22f8e8a7e711: dummy_return_one(x)
[10:14:44.918] [INFO] [run] subject=10, session=5, speed=10, trial=7, x__rid_x=321a39989ae7e227: dummy_return_one(x)
[10:14:44.920] [INFO] [run] subject=10, session=5, speed=2, trial=1, x__rid_x=0e980f9a15c6fcb3: dummy_return_one(x)
[10:14:44.922] [INFO] [run] subject=10, session=5, speed=2, trial=2, x__rid_x=be850796f771fbbc: dummy_return_one(x)
[10:14:44.925] [INFO] [run] subject=10, session=5, speed=2, trial=3, x__rid_x=c685c3eff1e653c3: dummy_return_one(x)
[10:14:44.927] [INFO] [run] subject=10, session=5, speed=2, trial=4, x__rid_x=8f191e6687deed37: dummy_return_one(x)
[10:14:44.933] [INFO] [run] subject=10, session=5, speed=2, trial=5, x__rid_x=cdbcdd4b36bfb56d: dummy_return_one(x)
[10:14:44.938] [INFO] [run] subject=10, session=5, speed=2, trial=6, x__rid_x=5ac65837d78d2ba5: dummy_return_one(x)
[10:14:44.944] [INFO] [run] subject=10, session=5, speed=2, trial=7, x__rid_x=ed001d57e9f9474c: dummy_return_one(x)
[10:14:44.949] [INFO] [run] subject=10, session=5, speed=3, trial=1, x__rid_x=6f89da1a4883b632: dummy_return_one(x)
[10:14:44.953] [INFO] [run] subject=10, session=5, speed=3, trial=2, x__rid_x=13391c1004f2c79a: dummy_return_one(x)
[10:14:44.955] [INFO] [run] subject=10, session=5, speed=3, trial=3, x__rid_x=8bcadda16d217226: dummy_return_one(x)
[10:14:44.957] [INFO] [run] subject=10, session=5, speed=3, trial=4, x__rid_x=dcc6e05e8feaee9c: dummy_return_one(x)
[10:14:44.961] [INFO] [run] subject=10, session=5, speed=3, trial=5, x__rid_x=605fbbac3d77ddf7: dummy_return_one(x)
[10:14:44.967] [INFO] [run] subject=10, session=5, speed=3, trial=6, x__rid_x=599456b820228bcd: dummy_return_one(x)
[10:14:44.972] [INFO] [run] subject=10, session=5, speed=3, trial=7, x__rid_x=6a8d7e0edb0b6329: dummy_return_one(x)
[10:14:44.976] [INFO] [run] subject=10, session=5, speed=4, trial=1, x__rid_x=e42784e576bf4261: dummy_return_one(x)
[10:14:44.979] [INFO] [run] subject=10, session=5, speed=4, trial=2, x__rid_x=e83be3c492768b92: dummy_return_one(x)
[10:14:44.983] [INFO] [run] subject=10, session=5, speed=4, trial=3, x__rid_x=595dbfef348e0a6d: dummy_return_one(x)
[10:14:44.989] [INFO] [run] subject=10, session=5, speed=4, trial=4, x__rid_x=844451f3ca9105ab: dummy_return_one(x)
[10:14:44.993] [INFO] [run] subject=10, session=5, speed=4, trial=5, x__rid_x=161d693f812e2584: dummy_return_one(x)
[10:14:44.997] [INFO] [run] subject=10, session=5, speed=4, trial=6, x__rid_x=35e544f0684923d3: dummy_return_one(x)
[10:14:45.001] [INFO] [run] subject=10, session=5, speed=4, trial=7, x__rid_x=e45e79726b3eedfb: dummy_return_one(x)
[10:14:45.003] [INFO] [run] subject=10, session=5, speed=5, trial=1, x__rid_x=fa1a81a0e7a5dab5: dummy_return_one(x)
[10:14:45.006] [INFO] [run] subject=10, session=5, speed=5, trial=2, x__rid_x=112279d75115e232: dummy_return_one(x)
[10:14:45.009] [INFO] [run] subject=10, session=5, speed=5, trial=3, x__rid_x=1a831655beb17827: dummy_return_one(x)
[10:14:45.011] [INFO] [run] subject=10, session=5, speed=5, trial=4, x__rid_x=48ff4b3b1a8c3252: dummy_return_one(x)
[10:14:45.017] [INFO] [run] subject=10, session=5, speed=5, trial=5, x__rid_x=4e437943220ce724: dummy_return_one(x)
[10:14:45.019] [INFO] [run] subject=10, session=5, speed=5, trial=6, x__rid_x=ed118abc7ce6246a: dummy_return_one(x)
[10:14:45.024] [INFO] [run] subject=10, session=5, speed=5, trial=7, x__rid_x=009549b5ec093521: dummy_return_one(x)
[10:14:45.028] [INFO] [run] subject=10, session=5, speed=6, trial=1, x__rid_x=9b04499c3d74ae3f: dummy_return_one(x)
[10:14:45.030] [INFO] [run] subject=10, session=5, speed=6, trial=2, x__rid_x=60b1ea390af82844: dummy_return_one(x)
[10:14:45.033] [INFO] [run] subject=10, session=5, speed=6, trial=3, x__rid_x=9db9c4028863ca9b: dummy_return_one(x)
[10:14:45.036] [INFO] [run] subject=10, session=5, speed=6, trial=4, x__rid_x=13e1a39b73a9f327: dummy_return_one(x)
[10:14:45.041] [INFO] [run] subject=10, session=5, speed=6, trial=5, x__rid_x=6a38bddf445fae96: dummy_return_one(x)
[10:14:45.044] [INFO] [run] subject=10, session=5, speed=6, trial=6, x__rid_x=5a774fa7c1614915: dummy_return_one(x)
[10:14:45.053] [INFO] [run] subject=10, session=5, speed=6, trial=7, x__rid_x=b159828c825a823a: dummy_return_one(x)
[10:14:45.055] [INFO] [run] subject=10, session=5, speed=7, trial=1, x__rid_x=cf3193533b8287a8: dummy_return_one(x)
[10:14:45.059] [INFO] [run] subject=10, session=5, speed=7, trial=2, x__rid_x=f9e98132af3975da: dummy_return_one(x)
[10:14:45.063] [INFO] [run] subject=10, session=5, speed=7, trial=3, x__rid_x=91a783afb247a2c3: dummy_return_one(x)
[10:14:45.067] [INFO] [run] subject=10, session=5, speed=7, trial=4, x__rid_x=a2d69247b3f18e42: dummy_return_one(x)
[10:14:45.068] [INFO] [run] subject=10, session=5, speed=7, trial=5, x__rid_x=dfc4f05abf1e4867: dummy_return_one(x)
[10:14:45.069] [INFO] [run] subject=10, session=5, speed=7, trial=6, x__rid_x=424a6067265671a3: dummy_return_one(x)
[10:14:45.071] [INFO] [run] subject=10, session=5, speed=7, trial=7, x__rid_x=e2b86b041584ae64: dummy_return_one(x)
[10:14:45.073] [INFO] [run] subject=10, session=5, speed=8, trial=1, x__rid_x=f38bf4b74feeabe6: dummy_return_one(x)
[10:14:45.078] [INFO] [run] subject=10, session=5, speed=8, trial=2, x__rid_x=26fd41fa518efa52: dummy_return_one(x)
[10:14:45.080] [INFO] [run] subject=10, session=5, speed=8, trial=3, x__rid_x=893622643becdde0: dummy_return_one(x)
[10:14:45.081] [INFO] [run] subject=10, session=5, speed=8, trial=4, x__rid_x=ecb6a5d59556483e: dummy_return_one(x)
[10:14:45.084] [INFO] [run] subject=10, session=5, speed=8, trial=5, x__rid_x=0ebef24fe404ea18: dummy_return_one(x)
[10:14:45.086] [INFO] [run] subject=10, session=5, speed=8, trial=6, x__rid_x=913a1a53a4d26749: dummy_return_one(x)
[10:14:45.088] [INFO] [run] subject=10, session=5, speed=8, trial=7, x__rid_x=52f03590d3f07a5c: dummy_return_one(x)
[10:14:45.093] [INFO] [run] subject=10, session=5, speed=9, trial=1, x__rid_x=e74b405f3ac8c36f: dummy_return_one(x)
[10:14:45.094] [INFO] [run] subject=10, session=5, speed=9, trial=2, x__rid_x=0fa3c56b98a3e772: dummy_return_one(x)
[10:14:45.097] [INFO] [run] subject=10, session=5, speed=9, trial=3, x__rid_x=7ddbf2ecdf00c2f5: dummy_return_one(x)
[10:14:45.101] [INFO] [run] subject=10, session=5, speed=9, trial=4, x__rid_x=9b20323f9ecba071: dummy_return_one(x)
[10:14:45.105] [INFO] [run] subject=10, session=5, speed=9, trial=5, x__rid_x=cfd9473b0a82892c: dummy_return_one(x)
[10:14:45.106] [INFO] [run] subject=10, session=5, speed=9, trial=6, x__rid_x=9b6b1303b467b599: dummy_return_one(x)
[10:14:45.109] [INFO] [run] subject=10, session=5, speed=9, trial=7, x__rid_x=67bad6dd334d9524: dummy_return_one(x)
[10:14:45.113] [INFO] [run] subject=11, session=1, speed=1, trial=1, x__rid_x=cf5c82007bbb2db5: dummy_return_one(x)
[10:14:45.114] [INFO] [run] subject=11, session=1, speed=1, trial=2, x__rid_x=bc350fe254d3ed16: dummy_return_one(x)
[10:14:45.117] [INFO] [run] subject=11, session=1, speed=1, trial=3, x__rid_x=4086a24971d55654: dummy_return_one(x)
[10:14:45.118] [INFO] [run] subject=11, session=1, speed=1, trial=4, x__rid_x=aa8a8d34c3a04e2f: dummy_return_one(x)
[10:14:45.121] [INFO] [run] subject=11, session=1, speed=1, trial=5, x__rid_x=4449dd56cfdd7159: dummy_return_one(x)
[10:14:45.122] [INFO] [run] subject=11, session=1, speed=1, trial=6, x__rid_x=2151798bd9cc7a59: dummy_return_one(x)
[10:14:45.124] [INFO] [run] subject=11, session=1, speed=1, trial=7, x__rid_x=b1ad4592d281593c: dummy_return_one(x)
[10:14:45.126] [INFO] [run] subject=11, session=1, speed=10, trial=1, x__rid_x=95227a50dbefd6f4: dummy_return_one(x)
[10:14:45.129] [INFO] [run] subject=11, session=1, speed=10, trial=2, x__rid_x=51ba613a38771682: dummy_return_one(x)
[10:14:45.130] [INFO] [run] subject=11, session=1, speed=10, trial=3, x__rid_x=08b7a08bde92f5cc: dummy_return_one(x)
[10:14:45.133] [INFO] [run] subject=11, session=1, speed=10, trial=4, x__rid_x=98c32b82f8f8de36: dummy_return_one(x)
[10:14:45.134] [INFO] [run] subject=11, session=1, speed=10, trial=5, x__rid_x=5907c2a9d3686848: dummy_return_one(x)
[10:14:45.137] [INFO] [run] subject=11, session=1, speed=10, trial=6, x__rid_x=0572f90073c638f8: dummy_return_one(x)
[10:14:45.139] [INFO] [run] subject=11, session=1, speed=10, trial=7, x__rid_x=81acbac9b98c0780: dummy_return_one(x)
[10:14:45.141] [INFO] [run] subject=11, session=1, speed=2, trial=1, x__rid_x=b25bfe2a413210fb: dummy_return_one(x)
[10:14:45.142] [INFO] [run] subject=11, session=1, speed=2, trial=2, x__rid_x=d41d915df495aed5: dummy_return_one(x)
[10:14:45.143] [INFO] [run] subject=11, session=1, speed=2, trial=3, x__rid_x=3882f594d6eff31f: dummy_return_one(x)
[10:14:45.145] [INFO] [run] subject=11, session=1, speed=2, trial=4, x__rid_x=a43f8284324d16cd: dummy_return_one(x)
[10:14:45.146] [INFO] [run] subject=11, session=1, speed=2, trial=5, x__rid_x=84c1776ecc7c697e: dummy_return_one(x)
[10:14:45.146] [INFO] [run] subject=11, session=1, speed=2, trial=6, x__rid_x=365628303b8cc87d: dummy_return_one(x)
[10:14:45.149] [INFO] [run] subject=11, session=1, speed=2, trial=7, x__rid_x=a466737a11b4a681: dummy_return_one(x)
[10:14:45.149] [INFO] [run] subject=11, session=1, speed=3, trial=1, x__rid_x=5cce494977e5514c: dummy_return_one(x)
[10:14:45.150] [INFO] [run] subject=11, session=1, speed=3, trial=2, x__rid_x=ef2c7f88d124768f: dummy_return_one(x)
[10:14:45.152] [INFO] [run] subject=11, session=1, speed=3, trial=3, x__rid_x=3137a18f182d9483: dummy_return_one(x)
[10:14:45.154] [INFO] [run] subject=11, session=1, speed=3, trial=4, x__rid_x=23990b37e6ab4101: dummy_return_one(x)
[10:14:45.154] [INFO] [run] subject=11, session=1, speed=3, trial=5, x__rid_x=fd6c3bd4a521b29b: dummy_return_one(x)
[10:14:45.156] [INFO] [run] subject=11, session=1, speed=3, trial=6, x__rid_x=6fb9c2b98c8d22af: dummy_return_one(x)
[10:14:45.157] [INFO] [run] subject=11, session=1, speed=3, trial=7, x__rid_x=e534bd63122b04e8: dummy_return_one(x)
[10:14:45.158] [INFO] [run] subject=11, session=1, speed=4, trial=1, x__rid_x=fab84bdf1540b019: dummy_return_one(x)
[10:14:45.160] [INFO] [run] subject=11, session=1, speed=4, trial=2, x__rid_x=c23bf41ba7db5e53: dummy_return_one(x)
[10:14:45.161] [INFO] [run] subject=11, session=1, speed=4, trial=3, x__rid_x=6a9e481a0deee074: dummy_return_one(x)
[10:14:45.161] [INFO] [run] subject=11, session=1, speed=4, trial=4, x__rid_x=28f87e52f5d469a8: dummy_return_one(x)
[10:14:45.164] [INFO] [run] subject=11, session=1, speed=4, trial=5, x__rid_x=9e0d2f2ebe5a9dd6: dummy_return_one(x)
[10:14:45.164] [INFO] [run] subject=11, session=1, speed=4, trial=6, x__rid_x=4b229bbddb6cfbc7: dummy_return_one(x)
[10:14:45.165] [INFO] [run] subject=11, session=1, speed=4, trial=7, x__rid_x=77b95bbd4c25971e: dummy_return_one(x)
[10:14:45.167] [INFO] [run] subject=11, session=1, speed=5, trial=1, x__rid_x=d59cc62bbcc4055f: dummy_return_one(x)
[10:14:45.169] [INFO] [run] subject=11, session=1, speed=5, trial=2, x__rid_x=8aa41c4131e43454: dummy_return_one(x)
[10:14:45.171] [INFO] [run] subject=11, session=1, speed=5, trial=3, x__rid_x=84fcac7d7815f2b4: dummy_return_one(x)
[10:14:45.172] [INFO] [run] subject=11, session=1, speed=5, trial=4, x__rid_x=a89db7583c311434: dummy_return_one(x)
[10:14:45.173] [INFO] [run] subject=11, session=1, speed=5, trial=5, x__rid_x=b8c05aacba0d5f97: dummy_return_one(x)
[10:14:45.175] [INFO] [run] subject=11, session=1, speed=5, trial=6, x__rid_x=92bc6d43861ece27: dummy_return_one(x)
[10:14:45.176] [INFO] [run] subject=11, session=1, speed=5, trial=7, x__rid_x=be757dbf49c6929a: dummy_return_one(x)
[10:14:45.177] [INFO] [run] subject=11, session=1, speed=6, trial=1, x__rid_x=ee370ecc450ba9fc: dummy_return_one(x)
[10:14:45.179] [INFO] [run] subject=11, session=1, speed=6, trial=2, x__rid_x=cc2b4658ffe9451a: dummy_return_one(x)
[10:14:45.179] [INFO] [run] subject=11, session=1, speed=6, trial=3, x__rid_x=6d5e50039d03715f: dummy_return_one(x)
[10:14:45.180] [INFO] [run] subject=11, session=1, speed=6, trial=4, x__rid_x=72743791db354830: dummy_return_one(x)
[10:14:45.183] [INFO] [run] subject=11, session=1, speed=6, trial=5, x__rid_x=6290ab090f2b0373: dummy_return_one(x)
[10:14:45.183] [INFO] [run] subject=11, session=1, speed=6, trial=6, x__rid_x=f72fa66cc73a425a: dummy_return_one(x)
[10:14:45.184] [INFO] [run] subject=11, session=1, speed=6, trial=7, x__rid_x=1bd014b789c36691: dummy_return_one(x)
[10:14:45.187] [INFO] [run] subject=11, session=1, speed=7, trial=1, x__rid_x=acab1836568b63fc: dummy_return_one(x)
[10:14:45.187] [INFO] [run] subject=11, session=1, speed=7, trial=2, x__rid_x=df895f3da73305fc: dummy_return_one(x)
[10:14:45.188] [INFO] [run] subject=11, session=1, speed=7, trial=3, x__rid_x=a0ea99e33c6965be: dummy_return_one(x)
[10:14:45.190] [INFO] [run] subject=11, session=1, speed=7, trial=4, x__rid_x=f74d81ad0c54169e: dummy_return_one(x)
[10:14:45.191] [INFO] [run] subject=11, session=1, speed=7, trial=5, x__rid_x=7dd0db96a139edd7: dummy_return_one(x)
[10:14:45.192] [INFO] [run] subject=11, session=1, speed=7, trial=6, x__rid_x=7272bd5a6258f505: dummy_return_one(x)
[10:14:45.194] [INFO] [run] subject=11, session=1, speed=7, trial=7, x__rid_x=9d433a00e4af5314: dummy_return_one(x)
[10:14:45.195] [INFO] [run] subject=11, session=1, speed=8, trial=1, x__rid_x=766e6e31892e7ef0: dummy_return_one(x)
[10:14:45.196] [INFO] [run] subject=11, session=1, speed=8, trial=2, x__rid_x=847a004731185844: dummy_return_one(x)
[10:14:45.198] [INFO] [run] subject=11, session=1, speed=8, trial=3, x__rid_x=9a4b37c569da54bf: dummy_return_one(x)
[10:14:45.202] [INFO] [run] subject=11, session=1, speed=8, trial=4, x__rid_x=89ada92c7bc10add: dummy_return_one(x)
[10:14:45.203] [INFO] [run] subject=11, session=1, speed=8, trial=5, x__rid_x=cff4edeef12a3cdf: dummy_return_one(x)
[10:14:45.206] [INFO] [run] subject=11, session=1, speed=8, trial=6, x__rid_x=dba0ee4cc22db7d6: dummy_return_one(x)
[10:14:45.206] [INFO] [run] subject=11, session=1, speed=8, trial=7, x__rid_x=fc2d63f5665a9824: dummy_return_one(x)
[10:14:45.207] [INFO] [run] subject=11, session=1, speed=9, trial=1, x__rid_x=b82e581a3f1f8b9d: dummy_return_one(x)
[10:14:45.210] [INFO] [run] subject=11, session=1, speed=9, trial=2, x__rid_x=eae9a94a38d16624: dummy_return_one(x)
[10:14:45.211] [INFO] [run] subject=11, session=1, speed=9, trial=3, x__rid_x=146339e877a08c42: dummy_return_one(x)
[10:14:45.211] [INFO] [run] subject=11, session=1, speed=9, trial=4, x__rid_x=923aa6a31f790ddb: dummy_return_one(x)
[10:14:45.214] [INFO] [run] subject=11, session=1, speed=9, trial=5, x__rid_x=e4f0a3043f3755fc: dummy_return_one(x)
[10:14:45.215] [INFO] [run] subject=11, session=1, speed=9, trial=6, x__rid_x=81ab92cb63f4c352: dummy_return_one(x)
[10:14:45.218] [INFO] [run] subject=11, session=1, speed=9, trial=7, x__rid_x=4c4c8ccea283bc3a: dummy_return_one(x)
[10:14:45.222] [INFO] [run] subject=11, session=2, speed=1, trial=1, x__rid_x=a738d71755482244: dummy_return_one(x)
[10:14:45.223] [INFO] [run] subject=11, session=2, speed=1, trial=2, x__rid_x=6358dd36f8b2859f: dummy_return_one(x)
[10:14:45.226] [INFO] [run] subject=11, session=2, speed=1, trial=3, x__rid_x=39555f31f847511d: dummy_return_one(x)
[10:14:45.227] [INFO] [run] subject=11, session=2, speed=1, trial=4, x__rid_x=8e09c50a38be03a2: dummy_return_one(x)
[10:14:45.230] [INFO] [run] subject=11, session=2, speed=1, trial=5, x__rid_x=9474fb2a7217247b: dummy_return_one(x)
[10:14:45.231] [INFO] [run] subject=11, session=2, speed=1, trial=6, x__rid_x=45e8240426bdf05d: dummy_return_one(x)
[10:14:45.234] [INFO] [run] subject=11, session=2, speed=1, trial=7, x__rid_x=d8d654ff9758ab89: dummy_return_one(x)
[10:14:45.238] [INFO] [run] subject=11, session=2, speed=10, trial=1, x__rid_x=61885ba4eae05678: dummy_return_one(x)
[10:14:45.240] [INFO] [run] subject=11, session=2, speed=10, trial=2, x__rid_x=ec222293fdeeccd8: dummy_return_one(x)
[10:14:45.242] [INFO] [run] subject=11, session=2, speed=10, trial=3, x__rid_x=369a08968441233e: dummy_return_one(x)
[10:14:45.243] [INFO] [run] subject=11, session=2, speed=10, trial=4, x__rid_x=495d431d83d52517: dummy_return_one(x)
[10:14:45.244] [INFO] [run] subject=11, session=2, speed=10, trial=5, x__rid_x=2b5c7259853a4d23: dummy_return_one(x)
[10:14:45.246] [INFO] [run] subject=11, session=2, speed=10, trial=6, x__rid_x=3e87ba1a1e3d58ee: dummy_return_one(x)
[10:14:45.247] [INFO] [run] subject=11, session=2, speed=10, trial=7, x__rid_x=45f61ae06f623243: dummy_return_one(x)
[10:14:45.248] [INFO] [run] subject=11, session=2, speed=2, trial=1, x__rid_x=40a51f89d5e73fc7: dummy_return_one(x)
[10:14:45.250] [INFO] [run] subject=11, session=2, speed=2, trial=2, x__rid_x=29618f0741ac5542: dummy_return_one(x)
[10:14:45.251] [INFO] [run] subject=11, session=2, speed=2, trial=3, x__rid_x=08b8de338e6a68dc: dummy_return_one(x)
[10:14:45.252] [INFO] [run] subject=11, session=2, speed=2, trial=4, x__rid_x=e5bc088e84927bfc: dummy_return_one(x)
[10:14:45.255] [INFO] [run] subject=11, session=2, speed=2, trial=5, x__rid_x=897b945c891ac4e5: dummy_return_one(x)
[10:14:45.259] [INFO] [run] subject=11, session=2, speed=2, trial=6, x__rid_x=979839ed1eefd95b: dummy_return_one(x)
[10:14:45.261] [INFO] [run] subject=11, session=2, speed=2, trial=7, x__rid_x=944b065c06836064: dummy_return_one(x)
[10:14:45.263] [INFO] [run] subject=11, session=2, speed=3, trial=1, x__rid_x=f823c859ac63e698: dummy_return_one(x)
[10:14:45.264] [INFO] [run] subject=11, session=2, speed=3, trial=2, x__rid_x=4d8d904764d5fe83: dummy_return_one(x)
[10:14:45.267] [INFO] [run] subject=11, session=2, speed=3, trial=3, x__rid_x=a24918e0e220594e: dummy_return_one(x)
[10:14:45.268] [INFO] [run] subject=11, session=2, speed=3, trial=4, x__rid_x=d90581087166bf27: dummy_return_one(x)
[10:14:45.271] [INFO] [run] subject=11, session=2, speed=3, trial=5, x__rid_x=9de676ca8ef3b51d: dummy_return_one(x)
[10:14:45.273] [INFO] [run] subject=11, session=2, speed=3, trial=6, x__rid_x=365ae920fc5ce5fe: dummy_return_one(x)
[10:14:45.275] [INFO] [run] subject=11, session=2, speed=3, trial=7, x__rid_x=b0cec920007fba49: dummy_return_one(x)
[10:14:45.276] [INFO] [run] subject=11, session=2, speed=4, trial=1, x__rid_x=b78324aff0525df8: dummy_return_one(x)
[10:14:45.279] [INFO] [run] subject=11, session=2, speed=4, trial=2, x__rid_x=f19f39d420cca0a8: dummy_return_one(x)
[10:14:45.280] [INFO] [run] subject=11, session=2, speed=4, trial=3, x__rid_x=8a9892039b7d578a: dummy_return_one(x)
[10:14:45.281] [INFO] [run] subject=11, session=2, speed=4, trial=4, x__rid_x=3bb29fac80d0a863: dummy_return_one(x)
[10:14:45.283] [INFO] [run] subject=11, session=2, speed=4, trial=5, x__rid_x=759660d12fdb28e0: dummy_return_one(x)
[10:14:45.288] [INFO] [run] subject=11, session=2, speed=4, trial=6, x__rid_x=b7a5c55a59e8f816: dummy_return_one(x)
[10:14:45.292] [INFO] [run] subject=11, session=2, speed=4, trial=7, x__rid_x=fafa4920ab25064c: dummy_return_one(x)
[10:14:45.293] [INFO] [run] subject=11, session=2, speed=5, trial=1, x__rid_x=ac8e918a890a57f9: dummy_return_one(x)
[10:14:45.294] [INFO] [run] subject=11, session=2, speed=5, trial=2, x__rid_x=37944f3074da002b: dummy_return_one(x)
[10:14:45.296] [INFO] [run] subject=11, session=2, speed=5, trial=3, x__rid_x=a8b2ae3445b6d8ef: dummy_return_one(x)
[10:14:45.298] [INFO] [run] subject=11, session=2, speed=5, trial=4, x__rid_x=cd379c37134e9d58: dummy_return_one(x)
[10:14:45.300] [INFO] [run] subject=11, session=2, speed=5, trial=5, x__rid_x=d7efaeabae48c73f: dummy_return_one(x)
[10:14:45.305] [INFO] [run] subject=11, session=2, speed=5, trial=6, x__rid_x=d2485f32812de9f7: dummy_return_one(x)
[10:14:45.307] [INFO] [run] subject=11, session=2, speed=5, trial=7, x__rid_x=032481781ed134e4: dummy_return_one(x)
[10:14:45.310] [INFO] [run] subject=11, session=2, speed=6, trial=1, x__rid_x=f8c47f148cc3bf90: dummy_return_one(x)
[10:14:45.311] [INFO] [run] subject=11, session=2, speed=6, trial=2, x__rid_x=a1dff01dd0a78b6a: dummy_return_one(x)
[10:14:45.314] [INFO] [run] subject=11, session=2, speed=6, trial=3, x__rid_x=b2078d6a174b1987: dummy_return_one(x)
[10:14:45.315] [INFO] [run] subject=11, session=2, speed=6, trial=4, x__rid_x=a4b97a2cecd7709e: dummy_return_one(x)
[10:14:45.319] [INFO] [run] subject=11, session=2, speed=6, trial=5, x__rid_x=c6228a5ab2de430c: dummy_return_one(x)
[10:14:45.321] [INFO] [run] subject=11, session=2, speed=6, trial=6, x__rid_x=3bf186a7b8c46b8f: dummy_return_one(x)
[10:14:45.324] [INFO] [run] subject=11, session=2, speed=6, trial=7, x__rid_x=f1e317ee4383ac63: dummy_return_one(x)
[10:14:45.326] [INFO] [run] subject=11, session=2, speed=7, trial=1, x__rid_x=1de351316443e045: dummy_return_one(x)
[10:14:45.328] [INFO] [run] subject=11, session=2, speed=7, trial=2, x__rid_x=5726ab97e28be322: dummy_return_one(x)
[10:14:45.330] [INFO] [run] subject=11, session=2, speed=7, trial=3, x__rid_x=6a93f11de000bb5c: dummy_return_one(x)
[10:14:45.332] [INFO] [run] subject=11, session=2, speed=7, trial=4, x__rid_x=849825d5226b7a21: dummy_return_one(x)
[10:14:45.334] [INFO] [run] subject=11, session=2, speed=7, trial=5, x__rid_x=3b826ada28923c15: dummy_return_one(x)
[10:14:45.337] [INFO] [run] subject=11, session=2, speed=7, trial=6, x__rid_x=6bf77ee5604b4c6b: dummy_return_one(x)
[10:14:45.338] [INFO] [run] subject=11, session=2, speed=7, trial=7, x__rid_x=0a7921d5cb1792a3: dummy_return_one(x)
[10:14:45.341] [INFO] [run] subject=11, session=2, speed=8, trial=1, x__rid_x=274087e42eba09e5: dummy_return_one(x)
[10:14:45.342] [INFO] [run] subject=11, session=2, speed=8, trial=2, x__rid_x=b4aa3d10e35403f0: dummy_return_one(x)
[10:14:45.343] [INFO] [run] subject=11, session=2, speed=8, trial=3, x__rid_x=711c21851930ffab: dummy_return_one(x)
[10:14:45.346] [INFO] [run] subject=11, session=2, speed=8, trial=4, x__rid_x=e303f844679d0f33: dummy_return_one(x)
[10:14:45.350] [INFO] [run] subject=11, session=2, speed=8, trial=5, x__rid_x=50539fd93b389377: dummy_return_one(x)
[10:14:45.352] [INFO] [run] subject=11, session=2, speed=8, trial=6, x__rid_x=07b38cf0dffe102e: dummy_return_one(x)
[10:14:45.357] [INFO] [run] subject=11, session=2, speed=8, trial=7, x__rid_x=33421c0ed2129cd5: dummy_return_one(x)
[10:14:45.363] [INFO] [run] subject=11, session=2, speed=9, trial=1, x__rid_x=4788f80d85c0e92b: dummy_return_one(x)
[10:14:45.366] [INFO] [run] subject=11, session=2, speed=9, trial=2, x__rid_x=91cefce09cc290b9: dummy_return_one(x)
[10:14:45.368] [INFO] [run] subject=11, session=2, speed=9, trial=3, x__rid_x=3615d338f918cc55: dummy_return_one(x)
[10:14:45.372] [INFO] [run] subject=11, session=2, speed=9, trial=4, x__rid_x=c267fd9d60caf1b9: dummy_return_one(x)
[10:14:45.376] [INFO] [run] subject=11, session=2, speed=9, trial=5, x__rid_x=d4e04a835eb03ccd: dummy_return_one(x)
[10:14:45.380] [INFO] [run] subject=11, session=2, speed=9, trial=6, x__rid_x=e38f101f454c7d88: dummy_return_one(x)
[10:14:45.381] [INFO] [run] subject=11, session=2, speed=9, trial=7, x__rid_x=41aeea0317377809: dummy_return_one(x)
[10:14:45.384] [INFO] [run] subject=11, session=3, speed=1, trial=1, x__rid_x=29e4afd6985460c5: dummy_return_one(x)
[10:14:45.386] [INFO] [run] subject=11, session=3, speed=1, trial=2, x__rid_x=a376375e3eab3464: dummy_return_one(x)
[10:14:45.389] [INFO] [run] subject=11, session=3, speed=1, trial=3, x__rid_x=448de3c4ff2bef13: dummy_return_one(x)
[10:14:45.390] [INFO] [run] subject=11, session=3, speed=1, trial=4, x__rid_x=e5ac0ee7b823374f: dummy_return_one(x)
[10:14:45.393] [INFO] [run] subject=11, session=3, speed=1, trial=5, x__rid_x=4c781e31b7252721: dummy_return_one(x)
[10:14:45.395] [INFO] [run] subject=11, session=3, speed=1, trial=6, x__rid_x=2ad82b887bb59ba5: dummy_return_one(x)
[10:14:45.397] [INFO] [run] subject=11, session=3, speed=1, trial=7, x__rid_x=7147d28c04d88985: dummy_return_one(x)
[10:14:45.398] [INFO] [run] subject=11, session=3, speed=10, trial=1, x__rid_x=f7ddd8badf062f75: dummy_return_one(x)
[10:14:45.399] [INFO] [run] subject=11, session=3, speed=10, trial=2, x__rid_x=2726038f1694be8f: dummy_return_one(x)
[10:14:45.402] [INFO] [run] subject=11, session=3, speed=10, trial=3, x__rid_x=57648847555f09c4: dummy_return_one(x)
[10:14:45.404] [INFO] [run] subject=11, session=3, speed=10, trial=4, x__rid_x=fe94e99afd895b5e: dummy_return_one(x)
[10:14:45.407] [INFO] [run] subject=11, session=3, speed=10, trial=5, x__rid_x=108a9282aef68704: dummy_return_one(x)
[10:14:45.407] [INFO] [run] subject=11, session=3, speed=10, trial=6, x__rid_x=b01c5e60d2ce8de5: dummy_return_one(x)
[10:14:45.411] [INFO] [run] subject=11, session=3, speed=10, trial=7, x__rid_x=d93d8881ba3a7e39: dummy_return_one(x)
[10:14:45.413] [INFO] [run] subject=11, session=3, speed=2, trial=1, x__rid_x=6dcf0b23851fc061: dummy_return_one(x)
[10:14:45.416] [INFO] [run] subject=11, session=3, speed=2, trial=2, x__rid_x=68a52bf1a3993e45: dummy_return_one(x)
[10:14:45.421] [INFO] [run] subject=11, session=3, speed=2, trial=3, x__rid_x=26ea56030aee1c77: dummy_return_one(x)
[10:14:45.427] [INFO] [run] subject=11, session=3, speed=2, trial=4, x__rid_x=5772fbe3d0ada213: dummy_return_one(x)
[10:14:45.428] [INFO] [run] subject=11, session=3, speed=2, trial=5, x__rid_x=6d848d3f03d84df8: dummy_return_one(x)
[10:14:45.431] [INFO] [run] subject=11, session=3, speed=2, trial=6, x__rid_x=5f8b9de3b9793e6c: dummy_return_one(x)
[10:14:45.433] [INFO] [run] subject=11, session=3, speed=2, trial=7, x__rid_x=c9104406fe1d453c: dummy_return_one(x)
[10:14:45.437] [INFO] [run] subject=11, session=3, speed=3, trial=1, x__rid_x=755011e34a6f36d4: dummy_return_one(x)
[10:14:45.442] [INFO] [run] subject=11, session=3, speed=3, trial=2, x__rid_x=dee99dbd6e590e82: dummy_return_one(x)
[10:14:45.445] [INFO] [run] subject=11, session=3, speed=3, trial=3, x__rid_x=42ab5cf90403d94d: dummy_return_one(x)
[10:14:45.450] [INFO] [run] subject=11, session=3, speed=3, trial=4, x__rid_x=b8467413140bfdb8: dummy_return_one(x)
[10:14:45.452] [INFO] [run] subject=11, session=3, speed=3, trial=5, x__rid_x=1e51ec0641ebdd75: dummy_return_one(x)
[10:14:45.455] [INFO] [run] subject=11, session=3, speed=3, trial=6, x__rid_x=46f34e3746403f7b: dummy_return_one(x)
[10:14:45.456] [INFO] [run] subject=11, session=3, speed=3, trial=7, x__rid_x=39dbf628d42f6096: dummy_return_one(x)
[10:14:45.459] [INFO] [run] subject=11, session=3, speed=4, trial=1, x__rid_x=50111d7d2eea9508: dummy_return_one(x)
[10:14:45.460] [INFO] [run] subject=11, session=3, speed=4, trial=2, x__rid_x=bda62036f0b7584d: dummy_return_one(x)
[10:14:45.460] [INFO] [run] subject=11, session=3, speed=4, trial=3, x__rid_x=c632e71e685d9347: dummy_return_one(x)
[10:14:45.463] [INFO] [run] subject=11, session=3, speed=4, trial=4, x__rid_x=e168427a962faf61: dummy_return_one(x)
[10:14:45.464] [INFO] [run] subject=11, session=3, speed=4, trial=5, x__rid_x=b9cea7cf4bcb8270: dummy_return_one(x)
[10:14:45.468] [INFO] [run] subject=11, session=3, speed=4, trial=6, x__rid_x=b18ea0ed8576e39d: dummy_return_one(x)
[10:14:45.470] [INFO] [run] subject=11, session=3, speed=4, trial=7, x__rid_x=cad2dda2e0a1861a: dummy_return_one(x)
[10:14:45.474] [INFO] [run] subject=11, session=3, speed=5, trial=1, x__rid_x=e08148628930e7f4: dummy_return_one(x)
[10:14:45.478] [INFO] [run] subject=11, session=3, speed=5, trial=2, x__rid_x=6d8aec1375773446: dummy_return_one(x)
[10:14:45.479] [INFO] [run] subject=11, session=3, speed=5, trial=3, x__rid_x=0448d00124379bc6: dummy_return_one(x)
[10:14:45.482] [INFO] [run] subject=11, session=3, speed=5, trial=4, x__rid_x=8c5f411ddcb6426b: dummy_return_one(x)
[10:14:45.484] [INFO] [run] subject=11, session=3, speed=5, trial=5, x__rid_x=019287c073533013: dummy_return_one(x)
[10:14:45.487] [INFO] [run] subject=11, session=3, speed=5, trial=6, x__rid_x=0ed0f17f95401162: dummy_return_one(x)
[10:14:45.489] [INFO] [run] subject=11, session=3, speed=5, trial=7, x__rid_x=1cc7b7182105bffe: dummy_return_one(x)
[10:14:45.492] [INFO] [run] subject=11, session=3, speed=6, trial=1, x__rid_x=dd78b94522ca3aa0: dummy_return_one(x)
[10:14:45.493] [INFO] [run] subject=11, session=3, speed=6, trial=2, x__rid_x=f147fd851a5b4cd2: dummy_return_one(x)
[10:14:45.494] [INFO] [run] subject=11, session=3, speed=6, trial=3, x__rid_x=538bee3941e61e71: dummy_return_one(x)
[10:14:45.496] [INFO] [run] subject=11, session=3, speed=6, trial=4, x__rid_x=e587f6a1b558010a: dummy_return_one(x)
[10:14:45.498] [INFO] [run] subject=11, session=3, speed=6, trial=5, x__rid_x=65410a39077b884e: dummy_return_one(x)
[10:14:45.501] [INFO] [run] subject=11, session=3, speed=6, trial=6, x__rid_x=be5526483f4bc167: dummy_return_one(x)
[10:14:45.503] [INFO] [run] subject=11, session=3, speed=6, trial=7, x__rid_x=1e72eddcf91d01b6: dummy_return_one(x)
[10:14:45.506] [INFO] [run] subject=11, session=3, speed=7, trial=1, x__rid_x=0e9d63d0bbd175c3: dummy_return_one(x)
[10:14:45.508] [INFO] [run] subject=11, session=3, speed=7, trial=2, x__rid_x=82e1047eb7ae11ba: dummy_return_one(x)
[10:14:45.510] [INFO] [run] subject=11, session=3, speed=7, trial=3, x__rid_x=c0eedb7fb95aa1a7: dummy_return_one(x)
[10:14:45.511] [INFO] [run] subject=11, session=3, speed=7, trial=4, x__rid_x=047b35ac8d431ba1: dummy_return_one(x)
[10:14:45.512] [INFO] [run] subject=11, session=3, speed=7, trial=5, x__rid_x=b2e9e4e2730933bd: dummy_return_one(x)
[10:14:45.515] [INFO] [run] subject=11, session=3, speed=7, trial=6, x__rid_x=fc5605aae448f6e4: dummy_return_one(x)
[10:14:45.516] [INFO] [run] subject=11, session=3, speed=7, trial=7, x__rid_x=b703a74f8262fd3f: dummy_return_one(x)
[10:14:45.517] [INFO] [run] subject=11, session=3, speed=8, trial=1, x__rid_x=e79f89c9c850982e: dummy_return_one(x)
[10:14:45.519] [INFO] [run] subject=11, session=3, speed=8, trial=2, x__rid_x=25461ea6fad99e46: dummy_return_one(x)
[10:14:45.521] [INFO] [run] subject=11, session=3, speed=8, trial=3, x__rid_x=c22671180beab165: dummy_return_one(x)
[10:14:45.524] [INFO] [run] subject=11, session=3, speed=8, trial=4, x__rid_x=52f0d80cf2b4c3f7: dummy_return_one(x)
[10:14:45.525] [INFO] [run] subject=11, session=3, speed=8, trial=5, x__rid_x=5db96e84c0722694: dummy_return_one(x)
[10:14:45.525] [INFO] [run] subject=11, session=3, speed=8, trial=6, x__rid_x=c3de90fded713968: dummy_return_one(x)
[10:14:45.528] [INFO] [run] subject=11, session=3, speed=8, trial=7, x__rid_x=04ba2b3f0d97cfc1: dummy_return_one(x)
[10:14:45.529] [INFO] [run] subject=11, session=3, speed=9, trial=1, x__rid_x=a64a1ffff48b3b0c: dummy_return_one(x)
[10:14:45.530] [INFO] [run] subject=11, session=3, speed=9, trial=2, x__rid_x=93eb9e323e6a6e7c: dummy_return_one(x)
[10:14:45.532] [INFO] [run] subject=11, session=3, speed=9, trial=3, x__rid_x=ed6298d2a95f8f91: dummy_return_one(x)
[10:14:45.533] [INFO] [run] subject=11, session=3, speed=9, trial=4, x__rid_x=9cbc95186980361d: dummy_return_one(x)
[10:14:45.533] [INFO] [run] subject=11, session=3, speed=9, trial=5, x__rid_x=97ba379b7339171c: dummy_return_one(x)
[10:14:45.537] [INFO] [run] subject=11, session=3, speed=9, trial=6, x__rid_x=2609f9b3745d982a: dummy_return_one(x)
[10:14:45.538] [INFO] [run] subject=11, session=3, speed=9, trial=7, x__rid_x=220e21985b2c1556: dummy_return_one(x)
[10:14:45.541] [INFO] [run] subject=11, session=4, speed=1, trial=1, x__rid_x=c17232216e8ffd64: dummy_return_one(x)
[10:14:45.542] [INFO] [run] subject=11, session=4, speed=1, trial=2, x__rid_x=8b1de1dd3891205e: dummy_return_one(x)
[10:14:45.543] [INFO] [run] subject=11, session=4, speed=1, trial=3, x__rid_x=f4908ab429c740c7: dummy_return_one(x)
[10:14:45.545] [INFO] [run] subject=11, session=4, speed=1, trial=4, x__rid_x=906a71c193b44299: dummy_return_one(x)
[10:14:45.549] [INFO] [run] subject=11, session=4, speed=1, trial=5, x__rid_x=146e58b172d5d6e8: dummy_return_one(x)
[10:14:45.550] [INFO] [run] subject=11, session=4, speed=1, trial=6, x__rid_x=aedf2b6d5e06b7ec: dummy_return_one(x)
[10:14:45.551] [INFO] [run] subject=11, session=4, speed=1, trial=7, x__rid_x=3dfe293e064dff09: dummy_return_one(x)
[10:14:45.553] [INFO] [run] subject=11, session=4, speed=10, trial=1, x__rid_x=a2a4a1e7018fdae4: dummy_return_one(x)
[10:14:45.555] [INFO] [run] subject=11, session=4, speed=10, trial=2, x__rid_x=d80104f7ddfa4342: dummy_return_one(x)
[10:14:45.558] [INFO] [run] subject=11, session=4, speed=10, trial=3, x__rid_x=3ac470d8bb176442: dummy_return_one(x)
[10:14:45.559] [INFO] [run] subject=11, session=4, speed=10, trial=4, x__rid_x=6581c418c18673ca: dummy_return_one(x)
[10:14:45.562] [INFO] [run] subject=11, session=4, speed=10, trial=5, x__rid_x=d255c477b10cd9ee: dummy_return_one(x)
[10:14:45.566] [INFO] [run] subject=11, session=4, speed=10, trial=6, x__rid_x=0f2dc2377adf7972: dummy_return_one(x)
[10:14:45.567] [INFO] [run] subject=11, session=4, speed=10, trial=7, x__rid_x=a9f8b63af7bd508d: dummy_return_one(x)
[10:14:45.571] [INFO] [run] subject=11, session=4, speed=2, trial=1, x__rid_x=7ac7700b60bdfc72: dummy_return_one(x)
[10:14:45.572] [INFO] [run] subject=11, session=4, speed=2, trial=2, x__rid_x=a08dacfbc94de246: dummy_return_one(x)
[10:14:45.575] [INFO] [run] subject=11, session=4, speed=2, trial=3, x__rid_x=824eb6ea0e4e879d: dummy_return_one(x)
[10:14:45.576] [INFO] [run] subject=11, session=4, speed=2, trial=4, x__rid_x=fc9d02b7d1ff9142: dummy_return_one(x)
[10:14:45.576] [INFO] [run] subject=11, session=4, speed=2, trial=5, x__rid_x=b196d830dc988829: dummy_return_one(x)
[10:14:45.579] [INFO] [run] subject=11, session=4, speed=2, trial=6, x__rid_x=011885c9216188f4: dummy_return_one(x)
[10:14:45.580] [INFO] [run] subject=11, session=4, speed=2, trial=7, x__rid_x=59512f74ef253670: dummy_return_one(x)
[10:14:45.581] [INFO] [run] subject=11, session=4, speed=3, trial=1, x__rid_x=a73b6af5c50285d6: dummy_return_one(x)
[10:14:45.583] [INFO] [run] subject=11, session=4, speed=3, trial=2, x__rid_x=5ac2948b676348a4: dummy_return_one(x)
[10:14:45.584] [INFO] [run] subject=11, session=4, speed=3, trial=3, x__rid_x=30b6446a2b7bf799: dummy_return_one(x)
[10:14:45.588] [INFO] [run] subject=11, session=4, speed=3, trial=4, x__rid_x=447a7a0b94d71dd6: dummy_return_one(x)
[10:14:45.589] [INFO] [run] subject=11, session=4, speed=3, trial=5, x__rid_x=9c6c0ad6d39fa49f: dummy_return_one(x)
[10:14:45.592] [INFO] [run] subject=11, session=4, speed=3, trial=6, x__rid_x=c8a81eda7550c2a4: dummy_return_one(x)
[10:14:45.593] [INFO] [run] subject=11, session=4, speed=3, trial=7, x__rid_x=36577fe2a4cdfc82: dummy_return_one(x)
[10:14:45.596] [INFO] [run] subject=11, session=4, speed=4, trial=1, x__rid_x=bc1857094acb70a3: dummy_return_one(x)
[10:14:45.597] [INFO] [run] subject=11, session=4, speed=4, trial=2, x__rid_x=8b5f836de27f6b45: dummy_return_one(x)
[10:14:45.598] [INFO] [run] subject=11, session=4, speed=4, trial=3, x__rid_x=dc4922118dcba2bb: dummy_return_one(x)
[10:14:45.600] [INFO] [run] subject=11, session=4, speed=4, trial=4, x__rid_x=af9038256cfa1aed: dummy_return_one(x)
[10:14:45.601] [INFO] [run] subject=11, session=4, speed=4, trial=5, x__rid_x=0cbb7209b8d1a4ec: dummy_return_one(x)
[10:14:45.602] [INFO] [run] subject=11, session=4, speed=4, trial=6, x__rid_x=983fc53d8a224436: dummy_return_one(x)
[10:14:45.605] [INFO] [run] subject=11, session=4, speed=4, trial=7, x__rid_x=7cd02baff16b3576: dummy_return_one(x)
[10:14:45.606] [INFO] [run] subject=11, session=4, speed=5, trial=1, x__rid_x=260724dedb677028: dummy_return_one(x)
[10:14:45.610] [INFO] [run] subject=11, session=4, speed=5, trial=2, x__rid_x=77f52c1ed747f426: dummy_return_one(x)
[10:14:45.615] [INFO] [run] subject=11, session=4, speed=5, trial=3, x__rid_x=91553dc1af7edbc5: dummy_return_one(x)
[10:14:45.616] [INFO] [run] subject=11, session=4, speed=5, trial=4, x__rid_x=fe598466808f92ae: dummy_return_one(x)
[10:14:45.616] [INFO] [run] subject=11, session=4, speed=5, trial=5, x__rid_x=7bd9044bfdf11b23: dummy_return_one(x)
[10:14:45.620] [INFO] [run] subject=11, session=4, speed=5, trial=6, x__rid_x=43a07b4f5cbceacb: dummy_return_one(x)
[10:14:45.621] [INFO] [run] subject=11, session=4, speed=5, trial=7, x__rid_x=e5e3ac3a89fa73bb: dummy_return_one(x)
[10:14:45.624] [INFO] [run] subject=11, session=4, speed=6, trial=1, x__rid_x=178f7b2727182631: dummy_return_one(x)
[10:14:45.625] [INFO] [run] subject=11, session=4, speed=6, trial=2, x__rid_x=4c5820661f318d26: dummy_return_one(x)
[10:14:45.626] [INFO] [run] subject=11, session=4, speed=6, trial=3, x__rid_x=91051df7f95e2ef8: dummy_return_one(x)
[10:14:45.629] [INFO] [run] subject=11, session=4, speed=6, trial=4, x__rid_x=5fb2eb027b1dbb1f: dummy_return_one(x)
[10:14:45.630] [INFO] [run] subject=11, session=4, speed=6, trial=5, x__rid_x=41d694baf983f46e: dummy_return_one(x)
[10:14:45.633] [INFO] [run] subject=11, session=4, speed=6, trial=6, x__rid_x=9dc6bf388c94e822: dummy_return_one(x)
[10:14:45.634] [INFO] [run] subject=11, session=4, speed=6, trial=7, x__rid_x=4616d55e067f5443: dummy_return_one(x)
[10:14:45.638] [INFO] [run] subject=11, session=4, speed=7, trial=1, x__rid_x=ab4bc53d35c1ad12: dummy_return_one(x)
[10:14:45.640] [INFO] [run] subject=11, session=4, speed=7, trial=2, x__rid_x=8de7e2e0be1921ad: dummy_return_one(x)
[10:14:45.642] [INFO] [run] subject=11, session=4, speed=7, trial=3, x__rid_x=f22c2b8426ced22f: dummy_return_one(x)
[10:14:45.644] [INFO] [run] subject=11, session=4, speed=7, trial=4, x__rid_x=6e627dafb1fbff3b: dummy_return_one(x)
[10:14:45.645] [INFO] [run] subject=11, session=4, speed=7, trial=5, x__rid_x=cf3281b745ab8271: dummy_return_one(x)
[10:14:45.647] [INFO] [run] subject=11, session=4, speed=7, trial=6, x__rid_x=710d0c92dbcf8c97: dummy_return_one(x)
[10:14:45.648] [INFO] [run] subject=11, session=4, speed=7, trial=7, x__rid_x=84a0a7d0bb049be7: dummy_return_one(x)
[10:14:45.648] [INFO] [run] subject=11, session=4, speed=8, trial=1, x__rid_x=5ebc784cfa01d423: dummy_return_one(x)
[10:14:45.652] [INFO] [run] subject=11, session=4, speed=8, trial=2, x__rid_x=6de0ed42ee63411e: dummy_return_one(x)
[10:14:45.653] [INFO] [run] subject=11, session=4, speed=8, trial=3, x__rid_x=25804e9b99b3887b: dummy_return_one(x)
[10:14:45.656] [INFO] [run] subject=11, session=4, speed=8, trial=4, x__rid_x=2eef0b592df4f480: dummy_return_one(x)
[10:14:45.656] [INFO] [run] subject=11, session=4, speed=8, trial=5, x__rid_x=8b2db2fa16625100: dummy_return_one(x)
[10:14:45.657] [INFO] [run] subject=11, session=4, speed=8, trial=6, x__rid_x=9cb1047e2e0aedd6: dummy_return_one(x)
[10:14:45.660] [INFO] [run] subject=11, session=4, speed=8, trial=7, x__rid_x=94e2b8d29a1ad6cf: dummy_return_one(x)
[10:14:45.661] [INFO] [run] subject=11, session=4, speed=9, trial=1, x__rid_x=e0f0812e60fe94ff: dummy_return_one(x)
[10:14:45.664] [INFO] [run] subject=11, session=4, speed=9, trial=2, x__rid_x=3282984d55906164: dummy_return_one(x)
[10:14:45.665] [INFO] [run] subject=11, session=4, speed=9, trial=3, x__rid_x=e812d81bd0452180: dummy_return_one(x)
[10:14:45.666] [INFO] [run] subject=11, session=4, speed=9, trial=4, x__rid_x=b652655552705935: dummy_return_one(x)
[10:14:45.669] [INFO] [run] subject=11, session=4, speed=9, trial=5, x__rid_x=a2fc067daed579c8: dummy_return_one(x)
[10:14:45.670] [INFO] [run] subject=11, session=4, speed=9, trial=6, x__rid_x=84855994e767a088: dummy_return_one(x)
[10:14:45.673] [INFO] [run] subject=11, session=4, speed=9, trial=7, x__rid_x=dd548342d6932fb4: dummy_return_one(x)
[10:14:45.674] [INFO] [run] subject=11, session=5, speed=1, trial=1, x__rid_x=2f24f199f795b859: dummy_return_one(x)
[10:14:45.678] [INFO] [run] subject=11, session=5, speed=1, trial=2, x__rid_x=19189cede8a7931d: dummy_return_one(x)
[10:14:45.679] [INFO] [run] subject=11, session=5, speed=1, trial=3, x__rid_x=8cec9f38684187a9: dummy_return_one(x)
[10:14:45.679] [INFO] [run] subject=11, session=5, speed=1, trial=4, x__rid_x=a2b3c3d4e1b9283e: dummy_return_one(x)
[10:14:45.682] [INFO] [run] subject=11, session=5, speed=1, trial=5, x__rid_x=86d243d3641a299e: dummy_return_one(x)
[10:14:45.683] [INFO] [run] subject=11, session=5, speed=1, trial=6, x__rid_x=fe101ddf8ad6f2b0: dummy_return_one(x)
[10:14:45.684] [INFO] [run] subject=11, session=5, speed=1, trial=7, x__rid_x=efc4e49a056dd392: dummy_return_one(x)
[10:14:45.686] [INFO] [run] subject=11, session=5, speed=10, trial=1, x__rid_x=16a939c74376cedb: dummy_return_one(x)
[10:14:45.688] [INFO] [run] subject=11, session=5, speed=10, trial=2, x__rid_x=1ee1361d63912965: dummy_return_one(x)
[10:14:45.691] [INFO] [run] subject=11, session=5, speed=10, trial=3, x__rid_x=878a934006903927: dummy_return_one(x)
[10:14:45.695] [INFO] [run] subject=11, session=5, speed=10, trial=4, x__rid_x=b0eef8b1115e7cc3: dummy_return_one(x)
[10:14:45.696] [INFO] [run] subject=11, session=5, speed=10, trial=5, x__rid_x=a8de79ab40cd94df: dummy_return_one(x)
[10:14:45.697] [INFO] [run] subject=11, session=5, speed=10, trial=6, x__rid_x=7842e173d630ba3c: dummy_return_one(x)
[10:14:45.699] [INFO] [run] subject=11, session=5, speed=10, trial=7, x__rid_x=26ec040ee91a9393: dummy_return_one(x)
[10:14:45.700] [INFO] [run] subject=11, session=5, speed=2, trial=1, x__rid_x=e736f082e1f212c2: dummy_return_one(x)
[10:14:45.701] [INFO] [run] subject=11, session=5, speed=2, trial=2, x__rid_x=ee75865fdf169822: dummy_return_one(x)
[10:14:45.703] [INFO] [run] subject=11, session=5, speed=2, trial=3, x__rid_x=d3617ebe94bb4714: dummy_return_one(x)
[10:14:45.704] [INFO] [run] subject=11, session=5, speed=2, trial=4, x__rid_x=370627d486cec624: dummy_return_one(x)
[10:14:45.705] [INFO] [run] subject=11, session=5, speed=2, trial=5, x__rid_x=190d9aa04f8691f0: dummy_return_one(x)
[10:14:45.707] [INFO] [run] subject=11, session=5, speed=2, trial=6, x__rid_x=7356bd0f77b0f66a: dummy_return_one(x)
[10:14:45.708] [INFO] [run] subject=11, session=5, speed=2, trial=7, x__rid_x=a01828b4d07d1a40: dummy_return_one(x)
[10:14:45.709] [INFO] [run] subject=11, session=5, speed=3, trial=1, x__rid_x=0ad16990c8a2ca78: dummy_return_one(x)
[10:14:45.710] [INFO] [run] subject=11, session=5, speed=3, trial=2, x__rid_x=bd655c846e8a1923: dummy_return_one(x)
[10:14:45.714] [INFO] [run] subject=11, session=5, speed=3, trial=3, x__rid_x=41fb89acea59f491: dummy_return_one(x)
[10:14:45.721] [INFO] [run] subject=11, session=5, speed=3, trial=4, x__rid_x=1757d5c627fdd9ec: dummy_return_one(x)
[10:14:45.725] [INFO] [run] subject=11, session=5, speed=3, trial=5, x__rid_x=1a807fd542908adf: dummy_return_one(x)
[10:14:45.728] [INFO] [run] subject=11, session=5, speed=3, trial=6, x__rid_x=45dba7f0a0254543: dummy_return_one(x)
[10:14:45.732] [INFO] [run] subject=11, session=5, speed=3, trial=7, x__rid_x=4e2de573100a11d4: dummy_return_one(x)
[10:14:45.734] [INFO] [run] subject=11, session=5, speed=4, trial=1, x__rid_x=1d455ebe6b5a73a3: dummy_return_one(x)
[10:14:45.737] [INFO] [run] subject=11, session=5, speed=4, trial=2, x__rid_x=4eb36d7a9f88ac22: dummy_return_one(x)
[10:14:45.741] [INFO] [run] subject=11, session=5, speed=4, trial=3, x__rid_x=e1ec860b5a4defe0: dummy_return_one(x)
[10:14:45.742] [INFO] [run] subject=11, session=5, speed=4, trial=4, x__rid_x=6ae4cbe160e9d668: dummy_return_one(x)
[10:14:45.743] [INFO] [run] subject=11, session=5, speed=4, trial=5, x__rid_x=f8463d7a88151241: dummy_return_one(x)
[10:14:45.745] [INFO] [run] subject=11, session=5, speed=4, trial=6, x__rid_x=217d26e2497252a3: dummy_return_one(x)
[10:14:45.750] [INFO] [run] subject=11, session=5, speed=4, trial=7, x__rid_x=81905bc2223c9a46: dummy_return_one(x)
[10:14:45.751] [INFO] [run] subject=11, session=5, speed=5, trial=1, x__rid_x=d11db1f46bba4d3d: dummy_return_one(x)
[10:14:45.751] [INFO] [run] subject=11, session=5, speed=5, trial=2, x__rid_x=5671358ff24b7147: dummy_return_one(x)
[10:14:45.754] [INFO] [run] subject=11, session=5, speed=5, trial=3, x__rid_x=cda7de3c1e69a1fa: dummy_return_one(x)
[10:14:45.755] [INFO] [run] subject=11, session=5, speed=5, trial=4, x__rid_x=22cba57851ab4387: dummy_return_one(x)
[10:14:45.758] [INFO] [run] subject=11, session=5, speed=5, trial=5, x__rid_x=5066f8c04b45d2e5: dummy_return_one(x)
[10:14:45.759] [INFO] [run] subject=11, session=5, speed=5, trial=6, x__rid_x=9961b9ef393b4aab: dummy_return_one(x)
[10:14:45.760] [INFO] [run] subject=11, session=5, speed=5, trial=7, x__rid_x=0f6396b445210ea0: dummy_return_one(x)
[10:14:45.762] [INFO] [run] subject=11, session=5, speed=6, trial=1, x__rid_x=be6a02bd145e4e9d: dummy_return_one(x)
[10:14:45.764] [INFO] [run] subject=11, session=5, speed=6, trial=2, x__rid_x=d3b8688813ac0011: dummy_return_one(x)
[10:14:45.766] [INFO] [run] subject=11, session=5, speed=6, trial=3, x__rid_x=abdf1e7d4403c53c: dummy_return_one(x)
[10:14:45.767] [INFO] [run] subject=11, session=5, speed=6, trial=4, x__rid_x=4d45319b317b4ff2: dummy_return_one(x)
[10:14:45.768] [INFO] [run] subject=11, session=5, speed=6, trial=5, x__rid_x=400e35c1e8fe6bfb: dummy_return_one(x)
[10:14:45.771] [INFO] [run] subject=11, session=5, speed=6, trial=6, x__rid_x=4f1fe03a9bc59375: dummy_return_one(x)
[10:14:45.772] [INFO] [run] subject=11, session=5, speed=6, trial=7, x__rid_x=19718c3bacaafb8f: dummy_return_one(x)
[10:14:45.772] [INFO] [run] subject=11, session=5, speed=7, trial=1, x__rid_x=aeeb0c08069eb9b4: dummy_return_one(x)
[10:14:45.775] [INFO] [run] subject=11, session=5, speed=7, trial=2, x__rid_x=0e79b227a78cde1f: dummy_return_one(x)
[10:14:45.776] [INFO] [run] subject=11, session=5, speed=7, trial=3, x__rid_x=5d043d705dd0403d: dummy_return_one(x)
[10:14:45.776] [INFO] [run] subject=11, session=5, speed=7, trial=4, x__rid_x=98bc9817d03c4889: dummy_return_one(x)
[10:14:45.779] [INFO] [run] subject=11, session=5, speed=7, trial=5, x__rid_x=970cf229cae9afae: dummy_return_one(x)
[10:14:45.780] [INFO] [run] subject=11, session=5, speed=7, trial=6, x__rid_x=77e87c9695a3fffc: dummy_return_one(x)
[10:14:45.781] [INFO] [run] subject=11, session=5, speed=7, trial=7, x__rid_x=d1f405dc2445ce8e: dummy_return_one(x)
[10:14:45.783] [INFO] [run] subject=11, session=5, speed=8, trial=1, x__rid_x=8f82a73e88abcc94: dummy_return_one(x)
[10:14:45.784] [INFO] [run] subject=11, session=5, speed=8, trial=2, x__rid_x=0b00dac5cd9acd4a: dummy_return_one(x)
[10:14:45.784] [INFO] [run] subject=11, session=5, speed=8, trial=3, x__rid_x=1679a0d28707b916: dummy_return_one(x)
[10:14:45.787] [INFO] [run] subject=11, session=5, speed=8, trial=4, x__rid_x=eb8289b798f5e767: dummy_return_one(x)
[10:14:45.788] [INFO] [run] subject=11, session=5, speed=8, trial=5, x__rid_x=937ad50df390f8de: dummy_return_one(x)
[10:14:45.789] [INFO] [run] subject=11, session=5, speed=8, trial=6, x__rid_x=5ad62e2dc9115d8b: dummy_return_one(x)
[10:14:45.791] [INFO] [run] subject=11, session=5, speed=8, trial=7, x__rid_x=545767634a7acbeb: dummy_return_one(x)
[10:14:45.792] [INFO] [run] subject=11, session=5, speed=9, trial=1, x__rid_x=a6be94665f984f70: dummy_return_one(x)
[10:14:45.793] [INFO] [run] subject=11, session=5, speed=9, trial=2, x__rid_x=5013d8576dc33cac: dummy_return_one(x)
[10:14:45.796] [INFO] [run] subject=11, session=5, speed=9, trial=3, x__rid_x=a40b5319cc0e1252: dummy_return_one(x)
[10:14:45.796] [INFO] [run] subject=11, session=5, speed=9, trial=4, x__rid_x=d9f98d7c3415b9ac: dummy_return_one(x)
[10:14:45.797] [INFO] [run] subject=11, session=5, speed=9, trial=5, x__rid_x=bda21c672eeda2aa: dummy_return_one(x)
[10:14:45.797] [INFO] [run] subject=11, session=5, speed=9, trial=6, x__rid_x=70803598e3818306: dummy_return_one(x)
[10:14:45.800] [INFO] [run] subject=11, session=5, speed=9, trial=7, x__rid_x=e58edb03cdd5bda1: dummy_return_one(x)
[10:14:45.801] [INFO] [run] subject=12, session=1, speed=1, trial=1, x__rid_x=dcaf94da85b0e093: dummy_return_one(x)
[10:14:45.802] [INFO] [run] subject=12, session=1, speed=1, trial=2, x__rid_x=22112e56669bf78d: dummy_return_one(x)
[10:14:45.805] [INFO] [run] subject=12, session=1, speed=1, trial=3, x__rid_x=43e64f266f9b574c: dummy_return_one(x)
[10:14:45.809] [INFO] [run] subject=12, session=1, speed=1, trial=4, x__rid_x=5035318b8a2d22ef: dummy_return_one(x)
[10:14:45.810] [INFO] [run] subject=12, session=1, speed=1, trial=5, x__rid_x=48f0b04c820d4aea: dummy_return_one(x)
[10:14:45.810] [INFO] [run] subject=12, session=1, speed=1, trial=6, x__rid_x=6abb202387ffa795: dummy_return_one(x)
[10:14:45.813] [INFO] [run] subject=12, session=1, speed=1, trial=7, x__rid_x=0e6eead4c9cf5bb7: dummy_return_one(x)
[10:14:45.814] [INFO] [run] subject=12, session=1, speed=10, trial=1, x__rid_x=bb0150724fcd7733: dummy_return_one(x)
[10:14:45.814] [INFO] [run] subject=12, session=1, speed=10, trial=2, x__rid_x=1a8361645e949e7b: dummy_return_one(x)
[10:14:45.817] [INFO] [run] subject=12, session=1, speed=10, trial=3, x__rid_x=120802ffc7846921: dummy_return_one(x)
[10:14:45.819] [INFO] [run] subject=12, session=1, speed=10, trial=4, x__rid_x=d9ab564dc5c67546: dummy_return_one(x)
[10:14:45.822] [INFO] [run] subject=12, session=1, speed=10, trial=5, x__rid_x=b7534d8fdbf2a137: dummy_return_one(x)
[10:14:45.822] [INFO] [run] subject=12, session=1, speed=10, trial=6, x__rid_x=656d25266bed1e82: dummy_return_one(x)
[10:14:45.823] [INFO] [run] subject=12, session=1, speed=10, trial=7, x__rid_x=730ec26a98d1df89: dummy_return_one(x)
[10:14:45.826] [INFO] [run] subject=12, session=1, speed=2, trial=1, x__rid_x=694d5e6493440996: dummy_return_one(x)
[10:14:45.827] [INFO] [run] subject=12, session=1, speed=2, trial=2, x__rid_x=df08bbd697ed65d2: dummy_return_one(x)
[10:14:45.827] [INFO] [run] subject=12, session=1, speed=2, trial=3, x__rid_x=592d862469dd21bb: dummy_return_one(x)
[10:14:45.830] [INFO] [run] subject=12, session=1, speed=2, trial=4, x__rid_x=0e526e53fd12eea1: dummy_return_one(x)
[10:14:45.831] [INFO] [run] subject=12, session=1, speed=2, trial=5, x__rid_x=bf3115bc5bd5bbf1: dummy_return_one(x)
[10:14:45.831] [INFO] [run] subject=12, session=1, speed=2, trial=6, x__rid_x=de9b131e0d39791d: dummy_return_one(x)
[10:14:45.834] [INFO] [run] subject=12, session=1, speed=2, trial=7, x__rid_x=63c88aa8845dc0d4: dummy_return_one(x)
[10:14:45.835] [INFO] [run] subject=12, session=1, speed=3, trial=1, x__rid_x=d88e1eacfd4d1333: dummy_return_one(x)
[10:14:45.838] [INFO] [run] subject=12, session=1, speed=3, trial=2, x__rid_x=99bf436f649ffc7e: dummy_return_one(x)
[10:14:45.839] [INFO] [run] subject=12, session=1, speed=3, trial=3, x__rid_x=d3c38a074b2259c7: dummy_return_one(x)
[10:14:45.840] [INFO] [run] subject=12, session=1, speed=3, trial=4, x__rid_x=f37fbfd3d81193a5: dummy_return_one(x)
[10:14:45.843] [INFO] [run] subject=12, session=1, speed=3, trial=5, x__rid_x=e9920e09b616a325: dummy_return_one(x)
[10:14:45.843] [INFO] [run] subject=12, session=1, speed=3, trial=6, x__rid_x=c40eb5387bfc6728: dummy_return_one(x)
[10:14:45.844] [INFO] [run] subject=12, session=1, speed=3, trial=7, x__rid_x=5355622f7ea12074: dummy_return_one(x)
[10:14:45.847] [INFO] [run] subject=12, session=1, speed=4, trial=1, x__rid_x=c4a51521b3c5cad8: dummy_return_one(x)
[10:14:45.848] [INFO] [run] subject=12, session=1, speed=4, trial=2, x__rid_x=a4e474780c70efd7: dummy_return_one(x)
[10:14:45.848] [INFO] [run] subject=12, session=1, speed=4, trial=3, x__rid_x=0f7cf7975d94a14b: dummy_return_one(x)
[10:14:45.851] [INFO] [run] subject=12, session=1, speed=4, trial=4, x__rid_x=cded994da6cdfb1e: dummy_return_one(x)
[10:14:45.852] [INFO] [run] subject=12, session=1, speed=4, trial=5, x__rid_x=efaf437eaccce900: dummy_return_one(x)
[10:14:45.853] [INFO] [run] subject=12, session=1, speed=4, trial=6, x__rid_x=df0fb69f29aaabeb: dummy_return_one(x)
[10:14:45.855] [INFO] [run] subject=12, session=1, speed=4, trial=7, x__rid_x=833667c3ff89fc64: dummy_return_one(x)
[10:14:45.856] [INFO] [run] subject=12, session=1, speed=5, trial=1, x__rid_x=c474657ac4b13f1f: dummy_return_one(x)
[10:14:45.857] [INFO] [run] subject=12, session=1, speed=5, trial=2, x__rid_x=04a49b94a6a80256: dummy_return_one(x)
[10:14:45.860] [INFO] [run] subject=12, session=1, speed=5, trial=3, x__rid_x=cba1d64853fff66d: dummy_return_one(x)
[10:14:45.860] [INFO] [run] subject=12, session=1, speed=5, trial=4, x__rid_x=b8e9cd9fc9059c4b: dummy_return_one(x)
[10:14:45.861] [INFO] [run] subject=12, session=1, speed=5, trial=5, x__rid_x=b6fef8f635e90e3a: dummy_return_one(x)
[10:14:45.864] [INFO] [run] subject=12, session=1, speed=5, trial=6, x__rid_x=2043ab0faf2dcbcb: dummy_return_one(x)
[10:14:45.864] [INFO] [run] subject=12, session=1, speed=5, trial=7, x__rid_x=7fa8ffd39766797f: dummy_return_one(x)
[10:14:45.865] [INFO] [run] subject=12, session=1, speed=6, trial=1, x__rid_x=74016d8eb41e852f: dummy_return_one(x)
[10:14:45.866] [INFO] [run] subject=12, session=1, speed=6, trial=2, x__rid_x=0565b876b1db3ecf: dummy_return_one(x)
[10:14:45.868] [INFO] [run] subject=12, session=1, speed=6, trial=3, x__rid_x=1ba7217006ccd91d: dummy_return_one(x)
[10:14:45.870] [INFO] [run] subject=12, session=1, speed=6, trial=4, x__rid_x=fbc1dc49ec6c4c27: dummy_return_one(x)
[10:14:45.873] [INFO] [run] subject=12, session=1, speed=6, trial=5, x__rid_x=96bc7fe293beacc1: dummy_return_one(x)
[10:14:45.874] [INFO] [run] subject=12, session=1, speed=6, trial=6, x__rid_x=7477ee8fdc3e7e07: dummy_return_one(x)
[10:14:45.874] [INFO] [run] subject=12, session=1, speed=6, trial=7, x__rid_x=e2c29f301bec549e: dummy_return_one(x)
[10:14:45.877] [INFO] [run] subject=12, session=1, speed=7, trial=1, x__rid_x=01ea42004e78561d: dummy_return_one(x)
[10:14:45.877] [INFO] [run] subject=12, session=1, speed=7, trial=2, x__rid_x=0d38c54264dc4e01: dummy_return_one(x)
[10:14:45.878] [INFO] [run] subject=12, session=1, speed=7, trial=3, x__rid_x=103fe4de43758e3d: dummy_return_one(x)
[10:14:45.879] [INFO] [run] subject=12, session=1, speed=7, trial=4, x__rid_x=cc61e66b8cc53bd0: dummy_return_one(x)
[10:14:45.881] [INFO] [run] subject=12, session=1, speed=7, trial=5, x__rid_x=589799579706c937: dummy_return_one(x)
[10:14:45.882] [INFO] [run] subject=12, session=1, speed=7, trial=6, x__rid_x=f3f7e9963f5559bb: dummy_return_one(x)
[10:14:45.882] [INFO] [run] subject=12, session=1, speed=7, trial=7, x__rid_x=173477de3ca3c874: dummy_return_one(x)
[10:14:45.885] [INFO] [run] subject=12, session=1, speed=8, trial=1, x__rid_x=9d7f3a4075ff925c: dummy_return_one(x)
[10:14:45.887] [INFO] [run] subject=12, session=1, speed=8, trial=2, x__rid_x=d4214bea24205156: dummy_return_one(x)
[10:14:45.890] [INFO] [run] subject=12, session=1, speed=8, trial=3, x__rid_x=23542a94f959acb8: dummy_return_one(x)
[10:14:45.890] [INFO] [run] subject=12, session=1, speed=8, trial=4, x__rid_x=46b918903c136cb9: dummy_return_one(x)
[10:14:45.891] [INFO] [run] subject=12, session=1, speed=8, trial=5, x__rid_x=d0b60adb3d081363: dummy_return_one(x)
[10:14:45.892] [INFO] [run] subject=12, session=1, speed=8, trial=6, x__rid_x=673a05fc273385bc: dummy_return_one(x)
[10:14:45.894] [INFO] [run] subject=12, session=1, speed=8, trial=7, x__rid_x=717f968de9dde780: dummy_return_one(x)
[10:14:45.895] [INFO] [run] subject=12, session=1, speed=9, trial=1, x__rid_x=4f39e6de36258a77: dummy_return_one(x)
[10:14:45.895] [INFO] [run] subject=12, session=1, speed=9, trial=2, x__rid_x=e0ad53f92286e6cf: dummy_return_one(x)
[10:14:45.898] [INFO] [run] subject=12, session=1, speed=9, trial=3, x__rid_x=063ef624a26186a0: dummy_return_one(x)
[10:14:45.899] [INFO] [run] subject=12, session=1, speed=9, trial=4, x__rid_x=050dc48fb50c75f9: dummy_return_one(x)
[10:14:45.900] [INFO] [run] subject=12, session=1, speed=9, trial=5, x__rid_x=5c44890e7aa1dcaf: dummy_return_one(x)
[10:14:45.903] [INFO] [run] subject=12, session=1, speed=9, trial=6, x__rid_x=4e3aaf9b47d1b9eb: dummy_return_one(x)
[10:14:45.904] [INFO] [run] subject=12, session=1, speed=9, trial=7, x__rid_x=264996e17b216dd1: dummy_return_one(x)
[10:14:45.907] [INFO] [run] subject=12, session=2, speed=1, trial=1, x__rid_x=5a1a53d1cf3f93bd: dummy_return_one(x)
[10:14:45.908] [INFO] [run] subject=12, session=2, speed=1, trial=2, x__rid_x=16afcd1be02069b1: dummy_return_one(x)
[10:14:45.909] [INFO] [run] subject=12, session=2, speed=1, trial=3, x__rid_x=370739200bd508e1: dummy_return_one(x)
[10:14:45.911] [INFO] [run] subject=12, session=2, speed=1, trial=4, x__rid_x=a65001792e4d48b8: dummy_return_one(x)
[10:14:45.912] [INFO] [run] subject=12, session=2, speed=1, trial=5, x__rid_x=eed86d2efc57d702: dummy_return_one(x)
[10:14:45.912] [INFO] [run] subject=12, session=2, speed=1, trial=6, x__rid_x=8f8ff525a5273f69: dummy_return_one(x)
[10:14:45.915] [INFO] [run] subject=12, session=2, speed=1, trial=7, x__rid_x=f2f2d9d83a2217b1: dummy_return_one(x)
[10:14:45.916] [INFO] [run] subject=12, session=2, speed=10, trial=1, x__rid_x=3c133f2ceef14e43: dummy_return_one(x)
[10:14:45.917] [INFO] [run] subject=12, session=2, speed=10, trial=2, x__rid_x=d821fa9d14fa6c84: dummy_return_one(x)
[10:14:45.920] [INFO] [run] subject=12, session=2, speed=10, trial=3, x__rid_x=b9b8eb011fb7acce: dummy_return_one(x)
[10:14:45.921] [INFO] [run] subject=12, session=2, speed=10, trial=4, x__rid_x=5593798adfb6b43a: dummy_return_one(x)
[10:14:45.922] [INFO] [run] subject=12, session=2, speed=10, trial=5, x__rid_x=c23c83852b1bfe8c: dummy_return_one(x)
[10:14:45.924] [INFO] [run] subject=12, session=2, speed=10, trial=6, x__rid_x=9f64f49bce541e0d: dummy_return_one(x)
[10:14:45.925] [INFO] [run] subject=12, session=2, speed=10, trial=7, x__rid_x=1c1e725fafeee3da: dummy_return_one(x)
[10:14:45.926] [INFO] [run] subject=12, session=2, speed=2, trial=1, x__rid_x=5d703bea61beebeb: dummy_return_one(x)
[10:14:45.929] [INFO] [run] subject=12, session=2, speed=2, trial=2, x__rid_x=cef10d4c7edf9efb: dummy_return_one(x)
[10:14:45.929] [INFO] [run] subject=12, session=2, speed=2, trial=3, x__rid_x=e97443e3928bbafb: dummy_return_one(x)
[10:14:45.930] [INFO] [run] subject=12, session=2, speed=2, trial=4, x__rid_x=f6c3d93dde49317c: dummy_return_one(x)
[10:14:45.933] [INFO] [run] subject=12, session=2, speed=2, trial=5, x__rid_x=ce8fe5017af863f5: dummy_return_one(x)
[10:14:45.934] [INFO] [run] subject=12, session=2, speed=2, trial=6, x__rid_x=f015b5b97753db8f: dummy_return_one(x)
[10:14:45.934] [INFO] [run] subject=12, session=2, speed=2, trial=7, x__rid_x=d8263accdb18508d: dummy_return_one(x)
[10:14:45.937] [INFO] [run] subject=12, session=2, speed=3, trial=1, x__rid_x=901ac00b1523c449: dummy_return_one(x)
[10:14:45.938] [INFO] [run] subject=12, session=2, speed=3, trial=2, x__rid_x=cfe4040f5707598e: dummy_return_one(x)
[10:14:45.939] [INFO] [run] subject=12, session=2, speed=3, trial=3, x__rid_x=66b713d4c6c6ef44: dummy_return_one(x)
[10:14:45.942] [INFO] [run] subject=12, session=2, speed=3, trial=4, x__rid_x=d126edbf04cc1fe9: dummy_return_one(x)
[10:14:45.942] [INFO] [run] subject=12, session=2, speed=3, trial=5, x__rid_x=30d40f1bde6e0c24: dummy_return_one(x)
[10:14:45.943] [INFO] [run] subject=12, session=2, speed=3, trial=6, x__rid_x=73e98d850fd51220: dummy_return_one(x)
[10:14:45.946] [INFO] [run] subject=12, session=2, speed=3, trial=7, x__rid_x=b73879b033f1186b: dummy_return_one(x)
[10:14:45.946] [INFO] [run] subject=12, session=2, speed=4, trial=1, x__rid_x=3d266650cfd01de9: dummy_return_one(x)
[10:14:45.947] [INFO] [run] subject=12, session=2, speed=4, trial=2, x__rid_x=8f2a1e7dc054040c: dummy_return_one(x)
[10:14:45.950] [INFO] [run] subject=12, session=2, speed=4, trial=3, x__rid_x=857aa4e2299d3527: dummy_return_one(x)
[10:14:45.951] [INFO] [run] subject=12, session=2, speed=4, trial=4, x__rid_x=1aa6cbb3c81e151a: dummy_return_one(x)
[10:14:45.952] [INFO] [run] subject=12, session=2, speed=4, trial=5, x__rid_x=2fabcc2ca555ad4a: dummy_return_one(x)
[10:14:45.955] [INFO] [run] subject=12, session=2, speed=4, trial=6, x__rid_x=bd32886f90c49994: dummy_return_one(x)
[10:14:45.956] [INFO] [run] subject=12, session=2, speed=4, trial=7, x__rid_x=fed947a8d022c9e2: dummy_return_one(x)
[10:14:45.957] [INFO] [run] subject=12, session=2, speed=5, trial=1, x__rid_x=efda3c7437d3d1d7: dummy_return_one(x)
[10:14:45.960] [INFO] [run] subject=12, session=2, speed=5, trial=2, x__rid_x=7c0c0f4548b409ba: dummy_return_one(x)
[10:14:45.961] [INFO] [run] subject=12, session=2, speed=5, trial=3, x__rid_x=3a5bb2295dbc3272: dummy_return_one(x)
[10:14:45.964] [INFO] [run] subject=12, session=2, speed=5, trial=4, x__rid_x=66d60cc8d621ea1b: dummy_return_one(x)
[10:14:45.965] [INFO] [run] subject=12, session=2, speed=5, trial=5, x__rid_x=4679b031391af971: dummy_return_one(x)
[10:14:45.965] [INFO] [run] subject=12, session=2, speed=5, trial=6, x__rid_x=b3e1b0b0d88fc160: dummy_return_one(x)
[10:14:45.968] [INFO] [run] subject=12, session=2, speed=5, trial=7, x__rid_x=2f46c22555621bf1: dummy_return_one(x)
[10:14:45.969] [INFO] [run] subject=12, session=2, speed=6, trial=1, x__rid_x=d5f3abdc2204bc21: dummy_return_one(x)
[10:14:45.970] [INFO] [run] subject=12, session=2, speed=6, trial=2, x__rid_x=1f96940a85af3b56: dummy_return_one(x)
[10:14:45.973] [INFO] [run] subject=12, session=2, speed=6, trial=3, x__rid_x=15216e940aea9d49: dummy_return_one(x)
[10:14:45.973] [INFO] [run] subject=12, session=2, speed=6, trial=4, x__rid_x=2e9324a3ebdd3f32: dummy_return_one(x)
[10:14:45.974] [INFO] [run] subject=12, session=2, speed=6, trial=5, x__rid_x=003abb9634f3bbe9: dummy_return_one(x)
[10:14:45.977] [INFO] [run] subject=12, session=2, speed=6, trial=6, x__rid_x=742abbe4fdac11e5: dummy_return_one(x)
[10:14:45.978] [INFO] [run] subject=12, session=2, speed=6, trial=7, x__rid_x=039368361f924766: dummy_return_one(x)
[10:14:45.978] [INFO] [run] subject=12, session=2, speed=7, trial=1, x__rid_x=bb23e5865dbf8e8e: dummy_return_one(x)
[10:14:45.981] [INFO] [run] subject=12, session=2, speed=7, trial=2, x__rid_x=a77c2e9e14e24d50: dummy_return_one(x)
[10:14:45.982] [INFO] [run] subject=12, session=2, speed=7, trial=3, x__rid_x=eb4aff37491c5f19: dummy_return_one(x)
[10:14:45.983] [INFO] [run] subject=12, session=2, speed=7, trial=4, x__rid_x=5ac6ddbe83b6303f: dummy_return_one(x)
[10:14:45.986] [INFO] [run] subject=12, session=2, speed=7, trial=5, x__rid_x=8c1adc1e274472d4: dummy_return_one(x)
[10:14:45.987] [INFO] [run] subject=12, session=2, speed=7, trial=6, x__rid_x=540ca9e743471a24: dummy_return_one(x)
[10:14:45.990] [INFO] [run] subject=12, session=2, speed=7, trial=7, x__rid_x=fb0e8590fdaa782b: dummy_return_one(x)
[10:14:45.991] [INFO] [run] subject=12, session=2, speed=8, trial=1, x__rid_x=ab4811150e3f5cee: dummy_return_one(x)
[10:14:45.991] [INFO] [run] subject=12, session=2, speed=8, trial=2, x__rid_x=763cc0156931d119: dummy_return_one(x)
[10:14:45.994] [INFO] [run] subject=12, session=2, speed=8, trial=3, x__rid_x=a74c82288658f48b: dummy_return_one(x)
[10:14:45.995] [INFO] [run] subject=12, session=2, speed=8, trial=4, x__rid_x=e7af6be1339e3b60: dummy_return_one(x)
[10:14:45.996] [INFO] [run] subject=12, session=2, speed=8, trial=5, x__rid_x=9e455eee03f11975: dummy_return_one(x)
[10:14:45.999] [INFO] [run] subject=12, session=2, speed=8, trial=6, x__rid_x=046339172f4fbb20: dummy_return_one(x)
[10:14:46.000] [INFO] [run] subject=12, session=2, speed=8, trial=7, x__rid_x=c1ba759a85aa51a1: dummy_return_one(x)
[10:14:46.000] [INFO] [run] subject=12, session=2, speed=9, trial=1, x__rid_x=2005414569fa8762: dummy_return_one(x)
[10:14:46.003] [INFO] [run] subject=12, session=2, speed=9, trial=2, x__rid_x=19f029e04698d17e: dummy_return_one(x)
[10:14:46.004] [INFO] [run] subject=12, session=2, speed=9, trial=3, x__rid_x=9711c8fa07ac09b9: dummy_return_one(x)
[10:14:46.005] [INFO] [run] subject=12, session=2, speed=9, trial=4, x__rid_x=6ad24c2d0e38ab74: dummy_return_one(x)
[10:14:46.008] [INFO] [run] subject=12, session=2, speed=9, trial=5, x__rid_x=4b9984becd2871fe: dummy_return_one(x)
[10:14:46.009] [INFO] [run] subject=12, session=2, speed=9, trial=6, x__rid_x=230bd84fb817d031: dummy_return_one(x)
[10:14:46.009] [INFO] [run] subject=12, session=2, speed=9, trial=7, x__rid_x=ddebc59f74f85ab0: dummy_return_one(x)
[10:14:46.012] [INFO] [run] subject=12, session=3, speed=1, trial=1, x__rid_x=6f02765b3f48d60f: dummy_return_one(x)
[10:14:46.013] [INFO] [run] subject=12, session=3, speed=1, trial=2, x__rid_x=b2a6f26c099da3a4: dummy_return_one(x)
[10:14:46.013] [INFO] [run] subject=12, session=3, speed=1, trial=3, x__rid_x=169a8f8f5a315243: dummy_return_one(x)
[10:14:46.016] [INFO] [run] subject=12, session=3, speed=1, trial=4, x__rid_x=e0025fd1fc12f06c: dummy_return_one(x)
[10:14:46.017] [INFO] [run] subject=12, session=3, speed=1, trial=5, x__rid_x=2ea3d399a6378d09: dummy_return_one(x)
[10:14:46.018] [INFO] [run] subject=12, session=3, speed=1, trial=6, x__rid_x=eb5d6b1c08b93b0f: dummy_return_one(x)
[10:14:46.021] [INFO] [run] subject=12, session=3, speed=1, trial=7, x__rid_x=2d68ca2ca2303402: dummy_return_one(x)
[10:14:46.022] [INFO] [run] subject=12, session=3, speed=10, trial=1, x__rid_x=82fa8f0581dd63c2: dummy_return_one(x)
[10:14:46.025] [INFO] [run] subject=12, session=3, speed=10, trial=2, x__rid_x=4c1175e011eb1d58: dummy_return_one(x)
[10:14:46.027] [INFO] [run] subject=12, session=3, speed=10, trial=3, x__rid_x=ed6d52a82b5477eb: dummy_return_one(x)
[10:14:46.027] [INFO] [run] subject=12, session=3, speed=10, trial=4, x__rid_x=4262a05a3969393e: dummy_return_one(x)
[10:14:46.030] [INFO] [run] subject=12, session=3, speed=10, trial=5, x__rid_x=81bb7f074e92e121: dummy_return_one(x)
[10:14:46.031] [INFO] [run] subject=12, session=3, speed=10, trial=6, x__rid_x=a6faed0ff9496754: dummy_return_one(x)
[10:14:46.031] [INFO] [run] subject=12, session=3, speed=10, trial=7, x__rid_x=e4d6fc2712d9dc5e: dummy_return_one(x)
[10:14:46.035] [INFO] [run] subject=12, session=3, speed=2, trial=1, x__rid_x=0a98f92cdd3fa283: dummy_return_one(x)
[10:14:46.036] [INFO] [run] subject=12, session=3, speed=2, trial=2, x__rid_x=719c75524ad35b54: dummy_return_one(x)
[10:14:46.039] [INFO] [run] subject=12, session=3, speed=2, trial=3, x__rid_x=22667cceca7656b0: dummy_return_one(x)
[10:14:46.040] [INFO] [run] subject=12, session=3, speed=2, trial=4, x__rid_x=3f62fcd791926fee: dummy_return_one(x)
[10:14:46.044] [INFO] [run] subject=12, session=3, speed=2, trial=5, x__rid_x=93836bef5e25d863: dummy_return_one(x)
[10:14:46.044] [INFO] [run] subject=12, session=3, speed=2, trial=6, x__rid_x=52912c5b9c4451bd: dummy_return_one(x)
[10:14:46.045] [INFO] [run] subject=12, session=3, speed=2, trial=7, x__rid_x=268049031c535753: dummy_return_one(x)
[10:14:46.048] [INFO] [run] subject=12, session=3, speed=3, trial=1, x__rid_x=2dcf7af9249ec373: dummy_return_one(x)
[10:14:46.049] [INFO] [run] subject=12, session=3, speed=3, trial=2, x__rid_x=c20920ce7fa1e1e4: dummy_return_one(x)
[10:14:46.049] [INFO] [run] subject=12, session=3, speed=3, trial=3, x__rid_x=c25c46ff38682257: dummy_return_one(x)
[10:14:46.053] [INFO] [run] subject=12, session=3, speed=3, trial=4, x__rid_x=0d11f77aefe0dcdb: dummy_return_one(x)
[10:14:46.054] [INFO] [run] subject=12, session=3, speed=3, trial=5, x__rid_x=5366dbadb5471b9a: dummy_return_one(x)
[10:14:46.057] [INFO] [run] subject=12, session=3, speed=3, trial=6, x__rid_x=1788abaddca08c5f: dummy_return_one(x)
[10:14:46.058] [INFO] [run] subject=12, session=3, speed=3, trial=7, x__rid_x=5808e6f371c65974: dummy_return_one(x)
[10:14:46.059] [INFO] [run] subject=12, session=3, speed=4, trial=1, x__rid_x=018bda738ce8a183: dummy_return_one(x)
[10:14:46.062] [INFO] [run] subject=12, session=3, speed=4, trial=2, x__rid_x=6ec1859d3da29b65: dummy_return_one(x)
[10:14:46.062] [INFO] [run] subject=12, session=3, speed=4, trial=3, x__rid_x=8f7682f69b6a77e0: dummy_return_one(x)
[10:14:46.063] [INFO] [run] subject=12, session=3, speed=4, trial=4, x__rid_x=4fb0e209903d9547: dummy_return_one(x)
[10:14:46.066] [INFO] [run] subject=12, session=3, speed=4, trial=5, x__rid_x=1268b7806ba70417: dummy_return_one(x)
[10:14:46.067] [INFO] [run] subject=12, session=3, speed=4, trial=6, x__rid_x=d0d2061e3577eb5d: dummy_return_one(x)
[10:14:46.067] [INFO] [run] subject=12, session=3, speed=4, trial=7, x__rid_x=bb8e509c42bee7a7: dummy_return_one(x)
[10:14:46.071] [INFO] [run] subject=12, session=3, speed=5, trial=1, x__rid_x=6962805a5c516994: dummy_return_one(x)
[10:14:46.072] [INFO] [run] subject=12, session=3, speed=5, trial=2, x__rid_x=2d1d1c60277f3308: dummy_return_one(x)
[10:14:46.079] [INFO] [run] subject=12, session=3, speed=5, trial=3, x__rid_x=d47ebb55e8cf43fa: dummy_return_one(x)
[10:14:46.080] [INFO] [run] subject=12, session=3, speed=5, trial=4, x__rid_x=9ca3101a93b30841: dummy_return_one(x)
[10:14:46.083] [INFO] [run] subject=12, session=3, speed=5, trial=5, x__rid_x=3cc2e0d9940afa06: dummy_return_one(x)
[10:14:46.084] [INFO] [run] subject=12, session=3, speed=5, trial=6, x__rid_x=6fde8e1f2f2e5d68: dummy_return_one(x)
[10:14:46.084] [INFO] [run] subject=12, session=3, speed=5, trial=7, x__rid_x=8d07a4d17eac47e9: dummy_return_one(x)
[10:14:46.088] [INFO] [run] subject=12, session=3, speed=6, trial=1, x__rid_x=e2d38241553c5cab: dummy_return_one(x)
[10:14:46.089] [INFO] [run] subject=12, session=3, speed=6, trial=2, x__rid_x=f92a46334024b09a: dummy_return_one(x)
[10:14:46.092] [INFO] [run] subject=12, session=3, speed=6, trial=3, x__rid_x=fd98c3d02c2d9cd9: dummy_return_one(x)
[10:14:46.093] [INFO] [run] subject=12, session=3, speed=6, trial=4, x__rid_x=eac11c655a6644ee: dummy_return_one(x)
[10:14:46.094] [INFO] [run] subject=12, session=3, speed=6, trial=5, x__rid_x=69436686a54a2bad: dummy_return_one(x)
[10:14:46.097] [INFO] [run] subject=12, session=3, speed=6, trial=6, x__rid_x=e94b3fdf26995c87: dummy_return_one(x)
[10:14:46.097] [INFO] [run] subject=12, session=3, speed=6, trial=7, x__rid_x=ed86792493f6d83c: dummy_return_one(x)
[10:14:46.098] [INFO] [run] subject=12, session=3, speed=7, trial=1, x__rid_x=08bd4204eced70bc: dummy_return_one(x)
[10:14:46.101] [INFO] [run] subject=12, session=3, speed=7, trial=2, x__rid_x=77f80b09c49f0644: dummy_return_one(x)
[10:14:46.103] [INFO] [run] subject=12, session=3, speed=7, trial=3, x__rid_x=370fd6fb494fffc8: dummy_return_one(x)
[10:14:46.106] [INFO] [run] subject=12, session=3, speed=7, trial=4, x__rid_x=c6672818ae56bd63: dummy_return_one(x)
[10:14:46.107] [INFO] [run] subject=12, session=3, speed=7, trial=5, x__rid_x=ee31d5feea90b1d1: dummy_return_one(x)
[10:14:46.110] [INFO] [run] subject=12, session=3, speed=7, trial=6, x__rid_x=77ece1af04ff8c40: dummy_return_one(x)
[10:14:46.111] [INFO] [run] subject=12, session=3, speed=7, trial=7, x__rid_x=656e64618f56124e: dummy_return_one(x)
[10:14:46.112] [INFO] [run] subject=12, session=3, speed=8, trial=1, x__rid_x=7417ba930e23f6fe: dummy_return_one(x)
[10:14:46.115] [INFO] [run] subject=12, session=3, speed=8, trial=2, x__rid_x=87783965e9d85b0a: dummy_return_one(x)
[10:14:46.116] [INFO] [run] subject=12, session=3, speed=8, trial=3, x__rid_x=fcfe5d124fa929f1: dummy_return_one(x)
[10:14:46.116] [INFO] [run] subject=12, session=3, speed=8, trial=4, x__rid_x=5514b1429149b3ae: dummy_return_one(x)
[10:14:46.119] [INFO] [run] subject=12, session=3, speed=8, trial=5, x__rid_x=0aeae89054119f86: dummy_return_one(x)
[10:14:46.121] [INFO] [run] subject=12, session=3, speed=8, trial=6, x__rid_x=242bb5b836fd5a6a: dummy_return_one(x)
[10:14:46.124] [INFO] [run] subject=12, session=3, speed=8, trial=7, x__rid_x=3e01e6539e693c17: dummy_return_one(x)
[10:14:46.125] [INFO] [run] subject=12, session=3, speed=9, trial=1, x__rid_x=4563b6e9f8eaa5c0: dummy_return_one(x)
[10:14:46.126] [INFO] [run] subject=12, session=3, speed=9, trial=2, x__rid_x=cc767886d5b9f282: dummy_return_one(x)
[10:14:46.128] [INFO] [run] subject=12, session=3, speed=9, trial=3, x__rid_x=a6b57020957712b7: dummy_return_one(x)
[10:14:46.129] [INFO] [run] subject=12, session=3, speed=9, trial=4, x__rid_x=dfd0f5131f6c5ba5: dummy_return_one(x)
[10:14:46.130] [INFO] [run] subject=12, session=3, speed=9, trial=5, x__rid_x=da7f9f4aa3555701: dummy_return_one(x)
[10:14:46.133] [INFO] [run] subject=12, session=3, speed=9, trial=6, x__rid_x=86e61efd2f2dc023: dummy_return_one(x)
[10:14:46.133] [INFO] [run] subject=12, session=3, speed=9, trial=7, x__rid_x=5d4acb0d44f2b49a: dummy_return_one(x)
[10:14:46.134] [INFO] [run] subject=12, session=4, speed=1, trial=1, x__rid_x=056e4a80b571a4b7: dummy_return_one(x)
[10:14:46.137] [INFO] [run] subject=12, session=4, speed=1, trial=2, x__rid_x=b02604abac5baa9a: dummy_return_one(x)
[10:14:46.139] [INFO] [run] subject=12, session=4, speed=1, trial=3, x__rid_x=f46435f7bb61eee2: dummy_return_one(x)
[10:14:46.142] [INFO] [run] subject=12, session=4, speed=1, trial=4, x__rid_x=b7b1b23a76d2573b: dummy_return_one(x)
[10:14:46.143] [INFO] [run] subject=12, session=4, speed=1, trial=5, x__rid_x=388a95a514c664bd: dummy_return_one(x)
[10:14:46.144] [INFO] [run] subject=12, session=4, speed=1, trial=6, x__rid_x=aee3c3493fe7cfce: dummy_return_one(x)
[10:14:46.146] [INFO] [run] subject=12, session=4, speed=1, trial=7, x__rid_x=ed44c20e5233d225: dummy_return_one(x)
[10:14:46.147] [INFO] [run] subject=12, session=4, speed=10, trial=1, x__rid_x=7f36903422db0126: dummy_return_one(x)
[10:14:46.148] [INFO] [run] subject=12, session=4, speed=10, trial=2, x__rid_x=b09eca9dcd44c910: dummy_return_one(x)
[10:14:46.151] [INFO] [run] subject=12, session=4, speed=10, trial=3, x__rid_x=87a979d3cfda1014: dummy_return_one(x)
[10:14:46.152] [INFO] [run] subject=12, session=4, speed=10, trial=4, x__rid_x=821050bea9024018: dummy_return_one(x)
[10:14:46.156] [INFO] [run] subject=12, session=4, speed=10, trial=5, x__rid_x=163b77a17278be48: dummy_return_one(x)
[10:14:46.157] [INFO] [run] subject=12, session=4, speed=10, trial=6, x__rid_x=a02c9845c4be76bb: dummy_return_one(x)
[10:14:46.160] [INFO] [run] subject=12, session=4, speed=10, trial=7, x__rid_x=00e45dbed36e46c1: dummy_return_one(x)
[10:14:46.161] [INFO] [run] subject=12, session=4, speed=2, trial=1, x__rid_x=f0c3ed9078f08bef: dummy_return_one(x)
[10:14:46.162] [INFO] [run] subject=12, session=4, speed=2, trial=2, x__rid_x=effc851b2e6bee61: dummy_return_one(x)
[10:14:46.165] [INFO] [run] subject=12, session=4, speed=2, trial=3, x__rid_x=8b01bd999bc3355e: dummy_return_one(x)
[10:14:46.165] [INFO] [run] subject=12, session=4, speed=2, trial=4, x__rid_x=f78aaabd83828a02: dummy_return_one(x)
[10:14:46.166] [INFO] [run] subject=12, session=4, speed=2, trial=5, x__rid_x=e95c40f0a6d0c7ef: dummy_return_one(x)
[10:14:46.169] [INFO] [run] subject=12, session=4, speed=2, trial=6, x__rid_x=c01874a4154b4725: dummy_return_one(x)
[10:14:46.170] [INFO] [run] subject=12, session=4, speed=2, trial=7, x__rid_x=dee062fd412422a4: dummy_return_one(x)
[10:14:46.171] [INFO] [run] subject=12, session=4, speed=3, trial=1, x__rid_x=f7424ed890fc86dc: dummy_return_one(x)
[10:14:46.174] [INFO] [run] subject=12, session=4, speed=3, trial=2, x__rid_x=f8ced55186e76224: dummy_return_one(x)
[10:14:46.175] [INFO] [run] subject=12, session=4, speed=3, trial=3, x__rid_x=34209784097ccf92: dummy_return_one(x)
[10:14:46.176] [INFO] [run] subject=12, session=4, speed=3, trial=4, x__rid_x=a4c27b0e5f84e3c9: dummy_return_one(x)
[10:14:46.179] [INFO] [run] subject=12, session=4, speed=3, trial=5, x__rid_x=a54a72f09d382a4c: dummy_return_one(x)
[10:14:46.179] [INFO] [run] subject=12, session=4, speed=3, trial=6, x__rid_x=1846cded2f6af9e7: dummy_return_one(x)
[10:14:46.180] [INFO] [run] subject=12, session=4, speed=3, trial=7, x__rid_x=a62b5b8d71029f98: dummy_return_one(x)
[10:14:46.183] [INFO] [run] subject=12, session=4, speed=4, trial=1, x__rid_x=a24f63777ac68f32: dummy_return_one(x)
[10:14:46.184] [INFO] [run] subject=12, session=4, speed=4, trial=2, x__rid_x=8c6bade000c9c917: dummy_return_one(x)
[10:14:46.185] [INFO] [run] subject=12, session=4, speed=4, trial=3, x__rid_x=341cb0c3ec7902ce: dummy_return_one(x)
[10:14:46.188] [INFO] [run] subject=12, session=4, speed=4, trial=4, x__rid_x=2a8489a61b2d9425: dummy_return_one(x)
[10:14:46.189] [INFO] [run] subject=12, session=4, speed=4, trial=5, x__rid_x=7017a305732c9854: dummy_return_one(x)
[10:14:46.192] [INFO] [run] subject=12, session=4, speed=4, trial=6, x__rid_x=3cf37c23aac4c80b: dummy_return_one(x)
[10:14:46.193] [INFO] [run] subject=12, session=4, speed=4, trial=7, x__rid_x=b9bcce8355bcf4a8: dummy_return_one(x)
[10:14:46.194] [INFO] [run] subject=12, session=4, speed=5, trial=1, x__rid_x=e1e997e62a79a7fd: dummy_return_one(x)
[10:14:46.197] [INFO] [run] subject=12, session=4, speed=5, trial=2, x__rid_x=9862cf18f5b7161b: dummy_return_one(x)
[10:14:46.197] [INFO] [run] subject=12, session=4, speed=5, trial=3, x__rid_x=eef6ab195c73aac7: dummy_return_one(x)
[10:14:46.198] [INFO] [run] subject=12, session=4, speed=5, trial=4, x__rid_x=7cebda8834d5b076: dummy_return_one(x)
[10:14:46.202] [INFO] [run] subject=12, session=4, speed=5, trial=5, x__rid_x=9bdfc1b68eb22431: dummy_return_one(x)
[10:14:46.203] [INFO] [run] subject=12, session=4, speed=5, trial=6, x__rid_x=a580d44348b2a999: dummy_return_one(x)
[10:14:46.207] [INFO] [run] subject=12, session=4, speed=5, trial=7, x__rid_x=821c7039778f1893: dummy_return_one(x)
[10:14:46.212] [INFO] [run] subject=12, session=4, speed=6, trial=1, x__rid_x=14b8fd69a9eae69d: dummy_return_one(x)
[10:14:46.215] [INFO] [run] subject=12, session=4, speed=6, trial=2, x__rid_x=5830ed90b94d7029: dummy_return_one(x)
[10:14:46.219] [INFO] [run] subject=12, session=4, speed=6, trial=3, x__rid_x=6e8defc3c1e6e759: dummy_return_one(x)
[10:14:46.221] [INFO] [run] subject=12, session=4, speed=6, trial=4, x__rid_x=bf090b64621bab6f: dummy_return_one(x)
[10:14:46.225] [INFO] [run] subject=12, session=4, speed=6, trial=5, x__rid_x=92f605cee1d5e906: dummy_return_one(x)
[10:14:46.229] [INFO] [run] subject=12, session=4, speed=6, trial=6, x__rid_x=d0bf6fe6a08a758c: dummy_return_one(x)
[10:14:46.234] [INFO] [run] subject=12, session=4, speed=6, trial=7, x__rid_x=0e2bf6c916dcce2a: dummy_return_one(x)
[10:14:46.236] [INFO] [run] subject=12, session=4, speed=7, trial=1, x__rid_x=336d5adabdb41d7c: dummy_return_one(x)
[10:14:46.239] [INFO] [run] subject=12, session=4, speed=7, trial=2, x__rid_x=99b1e5190458d838: dummy_return_one(x)
[10:14:46.240] [INFO] [run] subject=12, session=4, speed=7, trial=3, x__rid_x=8c65de134a6b17a4: dummy_return_one(x)
[10:14:46.241] [INFO] [run] subject=12, session=4, speed=7, trial=4, x__rid_x=3977e804f281ffc0: dummy_return_one(x)
[10:14:46.243] [INFO] [run] subject=12, session=4, speed=7, trial=5, x__rid_x=28ff389a19641df8: dummy_return_one(x)
[10:14:46.244] [INFO] [run] subject=12, session=4, speed=7, trial=6, x__rid_x=e22505c20e6c2221: dummy_return_one(x)
[10:14:46.245] [INFO] [run] subject=12, session=4, speed=7, trial=7, x__rid_x=4968fa473a49c059: dummy_return_one(x)
[10:14:46.248] [INFO] [run] subject=12, session=4, speed=8, trial=1, x__rid_x=a7c785ede50a7a1c: dummy_return_one(x)
[10:14:46.250] [INFO] [run] subject=12, session=4, speed=8, trial=2, x__rid_x=4add8405bea669a2: dummy_return_one(x)
[10:14:46.253] [INFO] [run] subject=12, session=4, speed=8, trial=3, x__rid_x=3fc4d9902c853b38: dummy_return_one(x)
[10:14:46.254] [INFO] [run] subject=12, session=4, speed=8, trial=4, x__rid_x=aa9c10d0e6565208: dummy_return_one(x)
[10:14:46.258] [INFO] [run] subject=12, session=4, speed=8, trial=5, x__rid_x=610608bad542528f: dummy_return_one(x)
[10:14:46.259] [INFO] [run] subject=12, session=4, speed=8, trial=6, x__rid_x=2bfcb610f21412c0: dummy_return_one(x)
[10:14:46.260] [INFO] [run] subject=12, session=4, speed=8, trial=7, x__rid_x=02e07f9096b363ce: dummy_return_one(x)
[10:14:46.262] [INFO] [run] subject=12, session=4, speed=9, trial=1, x__rid_x=4588d216bcbfe15d: dummy_return_one(x)
[10:14:46.263] [INFO] [run] subject=12, session=4, speed=9, trial=2, x__rid_x=3993ce6a7b27542c: dummy_return_one(x)
[10:14:46.264] [INFO] [run] subject=12, session=4, speed=9, trial=3, x__rid_x=cfefadc495f85ca9: dummy_return_one(x)
[10:14:46.267] [INFO] [run] subject=12, session=4, speed=9, trial=4, x__rid_x=c51a1bcaaafe9037: dummy_return_one(x)
[10:14:46.268] [INFO] [run] subject=12, session=4, speed=9, trial=5, x__rid_x=25f8d3d5b6c139e8: dummy_return_one(x)
[10:14:46.272] [INFO] [run] subject=12, session=4, speed=9, trial=6, x__rid_x=6b9ef75c05718bde: dummy_return_one(x)
[10:14:46.273] [INFO] [run] subject=12, session=4, speed=9, trial=7, x__rid_x=317a35e76c2d37d8: dummy_return_one(x)
[10:14:46.273] [INFO] [run] subject=12, session=5, speed=1, trial=1, x__rid_x=14c3925bd8e072f7: dummy_return_one(x)
[10:14:46.276] [INFO] [run] subject=12, session=5, speed=1, trial=2, x__rid_x=eaa78f44a0f34fc8: dummy_return_one(x)
[10:14:46.277] [INFO] [run] subject=12, session=5, speed=1, trial=3, x__rid_x=f74b0fc84127e3d3: dummy_return_one(x)
[10:14:46.277] [INFO] [run] subject=12, session=5, speed=1, trial=4, x__rid_x=0214a9ba7821165d: dummy_return_one(x)
[10:14:46.281] [INFO] [run] subject=12, session=5, speed=1, trial=5, x__rid_x=805f3bda0c160bd5: dummy_return_one(x)
[10:14:46.282] [INFO] [run] subject=12, session=5, speed=1, trial=6, x__rid_x=a515755e2cc9229f: dummy_return_one(x)
[10:14:46.282] [INFO] [run] subject=12, session=5, speed=1, trial=7, x__rid_x=19f785af8695212d: dummy_return_one(x)
[10:14:46.286] [INFO] [run] subject=12, session=5, speed=10, trial=1, x__rid_x=d6ae00be146467e2: dummy_return_one(x)
[10:14:46.287] [INFO] [run] subject=12, session=5, speed=10, trial=2, x__rid_x=27bcd9c83967387a: dummy_return_one(x)
[10:14:46.290] [INFO] [run] subject=12, session=5, speed=10, trial=3, x__rid_x=ab558be8ab85c7e3: dummy_return_one(x)
[10:14:46.291] [INFO] [run] subject=12, session=5, speed=10, trial=4, x__rid_x=5c383eb9bf7b687c: dummy_return_one(x)
[10:14:46.295] [INFO] [run] subject=12, session=5, speed=10, trial=5, x__rid_x=e23e7a5544408cc1: dummy_return_one(x)
[10:14:46.296] [INFO] [run] subject=12, session=5, speed=10, trial=6, x__rid_x=ffbcd378fd42faf4: dummy_return_one(x)
[10:14:46.297] [INFO] [run] subject=12, session=5, speed=10, trial=7, x__rid_x=0e30e9cdf5d69481: dummy_return_one(x)
[10:14:46.299] [INFO] [run] subject=12, session=5, speed=2, trial=1, x__rid_x=56185595d5bef84c: dummy_return_one(x)
[10:14:46.300] [INFO] [run] subject=12, session=5, speed=2, trial=2, x__rid_x=ae03c7823628f8b1: dummy_return_one(x)
[10:14:46.304] [INFO] [run] subject=12, session=5, speed=2, trial=3, x__rid_x=4209f279ef2f1ba4: dummy_return_one(x)
[10:14:46.306] [INFO] [run] subject=12, session=5, speed=2, trial=4, x__rid_x=e6b441cb5cecfe13: dummy_return_one(x)
[10:14:46.309] [INFO] [run] subject=12, session=5, speed=2, trial=5, x__rid_x=c170f4f83c6025e3: dummy_return_one(x)
[10:14:46.310] [INFO] [run] subject=12, session=5, speed=2, trial=6, x__rid_x=22fceef509839351: dummy_return_one(x)
[10:14:46.313] [INFO] [run] subject=12, session=5, speed=2, trial=7, x__rid_x=55c3d28533e07901: dummy_return_one(x)
[10:14:46.314] [INFO] [run] subject=12, session=5, speed=3, trial=1, x__rid_x=e0d884510bf21d3b: dummy_return_one(x)
[10:14:46.315] [INFO] [run] subject=12, session=5, speed=3, trial=2, x__rid_x=85082b976ae6f871: dummy_return_one(x)
[10:14:46.318] [INFO] [run] subject=12, session=5, speed=3, trial=3, x__rid_x=1ab218741e03db50: dummy_return_one(x)
[10:14:46.319] [INFO] [run] subject=12, session=5, speed=3, trial=4, x__rid_x=125b3db39f3249a4: dummy_return_one(x)
[10:14:46.323] [INFO] [run] subject=12, session=5, speed=3, trial=5, x__rid_x=c61e08f6f0042b8d: dummy_return_one(x)
[10:14:46.324] [INFO] [run] subject=12, session=5, speed=3, trial=6, x__rid_x=3766652f3370dd35: dummy_return_one(x)
[10:14:46.327] [INFO] [run] subject=12, session=5, speed=3, trial=7, x__rid_x=3ccaf02bf7d01e85: dummy_return_one(x)
[10:14:46.328] [INFO] [run] subject=12, session=5, speed=4, trial=1, x__rid_x=494f0e82b2db3671: dummy_return_one(x)
[10:14:46.329] [INFO] [run] subject=12, session=5, speed=4, trial=2, x__rid_x=14d63ca114fa1ad1: dummy_return_one(x)
[10:14:46.332] [INFO] [run] subject=12, session=5, speed=4, trial=3, x__rid_x=255cd96564c2ea70: dummy_return_one(x)
[10:14:46.333] [INFO] [run] subject=12, session=5, speed=4, trial=4, x__rid_x=4b674c2e38239036: dummy_return_one(x)
[10:14:46.333] [INFO] [run] subject=12, session=5, speed=4, trial=5, x__rid_x=d31033ca220b0b3d: dummy_return_one(x)
[10:14:46.337] [INFO] [run] subject=12, session=5, speed=4, trial=6, x__rid_x=4c9ccc7a52c8b7b0: dummy_return_one(x)
[10:14:46.338] [INFO] [run] subject=12, session=5, speed=4, trial=7, x__rid_x=3f1f8789ab60b0de: dummy_return_one(x)
[10:14:46.341] [INFO] [run] subject=12, session=5, speed=5, trial=1, x__rid_x=f16ada26bf6c1923: dummy_return_one(x)
[10:14:46.342] [INFO] [run] subject=12, session=5, speed=5, trial=2, x__rid_x=c2bd15d72131e2ca: dummy_return_one(x)
[10:14:46.343] [INFO] [run] subject=12, session=5, speed=5, trial=3, x__rid_x=c7cce7aba44c05a4: dummy_return_one(x)
[10:14:46.346] [INFO] [run] subject=12, session=5, speed=5, trial=4, x__rid_x=1428641eb732a1b4: dummy_return_one(x)
[10:14:46.347] [INFO] [run] subject=12, session=5, speed=5, trial=5, x__rid_x=f260c5fb25cbdba7: dummy_return_one(x)
[10:14:46.347] [INFO] [run] subject=12, session=5, speed=5, trial=6, x__rid_x=a29d828241a81bcd: dummy_return_one(x)
[10:14:46.351] [INFO] [run] subject=12, session=5, speed=5, trial=7, x__rid_x=c86b4e72bfb40628: dummy_return_one(x)
[10:14:46.351] [INFO] [run] subject=12, session=5, speed=6, trial=1, x__rid_x=0ce358901d8f5ed8: dummy_return_one(x)
[10:14:46.356] [INFO] [run] subject=12, session=5, speed=6, trial=2, x__rid_x=d0196191486cad6d: dummy_return_one(x)
[10:14:46.357] [INFO] [run] subject=12, session=5, speed=6, trial=3, x__rid_x=406fb59d098b690b: dummy_return_one(x)
[10:14:46.360] [INFO] [run] subject=12, session=5, speed=6, trial=4, x__rid_x=4540cdd33da51189: dummy_return_one(x)
[10:14:46.361] [INFO] [run] subject=12, session=5, speed=6, trial=5, x__rid_x=2520678bd438f222: dummy_return_one(x)
[10:14:46.362] [INFO] [run] subject=12, session=5, speed=6, trial=6, x__rid_x=1230ab619046208a: dummy_return_one(x)
[10:14:46.365] [INFO] [run] subject=12, session=5, speed=6, trial=7, x__rid_x=c77126f3205b449c: dummy_return_one(x)
[10:14:46.366] [INFO] [run] subject=12, session=5, speed=7, trial=1, x__rid_x=4f892f5b4c1cc441: dummy_return_one(x)
[10:14:46.366] [INFO] [run] subject=12, session=5, speed=7, trial=2, x__rid_x=23c05e26d1d8fb35: dummy_return_one(x)
[10:14:46.369] [INFO] [run] subject=12, session=5, speed=7, trial=3, x__rid_x=202ee9ba475fa87f: dummy_return_one(x)
[10:14:46.371] [INFO] [run] subject=12, session=5, speed=7, trial=4, x__rid_x=e40fac2e620cc6d4: dummy_return_one(x)
[10:14:46.371] [INFO] [run] subject=12, session=5, speed=7, trial=5, x__rid_x=aafcf99b0fbda70c: dummy_return_one(x)
[10:14:46.374] [INFO] [run] subject=12, session=5, speed=7, trial=6, x__rid_x=2fb09c4cb1279021: dummy_return_one(x)
[10:14:46.375] [INFO] [run] subject=12, session=5, speed=7, trial=7, x__rid_x=6eb32f732200af6d: dummy_return_one(x)
[10:14:46.376] [INFO] [run] subject=12, session=5, speed=8, trial=1, x__rid_x=6579a4c9b943a299: dummy_return_one(x)
[10:14:46.379] [INFO] [run] subject=12, session=5, speed=8, trial=2, x__rid_x=12056aff1e5e64f1: dummy_return_one(x)
[10:14:46.380] [INFO] [run] subject=12, session=5, speed=8, trial=3, x__rid_x=f96250bf68318b94: dummy_return_one(x)
[10:14:46.380] [INFO] [run] subject=12, session=5, speed=8, trial=4, x__rid_x=5877b66e54dd299b: dummy_return_one(x)
[10:14:46.384] [INFO] [run] subject=12, session=5, speed=8, trial=5, x__rid_x=8e4afb9f6a814c05: dummy_return_one(x)
[10:14:46.384] [INFO] [run] subject=12, session=5, speed=8, trial=6, x__rid_x=08ca5f3595065117: dummy_return_one(x)
[10:14:46.385] [INFO] [run] subject=12, session=5, speed=8, trial=7, x__rid_x=a0f08b2b280ff505: dummy_return_one(x)
[10:14:46.389] [INFO] [run] subject=12, session=5, speed=9, trial=1, x__rid_x=7a98911bee02b0f6: dummy_return_one(x)
[10:14:46.390] [INFO] [run] subject=12, session=5, speed=9, trial=2, x__rid_x=d81f8936d38bde00: dummy_return_one(x)
[10:14:46.393] [INFO] [run] subject=12, session=5, speed=9, trial=3, x__rid_x=1c188d0fd4fa55a3: dummy_return_one(x)
[10:14:46.394] [INFO] [run] subject=12, session=5, speed=9, trial=4, x__rid_x=fb1462f6e3cc3697: dummy_return_one(x)
[10:14:46.395] [INFO] [run] subject=12, session=5, speed=9, trial=5, x__rid_x=2c3c391a14d0c605: dummy_return_one(x)
[10:14:46.398] [INFO] [run] subject=12, session=5, speed=9, trial=6, x__rid_x=adeef3e59ad8137a: dummy_return_one(x)
[10:14:46.399] [INFO] [run] subject=12, session=5, speed=9, trial=7, x__rid_x=ca25c751673a2008: dummy_return_one(x)
[10:14:46.399] [INFO] [run] subject=13, session=1, speed=1, trial=1, x__rid_x=f53336cf5dc017a1: dummy_return_one(x)
[10:14:46.403] [INFO] [run] subject=13, session=1, speed=1, trial=2, x__rid_x=e4d207d5c40b6d3c: dummy_return_one(x)
[10:14:46.404] [INFO] [run] subject=13, session=1, speed=1, trial=3, x__rid_x=fc29406545d59846: dummy_return_one(x)
[10:14:46.407] [INFO] [run] subject=13, session=1, speed=1, trial=4, x__rid_x=4db27bd7c252b322: dummy_return_one(x)
[10:14:46.408] [INFO] [run] subject=13, session=1, speed=1, trial=5, x__rid_x=d07f1b038114b2a7: dummy_return_one(x)
[10:14:46.409] [INFO] [run] subject=13, session=1, speed=1, trial=6, x__rid_x=7f1c82f4263d6702: dummy_return_one(x)
[10:14:46.412] [INFO] [run] subject=13, session=1, speed=1, trial=7, x__rid_x=2e3724752d00dabc: dummy_return_one(x)
[10:14:46.413] [INFO] [run] subject=13, session=1, speed=10, trial=1, x__rid_x=ee79b54199b1b6a4: dummy_return_one(x)
[10:14:46.413] [INFO] [run] subject=13, session=1, speed=10, trial=2, x__rid_x=114fd0afd2c91d19: dummy_return_one(x)
[10:14:46.417] [INFO] [run] subject=13, session=1, speed=10, trial=3, x__rid_x=a23ef23f5a5c89ff: dummy_return_one(x)
[10:14:46.417] [INFO] [run] subject=13, session=1, speed=10, trial=4, x__rid_x=7101a002ce1c7670: dummy_return_one(x)
[10:14:46.418] [INFO] [run] subject=13, session=1, speed=10, trial=5, x__rid_x=f8e5900773fd9d47: dummy_return_one(x)
[10:14:46.422] [INFO] [run] subject=13, session=1, speed=10, trial=6, x__rid_x=b90f6902ab6482ed: dummy_return_one(x)
[10:14:46.423] [INFO] [run] subject=13, session=1, speed=10, trial=7, x__rid_x=f57d5a0906e745e3: dummy_return_one(x)
[10:14:46.426] [INFO] [run] subject=13, session=1, speed=2, trial=1, x__rid_x=26db2853e9d96591: dummy_return_one(x)
[10:14:46.427] [INFO] [run] subject=13, session=1, speed=2, trial=2, x__rid_x=3813eaad24fcdc56: dummy_return_one(x)
[10:14:46.428] [INFO] [run] subject=13, session=1, speed=2, trial=3, x__rid_x=c808c8780850a4e8: dummy_return_one(x)
[10:14:46.431] [INFO] [run] subject=13, session=1, speed=2, trial=4, x__rid_x=e67c37a58dc6109c: dummy_return_one(x)
[10:14:46.432] [INFO] [run] subject=13, session=1, speed=2, trial=5, x__rid_x=73928f466159bb67: dummy_return_one(x)
[10:14:46.432] [INFO] [run] subject=13, session=1, speed=2, trial=6, x__rid_x=824c69a78c138034: dummy_return_one(x)
[10:14:46.436] [INFO] [run] subject=13, session=1, speed=2, trial=7, x__rid_x=7624072318106cc4: dummy_return_one(x)
[10:14:46.437] [INFO] [run] subject=13, session=1, speed=3, trial=1, x__rid_x=ce4dc0a6c160967d: dummy_return_one(x)
[10:14:46.441] [INFO] [run] subject=13, session=1, speed=3, trial=2, x__rid_x=4f753c27a6d9453e: dummy_return_one(x)
[10:14:46.441] [INFO] [run] subject=13, session=1, speed=3, trial=3, x__rid_x=6a3432632e9ef107: dummy_return_one(x)
[10:14:46.442] [INFO] [run] subject=13, session=1, speed=3, trial=4, x__rid_x=aa4065a01b9d5419: dummy_return_one(x)
[10:14:46.445] [INFO] [run] subject=13, session=1, speed=3, trial=5, x__rid_x=467e028a450cbd3c: dummy_return_one(x)
[10:14:46.446] [INFO] [run] subject=13, session=1, speed=3, trial=6, x__rid_x=cc5d67ecdce54ae9: dummy_return_one(x)
[10:14:46.447] [INFO] [run] subject=13, session=1, speed=3, trial=7, x__rid_x=a7b3cb2d9033717b: dummy_return_one(x)
[10:14:46.450] [INFO] [run] subject=13, session=1, speed=4, trial=1, x__rid_x=f8eccff54a85c213: dummy_return_one(x)
[10:14:46.451] [INFO] [run] subject=13, session=1, speed=4, trial=2, x__rid_x=ad1093c94abb1d65: dummy_return_one(x)
[10:14:46.452] [INFO] [run] subject=13, session=1, speed=4, trial=3, x__rid_x=67b307b8c5c0bbf7: dummy_return_one(x)
[10:14:46.455] [INFO] [run] subject=13, session=1, speed=4, trial=4, x__rid_x=202af6ff92ee0bcb: dummy_return_one(x)
[10:14:46.456] [INFO] [run] subject=13, session=1, speed=4, trial=5, x__rid_x=215417e86812a1da: dummy_return_one(x)
[10:14:46.457] [INFO] [run] subject=13, session=1, speed=4, trial=6, x__rid_x=bfd8042e9349477c: dummy_return_one(x)
[10:14:46.460] [INFO] [run] subject=13, session=1, speed=4, trial=7, x__rid_x=e06e1357242b123e: dummy_return_one(x)
[10:14:46.461] [INFO] [run] subject=13, session=1, speed=5, trial=1, x__rid_x=2d0cb34e4505bd0e: dummy_return_one(x)
[10:14:46.461] [INFO] [run] subject=13, session=1, speed=5, trial=2, x__rid_x=4f8e2634751dc0c9: dummy_return_one(x)
[10:14:46.464] [INFO] [run] subject=13, session=1, speed=5, trial=3, x__rid_x=cfa52f3a435f1cee: dummy_return_one(x)
[10:14:46.465] [INFO] [run] subject=13, session=1, speed=5, trial=4, x__rid_x=c701e92c99b2af70: dummy_return_one(x)
[10:14:46.466] [INFO] [run] subject=13, session=1, speed=5, trial=5, x__rid_x=5d478052e8b0d3fe: dummy_return_one(x)
[10:14:46.469] [INFO] [run] subject=13, session=1, speed=5, trial=6, x__rid_x=3dacdb78810e7f23: dummy_return_one(x)
[10:14:46.471] [INFO] [run] subject=13, session=1, speed=5, trial=7, x__rid_x=830728497c033e89: dummy_return_one(x)
[10:14:46.474] [INFO] [run] subject=13, session=1, speed=6, trial=1, x__rid_x=51e3b4394be2a843: dummy_return_one(x)
[10:14:46.475] [INFO] [run] subject=13, session=1, speed=6, trial=2, x__rid_x=9b2ae3004b233874: dummy_return_one(x)
[10:14:46.476] [INFO] [run] subject=13, session=1, speed=6, trial=3, x__rid_x=d25957149ecfc8b7: dummy_return_one(x)
[10:14:46.479] [INFO] [run] subject=13, session=1, speed=6, trial=4, x__rid_x=ba235f659d70ac9f: dummy_return_one(x)
[10:14:46.480] [INFO] [run] subject=13, session=1, speed=6, trial=5, x__rid_x=a0feb0bf4c088f44: dummy_return_one(x)
[10:14:46.480] [INFO] [run] subject=13, session=1, speed=6, trial=6, x__rid_x=9c94a6c785e74ce4: dummy_return_one(x)
[10:14:46.484] [INFO] [run] subject=13, session=1, speed=6, trial=7, x__rid_x=95ba7c133ae47040: dummy_return_one(x)
[10:14:46.484] [INFO] [run] subject=13, session=1, speed=7, trial=1, x__rid_x=256169f481deddb0: dummy_return_one(x)
[10:14:46.486] [INFO] [run] subject=13, session=1, speed=7, trial=2, x__rid_x=5ee8e93d30969b34: dummy_return_one(x)
[10:14:46.489] [INFO] [run] subject=13, session=1, speed=7, trial=3, x__rid_x=7ae4db3a369172db: dummy_return_one(x)
[10:14:46.490] [INFO] [run] subject=13, session=1, speed=7, trial=4, x__rid_x=2668a211e6a34bed: dummy_return_one(x)
[10:14:46.493] [INFO] [run] subject=13, session=1, speed=7, trial=5, x__rid_x=7a7980832eaac209: dummy_return_one(x)
[10:14:46.494] [INFO] [run] subject=13, session=1, speed=7, trial=6, x__rid_x=df6ecd91b46f3cad: dummy_return_one(x)
[10:14:46.495] [INFO] [run] subject=13, session=1, speed=7, trial=7, x__rid_x=297a4770a210a5d1: dummy_return_one(x)
[10:14:46.498] [INFO] [run] subject=13, session=1, speed=8, trial=1, x__rid_x=dc97dc80d2ca0ee4: dummy_return_one(x)
[10:14:46.499] [INFO] [run] subject=13, session=1, speed=8, trial=2, x__rid_x=ddcb4d77088a3f09: dummy_return_one(x)
[10:14:46.500] [INFO] [run] subject=13, session=1, speed=8, trial=3, x__rid_x=bc3c9d239cf04d36: dummy_return_one(x)
[10:14:46.503] [INFO] [run] subject=13, session=1, speed=8, trial=4, x__rid_x=51bc5e6aa0323fe8: dummy_return_one(x)
[10:14:46.504] [INFO] [run] subject=13, session=1, speed=8, trial=5, x__rid_x=b6b60cdf67ba1464: dummy_return_one(x)
[10:14:46.508] [INFO] [run] subject=13, session=1, speed=8, trial=6, x__rid_x=16bf5a46c28fe983: dummy_return_one(x)
[10:14:46.509] [INFO] [run] subject=13, session=1, speed=8, trial=7, x__rid_x=b7b4340ba5d059f8: dummy_return_one(x)
[10:14:46.513] [INFO] [run] subject=13, session=1, speed=9, trial=1, x__rid_x=425535be72a3b879: dummy_return_one(x)
[10:14:46.513] [INFO] [run] subject=13, session=1, speed=9, trial=2, x__rid_x=ec106be1885ce8ec: dummy_return_one(x)
[10:14:46.514] [INFO] [run] subject=13, session=1, speed=9, trial=3, x__rid_x=3a83d22a42bd31c6: dummy_return_one(x)
[10:14:46.518] [INFO] [run] subject=13, session=1, speed=9, trial=4, x__rid_x=7ebff8a38c477c4c: dummy_return_one(x)
[10:14:46.519] [INFO] [run] subject=13, session=1, speed=9, trial=5, x__rid_x=4ae61178769353d4: dummy_return_one(x)
[10:14:46.523] [INFO] [run] subject=13, session=1, speed=9, trial=6, x__rid_x=be7b062335e330b5: dummy_return_one(x)
[10:14:46.524] [INFO] [run] subject=13, session=1, speed=9, trial=7, x__rid_x=afc7757ebb3d333c: dummy_return_one(x)
[10:14:46.524] [INFO] [run] subject=13, session=2, speed=1, trial=1, x__rid_x=8bca9b6560ff77d0: dummy_return_one(x)
[10:14:46.527] [INFO] [run] subject=13, session=2, speed=1, trial=2, x__rid_x=126744d28627aaf7: dummy_return_one(x)
[10:14:46.528] [INFO] [run] subject=13, session=2, speed=1, trial=3, x__rid_x=e079dc87f7212fc4: dummy_return_one(x)
[10:14:46.529] [INFO] [run] subject=13, session=2, speed=1, trial=4, x__rid_x=59e6629d3e4b7aab: dummy_return_one(x)
[10:14:46.532] [INFO] [run] subject=13, session=2, speed=1, trial=5, x__rid_x=b79c36866ab17cac: dummy_return_one(x)
[10:14:46.533] [INFO] [run] subject=13, session=2, speed=1, trial=6, x__rid_x=82d183040b3cdc5c: dummy_return_one(x)
[10:14:46.534] [INFO] [run] subject=13, session=2, speed=1, trial=7, x__rid_x=237031cd33375096: dummy_return_one(x)
[10:14:46.537] [INFO] [run] subject=13, session=2, speed=10, trial=1, x__rid_x=4245475b2a8f7b94: dummy_return_one(x)
[10:14:46.538] [INFO] [run] subject=13, session=2, speed=10, trial=2, x__rid_x=e53e255ffc93dd07: dummy_return_one(x)
[10:14:46.542] [INFO] [run] subject=13, session=2, speed=10, trial=3, x__rid_x=b4326a638be9c0f0: dummy_return_one(x)
[10:14:46.543] [INFO] [run] subject=13, session=2, speed=10, trial=4, x__rid_x=7cee03b5ef9b4bb5: dummy_return_one(x)
[10:14:46.544] [INFO] [run] subject=13, session=2, speed=10, trial=5, x__rid_x=11bc8c7a76e6eccb: dummy_return_one(x)
[10:14:46.547] [INFO] [run] subject=13, session=2, speed=10, trial=6, x__rid_x=78cfd7340e24e81b: dummy_return_one(x)
[10:14:46.547] [INFO] [run] subject=13, session=2, speed=10, trial=7, x__rid_x=9a9720656b98479b: dummy_return_one(x)
[10:14:46.548] [INFO] [run] subject=13, session=2, speed=2, trial=1, x__rid_x=4d5e8a6761786c8f: dummy_return_one(x)
[10:14:46.552] [INFO] [run] subject=13, session=2, speed=2, trial=2, x__rid_x=590fced72ccef52a: dummy_return_one(x)
[10:14:46.553] [INFO] [run] subject=13, session=2, speed=2, trial=3, x__rid_x=c2a87b6ee8e53142: dummy_return_one(x)
[10:14:46.557] [INFO] [run] subject=13, session=2, speed=2, trial=4, x__rid_x=4ef8e57a9b1dbba9: dummy_return_one(x)
[10:14:46.558] [INFO] [run] subject=13, session=2, speed=2, trial=5, x__rid_x=77de355560046882: dummy_return_one(x)
[10:14:46.561] [INFO] [run] subject=13, session=2, speed=2, trial=6, x__rid_x=a064a51e33fb46af: dummy_return_one(x)
[10:14:46.562] [INFO] [run] subject=13, session=2, speed=2, trial=7, x__rid_x=f3e2aad7bc74a261: dummy_return_one(x)
[10:14:46.563] [INFO] [run] subject=13, session=2, speed=3, trial=1, x__rid_x=65f81c94c70b423c: dummy_return_one(x)
[10:14:46.566] [INFO] [run] subject=13, session=2, speed=3, trial=2, x__rid_x=8a295b50793c66a9: dummy_return_one(x)
[10:14:46.567] [INFO] [run] subject=13, session=2, speed=3, trial=3, x__rid_x=46eca8acff4517af: dummy_return_one(x)
[10:14:46.568] [INFO] [run] subject=13, session=2, speed=3, trial=4, x__rid_x=c6014fa45974e38b: dummy_return_one(x)
[10:14:46.571] [INFO] [run] subject=13, session=2, speed=3, trial=5, x__rid_x=f3783fc3aaa4da1e: dummy_return_one(x)
[10:14:46.572] [INFO] [run] subject=13, session=2, speed=3, trial=6, x__rid_x=7811422e6afe2fc2: dummy_return_one(x)
[10:14:46.576] [INFO] [run] subject=13, session=2, speed=3, trial=7, x__rid_x=5397513d943fdd49: dummy_return_one(x)
[10:14:46.577] [INFO] [run] subject=13, session=2, speed=4, trial=1, x__rid_x=e0a6196f06207549: dummy_return_one(x)
[10:14:46.578] [INFO] [run] subject=13, session=2, speed=4, trial=2, x__rid_x=73da09e245e0f4f0: dummy_return_one(x)
[10:14:46.581] [INFO] [run] subject=13, session=2, speed=4, trial=3, x__rid_x=5aadcf777ddf2d9b: dummy_return_one(x)
[10:14:46.582] [INFO] [run] subject=13, session=2, speed=4, trial=4, x__rid_x=588bd6779315b4ff: dummy_return_one(x)
[10:14:46.582] [INFO] [run] subject=13, session=2, speed=4, trial=5, x__rid_x=9055fa768d946020: dummy_return_one(x)
[10:14:46.586] [INFO] [run] subject=13, session=2, speed=4, trial=6, x__rid_x=49616de111ec2c54: dummy_return_one(x)
[10:14:46.587] [INFO] [run] subject=13, session=2, speed=4, trial=7, x__rid_x=cd6a72765d736731: dummy_return_one(x)
[10:14:46.591] [INFO] [run] subject=13, session=2, speed=5, trial=1, x__rid_x=5455c81230cbf0fa: dummy_return_one(x)
[10:14:46.592] [INFO] [run] subject=13, session=2, speed=5, trial=2, x__rid_x=b1e5a6dc197710c5: dummy_return_one(x)
[10:14:46.592] [INFO] [run] subject=13, session=2, speed=5, trial=3, x__rid_x=bead04890880c518: dummy_return_one(x)
[10:14:46.596] [INFO] [run] subject=13, session=2, speed=5, trial=4, x__rid_x=203b5462f8a3fc60: dummy_return_one(x)
[10:14:46.597] [INFO] [run] subject=13, session=2, speed=5, trial=5, x__rid_x=30c05faf9a8cbb88: dummy_return_one(x)
[10:14:46.597] [INFO] [run] subject=13, session=2, speed=5, trial=6, x__rid_x=91c7421819ed1e93: dummy_return_one(x)
[10:14:46.600] [INFO] [run] subject=13, session=2, speed=5, trial=7, x__rid_x=51f869495846d791: dummy_return_one(x)
[10:14:46.601] [INFO] [run] subject=13, session=2, speed=6, trial=1, x__rid_x=4dc3970f5006bd8c: dummy_return_one(x)
[10:14:46.602] [INFO] [run] subject=13, session=2, speed=6, trial=2, x__rid_x=a7bf636c7d57de70: dummy_return_one(x)
[10:14:46.606] [INFO] [run] subject=13, session=2, speed=6, trial=3, x__rid_x=75566996d2c56e01: dummy_return_one(x)
[10:14:46.607] [INFO] [run] subject=13, session=2, speed=6, trial=4, x__rid_x=35a0d998214384fa: dummy_return_one(x)
[10:14:46.610] [INFO] [run] subject=13, session=2, speed=6, trial=5, x__rid_x=a22b6ee943caff44: dummy_return_one(x)
[10:14:46.611] [INFO] [run] subject=13, session=2, speed=6, trial=6, x__rid_x=18c1d78c448557c3: dummy_return_one(x)
[10:14:46.612] [INFO] [run] subject=13, session=2, speed=6, trial=7, x__rid_x=209e7b14562006e1: dummy_return_one(x)
[10:14:46.615] [INFO] [run] subject=13, session=2, speed=7, trial=1, x__rid_x=e0369e7ccad7b5a2: dummy_return_one(x)
[10:14:46.616] [INFO] [run] subject=13, session=2, speed=7, trial=2, x__rid_x=510a603c34283593: dummy_return_one(x)
[10:14:46.617] [INFO] [run] subject=13, session=2, speed=7, trial=3, x__rid_x=d2b22142e00d9213: dummy_return_one(x)
[10:14:46.620] [INFO] [run] subject=13, session=2, speed=7, trial=4, x__rid_x=a9227b3dc88151f1: dummy_return_one(x)
[10:14:46.621] [INFO] [run] subject=13, session=2, speed=7, trial=5, x__rid_x=640847f8d22c1d41: dummy_return_one(x)
[10:14:46.625] [INFO] [run] subject=13, session=2, speed=7, trial=6, x__rid_x=dbadb78cae29dc75: dummy_return_one(x)
[10:14:46.626] [INFO] [run] subject=13, session=2, speed=7, trial=7, x__rid_x=4e1287326a2c7072: dummy_return_one(x)
[10:14:46.627] [INFO] [run] subject=13, session=2, speed=8, trial=1, x__rid_x=39ff7023a1cf6a54: dummy_return_one(x)
[10:14:46.630] [INFO] [run] subject=13, session=2, speed=8, trial=2, x__rid_x=0fcd765b0d278348: dummy_return_one(x)
[10:14:46.631] [INFO] [run] subject=13, session=2, speed=8, trial=3, x__rid_x=3b1bfd404d437552: dummy_return_one(x)
[10:14:46.632] [INFO] [run] subject=13, session=2, speed=8, trial=4, x__rid_x=d0d7bd0e3fcd601c: dummy_return_one(x)
[10:14:46.635] [INFO] [run] subject=13, session=2, speed=8, trial=5, x__rid_x=cbe18cf64f967ff9: dummy_return_one(x)
[10:14:46.636] [INFO] [run] subject=13, session=2, speed=8, trial=6, x__rid_x=7244515aaa6b75e8: dummy_return_one(x)
[10:14:46.637] [INFO] [run] subject=13, session=2, speed=8, trial=7, x__rid_x=c2ebaba79b13dc96: dummy_return_one(x)
[10:14:46.640] [INFO] [run] subject=13, session=2, speed=9, trial=1, x__rid_x=d846dd14ac0cb8d9: dummy_return_one(x)
[10:14:46.641] [INFO] [run] subject=13, session=2, speed=9, trial=2, x__rid_x=593678cee6dfd373: dummy_return_one(x)
[10:14:46.642] [INFO] [run] subject=13, session=2, speed=9, trial=3, x__rid_x=d76f0faf7e067798: dummy_return_one(x)
[10:14:46.645] [INFO] [run] subject=13, session=2, speed=9, trial=4, x__rid_x=1da71b360f6d9802: dummy_return_one(x)
[10:14:46.646] [INFO] [run] subject=13, session=2, speed=9, trial=5, x__rid_x=011fc08192eadd0e: dummy_return_one(x)
[10:14:46.646] [INFO] [run] subject=13, session=2, speed=9, trial=6, x__rid_x=49d063723401ddf8: dummy_return_one(x)
[10:14:46.647] [INFO] [run] subject=13, session=2, speed=9, trial=7, x__rid_x=757fb445722df782: dummy_return_one(x)
[10:14:46.650] [INFO] [run] subject=13, session=3, speed=1, trial=1, x__rid_x=f55738c8330ae500: dummy_return_one(x)
[10:14:46.651] [INFO] [run] subject=13, session=3, speed=1, trial=2, x__rid_x=dcf986dc6e137320: dummy_return_one(x)
[10:14:46.652] [INFO] [run] subject=13, session=3, speed=1, trial=3, x__rid_x=00c9921c01a7aeaa: dummy_return_one(x)
[10:14:46.655] [INFO] [run] subject=13, session=3, speed=1, trial=4, x__rid_x=94b118ed7748ae07: dummy_return_one(x)
[10:14:46.656] [INFO] [run] subject=13, session=3, speed=1, trial=5, x__rid_x=2ca4a9037a354f8e: dummy_return_one(x)
[10:14:46.657] [INFO] [run] subject=13, session=3, speed=1, trial=6, x__rid_x=d8a1404374e9e59b: dummy_return_one(x)
[10:14:46.660] [INFO] [run] subject=13, session=3, speed=1, trial=7, x__rid_x=c046d01865ff3177: dummy_return_one(x)
[10:14:46.661] [INFO] [run] subject=13, session=3, speed=10, trial=1, x__rid_x=bd9308980a7550c5: dummy_return_one(x)
[10:14:46.661] [INFO] [run] subject=13, session=3, speed=10, trial=2, x__rid_x=23df2bac952bcb53: dummy_return_one(x)
[10:14:46.665] [INFO] [run] subject=13, session=3, speed=10, trial=3, x__rid_x=8adf832809e9fbf7: dummy_return_one(x)
[10:14:46.666] [INFO] [run] subject=13, session=3, speed=10, trial=4, x__rid_x=755277ddf83ba467: dummy_return_one(x)
[10:14:46.666] [INFO] [run] subject=13, session=3, speed=10, trial=5, x__rid_x=0b582e808c4f6b68: dummy_return_one(x)
[10:14:46.670] [INFO] [run] subject=13, session=3, speed=10, trial=6, x__rid_x=b608a707ddc8afbb: dummy_return_one(x)
[10:14:46.671] [INFO] [run] subject=13, session=3, speed=10, trial=7, x__rid_x=4e5646928f9a9662: dummy_return_one(x)
[10:14:46.675] [INFO] [run] subject=13, session=3, speed=2, trial=1, x__rid_x=8f4717386a8490bd: dummy_return_one(x)
[10:14:46.676] [INFO] [run] subject=13, session=3, speed=2, trial=2, x__rid_x=c082594276667e54: dummy_return_one(x)
[10:14:46.677] [INFO] [run] subject=13, session=3, speed=2, trial=3, x__rid_x=4537ece7b66eea82: dummy_return_one(x)
[10:14:46.680] [INFO] [run] subject=13, session=3, speed=2, trial=4, x__rid_x=812c7284e5c01ed8: dummy_return_one(x)
[10:14:46.681] [INFO] [run] subject=13, session=3, speed=2, trial=5, x__rid_x=5c3d3cd9596f4ceb: dummy_return_one(x)
[10:14:46.681] [INFO] [run] subject=13, session=3, speed=2, trial=6, x__rid_x=8e7b48986b6d0614: dummy_return_one(x)
[10:14:46.685] [INFO] [run] subject=13, session=3, speed=2, trial=7, x__rid_x=9e0739f2255e882c: dummy_return_one(x)
[10:14:46.686] [INFO] [run] subject=13, session=3, speed=3, trial=1, x__rid_x=e91ea4da34f9968c: dummy_return_one(x)
[10:14:46.690] [INFO] [run] subject=13, session=3, speed=3, trial=2, x__rid_x=686ec7130a084d2d: dummy_return_one(x)
[10:14:46.691] [INFO] [run] subject=13, session=3, speed=3, trial=3, x__rid_x=4f962ae70b613fea: dummy_return_one(x)
[10:14:46.692] [INFO] [run] subject=13, session=3, speed=3, trial=4, x__rid_x=c6504c4238946de5: dummy_return_one(x)
[10:14:46.695] [INFO] [run] subject=13, session=3, speed=3, trial=5, x__rid_x=696a4d2736f0a835: dummy_return_one(x)
[10:14:46.696] [INFO] [run] subject=13, session=3, speed=3, trial=6, x__rid_x=f9bcbdf5eb102bc8: dummy_return_one(x)
[10:14:46.696] [INFO] [run] subject=13, session=3, speed=3, trial=7, x__rid_x=0455b46d1aed3f61: dummy_return_one(x)
[10:14:46.700] [INFO] [run] subject=13, session=3, speed=4, trial=1, x__rid_x=5f9330c8c76d3fc4: dummy_return_one(x)
[10:14:46.700] [INFO] [run] subject=13, session=3, speed=4, trial=2, x__rid_x=49297f4b93408474: dummy_return_one(x)
[10:14:46.701] [INFO] [run] subject=13, session=3, speed=4, trial=3, x__rid_x=1413cb9ef87bb4a6: dummy_return_one(x)
[10:14:46.705] [INFO] [run] subject=13, session=3, speed=4, trial=4, x__rid_x=45c33fd5121a7639: dummy_return_one(x)
[10:14:46.706] [INFO] [run] subject=13, session=3, speed=4, trial=5, x__rid_x=b97628fbf14937f7: dummy_return_one(x)
[10:14:46.707] [INFO] [run] subject=13, session=3, speed=4, trial=6, x__rid_x=e14cb947e99d8d7f: dummy_return_one(x)
[10:14:46.710] [INFO] [run] subject=13, session=3, speed=4, trial=7, x__rid_x=1f058e8a04b5e128: dummy_return_one(x)
[10:14:46.711] [INFO] [run] subject=13, session=3, speed=5, trial=1, x__rid_x=544de45a334d0335: dummy_return_one(x)
[10:14:46.712] [INFO] [run] subject=13, session=3, speed=5, trial=2, x__rid_x=1ec0289f4a674840: dummy_return_one(x)
[10:14:46.715] [INFO] [run] subject=13, session=3, speed=5, trial=3, x__rid_x=df1483471dccaf20: dummy_return_one(x)
[10:14:46.716] [INFO] [run] subject=13, session=3, speed=5, trial=4, x__rid_x=3b467508f50655c5: dummy_return_one(x)
[10:14:46.717] [INFO] [run] subject=13, session=3, speed=5, trial=5, x__rid_x=feaa4e72aa04dbb5: dummy_return_one(x)
[10:14:46.720] [INFO] [run] subject=13, session=3, speed=5, trial=6, x__rid_x=8bb3a3ccff277f46: dummy_return_one(x)
[10:14:46.722] [INFO] [run] subject=13, session=3, speed=5, trial=7, x__rid_x=ba3c0eb6c8b2253f: dummy_return_one(x)
[10:14:46.726] [INFO] [run] subject=13, session=3, speed=6, trial=1, x__rid_x=a4e09feb5ba1d6da: dummy_return_one(x)
[10:14:46.726] [INFO] [run] subject=13, session=3, speed=6, trial=2, x__rid_x=1870bb8909ef744c: dummy_return_one(x)
[10:14:46.727] [INFO] [run] subject=13, session=3, speed=6, trial=3, x__rid_x=4742d4dd94b66c6c: dummy_return_one(x)
[10:14:46.730] [INFO] [run] subject=13, session=3, speed=6, trial=4, x__rid_x=26009638453ab78c: dummy_return_one(x)
[10:14:46.731] [INFO] [run] subject=13, session=3, speed=6, trial=5, x__rid_x=aba41818fbcc9829: dummy_return_one(x)
[10:14:46.732] [INFO] [run] subject=13, session=3, speed=6, trial=6, x__rid_x=6f3786792412d86c: dummy_return_one(x)
[10:14:46.736] [INFO] [run] subject=13, session=3, speed=6, trial=7, x__rid_x=7e7d141a6e5c461f: dummy_return_one(x)
[10:14:46.737] [INFO] [run] subject=13, session=3, speed=7, trial=1, x__rid_x=6095541873405f29: dummy_return_one(x)
[10:14:46.741] [INFO] [run] subject=13, session=3, speed=7, trial=2, x__rid_x=f5914bb729ea5930: dummy_return_one(x)
[10:14:46.741] [INFO] [run] subject=13, session=3, speed=7, trial=3, x__rid_x=1433385cf4627340: dummy_return_one(x)
[10:14:46.742] [INFO] [run] subject=13, session=3, speed=7, trial=4, x__rid_x=a51cb780e595f48b: dummy_return_one(x)
[10:14:46.745] [INFO] [run] subject=13, session=3, speed=7, trial=5, x__rid_x=8e6e60c2fef94008: dummy_return_one(x)
[10:14:46.746] [INFO] [run] subject=13, session=3, speed=7, trial=6, x__rid_x=1e411a518f1f803f: dummy_return_one(x)
[10:14:46.747] [INFO] [run] subject=13, session=3, speed=7, trial=7, x__rid_x=46c0aeee54c75410: dummy_return_one(x)
[10:14:46.750] [INFO] [run] subject=13, session=3, speed=8, trial=1, x__rid_x=9aec961bc31e6639: dummy_return_one(x)
[10:14:46.752] [INFO] [run] subject=13, session=3, speed=8, trial=2, x__rid_x=f7260704d8990720: dummy_return_one(x)
[10:14:46.755] [INFO] [run] subject=13, session=3, speed=8, trial=3, x__rid_x=460f354bbbc80f75: dummy_return_one(x)
[10:14:46.756] [INFO] [run] subject=13, session=3, speed=8, trial=4, x__rid_x=6e75411dabf4b81c: dummy_return_one(x)
[10:14:46.757] [INFO] [run] subject=13, session=3, speed=8, trial=5, x__rid_x=4c74c85324baec28: dummy_return_one(x)
[10:14:46.760] [INFO] [run] subject=13, session=3, speed=8, trial=6, x__rid_x=70d0f16497b73781: dummy_return_one(x)
[10:14:46.761] [INFO] [run] subject=13, session=3, speed=8, trial=7, x__rid_x=fbd9de9ddb0d9eda: dummy_return_one(x)
[10:14:46.762] [INFO] [run] subject=13, session=3, speed=9, trial=1, x__rid_x=9a06aaf3fb148548: dummy_return_one(x)
[10:14:46.765] [INFO] [run] subject=13, session=3, speed=9, trial=2, x__rid_x=e52301a2ee346283: dummy_return_one(x)
[10:14:46.766] [INFO] [run] subject=13, session=3, speed=9, trial=3, x__rid_x=d390f820cb0602ed: dummy_return_one(x)
[10:14:46.767] [INFO] [run] subject=13, session=3, speed=9, trial=4, x__rid_x=a6d62ba6e2688912: dummy_return_one(x)
[10:14:46.770] [INFO] [run] subject=13, session=3, speed=9, trial=5, x__rid_x=2f154c5b7bbd67ef: dummy_return_one(x)
[10:14:46.771] [INFO] [run] subject=13, session=3, speed=9, trial=6, x__rid_x=0f95b713bfaaa026: dummy_return_one(x)
[10:14:46.775] [INFO] [run] subject=13, session=3, speed=9, trial=7, x__rid_x=b233d3dde91dc719: dummy_return_one(x)
[10:14:46.776] [INFO] [run] subject=13, session=4, speed=1, trial=1, x__rid_x=7bf3a54a7d298d4f: dummy_return_one(x)
[10:14:46.777] [INFO] [run] subject=13, session=4, speed=1, trial=2, x__rid_x=63b739b946636944: dummy_return_one(x)
[10:14:46.780] [INFO] [run] subject=13, session=4, speed=1, trial=3, x__rid_x=505f19205d7e1533: dummy_return_one(x)
[10:14:46.781] [INFO] [run] subject=13, session=4, speed=1, trial=4, x__rid_x=d6f65c3664910fe7: dummy_return_one(x)
[10:14:46.782] [INFO] [run] subject=13, session=4, speed=1, trial=5, x__rid_x=b41e80ff561f5e3e: dummy_return_one(x)
[10:14:46.785] [INFO] [run] subject=13, session=4, speed=1, trial=6, x__rid_x=a29fa3126f92740d: dummy_return_one(x)
[10:14:46.787] [INFO] [run] subject=13, session=4, speed=1, trial=7, x__rid_x=6b172781333647b0: dummy_return_one(x)
[10:14:46.790] [INFO] [run] subject=13, session=4, speed=10, trial=1, x__rid_x=969fa4031b567e37: dummy_return_one(x)
[10:14:46.791] [INFO] [run] subject=13, session=4, speed=10, trial=2, x__rid_x=243f123a75b6e22a: dummy_return_one(x)
[10:14:46.792] [INFO] [run] subject=13, session=4, speed=10, trial=3, x__rid_x=feec368f78001d5e: dummy_return_one(x)
[10:14:46.795] [INFO] [run] subject=13, session=4, speed=10, trial=4, x__rid_x=b9172c1c51819a23: dummy_return_one(x)
[10:14:46.796] [INFO] [run] subject=13, session=4, speed=10, trial=5, x__rid_x=26abdc7ce2b620c0: dummy_return_one(x)
[10:14:46.796] [INFO] [run] subject=13, session=4, speed=10, trial=6, x__rid_x=a7ca5cc3e2d2f31e: dummy_return_one(x)
[10:14:46.800] [INFO] [run] subject=13, session=4, speed=10, trial=7, x__rid_x=efcc14e2ea0fcb23: dummy_return_one(x)
[10:14:46.801] [INFO] [run] subject=13, session=4, speed=2, trial=1, x__rid_x=ba5a788ce39a9cb2: dummy_return_one(x)
[10:14:46.802] [INFO] [run] subject=13, session=4, speed=2, trial=2, x__rid_x=d9c69bbd189be6e0: dummy_return_one(x)
[10:14:46.805] [INFO] [run] subject=13, session=4, speed=2, trial=3, x__rid_x=c2b11532c47c2e25: dummy_return_one(x)
[10:14:46.806] [INFO] [run] subject=13, session=4, speed=2, trial=4, x__rid_x=728a7b9ab18516f2: dummy_return_one(x)
[10:14:46.807] [INFO] [run] subject=13, session=4, speed=2, trial=5, x__rid_x=3ad27423bec4687b: dummy_return_one(x)
[10:14:46.810] [INFO] [run] subject=13, session=4, speed=2, trial=6, x__rid_x=77b4391ee8f436e4: dummy_return_one(x)
[10:14:46.811] [INFO] [run] subject=13, session=4, speed=2, trial=7, x__rid_x=7939be3292d9b4db: dummy_return_one(x)
[10:14:46.812] [INFO] [run] subject=13, session=4, speed=3, trial=1, x__rid_x=3a1737976794adc5: dummy_return_one(x)
[10:14:46.816] [INFO] [run] subject=13, session=4, speed=3, trial=2, x__rid_x=a47b01b67972dc03: dummy_return_one(x)
[10:14:46.816] [INFO] [run] subject=13, session=4, speed=3, trial=3, x__rid_x=a5ea1f9a19520288: dummy_return_one(x)
[10:14:46.817] [INFO] [run] subject=13, session=4, speed=3, trial=4, x__rid_x=d992805fa41d5cff: dummy_return_one(x)
[10:14:46.821] [INFO] [run] subject=13, session=4, speed=3, trial=5, x__rid_x=d16fdf7fc498d3ab: dummy_return_one(x)
[10:14:46.822] [INFO] [run] subject=13, session=4, speed=3, trial=6, x__rid_x=fd40f500a4d12f39: dummy_return_one(x)
[10:14:46.826] [INFO] [run] subject=13, session=4, speed=3, trial=7, x__rid_x=d54e0048dbe93e7a: dummy_return_one(x)
[10:14:46.827] [INFO] [run] subject=13, session=4, speed=4, trial=1, x__rid_x=545cd7024b0e93fd: dummy_return_one(x)
[10:14:46.827] [INFO] [run] subject=13, session=4, speed=4, trial=2, x__rid_x=15f17ff15329e6b6: dummy_return_one(x)
[10:14:46.831] [INFO] [run] subject=13, session=4, speed=4, trial=3, x__rid_x=474e11c27ffb1a8c: dummy_return_one(x)
[10:14:46.832] [INFO] [run] subject=13, session=4, speed=4, trial=4, x__rid_x=022242a208df1a8a: dummy_return_one(x)
[10:14:46.832] [INFO] [run] subject=13, session=4, speed=4, trial=5, x__rid_x=45f2f515d673cfff: dummy_return_one(x)
[10:14:46.836] [INFO] [run] subject=13, session=4, speed=4, trial=6, x__rid_x=8fb0f34f04eb1af7: dummy_return_one(x)
[10:14:46.837] [INFO] [run] subject=13, session=4, speed=4, trial=7, x__rid_x=6c1da5b1d6a50cce: dummy_return_one(x)
[10:14:46.841] [INFO] [run] subject=13, session=4, speed=5, trial=1, x__rid_x=5f074188d8abd202: dummy_return_one(x)
[10:14:46.842] [INFO] [run] subject=13, session=4, speed=5, trial=2, x__rid_x=7e19b1b3771c48f1: dummy_return_one(x)
[10:14:46.843] [INFO] [run] subject=13, session=4, speed=5, trial=3, x__rid_x=97be239b5f91918f: dummy_return_one(x)
[10:14:46.846] [INFO] [run] subject=13, session=4, speed=5, trial=4, x__rid_x=d79c7d1fb2660487: dummy_return_one(x)
[10:14:46.847] [INFO] [run] subject=13, session=4, speed=5, trial=5, x__rid_x=007d2d161bf9aa07: dummy_return_one(x)
[10:14:46.848] [INFO] [run] subject=13, session=4, speed=5, trial=6, x__rid_x=6b59267e2745b256: dummy_return_one(x)
[10:14:46.852] [INFO] [run] subject=13, session=4, speed=5, trial=7, x__rid_x=9b2c07cac894063d: dummy_return_one(x)
[10:14:46.853] [INFO] [run] subject=13, session=4, speed=6, trial=1, x__rid_x=d7904cb3ca0d6b7f: dummy_return_one(x)
[10:14:46.857] [INFO] [run] subject=13, session=4, speed=6, trial=2, x__rid_x=607b07e8dd89f2dd: dummy_return_one(x)
[10:14:46.858] [INFO] [run] subject=13, session=4, speed=6, trial=3, x__rid_x=79842c9b5b570e22: dummy_return_one(x)
[10:14:46.862] [INFO] [run] subject=13, session=4, speed=6, trial=4, x__rid_x=5f742dd7d37416b9: dummy_return_one(x)
[10:14:46.863] [INFO] [run] subject=13, session=4, speed=6, trial=5, x__rid_x=c5836e00c05d654a: dummy_return_one(x)
[10:14:46.864] [INFO] [run] subject=13, session=4, speed=6, trial=6, x__rid_x=fd00986cf3716a0c: dummy_return_one(x)
[10:14:46.867] [INFO] [run] subject=13, session=4, speed=6, trial=7, x__rid_x=281c35bcd69d5669: dummy_return_one(x)
[10:14:46.868] [INFO] [run] subject=13, session=4, speed=7, trial=1, x__rid_x=45953b3ed5e6dc41: dummy_return_one(x)
[10:14:46.872] [INFO] [run] subject=13, session=4, speed=7, trial=2, x__rid_x=3ee312a5820d48c8: dummy_return_one(x)
[10:14:46.873] [INFO] [run] subject=13, session=4, speed=7, trial=3, x__rid_x=d88c147a0fc04cd9: dummy_return_one(x)
[10:14:46.874] [INFO] [run] subject=13, session=4, speed=7, trial=4, x__rid_x=0da5605495e3a25e: dummy_return_one(x)
[10:14:46.877] [INFO] [run] subject=13, session=4, speed=7, trial=5, x__rid_x=494a1651e1f2fece: dummy_return_one(x)
[10:14:46.878] [INFO] [run] subject=13, session=4, speed=7, trial=6, x__rid_x=c35bd0c0ebc0f469: dummy_return_one(x)
[10:14:46.879] [INFO] [run] subject=13, session=4, speed=7, trial=7, x__rid_x=8b85cbd9cd43ec1e: dummy_return_one(x)
[10:14:46.882] [INFO] [run] subject=13, session=4, speed=8, trial=1, x__rid_x=8d97bfccdb34da7b: dummy_return_one(x)
[10:14:46.883] [INFO] [run] subject=13, session=4, speed=8, trial=2, x__rid_x=2b195a2ed81aed0a: dummy_return_one(x)
[10:14:46.884] [INFO] [run] subject=13, session=4, speed=8, trial=3, x__rid_x=f1d000f4b6197043: dummy_return_one(x)
[10:14:46.888] [INFO] [run] subject=13, session=4, speed=8, trial=4, x__rid_x=267fe25939dd0a39: dummy_return_one(x)
[10:14:46.889] [INFO] [run] subject=13, session=4, speed=8, trial=5, x__rid_x=b4d0e654ddc085ce: dummy_return_one(x)
[10:14:46.889] [INFO] [run] subject=13, session=4, speed=8, trial=6, x__rid_x=313b9013b15f15c6: dummy_return_one(x)
[10:14:46.893] [INFO] [run] subject=13, session=4, speed=8, trial=7, x__rid_x=a0d32725592ed5ad: dummy_return_one(x)
[10:14:46.893] [INFO] [run] subject=13, session=4, speed=9, trial=1, x__rid_x=56c2a2e13b3f2726: dummy_return_one(x)
[10:14:46.894] [INFO] [run] subject=13, session=4, speed=9, trial=2, x__rid_x=511ca4f71811c154: dummy_return_one(x)
[10:14:46.898] [INFO] [run] subject=13, session=4, speed=9, trial=3, x__rid_x=63c6b4af2b1e9586: dummy_return_one(x)
[10:14:46.898] [INFO] [run] subject=13, session=4, speed=9, trial=4, x__rid_x=1fe9a9f4a729f69d: dummy_return_one(x)
[10:14:46.899] [INFO] [run] subject=13, session=4, speed=9, trial=5, x__rid_x=545b11606ef264d0: dummy_return_one(x)
[10:14:46.903] [INFO] [run] subject=13, session=4, speed=9, trial=6, x__rid_x=ba2dcbdad7167dc6: dummy_return_one(x)
[10:14:46.904] [INFO] [run] subject=13, session=4, speed=9, trial=7, x__rid_x=8accbb0f1b0a93f5: dummy_return_one(x)
[10:14:46.905] [INFO] [run] subject=13, session=5, speed=1, trial=1, x__rid_x=60b26f4f9b1e3801: dummy_return_one(x)
[10:14:46.908] [INFO] [run] subject=13, session=5, speed=1, trial=2, x__rid_x=abe137db3c8a1929: dummy_return_one(x)
[10:14:46.909] [INFO] [run] subject=13, session=5, speed=1, trial=3, x__rid_x=fb870f654dee6df0: dummy_return_one(x)
[10:14:46.909] [INFO] [run] subject=13, session=5, speed=1, trial=4, x__rid_x=47d097ff9d4a76ad: dummy_return_one(x)
[10:14:46.913] [INFO] [run] subject=13, session=5, speed=1, trial=5, x__rid_x=e944acbc861a5841: dummy_return_one(x)
[10:14:46.914] [INFO] [run] subject=13, session=5, speed=1, trial=6, x__rid_x=f742b15741495fea: dummy_return_one(x)
[10:14:46.914] [INFO] [run] subject=13, session=5, speed=1, trial=7, x__rid_x=309a22837b9cba2d: dummy_return_one(x)
[10:14:46.918] [INFO] [run] subject=13, session=5, speed=10, trial=1, x__rid_x=cff5025d72e566e7: dummy_return_one(x)
[10:14:46.919] [INFO] [run] subject=13, session=5, speed=10, trial=2, x__rid_x=4fc4c92cd97dc625: dummy_return_one(x)
[10:14:46.920] [INFO] [run] subject=13, session=5, speed=10, trial=3, x__rid_x=2db42d3f006377b9: dummy_return_one(x)
[10:14:46.923] [INFO] [run] subject=13, session=5, speed=10, trial=4, x__rid_x=bd3cdb84d070eeff: dummy_return_one(x)
[10:14:46.924] [INFO] [run] subject=13, session=5, speed=10, trial=5, x__rid_x=d45fa5e7172d1874: dummy_return_one(x)
[10:14:46.924] [INFO] [run] subject=13, session=5, speed=10, trial=6, x__rid_x=6d8ddb842cc87b08: dummy_return_one(x)
[10:14:46.928] [INFO] [run] subject=13, session=5, speed=10, trial=7, x__rid_x=e1c0c718f6050927: dummy_return_one(x)
[10:14:46.929] [INFO] [run] subject=13, session=5, speed=2, trial=1, x__rid_x=dc3071a206a54025: dummy_return_one(x)
[10:14:46.929] [INFO] [run] subject=13, session=5, speed=2, trial=2, x__rid_x=f26687c21e54eca8: dummy_return_one(x)
[10:14:46.933] [INFO] [run] subject=13, session=5, speed=2, trial=3, x__rid_x=8ced416f61a82211: dummy_return_one(x)
[10:14:46.934] [INFO] [run] subject=13, session=5, speed=2, trial=4, x__rid_x=61fdb371c65ae92e: dummy_return_one(x)
[10:14:46.935] [INFO] [run] subject=13, session=5, speed=2, trial=5, x__rid_x=de1eae22039286e8: dummy_return_one(x)
[10:14:46.938] [INFO] [run] subject=13, session=5, speed=2, trial=6, x__rid_x=77b97f9420de9d6a: dummy_return_one(x)
[10:14:46.939] [INFO] [run] subject=13, session=5, speed=2, trial=7, x__rid_x=664e890a302c62ae: dummy_return_one(x)
[10:14:46.940] [INFO] [run] subject=13, session=5, speed=3, trial=1, x__rid_x=9a7e099e32351b05: dummy_return_one(x)
[10:14:46.944] [INFO] [run] subject=13, session=5, speed=3, trial=2, x__rid_x=e031e878c816002d: dummy_return_one(x)
[10:14:46.944] [INFO] [run] subject=13, session=5, speed=3, trial=3, x__rid_x=3955aafc5d997867: dummy_return_one(x)
[10:14:46.945] [INFO] [run] subject=13, session=5, speed=3, trial=4, x__rid_x=537b3345ca1c8642: dummy_return_one(x)
[10:14:46.949] [INFO] [run] subject=13, session=5, speed=3, trial=5, x__rid_x=7624345e440b9a0c: dummy_return_one(x)
[10:14:46.949] [INFO] [run] subject=13, session=5, speed=3, trial=6, x__rid_x=9459e50b51cfa67c: dummy_return_one(x)
[10:14:46.950] [INFO] [run] subject=13, session=5, speed=3, trial=7, x__rid_x=65b7d559af174d3b: dummy_return_one(x)
[10:14:46.954] [INFO] [run] subject=13, session=5, speed=4, trial=1, x__rid_x=774d1ff4e7b429ad: dummy_return_one(x)
[10:14:46.955] [INFO] [run] subject=13, session=5, speed=4, trial=2, x__rid_x=526fe17a8529ef91: dummy_return_one(x)
[10:14:46.956] [INFO] [run] subject=13, session=5, speed=4, trial=3, x__rid_x=dc2ef350d1920619: dummy_return_one(x)
[10:14:46.959] [INFO] [run] subject=13, session=5, speed=4, trial=4, x__rid_x=0139ce2b0dba78da: dummy_return_one(x)
[10:14:46.960] [INFO] [run] subject=13, session=5, speed=4, trial=5, x__rid_x=8ae2cdaf62e715c1: dummy_return_one(x)
[10:14:46.961] [INFO] [run] subject=13, session=5, speed=4, trial=6, x__rid_x=be4485c8ef87e3c3: dummy_return_one(x)
[10:14:46.964] [INFO] [run] subject=13, session=5, speed=4, trial=7, x__rid_x=eba0710dadf22e3d: dummy_return_one(x)
[10:14:46.965] [INFO] [run] subject=13, session=5, speed=5, trial=1, x__rid_x=247c0790996cf844: dummy_return_one(x)
[10:14:46.966] [INFO] [run] subject=13, session=5, speed=5, trial=2, x__rid_x=c5d63e1b7b608569: dummy_return_one(x)
[10:14:46.969] [INFO] [run] subject=13, session=5, speed=5, trial=3, x__rid_x=c1c0d0eb8bd6b864: dummy_return_one(x)
[10:14:46.971] [INFO] [run] subject=13, session=5, speed=5, trial=4, x__rid_x=0ae6048a3483570b: dummy_return_one(x)
[10:14:46.974] [INFO] [run] subject=13, session=5, speed=5, trial=5, x__rid_x=e832c76bcc3ed944: dummy_return_one(x)
[10:14:46.975] [INFO] [run] subject=13, session=5, speed=5, trial=6, x__rid_x=0cb123635e6f0d47: dummy_return_one(x)
[10:14:46.976] [INFO] [run] subject=13, session=5, speed=5, trial=7, x__rid_x=8349b344e9c5f955: dummy_return_one(x)
[10:14:46.980] [INFO] [run] subject=13, session=5, speed=6, trial=1, x__rid_x=5982783bccadeffa: dummy_return_one(x)
[10:14:46.980] [INFO] [run] subject=13, session=5, speed=6, trial=2, x__rid_x=5f34570aef970888: dummy_return_one(x)
[10:14:46.981] [INFO] [run] subject=13, session=5, speed=6, trial=3, x__rid_x=5e7c261f52dfa073: dummy_return_one(x)
[10:14:46.985] [INFO] [run] subject=13, session=5, speed=6, trial=4, x__rid_x=cb82bfdfc3c52d97: dummy_return_one(x)
[10:14:46.986] [INFO] [run] subject=13, session=5, speed=6, trial=5, x__rid_x=83b7b78cbb57d378: dummy_return_one(x)
[10:14:46.990] [INFO] [run] subject=13, session=5, speed=6, trial=6, x__rid_x=24e6fff94106459a: dummy_return_one(x)
[10:14:46.991] [INFO] [run] subject=13, session=5, speed=6, trial=7, x__rid_x=de0b3cf04d9b38de: dummy_return_one(x)
[10:14:46.992] [INFO] [run] subject=13, session=5, speed=7, trial=1, x__rid_x=c39434b476a3d6dc: dummy_return_one(x)
[10:14:46.995] [INFO] [run] subject=13, session=5, speed=7, trial=2, x__rid_x=cc5b2cebdb359d9d: dummy_return_one(x)
[10:14:46.996] [INFO] [run] subject=13, session=5, speed=7, trial=3, x__rid_x=58256c527d1a6b55: dummy_return_one(x)
[10:14:46.996] [INFO] [run] subject=13, session=5, speed=7, trial=4, x__rid_x=13d863ebd67fb3b5: dummy_return_one(x)
[10:14:47.000] [INFO] [run] subject=13, session=5, speed=7, trial=5, x__rid_x=a89202c9cf2d5ba8: dummy_return_one(x)
[10:14:47.001] [INFO] [run] subject=13, session=5, speed=7, trial=6, x__rid_x=d5d6ade466772712: dummy_return_one(x)
[10:14:47.002] [INFO] [run] subject=13, session=5, speed=7, trial=7, x__rid_x=65a5680c2c2ab6a3: dummy_return_one(x)
[10:14:47.006] [INFO] [run] subject=13, session=5, speed=8, trial=1, x__rid_x=e62e04059bd158e9: dummy_return_one(x)
[10:14:47.007] [INFO] [run] subject=13, session=5, speed=8, trial=2, x__rid_x=5c003f062f205ab6: dummy_return_one(x)
[10:14:47.007] [INFO] [run] subject=13, session=5, speed=8, trial=3, x__rid_x=f38f986bb70de78b: dummy_return_one(x)
[10:14:47.011] [INFO] [run] subject=13, session=5, speed=8, trial=4, x__rid_x=58ab06aa22763e73: dummy_return_one(x)
[10:14:47.011] [INFO] [run] subject=13, session=5, speed=8, trial=5, x__rid_x=f0bc67ba79db4753: dummy_return_one(x)
[10:14:47.012] [INFO] [run] subject=13, session=5, speed=8, trial=6, x__rid_x=39be94a57d49c721: dummy_return_one(x)
[10:14:47.016] [INFO] [run] subject=13, session=5, speed=8, trial=7, x__rid_x=a318c09c1490b815: dummy_return_one(x)
[10:14:47.017] [INFO] [run] subject=13, session=5, speed=9, trial=1, x__rid_x=78ae924b77a2942d: dummy_return_one(x)
[10:14:47.017] [INFO] [run] subject=13, session=5, speed=9, trial=2, x__rid_x=58463505106024c0: dummy_return_one(x)
[10:14:47.021] [INFO] [run] subject=13, session=5, speed=9, trial=3, x__rid_x=41960723e1959f90: dummy_return_one(x)
[10:14:47.022] [INFO] [run] subject=13, session=5, speed=9, trial=4, x__rid_x=3ea9385cad3a6003: dummy_return_one(x)
[10:14:47.026] [INFO] [run] subject=13, session=5, speed=9, trial=5, x__rid_x=49eae1c3f33db872: dummy_return_one(x)
[10:14:47.027] [INFO] [run] subject=13, session=5, speed=9, trial=6, x__rid_x=5d6309997a7afb20: dummy_return_one(x)
[10:14:47.028] [INFO] [run] subject=13, session=5, speed=9, trial=7, x__rid_x=bf69d9cad1e01963: dummy_return_one(x)
[10:14:47.031] [INFO] [run] subject=14, session=1, speed=1, trial=1, x__rid_x=bce5ebac7e5982cb: dummy_return_one(x)
[10:14:47.032] [INFO] [run] subject=14, session=1, speed=1, trial=2, x__rid_x=268667e8c75077b2: dummy_return_one(x)
[10:14:47.033] [INFO] [run] subject=14, session=1, speed=1, trial=3, x__rid_x=bbfec43ac46a506b: dummy_return_one(x)
[10:14:47.037] [INFO] [run] subject=14, session=1, speed=1, trial=4, x__rid_x=95e0b7b4df0803fe: dummy_return_one(x)
[10:14:47.038] [INFO] [run] subject=14, session=1, speed=1, trial=5, x__rid_x=761f156e4af50ab0: dummy_return_one(x)
[10:14:47.038] [INFO] [run] subject=14, session=1, speed=1, trial=6, x__rid_x=05208b40f65ed24f: dummy_return_one(x)
[10:14:47.042] [INFO] [run] subject=14, session=1, speed=1, trial=7, x__rid_x=d73dc78b4195cdd1: dummy_return_one(x)
[10:14:47.042] [INFO] [run] subject=14, session=1, speed=10, trial=1, x__rid_x=8d673e0a421973bf: dummy_return_one(x)
[10:14:47.043] [INFO] [run] subject=14, session=1, speed=10, trial=2, x__rid_x=788a2e01fab4e66e: dummy_return_one(x)
[10:14:47.047] [INFO] [run] subject=14, session=1, speed=10, trial=3, x__rid_x=1800f1dd8aa5e812: dummy_return_one(x)
[10:14:47.048] [INFO] [run] subject=14, session=1, speed=10, trial=4, x__rid_x=5fa0bab8ffe59f05: dummy_return_one(x)
[10:14:47.049] [INFO] [run] subject=14, session=1, speed=10, trial=5, x__rid_x=ce5a2971962bc0f6: dummy_return_one(x)
[10:14:47.052] [INFO] [run] subject=14, session=1, speed=10, trial=6, x__rid_x=b1bbe2fdbd74ca10: dummy_return_one(x)
[10:14:47.053] [INFO] [run] subject=14, session=1, speed=10, trial=7, x__rid_x=72ab2627398e0d9e: dummy_return_one(x)
[10:14:47.057] [INFO] [run] subject=14, session=1, speed=2, trial=1, x__rid_x=40b57d970334e535: dummy_return_one(x)
[10:14:47.058] [INFO] [run] subject=14, session=1, speed=2, trial=2, x__rid_x=5341333d454d5813: dummy_return_one(x)
[10:14:47.059] [INFO] [run] subject=14, session=1, speed=2, trial=3, x__rid_x=86a529e263d7b748: dummy_return_one(x)
[10:14:47.062] [INFO] [run] subject=14, session=1, speed=2, trial=4, x__rid_x=967479c4594defbd: dummy_return_one(x)
[10:14:47.063] [INFO] [run] subject=14, session=1, speed=2, trial=5, x__rid_x=a5b45585a54bb53c: dummy_return_one(x)
[10:14:47.064] [INFO] [run] subject=14, session=1, speed=2, trial=6, x__rid_x=ef556a6d6063be9b: dummy_return_one(x)
[10:14:47.068] [INFO] [run] subject=14, session=1, speed=2, trial=7, x__rid_x=d83a9f626802e2d5: dummy_return_one(x)
[10:14:47.069] [INFO] [run] subject=14, session=1, speed=3, trial=1, x__rid_x=06922ff94110a4c9: dummy_return_one(x)
[10:14:47.073] [INFO] [run] subject=14, session=1, speed=3, trial=2, x__rid_x=bca600aa3c18875f: dummy_return_one(x)
[10:14:47.074] [INFO] [run] subject=14, session=1, speed=3, trial=3, x__rid_x=50cff6fcbe57d8a8: dummy_return_one(x)
[10:14:47.074] [INFO] [run] subject=14, session=1, speed=3, trial=4, x__rid_x=b579428702dffc2e: dummy_return_one(x)
[10:14:47.078] [INFO] [run] subject=14, session=1, speed=3, trial=5, x__rid_x=032a1c1b939769bd: dummy_return_one(x)
[10:14:47.079] [INFO] [run] subject=14, session=1, speed=3, trial=6, x__rid_x=9b55abce482ca8f5: dummy_return_one(x)
[10:14:47.079] [INFO] [run] subject=14, session=1, speed=3, trial=7, x__rid_x=ce215dbd9c3147bc: dummy_return_one(x)
[10:14:47.083] [INFO] [run] subject=14, session=1, speed=4, trial=1, x__rid_x=a25bbfabe161eae2: dummy_return_one(x)
[10:14:47.084] [INFO] [run] subject=14, session=1, speed=4, trial=2, x__rid_x=5c8d99b64e3a662e: dummy_return_one(x)
[10:14:47.088] [INFO] [run] subject=14, session=1, speed=4, trial=3, x__rid_x=765001b7160fb473: dummy_return_one(x)
[10:14:47.090] [INFO] [run] subject=14, session=1, speed=4, trial=4, x__rid_x=8377b7e3fc478f27: dummy_return_one(x)
[10:14:47.094] [INFO] [run] subject=14, session=1, speed=4, trial=5, x__rid_x=d09ec49f218348f1: dummy_return_one(x)
[10:14:47.095] [INFO] [run] subject=14, session=1, speed=4, trial=6, x__rid_x=0462997fc6847f7f: dummy_return_one(x)
[10:14:47.095] [INFO] [run] subject=14, session=1, speed=4, trial=7, x__rid_x=70cc549c0960a0b5: dummy_return_one(x)
[10:14:47.099] [INFO] [run] subject=14, session=1, speed=5, trial=1, x__rid_x=2b421cc864576782: dummy_return_one(x)
[10:14:47.099] [INFO] [run] subject=14, session=1, speed=5, trial=2, x__rid_x=d239959cd9a0322f: dummy_return_one(x)
[10:14:47.100] [INFO] [run] subject=14, session=1, speed=5, trial=3, x__rid_x=4b72504d1f7aca24: dummy_return_one(x)
[10:14:47.104] [INFO] [run] subject=14, session=1, speed=5, trial=4, x__rid_x=d02d543436e7b659: dummy_return_one(x)
[10:14:47.105] [INFO] [run] subject=14, session=1, speed=5, trial=5, x__rid_x=fb5dae0dc49284df: dummy_return_one(x)
[10:14:47.109] [INFO] [run] subject=14, session=1, speed=5, trial=6, x__rid_x=004b5f10d30e90ad: dummy_return_one(x)
[10:14:47.110] [INFO] [run] subject=14, session=1, speed=5, trial=7, x__rid_x=b4306f6c1710c393: dummy_return_one(x)
[10:14:47.111] [INFO] [run] subject=14, session=1, speed=6, trial=1, x__rid_x=4913db9dedd63db4: dummy_return_one(x)
[10:14:47.114] [INFO] [run] subject=14, session=1, speed=6, trial=2, x__rid_x=2414339bb68a818b: dummy_return_one(x)
[10:14:47.115] [INFO] [run] subject=14, session=1, speed=6, trial=3, x__rid_x=bc9f13201d61c131: dummy_return_one(x)
[10:14:47.116] [INFO] [run] subject=14, session=1, speed=6, trial=4, x__rid_x=62a2ba2b2932aaa9: dummy_return_one(x)
[10:14:47.120] [INFO] [run] subject=14, session=1, speed=6, trial=5, x__rid_x=8eaa97253f902c74: dummy_return_one(x)
[10:14:47.121] [INFO] [run] subject=14, session=1, speed=6, trial=6, x__rid_x=6b3426877c0bc3fc: dummy_return_one(x)
[10:14:47.125] [INFO] [run] subject=14, session=1, speed=6, trial=7, x__rid_x=2737bfda07e8108a: dummy_return_one(x)
[10:14:47.126] [INFO] [run] subject=14, session=1, speed=7, trial=1, x__rid_x=85fffa6535d72a69: dummy_return_one(x)
[10:14:47.126] [INFO] [run] subject=14, session=1, speed=7, trial=2, x__rid_x=047f5904d9964683: dummy_return_one(x)
[10:14:47.130] [INFO] [run] subject=14, session=1, speed=7, trial=3, x__rid_x=549a6c8ccb1da2c7: dummy_return_one(x)
[10:14:47.131] [INFO] [run] subject=14, session=1, speed=7, trial=4, x__rid_x=3a239c0fbf064188: dummy_return_one(x)
[10:14:47.131] [INFO] [run] subject=14, session=1, speed=7, trial=5, x__rid_x=c0d257838f48668e: dummy_return_one(x)
[10:14:47.135] [INFO] [run] subject=14, session=1, speed=7, trial=6, x__rid_x=44d2d56b1a82e44a: dummy_return_one(x)
[10:14:47.137] [INFO] [run] subject=14, session=1, speed=7, trial=7, x__rid_x=8636760a8b691604: dummy_return_one(x)
[10:14:47.141] [INFO] [run] subject=14, session=1, speed=8, trial=1, x__rid_x=f5dec5e2442092f4: dummy_return_one(x)
[10:14:47.142] [INFO] [run] subject=14, session=1, speed=8, trial=2, x__rid_x=8dcaf499e4c9db7e: dummy_return_one(x)
[10:14:47.142] [INFO] [run] subject=14, session=1, speed=8, trial=3, x__rid_x=0a3b37eb61209c0b: dummy_return_one(x)
[10:14:47.146] [INFO] [run] subject=14, session=1, speed=8, trial=4, x__rid_x=08722f06ed7eb092: dummy_return_one(x)
[10:14:47.146] [INFO] [run] subject=14, session=1, speed=8, trial=5, x__rid_x=c01e3662af39cf41: dummy_return_one(x)
[10:14:47.147] [INFO] [run] subject=14, session=1, speed=8, trial=6, x__rid_x=fb4dde2b2734814f: dummy_return_one(x)
[10:14:47.151] [INFO] [run] subject=14, session=1, speed=8, trial=7, x__rid_x=fcd3f9eb57923282: dummy_return_one(x)
[10:14:47.152] [INFO] [run] subject=14, session=1, speed=9, trial=1, x__rid_x=da57b79e4b5ce528: dummy_return_one(x)
[10:14:47.156] [INFO] [run] subject=14, session=1, speed=9, trial=2, x__rid_x=8fa43aa51a07ce8f: dummy_return_one(x)
[10:14:47.157] [INFO] [run] subject=14, session=1, speed=9, trial=3, x__rid_x=5122e47c3ba92698: dummy_return_one(x)
[10:14:47.158] [INFO] [run] subject=14, session=1, speed=9, trial=4, x__rid_x=acb25fa5d8e955ce: dummy_return_one(x)
[10:14:47.161] [INFO] [run] subject=14, session=1, speed=9, trial=5, x__rid_x=0efc9ef3bdd06bf5: dummy_return_one(x)
[10:14:47.162] [INFO] [run] subject=14, session=1, speed=9, trial=6, x__rid_x=2be431e2b399e79f: dummy_return_one(x)
[10:14:47.163] [INFO] [run] subject=14, session=1, speed=9, trial=7, x__rid_x=b33394571bcffe05: dummy_return_one(x)
[10:14:47.167] [INFO] [run] subject=14, session=2, speed=1, trial=1, x__rid_x=10b95f082330dcd8: dummy_return_one(x)
[10:14:47.168] [INFO] [run] subject=14, session=2, speed=1, trial=2, x__rid_x=cf64efbe36e4933d: dummy_return_one(x)
[10:14:47.172] [INFO] [run] subject=14, session=2, speed=1, trial=3, x__rid_x=1adcd2f952e24a30: dummy_return_one(x)
[10:14:47.173] [INFO] [run] subject=14, session=2, speed=1, trial=4, x__rid_x=3154c3230253e9b3: dummy_return_one(x)
[10:14:47.174] [INFO] [run] subject=14, session=2, speed=1, trial=5, x__rid_x=905b5323755e4d7f: dummy_return_one(x)
[10:14:47.177] [INFO] [run] subject=14, session=2, speed=1, trial=6, x__rid_x=4e5419c269c6c31f: dummy_return_one(x)
[10:14:47.178] [INFO] [run] subject=14, session=2, speed=1, trial=7, x__rid_x=da9ced4d33294726: dummy_return_one(x)
[10:14:47.179] [INFO] [run] subject=14, session=2, speed=10, trial=1, x__rid_x=f8733b481817cc4c: dummy_return_one(x)
[10:14:47.183] [INFO] [run] subject=14, session=2, speed=10, trial=2, x__rid_x=e0caba84987e78b3: dummy_return_one(x)
[10:14:47.183] [INFO] [run] subject=14, session=2, speed=10, trial=3, x__rid_x=2065361a02ea5acb: dummy_return_one(x)
[10:14:47.184] [INFO] [run] subject=14, session=2, speed=10, trial=4, x__rid_x=31b7ae766b39b5dc: dummy_return_one(x)
[10:14:47.185] [INFO] [run] subject=14, session=2, speed=10, trial=5, x__rid_x=8825bf32308ee17f: dummy_return_one(x)
[10:14:47.188] [INFO] [run] subject=14, session=2, speed=10, trial=6, x__rid_x=301c9e9a5390ad53: dummy_return_one(x)
[10:14:47.189] [INFO] [run] subject=14, session=2, speed=10, trial=7, x__rid_x=6b14ebe9aba2ac9e: dummy_return_one(x)
[10:14:47.190] [INFO] [run] subject=14, session=2, speed=2, trial=1, x__rid_x=38a2602773a46a8c: dummy_return_one(x)
[10:14:47.194] [INFO] [run] subject=14, session=2, speed=2, trial=2, x__rid_x=d2fc6606664e9887: dummy_return_one(x)
[10:14:47.194] [INFO] [run] subject=14, session=2, speed=2, trial=3, x__rid_x=33d3cc9782a3fe2f: dummy_return_one(x)
[10:14:47.195] [INFO] [run] subject=14, session=2, speed=2, trial=4, x__rid_x=92dd56f866aaade8: dummy_return_one(x)
[10:14:47.199] [INFO] [run] subject=14, session=2, speed=2, trial=5, x__rid_x=16486ddb369d888a: dummy_return_one(x)
[10:14:47.199] [INFO] [run] subject=14, session=2, speed=2, trial=6, x__rid_x=89b56a09095d79bd: dummy_return_one(x)
[10:14:47.200] [INFO] [run] subject=14, session=2, speed=2, trial=7, x__rid_x=2320ec0008ecc715: dummy_return_one(x)
[10:14:47.204] [INFO] [run] subject=14, session=2, speed=3, trial=1, x__rid_x=0a323723a43d0c1b: dummy_return_one(x)
[10:14:47.205] [INFO] [run] subject=14, session=2, speed=3, trial=2, x__rid_x=bd02338aa8b71acc: dummy_return_one(x)
[10:14:47.209] [INFO] [run] subject=14, session=2, speed=3, trial=3, x__rid_x=cc21e2877c04fd8b: dummy_return_one(x)
[10:14:47.210] [INFO] [run] subject=14, session=2, speed=3, trial=4, x__rid_x=b57dc3adb21d4c16: dummy_return_one(x)
[10:14:47.211] [INFO] [run] subject=14, session=2, speed=3, trial=5, x__rid_x=c1a3c83318f95bc7: dummy_return_one(x)
[10:14:47.215] [INFO] [run] subject=14, session=2, speed=3, trial=6, x__rid_x=0906140dc70f3b5d: dummy_return_one(x)
[10:14:47.215] [INFO] [run] subject=14, session=2, speed=3, trial=7, x__rid_x=e1872215b605288d: dummy_return_one(x)
[10:14:47.216] [INFO] [run] subject=14, session=2, speed=4, trial=1, x__rid_x=d993032fa038b9a8: dummy_return_one(x)
[10:14:47.220] [INFO] [run] subject=14, session=2, speed=4, trial=2, x__rid_x=699f60ab9b5da6f1: dummy_return_one(x)
[10:14:47.221] [INFO] [run] subject=14, session=2, speed=4, trial=3, x__rid_x=eb272da7e6fb0692: dummy_return_one(x)
[10:14:47.225] [INFO] [run] subject=14, session=2, speed=4, trial=4, x__rid_x=b1dd80b8663bd5c1: dummy_return_one(x)
[10:14:47.226] [INFO] [run] subject=14, session=2, speed=4, trial=5, x__rid_x=6839a6bd5b8857f2: dummy_return_one(x)
[10:14:47.227] [INFO] [run] subject=14, session=2, speed=4, trial=6, x__rid_x=83536caa3f2db9d0: dummy_return_one(x)
[10:14:47.231] [INFO] [run] subject=14, session=2, speed=4, trial=7, x__rid_x=e051c55cc4606185: dummy_return_one(x)
[10:14:47.231] [INFO] [run] subject=14, session=2, speed=5, trial=1, x__rid_x=05602682fdec2754: dummy_return_one(x)
[10:14:47.232] [INFO] [run] subject=14, session=2, speed=5, trial=2, x__rid_x=16cd214c65ce31c0: dummy_return_one(x)
[10:14:47.236] [INFO] [run] subject=14, session=2, speed=5, trial=3, x__rid_x=5c359b13f23c61d0: dummy_return_one(x)
[10:14:47.237] [INFO] [run] subject=14, session=2, speed=5, trial=4, x__rid_x=f474c2f1c3a9b21b: dummy_return_one(x)
[10:14:47.241] [INFO] [run] subject=14, session=2, speed=5, trial=5, x__rid_x=1efdd5d1a15aafbe: dummy_return_one(x)
[10:14:47.242] [INFO] [run] subject=14, session=2, speed=5, trial=6, x__rid_x=e40dfc4d6b2dc6aa: dummy_return_one(x)
[10:14:47.243] [INFO] [run] subject=14, session=2, speed=5, trial=7, x__rid_x=c116b26bbbadb013: dummy_return_one(x)
[10:14:47.247] [INFO] [run] subject=14, session=2, speed=6, trial=1, x__rid_x=353c2f5f248b9952: dummy_return_one(x)
[10:14:47.247] [INFO] [run] subject=14, session=2, speed=6, trial=2, x__rid_x=98f8d6c1fcae62cd: dummy_return_one(x)
[10:14:47.248] [INFO] [run] subject=14, session=2, speed=6, trial=3, x__rid_x=e2c92c5a1d7ecddd: dummy_return_one(x)
[10:14:47.252] [INFO] [run] subject=14, session=2, speed=6, trial=4, x__rid_x=27e7467a7ad665ee: dummy_return_one(x)
[10:14:47.253] [INFO] [run] subject=14, session=2, speed=6, trial=5, x__rid_x=9e6a6c7fe28bc37f: dummy_return_one(x)
[10:14:47.257] [INFO] [run] subject=14, session=2, speed=6, trial=6, x__rid_x=d71111b9d4206661: dummy_return_one(x)
[10:14:47.258] [INFO] [run] subject=14, session=2, speed=6, trial=7, x__rid_x=15e1f82b2cb90abc: dummy_return_one(x)
[10:14:47.259] [INFO] [run] subject=14, session=2, speed=7, trial=1, x__rid_x=10060848d8786931: dummy_return_one(x)
[10:14:47.263] [INFO] [run] subject=14, session=2, speed=7, trial=2, x__rid_x=8b90044b1b287b88: dummy_return_one(x)
[10:14:47.263] [INFO] [run] subject=14, session=2, speed=7, trial=3, x__rid_x=8ed437b659a338f2: dummy_return_one(x)
[10:14:47.264] [INFO] [run] subject=14, session=2, speed=7, trial=4, x__rid_x=99b33dcae1839e6d: dummy_return_one(x)
[10:14:47.268] [INFO] [run] subject=14, session=2, speed=7, trial=5, x__rid_x=0500dd97d8d7c78b: dummy_return_one(x)
[10:14:47.269] [INFO] [run] subject=14, session=2, speed=7, trial=6, x__rid_x=fbdbcd6eaad3f1c3: dummy_return_one(x)
[10:14:47.273] [INFO] [run] subject=14, session=2, speed=7, trial=7, x__rid_x=b5488366848f7bab: dummy_return_one(x)
[10:14:47.274] [INFO] [run] subject=14, session=2, speed=8, trial=1, x__rid_x=24c63b65e9e3fe11: dummy_return_one(x)
[10:14:47.275] [INFO] [run] subject=14, session=2, speed=8, trial=2, x__rid_x=3c2f3f81baddb8ea: dummy_return_one(x)
[10:14:47.279] [INFO] [run] subject=14, session=2, speed=8, trial=3, x__rid_x=243e145a4d287131: dummy_return_one(x)
[10:14:47.279] [INFO] [run] subject=14, session=2, speed=8, trial=4, x__rid_x=d55782d013c809e7: dummy_return_one(x)
[10:14:47.280] [INFO] [run] subject=14, session=2, speed=8, trial=5, x__rid_x=5d492fad793afaa4: dummy_return_one(x)
[10:14:47.284] [INFO] [run] subject=14, session=2, speed=8, trial=6, x__rid_x=0385b263a75e0d70: dummy_return_one(x)
[10:14:47.285] [INFO] [run] subject=14, session=2, speed=8, trial=7, x__rid_x=429c9b64c5cca048: dummy_return_one(x)
[10:14:47.290] [INFO] [run] subject=14, session=2, speed=9, trial=1, x__rid_x=55d3bd57aabf01fa: dummy_return_one(x)
[10:14:47.290] [INFO] [run] subject=14, session=2, speed=9, trial=2, x__rid_x=b8f40a3b45249cef: dummy_return_one(x)
[10:14:47.291] [INFO] [run] subject=14, session=2, speed=9, trial=3, x__rid_x=00bf9b62935a0f0c: dummy_return_one(x)
[10:14:47.295] [INFO] [run] subject=14, session=2, speed=9, trial=4, x__rid_x=05d3b789c1cd507a: dummy_return_one(x)
[10:14:47.296] [INFO] [run] subject=14, session=2, speed=9, trial=5, x__rid_x=7c8546bb2731db00: dummy_return_one(x)
[10:14:47.296] [INFO] [run] subject=14, session=2, speed=9, trial=6, x__rid_x=f266575f3c818651: dummy_return_one(x)
[10:14:47.300] [INFO] [run] subject=14, session=2, speed=9, trial=7, x__rid_x=3d6a4ed2d98a6716: dummy_return_one(x)
[10:14:47.301] [INFO] [run] subject=14, session=3, speed=1, trial=1, x__rid_x=11a67e275b1754f7: dummy_return_one(x)
[10:14:47.302] [INFO] [run] subject=14, session=3, speed=1, trial=2, x__rid_x=5530615797535084: dummy_return_one(x)
[10:14:47.306] [INFO] [run] subject=14, session=3, speed=1, trial=3, x__rid_x=1b85e619d80a53d6: dummy_return_one(x)
[10:14:47.307] [INFO] [run] subject=14, session=3, speed=1, trial=4, x__rid_x=346d0b699b136a2e: dummy_return_one(x)
[10:14:47.307] [INFO] [run] subject=14, session=3, speed=1, trial=5, x__rid_x=b3800f62fee780b9: dummy_return_one(x)
[10:14:47.311] [INFO] [run] subject=14, session=3, speed=1, trial=6, x__rid_x=d3c470a9f6973eea: dummy_return_one(x)
[10:14:47.312] [INFO] [run] subject=14, session=3, speed=1, trial=7, x__rid_x=7f1332e3dd5d945c: dummy_return_one(x)
[10:14:47.313] [INFO] [run] subject=14, session=3, speed=10, trial=1, x__rid_x=7acf5d7b0a2743e7: dummy_return_one(x)
[10:14:47.316] [INFO] [run] subject=14, session=3, speed=10, trial=2, x__rid_x=6bbcd28c96a1e28f: dummy_return_one(x)
[10:14:47.317] [INFO] [run] subject=14, session=3, speed=10, trial=3, x__rid_x=cec2fe0e08d79e42: dummy_return_one(x)
[10:14:47.318] [INFO] [run] subject=14, session=3, speed=10, trial=4, x__rid_x=ad65016251ba7d3f: dummy_return_one(x)
[10:14:47.322] [INFO] [run] subject=14, session=3, speed=10, trial=5, x__rid_x=e64064b6ada10707: dummy_return_one(x)
[10:14:47.323] [INFO] [run] subject=14, session=3, speed=10, trial=6, x__rid_x=829c571a94b09f76: dummy_return_one(x)
[10:14:47.324] [INFO] [run] subject=14, session=3, speed=10, trial=7, x__rid_x=157190d430267bb0: dummy_return_one(x)
[10:14:47.327] [INFO] [run] subject=14, session=3, speed=2, trial=1, x__rid_x=7403d51dd035fae1: dummy_return_one(x)
[10:14:47.328] [INFO] [run] subject=14, session=3, speed=2, trial=2, x__rid_x=a127dc56a7c1e92d: dummy_return_one(x)
[10:14:47.329] [INFO] [run] subject=14, session=3, speed=2, trial=3, x__rid_x=75cb6088b884eecf: dummy_return_one(x)
[10:14:47.333] [INFO] [run] subject=14, session=3, speed=2, trial=4, x__rid_x=21d3febe7ac06a7a: dummy_return_one(x)
[10:14:47.333] [INFO] [run] subject=14, session=3, speed=2, trial=5, x__rid_x=1f06e1631599b2f9: dummy_return_one(x)
[10:14:47.334] [INFO] [run] subject=14, session=3, speed=2, trial=6, x__rid_x=bfc107473c73af96: dummy_return_one(x)
[10:14:47.338] [INFO] [run] subject=14, session=3, speed=2, trial=7, x__rid_x=8e61652844a16de1: dummy_return_one(x)
[10:14:47.339] [INFO] [run] subject=14, session=3, speed=3, trial=1, x__rid_x=54c725e062f3e6cc: dummy_return_one(x)
[10:14:47.340] [INFO] [run] subject=14, session=3, speed=3, trial=2, x__rid_x=e615b21ffaef284f: dummy_return_one(x)
[10:14:47.344] [INFO] [run] subject=14, session=3, speed=3, trial=3, x__rid_x=ce99f133938db4a0: dummy_return_one(x)
[10:14:47.344] [INFO] [run] subject=14, session=3, speed=3, trial=4, x__rid_x=5537415efe1f5b77: dummy_return_one(x)
[10:14:47.345] [INFO] [run] subject=14, session=3, speed=3, trial=5, x__rid_x=b382130fe48cdea1: dummy_return_one(x)
[10:14:47.349] [INFO] [run] subject=14, session=3, speed=3, trial=6, x__rid_x=5560cfbc31dec523: dummy_return_one(x)
[10:14:47.350] [INFO] [run] subject=14, session=3, speed=3, trial=7, x__rid_x=4284be9f744dd311: dummy_return_one(x)
[10:14:47.351] [INFO] [run] subject=14, session=3, speed=4, trial=1, x__rid_x=a5834ca6b16b932e: dummy_return_one(x)
[10:14:47.355] [INFO] [run] subject=14, session=3, speed=4, trial=2, x__rid_x=5df292a37b44f90a: dummy_return_one(x)
[10:14:47.356] [INFO] [run] subject=14, session=3, speed=4, trial=3, x__rid_x=bf80f480259300ad: dummy_return_one(x)
[10:14:47.356] [INFO] [run] subject=14, session=3, speed=4, trial=4, x__rid_x=4a39928270673b4d: dummy_return_one(x)
[10:14:47.360] [INFO] [run] subject=14, session=3, speed=4, trial=5, x__rid_x=dd561e274bef3226: dummy_return_one(x)
[10:14:47.361] [INFO] [run] subject=14, session=3, speed=4, trial=6, x__rid_x=9cd0f6e3ff67e7be: dummy_return_one(x)
[10:14:47.361] [INFO] [run] subject=14, session=3, speed=4, trial=7, x__rid_x=5be6e04dd5378b26: dummy_return_one(x)
[10:14:47.365] [INFO] [run] subject=14, session=3, speed=5, trial=1, x__rid_x=4ac77cf2baff3d82: dummy_return_one(x)
[10:14:47.366] [INFO] [run] subject=14, session=3, speed=5, trial=2, x__rid_x=5deacdc172c270fa: dummy_return_one(x)
[10:14:47.367] [INFO] [run] subject=14, session=3, speed=5, trial=3, x__rid_x=4f3ebe51c53c058b: dummy_return_one(x)
[10:14:47.371] [INFO] [run] subject=14, session=3, speed=5, trial=4, x__rid_x=a2cee0a8b12e39ff: dummy_return_one(x)
[10:14:47.372] [INFO] [run] subject=14, session=3, speed=5, trial=5, x__rid_x=5061642971334e16: dummy_return_one(x)
[10:14:47.376] [INFO] [run] subject=14, session=3, speed=5, trial=6, x__rid_x=652eb8554eaf3017: dummy_return_one(x)
[10:14:47.377] [INFO] [run] subject=14, session=3, speed=5, trial=7, x__rid_x=c7caeec18c0b6961: dummy_return_one(x)
[10:14:47.378] [INFO] [run] subject=14, session=3, speed=6, trial=1, x__rid_x=37b460b7695c7182: dummy_return_one(x)
[10:14:47.382] [INFO] [run] subject=14, session=3, speed=6, trial=2, x__rid_x=69b37ea46ae8fd92: dummy_return_one(x)
[10:14:47.382] [INFO] [run] subject=14, session=3, speed=6, trial=3, x__rid_x=d418181f5fccd5c5: dummy_return_one(x)
[10:14:47.383] [INFO] [run] subject=14, session=3, speed=6, trial=4, x__rid_x=50f827cf478f59c0: dummy_return_one(x)
[10:14:47.387] [INFO] [run] subject=14, session=3, speed=6, trial=5, x__rid_x=80729e695c9c84d3: dummy_return_one(x)
[10:14:47.389] [INFO] [run] subject=14, session=3, speed=6, trial=6, x__rid_x=1d3db261086aae8c: dummy_return_one(x)
[10:14:47.393] [INFO] [run] subject=14, session=3, speed=6, trial=7, x__rid_x=94016b62200e2f85: dummy_return_one(x)
[10:14:47.393] [INFO] [run] subject=14, session=3, speed=7, trial=1, x__rid_x=c342f32849ea5da6: dummy_return_one(x)
[10:14:47.394] [INFO] [run] subject=14, session=3, speed=7, trial=2, x__rid_x=4893923539c3253c: dummy_return_one(x)
[10:14:47.398] [INFO] [run] subject=14, session=3, speed=7, trial=3, x__rid_x=ec9f2b576190899b: dummy_return_one(x)
[10:14:47.399] [INFO] [run] subject=14, session=3, speed=7, trial=4, x__rid_x=a12091bdc0e6f801: dummy_return_one(x)
[10:14:47.400] [INFO] [run] subject=14, session=3, speed=7, trial=5, x__rid_x=ede33397f9009b1b: dummy_return_one(x)
[10:14:47.404] [INFO] [run] subject=14, session=3, speed=7, trial=6, x__rid_x=882ab7ece5439620: dummy_return_one(x)
[10:14:47.405] [INFO] [run] subject=14, session=3, speed=7, trial=7, x__rid_x=536396563b0fdf53: dummy_return_one(x)
[10:14:47.405] [INFO] [run] subject=14, session=3, speed=8, trial=1, x__rid_x=c46421c136d4800f: dummy_return_one(x)
[10:14:47.409] [INFO] [run] subject=14, session=3, speed=8, trial=2, x__rid_x=ba7078626d4e1fe4: dummy_return_one(x)
[10:14:47.410] [INFO] [run] subject=14, session=3, speed=8, trial=3, x__rid_x=98cff2f540ce1c4e: dummy_return_one(x)
[10:14:47.411] [INFO] [run] subject=14, session=3, speed=8, trial=4, x__rid_x=7e5a25fae8a4ca46: dummy_return_one(x)
[10:14:47.414] [INFO] [run] subject=14, session=3, speed=8, trial=5, x__rid_x=cb7bb3b0a93d8364: dummy_return_one(x)
[10:14:47.415] [INFO] [run] subject=14, session=3, speed=8, trial=6, x__rid_x=7bf14e8d9f41b25d: dummy_return_one(x)
[10:14:47.416] [INFO] [run] subject=14, session=3, speed=8, trial=7, x__rid_x=f331414404152a87: dummy_return_one(x)
[10:14:47.420] [INFO] [run] subject=14, session=3, speed=9, trial=1, x__rid_x=636dd810356704bb: dummy_return_one(x)
[10:14:47.421] [INFO] [run] subject=14, session=3, speed=9, trial=2, x__rid_x=94882271c19fd8c8: dummy_return_one(x)
[10:14:47.425] [INFO] [run] subject=14, session=3, speed=9, trial=3, x__rid_x=f23e178074827327: dummy_return_one(x)
[10:14:47.426] [INFO] [run] subject=14, session=3, speed=9, trial=4, x__rid_x=95a1abd6ad689522: dummy_return_one(x)
[10:14:47.427] [INFO] [run] subject=14, session=3, speed=9, trial=5, x__rid_x=a05efea0fd52b9f2: dummy_return_one(x)
[10:14:47.431] [INFO] [run] subject=14, session=3, speed=9, trial=6, x__rid_x=68858881b90b78df: dummy_return_one(x)
[10:14:47.432] [INFO] [run] subject=14, session=3, speed=9, trial=7, x__rid_x=29723cde9546bc1f: dummy_return_one(x)
[10:14:47.432] [INFO] [run] subject=14, session=4, speed=1, trial=1, x__rid_x=c22457836f31a627: dummy_return_one(x)
[10:14:47.436] [INFO] [run] subject=14, session=4, speed=1, trial=2, x__rid_x=ea794cfe2ccf02f2: dummy_return_one(x)
[10:14:47.438] [INFO] [run] subject=14, session=4, speed=1, trial=3, x__rid_x=d7fc972f626badb3: dummy_return_one(x)
[10:14:47.442] [INFO] [run] subject=14, session=4, speed=1, trial=4, x__rid_x=c094654f57bcf650: dummy_return_one(x)
[10:14:47.443] [INFO] [run] subject=14, session=4, speed=1, trial=5, x__rid_x=e66bdff85f13ce92: dummy_return_one(x)
[10:14:47.444] [INFO] [run] subject=14, session=4, speed=1, trial=6, x__rid_x=b1ea5443d22a09c0: dummy_return_one(x)
[10:14:47.447] [INFO] [run] subject=14, session=4, speed=1, trial=7, x__rid_x=4885b45fa51a0ec4: dummy_return_one(x)
[10:14:47.448] [INFO] [run] subject=14, session=4, speed=10, trial=1, x__rid_x=98353a0030d54ea0: dummy_return_one(x)
[10:14:47.449] [INFO] [run] subject=14, session=4, speed=10, trial=2, x__rid_x=5c6fa6497579f06d: dummy_return_one(x)
[10:14:47.453] [INFO] [run] subject=14, session=4, speed=10, trial=3, x__rid_x=4e1b85a18273f5b1: dummy_return_one(x)
[10:14:47.454] [INFO] [run] subject=14, session=4, speed=10, trial=4, x__rid_x=867aa781ddd85aae: dummy_return_one(x)
[10:14:47.458] [INFO] [run] subject=14, session=4, speed=10, trial=5, x__rid_x=b419ba7d16e67421: dummy_return_one(x)
[10:14:47.459] [INFO] [run] subject=14, session=4, speed=10, trial=6, x__rid_x=c8c61052f6266155: dummy_return_one(x)
[10:14:47.460] [INFO] [run] subject=14, session=4, speed=10, trial=7, x__rid_x=cea4d6ea52863c70: dummy_return_one(x)
[10:14:47.464] [INFO] [run] subject=14, session=4, speed=2, trial=1, x__rid_x=b96b0f866f5ec628: dummy_return_one(x)
[10:14:47.465] [INFO] [run] subject=14, session=4, speed=2, trial=2, x__rid_x=a36b738eb1998b10: dummy_return_one(x)
[10:14:47.466] [INFO] [run] subject=14, session=4, speed=2, trial=3, x__rid_x=6ad44f42d53a7354: dummy_return_one(x)
[10:14:47.470] [INFO] [run] subject=14, session=4, speed=2, trial=4, x__rid_x=07647cfccbc9c467: dummy_return_one(x)
[10:14:47.471] [INFO] [run] subject=14, session=4, speed=2, trial=5, x__rid_x=5abff0d6c1cb8b61: dummy_return_one(x)
[10:14:47.475] [INFO] [run] subject=14, session=4, speed=2, trial=6, x__rid_x=2e4a573d412e5a14: dummy_return_one(x)
[10:14:47.476] [INFO] [run] subject=14, session=4, speed=2, trial=7, x__rid_x=2ae7d3b804a62914: dummy_return_one(x)
[10:14:47.477] [INFO] [run] subject=14, session=4, speed=3, trial=1, x__rid_x=7fbd304d6393cbc2: dummy_return_one(x)
[10:14:47.481] [INFO] [run] subject=14, session=4, speed=3, trial=2, x__rid_x=5119d896c8252fa4: dummy_return_one(x)
[10:14:47.482] [INFO] [run] subject=14, session=4, speed=3, trial=3, x__rid_x=fd4015ebb4cb3224: dummy_return_one(x)
[10:14:47.482] [INFO] [run] subject=14, session=4, speed=3, trial=4, x__rid_x=bf976d8bbb594d99: dummy_return_one(x)
[10:14:47.486] [INFO] [run] subject=14, session=4, speed=3, trial=5, x__rid_x=bf30fb064548eeed: dummy_return_one(x)
[10:14:47.487] [INFO] [run] subject=14, session=4, speed=3, trial=6, x__rid_x=76db8e0d31ba60bf: dummy_return_one(x)
[10:14:47.492] [INFO] [run] subject=14, session=4, speed=3, trial=7, x__rid_x=21da6d67576a4185: dummy_return_one(x)
[10:14:47.492] [INFO] [run] subject=14, session=4, speed=4, trial=1, x__rid_x=b0c33dfb15e8bfe1: dummy_return_one(x)
[10:14:47.493] [INFO] [run] subject=14, session=4, speed=4, trial=2, x__rid_x=3da6f414740bae87: dummy_return_one(x)
[10:14:47.497] [INFO] [run] subject=14, session=4, speed=4, trial=3, x__rid_x=71f7b4e56b99f32c: dummy_return_one(x)
[10:14:47.498] [INFO] [run] subject=14, session=4, speed=4, trial=4, x__rid_x=66f2b6a3fe125bd4: dummy_return_one(x)
[10:14:47.499] [INFO] [run] subject=14, session=4, speed=4, trial=5, x__rid_x=e9d5bd4cd7a4ccb6: dummy_return_one(x)
[10:14:47.503] [INFO] [run] subject=14, session=4, speed=4, trial=6, x__rid_x=f812b67a9ed15175: dummy_return_one(x)
[10:14:47.504] [INFO] [run] subject=14, session=4, speed=4, trial=7, x__rid_x=ce8916b2355f53b2: dummy_return_one(x)
[10:14:47.505] [INFO] [run] subject=14, session=4, speed=5, trial=1, x__rid_x=0d38439bfc2bd528: dummy_return_one(x)
[10:14:47.509] [INFO] [run] subject=14, session=4, speed=5, trial=2, x__rid_x=29de5c4aecfda851: dummy_return_one(x)
[10:14:47.509] [INFO] [run] subject=14, session=4, speed=5, trial=3, x__rid_x=f85847286e7a1009: dummy_return_one(x)
[10:14:47.510] [INFO] [run] subject=14, session=4, speed=5, trial=4, x__rid_x=aa9fa5541e96cbca: dummy_return_one(x)
[10:14:47.514] [INFO] [run] subject=14, session=4, speed=5, trial=5, x__rid_x=5ae46a45630c2370: dummy_return_one(x)
[10:14:47.515] [INFO] [run] subject=14, session=4, speed=5, trial=6, x__rid_x=6864c9f4c9b4e19c: dummy_return_one(x)
[10:14:47.516] [INFO] [run] subject=14, session=4, speed=5, trial=7, x__rid_x=e71799741120b809: dummy_return_one(x)
[10:14:47.520] [INFO] [run] subject=14, session=4, speed=6, trial=1, x__rid_x=a461bb53b4ed16af: dummy_return_one(x)
[10:14:47.521] [INFO] [run] subject=14, session=4, speed=6, trial=2, x__rid_x=5e31d4a8611fd9be: dummy_return_one(x)
[10:14:47.526] [INFO] [run] subject=14, session=4, speed=6, trial=3, x__rid_x=c837c52ca65e10fe: dummy_return_one(x)
[10:14:47.526] [INFO] [run] subject=14, session=4, speed=6, trial=4, x__rid_x=3ea51060c1771c1a: dummy_return_one(x)
[10:14:47.527] [INFO] [run] subject=14, session=4, speed=6, trial=5, x__rid_x=32f2e7a3c4d0a260: dummy_return_one(x)
[10:14:47.531] [INFO] [run] subject=14, session=4, speed=6, trial=6, x__rid_x=a659fc939da443ce: dummy_return_one(x)
[10:14:47.532] [INFO] [run] subject=14, session=4, speed=6, trial=7, x__rid_x=2982d66a455bc031: dummy_return_one(x)
[10:14:47.537] [INFO] [run] subject=14, session=4, speed=7, trial=1, x__rid_x=99de6e68554131bb: dummy_return_one(x)
[10:14:47.538] [INFO] [run] subject=14, session=4, speed=7, trial=2, x__rid_x=decbd9e3aca01058: dummy_return_one(x)
[10:14:47.539] [INFO] [run] subject=14, session=4, speed=7, trial=3, x__rid_x=74da809759a90d8d: dummy_return_one(x)
[10:14:47.542] [INFO] [run] subject=14, session=4, speed=7, trial=4, x__rid_x=2b6eba9e75f59bef: dummy_return_one(x)
[10:14:47.543] [INFO] [run] subject=14, session=4, speed=7, trial=5, x__rid_x=3835e6832fb5577e: dummy_return_one(x)
[10:14:47.544] [INFO] [run] subject=14, session=4, speed=7, trial=6, x__rid_x=170da5ccdd8658d1: dummy_return_one(x)
[10:14:47.548] [INFO] [run] subject=14, session=4, speed=7, trial=7, x__rid_x=4be87f5afa7caaaf: dummy_return_one(x)
[10:14:47.549] [INFO] [run] subject=14, session=4, speed=8, trial=1, x__rid_x=b2b1142164137ef7: dummy_return_one(x)
[10:14:47.550] [INFO] [run] subject=14, session=4, speed=8, trial=2, x__rid_x=27cedea8533eef55: dummy_return_one(x)
[10:14:47.554] [INFO] [run] subject=14, session=4, speed=8, trial=3, x__rid_x=e60597a46a7b351a: dummy_return_one(x)
[10:14:47.555] [INFO] [run] subject=14, session=4, speed=8, trial=4, x__rid_x=9874c4093a8ff5b8: dummy_return_one(x)
[10:14:47.559] [INFO] [run] subject=14, session=4, speed=8, trial=5, x__rid_x=10a92933218573d7: dummy_return_one(x)
[10:14:47.560] [INFO] [run] subject=14, session=4, speed=8, trial=6, x__rid_x=d726e429ebd0766e: dummy_return_one(x)
[10:14:47.561] [INFO] [run] subject=14, session=4, speed=8, trial=7, x__rid_x=365bff78d913d91f: dummy_return_one(x)
[10:14:47.565] [INFO] [run] subject=14, session=4, speed=9, trial=1, x__rid_x=9cc63fd51cdf0844: dummy_return_one(x)
[10:14:47.565] [INFO] [run] subject=14, session=4, speed=9, trial=2, x__rid_x=c29dbb15840df77e: dummy_return_one(x)
[10:14:47.566] [INFO] [run] subject=14, session=4, speed=9, trial=3, x__rid_x=9422927171a7e65d: dummy_return_one(x)
[10:14:47.570] [INFO] [run] subject=14, session=4, speed=9, trial=4, x__rid_x=789cd323d3544954: dummy_return_one(x)
[10:14:47.571] [INFO] [run] subject=14, session=4, speed=9, trial=5, x__rid_x=4f30af6e0bfb700f: dummy_return_one(x)
[10:14:47.576] [INFO] [run] subject=14, session=4, speed=9, trial=6, x__rid_x=56689d649dc8c0a2: dummy_return_one(x)
[10:14:47.577] [INFO] [run] subject=14, session=4, speed=9, trial=7, x__rid_x=d1fa746626b6311b: dummy_return_one(x)
[10:14:47.577] [INFO] [run] subject=14, session=5, speed=1, trial=1, x__rid_x=f3b46a7083af6437: dummy_return_one(x)
[10:14:47.581] [INFO] [run] subject=14, session=5, speed=1, trial=2, x__rid_x=81ab09a0dc51552d: dummy_return_one(x)
[10:14:47.582] [INFO] [run] subject=14, session=5, speed=1, trial=3, x__rid_x=002e902f5031ce0b: dummy_return_one(x)
[10:14:47.583] [INFO] [run] subject=14, session=5, speed=1, trial=4, x__rid_x=5178bc223f1276a1: dummy_return_one(x)
[10:14:47.587] [INFO] [run] subject=14, session=5, speed=1, trial=5, x__rid_x=0b34949af10b1218: dummy_return_one(x)
[10:14:47.588] [INFO] [run] subject=14, session=5, speed=1, trial=6, x__rid_x=49f684b52008b29c: dummy_return_one(x)
[10:14:47.593] [INFO] [run] subject=14, session=5, speed=1, trial=7, x__rid_x=cf205d81862fbb4c: dummy_return_one(x)
[10:14:47.593] [INFO] [run] subject=14, session=5, speed=10, trial=1, x__rid_x=d07bddf2771a1bfb: dummy_return_one(x)
[10:14:47.594] [INFO] [run] subject=14, session=5, speed=10, trial=2, x__rid_x=b5426f30051b337e: dummy_return_one(x)
[10:14:47.598] [INFO] [run] subject=14, session=5, speed=10, trial=3, x__rid_x=70753774cf975266: dummy_return_one(x)
[10:14:47.599] [INFO] [run] subject=14, session=5, speed=10, trial=4, x__rid_x=02f2b7a311f086ce: dummy_return_one(x)
[10:14:47.600] [INFO] [run] subject=14, session=5, speed=10, trial=5, x__rid_x=c69db35724805dc0: dummy_return_one(x)
[10:14:47.604] [INFO] [run] subject=14, session=5, speed=10, trial=6, x__rid_x=3c34b4bce6673293: dummy_return_one(x)
[10:14:47.605] [INFO] [run] subject=14, session=5, speed=10, trial=7, x__rid_x=3e2d142aa6588964: dummy_return_one(x)
[10:14:47.606] [INFO] [run] subject=14, session=5, speed=2, trial=1, x__rid_x=3554a057fd82588b: dummy_return_one(x)
[10:14:47.609] [INFO] [run] subject=14, session=5, speed=2, trial=2, x__rid_x=a6d0db3e6a457ea0: dummy_return_one(x)
[10:14:47.610] [INFO] [run] subject=14, session=5, speed=2, trial=3, x__rid_x=09616d6de7b8ba52: dummy_return_one(x)
[10:14:47.611] [INFO] [run] subject=14, session=5, speed=2, trial=4, x__rid_x=d84c677a65464f66: dummy_return_one(x)
[10:14:47.615] [INFO] [run] subject=14, session=5, speed=2, trial=5, x__rid_x=3cd3d9dc58902222: dummy_return_one(x)
[10:14:47.616] [INFO] [run] subject=14, session=5, speed=2, trial=6, x__rid_x=3004cb480a04f8d9: dummy_return_one(x)
[10:14:47.616] [INFO] [run] subject=14, session=5, speed=2, trial=7, x__rid_x=977de8ed21f394af: dummy_return_one(x)
[10:14:47.621] [INFO] [run] subject=14, session=5, speed=3, trial=1, x__rid_x=cddb0f4c1dffd345: dummy_return_one(x)
[10:14:47.622] [INFO] [run] subject=14, session=5, speed=3, trial=2, x__rid_x=b190fe89354caeab: dummy_return_one(x)
[10:14:47.626] [INFO] [run] subject=14, session=5, speed=3, trial=3, x__rid_x=a43cd90070e5b556: dummy_return_one(x)
[10:14:47.627] [INFO] [run] subject=14, session=5, speed=3, trial=4, x__rid_x=2b0e07650ef3ea31: dummy_return_one(x)
[10:14:47.628] [INFO] [run] subject=14, session=5, speed=3, trial=5, x__rid_x=34d4f04054031eff: dummy_return_one(x)
[10:14:47.632] [INFO] [run] subject=14, session=5, speed=3, trial=6, x__rid_x=18754214affa3697: dummy_return_one(x)
[10:14:47.633] [INFO] [run] subject=14, session=5, speed=3, trial=7, x__rid_x=ff2717fc6a5c1d93: dummy_return_one(x)
[10:14:47.633] [INFO] [run] subject=14, session=5, speed=4, trial=1, x__rid_x=b683869bf5ee3ec3: dummy_return_one(x)
[10:14:47.637] [INFO] [run] subject=14, session=5, speed=4, trial=2, x__rid_x=fd8fc17a70083e13: dummy_return_one(x)
[10:14:47.638] [INFO] [run] subject=14, session=5, speed=4, trial=3, x__rid_x=ceba369d9d99cf0d: dummy_return_one(x)
[10:14:47.639] [INFO] [run] subject=14, session=5, speed=4, trial=4, x__rid_x=274fa15a7c978a91: dummy_return_one(x)
[10:14:47.643] [INFO] [run] subject=14, session=5, speed=4, trial=5, x__rid_x=0096f2a2b3eff55e: dummy_return_one(x)
[10:14:47.644] [INFO] [run] subject=14, session=5, speed=4, trial=6, x__rid_x=bb7a39868ea24e8f: dummy_return_one(x)
[10:14:47.644] [INFO] [run] subject=14, session=5, speed=4, trial=7, x__rid_x=922acb96ed75aa45: dummy_return_one(x)
[10:14:47.648] [INFO] [run] subject=14, session=5, speed=5, trial=1, x__rid_x=95858a083c4d01ed: dummy_return_one(x)
[10:14:47.649] [INFO] [run] subject=14, session=5, speed=5, trial=2, x__rid_x=878d7a2373ff7a39: dummy_return_one(x)
[10:14:47.650] [INFO] [run] subject=14, session=5, speed=5, trial=3, x__rid_x=4c5e805955a5cc69: dummy_return_one(x)
[10:14:47.654] [INFO] [run] subject=14, session=5, speed=5, trial=4, x__rid_x=0b0a41800023fb60: dummy_return_one(x)
[10:14:47.655] [INFO] [run] subject=14, session=5, speed=5, trial=5, x__rid_x=c768b2d0f8a7f664: dummy_return_one(x)
[10:14:47.660] [INFO] [run] subject=14, session=5, speed=5, trial=6, x__rid_x=1bac1a63df6213aa: dummy_return_one(x)
[10:14:47.661] [INFO] [run] subject=14, session=5, speed=5, trial=7, x__rid_x=19f43e11526bf903: dummy_return_one(x)
[10:14:47.661] [INFO] [run] subject=14, session=5, speed=6, trial=1, x__rid_x=ec13e3c539629733: dummy_return_one(x)
[10:14:47.665] [INFO] [run] subject=14, session=5, speed=6, trial=2, x__rid_x=e22fdacdd44165e7: dummy_return_one(x)
[10:14:47.666] [INFO] [run] subject=14, session=5, speed=6, trial=3, x__rid_x=5fd29a11834e16c0: dummy_return_one(x)
[10:14:47.667] [INFO] [run] subject=14, session=5, speed=6, trial=4, x__rid_x=58eb934a89b58a9d: dummy_return_one(x)
[10:14:47.671] [INFO] [run] subject=14, session=5, speed=6, trial=5, x__rid_x=33c64076e5ac51d3: dummy_return_one(x)
[10:14:47.672] [INFO] [run] subject=14, session=5, speed=6, trial=6, x__rid_x=222c41aa2cbff3f1: dummy_return_one(x)
[10:14:47.677] [INFO] [run] subject=14, session=5, speed=6, trial=7, x__rid_x=55f89e6392927dcc: dummy_return_one(x)
[10:14:47.677] [INFO] [run] subject=14, session=5, speed=7, trial=1, x__rid_x=f41a9802fec7da5f: dummy_return_one(x)
[10:14:47.678] [INFO] [run] subject=14, session=5, speed=7, trial=2, x__rid_x=746fdc1ef337a39b: dummy_return_one(x)
[10:14:47.682] [INFO] [run] subject=14, session=5, speed=7, trial=3, x__rid_x=5fdb9ca0588f3625: dummy_return_one(x)
[10:14:47.683] [INFO] [run] subject=14, session=5, speed=7, trial=4, x__rid_x=1b9ca53e3450201a: dummy_return_one(x)
[10:14:47.683] [INFO] [run] subject=14, session=5, speed=7, trial=5, x__rid_x=0411657b23c47147: dummy_return_one(x)
[10:14:47.688] [INFO] [run] subject=14, session=5, speed=7, trial=6, x__rid_x=2f26cba4945b8622: dummy_return_one(x)
[10:14:47.689] [INFO] [run] subject=14, session=5, speed=7, trial=7, x__rid_x=9a4b52fed5389b04: dummy_return_one(x)
[10:14:47.694] [INFO] [run] subject=14, session=5, speed=8, trial=1, x__rid_x=0b71b2626133dedd: dummy_return_one(x)
[10:14:47.694] [INFO] [run] subject=14, session=5, speed=8, trial=2, x__rid_x=656a147398b88999: dummy_return_one(x)
[10:14:47.695] [INFO] [run] subject=14, session=5, speed=8, trial=3, x__rid_x=34c4a34c9efd8649: dummy_return_one(x)
[10:14:47.699] [INFO] [run] subject=14, session=5, speed=8, trial=4, x__rid_x=6aee9945d51c3ca1: dummy_return_one(x)
[10:14:47.700] [INFO] [run] subject=14, session=5, speed=8, trial=5, x__rid_x=052a082abf89ad04: dummy_return_one(x)
[10:14:47.701] [INFO] [run] subject=14, session=5, speed=8, trial=6, x__rid_x=808ffe4ddb2cdb20: dummy_return_one(x)
[10:14:47.705] [INFO] [run] subject=14, session=5, speed=8, trial=7, x__rid_x=91deaa6943b8ba18: dummy_return_one(x)
[10:14:47.706] [INFO] [run] subject=14, session=5, speed=9, trial=1, x__rid_x=1ff10a2f1e2d9a7c: dummy_return_one(x)
[10:14:47.711] [INFO] [run] subject=14, session=5, speed=9, trial=2, x__rid_x=2c1916f5c0ebc0e3: dummy_return_one(x)
[10:14:47.711] [INFO] [run] subject=14, session=5, speed=9, trial=3, x__rid_x=7bf44963e3bb6c1b: dummy_return_one(x)
[10:14:47.712] [INFO] [run] subject=14, session=5, speed=9, trial=4, x__rid_x=8f53ecae44a6cd05: dummy_return_one(x)
[10:14:47.716] [INFO] [run] subject=14, session=5, speed=9, trial=5, x__rid_x=8aadf652508b9604: dummy_return_one(x)
[10:14:47.717] [INFO] [run] subject=14, session=5, speed=9, trial=6, x__rid_x=95b02291ff8dcca9: dummy_return_one(x)
[10:14:47.717] [INFO] [run] subject=14, session=5, speed=9, trial=7, x__rid_x=a67550669b6b7720: dummy_return_one(x)
[10:14:47.722] [INFO] [run] subject=15, session=1, speed=1, trial=1, x__rid_x=65894bcf2882b735: dummy_return_one(x)
[10:14:47.723] [INFO] [run] subject=15, session=1, speed=1, trial=2, x__rid_x=4f9842644a9173e5: dummy_return_one(x)
[10:14:47.724] [INFO] [run] subject=15, session=1, speed=1, trial=3, x__rid_x=a31baef27cd2267f: dummy_return_one(x)
[10:14:47.728] [INFO] [run] subject=15, session=1, speed=1, trial=4, x__rid_x=52b7734ea9c44591: dummy_return_one(x)
[10:14:47.728] [INFO] [run] subject=15, session=1, speed=1, trial=5, x__rid_x=1e05749c815f0e5c: dummy_return_one(x)
[10:14:47.729] [INFO] [run] subject=15, session=1, speed=1, trial=6, x__rid_x=4aa7c50ac54a888d: dummy_return_one(x)
[10:14:47.733] [INFO] [run] subject=15, session=1, speed=1, trial=7, x__rid_x=978044218e8e8d1a: dummy_return_one(x)
[10:14:47.734] [INFO] [run] subject=15, session=1, speed=10, trial=1, x__rid_x=176a40578be59019: dummy_return_one(x)
[10:14:47.739] [INFO] [run] subject=15, session=1, speed=10, trial=2, x__rid_x=a5dda4b33e53b68c: dummy_return_one(x)
[10:14:47.740] [INFO] [run] subject=15, session=1, speed=10, trial=3, x__rid_x=b0fb87ee2a8907fd: dummy_return_one(x)
[10:14:47.744] [INFO] [run] subject=15, session=1, speed=10, trial=4, x__rid_x=f0870e7477dbbe64: dummy_return_one(x)
[10:14:47.745] [INFO] [run] subject=15, session=1, speed=10, trial=5, x__rid_x=5572a63fb6e76713: dummy_return_one(x)
[10:14:47.746] [INFO] [run] subject=15, session=1, speed=10, trial=6, x__rid_x=182d82d91c1bc0c4: dummy_return_one(x)
[10:14:47.750] [INFO] [run] subject=15, session=1, speed=10, trial=7, x__rid_x=1b2d0f6ab4c31aff: dummy_return_one(x)
[10:14:47.752] [INFO] [run] subject=15, session=1, speed=2, trial=1, x__rid_x=ff78c66b0f7d4acb: dummy_return_one(x)
[10:14:47.757] [INFO] [run] subject=15, session=1, speed=2, trial=2, x__rid_x=73055957cca8f483: dummy_return_one(x)
[10:14:47.758] [INFO] [run] subject=15, session=1, speed=2, trial=3, x__rid_x=f68e9e29fd23bf02: dummy_return_one(x)
[10:14:47.758] [INFO] [run] subject=15, session=1, speed=2, trial=4, x__rid_x=eef8c86cce9f576a: dummy_return_one(x)
[10:14:47.762] [INFO] [run] subject=15, session=1, speed=2, trial=5, x__rid_x=586566faf2cf993c: dummy_return_one(x)
[10:14:47.763] [INFO] [run] subject=15, session=1, speed=2, trial=6, x__rid_x=c5c654a79fb3d208: dummy_return_one(x)
[10:14:47.764] [INFO] [run] subject=15, session=1, speed=2, trial=7, x__rid_x=2cd7451ba8c93caa: dummy_return_one(x)
[10:14:47.768] [INFO] [run] subject=15, session=1, speed=3, trial=1, x__rid_x=0c41d9bf614721ac: dummy_return_one(x)
[10:14:47.770] [INFO] [run] subject=15, session=1, speed=3, trial=2, x__rid_x=47234b0ba5c5f430: dummy_return_one(x)
[10:14:47.774] [INFO] [run] subject=15, session=1, speed=3, trial=3, x__rid_x=a7a77b5e933410eb: dummy_return_one(x)
[10:14:47.775] [INFO] [run] subject=15, session=1, speed=3, trial=4, x__rid_x=b4b995a1d5d4e612: dummy_return_one(x)
[10:14:47.775] [INFO] [run] subject=15, session=1, speed=3, trial=5, x__rid_x=3bc08209beedec4a: dummy_return_one(x)
[10:14:47.779] [INFO] [run] subject=15, session=1, speed=3, trial=6, x__rid_x=2dc4e37628d3985d: dummy_return_one(x)
[10:14:47.780] [INFO] [run] subject=15, session=1, speed=3, trial=7, x__rid_x=b734f4624c1f2bdc: dummy_return_one(x)
[10:14:47.781] [INFO] [run] subject=15, session=1, speed=4, trial=1, x__rid_x=b8eb976047be1af2: dummy_return_one(x)
[10:14:47.785] [INFO] [run] subject=15, session=1, speed=4, trial=2, x__rid_x=b40557d44de193ef: dummy_return_one(x)
[10:14:47.787] [INFO] [run] subject=15, session=1, speed=4, trial=3, x__rid_x=16acc09622c1147f: dummy_return_one(x)
[10:14:47.791] [INFO] [run] subject=15, session=1, speed=4, trial=4, x__rid_x=5b08a5503f67712c: dummy_return_one(x)
[10:14:47.792] [INFO] [run] subject=15, session=1, speed=4, trial=5, x__rid_x=41fe83094c64da5b: dummy_return_one(x)
[10:14:47.792] [INFO] [run] subject=15, session=1, speed=4, trial=6, x__rid_x=e1de459558ec0dfc: dummy_return_one(x)
[10:14:47.797] [INFO] [run] subject=15, session=1, speed=4, trial=7, x__rid_x=63548db8ea588d1f: dummy_return_one(x)
[10:14:47.797] [INFO] [run] subject=15, session=1, speed=5, trial=1, x__rid_x=f9304d9b37b3e58e: dummy_return_one(x)
[10:14:47.798] [INFO] [run] subject=15, session=1, speed=5, trial=2, x__rid_x=bd6d98938c59fb93: dummy_return_one(x)
[10:14:47.802] [INFO] [run] subject=15, session=1, speed=5, trial=3, x__rid_x=0ff562a82e7f4486: dummy_return_one(x)
[10:14:47.804] [INFO] [run] subject=15, session=1, speed=5, trial=4, x__rid_x=cd71b4a536a8c922: dummy_return_one(x)
[10:14:47.808] [INFO] [run] subject=15, session=1, speed=5, trial=5, x__rid_x=d6dd6f9fc5716cc2: dummy_return_one(x)
[10:14:47.809] [INFO] [run] subject=15, session=1, speed=5, trial=6, x__rid_x=3b5068a41d60dbf3: dummy_return_one(x)
[10:14:47.809] [INFO] [run] subject=15, session=1, speed=5, trial=7, x__rid_x=f1835ac904a89bdf: dummy_return_one(x)
[10:14:47.814] [INFO] [run] subject=15, session=1, speed=6, trial=1, x__rid_x=63abf2aaab1e6ad7: dummy_return_one(x)
[10:14:47.814] [INFO] [run] subject=15, session=1, speed=6, trial=2, x__rid_x=24d886a61663ea34: dummy_return_one(x)
[10:14:47.815] [INFO] [run] subject=15, session=1, speed=6, trial=3, x__rid_x=2762ceb9a4e38750: dummy_return_one(x)
[10:14:47.819] [INFO] [run] subject=15, session=1, speed=6, trial=4, x__rid_x=a5792162d64b9ce9: dummy_return_one(x)
[10:14:47.821] [INFO] [run] subject=15, session=1, speed=6, trial=5, x__rid_x=1fa927c5e870774d: dummy_return_one(x)
[10:14:47.821] [INFO] [run] subject=15, session=1, speed=6, trial=6, x__rid_x=e40a11c248fd860a: dummy_return_one(x)
[10:14:47.825] [INFO] [run] subject=15, session=1, speed=6, trial=7, x__rid_x=a9a7f1993d5d06ae: dummy_return_one(x)
[10:14:47.826] [INFO] [run] subject=15, session=1, speed=7, trial=1, x__rid_x=cf73e1c85f5bdd8d: dummy_return_one(x)
[10:14:47.827] [INFO] [run] subject=15, session=1, speed=7, trial=2, x__rid_x=d733bfb826b01880: dummy_return_one(x)
[10:14:47.831] [INFO] [run] subject=15, session=1, speed=7, trial=3, x__rid_x=336a726005b8590d: dummy_return_one(x)
[10:14:47.832] [INFO] [run] subject=15, session=1, speed=7, trial=4, x__rid_x=2a61bc40f3e80cb7: dummy_return_one(x)
[10:14:47.832] [INFO] [run] subject=15, session=1, speed=7, trial=5, x__rid_x=c05b10638eb5d450: dummy_return_one(x)
[10:14:47.837] [INFO] [run] subject=15, session=1, speed=7, trial=6, x__rid_x=0016f4cb89fcc41c: dummy_return_one(x)
[10:14:47.838] [INFO] [run] subject=15, session=1, speed=7, trial=7, x__rid_x=682f454d04410228: dummy_return_one(x)
[10:14:47.843] [INFO] [run] subject=15, session=1, speed=8, trial=1, x__rid_x=398f10147ae36649: dummy_return_one(x)
[10:14:47.844] [INFO] [run] subject=15, session=1, speed=8, trial=2, x__rid_x=95fa25724b8b03f6: dummy_return_one(x)
[10:14:47.845] [INFO] [run] subject=15, session=1, speed=8, trial=3, x__rid_x=f017607507658f4c: dummy_return_one(x)
[10:14:47.849] [INFO] [run] subject=15, session=1, speed=8, trial=4, x__rid_x=be6a8f5cc61d2277: dummy_return_one(x)
[10:14:47.849] [INFO] [run] subject=15, session=1, speed=8, trial=5, x__rid_x=026db4eaba2cc82b: dummy_return_one(x)
[10:14:47.850] [INFO] [run] subject=15, session=1, speed=8, trial=6, x__rid_x=386a333ef08b3a09: dummy_return_one(x)
[10:14:47.855] [INFO] [run] subject=15, session=1, speed=8, trial=7, x__rid_x=3a72748a9b3be8fb: dummy_return_one(x)
[10:14:47.856] [INFO] [run] subject=15, session=1, speed=9, trial=1, x__rid_x=14203f5b2e58be94: dummy_return_one(x)
[10:14:47.860] [INFO] [run] subject=15, session=1, speed=9, trial=2, x__rid_x=8437524b906b9263: dummy_return_one(x)
[10:14:47.861] [INFO] [run] subject=15, session=1, speed=9, trial=3, x__rid_x=b53648e856a8845d: dummy_return_one(x)
[10:14:47.862] [INFO] [run] subject=15, session=1, speed=9, trial=4, x__rid_x=45f98efcdd77bcb9: dummy_return_one(x)
[10:14:47.866] [INFO] [run] subject=15, session=1, speed=9, trial=5, x__rid_x=8f8f6ffe9d9bc4d9: dummy_return_one(x)
[10:14:47.867] [INFO] [run] subject=15, session=1, speed=9, trial=6, x__rid_x=aaf2bf671b6787a1: dummy_return_one(x)
[10:14:47.867] [INFO] [run] subject=15, session=1, speed=9, trial=7, x__rid_x=2d4ebde6d09fc19c: dummy_return_one(x)
[10:14:47.872] [INFO] [run] subject=15, session=2, speed=1, trial=1, x__rid_x=3ae232342582064c: dummy_return_one(x)
[10:14:47.873] [INFO] [run] subject=15, session=2, speed=1, trial=2, x__rid_x=303dbf5d319512a5: dummy_return_one(x)
[10:14:47.873] [INFO] [run] subject=15, session=2, speed=1, trial=3, x__rid_x=5142052cbfc31520: dummy_return_one(x)
[10:14:47.878] [INFO] [run] subject=15, session=2, speed=1, trial=4, x__rid_x=abb221af2c5f4e92: dummy_return_one(x)
[10:14:47.878] [INFO] [run] subject=15, session=2, speed=1, trial=5, x__rid_x=053e5694ade066c2: dummy_return_one(x)
[10:14:47.879] [INFO] [run] subject=15, session=2, speed=1, trial=6, x__rid_x=5bc5c39a217a3f2a: dummy_return_one(x)
[10:14:47.883] [INFO] [run] subject=15, session=2, speed=1, trial=7, x__rid_x=83bea9f5264b365a: dummy_return_one(x)
[10:14:47.884] [INFO] [run] subject=15, session=2, speed=10, trial=1, x__rid_x=91e6865e39c824f7: dummy_return_one(x)
[10:14:47.889] [INFO] [run] subject=15, session=2, speed=10, trial=2, x__rid_x=ffcab3eade62f46c: dummy_return_one(x)
[10:14:47.890] [INFO] [run] subject=15, session=2, speed=10, trial=3, x__rid_x=cf719ef4e9c6bbcc: dummy_return_one(x)
[10:14:47.891] [INFO] [run] subject=15, session=2, speed=10, trial=4, x__rid_x=a617bea73482a4dd: dummy_return_one(x)
[10:14:47.895] [INFO] [run] subject=15, session=2, speed=10, trial=5, x__rid_x=cb9ce9ca55d0ce21: dummy_return_one(x)
[10:14:47.896] [INFO] [run] subject=15, session=2, speed=10, trial=6, x__rid_x=68aa8b19b94b8430: dummy_return_one(x)
[10:14:47.896] [INFO] [run] subject=15, session=2, speed=10, trial=7, x__rid_x=dd652424d4466caa: dummy_return_one(x)
[10:14:47.901] [INFO] [run] subject=15, session=2, speed=2, trial=1, x__rid_x=266091ba7b79ffea: dummy_return_one(x)
[10:14:47.902] [INFO] [run] subject=15, session=2, speed=2, trial=2, x__rid_x=01165d67591ce2a6: dummy_return_one(x)
[10:14:47.907] [INFO] [run] subject=15, session=2, speed=2, trial=3, x__rid_x=d07bf6d2e1449b0e: dummy_return_one(x)
[10:14:47.907] [INFO] [run] subject=15, session=2, speed=2, trial=4, x__rid_x=aa66b4f40518ef6f: dummy_return_one(x)
[10:14:47.908] [INFO] [run] subject=15, session=2, speed=2, trial=5, x__rid_x=b2937afecc926430: dummy_return_one(x)
[10:14:47.912] [INFO] [run] subject=15, session=2, speed=2, trial=6, x__rid_x=89d3a907ade345bc: dummy_return_one(x)
[10:14:47.913] [INFO] [run] subject=15, session=2, speed=2, trial=7, x__rid_x=62ba5aa3d5b0a159: dummy_return_one(x)
[10:14:47.914] [INFO] [run] subject=15, session=2, speed=3, trial=1, x__rid_x=13fbd092b3c75157: dummy_return_one(x)
[10:14:47.918] [INFO] [run] subject=15, session=2, speed=3, trial=2, x__rid_x=491c868e1224df01: dummy_return_one(x)
[10:14:47.919] [INFO] [run] subject=15, session=2, speed=3, trial=3, x__rid_x=b8478f5e4eb01529: dummy_return_one(x)
[10:14:47.924] [INFO] [run] subject=15, session=2, speed=3, trial=4, x__rid_x=ea045b54b4ad9299: dummy_return_one(x)
[10:14:47.925] [INFO] [run] subject=15, session=2, speed=3, trial=5, x__rid_x=b8d9f47c42e5f2e3: dummy_return_one(x)
[10:14:47.926] [INFO] [run] subject=15, session=2, speed=3, trial=6, x__rid_x=752f6bc1b2efbf52: dummy_return_one(x)
[10:14:47.930] [INFO] [run] subject=15, session=2, speed=3, trial=7, x__rid_x=c6cc0b859924b998: dummy_return_one(x)
[10:14:47.930] [INFO] [run] subject=15, session=2, speed=4, trial=1, x__rid_x=6773157ccbf7e328: dummy_return_one(x)
[10:14:47.931] [INFO] [run] subject=15, session=2, speed=4, trial=2, x__rid_x=da9b931d68136c88: dummy_return_one(x)
[10:14:47.936] [INFO] [run] subject=15, session=2, speed=4, trial=3, x__rid_x=adb430a85cf930af: dummy_return_one(x)
[10:14:47.937] [INFO] [run] subject=15, session=2, speed=4, trial=4, x__rid_x=44deac5ec9ab7377: dummy_return_one(x)
[10:14:47.937] [INFO] [run] subject=15, session=2, speed=4, trial=5, x__rid_x=b5c51b19ae82c1d7: dummy_return_one(x)
[10:14:47.941] [INFO] [run] subject=15, session=2, speed=4, trial=6, x__rid_x=e0de7b3d572ff807: dummy_return_one(x)
[10:14:47.942] [INFO] [run] subject=15, session=2, speed=4, trial=7, x__rid_x=54a4c00c7993559e: dummy_return_one(x)
[10:14:47.943] [INFO] [run] subject=15, session=2, speed=5, trial=1, x__rid_x=cb605313acbda704: dummy_return_one(x)
[10:14:47.947] [INFO] [run] subject=15, session=2, speed=5, trial=2, x__rid_x=d4ceb00dc0e2e73b: dummy_return_one(x)
[10:14:47.948] [INFO] [run] subject=15, session=2, speed=5, trial=3, x__rid_x=314660026b07a9ec: dummy_return_one(x)
[10:14:47.949] [INFO] [run] subject=15, session=2, speed=5, trial=4, x__rid_x=5772c72b84978590: dummy_return_one(x)
[10:14:47.953] [INFO] [run] subject=15, session=2, speed=5, trial=5, x__rid_x=e65257994a0f7d89: dummy_return_one(x)
[10:14:47.954] [INFO] [run] subject=15, session=2, speed=5, trial=6, x__rid_x=bef54da9c5a8be2a: dummy_return_one(x)
[10:14:47.955] [INFO] [run] subject=15, session=2, speed=5, trial=7, x__rid_x=467f1e64d653e409: dummy_return_one(x)
[10:14:47.959] [INFO] [run] subject=15, session=2, speed=6, trial=1, x__rid_x=3c09db1727a7d0b9: dummy_return_one(x)
[10:14:47.960] [INFO] [run] subject=15, session=2, speed=6, trial=2, x__rid_x=fc832c0b7c962344: dummy_return_one(x)
[10:14:47.960] [INFO] [run] subject=15, session=2, speed=6, trial=3, x__rid_x=1fa1f29a3cc4074c: dummy_return_one(x)
[10:14:47.965] [INFO] [run] subject=15, session=2, speed=6, trial=4, x__rid_x=ce0ba842a3c05df4: dummy_return_one(x)
[10:14:47.965] [INFO] [run] subject=15, session=2, speed=6, trial=5, x__rid_x=e97a575839af9ce4: dummy_return_one(x)
[10:14:47.966] [INFO] [run] subject=15, session=2, speed=6, trial=6, x__rid_x=98fc7b0b8a164998: dummy_return_one(x)
[10:14:47.971] [INFO] [run] subject=15, session=2, speed=6, trial=7, x__rid_x=571860fdb924ef77: dummy_return_one(x)
[10:14:47.972] [INFO] [run] subject=15, session=2, speed=7, trial=1, x__rid_x=24f32e28298a43c7: dummy_return_one(x)
[10:14:47.977] [INFO] [run] subject=15, session=2, speed=7, trial=2, x__rid_x=ee7cf6548389cbab: dummy_return_one(x)
[10:14:47.977] [INFO] [run] subject=15, session=2, speed=7, trial=3, x__rid_x=d93f706b9a53d6ee: dummy_return_one(x)
[10:14:47.978] [INFO] [run] subject=15, session=2, speed=7, trial=4, x__rid_x=533a13b03078882b: dummy_return_one(x)
[10:14:47.982] [INFO] [run] subject=15, session=2, speed=7, trial=5, x__rid_x=3f5c0a4df25a0851: dummy_return_one(x)
[10:14:47.983] [INFO] [run] subject=15, session=2, speed=7, trial=6, x__rid_x=e9142bc0fadebfed: dummy_return_one(x)
[10:14:47.984] [INFO] [run] subject=15, session=2, speed=7, trial=7, x__rid_x=9ae67d3694bae99d: dummy_return_one(x)
[10:14:47.988] [INFO] [run] subject=15, session=2, speed=8, trial=1, x__rid_x=ff5e2a8ed713cc99: dummy_return_one(x)
[10:14:47.989] [INFO] [run] subject=15, session=2, speed=8, trial=2, x__rid_x=22ab7c5aa19c982b: dummy_return_one(x)
[10:14:47.994] [INFO] [run] subject=15, session=2, speed=8, trial=3, x__rid_x=53d92a09d92aabff: dummy_return_one(x)
[10:14:47.995] [INFO] [run] subject=15, session=2, speed=8, trial=4, x__rid_x=c81bc4bbf60a039a: dummy_return_one(x)
[10:14:47.996] [INFO] [run] subject=15, session=2, speed=8, trial=5, x__rid_x=0858270921474544: dummy_return_one(x)
[10:14:48.000] [INFO] [run] subject=15, session=2, speed=8, trial=6, x__rid_x=f7fb4dbf1fe827f7: dummy_return_one(x)
[10:14:48.001] [INFO] [run] subject=15, session=2, speed=8, trial=7, x__rid_x=b2d6a04f43feb223: dummy_return_one(x)
[10:14:48.006] [INFO] [run] subject=15, session=2, speed=9, trial=1, x__rid_x=a0af1e0991c156a9: dummy_return_one(x)
[10:14:48.007] [INFO] [run] subject=15, session=2, speed=9, trial=2, x__rid_x=bc2494767c5a9b0c: dummy_return_one(x)
[10:14:48.012] [INFO] [run] subject=15, session=2, speed=9, trial=3, x__rid_x=83e716557b6b73ef: dummy_return_one(x)
[10:14:48.012] [INFO] [run] subject=15, session=2, speed=9, trial=4, x__rid_x=7114972e38c6da04: dummy_return_one(x)
[10:14:48.013] [INFO] [run] subject=15, session=2, speed=9, trial=5, x__rid_x=c2165879e5b4b1a7: dummy_return_one(x)
[10:14:48.017] [INFO] [run] subject=15, session=2, speed=9, trial=6, x__rid_x=5ced8374a2619b71: dummy_return_one(x)
[10:14:48.019] [INFO] [run] subject=15, session=2, speed=9, trial=7, x__rid_x=862262f92bd7434b: dummy_return_one(x)
[10:14:48.019] [INFO] [run] subject=15, session=3, speed=1, trial=1, x__rid_x=4f51d9ab4e997b61: dummy_return_one(x)
[10:14:48.023] [INFO] [run] subject=15, session=3, speed=1, trial=2, x__rid_x=5cb7ccec75450d1d: dummy_return_one(x)
[10:14:48.024] [INFO] [run] subject=15, session=3, speed=1, trial=3, x__rid_x=bc7a9480febaac4f: dummy_return_one(x)
[10:14:48.025] [INFO] [run] subject=15, session=3, speed=1, trial=4, x__rid_x=9d283ebab0de9b69: dummy_return_one(x)
[10:14:48.029] [INFO] [run] subject=15, session=3, speed=1, trial=5, x__rid_x=fa164d7675a1f12e: dummy_return_one(x)
[10:14:48.030] [INFO] [run] subject=15, session=3, speed=1, trial=6, x__rid_x=f97427635135a6ab: dummy_return_one(x)
[10:14:48.031] [INFO] [run] subject=15, session=3, speed=1, trial=7, x__rid_x=211ca45b594a1f56: dummy_return_one(x)
[10:14:48.035] [INFO] [run] subject=15, session=3, speed=10, trial=1, x__rid_x=458844b494e44778: dummy_return_one(x)
[10:14:48.036] [INFO] [run] subject=15, session=3, speed=10, trial=2, x__rid_x=e61f378632e2717b: dummy_return_one(x)
[10:14:48.041] [INFO] [run] subject=15, session=3, speed=10, trial=3, x__rid_x=ffbd7a9a2650c41d: dummy_return_one(x)
[10:14:48.042] [INFO] [run] subject=15, session=3, speed=10, trial=4, x__rid_x=2c0503e21a217a0c: dummy_return_one(x)
[10:14:48.043] [INFO] [run] subject=15, session=3, speed=10, trial=5, x__rid_x=d8ec6f168b0d030b: dummy_return_one(x)
[10:14:48.047] [INFO] [run] subject=15, session=3, speed=10, trial=6, x__rid_x=192c70907e883ec6: dummy_return_one(x)
[10:14:48.048] [INFO] [run] subject=15, session=3, speed=10, trial=7, x__rid_x=ed01a75c683b63db: dummy_return_one(x)
[10:14:48.048] [INFO] [run] subject=15, session=3, speed=2, trial=1, x__rid_x=686a1a82f030f501: dummy_return_one(x)
[10:14:48.053] [INFO] [run] subject=15, session=3, speed=2, trial=2, x__rid_x=d29b1935d7bcbdbe: dummy_return_one(x)
[10:14:48.054] [INFO] [run] subject=15, session=3, speed=2, trial=3, x__rid_x=8d76dec862b193ff: dummy_return_one(x)
[10:14:48.059] [INFO] [run] subject=15, session=3, speed=2, trial=4, x__rid_x=a3a5f9d2ee63c110: dummy_return_one(x)
[10:14:48.059] [INFO] [run] subject=15, session=3, speed=2, trial=5, x__rid_x=6bcba4d5bbad8678: dummy_return_one(x)
[10:14:48.060] [INFO] [run] subject=15, session=3, speed=2, trial=6, x__rid_x=4097bcebbcc1b962: dummy_return_one(x)
[10:14:48.064] [INFO] [run] subject=15, session=3, speed=2, trial=7, x__rid_x=15e3e734c5935144: dummy_return_one(x)
[10:14:48.065] [INFO] [run] subject=15, session=3, speed=3, trial=1, x__rid_x=f2c564e4f1c6611e: dummy_return_one(x)
[10:14:48.066] [INFO] [run] subject=15, session=3, speed=3, trial=2, x__rid_x=a14daa07bdc5b96a: dummy_return_one(x)
[10:14:48.070] [INFO] [run] subject=15, session=3, speed=3, trial=3, x__rid_x=76c415a528fd9b41: dummy_return_one(x)
[10:14:48.072] [INFO] [run] subject=15, session=3, speed=3, trial=4, x__rid_x=8fe38e22cb410257: dummy_return_one(x)
[10:14:48.076] [INFO] [run] subject=15, session=3, speed=3, trial=5, x__rid_x=ff9b5ff29eae61f7: dummy_return_one(x)
[10:14:48.077] [INFO] [run] subject=15, session=3, speed=3, trial=6, x__rid_x=5679f90cacee14ee: dummy_return_one(x)
[10:14:48.078] [INFO] [run] subject=15, session=3, speed=3, trial=7, x__rid_x=3c836cfe953b5460: dummy_return_one(x)
[10:14:48.082] [INFO] [run] subject=15, session=3, speed=4, trial=1, x__rid_x=d730619d7f5897c8: dummy_return_one(x)
[10:14:48.083] [INFO] [run] subject=15, session=3, speed=4, trial=2, x__rid_x=fed861cc316dd52a: dummy_return_one(x)
[10:14:48.084] [INFO] [run] subject=15, session=3, speed=4, trial=3, x__rid_x=3e45c942d782c22f: dummy_return_one(x)
[10:14:48.088] [INFO] [run] subject=15, session=3, speed=4, trial=4, x__rid_x=796d1b0db96d21be: dummy_return_one(x)
[10:14:48.089] [INFO] [run] subject=15, session=3, speed=4, trial=5, x__rid_x=616a45689267bd37: dummy_return_one(x)
[10:14:48.090] [INFO] [run] subject=15, session=3, speed=4, trial=6, x__rid_x=b185a9e7f0efc062: dummy_return_one(x)
[10:14:48.094] [INFO] [run] subject=15, session=3, speed=4, trial=7, x__rid_x=8630a2322fa566aa: dummy_return_one(x)
[10:14:48.095] [INFO] [run] subject=15, session=3, speed=5, trial=1, x__rid_x=dd37640625f390b5: dummy_return_one(x)
[10:14:48.095] [INFO] [run] subject=15, session=3, speed=5, trial=2, x__rid_x=7c5fbfc5e82bc26b: dummy_return_one(x)
[10:14:48.100] [INFO] [run] subject=15, session=3, speed=5, trial=3, x__rid_x=100c711dcb7c1031: dummy_return_one(x)
[10:14:48.101] [INFO] [run] subject=15, session=3, speed=5, trial=4, x__rid_x=d2bdef1910106c0b: dummy_return_one(x)
[10:14:48.102] [INFO] [run] subject=15, session=3, speed=5, trial=5, x__rid_x=e8133b0ee18f30d5: dummy_return_one(x)
[10:14:48.106] [INFO] [run] subject=15, session=3, speed=5, trial=6, x__rid_x=119796d296196fd6: dummy_return_one(x)
[10:14:48.107] [INFO] [run] subject=15, session=3, speed=5, trial=7, x__rid_x=8a05f8bc7c25c04a: dummy_return_one(x)
[10:14:48.108] [INFO] [run] subject=15, session=3, speed=6, trial=1, x__rid_x=eddb2336e665c611: dummy_return_one(x)
[10:14:48.112] [INFO] [run] subject=15, session=3, speed=6, trial=2, x__rid_x=a98a3efdb9064940: dummy_return_one(x)
[10:14:48.113] [INFO] [run] subject=15, session=3, speed=6, trial=3, x__rid_x=4d44e81b92d0887f: dummy_return_one(x)
[10:14:48.114] [INFO] [run] subject=15, session=3, speed=6, trial=4, x__rid_x=181109057d26aebc: dummy_return_one(x)
[10:14:48.118] [INFO] [run] subject=15, session=3, speed=6, trial=5, x__rid_x=bebabe652ae89cce: dummy_return_one(x)
[10:14:48.119] [INFO] [run] subject=15, session=3, speed=6, trial=6, x__rid_x=20ab70711990305d: dummy_return_one(x)
[10:14:48.120] [INFO] [run] subject=15, session=3, speed=6, trial=7, x__rid_x=4be8c183479f5096: dummy_return_one(x)
[10:14:48.124] [INFO] [run] subject=15, session=3, speed=7, trial=1, x__rid_x=1197a8f41fc19c59: dummy_return_one(x)
[10:14:48.125] [INFO] [run] subject=15, session=3, speed=7, trial=2, x__rid_x=629a40ec7bdf2d10: dummy_return_one(x)
[10:14:48.126] [INFO] [run] subject=15, session=3, speed=7, trial=3, x__rid_x=931ec077c61539b0: dummy_return_one(x)
[10:14:48.130] [INFO] [run] subject=15, session=3, speed=7, trial=4, x__rid_x=638b52d1239cfeb5: dummy_return_one(x)
[10:14:48.131] [INFO] [run] subject=15, session=3, speed=7, trial=5, x__rid_x=1e03b3d9d809ba0a: dummy_return_one(x)
[10:14:48.131] [INFO] [run] subject=15, session=3, speed=7, trial=6, x__rid_x=0fdef39a8d4402ae: dummy_return_one(x)
[10:14:48.136] [INFO] [run] subject=15, session=3, speed=7, trial=7, x__rid_x=0ba29d1aaf212d41: dummy_return_one(x)
[10:14:48.137] [INFO] [run] subject=15, session=3, speed=8, trial=1, x__rid_x=e6716467e5c52146: dummy_return_one(x)
[10:14:48.142] [INFO] [run] subject=15, session=3, speed=8, trial=2, x__rid_x=1e5ade12714fc5e1: dummy_return_one(x)
[10:14:48.143] [INFO] [run] subject=15, session=3, speed=8, trial=3, x__rid_x=bc1719f8bdc3f2e7: dummy_return_one(x)
[10:14:48.143] [INFO] [run] subject=15, session=3, speed=8, trial=4, x__rid_x=5472b856f8d987bc: dummy_return_one(x)
[10:14:48.148] [INFO] [run] subject=15, session=3, speed=8, trial=5, x__rid_x=97434486f080f626: dummy_return_one(x)
[10:14:48.149] [INFO] [run] subject=15, session=3, speed=8, trial=6, x__rid_x=cc49fb2b92609730: dummy_return_one(x)
[10:14:48.149] [INFO] [run] subject=15, session=3, speed=8, trial=7, x__rid_x=cf8b868946bda17b: dummy_return_one(x)
[10:14:48.154] [INFO] [run] subject=15, session=3, speed=9, trial=1, x__rid_x=3c57c8a036fd5ffd: dummy_return_one(x)
[10:14:48.155] [INFO] [run] subject=15, session=3, speed=9, trial=2, x__rid_x=882f664d21fc723b: dummy_return_one(x)
[10:14:48.160] [INFO] [run] subject=15, session=3, speed=9, trial=3, x__rid_x=602126aa57659a11: dummy_return_one(x)
[10:14:48.160] [INFO] [run] subject=15, session=3, speed=9, trial=4, x__rid_x=3cc8f490bf4b0fda: dummy_return_one(x)
[10:14:48.161] [INFO] [run] subject=15, session=3, speed=9, trial=5, x__rid_x=4c92191b89ff3dfc: dummy_return_one(x)
[10:14:48.166] [INFO] [run] subject=15, session=3, speed=9, trial=6, x__rid_x=e1ef65a9073dbd74: dummy_return_one(x)
[10:14:48.166] [INFO] [run] subject=15, session=3, speed=9, trial=7, x__rid_x=306fe89b992b0e7f: dummy_return_one(x)
[10:14:48.167] [INFO] [run] subject=15, session=4, speed=1, trial=1, x__rid_x=a5c8cbc988017160: dummy_return_one(x)
[10:14:48.172] [INFO] [run] subject=15, session=4, speed=1, trial=2, x__rid_x=c440eec0485667b7: dummy_return_one(x)
[10:14:48.173] [INFO] [run] subject=15, session=4, speed=1, trial=3, x__rid_x=f0ec73087ea55b0f: dummy_return_one(x)
[10:14:48.178] [INFO] [run] subject=15, session=4, speed=1, trial=4, x__rid_x=0fd7ece315e35ddd: dummy_return_one(x)
[10:14:48.178] [INFO] [run] subject=15, session=4, speed=1, trial=5, x__rid_x=2d52f76c598b3877: dummy_return_one(x)
[10:14:48.179] [INFO] [run] subject=15, session=4, speed=1, trial=6, x__rid_x=7b77a13f981e40fd: dummy_return_one(x)
[10:14:48.184] [INFO] [run] subject=15, session=4, speed=1, trial=7, x__rid_x=846fa6eacd4404c8: dummy_return_one(x)
[10:14:48.185] [INFO] [run] subject=15, session=4, speed=10, trial=1, x__rid_x=2ac101d8e0a13340: dummy_return_one(x)
[10:14:48.185] [INFO] [run] subject=15, session=4, speed=10, trial=2, x__rid_x=3ea96d85ac765759: dummy_return_one(x)
[10:14:48.190] [INFO] [run] subject=15, session=4, speed=10, trial=3, x__rid_x=5182b09a8163cf01: dummy_return_one(x)
[10:14:48.190] [INFO] [run] subject=15, session=4, speed=10, trial=4, x__rid_x=5ab8c84a3a76a930: dummy_return_one(x)
[10:14:48.191] [INFO] [run] subject=15, session=4, speed=10, trial=5, x__rid_x=17d1d5109601066e: dummy_return_one(x)
[10:14:48.196] [INFO] [run] subject=15, session=4, speed=10, trial=6, x__rid_x=4eb6e46fb5a53a5b: dummy_return_one(x)
[10:14:48.196] [INFO] [run] subject=15, session=4, speed=10, trial=7, x__rid_x=c1f5aed513ec7375: dummy_return_one(x)
[10:14:48.197] [INFO] [run] subject=15, session=4, speed=2, trial=1, x__rid_x=778089a64ed0e161: dummy_return_one(x)
[10:14:48.202] [INFO] [run] subject=15, session=4, speed=2, trial=2, x__rid_x=cff15f056826d989: dummy_return_one(x)
[10:14:48.203] [INFO] [run] subject=15, session=4, speed=2, trial=3, x__rid_x=eb0ec4d7cb9040e9: dummy_return_one(x)
[10:14:48.208] [INFO] [run] subject=15, session=4, speed=2, trial=4, x__rid_x=7779b34345ce03fa: dummy_return_one(x)
[10:14:48.208] [INFO] [run] subject=15, session=4, speed=2, trial=5, x__rid_x=7a85f917b332afd6: dummy_return_one(x)
[10:14:48.209] [INFO] [run] subject=15, session=4, speed=2, trial=6, x__rid_x=fb3eda405bf1d903: dummy_return_one(x)
[10:14:48.214] [INFO] [run] subject=15, session=4, speed=2, trial=7, x__rid_x=965794efd8e4238d: dummy_return_one(x)
[10:14:48.214] [INFO] [run] subject=15, session=4, speed=3, trial=1, x__rid_x=1224d86209ed45c9: dummy_return_one(x)
[10:14:48.215] [INFO] [run] subject=15, session=4, speed=3, trial=2, x__rid_x=a880e877643ab2e9: dummy_return_one(x)
[10:14:48.220] [INFO] [run] subject=15, session=4, speed=3, trial=3, x__rid_x=89c785be15013e1c: dummy_return_one(x)
[10:14:48.221] [INFO] [run] subject=15, session=4, speed=3, trial=4, x__rid_x=29f2d02381406f08: dummy_return_one(x)
[10:14:48.221] [INFO] [run] subject=15, session=4, speed=3, trial=5, x__rid_x=72286e95a4e5b213: dummy_return_one(x)
[10:14:48.226] [INFO] [run] subject=15, session=4, speed=3, trial=6, x__rid_x=643624ad01ca7892: dummy_return_one(x)
[10:14:48.227] [INFO] [run] subject=15, session=4, speed=3, trial=7, x__rid_x=6c4f3b8bfda3e601: dummy_return_one(x)
[10:14:48.227] [INFO] [run] subject=15, session=4, speed=4, trial=1, x__rid_x=3c66d8259b15e5f7: dummy_return_one(x)
[10:14:48.232] [INFO] [run] subject=15, session=4, speed=4, trial=2, x__rid_x=c8b6df4f4b40c243: dummy_return_one(x)
[10:14:48.232] [INFO] [run] subject=15, session=4, speed=4, trial=3, x__rid_x=a796e2072ae49567: dummy_return_one(x)
[10:14:48.233] [INFO] [run] subject=15, session=4, speed=4, trial=4, x__rid_x=d2056b3d531b57b3: dummy_return_one(x)
[10:14:48.238] [INFO] [run] subject=15, session=4, speed=4, trial=5, x__rid_x=9ea9e05a18ed71c4: dummy_return_one(x)
[10:14:48.239] [INFO] [run] subject=15, session=4, speed=4, trial=6, x__rid_x=b94d018a636c9339: dummy_return_one(x)
[10:14:48.244] [INFO] [run] subject=15, session=4, speed=4, trial=7, x__rid_x=4b024d2c0904d583: dummy_return_one(x)
[10:14:48.245] [INFO] [run] subject=15, session=4, speed=5, trial=1, x__rid_x=b407b7fcb7ad447e: dummy_return_one(x)
[10:14:48.245] [INFO] [run] subject=15, session=4, speed=5, trial=2, x__rid_x=5e446caa7b975950: dummy_return_one(x)
[10:14:48.250] [INFO] [run] subject=15, session=4, speed=5, trial=3, x__rid_x=2641048fc3c703d3: dummy_return_one(x)
[10:14:48.250] [INFO] [run] subject=15, session=4, speed=5, trial=4, x__rid_x=ea0f793341773df1: dummy_return_one(x)
[10:14:48.251] [INFO] [run] subject=15, session=4, speed=5, trial=5, x__rid_x=1ab0b9e6163c1c71: dummy_return_one(x)
[10:14:48.256] [INFO] [run] subject=15, session=4, speed=5, trial=6, x__rid_x=c78f0febb29c2bbb: dummy_return_one(x)
[10:14:48.257] [INFO] [run] subject=15, session=4, speed=5, trial=7, x__rid_x=bf70189ebc198c01: dummy_return_one(x)
[10:14:48.257] [INFO] [run] subject=15, session=4, speed=6, trial=1, x__rid_x=ed7dcc3b11d617cc: dummy_return_one(x)
[10:14:48.262] [INFO] [run] subject=15, session=4, speed=6, trial=2, x__rid_x=9c48355ec626c112: dummy_return_one(x)
[10:14:48.263] [INFO] [run] subject=15, session=4, speed=6, trial=3, x__rid_x=aea7ce7719dcb9b6: dummy_return_one(x)
[10:14:48.263] [INFO] [run] subject=15, session=4, speed=6, trial=4, x__rid_x=792209279654319d: dummy_return_one(x)
[10:14:48.268] [INFO] [run] subject=15, session=4, speed=6, trial=5, x__rid_x=001d3059ad556f6a: dummy_return_one(x)
[10:14:48.269] [INFO] [run] subject=15, session=4, speed=6, trial=6, x__rid_x=8f6ac95452391f3d: dummy_return_one(x)
[10:14:48.274] [INFO] [run] subject=15, session=4, speed=6, trial=7, x__rid_x=b4e3ec57674491ec: dummy_return_one(x)
[10:14:48.275] [INFO] [run] subject=15, session=4, speed=7, trial=1, x__rid_x=193976ff5ac25fb9: dummy_return_one(x)
[10:14:48.275] [INFO] [run] subject=15, session=4, speed=7, trial=2, x__rid_x=0282c66857071ee8: dummy_return_one(x)
[10:14:48.280] [INFO] [run] subject=15, session=4, speed=7, trial=3, x__rid_x=54b483ae65be5139: dummy_return_one(x)
[10:14:48.281] [INFO] [run] subject=15, session=4, speed=7, trial=4, x__rid_x=3c008f4839569b83: dummy_return_one(x)
[10:14:48.281] [INFO] [run] subject=15, session=4, speed=7, trial=5, x__rid_x=dfa459fd6a55e7d3: dummy_return_one(x)
[10:14:48.286] [INFO] [run] subject=15, session=4, speed=7, trial=6, x__rid_x=515947fc5372ac71: dummy_return_one(x)
[10:14:48.287] [INFO] [run] subject=15, session=4, speed=7, trial=7, x__rid_x=48295faf0726d53d: dummy_return_one(x)
[10:14:48.292] [INFO] [run] subject=15, session=4, speed=8, trial=1, x__rid_x=0947795cb3fe18d6: dummy_return_one(x)
[10:14:48.293] [INFO] [run] subject=15, session=4, speed=8, trial=2, x__rid_x=2d4f6592f517db15: dummy_return_one(x)
[10:14:48.293] [INFO] [run] subject=15, session=4, speed=8, trial=3, x__rid_x=4b3190c064a7b59e: dummy_return_one(x)
[10:14:48.298] [INFO] [run] subject=15, session=4, speed=8, trial=4, x__rid_x=c64c98cbc383b6d3: dummy_return_one(x)
[10:14:48.299] [INFO] [run] subject=15, session=4, speed=8, trial=5, x__rid_x=60a80bc525dd180b: dummy_return_one(x)
[10:14:48.299] [INFO] [run] subject=15, session=4, speed=8, trial=6, x__rid_x=16ea37e0067a4522: dummy_return_one(x)
[10:14:48.304] [INFO] [run] subject=15, session=4, speed=8, trial=7, x__rid_x=6ad9edb13b2dee42: dummy_return_one(x)
[10:14:48.305] [INFO] [run] subject=15, session=4, speed=9, trial=1, x__rid_x=83e7213f357fd3dc: dummy_return_one(x)
[10:14:48.310] [INFO] [run] subject=15, session=4, speed=9, trial=2, x__rid_x=55c20fe059b0556b: dummy_return_one(x)
[10:14:48.311] [INFO] [run] subject=15, session=4, speed=9, trial=3, x__rid_x=6c146a318f585063: dummy_return_one(x)
[10:14:48.311] [INFO] [run] subject=15, session=4, speed=9, trial=4, x__rid_x=6f03c795f5614f5c: dummy_return_one(x)
[10:14:48.312] [INFO] [run] subject=15, session=4, speed=9, trial=5, x__rid_x=6499cfc74f5b2113: dummy_return_one(x)
[10:14:48.316] [INFO] [run] subject=15, session=4, speed=9, trial=6, x__rid_x=d3644f51fed1e484: dummy_return_one(x)
[10:14:48.317] [INFO] [run] subject=15, session=4, speed=9, trial=7, x__rid_x=d04460ac8594c9b8: dummy_return_one(x)
[10:14:48.318] [INFO] [run] subject=15, session=5, speed=1, trial=1, x__rid_x=86c297257db2dbb7: dummy_return_one(x)
[10:14:48.323] [INFO] [run] subject=15, session=5, speed=1, trial=2, x__rid_x=331ef09609b2e6d0: dummy_return_one(x)
[10:14:48.323] [INFO] [run] subject=15, session=5, speed=1, trial=3, x__rid_x=a093a981753b78b0: dummy_return_one(x)
[10:14:48.324] [INFO] [run] subject=15, session=5, speed=1, trial=4, x__rid_x=d31b0492945ef9f3: dummy_return_one(x)
[10:14:48.329] [INFO] [run] subject=15, session=5, speed=1, trial=5, x__rid_x=d2f251f826185abb: dummy_return_one(x)
[10:14:48.329] [INFO] [run] subject=15, session=5, speed=1, trial=6, x__rid_x=8af2245a1a8aecc1: dummy_return_one(x)
[10:14:48.330] [INFO] [run] subject=15, session=5, speed=1, trial=7, x__rid_x=bb128a5c63cd0e7b: dummy_return_one(x)
[10:14:48.330] [INFO] [run] subject=15, session=5, speed=10, trial=1, x__rid_x=155d595202236977: dummy_return_one(x)
[10:14:48.335] [INFO] [run] subject=15, session=5, speed=10, trial=2, x__rid_x=da06e6ad7ea4848a: dummy_return_one(x)
[10:14:48.336] [INFO] [run] subject=15, session=5, speed=10, trial=3, x__rid_x=8a133a28e43da384: dummy_return_one(x)
[10:14:48.341] [INFO] [run] subject=15, session=5, speed=10, trial=4, x__rid_x=121e99c4f92967b2: dummy_return_one(x)
[10:14:48.342] [INFO] [run] subject=15, session=5, speed=10, trial=5, x__rid_x=d411839bcf219370: dummy_return_one(x)
[10:14:48.342] [INFO] [run] subject=15, session=5, speed=10, trial=6, x__rid_x=c676f4b2ad4acb85: dummy_return_one(x)
[10:14:48.347] [INFO] [run] subject=15, session=5, speed=10, trial=7, x__rid_x=5463f5605d988d64: dummy_return_one(x)
[10:14:48.348] [INFO] [run] subject=15, session=5, speed=2, trial=1, x__rid_x=f31998349d120f79: dummy_return_one(x)
[10:14:48.349] [INFO] [run] subject=15, session=5, speed=2, trial=2, x__rid_x=eaae39381fc02b5a: dummy_return_one(x)
[10:14:48.353] [INFO] [run] subject=15, session=5, speed=2, trial=3, x__rid_x=b0a200fdd8bfd0d1: dummy_return_one(x)
[10:14:48.355] [INFO] [run] subject=15, session=5, speed=2, trial=4, x__rid_x=0aac97f6e741c120: dummy_return_one(x)
[10:14:48.359] [INFO] [run] subject=15, session=5, speed=2, trial=5, x__rid_x=9c312a98be479162: dummy_return_one(x)
[10:14:48.360] [INFO] [run] subject=15, session=5, speed=2, trial=6, x__rid_x=2174aed86408bdfe: dummy_return_one(x)
[10:14:48.361] [INFO] [run] subject=15, session=5, speed=2, trial=7, x__rid_x=fdfff1f606e6c06e: dummy_return_one(x)
[10:14:48.365] [INFO] [run] subject=15, session=5, speed=3, trial=1, x__rid_x=e2e61306c933234d: dummy_return_one(x)
[10:14:48.366] [INFO] [run] subject=15, session=5, speed=3, trial=2, x__rid_x=1e303db4c11200bb: dummy_return_one(x)
[10:14:48.372] [INFO] [run] subject=15, session=5, speed=3, trial=3, x__rid_x=1dbc6a72bc74d7e9: dummy_return_one(x)
[10:14:48.373] [INFO] [run] subject=15, session=5, speed=3, trial=4, x__rid_x=141985f32003f377: dummy_return_one(x)
[10:14:48.378] [INFO] [run] subject=15, session=5, speed=3, trial=5, x__rid_x=83cf8f49e64fa805: dummy_return_one(x)
[10:14:48.378] [INFO] [run] subject=15, session=5, speed=3, trial=6, x__rid_x=f48d9e735d28021c: dummy_return_one(x)
[10:14:48.379] [INFO] [run] subject=15, session=5, speed=3, trial=7, x__rid_x=6bfd6195c0bd48ea: dummy_return_one(x)
[10:14:48.384] [INFO] [run] subject=15, session=5, speed=4, trial=1, x__rid_x=ffdfa7fe6df8b7e5: dummy_return_one(x)
[10:14:48.385] [INFO] [run] subject=15, session=5, speed=4, trial=2, x__rid_x=f5f23812bc9d2a26: dummy_return_one(x)
[10:14:48.385] [INFO] [run] subject=15, session=5, speed=4, trial=3, x__rid_x=9475f4924c62e1c9: dummy_return_one(x)
[10:14:48.390] [INFO] [run] subject=15, session=5, speed=4, trial=4, x__rid_x=cf8606caf142358b: dummy_return_one(x)
[10:14:48.391] [INFO] [run] subject=15, session=5, speed=4, trial=5, x__rid_x=1411ee4b1248ddc6: dummy_return_one(x)
[10:14:48.391] [INFO] [run] subject=15, session=5, speed=4, trial=6, x__rid_x=3b298321dd28f350: dummy_return_one(x)
[10:14:48.396] [INFO] [run] subject=15, session=5, speed=4, trial=7, x__rid_x=e89dc1d3e44dedaa: dummy_return_one(x)
[10:14:48.397] [INFO] [run] subject=15, session=5, speed=5, trial=1, x__rid_x=07e720443f0b7e8c: dummy_return_one(x)
[10:14:48.397] [INFO] [run] subject=15, session=5, speed=5, trial=2, x__rid_x=14c2c9c604d12e27: dummy_return_one(x)
[10:14:48.402] [INFO] [run] subject=15, session=5, speed=5, trial=3, x__rid_x=5498f18c964acaa7: dummy_return_one(x)
[10:14:48.403] [INFO] [run] subject=15, session=5, speed=5, trial=4, x__rid_x=fbe9f2b723d04f2b: dummy_return_one(x)
[10:14:48.404] [INFO] [run] subject=15, session=5, speed=5, trial=5, x__rid_x=84af82448d5a6562: dummy_return_one(x)
[10:14:48.408] [INFO] [run] subject=15, session=5, speed=5, trial=6, x__rid_x=759f15420be4460a: dummy_return_one(x)
[10:14:48.409] [INFO] [run] subject=15, session=5, speed=5, trial=7, x__rid_x=f03e88b5a1166456: dummy_return_one(x)
[10:14:48.410] [INFO] [run] subject=15, session=5, speed=6, trial=1, x__rid_x=48985e27dea9dfb5: dummy_return_one(x)
[10:14:48.414] [INFO] [run] subject=15, session=5, speed=6, trial=2, x__rid_x=e82f7ccf1547a96b: dummy_return_one(x)
[10:14:48.415] [INFO] [run] subject=15, session=5, speed=6, trial=3, x__rid_x=0203007679b53f38: dummy_return_one(x)
[10:14:48.416] [INFO] [run] subject=15, session=5, speed=6, trial=4, x__rid_x=0489704f99fcecd0: dummy_return_one(x)
[10:14:48.421] [INFO] [run] subject=15, session=5, speed=6, trial=5, x__rid_x=589ac3fb1c1032b0: dummy_return_one(x)
[10:14:48.422] [INFO] [run] subject=15, session=5, speed=6, trial=6, x__rid_x=29e45cf7ad0fdedf: dummy_return_one(x)
[10:14:48.427] [INFO] [run] subject=15, session=5, speed=6, trial=7, x__rid_x=c799c08751a0f895: dummy_return_one(x)
[10:14:48.427] [INFO] [run] subject=15, session=5, speed=7, trial=1, x__rid_x=235775956d0c66e8: dummy_return_one(x)
[10:14:48.428] [INFO] [run] subject=15, session=5, speed=7, trial=2, x__rid_x=3f6e177c77cdf0cc: dummy_return_one(x)
[10:14:48.433] [INFO] [run] subject=15, session=5, speed=7, trial=3, x__rid_x=a7c55958cd06b80c: dummy_return_one(x)
[10:14:48.433] [INFO] [run] subject=15, session=5, speed=7, trial=4, x__rid_x=96fe51531f15c5e9: dummy_return_one(x)
[10:14:48.434] [INFO] [run] subject=15, session=5, speed=7, trial=5, x__rid_x=d04f04281e7cb486: dummy_return_one(x)
[10:14:48.439] [INFO] [run] subject=15, session=5, speed=7, trial=6, x__rid_x=769cd9d90fde3136: dummy_return_one(x)
[10:14:48.440] [INFO] [run] subject=15, session=5, speed=7, trial=7, x__rid_x=200443eedab5d084: dummy_return_one(x)
[10:14:48.445] [INFO] [run] subject=15, session=5, speed=8, trial=1, x__rid_x=a5602c144e4e0dae: dummy_return_one(x)
[10:14:48.446] [INFO] [run] subject=15, session=5, speed=8, trial=2, x__rid_x=58b1b1b62d7e2f5c: dummy_return_one(x)
[10:14:48.446] [INFO] [run] subject=15, session=5, speed=8, trial=3, x__rid_x=948d72ef3a77c93a: dummy_return_one(x)
[10:14:48.451] [INFO] [run] subject=15, session=5, speed=8, trial=4, x__rid_x=dc480d4df3651381: dummy_return_one(x)
[10:14:48.452] [INFO] [run] subject=15, session=5, speed=8, trial=5, x__rid_x=00e4d19c3be5c395: dummy_return_one(x)
[10:14:48.457] [INFO] [run] subject=15, session=5, speed=8, trial=6, x__rid_x=20aaef9450af40b0: dummy_return_one(x)
[10:14:48.458] [INFO] [run] subject=15, session=5, speed=8, trial=7, x__rid_x=1675bd39ee31e822: dummy_return_one(x)
[10:14:48.459] [INFO] [run] subject=15, session=5, speed=9, trial=1, x__rid_x=bf47f8bc4292bb51: dummy_return_one(x)
[10:14:48.463] [INFO] [run] subject=15, session=5, speed=9, trial=2, x__rid_x=779e192c64b8a6fe: dummy_return_one(x)
[10:14:48.464] [INFO] [run] subject=15, session=5, speed=9, trial=3, x__rid_x=ca7decbcf1f9750b: dummy_return_one(x)
[10:14:48.465] [INFO] [run] subject=15, session=5, speed=9, trial=4, x__rid_x=621f67bc5714996b: dummy_return_one(x)
[10:14:48.470] [INFO] [run] subject=15, session=5, speed=9, trial=5, x__rid_x=4a2b6daa9c587b96: dummy_return_one(x)
[10:14:48.471] [INFO] [run] subject=15, session=5, speed=9, trial=6, x__rid_x=10058e29bde04e79: dummy_return_one(x)
[10:14:48.476] [INFO] [run] subject=15, session=5, speed=9, trial=7, x__rid_x=03e04bd843da8314: dummy_return_one(x)
[10:14:48.477] [INFO] [run] subject=16, session=1, speed=1, trial=1, x__rid_x=6fab66e8667411b7: dummy_return_one(x)
[10:14:48.478] [INFO] [run] subject=16, session=1, speed=1, trial=2, x__rid_x=14b6eabd27bb2dc1: dummy_return_one(x)
[10:14:48.482] [INFO] [run] subject=16, session=1, speed=1, trial=3, x__rid_x=aa2a0b707ce83ea6: dummy_return_one(x)
[10:14:48.483] [INFO] [run] subject=16, session=1, speed=1, trial=4, x__rid_x=5ac0e9c3c121414c: dummy_return_one(x)
[10:14:48.483] [INFO] [run] subject=16, session=1, speed=1, trial=5, x__rid_x=7193b6cdd663a188: dummy_return_one(x)
[10:14:48.488] [INFO] [run] subject=16, session=1, speed=1, trial=6, x__rid_x=55998b7eb12c2e29: dummy_return_one(x)
[10:14:48.490] [INFO] [run] subject=16, session=1, speed=1, trial=7, x__rid_x=844ca33f19f96b60: dummy_return_one(x)
[10:14:48.494] [INFO] [run] subject=16, session=1, speed=10, trial=1, x__rid_x=eeef5a1ae1bf3609: dummy_return_one(x)
[10:14:48.495] [INFO] [run] subject=16, session=1, speed=10, trial=2, x__rid_x=ca801964d35f3883: dummy_return_one(x)
[10:14:48.496] [INFO] [run] subject=16, session=1, speed=10, trial=3, x__rid_x=ced79dceb87895de: dummy_return_one(x)
[10:14:48.501] [INFO] [run] subject=16, session=1, speed=10, trial=4, x__rid_x=f43c2da8a2e4ddf0: dummy_return_one(x)
[10:14:48.502] [INFO] [run] subject=16, session=1, speed=10, trial=5, x__rid_x=59ecc338dffe67dc: dummy_return_one(x)
[10:14:48.507] [INFO] [run] subject=16, session=1, speed=10, trial=6, x__rid_x=ffeeeee83b6bf5f3: dummy_return_one(x)
[10:14:48.508] [INFO] [run] subject=16, session=1, speed=10, trial=7, x__rid_x=08e76ea14c39ddea: dummy_return_one(x)
[10:14:48.508] [INFO] [run] subject=16, session=1, speed=2, trial=1, x__rid_x=01cc484f01840437: dummy_return_one(x)
[10:14:48.513] [INFO] [run] subject=16, session=1, speed=2, trial=2, x__rid_x=6787de731c387229: dummy_return_one(x)
[10:14:48.514] [INFO] [run] subject=16, session=1, speed=2, trial=3, x__rid_x=212f2ca206851087: dummy_return_one(x)
[10:14:48.514] [INFO] [run] subject=16, session=1, speed=2, trial=4, x__rid_x=819babd62a0db1c7: dummy_return_one(x)
[10:14:48.519] [INFO] [run] subject=16, session=1, speed=2, trial=5, x__rid_x=3df7481b31a70c79: dummy_return_one(x)
[10:14:48.521] [INFO] [run] subject=16, session=1, speed=2, trial=6, x__rid_x=7e500795b3cb5302: dummy_return_one(x)
[10:14:48.525] [INFO] [run] subject=16, session=1, speed=2, trial=7, x__rid_x=eca5ceb6a3befd40: dummy_return_one(x)
[10:14:48.526] [INFO] [run] subject=16, session=1, speed=3, trial=1, x__rid_x=c5ab80fdb1041c5a: dummy_return_one(x)
[10:14:48.527] [INFO] [run] subject=16, session=1, speed=3, trial=2, x__rid_x=6d4439a827c0155f: dummy_return_one(x)
[10:14:48.532] [INFO] [run] subject=16, session=1, speed=3, trial=3, x__rid_x=0378e7a612326bcf: dummy_return_one(x)
[10:14:48.532] [INFO] [run] subject=16, session=1, speed=3, trial=4, x__rid_x=bdbfca34158124b8: dummy_return_one(x)
[10:14:48.533] [INFO] [run] subject=16, session=1, speed=3, trial=5, x__rid_x=9e9099d5847f4395: dummy_return_one(x)
[10:14:48.538] [INFO] [run] subject=16, session=1, speed=3, trial=6, x__rid_x=cdce8caba2ae8422: dummy_return_one(x)
[10:14:48.539] [INFO] [run] subject=16, session=1, speed=3, trial=7, x__rid_x=ae1912a0c5214eb8: dummy_return_one(x)
[10:14:48.544] [INFO] [run] subject=16, session=1, speed=4, trial=1, x__rid_x=460ac542ad8eaad3: dummy_return_one(x)
[10:14:48.545] [INFO] [run] subject=16, session=1, speed=4, trial=2, x__rid_x=46ed273068c6df0c: dummy_return_one(x)
[10:14:48.545] [INFO] [run] subject=16, session=1, speed=4, trial=3, x__rid_x=ebfed148a9bedecd: dummy_return_one(x)
[10:14:48.550] [INFO] [run] subject=16, session=1, speed=4, trial=4, x__rid_x=ccf360e2729fc67f: dummy_return_one(x)
[10:14:48.551] [INFO] [run] subject=16, session=1, speed=4, trial=5, x__rid_x=165941efdedb8742: dummy_return_one(x)
[10:14:48.552] [INFO] [run] subject=16, session=1, speed=4, trial=6, x__rid_x=bcbeadea0f971afd: dummy_return_one(x)
[10:14:48.557] [INFO] [run] subject=16, session=1, speed=4, trial=7, x__rid_x=da590cc71289414a: dummy_return_one(x)
[10:14:48.557] [INFO] [run] subject=16, session=1, speed=5, trial=1, x__rid_x=68c205b8f57c954b: dummy_return_one(x)
[10:14:48.558] [INFO] [run] subject=16, session=1, speed=5, trial=2, x__rid_x=2429b60f4c506855: dummy_return_one(x)
[10:14:48.563] [INFO] [run] subject=16, session=1, speed=5, trial=3, x__rid_x=1a118e6b43045be3: dummy_return_one(x)
[10:14:48.563] [INFO] [run] subject=16, session=1, speed=5, trial=4, x__rid_x=a4d735d83d7e8745: dummy_return_one(x)
[10:14:48.564] [INFO] [run] subject=16, session=1, speed=5, trial=5, x__rid_x=74c8a0a7cfec5b8c: dummy_return_one(x)
[10:14:48.569] [INFO] [run] subject=16, session=1, speed=5, trial=6, x__rid_x=d4f6977412c9aeec: dummy_return_one(x)
[10:14:48.570] [INFO] [run] subject=16, session=1, speed=5, trial=7, x__rid_x=df267404caaa0e1d: dummy_return_one(x)
[10:14:48.575] [INFO] [run] subject=16, session=1, speed=6, trial=1, x__rid_x=7e92e69877a7aeef: dummy_return_one(x)
[10:14:48.576] [INFO] [run] subject=16, session=1, speed=6, trial=2, x__rid_x=993afe779cde611b: dummy_return_one(x)
[10:14:48.577] [INFO] [run] subject=16, session=1, speed=6, trial=3, x__rid_x=8964d1b16b699d81: dummy_return_one(x)
[10:14:48.581] [INFO] [run] subject=16, session=1, speed=6, trial=4, x__rid_x=33f222e0049e58c7: dummy_return_one(x)
[10:14:48.582] [INFO] [run] subject=16, session=1, speed=6, trial=5, x__rid_x=77740a843a9ececa: dummy_return_one(x)
[10:14:48.583] [INFO] [run] subject=16, session=1, speed=6, trial=6, x__rid_x=0a49caa57b3c43f1: dummy_return_one(x)
[10:14:48.588] [INFO] [run] subject=16, session=1, speed=6, trial=7, x__rid_x=618140919f75da32: dummy_return_one(x)
[10:14:48.589] [INFO] [run] subject=16, session=1, speed=7, trial=1, x__rid_x=633bbe4d6aa47782: dummy_return_one(x)
[10:14:48.594] [INFO] [run] subject=16, session=1, speed=7, trial=2, x__rid_x=686d0a069ef0253a: dummy_return_one(x)
[10:14:48.595] [INFO] [run] subject=16, session=1, speed=7, trial=3, x__rid_x=16faa3579c58778a: dummy_return_one(x)
[10:14:48.595] [INFO] [run] subject=16, session=1, speed=7, trial=4, x__rid_x=fd8df656ed7c40f9: dummy_return_one(x)
[10:14:48.600] [INFO] [run] subject=16, session=1, speed=7, trial=5, x__rid_x=b6fce4513beb6df3: dummy_return_one(x)
[10:14:48.601] [INFO] [run] subject=16, session=1, speed=7, trial=6, x__rid_x=bf1d7fb9f0fdc7fc: dummy_return_one(x)
[10:14:48.602] [INFO] [run] subject=16, session=1, speed=7, trial=7, x__rid_x=55583e3afdf88278: dummy_return_one(x)
[10:14:48.607] [INFO] [run] subject=16, session=1, speed=8, trial=1, x__rid_x=9263b05662f56e85: dummy_return_one(x)
[10:14:48.607] [INFO] [run] subject=16, session=1, speed=8, trial=2, x__rid_x=a213359f49032031: dummy_return_one(x)
[10:14:48.608] [INFO] [run] subject=16, session=1, speed=8, trial=3, x__rid_x=4a3d72647c311e18: dummy_return_one(x)
[10:14:48.613] [INFO] [run] subject=16, session=1, speed=8, trial=4, x__rid_x=1725e8e032d55d26: dummy_return_one(x)
[10:14:48.614] [INFO] [run] subject=16, session=1, speed=8, trial=5, x__rid_x=c700c404b369d899: dummy_return_one(x)
[10:14:48.614] [INFO] [run] subject=16, session=1, speed=8, trial=6, x__rid_x=43898c489d21fa48: dummy_return_one(x)
[10:14:48.619] [INFO] [run] subject=16, session=1, speed=8, trial=7, x__rid_x=3934ddfebbf56805: dummy_return_one(x)
[10:14:48.620] [INFO] [run] subject=16, session=1, speed=9, trial=1, x__rid_x=53a4142f19928aac: dummy_return_one(x)
[10:14:48.625] [INFO] [run] subject=16, session=1, speed=9, trial=2, x__rid_x=874cf60bb7dee4f4: dummy_return_one(x)
[10:14:48.626] [INFO] [run] subject=16, session=1, speed=9, trial=3, x__rid_x=8bb220f8a2bbe397: dummy_return_one(x)
[10:14:48.627] [INFO] [run] subject=16, session=1, speed=9, trial=4, x__rid_x=08e33e148f84551a: dummy_return_one(x)
[10:14:48.632] [INFO] [run] subject=16, session=1, speed=9, trial=5, x__rid_x=32a49a4927398a12: dummy_return_one(x)
[10:14:48.632] [INFO] [run] subject=16, session=1, speed=9, trial=6, x__rid_x=4089a4a528ac69be: dummy_return_one(x)
[10:14:48.633] [INFO] [run] subject=16, session=1, speed=9, trial=7, x__rid_x=7674157040ac7793: dummy_return_one(x)
[10:14:48.638] [INFO] [run] subject=16, session=2, speed=1, trial=1, x__rid_x=6b51e75cf09343b9: dummy_return_one(x)
[10:14:48.639] [INFO] [run] subject=16, session=2, speed=1, trial=2, x__rid_x=febe13625aa46b83: dummy_return_one(x)
[10:14:48.640] [INFO] [run] subject=16, session=2, speed=1, trial=3, x__rid_x=b107eecc3b730916: dummy_return_one(x)
[10:14:48.644] [INFO] [run] subject=16, session=2, speed=1, trial=4, x__rid_x=8da6176d9e6e4153: dummy_return_one(x)
[10:14:48.645] [INFO] [run] subject=16, session=2, speed=1, trial=5, x__rid_x=a6a7f968a400c6fe: dummy_return_one(x)
[10:14:48.646] [INFO] [run] subject=16, session=2, speed=1, trial=6, x__rid_x=45fb2a290879e16d: dummy_return_one(x)
[10:14:48.651] [INFO] [run] subject=16, session=2, speed=1, trial=7, x__rid_x=574e25c0d10d6e19: dummy_return_one(x)
[10:14:48.652] [INFO] [run] subject=16, session=2, speed=10, trial=1, x__rid_x=a1595163d0479365: dummy_return_one(x)
[10:14:48.652] [INFO] [run] subject=16, session=2, speed=10, trial=2, x__rid_x=6c139b1fac9264bf: dummy_return_one(x)
[10:14:48.657] [INFO] [run] subject=16, session=2, speed=10, trial=3, x__rid_x=3042fd8c2f227d4b: dummy_return_one(x)
[10:14:48.658] [INFO] [run] subject=16, session=2, speed=10, trial=4, x__rid_x=4732b66e77747ff3: dummy_return_one(x)
[10:14:48.658] [INFO] [run] subject=16, session=2, speed=10, trial=5, x__rid_x=73211fb95ce853f7: dummy_return_one(x)
[10:14:48.663] [INFO] [run] subject=16, session=2, speed=10, trial=6, x__rid_x=74bc55bdca127f0d: dummy_return_one(x)
[10:14:48.664] [INFO] [run] subject=16, session=2, speed=10, trial=7, x__rid_x=b739a3051708f596: dummy_return_one(x)
[10:14:48.670] [INFO] [run] subject=16, session=2, speed=2, trial=1, x__rid_x=36e7e43675852725: dummy_return_one(x)
[10:14:48.671] [INFO] [run] subject=16, session=2, speed=2, trial=2, x__rid_x=71062b7c7c05d0ae: dummy_return_one(x)
[10:14:48.671] [INFO] [run] subject=16, session=2, speed=2, trial=3, x__rid_x=33eae8cabfed785f: dummy_return_one(x)
[10:14:48.676] [INFO] [run] subject=16, session=2, speed=2, trial=4, x__rid_x=a673f246bd52ee3a: dummy_return_one(x)
[10:14:48.677] [INFO] [run] subject=16, session=2, speed=2, trial=5, x__rid_x=183a2347da5b2692: dummy_return_one(x)
[10:14:48.677] [INFO] [run] subject=16, session=2, speed=2, trial=6, x__rid_x=39a3e91433ce8a57: dummy_return_one(x)
[10:14:48.682] [INFO] [run] subject=16, session=2, speed=2, trial=7, x__rid_x=0be2b8bbc8743647: dummy_return_one(x)
[10:14:48.683] [INFO] [run] subject=16, session=2, speed=3, trial=1, x__rid_x=50e2a7ca8362298e: dummy_return_one(x)
[10:14:48.684] [INFO] [run] subject=16, session=2, speed=3, trial=2, x__rid_x=446f9b6de4b35901: dummy_return_one(x)
[10:14:48.689] [INFO] [run] subject=16, session=2, speed=3, trial=3, x__rid_x=ab64137fe907a4b1: dummy_return_one(x)
[10:14:48.690] [INFO] [run] subject=16, session=2, speed=3, trial=4, x__rid_x=62339adcee64afd5: dummy_return_one(x)
[10:14:48.695] [INFO] [run] subject=16, session=2, speed=3, trial=5, x__rid_x=0a0f71000977d336: dummy_return_one(x)
[10:14:48.695] [INFO] [run] subject=16, session=2, speed=3, trial=6, x__rid_x=edcec6b59cf4a9ff: dummy_return_one(x)
[10:14:48.696] [INFO] [run] subject=16, session=2, speed=3, trial=7, x__rid_x=85adb85acff8d7aa: dummy_return_one(x)
[10:14:48.701] [INFO] [run] subject=16, session=2, speed=4, trial=1, x__rid_x=c40f48f4a5d589f0: dummy_return_one(x)
[10:14:48.702] [INFO] [run] subject=16, session=2, speed=4, trial=2, x__rid_x=262268d3355e0ac4: dummy_return_one(x)
[10:14:48.707] [INFO] [run] subject=16, session=2, speed=4, trial=3, x__rid_x=aea786dcb65e8d0c: dummy_return_one(x)
[10:14:48.708] [INFO] [run] subject=16, session=2, speed=4, trial=4, x__rid_x=c80cc404b4e80661: dummy_return_one(x)
[10:14:48.709] [INFO] [run] subject=16, session=2, speed=4, trial=5, x__rid_x=44d10dacc44356fa: dummy_return_one(x)
[10:14:48.714] [INFO] [run] subject=16, session=2, speed=4, trial=6, x__rid_x=0594a95c219ff84a: dummy_return_one(x)
[10:14:48.715] [INFO] [run] subject=16, session=2, speed=4, trial=7, x__rid_x=41dca2bbee9c6a00: dummy_return_one(x)
[10:14:48.715] [INFO] [run] subject=16, session=2, speed=5, trial=1, x__rid_x=fef7cb42c2306966: dummy_return_one(x)
[10:14:48.720] [INFO] [run] subject=16, session=2, speed=5, trial=2, x__rid_x=790317e92fc7f428: dummy_return_one(x)
[10:14:48.721] [INFO] [run] subject=16, session=2, speed=5, trial=3, x__rid_x=0e8f1ba62fe4ccd2: dummy_return_one(x)
[10:14:48.726] [INFO] [run] subject=16, session=2, speed=5, trial=4, x__rid_x=e6db3392a7528eb0: dummy_return_one(x)
[10:14:48.727] [INFO] [run] subject=16, session=2, speed=5, trial=5, x__rid_x=7639d47d3c928eb2: dummy_return_one(x)
[10:14:48.728] [INFO] [run] subject=16, session=2, speed=5, trial=6, x__rid_x=282100a40a6bf06a: dummy_return_one(x)
[10:14:48.733] [INFO] [run] subject=16, session=2, speed=5, trial=7, x__rid_x=ca834b41cbbe1b4a: dummy_return_one(x)
[10:14:48.733] [INFO] [run] subject=16, session=2, speed=6, trial=1, x__rid_x=e9dde3d0738aecc0: dummy_return_one(x)
[10:14:48.734] [INFO] [run] subject=16, session=2, speed=6, trial=2, x__rid_x=2cea175f058c6ede: dummy_return_one(x)
[10:14:48.739] [INFO] [run] subject=16, session=2, speed=6, trial=3, x__rid_x=59e7873b73c55184: dummy_return_one(x)
[10:14:48.740] [INFO] [run] subject=16, session=2, speed=6, trial=4, x__rid_x=e15d73c1193d8f4a: dummy_return_one(x)
[10:14:48.745] [INFO] [run] subject=16, session=2, speed=6, trial=5, x__rid_x=8aafa98ad6e2edfb: dummy_return_one(x)
[10:14:48.746] [INFO] [run] subject=16, session=2, speed=6, trial=6, x__rid_x=6a5554d057e5ad13: dummy_return_one(x)
[10:14:48.747] [INFO] [run] subject=16, session=2, speed=6, trial=7, x__rid_x=ca20880d91567927: dummy_return_one(x)
[10:14:48.752] [INFO] [run] subject=16, session=2, speed=7, trial=1, x__rid_x=87bdbabcf2510fc1: dummy_return_one(x)
[10:14:48.753] [INFO] [run] subject=16, session=2, speed=7, trial=2, x__rid_x=d3205edbf439b526: dummy_return_one(x)
[10:14:48.758] [INFO] [run] subject=16, session=2, speed=7, trial=3, x__rid_x=8be8f56205592ffa: dummy_return_one(x)
[10:14:48.760] [INFO] [run] subject=16, session=2, speed=7, trial=4, x__rid_x=400d46ce35fafdc3: dummy_return_one(x)
[10:14:48.765] [INFO] [run] subject=16, session=2, speed=7, trial=5, x__rid_x=e09ee597a13e8c85: dummy_return_one(x)
[10:14:48.766] [INFO] [run] subject=16, session=2, speed=7, trial=6, x__rid_x=78667c935aaea58e: dummy_return_one(x)
[10:14:48.766] [INFO] [run] subject=16, session=2, speed=7, trial=7, x__rid_x=bfd6eb2e679d4d78: dummy_return_one(x)
[10:14:48.771] [INFO] [run] subject=16, session=2, speed=8, trial=1, x__rid_x=4c3ad6068c49b69d: dummy_return_one(x)
[10:14:48.773] [INFO] [run] subject=16, session=2, speed=8, trial=2, x__rid_x=6821fe19f21020e5: dummy_return_one(x)
[10:14:48.778] [INFO] [run] subject=16, session=2, speed=8, trial=3, x__rid_x=ca8d987a1549f10a: dummy_return_one(x)
[10:14:48.779] [INFO] [run] subject=16, session=2, speed=8, trial=4, x__rid_x=1ec053d748b20fba: dummy_return_one(x)
[10:14:48.779] [INFO] [run] subject=16, session=2, speed=8, trial=5, x__rid_x=f3ac42d801167550: dummy_return_one(x)
[10:14:48.785] [INFO] [run] subject=16, session=2, speed=8, trial=6, x__rid_x=91da82c2dfa707e3: dummy_return_one(x)
[10:14:48.786] [INFO] [run] subject=16, session=2, speed=8, trial=7, x__rid_x=619ced814536b974: dummy_return_one(x)
[10:14:48.791] [INFO] [run] subject=16, session=2, speed=9, trial=1, x__rid_x=423c0dfafa72c993: dummy_return_one(x)
[10:14:48.792] [INFO] [run] subject=16, session=2, speed=9, trial=2, x__rid_x=1253dcbb5830e0ae: dummy_return_one(x)
[10:14:48.793] [INFO] [run] subject=16, session=2, speed=9, trial=3, x__rid_x=2c82afea95c44b3b: dummy_return_one(x)
[10:14:48.798] [INFO] [run] subject=16, session=2, speed=9, trial=4, x__rid_x=b011af90872cdfed: dummy_return_one(x)
[10:14:48.799] [INFO] [run] subject=16, session=2, speed=9, trial=5, x__rid_x=d13d132e3141f26d: dummy_return_one(x)
[10:14:48.799] [INFO] [run] subject=16, session=2, speed=9, trial=6, x__rid_x=adbeddeb6b25a36d: dummy_return_one(x)
[10:14:48.804] [INFO] [run] subject=16, session=2, speed=9, trial=7, x__rid_x=6afd56ad9fe085ec: dummy_return_one(x)
[10:14:48.806] [INFO] [run] subject=16, session=3, speed=1, trial=1, x__rid_x=d529bba970fcc968: dummy_return_one(x)
[10:14:48.811] [INFO] [run] subject=16, session=3, speed=1, trial=2, x__rid_x=6387f23a034a9479: dummy_return_one(x)
[10:14:48.812] [INFO] [run] subject=16, session=3, speed=1, trial=3, x__rid_x=0998dad4f31e6886: dummy_return_one(x)
[10:14:48.818] [INFO] [run] subject=16, session=3, speed=1, trial=4, x__rid_x=e5f8d1ee31a44125: dummy_return_one(x)
[10:14:48.819] [INFO] [run] subject=16, session=3, speed=1, trial=5, x__rid_x=37124a41d094753d: dummy_return_one(x)
[10:14:48.824] [INFO] [run] subject=16, session=3, speed=1, trial=6, x__rid_x=3eeeb719c31ddba3: dummy_return_one(x)
[10:14:48.826] [INFO] [run] subject=16, session=3, speed=1, trial=7, x__rid_x=22d6960733f73a9a: dummy_return_one(x)
[10:14:48.826] [INFO] [run] subject=16, session=3, speed=10, trial=1, x__rid_x=4aca514a7379aa13: dummy_return_one(x)
[10:14:48.831] [INFO] [run] subject=16, session=3, speed=10, trial=2, x__rid_x=793c8d4822dd880b: dummy_return_one(x)
[10:14:48.833] [INFO] [run] subject=16, session=3, speed=10, trial=3, x__rid_x=d7f3cd61cd98b741: dummy_return_one(x)
[10:14:48.838] [INFO] [run] subject=16, session=3, speed=10, trial=4, x__rid_x=f8f709c166fe9a29: dummy_return_one(x)
[10:14:48.840] [INFO] [run] subject=16, session=3, speed=10, trial=5, x__rid_x=f4c07c195053d3fa: dummy_return_one(x)
[10:14:48.845] [INFO] [run] subject=16, session=3, speed=10, trial=6, x__rid_x=80a1aa33f7e9077e: dummy_return_one(x)
[10:14:48.846] [INFO] [run] subject=16, session=3, speed=10, trial=7, x__rid_x=c9b1ce6dc261b1d2: dummy_return_one(x)
[10:14:48.851] [INFO] [run] subject=16, session=3, speed=2, trial=1, x__rid_x=5f16317d1e98ce53: dummy_return_one(x)
[10:14:48.853] [INFO] [run] subject=16, session=3, speed=2, trial=2, x__rid_x=57a19b5fd62ea46b: dummy_return_one(x)
[10:14:48.858] [INFO] [run] subject=16, session=3, speed=2, trial=3, x__rid_x=78a51c1a4e99bec5: dummy_return_one(x)
[10:14:48.859] [INFO] [run] subject=16, session=3, speed=2, trial=4, x__rid_x=f02c3cf49c23d9af: dummy_return_one(x)
[10:14:48.859] [INFO] [run] subject=16, session=3, speed=2, trial=5, x__rid_x=1f0390587992ca83: dummy_return_one(x)
[10:14:48.864] [INFO] [run] subject=16, session=3, speed=2, trial=6, x__rid_x=85d9517204dbd75d: dummy_return_one(x)
[10:14:48.865] [INFO] [run] subject=16, session=3, speed=2, trial=7, x__rid_x=c746b9b82568cf41: dummy_return_one(x)
[10:14:48.866] [INFO] [run] subject=16, session=3, speed=3, trial=1, x__rid_x=83abdf50f51b99bf: dummy_return_one(x)
[10:14:48.871] [INFO] [run] subject=16, session=3, speed=3, trial=2, x__rid_x=076c0549dc9e2f60: dummy_return_one(x)
[10:14:48.872] [INFO] [run] subject=16, session=3, speed=3, trial=3, x__rid_x=45a6f5f2db2dda5e: dummy_return_one(x)
[10:14:48.877] [INFO] [run] subject=16, session=3, speed=3, trial=4, x__rid_x=65abd121fde7a41a: dummy_return_one(x)
[10:14:48.878] [INFO] [run] subject=16, session=3, speed=3, trial=5, x__rid_x=4c9a96adeec94203: dummy_return_one(x)
[10:14:48.879] [INFO] [run] subject=16, session=3, speed=3, trial=6, x__rid_x=a2ec6b464696816b: dummy_return_one(x)
[10:14:48.884] [INFO] [run] subject=16, session=3, speed=3, trial=7, x__rid_x=41ca3f5849a40f17: dummy_return_one(x)
[10:14:48.885] [INFO] [run] subject=16, session=3, speed=4, trial=1, x__rid_x=03f953db580b7b57: dummy_return_one(x)
[10:14:48.890] [INFO] [run] subject=16, session=3, speed=4, trial=2, x__rid_x=e4625d7560707668: dummy_return_one(x)
[10:14:48.891] [INFO] [run] subject=16, session=3, speed=4, trial=3, x__rid_x=d147869bf418b515: dummy_return_one(x)
[10:14:48.892] [INFO] [run] subject=16, session=3, speed=4, trial=4, x__rid_x=12c21640d463f73c: dummy_return_one(x)
[10:14:48.897] [INFO] [run] subject=16, session=3, speed=4, trial=5, x__rid_x=00c6abbd4b8e7011: dummy_return_one(x)
[10:14:48.898] [INFO] [run] subject=16, session=3, speed=4, trial=6, x__rid_x=a3e335204054e0b2: dummy_return_one(x)
[10:14:48.898] [INFO] [run] subject=16, session=3, speed=4, trial=7, x__rid_x=02306848e020b8b6: dummy_return_one(x)
[10:14:48.903] [INFO] [run] subject=16, session=3, speed=5, trial=1, x__rid_x=c147d808891473dc: dummy_return_one(x)
[10:14:48.905] [INFO] [run] subject=16, session=3, speed=5, trial=2, x__rid_x=6957dfffe5b97806: dummy_return_one(x)
[10:14:48.910] [INFO] [run] subject=16, session=3, speed=5, trial=3, x__rid_x=5f73f49e6181902e: dummy_return_one(x)
[10:14:48.911] [INFO] [run] subject=16, session=3, speed=5, trial=4, x__rid_x=20e038612e4efa01: dummy_return_one(x)
[10:14:48.911] [INFO] [run] subject=16, session=3, speed=5, trial=5, x__rid_x=65742acc13084604: dummy_return_one(x)
[10:14:48.916] [INFO] [run] subject=16, session=3, speed=5, trial=6, x__rid_x=a1c0d3c05b650625: dummy_return_one(x)
[10:14:48.917] [INFO] [run] subject=16, session=3, speed=5, trial=7, x__rid_x=cf77872ce6c95b18: dummy_return_one(x)
[10:14:48.918] [INFO] [run] subject=16, session=3, speed=6, trial=1, x__rid_x=2f9f12cadf1e0c1b: dummy_return_one(x)
[10:14:48.923] [INFO] [run] subject=16, session=3, speed=6, trial=2, x__rid_x=cc9b12beac08c0d8: dummy_return_one(x)
[10:14:48.924] [INFO] [run] subject=16, session=3, speed=6, trial=3, x__rid_x=5f607d9a9c88c02e: dummy_return_one(x)
[10:14:48.930] [INFO] [run] subject=16, session=3, speed=6, trial=4, x__rid_x=f9c6b1592b6bb0ca: dummy_return_one(x)
[10:14:48.931] [INFO] [run] subject=16, session=3, speed=6, trial=5, x__rid_x=6774bbc75fcc6ec2: dummy_return_one(x)
[10:14:48.931] [INFO] [run] subject=16, session=3, speed=6, trial=6, x__rid_x=0c93df90a56ca586: dummy_return_one(x)
[10:14:48.936] [INFO] [run] subject=16, session=3, speed=6, trial=7, x__rid_x=b8c85e1765c8e959: dummy_return_one(x)
[10:14:48.937] [INFO] [run] subject=16, session=3, speed=7, trial=1, x__rid_x=778f8aa9bb315ddb: dummy_return_one(x)
[10:14:48.943] [INFO] [run] subject=16, session=3, speed=7, trial=2, x__rid_x=722a13552550daa5: dummy_return_one(x)
[10:14:48.944] [INFO] [run] subject=16, session=3, speed=7, trial=3, x__rid_x=b5a2eb6313eaf4d9: dummy_return_one(x)
[10:14:48.944] [INFO] [run] subject=16, session=3, speed=7, trial=4, x__rid_x=6df770950a922789: dummy_return_one(x)
[10:14:48.949] [INFO] [run] subject=16, session=3, speed=7, trial=5, x__rid_x=a86d6a2c382b3490: dummy_return_one(x)
[10:14:48.950] [INFO] [run] subject=16, session=3, speed=7, trial=6, x__rid_x=7e99d978040307b5: dummy_return_one(x)
[10:14:48.951] [INFO] [run] subject=16, session=3, speed=7, trial=7, x__rid_x=9e746cd69ca01a8e: dummy_return_one(x)
[10:14:48.956] [INFO] [run] subject=16, session=3, speed=8, trial=1, x__rid_x=422afe9cfc911fb3: dummy_return_one(x)
[10:14:48.957] [INFO] [run] subject=16, session=3, speed=8, trial=2, x__rid_x=01b78e67fe4a860f: dummy_return_one(x)
[10:14:48.958] [INFO] [run] subject=16, session=3, speed=8, trial=3, x__rid_x=533d364236c69785: dummy_return_one(x)
[10:14:48.963] [INFO] [run] subject=16, session=3, speed=8, trial=4, x__rid_x=e1a615c4854b13bd: dummy_return_one(x)
[10:14:48.963] [INFO] [run] subject=16, session=3, speed=8, trial=5, x__rid_x=6453ca97b469599a: dummy_return_one(x)
[10:14:48.964] [INFO] [run] subject=16, session=3, speed=8, trial=6, x__rid_x=0e3a3dd34e13c396: dummy_return_one(x)
[10:14:48.969] [INFO] [run] subject=16, session=3, speed=8, trial=7, x__rid_x=a7bfb3231a8db1f9: dummy_return_one(x)
[10:14:48.970] [INFO] [run] subject=16, session=3, speed=9, trial=1, x__rid_x=210e690036c3b0e4: dummy_return_one(x)
[10:14:48.971] [INFO] [run] subject=16, session=3, speed=9, trial=2, x__rid_x=9880253cc85fe339: dummy_return_one(x)
[10:14:48.976] [INFO] [run] subject=16, session=3, speed=9, trial=3, x__rid_x=d8a111963b2e22b7: dummy_return_one(x)
[10:14:48.977] [INFO] [run] subject=16, session=3, speed=9, trial=4, x__rid_x=8252b848324b6e7f: dummy_return_one(x)
[10:14:48.978] [INFO] [run] subject=16, session=3, speed=9, trial=5, x__rid_x=f4da08256acb009d: dummy_return_one(x)
[10:14:48.983] [INFO] [run] subject=16, session=3, speed=9, trial=6, x__rid_x=df2445df1ab2a03c: dummy_return_one(x)
[10:14:48.984] [INFO] [run] subject=16, session=3, speed=9, trial=7, x__rid_x=667347370bc8f918: dummy_return_one(x)
[10:14:48.985] [INFO] [run] subject=16, session=4, speed=1, trial=1, x__rid_x=f86256eb86bb3497: dummy_return_one(x)
[10:14:48.990] [INFO] [run] subject=16, session=4, speed=1, trial=2, x__rid_x=682c5ff52ed8735a: dummy_return_one(x)
[10:14:48.991] [INFO] [run] subject=16, session=4, speed=1, trial=3, x__rid_x=68cf624a171db37e: dummy_return_one(x)
[10:14:48.992] [INFO] [run] subject=16, session=4, speed=1, trial=4, x__rid_x=6baa2819c63caf75: dummy_return_one(x)
[10:14:48.997] [INFO] [run] subject=16, session=4, speed=1, trial=5, x__rid_x=2c2092084ee77664: dummy_return_one(x)
[10:14:48.997] [INFO] [run] subject=16, session=4, speed=1, trial=6, x__rid_x=97e5525832c80313: dummy_return_one(x)
[10:14:48.998] [INFO] [run] subject=16, session=4, speed=1, trial=7, x__rid_x=e5e529d7f9939490: dummy_return_one(x)
[10:14:48.999] [INFO] [run] subject=16, session=4, speed=10, trial=1, x__rid_x=3d0e522d12d127d5: dummy_return_one(x)
[10:14:49.004] [INFO] [run] subject=16, session=4, speed=10, trial=2, x__rid_x=9d2a93fc1d490d56: dummy_return_one(x)
[10:14:49.005] [INFO] [run] subject=16, session=4, speed=10, trial=3, x__rid_x=72506c4af91f438a: dummy_return_one(x)
[10:14:49.010] [INFO] [run] subject=16, session=4, speed=10, trial=4, x__rid_x=9ff72e438478e9d5: dummy_return_one(x)
[10:14:49.011] [INFO] [run] subject=16, session=4, speed=10, trial=5, x__rid_x=ce0af137dad6fe3a: dummy_return_one(x)
[10:14:49.012] [INFO] [run] subject=16, session=4, speed=10, trial=6, x__rid_x=817110895dc9de35: dummy_return_one(x)
[10:14:49.017] [INFO] [run] subject=16, session=4, speed=10, trial=7, x__rid_x=871200ecb927a0f5: dummy_return_one(x)
[10:14:49.018] [INFO] [run] subject=16, session=4, speed=2, trial=1, x__rid_x=9295e9d5295f8a1a: dummy_return_one(x)
[10:14:49.019] [INFO] [run] subject=16, session=4, speed=2, trial=2, x__rid_x=2e90da2dd789d6dc: dummy_return_one(x)
[10:14:49.023] [INFO] [run] subject=16, session=4, speed=2, trial=3, x__rid_x=9de8692051d92716: dummy_return_one(x)
[10:14:49.024] [INFO] [run] subject=16, session=4, speed=2, trial=4, x__rid_x=19202792f8d97f6a: dummy_return_one(x)
[10:14:49.025] [INFO] [run] subject=16, session=4, speed=2, trial=5, x__rid_x=a6a73ae9786a93bb: dummy_return_one(x)
[10:14:49.030] [INFO] [run] subject=16, session=4, speed=2, trial=6, x__rid_x=ee10a09091bcb19d: dummy_return_one(x)
[10:14:49.031] [INFO] [run] subject=16, session=4, speed=2, trial=7, x__rid_x=c987f782f2f2ccbb: dummy_return_one(x)
[10:14:49.032] [INFO] [run] subject=16, session=4, speed=3, trial=1, x__rid_x=1995a5a3a48d6c91: dummy_return_one(x)
[10:14:49.037] [INFO] [run] subject=16, session=4, speed=3, trial=2, x__rid_x=85aadaca02f7eee4: dummy_return_one(x)
[10:14:49.038] [INFO] [run] subject=16, session=4, speed=3, trial=3, x__rid_x=189175f9caeac26a: dummy_return_one(x)
[10:14:49.043] [INFO] [run] subject=16, session=4, speed=3, trial=4, x__rid_x=daf5270687786e68: dummy_return_one(x)
[10:14:49.044] [INFO] [run] subject=16, session=4, speed=3, trial=5, x__rid_x=0b0cd9578f0a1b41: dummy_return_one(x)
[10:14:49.045] [INFO] [run] subject=16, session=4, speed=3, trial=6, x__rid_x=6623a37814279d56: dummy_return_one(x)
[10:14:49.050] [INFO] [run] subject=16, session=4, speed=3, trial=7, x__rid_x=ef4d5bcddf9ea8c2: dummy_return_one(x)
[10:14:49.050] [INFO] [run] subject=16, session=4, speed=4, trial=1, x__rid_x=06f3f23fa4341802: dummy_return_one(x)
[10:14:49.051] [INFO] [run] subject=16, session=4, speed=4, trial=2, x__rid_x=3403cd6e51373746: dummy_return_one(x)
[10:14:49.056] [INFO] [run] subject=16, session=4, speed=4, trial=3, x__rid_x=5d95857686e038ca: dummy_return_one(x)
[10:14:49.057] [INFO] [run] subject=16, session=4, speed=4, trial=4, x__rid_x=e14d3cf289ed79f6: dummy_return_one(x)
[10:14:49.058] [INFO] [run] subject=16, session=4, speed=4, trial=5, x__rid_x=0aa2bfcdf09c951b: dummy_return_one(x)
[10:14:49.063] [INFO] [run] subject=16, session=4, speed=4, trial=6, x__rid_x=8c7d64690dba0c66: dummy_return_one(x)
[10:14:49.064] [INFO] [run] subject=16, session=4, speed=4, trial=7, x__rid_x=ca5b15989ad57ea2: dummy_return_one(x)
[10:14:49.065] [INFO] [run] subject=16, session=4, speed=5, trial=1, x__rid_x=564ed3c931cda9f8: dummy_return_one(x)
[10:14:49.069] [INFO] [run] subject=16, session=4, speed=5, trial=2, x__rid_x=d59ebdea55931cc1: dummy_return_one(x)
[10:14:49.071] [INFO] [run] subject=16, session=4, speed=5, trial=3, x__rid_x=efd4cd7f51d7581d: dummy_return_one(x)
[10:14:49.071] [INFO] [run] subject=16, session=4, speed=5, trial=4, x__rid_x=d5db6357c4bf7fef: dummy_return_one(x)
[10:14:49.076] [INFO] [run] subject=16, session=4, speed=5, trial=5, x__rid_x=9c3e4b397fa6ca43: dummy_return_one(x)
[10:14:49.077] [INFO] [run] subject=16, session=4, speed=5, trial=6, x__rid_x=68b1ba84fe3a54e2: dummy_return_one(x)
[10:14:49.078] [INFO] [run] subject=16, session=4, speed=5, trial=7, x__rid_x=3c1a54bead94148c: dummy_return_one(x)
[10:14:49.083] [INFO] [run] subject=16, session=4, speed=6, trial=1, x__rid_x=14a85d94e378ba32: dummy_return_one(x)
[10:14:49.084] [INFO] [run] subject=16, session=4, speed=6, trial=2, x__rid_x=958f60a479d846cd: dummy_return_one(x)
[10:14:49.090] [INFO] [run] subject=16, session=4, speed=6, trial=3, x__rid_x=6ca44f058e451163: dummy_return_one(x)
[10:14:49.090] [INFO] [run] subject=16, session=4, speed=6, trial=4, x__rid_x=1d45ccf92316fa53: dummy_return_one(x)
[10:14:49.096] [INFO] [run] subject=16, session=4, speed=6, trial=5, x__rid_x=0c14e5198b3a353d: dummy_return_one(x)
[10:14:49.097] [INFO] [run] subject=16, session=4, speed=6, trial=6, x__rid_x=9ac4dea5b76e412c: dummy_return_one(x)
[10:14:49.097] [INFO] [run] subject=16, session=4, speed=6, trial=7, x__rid_x=789be97674348c3c: dummy_return_one(x)
[10:14:49.103] [INFO] [run] subject=16, session=4, speed=7, trial=1, x__rid_x=009ee20533ff4fbd: dummy_return_one(x)
[10:14:49.104] [INFO] [run] subject=16, session=4, speed=7, trial=2, x__rid_x=4ffe15bac049784e: dummy_return_one(x)
[10:14:49.109] [INFO] [run] subject=16, session=4, speed=7, trial=3, x__rid_x=8fb4a0d8ac12cb80: dummy_return_one(x)
[10:14:49.110] [INFO] [run] subject=16, session=4, speed=7, trial=4, x__rid_x=021eba583ed40f34: dummy_return_one(x)
[10:14:49.111] [INFO] [run] subject=16, session=4, speed=7, trial=5, x__rid_x=95daa641b8d8e5cc: dummy_return_one(x)
[10:14:49.116] [INFO] [run] subject=16, session=4, speed=7, trial=6, x__rid_x=6f3bc9db45d63d57: dummy_return_one(x)
[10:14:49.117] [INFO] [run] subject=16, session=4, speed=7, trial=7, x__rid_x=88e0a5100cfad25d: dummy_return_one(x)
[10:14:49.118] [INFO] [run] subject=16, session=4, speed=8, trial=1, x__rid_x=095ed832621c1bfa: dummy_return_one(x)
[10:14:49.122] [INFO] [run] subject=16, session=4, speed=8, trial=2, x__rid_x=46ade0bff78133b2: dummy_return_one(x)
[10:14:49.124] [INFO] [run] subject=16, session=4, speed=8, trial=3, x__rid_x=8da9267c560e4492: dummy_return_one(x)
[10:14:49.124] [INFO] [run] subject=16, session=4, speed=8, trial=4, x__rid_x=4022714ab47a4a7f: dummy_return_one(x)
[10:14:49.129] [INFO] [run] subject=16, session=4, speed=8, trial=5, x__rid_x=5353616dcceb8dfe: dummy_return_one(x)
[10:14:49.130] [INFO] [run] subject=16, session=4, speed=8, trial=6, x__rid_x=77a2671287a5930f: dummy_return_one(x)
[10:14:49.131] [INFO] [run] subject=16, session=4, speed=8, trial=7, x__rid_x=b27ce879cf472721: dummy_return_one(x)
[10:14:49.136] [INFO] [run] subject=16, session=4, speed=9, trial=1, x__rid_x=cfa8cde505c2909f: dummy_return_one(x)
[10:14:49.137] [INFO] [run] subject=16, session=4, speed=9, trial=2, x__rid_x=0b69528e15d37fe5: dummy_return_one(x)
[10:14:49.143] [INFO] [run] subject=16, session=4, speed=9, trial=3, x__rid_x=2fb09bb1b3e779a1: dummy_return_one(x)
[10:14:49.143] [INFO] [run] subject=16, session=4, speed=9, trial=4, x__rid_x=8b37b0342ef53d76: dummy_return_one(x)
[10:14:49.144] [INFO] [run] subject=16, session=4, speed=9, trial=5, x__rid_x=718d0b8249736596: dummy_return_one(x)
[10:14:49.149] [INFO] [run] subject=16, session=4, speed=9, trial=6, x__rid_x=9a935f3118f2682c: dummy_return_one(x)
[10:14:49.150] [INFO] [run] subject=16, session=4, speed=9, trial=7, x__rid_x=09258e8beb07e63c: dummy_return_one(x)
[10:14:49.151] [INFO] [run] subject=16, session=5, speed=1, trial=1, x__rid_x=b072c508107d9127: dummy_return_one(x)
[10:14:49.156] [INFO] [run] subject=16, session=5, speed=1, trial=2, x__rid_x=8071551a4ab16304: dummy_return_one(x)
[10:14:49.157] [INFO] [run] subject=16, session=5, speed=1, trial=3, x__rid_x=55cf4cd4412fa071: dummy_return_one(x)
[10:14:49.158] [INFO] [run] subject=16, session=5, speed=1, trial=4, x__rid_x=8793663986e8a6e8: dummy_return_one(x)
[10:14:49.163] [INFO] [run] subject=16, session=5, speed=1, trial=5, x__rid_x=cbc6c9d6e12c0910: dummy_return_one(x)
[10:14:49.163] [INFO] [run] subject=16, session=5, speed=1, trial=6, x__rid_x=8134eaa91e991a9d: dummy_return_one(x)
[10:14:49.164] [INFO] [run] subject=16, session=5, speed=1, trial=7, x__rid_x=80ea18b26694b80d: dummy_return_one(x)
[10:14:49.169] [INFO] [run] subject=16, session=5, speed=10, trial=1, x__rid_x=0c0edca478a1fe71: dummy_return_one(x)
[10:14:49.170] [INFO] [run] subject=16, session=5, speed=10, trial=2, x__rid_x=e80e2dc52425ac09: dummy_return_one(x)
[10:14:49.176] [INFO] [run] subject=16, session=5, speed=10, trial=3, x__rid_x=ba24c17ce9876555: dummy_return_one(x)
[10:14:49.177] [INFO] [run] subject=16, session=5, speed=10, trial=4, x__rid_x=213c75ad2e2cb49c: dummy_return_one(x)
[10:14:49.182] [INFO] [run] subject=16, session=5, speed=10, trial=5, x__rid_x=7948f09a6973aa75: dummy_return_one(x)
[10:14:49.183] [INFO] [run] subject=16, session=5, speed=10, trial=6, x__rid_x=cf9cc1e575788d1a: dummy_return_one(x)
[10:14:49.184] [INFO] [run] subject=16, session=5, speed=10, trial=7, x__rid_x=5acd9bee5bd934bc: dummy_return_one(x)
[10:14:49.189] [INFO] [run] subject=16, session=5, speed=2, trial=1, x__rid_x=782b7c2d2e54f7ce: dummy_return_one(x)
[10:14:49.190] [INFO] [run] subject=16, session=5, speed=2, trial=2, x__rid_x=9ebcd022b5b0d5f9: dummy_return_one(x)
[10:14:49.191] [INFO] [run] subject=16, session=5, speed=2, trial=3, x__rid_x=c1cbce4c6f2ce3bc: dummy_return_one(x)
[10:14:49.196] [INFO] [run] subject=16, session=5, speed=2, trial=4, x__rid_x=52318d44c732acbe: dummy_return_one(x)
[10:14:49.197] [INFO] [run] subject=16, session=5, speed=2, trial=5, x__rid_x=7a99865d116823bb: dummy_return_one(x)
[10:14:49.198] [INFO] [run] subject=16, session=5, speed=2, trial=6, x__rid_x=e65851aed54b45d0: dummy_return_one(x)
[10:14:49.203] [INFO] [run] subject=16, session=5, speed=2, trial=7, x__rid_x=8cddc5ab02b4d18a: dummy_return_one(x)
[10:14:49.204] [INFO] [run] subject=16, session=5, speed=3, trial=1, x__rid_x=5f1aee88cd1e677f: dummy_return_one(x)
[10:14:49.209] [INFO] [run] subject=16, session=5, speed=3, trial=2, x__rid_x=dec1fabf4acce857: dummy_return_one(x)
[10:14:49.210] [INFO] [run] subject=16, session=5, speed=3, trial=3, x__rid_x=691bb264588fd85c: dummy_return_one(x)
[10:14:49.211] [INFO] [run] subject=16, session=5, speed=3, trial=4, x__rid_x=86dad80d77480052: dummy_return_one(x)
[10:14:49.216] [INFO] [run] subject=16, session=5, speed=3, trial=5, x__rid_x=70f47325eba4dab9: dummy_return_one(x)
[10:14:49.217] [INFO] [run] subject=16, session=5, speed=3, trial=6, x__rid_x=d68f2fffb563d1a5: dummy_return_one(x)
[10:14:49.218] [INFO] [run] subject=16, session=5, speed=3, trial=7, x__rid_x=262ef3d59514d940: dummy_return_one(x)
[10:14:49.223] [INFO] [run] subject=16, session=5, speed=4, trial=1, x__rid_x=af6486e2ec3a714c: dummy_return_one(x)
[10:14:49.224] [INFO] [run] subject=16, session=5, speed=4, trial=2, x__rid_x=af2907ee4f7a2e98: dummy_return_one(x)
[10:14:49.229] [INFO] [run] subject=16, session=5, speed=4, trial=3, x__rid_x=acc371daa90eef76: dummy_return_one(x)
[10:14:49.230] [INFO] [run] subject=16, session=5, speed=4, trial=4, x__rid_x=75473b1209e230e0: dummy_return_one(x)
[10:14:49.231] [INFO] [run] subject=16, session=5, speed=4, trial=5, x__rid_x=c9e269a1e3ca9eaa: dummy_return_one(x)
[10:14:49.236] [INFO] [run] subject=16, session=5, speed=4, trial=6, x__rid_x=9f0d11ca533660eb: dummy_return_one(x)
[10:14:49.239] [INFO] [run] subject=16, session=5, speed=4, trial=7, x__rid_x=0b24e9791f8c9d01: dummy_return_one(x)
[10:14:49.240] [INFO] [run] subject=16, session=5, speed=5, trial=1, x__rid_x=fc16feb8466c0b95: dummy_return_one(x)
[10:14:49.241] [INFO] [run] subject=16, session=5, speed=5, trial=2, x__rid_x=0c4b420366c2b3d5: dummy_return_one(x)
[10:14:49.246] [INFO] [run] subject=16, session=5, speed=5, trial=3, x__rid_x=319a60e63011d2e2: dummy_return_one(x)
[10:14:49.247] [INFO] [run] subject=16, session=5, speed=5, trial=4, x__rid_x=b12f350a34b3740f: dummy_return_one(x)
[10:14:49.247] [INFO] [run] subject=16, session=5, speed=5, trial=5, x__rid_x=9c9141baf53d8f98: dummy_return_one(x)
[10:14:49.253] [INFO] [run] subject=16, session=5, speed=5, trial=6, x__rid_x=852cebe0836426e6: dummy_return_one(x)
[10:14:49.254] [INFO] [run] subject=16, session=5, speed=5, trial=7, x__rid_x=0b9301b9ab30ee7e: dummy_return_one(x)
[10:14:49.259] [INFO] [run] subject=16, session=5, speed=6, trial=1, x__rid_x=69fa36920038ccee: dummy_return_one(x)
[10:14:49.260] [INFO] [run] subject=16, session=5, speed=6, trial=2, x__rid_x=13bff40752ac22f2: dummy_return_one(x)
[10:14:49.261] [INFO] [run] subject=16, session=5, speed=6, trial=3, x__rid_x=ca9a6d137f9b20ed: dummy_return_one(x)
[10:14:49.266] [INFO] [run] subject=16, session=5, speed=6, trial=4, x__rid_x=55b026e0a12c5a32: dummy_return_one(x)
[10:14:49.267] [INFO] [run] subject=16, session=5, speed=6, trial=5, x__rid_x=b0ad9578789c0def: dummy_return_one(x)
[10:14:49.268] [INFO] [run] subject=16, session=5, speed=6, trial=6, x__rid_x=a4a0d3eb8cd8b9b2: dummy_return_one(x)
[10:14:49.273] [INFO] [run] subject=16, session=5, speed=6, trial=7, x__rid_x=c61a7b7c5ebe7d4f: dummy_return_one(x)
[10:14:49.274] [INFO] [run] subject=16, session=5, speed=7, trial=1, x__rid_x=241a5edfe47432c7: dummy_return_one(x)
[10:14:49.274] [INFO] [run] subject=16, session=5, speed=7, trial=2, x__rid_x=edd705656d0c1e38: dummy_return_one(x)
[10:14:49.279] [INFO] [run] subject=16, session=5, speed=7, trial=3, x__rid_x=28941011d268ffb2: dummy_return_one(x)
[10:14:49.280] [INFO] [run] subject=16, session=5, speed=7, trial=4, x__rid_x=6c7f35ecbce2cd48: dummy_return_one(x)
[10:14:49.281] [INFO] [run] subject=16, session=5, speed=7, trial=5, x__rid_x=b4f0383f455fc6ae: dummy_return_one(x)
[10:14:49.286] [INFO] [run] subject=16, session=5, speed=7, trial=6, x__rid_x=24a9cdcc5577116e: dummy_return_one(x)
[10:14:49.287] [INFO] [run] subject=16, session=5, speed=7, trial=7, x__rid_x=51b5ae5f0921ffd1: dummy_return_one(x)
[10:14:49.293] [INFO] [run] subject=16, session=5, speed=8, trial=1, x__rid_x=275e4f028fdf7cf7: dummy_return_one(x)
[10:14:49.294] [INFO] [run] subject=16, session=5, speed=8, trial=2, x__rid_x=d22406b71655770c: dummy_return_one(x)
[10:14:49.295] [INFO] [run] subject=16, session=5, speed=8, trial=3, x__rid_x=6c0e40b663ea751e: dummy_return_one(x)
[10:14:49.300] [INFO] [run] subject=16, session=5, speed=8, trial=4, x__rid_x=573b521ca7b6b601: dummy_return_one(x)
[10:14:49.300] [INFO] [run] subject=16, session=5, speed=8, trial=5, x__rid_x=36b09b26ea7f0608: dummy_return_one(x)
[10:14:49.306] [INFO] [run] subject=16, session=5, speed=8, trial=6, x__rid_x=6f24fd5196e07292: dummy_return_one(x)
[10:14:49.307] [INFO] [run] subject=16, session=5, speed=8, trial=7, x__rid_x=2a4dcd8d660f995a: dummy_return_one(x)
[10:14:49.308] [INFO] [run] subject=16, session=5, speed=9, trial=1, x__rid_x=cdfe3ef69d14786d: dummy_return_one(x)
[10:14:49.313] [INFO] [run] subject=16, session=5, speed=9, trial=2, x__rid_x=5de9107688e01b84: dummy_return_one(x)
[10:14:49.314] [INFO] [run] subject=16, session=5, speed=9, trial=3, x__rid_x=cf7412353497082a: dummy_return_one(x)
[10:14:49.315] [INFO] [run] subject=16, session=5, speed=9, trial=4, x__rid_x=03a326ef843c3b75: dummy_return_one(x)
[10:14:49.320] [INFO] [run] subject=16, session=5, speed=9, trial=5, x__rid_x=73af1438b2552ed0: dummy_return_one(x)
[10:14:49.321] [INFO] [run] subject=16, session=5, speed=9, trial=6, x__rid_x=d2bbe83c620e587f: dummy_return_one(x)
[10:14:49.327] [INFO] [run] subject=16, session=5, speed=9, trial=7, x__rid_x=746b8ef1876d6c63: dummy_return_one(x)
[10:14:49.327] [INFO] [run] subject=17, session=1, speed=1, trial=1, x__rid_x=a14c68448cbaa96d: dummy_return_one(x)
[10:14:49.328] [INFO] [run] subject=17, session=1, speed=1, trial=2, x__rid_x=5847f979e8ee2bbb: dummy_return_one(x)
[10:14:49.334] [INFO] [run] subject=17, session=1, speed=1, trial=3, x__rid_x=a73aecc9550a9302: dummy_return_one(x)
[10:14:49.335] [INFO] [run] subject=17, session=1, speed=1, trial=4, x__rid_x=45d61eb3a459f51e: dummy_return_one(x)
[10:14:49.341] [INFO] [run] subject=17, session=1, speed=1, trial=5, x__rid_x=77850d500fa13de4: dummy_return_one(x)
[10:14:49.343] [INFO] [run] subject=17, session=1, speed=1, trial=6, x__rid_x=208dfd6af500c148: dummy_return_one(x)
[10:14:49.348] [INFO] [run] subject=17, session=1, speed=1, trial=7, x__rid_x=220e20668360a1b2: dummy_return_one(x)
[10:14:49.349] [INFO] [run] subject=17, session=1, speed=10, trial=1, x__rid_x=0997cd9787f54b45: dummy_return_one(x)
[10:14:49.350] [INFO] [run] subject=17, session=1, speed=10, trial=2, x__rid_x=4ab4a8c48606cdbb: dummy_return_one(x)
[10:14:49.355] [INFO] [run] subject=17, session=1, speed=10, trial=3, x__rid_x=8a74e314d43e235b: dummy_return_one(x)
[10:14:49.357] [INFO] [run] subject=17, session=1, speed=10, trial=4, x__rid_x=207a3d5d4fca0a23: dummy_return_one(x)
[10:14:49.362] [INFO] [run] subject=17, session=1, speed=10, trial=5, x__rid_x=4ec445d4fc3d4b41: dummy_return_one(x)
[10:14:49.363] [INFO] [run] subject=17, session=1, speed=10, trial=6, x__rid_x=03c2cec0847eb67f: dummy_return_one(x)
[10:14:49.364] [INFO] [run] subject=17, session=1, speed=10, trial=7, x__rid_x=f08537db3f5172fc: dummy_return_one(x)
[10:14:49.369] [INFO] [run] subject=17, session=1, speed=2, trial=1, x__rid_x=10354c2e422113b4: dummy_return_one(x)
[10:14:49.370] [INFO] [run] subject=17, session=1, speed=2, trial=2, x__rid_x=345e33280ca0907a: dummy_return_one(x)
[10:14:49.376] [INFO] [run] subject=17, session=1, speed=2, trial=3, x__rid_x=b1371d4c5f7bb81a: dummy_return_one(x)
[10:14:49.376] [INFO] [run] subject=17, session=1, speed=2, trial=4, x__rid_x=7c6f63ef911b8f1b: dummy_return_one(x)
[10:14:49.377] [INFO] [run] subject=17, session=1, speed=2, trial=5, x__rid_x=9129dc87838a55bd: dummy_return_one(x)
[10:14:49.382] [INFO] [run] subject=17, session=1, speed=2, trial=6, x__rid_x=1ec19071186fe865: dummy_return_one(x)
[10:14:49.383] [INFO] [run] subject=17, session=1, speed=2, trial=7, x__rid_x=7df2b5b2c55b619f: dummy_return_one(x)
[10:14:49.384] [INFO] [run] subject=17, session=1, speed=3, trial=1, x__rid_x=a8d154b232730548: dummy_return_one(x)
[10:14:49.390] [INFO] [run] subject=17, session=1, speed=3, trial=2, x__rid_x=8be7448662d0bfe5: dummy_return_one(x)
[10:14:49.391] [INFO] [run] subject=17, session=1, speed=3, trial=3, x__rid_x=6ecac0589320ee4c: dummy_return_one(x)
[10:14:49.396] [INFO] [run] subject=17, session=1, speed=3, trial=4, x__rid_x=48b5131c1ed619c4: dummy_return_one(x)
[10:14:49.397] [INFO] [run] subject=17, session=1, speed=3, trial=5, x__rid_x=f42308fb0d98fb5a: dummy_return_one(x)
[10:14:49.398] [INFO] [run] subject=17, session=1, speed=3, trial=6, x__rid_x=11f8a8fb626511e9: dummy_return_one(x)
[10:14:49.403] [INFO] [run] subject=17, session=1, speed=3, trial=7, x__rid_x=2d720f23d587f14d: dummy_return_one(x)
[10:14:49.405] [INFO] [run] subject=17, session=1, speed=4, trial=1, x__rid_x=82286b7efc0a5842: dummy_return_one(x)
[10:14:49.410] [INFO] [run] subject=17, session=1, speed=4, trial=2, x__rid_x=5b7a370ea6c68d69: dummy_return_one(x)
[10:14:49.411] [INFO] [run] subject=17, session=1, speed=4, trial=3, x__rid_x=456bf8ab968d46fd: dummy_return_one(x)
[10:14:49.417] [INFO] [run] subject=17, session=1, speed=4, trial=4, x__rid_x=011aeef11f1521b1: dummy_return_one(x)
[10:14:49.419] [INFO] [run] subject=17, session=1, speed=4, trial=5, x__rid_x=8f0b512ee99fdd36: dummy_return_one(x)
[10:14:49.424] [INFO] [run] subject=17, session=1, speed=4, trial=6, x__rid_x=364ab6b2c17456c0: dummy_return_one(x)
[10:14:49.425] [INFO] [run] subject=17, session=1, speed=4, trial=7, x__rid_x=fffe9755c5c9278a: dummy_return_one(x)
[10:14:49.431] [INFO] [run] subject=17, session=1, speed=5, trial=1, x__rid_x=ad36399eb95c8ba6: dummy_return_one(x)
[10:14:49.432] [INFO] [run] subject=17, session=1, speed=5, trial=2, x__rid_x=fccb4a0c8c26974e: dummy_return_one(x)
[10:14:49.433] [INFO] [run] subject=17, session=1, speed=5, trial=3, x__rid_x=d8c561c3bf522a31: dummy_return_one(x)
[10:14:49.438] [INFO] [run] subject=17, session=1, speed=5, trial=4, x__rid_x=fb329c67ebf894a4: dummy_return_one(x)
[10:14:49.439] [INFO] [run] subject=17, session=1, speed=5, trial=5, x__rid_x=41f31f87b35e0b7a: dummy_return_one(x)
[10:14:49.445] [INFO] [run] subject=17, session=1, speed=5, trial=6, x__rid_x=af2c63bbe6e13470: dummy_return_one(x)
[10:14:49.446] [INFO] [run] subject=17, session=1, speed=5, trial=7, x__rid_x=4b4eb85ef8399397: dummy_return_one(x)
[10:14:49.447] [INFO] [run] subject=17, session=1, speed=6, trial=1, x__rid_x=f9fe3db91e5a3adc: dummy_return_one(x)
[10:14:49.452] [INFO] [run] subject=17, session=1, speed=6, trial=2, x__rid_x=8b3c3e88c598fcbb: dummy_return_one(x)
[10:14:49.453] [INFO] [run] subject=17, session=1, speed=6, trial=3, x__rid_x=9c6ef1bc9d0f82ea: dummy_return_one(x)
[10:14:49.459] [INFO] [run] subject=17, session=1, speed=6, trial=4, x__rid_x=40436acc7fedf1b9: dummy_return_one(x)
[10:14:49.460] [INFO] [run] subject=17, session=1, speed=6, trial=5, x__rid_x=60812aebde951f6d: dummy_return_one(x)
[10:14:49.460] [INFO] [run] subject=17, session=1, speed=6, trial=6, x__rid_x=15614a401e4c6670: dummy_return_one(x)
[10:14:49.466] [INFO] [run] subject=17, session=1, speed=6, trial=7, x__rid_x=2c7bdf1b08044dbc: dummy_return_one(x)
[10:14:49.466] [INFO] [run] subject=17, session=1, speed=7, trial=1, x__rid_x=102a9a5fcf725dab: dummy_return_one(x)
[10:14:49.467] [INFO] [run] subject=17, session=1, speed=7, trial=2, x__rid_x=e299ecef164e0739: dummy_return_one(x)
[10:14:49.473] [INFO] [run] subject=17, session=1, speed=7, trial=3, x__rid_x=48339e4094e1eef8: dummy_return_one(x)
[10:14:49.474] [INFO] [run] subject=17, session=1, speed=7, trial=4, x__rid_x=02ae6d18f24f0ba0: dummy_return_one(x)
[10:14:49.479] [INFO] [run] subject=17, session=1, speed=7, trial=5, x__rid_x=a9509ffdb82d05c7: dummy_return_one(x)
[10:14:49.480] [INFO] [run] subject=17, session=1, speed=7, trial=6, x__rid_x=8b2bc8eb7dbc0844: dummy_return_one(x)
[10:14:49.481] [INFO] [run] subject=17, session=1, speed=7, trial=7, x__rid_x=b46b2e1eddca6af8: dummy_return_one(x)
[10:14:49.486] [INFO] [run] subject=17, session=1, speed=8, trial=1, x__rid_x=666807e4b6b1bbad: dummy_return_one(x)
[10:14:49.488] [INFO] [run] subject=17, session=1, speed=8, trial=2, x__rid_x=42e33f35425505d1: dummy_return_one(x)
[10:14:49.493] [INFO] [run] subject=17, session=1, speed=8, trial=3, x__rid_x=6110af4fa9980b1a: dummy_return_one(x)
[10:14:49.494] [INFO] [run] subject=17, session=1, speed=8, trial=4, x__rid_x=86f2b6ed9ba34189: dummy_return_one(x)
[10:14:49.495] [INFO] [run] subject=17, session=1, speed=8, trial=5, x__rid_x=ae063fd9fc526b09: dummy_return_one(x)
[10:14:49.500] [INFO] [run] subject=17, session=1, speed=8, trial=6, x__rid_x=6db73b7a263e1d83: dummy_return_one(x)
[10:14:49.501] [INFO] [run] subject=17, session=1, speed=8, trial=7, x__rid_x=82c5154dbec494dc: dummy_return_one(x)
[10:14:49.507] [INFO] [run] subject=17, session=1, speed=9, trial=1, x__rid_x=51dd1e67d5768685: dummy_return_one(x)
[10:14:49.507] [INFO] [run] subject=17, session=1, speed=9, trial=2, x__rid_x=f21ecf161c36bb2f: dummy_return_one(x)
[10:14:49.508] [INFO] [run] subject=17, session=1, speed=9, trial=3, x__rid_x=7ac745b6b11cc40d: dummy_return_one(x)
[10:14:49.513] [INFO] [run] subject=17, session=1, speed=9, trial=4, x__rid_x=8790270d04296c48: dummy_return_one(x)
[10:14:49.514] [INFO] [run] subject=17, session=1, speed=9, trial=5, x__rid_x=f984e0634a55f0e1: dummy_return_one(x)
[10:14:49.515] [INFO] [run] subject=17, session=1, speed=9, trial=6, x__rid_x=31d096fdf2958426: dummy_return_one(x)
[10:14:49.520] [INFO] [run] subject=17, session=1, speed=9, trial=7, x__rid_x=efabc86d8844870c: dummy_return_one(x)
[10:14:49.522] [INFO] [run] subject=17, session=2, speed=1, trial=1, x__rid_x=48e5c42abeb194ed: dummy_return_one(x)
[10:14:49.527] [INFO] [run] subject=17, session=2, speed=1, trial=2, x__rid_x=a1e4dcf376ac938a: dummy_return_one(x)
[10:14:49.528] [INFO] [run] subject=17, session=2, speed=1, trial=3, x__rid_x=e1d614f2288c13de: dummy_return_one(x)
[10:14:49.528] [INFO] [run] subject=17, session=2, speed=1, trial=4, x__rid_x=a9b15ff58eaa7008: dummy_return_one(x)
[10:14:49.534] [INFO] [run] subject=17, session=2, speed=1, trial=5, x__rid_x=1f3511ab9db0f052: dummy_return_one(x)
[10:14:49.535] [INFO] [run] subject=17, session=2, speed=1, trial=6, x__rid_x=7db59551182f808f: dummy_return_one(x)
[10:14:49.536] [INFO] [run] subject=17, session=2, speed=1, trial=7, x__rid_x=13628c7000fdf089: dummy_return_one(x)
[10:14:49.541] [INFO] [run] subject=17, session=2, speed=10, trial=1, x__rid_x=a6799cbb536b470c: dummy_return_one(x)
[10:14:49.541] [INFO] [run] subject=17, session=2, speed=10, trial=2, x__rid_x=0c0df25b8c86b8d9: dummy_return_one(x)
[10:14:49.542] [INFO] [run] subject=17, session=2, speed=10, trial=3, x__rid_x=d42cf764da8cd0e2: dummy_return_one(x)
[10:14:49.547] [INFO] [run] subject=17, session=2, speed=10, trial=4, x__rid_x=492ec02efb05bd91: dummy_return_one(x)
[10:14:49.548] [INFO] [run] subject=17, session=2, speed=10, trial=5, x__rid_x=0e46d5f2636d2298: dummy_return_one(x)
[10:14:49.549] [INFO] [run] subject=17, session=2, speed=10, trial=6, x__rid_x=be5b3765c158dfee: dummy_return_one(x)
[10:14:49.554] [INFO] [run] subject=17, session=2, speed=10, trial=7, x__rid_x=c7233cc913e8e715: dummy_return_one(x)
[10:14:49.555] [INFO] [run] subject=17, session=2, speed=2, trial=1, x__rid_x=7bac25c9f77864a3: dummy_return_one(x)
[10:14:49.561] [INFO] [run] subject=17, session=2, speed=2, trial=2, x__rid_x=ef114b45a0cd1c74: dummy_return_one(x)
[10:14:49.562] [INFO] [run] subject=17, session=2, speed=2, trial=3, x__rid_x=7c44c99f360215cf: dummy_return_one(x)
[10:14:49.562] [INFO] [run] subject=17, session=2, speed=2, trial=4, x__rid_x=c6dc8b886e6547b9: dummy_return_one(x)
[10:14:49.568] [INFO] [run] subject=17, session=2, speed=2, trial=5, x__rid_x=29e1fa7237b09e96: dummy_return_one(x)
[10:14:49.569] [INFO] [run] subject=17, session=2, speed=2, trial=6, x__rid_x=2e108e5c0703d2b0: dummy_return_one(x)
[10:14:49.570] [INFO] [run] subject=17, session=2, speed=2, trial=7, x__rid_x=e6d9069c6588b1d6: dummy_return_one(x)
[10:14:49.574] [INFO] [run] subject=17, session=2, speed=3, trial=1, x__rid_x=55e8d6a3a2843e98: dummy_return_one(x)
[10:14:49.575] [INFO] [run] subject=17, session=2, speed=3, trial=2, x__rid_x=368bc3c16ef35f4a: dummy_return_one(x)
[10:14:49.576] [INFO] [run] subject=17, session=2, speed=3, trial=3, x__rid_x=f61eb206ff2e9dc7: dummy_return_one(x)
[10:14:49.581] [INFO] [run] subject=17, session=2, speed=3, trial=4, x__rid_x=4d975a36836572bb: dummy_return_one(x)
[10:14:49.582] [INFO] [run] subject=17, session=2, speed=3, trial=5, x__rid_x=3a563073f4b1374a: dummy_return_one(x)
[10:14:49.583] [INFO] [run] subject=17, session=2, speed=3, trial=6, x__rid_x=4f753115243a8a5f: dummy_return_one(x)
[10:14:49.588] [INFO] [run] subject=17, session=2, speed=3, trial=7, x__rid_x=405b60f6c8b6aa12: dummy_return_one(x)
[10:14:49.590] [INFO] [run] subject=17, session=2, speed=4, trial=1, x__rid_x=c2c71d9058d9d76e: dummy_return_one(x)
[10:14:49.595] [INFO] [run] subject=17, session=2, speed=4, trial=2, x__rid_x=2f20e7a3e3e02ad1: dummy_return_one(x)
[10:14:49.596] [INFO] [run] subject=17, session=2, speed=4, trial=3, x__rid_x=aedf94fd79c485f4: dummy_return_one(x)
[10:14:49.596] [INFO] [run] subject=17, session=2, speed=4, trial=4, x__rid_x=df19a748c6b72ca5: dummy_return_one(x)
[10:14:49.602] [INFO] [run] subject=17, session=2, speed=4, trial=5, x__rid_x=3eaec7df1637bbce: dummy_return_one(x)
[10:14:49.603] [INFO] [run] subject=17, session=2, speed=4, trial=6, x__rid_x=afbcd843393d9e46: dummy_return_one(x)
[10:14:49.609] [INFO] [run] subject=17, session=2, speed=4, trial=7, x__rid_x=6e53ea5e49eb354f: dummy_return_one(x)
[10:14:49.610] [INFO] [run] subject=17, session=2, speed=5, trial=1, x__rid_x=1059a07de9544833: dummy_return_one(x)
[10:14:49.616] [INFO] [run] subject=17, session=2, speed=5, trial=2, x__rid_x=c39a3f4ddc21a3d5: dummy_return_one(x)
[10:14:49.616] [INFO] [run] subject=17, session=2, speed=5, trial=3, x__rid_x=c0ea379de55772ce: dummy_return_one(x)
[10:14:49.617] [INFO] [run] subject=17, session=2, speed=5, trial=4, x__rid_x=c1f9385b229992be: dummy_return_one(x)
[10:14:49.622] [INFO] [run] subject=17, session=2, speed=5, trial=5, x__rid_x=b6f113d34606306a: dummy_return_one(x)
[10:14:49.623] [INFO] [run] subject=17, session=2, speed=5, trial=6, x__rid_x=c466f8273c0162ea: dummy_return_one(x)
[10:14:49.624] [INFO] [run] subject=17, session=2, speed=5, trial=7, x__rid_x=408219a6f7038713: dummy_return_one(x)
[10:14:49.629] [INFO] [run] subject=17, session=2, speed=6, trial=1, x__rid_x=c635106e84d8a13f: dummy_return_one(x)
[10:14:49.630] [INFO] [run] subject=17, session=2, speed=6, trial=2, x__rid_x=2bd9bf4b9f222cdf: dummy_return_one(x)
[10:14:49.631] [INFO] [run] subject=17, session=2, speed=6, trial=3, x__rid_x=3609f23f69005895: dummy_return_one(x)
[10:14:49.636] [INFO] [run] subject=17, session=2, speed=6, trial=4, x__rid_x=3f0759ce5fd057f9: dummy_return_one(x)
[10:14:49.637] [INFO] [run] subject=17, session=2, speed=6, trial=5, x__rid_x=9dcb028c76605354: dummy_return_one(x)
[10:14:49.643] [INFO] [run] subject=17, session=2, speed=6, trial=6, x__rid_x=64652ffddf18c38c: dummy_return_one(x)
[10:14:49.652] [INFO] [run] subject=17, session=2, speed=6, trial=7, x__rid_x=d833019e3c5a4f75: dummy_return_one(x)
[10:14:49.655] [INFO] [run] subject=17, session=2, speed=7, trial=1, x__rid_x=28bee5aab17f59ae: dummy_return_one(x)
[10:14:49.661] [INFO] [run] subject=17, session=2, speed=7, trial=2, x__rid_x=08369fa7bf0e9b25: dummy_return_one(x)
[10:14:49.662] [INFO] [run] subject=17, session=2, speed=7, trial=3, x__rid_x=39f55b7824c73e3e: dummy_return_one(x)
[10:14:49.668] [INFO] [run] subject=17, session=2, speed=7, trial=4, x__rid_x=d9fe58c0b5aca4f1: dummy_return_one(x)
[10:14:49.670] [INFO] [run] subject=17, session=2, speed=7, trial=5, x__rid_x=a3154883229eace6: dummy_return_one(x)
[10:14:49.675] [INFO] [run] subject=17, session=2, speed=7, trial=6, x__rid_x=66ae6eb519a25f0e: dummy_return_one(x)
[10:14:49.677] [INFO] [run] subject=17, session=2, speed=7, trial=7, x__rid_x=79e8b9c79cbb652a: dummy_return_one(x)
[10:14:49.686] [INFO] [run] subject=17, session=2, speed=8, trial=1, x__rid_x=6c2a59ac5e4a0a71: dummy_return_one(x)
[10:14:49.688] [INFO] [run] subject=17, session=2, speed=8, trial=2, x__rid_x=d3d4cb0ec689019c: dummy_return_one(x)
[10:14:49.693] [INFO] [run] subject=17, session=2, speed=8, trial=3, x__rid_x=79f0377b2aabd2d4: dummy_return_one(x)
[10:14:49.694] [INFO] [run] subject=17, session=2, speed=8, trial=4, x__rid_x=46b45c6ea6e6a7a0: dummy_return_one(x)
[10:14:49.700] [INFO] [run] subject=17, session=2, speed=8, trial=5, x__rid_x=ff2f2ae0c12fe748: dummy_return_one(x)
[10:14:49.702] [INFO] [run] subject=17, session=2, speed=8, trial=6, x__rid_x=f68c328e2c79db4a: dummy_return_one(x)
[10:14:49.707] [INFO] [run] subject=17, session=2, speed=8, trial=7, x__rid_x=5c1fd529e1d4af08: dummy_return_one(x)
[10:14:49.708] [INFO] [run] subject=17, session=2, speed=9, trial=1, x__rid_x=9f94f8465101388f: dummy_return_one(x)
[10:14:49.709] [INFO] [run] subject=17, session=2, speed=9, trial=2, x__rid_x=26ea70b24458f089: dummy_return_one(x)
[10:14:49.714] [INFO] [run] subject=17, session=2, speed=9, trial=3, x__rid_x=a640b47165ee72c6: dummy_return_one(x)
[10:14:49.715] [INFO] [run] subject=17, session=2, speed=9, trial=4, x__rid_x=d5371c706cf91b2d: dummy_return_one(x)
[10:14:49.716] [INFO] [run] subject=17, session=2, speed=9, trial=5, x__rid_x=441a7c6278d1101e: dummy_return_one(x)
[10:14:49.721] [INFO] [run] subject=17, session=2, speed=9, trial=6, x__rid_x=a00409430c7f6aa6: dummy_return_one(x)
[10:14:49.722] [INFO] [run] subject=17, session=2, speed=9, trial=7, x__rid_x=2ed94dc17cbe9717: dummy_return_one(x)
[10:14:49.728] [INFO] [run] subject=17, session=3, speed=1, trial=1, x__rid_x=2341731d4b619b00: dummy_return_one(x)
[10:14:49.728] [INFO] [run] subject=17, session=3, speed=1, trial=2, x__rid_x=09693707d9dba94d: dummy_return_one(x)
[10:14:49.729] [INFO] [run] subject=17, session=3, speed=1, trial=3, x__rid_x=7cf4d82aaab45693: dummy_return_one(x)
[10:14:49.735] [INFO] [run] subject=17, session=3, speed=1, trial=4, x__rid_x=8415c4914b2c6b77: dummy_return_one(x)
[10:14:49.736] [INFO] [run] subject=17, session=3, speed=1, trial=5, x__rid_x=54644fc2095dc50a: dummy_return_one(x)
[10:14:49.736] [INFO] [run] subject=17, session=3, speed=1, trial=6, x__rid_x=55b270453b882a54: dummy_return_one(x)
[10:14:49.742] [INFO] [run] subject=17, session=3, speed=1, trial=7, x__rid_x=3e640d5ee793db16: dummy_return_one(x)
[10:14:49.743] [INFO] [run] subject=17, session=3, speed=10, trial=1, x__rid_x=d0545f67d51c5379: dummy_return_one(x)
[10:14:49.743] [INFO] [run] subject=17, session=3, speed=10, trial=2, x__rid_x=63e5205e2c1e9718: dummy_return_one(x)
[10:14:49.749] [INFO] [run] subject=17, session=3, speed=10, trial=3, x__rid_x=bcef90c48cc96fc9: dummy_return_one(x)
[10:14:49.749] [INFO] [run] subject=17, session=3, speed=10, trial=4, x__rid_x=ca4d5821b1bc4366: dummy_return_one(x)
[10:14:49.750] [INFO] [run] subject=17, session=3, speed=10, trial=5, x__rid_x=da181d4a107437ab: dummy_return_one(x)
[10:14:49.756] [INFO] [run] subject=17, session=3, speed=10, trial=6, x__rid_x=6b10dfec5274ca77: dummy_return_one(x)
[10:14:49.757] [INFO] [run] subject=17, session=3, speed=10, trial=7, x__rid_x=bc9b16ec98469a38: dummy_return_one(x)
[10:14:49.757] [INFO] [run] subject=17, session=3, speed=2, trial=1, x__rid_x=2f041beebd6322f8: dummy_return_one(x)
[10:14:49.763] [INFO] [run] subject=17, session=3, speed=2, trial=2, x__rid_x=b9b54eeff7602687: dummy_return_one(x)
[10:14:49.763] [INFO] [run] subject=17, session=3, speed=2, trial=3, x__rid_x=98298f225b83b829: dummy_return_one(x)
[10:14:49.764] [INFO] [run] subject=17, session=3, speed=2, trial=4, x__rid_x=92b1a394664e425a: dummy_return_one(x)
[10:14:49.770] [INFO] [run] subject=17, session=3, speed=2, trial=5, x__rid_x=735132ae960828d1: dummy_return_one(x)
[10:14:49.772] [INFO] [run] subject=17, session=3, speed=2, trial=6, x__rid_x=3eb57ac54eea9029: dummy_return_one(x)
[10:14:49.777] [INFO] [run] subject=17, session=3, speed=2, trial=7, x__rid_x=744d83994997f160: dummy_return_one(x)
[10:14:49.778] [INFO] [run] subject=17, session=3, speed=3, trial=1, x__rid_x=f7ddc4f1e2edb4f0: dummy_return_one(x)
[10:14:49.779] [INFO] [run] subject=17, session=3, speed=3, trial=2, x__rid_x=2e4f3c911d1d6770: dummy_return_one(x)
[10:14:49.784] [INFO] [run] subject=17, session=3, speed=3, trial=3, x__rid_x=1b4b2df7ce7c21b4: dummy_return_one(x)
[10:14:49.785] [INFO] [run] subject=17, session=3, speed=3, trial=4, x__rid_x=2c0da66042e3ea17: dummy_return_one(x)
[10:14:49.791] [INFO] [run] subject=17, session=3, speed=3, trial=5, x__rid_x=989a6da6df272e9d: dummy_return_one(x)
[10:14:49.792] [INFO] [run] subject=17, session=3, speed=3, trial=6, x__rid_x=81bc9d62ee30e7ba: dummy_return_one(x)
[10:14:49.793] [INFO] [run] subject=17, session=3, speed=3, trial=7, x__rid_x=1af864a41b450cc5: dummy_return_one(x)
[10:14:49.798] [INFO] [run] subject=17, session=3, speed=4, trial=1, x__rid_x=64fc4d93a6b6c00f: dummy_return_one(x)
[10:14:49.799] [INFO] [run] subject=17, session=3, speed=4, trial=2, x__rid_x=7b7edfe2fc8b670f: dummy_return_one(x)
[10:14:49.799] [INFO] [run] subject=17, session=3, speed=4, trial=3, x__rid_x=8aba8f0f6a1f8644: dummy_return_one(x)
[10:14:49.805] [INFO] [run] subject=17, session=3, speed=4, trial=4, x__rid_x=80a2055f5146a13c: dummy_return_one(x)
[10:14:49.806] [INFO] [run] subject=17, session=3, speed=4, trial=5, x__rid_x=8a006f9966b6b354: dummy_return_one(x)
[10:14:49.812] [INFO] [run] subject=17, session=3, speed=4, trial=6, x__rid_x=e79f08edfbffa786: dummy_return_one(x)
[10:14:49.813] [INFO] [run] subject=17, session=3, speed=4, trial=7, x__rid_x=aa9947c1ece361bd: dummy_return_one(x)
[10:14:49.813] [INFO] [run] subject=17, session=3, speed=5, trial=1, x__rid_x=2736ceb94afa29e7: dummy_return_one(x)
[10:14:49.819] [INFO] [run] subject=17, session=3, speed=5, trial=2, x__rid_x=fc0c7f539e82d79d: dummy_return_one(x)
[10:14:49.820] [INFO] [run] subject=17, session=3, speed=5, trial=3, x__rid_x=ca39b737b5d614a0: dummy_return_one(x)
[10:14:49.826] [INFO] [run] subject=17, session=3, speed=5, trial=4, x__rid_x=3c62ef4fa3841f91: dummy_return_one(x)
[10:14:49.826] [INFO] [run] subject=17, session=3, speed=5, trial=5, x__rid_x=7934c488a8430f0b: dummy_return_one(x)
[10:14:49.827] [INFO] [run] subject=17, session=3, speed=5, trial=6, x__rid_x=5f30b250880849a5: dummy_return_one(x)
[10:14:49.833] [INFO] [run] subject=17, session=3, speed=5, trial=7, x__rid_x=3281171bf4a2c0c3: dummy_return_one(x)
[10:14:49.833] [INFO] [run] subject=17, session=3, speed=6, trial=1, x__rid_x=d1bca1b00e26c70c: dummy_return_one(x)
[10:14:49.834] [INFO] [run] subject=17, session=3, speed=6, trial=2, x__rid_x=9a026adff6da5904: dummy_return_one(x)
[10:14:49.840] [INFO] [run] subject=17, session=3, speed=6, trial=3, x__rid_x=3cb018b011378c39: dummy_return_one(x)
[10:14:49.841] [INFO] [run] subject=17, session=3, speed=6, trial=4, x__rid_x=5ee0532f726cc7c0: dummy_return_one(x)
[10:14:49.841] [INFO] [run] subject=17, session=3, speed=6, trial=5, x__rid_x=a6991effaaa9b651: dummy_return_one(x)
[10:14:49.847] [INFO] [run] subject=17, session=3, speed=6, trial=6, x__rid_x=7d8e5ee19ac7345e: dummy_return_one(x)
[10:14:49.847] [INFO] [run] subject=17, session=3, speed=6, trial=7, x__rid_x=2f8d1beff037e951: dummy_return_one(x)
[10:14:49.848] [INFO] [run] subject=17, session=3, speed=7, trial=1, x__rid_x=7060fae7021f9654: dummy_return_one(x)
[10:14:49.854] [INFO] [run] subject=17, session=3, speed=7, trial=2, x__rid_x=f867c9555a3fad0a: dummy_return_one(x)
[10:14:49.855] [INFO] [run] subject=17, session=3, speed=7, trial=3, x__rid_x=07edd9b5f392d72d: dummy_return_one(x)
[10:14:49.860] [INFO] [run] subject=17, session=3, speed=7, trial=4, x__rid_x=9b3162a6d9f4f995: dummy_return_one(x)
[10:14:49.861] [INFO] [run] subject=17, session=3, speed=7, trial=5, x__rid_x=7f36855e2e0be06d: dummy_return_one(x)
[10:14:49.862] [INFO] [run] subject=17, session=3, speed=7, trial=6, x__rid_x=2456fea4489a6944: dummy_return_one(x)
[10:14:49.867] [INFO] [run] subject=17, session=3, speed=7, trial=7, x__rid_x=208a95329b12d8ff: dummy_return_one(x)
[10:14:49.868] [INFO] [run] subject=17, session=3, speed=8, trial=1, x__rid_x=3bad571154dac3e8: dummy_return_one(x)
[10:14:49.874] [INFO] [run] subject=17, session=3, speed=8, trial=2, x__rid_x=829c2dd1c6ab0135: dummy_return_one(x)
[10:14:49.875] [INFO] [run] subject=17, session=3, speed=8, trial=3, x__rid_x=092913ba5db2a241: dummy_return_one(x)
[10:14:49.876] [INFO] [run] subject=17, session=3, speed=8, trial=4, x__rid_x=2ce26e0005ae5d20: dummy_return_one(x)
[10:14:49.881] [INFO] [run] subject=17, session=3, speed=8, trial=5, x__rid_x=3f232920ec4c6408: dummy_return_one(x)
[10:14:49.882] [INFO] [run] subject=17, session=3, speed=8, trial=6, x__rid_x=d107ceb79703a226: dummy_return_one(x)
[10:14:49.883] [INFO] [run] subject=17, session=3, speed=8, trial=7, x__rid_x=95076d9dabb9cd55: dummy_return_one(x)
[10:14:49.889] [INFO] [run] subject=17, session=3, speed=9, trial=1, x__rid_x=d4a57cc48b5bb313: dummy_return_one(x)
[10:14:49.890] [INFO] [run] subject=17, session=3, speed=9, trial=2, x__rid_x=9eca30c64eaa30e5: dummy_return_one(x)
[10:14:49.895] [INFO] [run] subject=17, session=3, speed=9, trial=3, x__rid_x=1fcea35f93fec5de: dummy_return_one(x)
[10:14:49.896] [INFO] [run] subject=17, session=3, speed=9, trial=4, x__rid_x=1748a8c65cbd7494: dummy_return_one(x)
[10:14:49.897] [INFO] [run] subject=17, session=3, speed=9, trial=5, x__rid_x=555ecc78b184626e: dummy_return_one(x)
[10:14:49.903] [INFO] [run] subject=17, session=3, speed=9, trial=6, x__rid_x=1af29b7688e10e62: dummy_return_one(x)
[10:14:49.904] [INFO] [run] subject=17, session=3, speed=9, trial=7, x__rid_x=9f6491b71e51bcf3: dummy_return_one(x)
[10:14:49.909] [INFO] [run] subject=17, session=4, speed=1, trial=1, x__rid_x=a94dbc3be1f28d05: dummy_return_one(x)
[10:14:49.910] [INFO] [run] subject=17, session=4, speed=1, trial=2, x__rid_x=ae9a18cba662dbb1: dummy_return_one(x)
[10:14:49.911] [INFO] [run] subject=17, session=4, speed=1, trial=3, x__rid_x=13cb04d1b026b667: dummy_return_one(x)
[10:14:49.916] [INFO] [run] subject=17, session=4, speed=1, trial=4, x__rid_x=5f381e9838625f98: dummy_return_one(x)
[10:14:49.918] [INFO] [run] subject=17, session=4, speed=1, trial=5, x__rid_x=714a9870ded59caf: dummy_return_one(x)
[10:14:49.924] [INFO] [run] subject=17, session=4, speed=1, trial=6, x__rid_x=c90b17d1847e7a05: dummy_return_one(x)
[10:14:49.925] [INFO] [run] subject=17, session=4, speed=1, trial=7, x__rid_x=eb3ee233ab16997a: dummy_return_one(x)
[10:14:49.931] [INFO] [run] subject=17, session=4, speed=10, trial=1, x__rid_x=8a0c43e49c6d87ed: dummy_return_one(x)
[10:14:49.932] [INFO] [run] subject=17, session=4, speed=10, trial=2, x__rid_x=7f72d97dff2bd09f: dummy_return_one(x)
[10:14:49.938] [INFO] [run] subject=17, session=4, speed=10, trial=3, x__rid_x=bda71a0e5c46020f: dummy_return_one(x)
[10:14:49.939] [INFO] [run] subject=17, session=4, speed=10, trial=4, x__rid_x=c60bb10d3079b74b: dummy_return_one(x)
[10:14:49.945] [INFO] [run] subject=17, session=4, speed=10, trial=5, x__rid_x=860bad61dab2acb6: dummy_return_one(x)
[10:14:49.946] [INFO] [run] subject=17, session=4, speed=10, trial=6, x__rid_x=2936e1c139c0862f: dummy_return_one(x)
[10:14:49.947] [INFO] [run] subject=17, session=4, speed=10, trial=7, x__rid_x=18a587785a258a9d: dummy_return_one(x)
[10:14:49.952] [INFO] [run] subject=17, session=4, speed=2, trial=1, x__rid_x=1556c9b918f97e1a: dummy_return_one(x)
[10:14:49.954] [INFO] [run] subject=17, session=4, speed=2, trial=2, x__rid_x=43f19a05211b815e: dummy_return_one(x)
[10:14:49.959] [INFO] [run] subject=17, session=4, speed=2, trial=3, x__rid_x=b26fec8db19ff263: dummy_return_one(x)
[10:14:49.960] [INFO] [run] subject=17, session=4, speed=2, trial=4, x__rid_x=6fdf8957da3d337f: dummy_return_one(x)
[10:14:49.961] [INFO] [run] subject=17, session=4, speed=2, trial=5, x__rid_x=f9022aad7b8450ca: dummy_return_one(x)
[10:14:49.966] [INFO] [run] subject=17, session=4, speed=2, trial=6, x__rid_x=38a3c0206dbb6d86: dummy_return_one(x)
[10:14:49.967] [INFO] [run] subject=17, session=4, speed=2, trial=7, x__rid_x=5890dad3a3b7703e: dummy_return_one(x)
[10:14:49.967] [INFO] [run] subject=17, session=4, speed=3, trial=1, x__rid_x=32eeeae7899fb2eb: dummy_return_one(x)
[10:14:49.973] [INFO] [run] subject=17, session=4, speed=3, trial=2, x__rid_x=7b7a04948530a98b: dummy_return_one(x)
[10:14:49.975] [INFO] [run] subject=17, session=4, speed=3, trial=3, x__rid_x=61f80203bfece6b9: dummy_return_one(x)
[10:14:49.980] [INFO] [run] subject=17, session=4, speed=3, trial=4, x__rid_x=f84014e916d247a1: dummy_return_one(x)
[10:14:49.981] [INFO] [run] subject=17, session=4, speed=3, trial=5, x__rid_x=6c4758e05382a3ef: dummy_return_one(x)
[10:14:49.982] [INFO] [run] subject=17, session=4, speed=3, trial=6, x__rid_x=93410a1907362b0f: dummy_return_one(x)
[10:14:49.987] [INFO] [run] subject=17, session=4, speed=3, trial=7, x__rid_x=9ccef0d4041315b6: dummy_return_one(x)
[10:14:49.989] [INFO] [run] subject=17, session=4, speed=4, trial=1, x__rid_x=87bb1ff733e5b3b7: dummy_return_one(x)
[10:14:49.994] [INFO] [run] subject=17, session=4, speed=4, trial=2, x__rid_x=ae7badbe110ab8ad: dummy_return_one(x)
[10:14:49.996] [INFO] [run] subject=17, session=4, speed=4, trial=3, x__rid_x=92e41c4ff757cc45: dummy_return_one(x)
[10:14:50.002] [INFO] [run] subject=17, session=4, speed=4, trial=4, x__rid_x=c4cd43a542fe93b7: dummy_return_one(x)
[10:14:50.003] [INFO] [run] subject=17, session=4, speed=4, trial=5, x__rid_x=c83cba2909fdb425: dummy_return_one(x)
[10:14:50.009] [INFO] [run] subject=17, session=4, speed=4, trial=6, x__rid_x=994061e1632ce112: dummy_return_one(x)
[10:14:50.009] [INFO] [run] subject=17, session=4, speed=4, trial=7, x__rid_x=2a5851b69193fcdf: dummy_return_one(x)
[10:14:50.010] [INFO] [run] subject=17, session=4, speed=5, trial=1, x__rid_x=525039ed83a574b6: dummy_return_one(x)
[10:14:50.016] [INFO] [run] subject=17, session=4, speed=5, trial=2, x__rid_x=5c45af4fd14e626d: dummy_return_one(x)
[10:14:50.017] [INFO] [run] subject=17, session=4, speed=5, trial=3, x__rid_x=a8fa1797f9b2c3d6: dummy_return_one(x)
[10:14:50.023] [INFO] [run] subject=17, session=4, speed=5, trial=4, x__rid_x=831d37a24b45c8b8: dummy_return_one(x)
[10:14:50.024] [INFO] [run] subject=17, session=4, speed=5, trial=5, x__rid_x=aecca006b73adb83: dummy_return_one(x)
[10:14:50.030] [INFO] [run] subject=17, session=4, speed=5, trial=6, x__rid_x=41f1089fd091021b: dummy_return_one(x)
[10:14:50.030] [INFO] [run] subject=17, session=4, speed=5, trial=7, x__rid_x=bf420625aa9adb7f: dummy_return_one(x)
[10:14:50.031] [INFO] [run] subject=17, session=4, speed=6, trial=1, x__rid_x=7eba74b43f50b094: dummy_return_one(x)
[10:14:50.037] [INFO] [run] subject=17, session=4, speed=6, trial=2, x__rid_x=489253c974cf6cf5: dummy_return_one(x)
[10:14:50.038] [INFO] [run] subject=17, session=4, speed=6, trial=3, x__rid_x=97416f012a2bbb54: dummy_return_one(x)
[10:14:50.044] [INFO] [run] subject=17, session=4, speed=6, trial=4, x__rid_x=2d2ca39357e88cf3: dummy_return_one(x)
[10:14:50.045] [INFO] [run] subject=17, session=4, speed=6, trial=5, x__rid_x=9c423f6cd6f5e3e6: dummy_return_one(x)
[10:14:50.045] [INFO] [run] subject=17, session=4, speed=6, trial=6, x__rid_x=1fe52b9a5b0a7391: dummy_return_one(x)
[10:14:50.051] [INFO] [run] subject=17, session=4, speed=6, trial=7, x__rid_x=124bc66fbc61328a: dummy_return_one(x)
[10:14:50.052] [INFO] [run] subject=17, session=4, speed=7, trial=1, x__rid_x=4bfdbcffb45e2fef: dummy_return_one(x)
[10:14:50.058] [INFO] [run] subject=17, session=4, speed=7, trial=2, x__rid_x=f3d7eb48f13abd72: dummy_return_one(x)
[10:14:50.059] [INFO] [run] subject=17, session=4, speed=7, trial=3, x__rid_x=5728ac0ff7854bc5: dummy_return_one(x)
[10:14:50.059] [INFO] [run] subject=17, session=4, speed=7, trial=4, x__rid_x=0e31cf787cebf1c0: dummy_return_one(x)
[10:14:50.065] [INFO] [run] subject=17, session=4, speed=7, trial=5, x__rid_x=a851d57845e7f967: dummy_return_one(x)
[10:14:50.066] [INFO] [run] subject=17, session=4, speed=7, trial=6, x__rid_x=73e15be0196de486: dummy_return_one(x)
[10:14:50.067] [INFO] [run] subject=17, session=4, speed=7, trial=7, x__rid_x=74661fefb8e8e469: dummy_return_one(x)
[10:14:50.072] [INFO] [run] subject=17, session=4, speed=8, trial=1, x__rid_x=ebe14ca344292fe3: dummy_return_one(x)
[10:14:50.073] [INFO] [run] subject=17, session=4, speed=8, trial=2, x__rid_x=64c93080f0881e47: dummy_return_one(x)
[10:14:50.079] [INFO] [run] subject=17, session=4, speed=8, trial=3, x__rid_x=e423eab42c47c742: dummy_return_one(x)
[10:14:50.080] [INFO] [run] subject=17, session=4, speed=8, trial=4, x__rid_x=ddccf08db2f3dea1: dummy_return_one(x)
[10:14:50.081] [INFO] [run] subject=17, session=4, speed=8, trial=5, x__rid_x=632f5c6e02ec446a: dummy_return_one(x)
[10:14:50.086] [INFO] [run] subject=17, session=4, speed=8, trial=6, x__rid_x=732a6bc2e6354fb3: dummy_return_one(x)
[10:14:50.087] [INFO] [run] subject=17, session=4, speed=8, trial=7, x__rid_x=6c49c1ea669bff9a: dummy_return_one(x)
[10:14:50.093] [INFO] [run] subject=17, session=4, speed=9, trial=1, x__rid_x=2ffb18f56acdbd9c: dummy_return_one(x)
[10:14:50.094] [INFO] [run] subject=17, session=4, speed=9, trial=2, x__rid_x=1d2fe0752f72763d: dummy_return_one(x)
[10:14:50.095] [INFO] [run] subject=17, session=4, speed=9, trial=3, x__rid_x=817362c4ca8df821: dummy_return_one(x)
[10:14:50.100] [INFO] [run] subject=17, session=4, speed=9, trial=4, x__rid_x=06e5545d3bd35467: dummy_return_one(x)
[10:14:50.102] [INFO] [run] subject=17, session=4, speed=9, trial=5, x__rid_x=37df30e807c5bbba: dummy_return_one(x)
[10:14:50.107] [INFO] [run] subject=17, session=4, speed=9, trial=6, x__rid_x=4906ec834ba4fcbf: dummy_return_one(x)
[10:14:50.108] [INFO] [run] subject=17, session=4, speed=9, trial=7, x__rid_x=788ee1237b962418: dummy_return_one(x)
[10:14:50.109] [INFO] [run] subject=17, session=5, speed=1, trial=1, x__rid_x=e206b56e68011825: dummy_return_one(x)
[10:14:50.114] [INFO] [run] subject=17, session=5, speed=1, trial=2, x__rid_x=ac3abe467f9450ba: dummy_return_one(x)
[10:14:50.115] [INFO] [run] subject=17, session=5, speed=1, trial=3, x__rid_x=743b2da7ead53800: dummy_return_one(x)
[10:14:50.116] [INFO] [run] subject=17, session=5, speed=1, trial=4, x__rid_x=0b4baa093c50a396: dummy_return_one(x)
[10:14:50.122] [INFO] [run] subject=17, session=5, speed=1, trial=5, x__rid_x=44bdc660d56b5e0d: dummy_return_one(x)
[10:14:50.123] [INFO] [run] subject=17, session=5, speed=1, trial=6, x__rid_x=5925a3cf935843f8: dummy_return_one(x)
[10:14:50.129] [INFO] [run] subject=17, session=5, speed=1, trial=7, x__rid_x=1d27b070652ef9c6: dummy_return_one(x)
[10:14:50.129] [INFO] [run] subject=17, session=5, speed=10, trial=1, x__rid_x=39284eadec13ff40: dummy_return_one(x)
[10:14:50.130] [INFO] [run] subject=17, session=5, speed=10, trial=2, x__rid_x=b6de2b76ee27f4f9: dummy_return_one(x)
[10:14:50.136] [INFO] [run] subject=17, session=5, speed=10, trial=3, x__rid_x=be7c222f9b739ff6: dummy_return_one(x)
[10:14:50.137] [INFO] [run] subject=17, session=5, speed=10, trial=4, x__rid_x=2227c372ba844119: dummy_return_one(x)
[10:14:50.143] [INFO] [run] subject=17, session=5, speed=10, trial=5, x__rid_x=880073c2cfc7ff98: dummy_return_one(x)
[10:14:50.143] [INFO] [run] subject=17, session=5, speed=10, trial=6, x__rid_x=171dd652add160c8: dummy_return_one(x)
[10:14:50.144] [INFO] [run] subject=17, session=5, speed=10, trial=7, x__rid_x=f956486ffa45e9b2: dummy_return_one(x)
[10:14:50.150] [INFO] [run] subject=17, session=5, speed=2, trial=1, x__rid_x=4100501b7671e8e1: dummy_return_one(x)
[10:14:50.150] [INFO] [run] subject=17, session=5, speed=2, trial=2, x__rid_x=982c7683f8cd7404: dummy_return_one(x)
[10:14:50.151] [INFO] [run] subject=17, session=5, speed=2, trial=3, x__rid_x=9bcc9a5e40ef1e89: dummy_return_one(x)
[10:14:50.157] [INFO] [run] subject=17, session=5, speed=2, trial=4, x__rid_x=eff25945dbf59380: dummy_return_one(x)
[10:14:50.158] [INFO] [run] subject=17, session=5, speed=2, trial=5, x__rid_x=54943d6804a72f32: dummy_return_one(x)
[10:14:50.164] [INFO] [run] subject=17, session=5, speed=2, trial=6, x__rid_x=ff8b4b008c58abe8: dummy_return_one(x)
[10:14:50.165] [INFO] [run] subject=17, session=5, speed=2, trial=7, x__rid_x=8d2a1432d621bd82: dummy_return_one(x)
[10:14:50.165] [INFO] [run] subject=17, session=5, speed=3, trial=1, x__rid_x=759aee8f96af46e0: dummy_return_one(x)
[10:14:50.171] [INFO] [run] subject=17, session=5, speed=3, trial=2, x__rid_x=49f93208786a126d: dummy_return_one(x)
[10:14:50.172] [INFO] [run] subject=17, session=5, speed=3, trial=3, x__rid_x=7fa021a3e7d6c5c6: dummy_return_one(x)
[10:14:50.178] [INFO] [run] subject=17, session=5, speed=3, trial=4, x__rid_x=fd5d50d967fea295: dummy_return_one(x)
[10:14:50.179] [INFO] [run] subject=17, session=5, speed=3, trial=5, x__rid_x=0792953008f930a6: dummy_return_one(x)
[10:14:50.185] [INFO] [run] subject=17, session=5, speed=3, trial=6, x__rid_x=da2287436bd309ab: dummy_return_one(x)
[10:14:50.186] [INFO] [run] subject=17, session=5, speed=3, trial=7, x__rid_x=d634ea466790e18b: dummy_return_one(x)
[10:14:50.192] [INFO] [run] subject=17, session=5, speed=4, trial=1, x__rid_x=4d71c4e15747e369: dummy_return_one(x)
[10:14:50.193] [INFO] [run] subject=17, session=5, speed=4, trial=2, x__rid_x=28c99f6eb847598a: dummy_return_one(x)
[10:14:50.194] [INFO] [run] subject=17, session=5, speed=4, trial=3, x__rid_x=fce10963e93b539c: dummy_return_one(x)
[10:14:50.200] [INFO] [run] subject=17, session=5, speed=4, trial=4, x__rid_x=2fe0afbf33329883: dummy_return_one(x)
[10:14:50.200] [INFO] [run] subject=17, session=5, speed=4, trial=5, x__rid_x=287e13c8b15ba484: dummy_return_one(x)
[10:14:50.201] [INFO] [run] subject=17, session=5, speed=4, trial=6, x__rid_x=c2c5bcbd05fd8677: dummy_return_one(x)
[10:14:50.207] [INFO] [run] subject=17, session=5, speed=4, trial=7, x__rid_x=66eb0f84985ef29b: dummy_return_one(x)
[10:14:50.208] [INFO] [run] subject=17, session=5, speed=5, trial=1, x__rid_x=37776feaac59b3a3: dummy_return_one(x)
[10:14:50.209] [INFO] [run] subject=17, session=5, speed=5, trial=2, x__rid_x=7c0a6ab254564afa: dummy_return_one(x)
[10:14:50.214] [INFO] [run] subject=17, session=5, speed=5, trial=3, x__rid_x=3abd861a6b1e82ac: dummy_return_one(x)
[10:14:50.215] [INFO] [run] subject=17, session=5, speed=5, trial=4, x__rid_x=641163795f50c0a3: dummy_return_one(x)
[10:14:50.216] [INFO] [run] subject=17, session=5, speed=5, trial=5, x__rid_x=f32d79cd24e694fa: dummy_return_one(x)
[10:14:50.221] [INFO] [run] subject=17, session=5, speed=5, trial=6, x__rid_x=07aa341dc21c83a3: dummy_return_one(x)
[10:14:50.223] [INFO] [run] subject=17, session=5, speed=5, trial=7, x__rid_x=fb7f0e7469b19fe5: dummy_return_one(x)
[10:14:50.228] [INFO] [run] subject=17, session=5, speed=6, trial=1, x__rid_x=8fd5d5772d35d0eb: dummy_return_one(x)
[10:14:50.229] [INFO] [run] subject=17, session=5, speed=6, trial=2, x__rid_x=df05f1c382957e8f: dummy_return_one(x)
[10:14:50.230] [INFO] [run] subject=17, session=5, speed=6, trial=3, x__rid_x=d91550b9d1f441ac: dummy_return_one(x)
[10:14:50.236] [INFO] [run] subject=17, session=5, speed=6, trial=4, x__rid_x=0a4c433f0de03803: dummy_return_one(x)
[10:14:50.237] [INFO] [run] subject=17, session=5, speed=6, trial=5, x__rid_x=0fd4912315dde4ec: dummy_return_one(x)
[10:14:50.243] [INFO] [run] subject=17, session=5, speed=6, trial=6, x__rid_x=24040cacd4f52a6b: dummy_return_one(x)
[10:14:50.243] [INFO] [run] subject=17, session=5, speed=6, trial=7, x__rid_x=2d03eab8110ded7c: dummy_return_one(x)
[10:14:50.244] [INFO] [run] subject=17, session=5, speed=7, trial=1, x__rid_x=f7ce7fa2b54adb68: dummy_return_one(x)
[10:14:50.250] [INFO] [run] subject=17, session=5, speed=7, trial=2, x__rid_x=b7e22f39172ef0ac: dummy_return_one(x)
[10:14:50.250] [INFO] [run] subject=17, session=5, speed=7, trial=3, x__rid_x=989c8cf3534999b8: dummy_return_one(x)
[10:14:50.251] [INFO] [run] subject=17, session=5, speed=7, trial=4, x__rid_x=0c09778e33556f1c: dummy_return_one(x)
[10:14:50.257] [INFO] [run] subject=17, session=5, speed=7, trial=5, x__rid_x=1c61fa57e7cf315d: dummy_return_one(x)
[10:14:50.258] [INFO] [run] subject=17, session=5, speed=7, trial=6, x__rid_x=ab0f5cb23331171a: dummy_return_one(x)
[10:14:50.258] [INFO] [run] subject=17, session=5, speed=7, trial=7, x__rid_x=c743c1acc5fd273c: dummy_return_one(x)
[10:14:50.264] [INFO] [run] subject=17, session=5, speed=8, trial=1, x__rid_x=75a0b27c81359259: dummy_return_one(x)
[10:14:50.265] [INFO] [run] subject=17, session=5, speed=8, trial=2, x__rid_x=ef1cd731b583d164: dummy_return_one(x)
[10:14:50.265] [INFO] [run] subject=17, session=5, speed=8, trial=3, x__rid_x=1bccf81c3db7e1f2: dummy_return_one(x)
[10:14:50.271] [INFO] [run] subject=17, session=5, speed=8, trial=4, x__rid_x=fa812ee4f7824572: dummy_return_one(x)
[10:14:50.272] [INFO] [run] subject=17, session=5, speed=8, trial=5, x__rid_x=fe07d423d3471c95: dummy_return_one(x)
[10:14:50.278] [INFO] [run] subject=17, session=5, speed=8, trial=6, x__rid_x=1c14cbffd67e119b: dummy_return_one(x)
[10:14:50.279] [INFO] [run] subject=17, session=5, speed=8, trial=7, x__rid_x=da834094b0254cfb: dummy_return_one(x)
[10:14:50.280] [INFO] [run] subject=17, session=5, speed=9, trial=1, x__rid_x=c8c9379a38f3c616: dummy_return_one(x)
[10:14:50.286] [INFO] [run] subject=17, session=5, speed=9, trial=2, x__rid_x=be9153646cdf812a: dummy_return_one(x)
[10:14:50.287] [INFO] [run] subject=17, session=5, speed=9, trial=3, x__rid_x=0f71ac1a6b444883: dummy_return_one(x)
[10:14:50.293] [INFO] [run] subject=17, session=5, speed=9, trial=4, x__rid_x=3c599b5580d74182: dummy_return_one(x)
[10:14:50.293] [INFO] [run] subject=17, session=5, speed=9, trial=5, x__rid_x=12e74ae21f5aec02: dummy_return_one(x)
[10:14:50.294] [INFO] [run] subject=17, session=5, speed=9, trial=6, x__rid_x=6a4a00e23f148363: dummy_return_one(x)
[10:14:50.300] [INFO] [run] subject=17, session=5, speed=9, trial=7, x__rid_x=9e18615c8bef558c: dummy_return_one(x)
[10:14:50.300] [INFO] [run] subject=18, session=1, speed=1, trial=1, x__rid_x=b566d432a14137b6: dummy_return_one(x)
[10:14:50.301] [INFO] [run] subject=18, session=1, speed=1, trial=2, x__rid_x=34f0ac71a82832f8: dummy_return_one(x)
[10:14:50.307] [INFO] [run] subject=18, session=1, speed=1, trial=3, x__rid_x=2e36c60fc477f00d: dummy_return_one(x)
[10:14:50.308] [INFO] [run] subject=18, session=1, speed=1, trial=4, x__rid_x=33b3b31561c50965: dummy_return_one(x)
[10:14:50.314] [INFO] [run] subject=18, session=1, speed=1, trial=5, x__rid_x=8376c5dea0548f40: dummy_return_one(x)
[10:14:50.315] [INFO] [run] subject=18, session=1, speed=1, trial=6, x__rid_x=a0b27181d35214b5: dummy_return_one(x)
[10:14:50.315] [INFO] [run] subject=18, session=1, speed=1, trial=7, x__rid_x=577e8627c0857d59: dummy_return_one(x)
[10:14:50.321] [INFO] [run] subject=18, session=1, speed=10, trial=1, x__rid_x=1dbe38a48f52deb0: dummy_return_one(x)
[10:14:50.323] [INFO] [run] subject=18, session=1, speed=10, trial=2, x__rid_x=b2253d8d889706af: dummy_return_one(x)
[10:14:50.329] [INFO] [run] subject=18, session=1, speed=10, trial=3, x__rid_x=4c98f089b62ec485: dummy_return_one(x)
[10:14:50.330] [INFO] [run] subject=18, session=1, speed=10, trial=4, x__rid_x=a00b32548e1cba00: dummy_return_one(x)
[10:14:50.330] [INFO] [run] subject=18, session=1, speed=10, trial=5, x__rid_x=978aae955cc39549: dummy_return_one(x)
[10:14:50.336] [INFO] [run] subject=18, session=1, speed=10, trial=6, x__rid_x=b2fb333ace456edc: dummy_return_one(x)
[10:14:50.337] [INFO] [run] subject=18, session=1, speed=10, trial=7, x__rid_x=f677819780977c62: dummy_return_one(x)
[10:14:50.343] [INFO] [run] subject=18, session=1, speed=2, trial=1, x__rid_x=0bad9d423ab82d89: dummy_return_one(x)
[10:14:50.344] [INFO] [run] subject=18, session=1, speed=2, trial=2, x__rid_x=5a3bc878f4ef5d37: dummy_return_one(x)
[10:14:50.345] [INFO] [run] subject=18, session=1, speed=2, trial=3, x__rid_x=f1b43913156580e9: dummy_return_one(x)
[10:14:50.351] [INFO] [run] subject=18, session=1, speed=2, trial=4, x__rid_x=fa95be7860b35325: dummy_return_one(x)
[10:14:50.352] [INFO] [run] subject=18, session=1, speed=2, trial=5, x__rid_x=f12078ad466cc42d: dummy_return_one(x)
[10:14:50.358] [INFO] [run] subject=18, session=1, speed=2, trial=6, x__rid_x=f64e63dd39ff3808: dummy_return_one(x)
[10:14:50.358] [INFO] [run] subject=18, session=1, speed=2, trial=7, x__rid_x=523bab63dfb8c5d2: dummy_return_one(x)
[10:14:50.359] [INFO] [run] subject=18, session=1, speed=3, trial=1, x__rid_x=20d01384b5d28019: dummy_return_one(x)
[10:14:50.365] [INFO] [run] subject=18, session=1, speed=3, trial=2, x__rid_x=298160708f34f214: dummy_return_one(x)
[10:14:50.366] [INFO] [run] subject=18, session=1, speed=3, trial=3, x__rid_x=a2dba85696c0aa0c: dummy_return_one(x)
[10:14:50.366] [INFO] [run] subject=18, session=1, speed=3, trial=4, x__rid_x=82bdfaea302a2b02: dummy_return_one(x)
[10:14:50.372] [INFO] [run] subject=18, session=1, speed=3, trial=5, x__rid_x=27b68a696a659ba8: dummy_return_one(x)
[10:14:50.373] [INFO] [run] subject=18, session=1, speed=3, trial=6, x__rid_x=6578ee19e665adb5: dummy_return_one(x)
[10:14:50.379] [INFO] [run] subject=18, session=1, speed=3, trial=7, x__rid_x=86c5feb078d0b488: dummy_return_one(x)
[10:14:50.380] [INFO] [run] subject=18, session=1, speed=4, trial=1, x__rid_x=f6ea06cc34a97de4: dummy_return_one(x)
[10:14:50.381] [INFO] [run] subject=18, session=1, speed=4, trial=2, x__rid_x=58941e5f141b592d: dummy_return_one(x)
[10:14:50.387] [INFO] [run] subject=18, session=1, speed=4, trial=3, x__rid_x=a5583b6721c60503: dummy_return_one(x)
[10:14:50.388] [INFO] [run] subject=18, session=1, speed=4, trial=4, x__rid_x=892ef30529c066e0: dummy_return_one(x)
[10:14:50.394] [INFO] [run] subject=18, session=1, speed=4, trial=5, x__rid_x=b370e08f6eff81c3: dummy_return_one(x)
[10:14:50.395] [INFO] [run] subject=18, session=1, speed=4, trial=6, x__rid_x=283da04cf79bc4b5: dummy_return_one(x)
[10:14:50.395] [INFO] [run] subject=18, session=1, speed=4, trial=7, x__rid_x=3644eb578c20f40e: dummy_return_one(x)
[10:14:50.401] [INFO] [run] subject=18, session=1, speed=5, trial=1, x__rid_x=d97dd0d3dd443523: dummy_return_one(x)
[10:14:50.403] [INFO] [run] subject=18, session=1, speed=5, trial=2, x__rid_x=bafb2638bb7668b4: dummy_return_one(x)
[10:14:50.409] [INFO] [run] subject=18, session=1, speed=5, trial=3, x__rid_x=4687ff912b6b21c6: dummy_return_one(x)
[10:14:50.409] [INFO] [run] subject=18, session=1, speed=5, trial=4, x__rid_x=08739f2263069507: dummy_return_one(x)
[10:14:50.410] [INFO] [run] subject=18, session=1, speed=5, trial=5, x__rid_x=ccedd634c590dd74: dummy_return_one(x)
[10:14:50.416] [INFO] [run] subject=18, session=1, speed=5, trial=6, x__rid_x=a2cc17e6be791d71: dummy_return_one(x)
[10:14:50.416] [INFO] [run] subject=18, session=1, speed=5, trial=7, x__rid_x=581aac867b79ebe4: dummy_return_one(x)
[10:14:50.417] [INFO] [run] subject=18, session=1, speed=6, trial=1, x__rid_x=925b3b3447d8b7d9: dummy_return_one(x)
[10:14:50.423] [INFO] [run] subject=18, session=1, speed=6, trial=2, x__rid_x=f3deb3e71e354a39: dummy_return_one(x)
[10:14:50.424] [INFO] [run] subject=18, session=1, speed=6, trial=3, x__rid_x=2d523e9de931a139: dummy_return_one(x)
[10:14:50.430] [INFO] [run] subject=18, session=1, speed=6, trial=4, x__rid_x=804cd82cb46b4a2b: dummy_return_one(x)
[10:14:50.431] [INFO] [run] subject=18, session=1, speed=6, trial=5, x__rid_x=beddea75478f6462: dummy_return_one(x)
[10:14:50.432] [INFO] [run] subject=18, session=1, speed=6, trial=6, x__rid_x=32bb2c6657f725c5: dummy_return_one(x)
[10:14:50.438] [INFO] [run] subject=18, session=1, speed=6, trial=7, x__rid_x=14fa065575b2d683: dummy_return_one(x)
[10:14:50.445] [INFO] [run] subject=18, session=1, speed=7, trial=1, x__rid_x=ca39e5bba0bda082: dummy_return_one(x)
[10:14:50.445] [INFO] [run] subject=18, session=1, speed=7, trial=2, x__rid_x=188c8b0de015a14d: dummy_return_one(x)
[10:14:50.446] [INFO] [run] subject=18, session=1, speed=7, trial=3, x__rid_x=d7e3f372f1a6207f: dummy_return_one(x)
[10:14:50.452] [INFO] [run] subject=18, session=1, speed=7, trial=4, x__rid_x=47202c8de3db3ffa: dummy_return_one(x)
[10:14:50.453] [INFO] [run] subject=18, session=1, speed=7, trial=5, x__rid_x=abd0b8d26a97d98e: dummy_return_one(x)
[10:14:50.459] [INFO] [run] subject=18, session=1, speed=7, trial=6, x__rid_x=4d5715f1ced454f7: dummy_return_one(x)
[10:14:50.460] [INFO] [run] subject=18, session=1, speed=7, trial=7, x__rid_x=373a568576fa4976: dummy_return_one(x)
[10:14:50.461] [INFO] [run] subject=18, session=1, speed=8, trial=1, x__rid_x=e0df847d044cc1e5: dummy_return_one(x)
[10:14:50.467] [INFO] [run] subject=18, session=1, speed=8, trial=2, x__rid_x=0103715d79bfd265: dummy_return_one(x)
[10:14:50.468] [INFO] [run] subject=18, session=1, speed=8, trial=3, x__rid_x=99f42a86ed797213: dummy_return_one(x)
[10:14:50.474] [INFO] [run] subject=18, session=1, speed=8, trial=4, x__rid_x=9ec93f8900f2951b: dummy_return_one(x)
[10:14:50.475] [INFO] [run] subject=18, session=1, speed=8, trial=5, x__rid_x=51a1e5acc0815b4b: dummy_return_one(x)
[10:14:50.481] [INFO] [run] subject=18, session=1, speed=8, trial=6, x__rid_x=2efa605faaa0ad7d: dummy_return_one(x)
[10:14:50.482] [INFO] [run] subject=18, session=1, speed=8, trial=7, x__rid_x=5573ca1fcb885132: dummy_return_one(x)
[10:14:50.483] [INFO] [run] subject=18, session=1, speed=9, trial=1, x__rid_x=5efcca289108901d: dummy_return_one(x)
[10:14:50.489] [INFO] [run] subject=18, session=1, speed=9, trial=2, x__rid_x=df7f311896e1d6d8: dummy_return_one(x)
[10:14:50.490] [INFO] [run] subject=18, session=1, speed=9, trial=3, x__rid_x=f3a9d09f619cd46e: dummy_return_one(x)
[10:14:50.496] [INFO] [run] subject=18, session=1, speed=9, trial=4, x__rid_x=c9a61d0e2821f142: dummy_return_one(x)
[10:14:50.496] [INFO] [run] subject=18, session=1, speed=9, trial=5, x__rid_x=7eb2d8477bf008ec: dummy_return_one(x)
[10:14:50.497] [INFO] [run] subject=18, session=1, speed=9, trial=6, x__rid_x=bd7659c185b0f3fe: dummy_return_one(x)
[10:14:50.503] [INFO] [run] subject=18, session=1, speed=9, trial=7, x__rid_x=60415ba0839d3e2a: dummy_return_one(x)
[10:14:50.504] [INFO] [run] subject=18, session=2, speed=1, trial=1, x__rid_x=e4b8bae4d45cae94: dummy_return_one(x)
[10:14:50.510] [INFO] [run] subject=18, session=2, speed=1, trial=2, x__rid_x=d6907f5bf3b9ae93: dummy_return_one(x)
[10:14:50.511] [INFO] [run] subject=18, session=2, speed=1, trial=3, x__rid_x=b10a74f3c08f0abc: dummy_return_one(x)
[10:14:50.512] [INFO] [run] subject=18, session=2, speed=1, trial=4, x__rid_x=527a93ff789794f9: dummy_return_one(x)
[10:14:50.518] [INFO] [run] subject=18, session=2, speed=1, trial=5, x__rid_x=4fedb58235e58f3a: dummy_return_one(x)
[10:14:50.519] [INFO] [run] subject=18, session=2, speed=1, trial=6, x__rid_x=9ffdbe21190b9002: dummy_return_one(x)
[10:14:50.525] [INFO] [run] subject=18, session=2, speed=1, trial=7, x__rid_x=e6f253ff21952cbd: dummy_return_one(x)
[10:14:50.526] [INFO] [run] subject=18, session=2, speed=10, trial=1, x__rid_x=7c7ca06183eb7bbd: dummy_return_one(x)
[10:14:50.526] [INFO] [run] subject=18, session=2, speed=10, trial=2, x__rid_x=68e7d75da3160896: dummy_return_one(x)
[10:14:50.532] [INFO] [run] subject=18, session=2, speed=10, trial=3, x__rid_x=525623431fe1cb71: dummy_return_one(x)
[10:14:50.533] [INFO] [run] subject=18, session=2, speed=10, trial=4, x__rid_x=b876cd38e5dc8ae7: dummy_return_one(x)
[10:14:50.534] [INFO] [run] subject=18, session=2, speed=10, trial=5, x__rid_x=b50e4a4f6bf1a4ef: dummy_return_one(x)
[10:14:50.540] [INFO] [run] subject=18, session=2, speed=10, trial=6, x__rid_x=4041824bc75c6f2e: dummy_return_one(x)
[10:14:50.541] [INFO] [run] subject=18, session=2, speed=10, trial=7, x__rid_x=d48bfb995782eedc: dummy_return_one(x)
[10:14:50.547] [INFO] [run] subject=18, session=2, speed=2, trial=1, x__rid_x=1b680c02047546d9: dummy_return_one(x)
[10:14:50.548] [INFO] [run] subject=18, session=2, speed=2, trial=2, x__rid_x=bdf3627e2364e61f: dummy_return_one(x)
[10:14:50.548] [INFO] [run] subject=18, session=2, speed=2, trial=3, x__rid_x=084fffbe6d5b52ed: dummy_return_one(x)
[10:14:50.554] [INFO] [run] subject=18, session=2, speed=2, trial=4, x__rid_x=02a308eced5bdd7e: dummy_return_one(x)
[10:14:50.556] [INFO] [run] subject=18, session=2, speed=2, trial=5, x__rid_x=c3207bbc6dbb679d: dummy_return_one(x)
[10:14:50.562] [INFO] [run] subject=18, session=2, speed=2, trial=6, x__rid_x=3ec8722c5cbb91d1: dummy_return_one(x)
[10:14:50.562] [INFO] [run] subject=18, session=2, speed=2, trial=7, x__rid_x=4d7db0844e427096: dummy_return_one(x)
[10:14:50.563] [INFO] [run] subject=18, session=2, speed=3, trial=1, x__rid_x=8498d4ef1543f0b3: dummy_return_one(x)
[10:14:50.569] [INFO] [run] subject=18, session=2, speed=3, trial=2, x__rid_x=5dfaafe064b7b017: dummy_return_one(x)
[10:14:50.570] [INFO] [run] subject=18, session=2, speed=3, trial=3, x__rid_x=0b5611f97fef6594: dummy_return_one(x)
[10:14:50.576] [INFO] [run] subject=18, session=2, speed=3, trial=4, x__rid_x=fbc64dd40e99b5e8: dummy_return_one(x)
[10:14:50.577] [INFO] [run] subject=18, session=2, speed=3, trial=5, x__rid_x=a047428eb196f557: dummy_return_one(x)
[10:14:50.578] [INFO] [run] subject=18, session=2, speed=3, trial=6, x__rid_x=27ece2ed9486de9b: dummy_return_one(x)
[10:14:50.584] [INFO] [run] subject=18, session=2, speed=3, trial=7, x__rid_x=501df22f9202c9c2: dummy_return_one(x)
[10:14:50.585] [INFO] [run] subject=18, session=2, speed=4, trial=1, x__rid_x=860c52ebcf2bcde6: dummy_return_one(x)
[10:14:50.591] [INFO] [run] subject=18, session=2, speed=4, trial=2, x__rid_x=3e4ac666a551bf2e: dummy_return_one(x)
[10:14:50.592] [INFO] [run] subject=18, session=2, speed=4, trial=3, x__rid_x=58d40ea797a3d993: dummy_return_one(x)
[10:14:50.593] [INFO] [run] subject=18, session=2, speed=4, trial=4, x__rid_x=edf10594cd399b69: dummy_return_one(x)
[10:14:50.598] [INFO] [run] subject=18, session=2, speed=4, trial=5, x__rid_x=a016222fb90479b9: dummy_return_one(x)
[10:14:50.599] [INFO] [run] subject=18, session=2, speed=4, trial=6, x__rid_x=75fb65db9f24d040: dummy_return_one(x)
[10:14:50.600] [INFO] [run] subject=18, session=2, speed=4, trial=7, x__rid_x=95eacd162d8d0196: dummy_return_one(x)
[10:14:50.606] [INFO] [run] subject=18, session=2, speed=5, trial=1, x__rid_x=c2bfcb6c35c4ea96: dummy_return_one(x)
[10:14:50.607] [INFO] [run] subject=18, session=2, speed=5, trial=2, x__rid_x=510a4214b340c459: dummy_return_one(x)
[10:14:50.613] [INFO] [run] subject=18, session=2, speed=5, trial=3, x__rid_x=bcf837ee7a08bfc9: dummy_return_one(x)
[10:14:50.614] [INFO] [run] subject=18, session=2, speed=5, trial=4, x__rid_x=9aff06f9978b3e7e: dummy_return_one(x)
[10:14:50.614] [INFO] [run] subject=18, session=2, speed=5, trial=5, x__rid_x=1f0f38cc174f198a: dummy_return_one(x)
[10:14:50.620] [INFO] [run] subject=18, session=2, speed=5, trial=6, x__rid_x=22452d6cbddddda0: dummy_return_one(x)
[10:14:50.622] [INFO] [run] subject=18, session=2, speed=5, trial=7, x__rid_x=fd1b8d2ac7c0ea02: dummy_return_one(x)
[10:14:50.628] [INFO] [run] subject=18, session=2, speed=6, trial=1, x__rid_x=a2a5b5f3db1306db: dummy_return_one(x)
[10:14:50.629] [INFO] [run] subject=18, session=2, speed=6, trial=2, x__rid_x=6438c0390662e193: dummy_return_one(x)
[10:14:50.629] [INFO] [run] subject=18, session=2, speed=6, trial=3, x__rid_x=16b42e8c23c53b6f: dummy_return_one(x)
[10:14:50.635] [INFO] [run] subject=18, session=2, speed=6, trial=4, x__rid_x=4572516ca0748003: dummy_return_one(x)
[10:14:50.636] [INFO] [run] subject=18, session=2, speed=6, trial=5, x__rid_x=137c468ed5bc1390: dummy_return_one(x)
[10:14:50.642] [INFO] [run] subject=18, session=2, speed=6, trial=6, x__rid_x=b1911cbcf4fd70f2: dummy_return_one(x)
[10:14:50.643] [INFO] [run] subject=18, session=2, speed=6, trial=7, x__rid_x=d9c757f15123e984: dummy_return_one(x)
[10:14:50.644] [INFO] [run] subject=18, session=2, speed=7, trial=1, x__rid_x=9e4d1a53ef0af38c: dummy_return_one(x)
[10:14:50.650] [INFO] [run] subject=18, session=2, speed=7, trial=2, x__rid_x=6da981733b8cf977: dummy_return_one(x)
[10:14:50.650] [INFO] [run] subject=18, session=2, speed=7, trial=3, x__rid_x=1c3f799fd876422c: dummy_return_one(x)
[10:14:50.651] [INFO] [run] subject=18, session=2, speed=7, trial=4, x__rid_x=a4b7e7b9b1889298: dummy_return_one(x)
[10:14:50.657] [INFO] [run] subject=18, session=2, speed=7, trial=5, x__rid_x=06b4dbe3b2bdfd5b: dummy_return_one(x)
[10:14:50.658] [INFO] [run] subject=18, session=2, speed=7, trial=6, x__rid_x=eac5ab01c67967be: dummy_return_one(x)
[10:14:50.659] [INFO] [run] subject=18, session=2, speed=7, trial=7, x__rid_x=48274066c9fff609: dummy_return_one(x)
[10:14:50.664] [INFO] [run] subject=18, session=2, speed=8, trial=1, x__rid_x=673be67ba3eecd60: dummy_return_one(x)
[10:14:50.665] [INFO] [run] subject=18, session=2, speed=8, trial=2, x__rid_x=e97022f0acf36411: dummy_return_one(x)
[10:14:50.666] [INFO] [run] subject=18, session=2, speed=8, trial=3, x__rid_x=f0177826c7b489ce: dummy_return_one(x)
[10:14:50.672] [INFO] [run] subject=18, session=2, speed=8, trial=4, x__rid_x=0f37e28438171351: dummy_return_one(x)
[10:14:50.673] [INFO] [run] subject=18, session=2, speed=8, trial=5, x__rid_x=80e116e53afcb670: dummy_return_one(x)
[10:14:50.679] [INFO] [run] subject=18, session=2, speed=8, trial=6, x__rid_x=335148aca1090bf6: dummy_return_one(x)
[10:14:50.680] [INFO] [run] subject=18, session=2, speed=8, trial=7, x__rid_x=54e89efe4cd5e09e: dummy_return_one(x)
[10:14:50.680] [INFO] [run] subject=18, session=2, speed=9, trial=1, x__rid_x=10e3ad49fd81b901: dummy_return_one(x)
[10:14:50.686] [INFO] [run] subject=18, session=2, speed=9, trial=2, x__rid_x=e33aaedec78b4160: dummy_return_one(x)
[10:14:50.688] [INFO] [run] subject=18, session=2, speed=9, trial=3, x__rid_x=8bb8be76d53ddb9a: dummy_return_one(x)
[10:14:50.694] [INFO] [run] subject=18, session=2, speed=9, trial=4, x__rid_x=682b1a16caca1a6e: dummy_return_one(x)
[10:14:50.694] [INFO] [run] subject=18, session=2, speed=9, trial=5, x__rid_x=682dc2601fcf9a3c: dummy_return_one(x)
[10:14:50.695] [INFO] [run] subject=18, session=2, speed=9, trial=6, x__rid_x=19bf35b2e04ed73c: dummy_return_one(x)
[10:14:50.701] [INFO] [run] subject=18, session=2, speed=9, trial=7, x__rid_x=a86432ab2beac6c0: dummy_return_one(x)
[10:14:50.702] [INFO] [run] subject=18, session=3, speed=1, trial=1, x__rid_x=d14a61782b669884: dummy_return_one(x)
[10:14:50.708] [INFO] [run] subject=18, session=3, speed=1, trial=2, x__rid_x=05d0e3d05ee655ca: dummy_return_one(x)
[10:14:50.709] [INFO] [run] subject=18, session=3, speed=1, trial=3, x__rid_x=213852cb9b477c5a: dummy_return_one(x)
[10:14:50.710] [INFO] [run] subject=18, session=3, speed=1, trial=4, x__rid_x=944ced465f90acbe: dummy_return_one(x)
[10:14:50.716] [INFO] [run] subject=18, session=3, speed=1, trial=5, x__rid_x=4d7fb1d3645ec2bc: dummy_return_one(x)
[10:14:50.716] [INFO] [run] subject=18, session=3, speed=1, trial=6, x__rid_x=423012e69c978c4a: dummy_return_one(x)
[10:14:50.717] [INFO] [run] subject=18, session=3, speed=1, trial=7, x__rid_x=3a1ec3ae244d3842: dummy_return_one(x)
[10:14:50.723] [INFO] [run] subject=18, session=3, speed=10, trial=1, x__rid_x=653b992833c74d89: dummy_return_one(x)
[10:14:50.724] [INFO] [run] subject=18, session=3, speed=10, trial=2, x__rid_x=70727eef44472c55: dummy_return_one(x)
[10:14:50.731] [INFO] [run] subject=18, session=3, speed=10, trial=3, x__rid_x=f2f3ee25b8c6f607: dummy_return_one(x)
[10:14:50.732] [INFO] [run] subject=18, session=3, speed=10, trial=4, x__rid_x=ece92e0186ec3217: dummy_return_one(x)
[10:14:50.732] [INFO] [run] subject=18, session=3, speed=10, trial=5, x__rid_x=ad46dcc875a53daf: dummy_return_one(x)
[10:14:50.738] [INFO] [run] subject=18, session=3, speed=10, trial=6, x__rid_x=9cad9266287f6646: dummy_return_one(x)
[10:14:50.739] [INFO] [run] subject=18, session=3, speed=10, trial=7, x__rid_x=4c6753f3eabafb95: dummy_return_one(x)
[10:14:50.745] [INFO] [run] subject=18, session=3, speed=2, trial=1, x__rid_x=dbbd0b8e69f7c37f: dummy_return_one(x)
[10:14:50.746] [INFO] [run] subject=18, session=3, speed=2, trial=2, x__rid_x=0d198d5b6635e5ee: dummy_return_one(x)
[10:14:50.747] [INFO] [run] subject=18, session=3, speed=2, trial=3, x__rid_x=2718cf75a5584bb0: dummy_return_one(x)
[10:14:50.753] [INFO] [run] subject=18, session=3, speed=2, trial=4, x__rid_x=6e22202bb8a8798a: dummy_return_one(x)
[10:14:50.754] [INFO] [run] subject=18, session=3, speed=2, trial=5, x__rid_x=448bc4a9c8dc6436: dummy_return_one(x)
[10:14:50.760] [INFO] [run] subject=18, session=3, speed=2, trial=6, x__rid_x=dad9bef7875137d8: dummy_return_one(x)
[10:14:50.761] [INFO] [run] subject=18, session=3, speed=2, trial=7, x__rid_x=3cfe18247a0ff1b9: dummy_return_one(x)
[10:14:50.762] [INFO] [run] subject=18, session=3, speed=3, trial=1, x__rid_x=6ba2d977ef3a86d3: dummy_return_one(x)
[10:14:50.768] [INFO] [run] subject=18, session=3, speed=3, trial=2, x__rid_x=a455fdeaefde3db9: dummy_return_one(x)
[10:14:50.769] [INFO] [run] subject=18, session=3, speed=3, trial=3, x__rid_x=7b3d4338659e5cd9: dummy_return_one(x)
[10:14:50.775] [INFO] [run] subject=18, session=3, speed=3, trial=4, x__rid_x=3746f12efe203c22: dummy_return_one(x)
[10:14:50.776] [INFO] [run] subject=18, session=3, speed=3, trial=5, x__rid_x=1c876ea7258c5616: dummy_return_one(x)
[10:14:50.777] [INFO] [run] subject=18, session=3, speed=3, trial=6, x__rid_x=e0f0448e511fb45d: dummy_return_one(x)
[10:14:50.782] [INFO] [run] subject=18, session=3, speed=3, trial=7, x__rid_x=1c50c2b52a25249e: dummy_return_one(x)
[10:14:50.783] [INFO] [run] subject=18, session=3, speed=4, trial=1, x__rid_x=38b1e64586bcda9e: dummy_return_one(x)
[10:14:50.784] [INFO] [run] subject=18, session=3, speed=4, trial=2, x__rid_x=fb9c6d88399d36e5: dummy_return_one(x)
[10:14:50.790] [INFO] [run] subject=18, session=3, speed=4, trial=3, x__rid_x=19974a28df9feb9b: dummy_return_one(x)
[10:14:50.791] [INFO] [run] subject=18, session=3, speed=4, trial=4, x__rid_x=c063b8d8a7a2a4c8: dummy_return_one(x)
[10:14:50.797] [INFO] [run] subject=18, session=3, speed=4, trial=5, x__rid_x=cab21923de034466: dummy_return_one(x)
[10:14:50.798] [INFO] [run] subject=18, session=3, speed=4, trial=6, x__rid_x=bbf02e715fcce8b4: dummy_return_one(x)
[10:14:50.799] [INFO] [run] subject=18, session=3, speed=4, trial=7, x__rid_x=4b97b381db65a6b3: dummy_return_one(x)
[10:14:50.805] [INFO] [run] subject=18, session=3, speed=5, trial=1, x__rid_x=0b6c47f843c8b4ec: dummy_return_one(x)
[10:14:50.806] [INFO] [run] subject=18, session=3, speed=5, trial=2, x__rid_x=b38799d7acee576e: dummy_return_one(x)
[10:14:50.812] [INFO] [run] subject=18, session=3, speed=5, trial=3, x__rid_x=2b36897c359606f3: dummy_return_one(x)
[10:14:50.813] [INFO] [run] subject=18, session=3, speed=5, trial=4, x__rid_x=080d81eb59035851: dummy_return_one(x)
[10:14:50.814] [INFO] [run] subject=18, session=3, speed=5, trial=5, x__rid_x=88d2db93ee3fea4e: dummy_return_one(x)
[10:14:50.820] [INFO] [run] subject=18, session=3, speed=5, trial=6, x__rid_x=0f3c02b253ca8197: dummy_return_one(x)
[10:14:50.821] [INFO] [run] subject=18, session=3, speed=5, trial=7, x__rid_x=e3bb4bd166fe347a: dummy_return_one(x)
[10:14:50.828] [INFO] [run] subject=18, session=3, speed=6, trial=1, x__rid_x=1ba4ea04b0bfdf41: dummy_return_one(x)
[10:14:50.829] [INFO] [run] subject=18, session=3, speed=6, trial=2, x__rid_x=4c06eba1182490d2: dummy_return_one(x)
[10:14:50.829] [INFO] [run] subject=18, session=3, speed=6, trial=3, x__rid_x=2229d6bb87f11757: dummy_return_one(x)
[10:14:50.835] [INFO] [run] subject=18, session=3, speed=6, trial=4, x__rid_x=36ebe07e90bb64cb: dummy_return_one(x)
[10:14:50.837] [INFO] [run] subject=18, session=3, speed=6, trial=5, x__rid_x=48e47ff511053872: dummy_return_one(x)
[10:14:50.843] [INFO] [run] subject=18, session=3, speed=6, trial=6, x__rid_x=79a47c1ff225fa2d: dummy_return_one(x)
[10:14:50.844] [INFO] [run] subject=18, session=3, speed=6, trial=7, x__rid_x=215b44980915351c: dummy_return_one(x)
[10:14:50.845] [INFO] [run] subject=18, session=3, speed=7, trial=1, x__rid_x=e105a2db804c20be: dummy_return_one(x)
[10:14:50.851] [INFO] [run] subject=18, session=3, speed=7, trial=2, x__rid_x=04cd3640222fb13e: dummy_return_one(x)
[10:14:50.852] [INFO] [run] subject=18, session=3, speed=7, trial=3, x__rid_x=f4bff28315326908: dummy_return_one(x)
[10:14:50.858] [INFO] [run] subject=18, session=3, speed=7, trial=4, x__rid_x=50cc0aa5c8922b49: dummy_return_one(x)
[10:14:50.859] [INFO] [run] subject=18, session=3, speed=7, trial=5, x__rid_x=65aad9b50b435e82: dummy_return_one(x)
[10:14:50.859] [INFO] [run] subject=18, session=3, speed=7, trial=6, x__rid_x=6e5f7a7b373ec33f: dummy_return_one(x)
[10:14:50.865] [INFO] [run] subject=18, session=3, speed=7, trial=7, x__rid_x=e074e6c793874abb: dummy_return_one(x)
[10:14:50.866] [INFO] [run] subject=18, session=3, speed=8, trial=1, x__rid_x=6995a03363676ccc: dummy_return_one(x)
[10:14:50.867] [INFO] [run] subject=18, session=3, speed=8, trial=2, x__rid_x=afa6c8f33d4124d3: dummy_return_one(x)
[10:14:50.873] [INFO] [run] subject=18, session=3, speed=8, trial=3, x__rid_x=dc62a359db94c736: dummy_return_one(x)
[10:14:50.874] [INFO] [run] subject=18, session=3, speed=8, trial=4, x__rid_x=882ba1dbb3f31448: dummy_return_one(x)
[10:14:50.880] [INFO] [run] subject=18, session=3, speed=8, trial=5, x__rid_x=7cdf3d0a24303d7e: dummy_return_one(x)
[10:14:50.881] [INFO] [run] subject=18, session=3, speed=8, trial=6, x__rid_x=67b68bc77f7d74b2: dummy_return_one(x)
[10:14:50.882] [INFO] [run] subject=18, session=3, speed=8, trial=7, x__rid_x=7126361f3a5bf741: dummy_return_one(x)
[10:14:50.888] [INFO] [run] subject=18, session=3, speed=9, trial=1, x__rid_x=a198f0f5d8f1005b: dummy_return_one(x)
[10:14:50.889] [INFO] [run] subject=18, session=3, speed=9, trial=2, x__rid_x=164143a815ae360e: dummy_return_one(x)
[10:14:50.895] [INFO] [run] subject=18, session=3, speed=9, trial=3, x__rid_x=0514ff9c46a957e7: dummy_return_one(x)
[10:14:50.896] [INFO] [run] subject=18, session=3, speed=9, trial=4, x__rid_x=08ecd46e8db6b36e: dummy_return_one(x)
[10:14:50.897] [INFO] [run] subject=18, session=3, speed=9, trial=5, x__rid_x=3de72f568e6dc7f7: dummy_return_one(x)
[10:14:50.903] [INFO] [run] subject=18, session=3, speed=9, trial=6, x__rid_x=5e131ad078563814: dummy_return_one(x)
[10:14:50.904] [INFO] [run] subject=18, session=3, speed=9, trial=7, x__rid_x=67faa9e9f2004176: dummy_return_one(x)
[10:14:50.910] [INFO] [run] subject=18, session=4, speed=1, trial=1, x__rid_x=a3e4113f76fe2108: dummy_return_one(x)
[10:14:50.911] [INFO] [run] subject=18, session=4, speed=1, trial=2, x__rid_x=a54efd00541a895f: dummy_return_one(x)
[10:14:50.912] [INFO] [run] subject=18, session=4, speed=1, trial=3, x__rid_x=51036926bdc82119: dummy_return_one(x)
[10:14:50.918] [INFO] [run] subject=18, session=4, speed=1, trial=4, x__rid_x=7b064c633d363f90: dummy_return_one(x)
[10:14:50.919] [INFO] [run] subject=18, session=4, speed=1, trial=5, x__rid_x=ed9372595722ebfd: dummy_return_one(x)
[10:14:50.925] [INFO] [run] subject=18, session=4, speed=1, trial=6, x__rid_x=5343928c34617560: dummy_return_one(x)
[10:14:50.926] [INFO] [run] subject=18, session=4, speed=1, trial=7, x__rid_x=0ffcf0c23a67e403: dummy_return_one(x)
[10:14:50.927] [INFO] [run] subject=18, session=4, speed=10, trial=1, x__rid_x=5ce80a3928f4ce3f: dummy_return_one(x)
[10:14:50.933] [INFO] [run] subject=18, session=4, speed=10, trial=2, x__rid_x=22d918693d111553: dummy_return_one(x)
[10:14:50.934] [INFO] [run] subject=18, session=4, speed=10, trial=3, x__rid_x=27ce922d5dd1392c: dummy_return_one(x)
[10:14:50.935] [INFO] [run] subject=18, session=4, speed=10, trial=4, x__rid_x=e0b21a88960cc550: dummy_return_one(x)
[10:14:50.940] [INFO] [run] subject=18, session=4, speed=10, trial=5, x__rid_x=660137b3734416a8: dummy_return_one(x)
[10:14:50.941] [INFO] [run] subject=18, session=4, speed=10, trial=6, x__rid_x=9998fb39d9fb3d52: dummy_return_one(x)
[10:14:50.942] [INFO] [run] subject=18, session=4, speed=10, trial=7, x__rid_x=e2d36c85bf6f6718: dummy_return_one(x)
[10:14:50.948] [INFO] [run] subject=18, session=4, speed=2, trial=1, x__rid_x=21c2cb47409b343e: dummy_return_one(x)
[10:14:50.948] [INFO] [run] subject=18, session=4, speed=2, trial=2, x__rid_x=6098e293e2f25344: dummy_return_one(x)
[10:14:50.949] [INFO] [run] subject=18, session=4, speed=2, trial=3, x__rid_x=9631e1f9d339dbb1: dummy_return_one(x)
[10:14:50.955] [INFO] [run] subject=18, session=4, speed=2, trial=4, x__rid_x=779a03d66ca9baf1: dummy_return_one(x)
[10:14:50.957] [INFO] [run] subject=18, session=4, speed=2, trial=5, x__rid_x=28d91004a9678905: dummy_return_one(x)
[10:14:50.963] [INFO] [run] subject=18, session=4, speed=2, trial=6, x__rid_x=09015807fe4c0cda: dummy_return_one(x)
[10:14:50.964] [INFO] [run] subject=18, session=4, speed=2, trial=7, x__rid_x=e29c6c0c8a6626b6: dummy_return_one(x)
[10:14:50.965] [INFO] [run] subject=18, session=4, speed=3, trial=1, x__rid_x=12411d5b44e4e72f: dummy_return_one(x)
[10:14:50.971] [INFO] [run] subject=18, session=4, speed=3, trial=2, x__rid_x=a6618ebfac7d573c: dummy_return_one(x)
[10:14:50.972] [INFO] [run] subject=18, session=4, speed=3, trial=3, x__rid_x=b3ed0bb9f4917734: dummy_return_one(x)
[10:14:50.978] [INFO] [run] subject=18, session=4, speed=3, trial=4, x__rid_x=2374a66db372d875: dummy_return_one(x)
[10:14:50.979] [INFO] [run] subject=18, session=4, speed=3, trial=5, x__rid_x=027a8c01e883cebc: dummy_return_one(x)
[10:14:50.986] [INFO] [run] subject=18, session=4, speed=3, trial=6, x__rid_x=fe3ffc2819199e94: dummy_return_one(x)
[10:14:50.987] [INFO] [run] subject=18, session=4, speed=3, trial=7, x__rid_x=23681a99cb8843f9: dummy_return_one(x)
[10:14:50.993] [INFO] [run] subject=18, session=4, speed=4, trial=1, x__rid_x=1a2bb9d5f90d4ec8: dummy_return_one(x)
[10:14:50.994] [INFO] [run] subject=18, session=4, speed=4, trial=2, x__rid_x=1b0d70a9bd390689: dummy_return_one(x)
[10:14:50.995] [INFO] [run] subject=18, session=4, speed=4, trial=3, x__rid_x=0d00fdfff20beef9: dummy_return_one(x)
[10:14:51.001] [INFO] [run] subject=18, session=4, speed=4, trial=4, x__rid_x=2bd5003dcbcf4a71: dummy_return_one(x)
[10:14:51.002] [INFO] [run] subject=18, session=4, speed=4, trial=5, x__rid_x=af976b59de45324e: dummy_return_one(x)
[10:14:51.008] [INFO] [run] subject=18, session=4, speed=4, trial=6, x__rid_x=abf36f46f62a7925: dummy_return_one(x)
[10:14:51.009] [INFO] [run] subject=18, session=4, speed=4, trial=7, x__rid_x=e6dd744f4cc8cc94: dummy_return_one(x)
[10:14:51.010] [INFO] [run] subject=18, session=4, speed=5, trial=1, x__rid_x=7b81b5cde689f535: dummy_return_one(x)
[10:14:51.016] [INFO] [run] subject=18, session=4, speed=5, trial=2, x__rid_x=fe4fd13c654ba86b: dummy_return_one(x)
[10:14:51.016] [INFO] [run] subject=18, session=4, speed=5, trial=3, x__rid_x=1691a9866df53b16: dummy_return_one(x)
[10:14:51.017] [INFO] [run] subject=18, session=4, speed=5, trial=4, x__rid_x=2f5a7dc6436cf790: dummy_return_one(x)
[10:14:51.023] [INFO] [run] subject=18, session=4, speed=5, trial=5, x__rid_x=2163c1ec02a3f59a: dummy_return_one(x)
[10:14:51.024] [INFO] [run] subject=18, session=4, speed=5, trial=6, x__rid_x=a7a8bac8ef677c5c: dummy_return_one(x)
[10:14:51.025] [INFO] [run] subject=18, session=4, speed=5, trial=7, x__rid_x=fdd60a70585ab040: dummy_return_one(x)
[10:14:51.031] [INFO] [run] subject=18, session=4, speed=6, trial=1, x__rid_x=121dcf16f90ead0c: dummy_return_one(x)
[10:14:51.031] [INFO] [run] subject=18, session=4, speed=6, trial=2, x__rid_x=ec167b3b4308107e: dummy_return_one(x)
[10:14:51.032] [INFO] [run] subject=18, session=4, speed=6, trial=3, x__rid_x=252f4261f2d44d4f: dummy_return_one(x)
[10:14:51.038] [INFO] [run] subject=18, session=4, speed=6, trial=4, x__rid_x=05a19f80dd07b58a: dummy_return_one(x)
[10:14:51.040] [INFO] [run] subject=18, session=4, speed=6, trial=5, x__rid_x=fdd60e3c48403153: dummy_return_one(x)
[10:14:51.046] [INFO] [run] subject=18, session=4, speed=6, trial=6, x__rid_x=fec79aaa4e8f02ad: dummy_return_one(x)
[10:14:51.047] [INFO] [run] subject=18, session=4, speed=6, trial=7, x__rid_x=16083d326bab1d27: dummy_return_one(x)
[10:14:51.047] [INFO] [run] subject=18, session=4, speed=7, trial=1, x__rid_x=38bc6253be5dccfd: dummy_return_one(x)
[10:14:51.054] [INFO] [run] subject=18, session=4, speed=7, trial=2, x__rid_x=2b9ac406be7526c7: dummy_return_one(x)
[10:14:51.055] [INFO] [run] subject=18, session=4, speed=7, trial=3, x__rid_x=d35f6fd76dd6c614: dummy_return_one(x)
[10:14:51.062] [INFO] [run] subject=18, session=4, speed=7, trial=4, x__rid_x=85cdf8ed8691cab6: dummy_return_one(x)
[10:14:51.063] [INFO] [run] subject=18, session=4, speed=7, trial=5, x__rid_x=021e55ec639fb65f: dummy_return_one(x)
[10:14:51.069] [INFO] [run] subject=18, session=4, speed=7, trial=6, x__rid_x=9c8531bc178fec94: dummy_return_one(x)
[10:14:51.071] [INFO] [run] subject=18, session=4, speed=7, trial=7, x__rid_x=afba3ed24e595052: dummy_return_one(x)
[10:14:51.077] [INFO] [run] subject=18, session=4, speed=8, trial=1, x__rid_x=542ebeef039fa0e3: dummy_return_one(x)
[10:14:51.079] [INFO] [run] subject=18, session=4, speed=8, trial=2, x__rid_x=3ffa8f38b440dca6: dummy_return_one(x)
[10:14:51.085] [INFO] [run] subject=18, session=4, speed=8, trial=3, x__rid_x=ea45aa9dcb7d6b83: dummy_return_one(x)
[10:14:51.087] [INFO] [run] subject=18, session=4, speed=8, trial=4, x__rid_x=7472a2dee4c27788: dummy_return_one(x)
[10:14:51.093] [INFO] [run] subject=18, session=4, speed=8, trial=5, x__rid_x=b0930a2f4062e8a1: dummy_return_one(x)
[10:14:51.094] [INFO] [run] subject=18, session=4, speed=8, trial=6, x__rid_x=aa1e751e1a5ad343: dummy_return_one(x)
[10:14:51.095] [INFO] [run] subject=18, session=4, speed=8, trial=7, x__rid_x=d9726f1327df780b: dummy_return_one(x)
[10:14:51.101] [INFO] [run] subject=18, session=4, speed=9, trial=1, x__rid_x=43c936614107fd3f: dummy_return_one(x)
[10:14:51.102] [INFO] [run] subject=18, session=4, speed=9, trial=2, x__rid_x=ba362520a75bb4fe: dummy_return_one(x)
[10:14:51.109] [INFO] [run] subject=18, session=4, speed=9, trial=3, x__rid_x=835b624229dbad65: dummy_return_one(x)
[10:14:51.110] [INFO] [run] subject=18, session=4, speed=9, trial=4, x__rid_x=1f8d3621260868ec: dummy_return_one(x)
[10:14:51.117] [INFO] [run] subject=18, session=4, speed=9, trial=5, x__rid_x=e83b2689891f8ff4: dummy_return_one(x)
[10:14:51.118] [INFO] [run] subject=18, session=4, speed=9, trial=6, x__rid_x=1b836df3592497f8: dummy_return_one(x)
[10:14:51.125] [INFO] [run] subject=18, session=4, speed=9, trial=7, x__rid_x=1b9c7426a6e48d44: dummy_return_one(x)
[10:14:51.126] [INFO] [run] subject=18, session=5, speed=1, trial=1, x__rid_x=0a31dc09d47469bf: dummy_return_one(x)
[10:14:51.133] [INFO] [run] subject=18, session=5, speed=1, trial=2, x__rid_x=31a40fc1d01388ef: dummy_return_one(x)
[10:14:51.134] [INFO] [run] subject=18, session=5, speed=1, trial=3, x__rid_x=3099c70922f4c5b8: dummy_return_one(x)
[10:14:51.140] [INFO] [run] subject=18, session=5, speed=1, trial=4, x__rid_x=e92f37ae6325c790: dummy_return_one(x)
[10:14:51.142] [INFO] [run] subject=18, session=5, speed=1, trial=5, x__rid_x=ea3da633d0099765: dummy_return_one(x)
[10:14:51.148] [INFO] [run] subject=18, session=5, speed=1, trial=6, x__rid_x=5092dc0b4dea5b89: dummy_return_one(x)
[10:14:51.149] [INFO] [run] subject=18, session=5, speed=1, trial=7, x__rid_x=7550b12bd68a8acc: dummy_return_one(x)
[10:14:51.150] [INFO] [run] subject=18, session=5, speed=10, trial=1, x__rid_x=c9b95dd73128d865: dummy_return_one(x)
[10:14:51.156] [INFO] [run] subject=18, session=5, speed=10, trial=2, x__rid_x=14d4512158f97a9b: dummy_return_one(x)
[10:14:51.157] [INFO] [run] subject=18, session=5, speed=10, trial=3, x__rid_x=9e5bd9ef3dabd0e8: dummy_return_one(x)
[10:14:51.163] [INFO] [run] subject=18, session=5, speed=10, trial=4, x__rid_x=dfcf5641a1b9ff34: dummy_return_one(x)
[10:14:51.164] [INFO] [run] subject=18, session=5, speed=10, trial=5, x__rid_x=5e8ad0c3153bce10: dummy_return_one(x)
[10:14:51.165] [INFO] [run] subject=18, session=5, speed=10, trial=6, x__rid_x=c3a9a3a480842383: dummy_return_one(x)
[10:14:51.171] [INFO] [run] subject=18, session=5, speed=10, trial=7, x__rid_x=ead9247912608f18: dummy_return_one(x)
[10:14:51.173] [INFO] [run] subject=18, session=5, speed=2, trial=1, x__rid_x=2e571d486769366e: dummy_return_one(x)
[10:14:51.179] [INFO] [run] subject=18, session=5, speed=2, trial=2, x__rid_x=9c71a34f8c0632ad: dummy_return_one(x)
[10:14:51.181] [INFO] [run] subject=18, session=5, speed=2, trial=3, x__rid_x=8b64d980f46ee986: dummy_return_one(x)
[10:14:51.187] [INFO] [run] subject=18, session=5, speed=2, trial=4, x__rid_x=0859991a0344263f: dummy_return_one(x)
[10:14:51.189] [INFO] [run] subject=18, session=5, speed=2, trial=5, x__rid_x=4a20f2229433f031: dummy_return_one(x)
[10:14:51.195] [INFO] [run] subject=18, session=5, speed=2, trial=6, x__rid_x=edca5366f1e21741: dummy_return_one(x)
[10:14:51.196] [INFO] [run] subject=18, session=5, speed=2, trial=7, x__rid_x=c3cdf7a43a10be81: dummy_return_one(x)
[10:14:51.207] [INFO] [run] subject=18, session=5, speed=3, trial=1, x__rid_x=3ffccb44c59b3384: dummy_return_one(x)
[10:14:51.209] [INFO] [run] subject=18, session=5, speed=3, trial=2, x__rid_x=964a52aabdcd102e: dummy_return_one(x)
[10:14:51.217] [INFO] [run] subject=18, session=5, speed=3, trial=3, x__rid_x=d74daccf964c68e9: dummy_return_one(x)
[10:14:51.226] [INFO] [run] subject=18, session=5, speed=3, trial=4, x__rid_x=2cd24409527e538a: dummy_return_one(x)
[10:14:51.245] [INFO] [run] subject=18, session=5, speed=3, trial=5, x__rid_x=139d7d76e626fec0: dummy_return_one(x)
[10:14:51.247] [INFO] [run] subject=18, session=5, speed=3, trial=6, x__rid_x=7abb84908eda2207: dummy_return_one(x)
[10:14:51.254] [INFO] [run] subject=18, session=5, speed=3, trial=7, x__rid_x=38835e93e546243b: dummy_return_one(x)
[10:14:51.255] [INFO] [run] subject=18, session=5, speed=4, trial=1, x__rid_x=d5fe49b1f6934479: dummy_return_one(x)
[10:14:51.261] [INFO] [run] subject=18, session=5, speed=4, trial=2, x__rid_x=631c20b1ac7b575d: dummy_return_one(x)
[10:14:51.262] [INFO] [run] subject=18, session=5, speed=4, trial=3, x__rid_x=728ba5fd71107582: dummy_return_one(x)
[10:14:51.269] [INFO] [run] subject=18, session=5, speed=4, trial=4, x__rid_x=e4c0758eafa84893: dummy_return_one(x)
[10:14:51.271] [INFO] [run] subject=18, session=5, speed=4, trial=5, x__rid_x=d2898e19e6047307: dummy_return_one(x)
[10:14:51.277] [INFO] [run] subject=18, session=5, speed=4, trial=6, x__rid_x=6952cf82b990e57a: dummy_return_one(x)
[10:14:51.278] [INFO] [run] subject=18, session=5, speed=4, trial=7, x__rid_x=c3cbb311a1cdf7d6: dummy_return_one(x)
[10:14:51.285] [INFO] [run] subject=18, session=5, speed=5, trial=1, x__rid_x=a70732e79afd51be: dummy_return_one(x)
[10:14:51.286] [INFO] [run] subject=18, session=5, speed=5, trial=2, x__rid_x=16221c9d4a1cc44c: dummy_return_one(x)
[10:14:51.293] [INFO] [run] subject=18, session=5, speed=5, trial=3, x__rid_x=1f3419fb710861ba: dummy_return_one(x)
[10:14:51.294] [INFO] [run] subject=18, session=5, speed=5, trial=4, x__rid_x=4e32525f9431e16b: dummy_return_one(x)
[10:14:51.300] [INFO] [run] subject=18, session=5, speed=5, trial=5, x__rid_x=3f53426fc80486ee: dummy_return_one(x)
[10:14:51.301] [INFO] [run] subject=18, session=5, speed=5, trial=6, x__rid_x=42da08a25c1f9582: dummy_return_one(x)
[10:14:51.308] [INFO] [run] subject=18, session=5, speed=5, trial=7, x__rid_x=a6b3955f5a9c52fe: dummy_return_one(x)
[10:14:51.320] [INFO] [run] subject=18, session=5, speed=6, trial=1, x__rid_x=05e5a45d914a13ca: dummy_return_one(x)
[10:14:51.326] [INFO] [run] subject=18, session=5, speed=6, trial=2, x__rid_x=5128ef9646bafba0: dummy_return_one(x)
[10:14:51.326] [INFO] [run] subject=18, session=5, speed=6, trial=3, x__rid_x=cd68a38af705089a: dummy_return_one(x)
[10:14:51.337] [INFO] [run] subject=18, session=5, speed=6, trial=4, x__rid_x=559e831de77cca15: dummy_return_one(x)
[10:14:51.343] [INFO] [run] subject=18, session=5, speed=6, trial=5, x__rid_x=6ffa20ba3c145243: dummy_return_one(x)
[10:14:51.344] [INFO] [run] subject=18, session=5, speed=6, trial=6, x__rid_x=b3c7db7ddd9cc73d: dummy_return_one(x)
[10:14:51.345] [INFO] [run] subject=18, session=5, speed=6, trial=7, x__rid_x=c7ef358c5b7970c2: dummy_return_one(x)
[10:14:51.351] [INFO] [run] subject=18, session=5, speed=7, trial=1, x__rid_x=55e956c5df1338f1: dummy_return_one(x)
[10:14:51.352] [INFO] [run] subject=18, session=5, speed=7, trial=2, x__rid_x=541ad52744eb3042: dummy_return_one(x)
[10:14:51.359] [INFO] [run] subject=18, session=5, speed=7, trial=3, x__rid_x=29363395a03a898d: dummy_return_one(x)
[10:14:51.360] [INFO] [run] subject=18, session=5, speed=7, trial=4, x__rid_x=8212104fce2222bd: dummy_return_one(x)
[10:14:51.360] [INFO] [run] subject=18, session=5, speed=7, trial=5, x__rid_x=b254521bb55b1b45: dummy_return_one(x)
[10:14:51.366] [INFO] [run] subject=18, session=5, speed=7, trial=6, x__rid_x=070070fa73994eb9: dummy_return_one(x)
[10:14:51.367] [INFO] [run] subject=18, session=5, speed=7, trial=7, x__rid_x=e5c6fe1cc993008f: dummy_return_one(x)
[10:14:51.374] [INFO] [run] subject=18, session=5, speed=8, trial=1, x__rid_x=3ab6bd83a9fd548b: dummy_return_one(x)
[10:14:51.375] [INFO] [run] subject=18, session=5, speed=8, trial=2, x__rid_x=dc1aa4965fd7b830: dummy_return_one(x)
[10:14:51.382] [INFO] [run] subject=18, session=5, speed=8, trial=3, x__rid_x=e861257b46eb0d03: dummy_return_one(x)
[10:14:51.383] [INFO] [run] subject=18, session=5, speed=8, trial=4, x__rid_x=0ec025171c8d6d62: dummy_return_one(x)
[10:14:51.384] [INFO] [run] subject=18, session=5, speed=8, trial=5, x__rid_x=a7a073cfb8f2789b: dummy_return_one(x)
[10:14:51.390] [INFO] [run] subject=18, session=5, speed=8, trial=6, x__rid_x=71d7cd71f7684f15: dummy_return_one(x)
[10:14:51.391] [INFO] [run] subject=18, session=5, speed=8, trial=7, x__rid_x=d0b8369e87004423: dummy_return_one(x)
[10:14:51.398] [INFO] [run] subject=18, session=5, speed=9, trial=1, x__rid_x=53f520efcc56c726: dummy_return_one(x)
[10:14:51.399] [INFO] [run] subject=18, session=5, speed=9, trial=2, x__rid_x=dff08a13c5fcc24f: dummy_return_one(x)
[10:14:51.399] [INFO] [run] subject=18, session=5, speed=9, trial=3, x__rid_x=77b606f69c6df312: dummy_return_one(x)
[10:14:51.406] [INFO] [run] subject=18, session=5, speed=9, trial=4, x__rid_x=d1a8652bc46ab826: dummy_return_one(x)
[10:14:51.407] [INFO] [run] subject=18, session=5, speed=9, trial=5, x__rid_x=a6341f16c97e0ce5: dummy_return_one(x)
[10:14:51.408] [INFO] [run] subject=18, session=5, speed=9, trial=6, x__rid_x=49b95b7f0caee299: dummy_return_one(x)
[10:14:51.413] [INFO] [run] subject=18, session=5, speed=9, trial=7, x__rid_x=0391e85f302df0d1: dummy_return_one(x)
[10:14:51.414] [INFO] [run] subject=19, session=1, speed=1, trial=1, x__rid_x=12140d14ff34ef71: dummy_return_one(x)
[10:14:51.415] [INFO] [run] subject=19, session=1, speed=1, trial=2, x__rid_x=e10e710ffd4f669f: dummy_return_one(x)
[10:14:51.421] [INFO] [run] subject=19, session=1, speed=1, trial=3, x__rid_x=b41865bb8832939e: dummy_return_one(x)
[10:14:51.423] [INFO] [run] subject=19, session=1, speed=1, trial=4, x__rid_x=7cb097bf91ef12ce: dummy_return_one(x)
[10:14:51.429] [INFO] [run] subject=19, session=1, speed=1, trial=5, x__rid_x=8c0dba07515cb5f8: dummy_return_one(x)
[10:14:51.430] [INFO] [run] subject=19, session=1, speed=1, trial=6, x__rid_x=85e04647267ab85d: dummy_return_one(x)
[10:14:51.431] [INFO] [run] subject=19, session=1, speed=1, trial=7, x__rid_x=b289d644c2fc4a7c: dummy_return_one(x)
[10:14:51.437] [INFO] [run] subject=19, session=1, speed=10, trial=1, x__rid_x=5887c9b16fa148ca: dummy_return_one(x)
[10:14:51.439] [INFO] [run] subject=19, session=1, speed=10, trial=2, x__rid_x=34b8b47400869dc3: dummy_return_one(x)
[10:14:51.445] [INFO] [run] subject=19, session=1, speed=10, trial=3, x__rid_x=1960903f0fa3be6a: dummy_return_one(x)
[10:14:51.446] [INFO] [run] subject=19, session=1, speed=10, trial=4, x__rid_x=ce92e0c050f5b152: dummy_return_one(x)
[10:14:51.447] [INFO] [run] subject=19, session=1, speed=10, trial=5, x__rid_x=ed31f66718b6e796: dummy_return_one(x)
[10:14:51.453] [INFO] [run] subject=19, session=1, speed=10, trial=6, x__rid_x=21ee91b0520a9a34: dummy_return_one(x)
[10:14:51.454] [INFO] [run] subject=19, session=1, speed=10, trial=7, x__rid_x=65fb58da88cf6587: dummy_return_one(x)
[10:14:51.460] [INFO] [run] subject=19, session=1, speed=2, trial=1, x__rid_x=d635826f978996f4: dummy_return_one(x)
[10:14:51.461] [INFO] [run] subject=19, session=1, speed=2, trial=2, x__rid_x=1422ca9c25e02861: dummy_return_one(x)
[10:14:51.462] [INFO] [run] subject=19, session=1, speed=2, trial=3, x__rid_x=1842e1c1438b0df9: dummy_return_one(x)
[10:14:51.468] [INFO] [run] subject=19, session=1, speed=2, trial=4, x__rid_x=2b36c70249aad1d9: dummy_return_one(x)
[10:14:51.469] [INFO] [run] subject=19, session=1, speed=2, trial=5, x__rid_x=89433526a1748287: dummy_return_one(x)
[10:14:51.470] [INFO] [run] subject=19, session=1, speed=2, trial=6, x__rid_x=cf421d96440ac977: dummy_return_one(x)
[10:14:51.476] [INFO] [run] subject=19, session=1, speed=2, trial=7, x__rid_x=340a0e88c7d06327: dummy_return_one(x)
[10:14:51.477] [INFO] [run] subject=19, session=1, speed=3, trial=1, x__rid_x=d9cd4139603ad4f3: dummy_return_one(x)
[10:14:51.478] [INFO] [run] subject=19, session=1, speed=3, trial=2, x__rid_x=b0688bee9e49d751: dummy_return_one(x)
[10:14:51.484] [INFO] [run] subject=19, session=1, speed=3, trial=3, x__rid_x=8c6fbb083844d3dc: dummy_return_one(x)
[10:14:51.485] [INFO] [run] subject=19, session=1, speed=3, trial=4, x__rid_x=0d44b6d85fe9d4bc: dummy_return_one(x)
[10:14:51.492] [INFO] [run] subject=19, session=1, speed=3, trial=5, x__rid_x=c121ccb616f4ee9d: dummy_return_one(x)
[10:14:51.493] [INFO] [run] subject=19, session=1, speed=3, trial=6, x__rid_x=8dc27d218145fa3b: dummy_return_one(x)
[10:14:51.500] [INFO] [run] subject=19, session=1, speed=3, trial=7, x__rid_x=1252ad8494a94c09: dummy_return_one(x)
[10:14:51.501] [INFO] [run] subject=19, session=1, speed=4, trial=1, x__rid_x=e1f4b07ce79407ba: dummy_return_one(x)
[10:14:51.508] [INFO] [run] subject=19, session=1, speed=4, trial=2, x__rid_x=3c94a33586a4b46f: dummy_return_one(x)
[10:14:51.509] [INFO] [run] subject=19, session=1, speed=4, trial=3, x__rid_x=2d614413ed9e1444: dummy_return_one(x)
[10:14:51.516] [INFO] [run] subject=19, session=1, speed=4, trial=4, x__rid_x=021cfd08d11d5a8f: dummy_return_one(x)
[10:14:51.517] [INFO] [run] subject=19, session=1, speed=4, trial=5, x__rid_x=32e41ce445815293: dummy_return_one(x)
[10:14:51.518] [INFO] [run] subject=19, session=1, speed=4, trial=6, x__rid_x=3ab2f8c6295ca96e: dummy_return_one(x)
[10:14:51.524] [INFO] [run] subject=19, session=1, speed=4, trial=7, x__rid_x=3f4bacf358f12ae4: dummy_return_one(x)
[10:14:51.525] [INFO] [run] subject=19, session=1, speed=5, trial=1, x__rid_x=4867d5afcf067e3c: dummy_return_one(x)
[10:14:51.525] [INFO] [run] subject=19, session=1, speed=5, trial=2, x__rid_x=217a42fb21f07710: dummy_return_one(x)
[10:14:51.532] [INFO] [run] subject=19, session=1, speed=5, trial=3, x__rid_x=0cc06765cadfd0dd: dummy_return_one(x)
[10:14:51.532] [INFO] [run] subject=19, session=1, speed=5, trial=4, x__rid_x=451a5dfb2262380a: dummy_return_one(x)
[10:14:51.533] [INFO] [run] subject=19, session=1, speed=5, trial=5, x__rid_x=911f237d559cf425: dummy_return_one(x)
[10:14:51.539] [INFO] [run] subject=19, session=1, speed=5, trial=6, x__rid_x=93e1b9f09a1636ce: dummy_return_one(x)
[10:14:51.541] [INFO] [run] subject=19, session=1, speed=5, trial=7, x__rid_x=2b5c31e181110a7b: dummy_return_one(x)
[10:14:51.541] [INFO] [run] subject=19, session=1, speed=6, trial=1, x__rid_x=2165fc800e268e71: dummy_return_one(x)
[10:14:51.548] [INFO] [run] subject=19, session=1, speed=6, trial=2, x__rid_x=7d5718abd4545b25: dummy_return_one(x)
[10:14:51.548] [INFO] [run] subject=19, session=1, speed=6, trial=3, x__rid_x=f94c04db6086ba3d: dummy_return_one(x)
[10:14:51.549] [INFO] [run] subject=19, session=1, speed=6, trial=4, x__rid_x=88f4f4d84510dda9: dummy_return_one(x)
[10:14:51.556] [INFO] [run] subject=19, session=1, speed=6, trial=5, x__rid_x=ec17fb4070950685: dummy_return_one(x)
[10:14:51.557] [INFO] [run] subject=19, session=1, speed=6, trial=6, x__rid_x=c03d2e7221133df8: dummy_return_one(x)
[10:14:51.563] [INFO] [run] subject=19, session=1, speed=6, trial=7, x__rid_x=5ec7a2078617f0b2: dummy_return_one(x)
[10:14:51.564] [INFO] [run] subject=19, session=1, speed=7, trial=1, x__rid_x=31e538820c49b46f: dummy_return_one(x)
[10:14:51.565] [INFO] [run] subject=19, session=1, speed=7, trial=2, x__rid_x=48366edcf2fb04b9: dummy_return_one(x)
[10:14:51.571] [INFO] [run] subject=19, session=1, speed=7, trial=3, x__rid_x=7cf1f233090b8050: dummy_return_one(x)
[10:14:51.572] [INFO] [run] subject=19, session=1, speed=7, trial=4, x__rid_x=9859490b0332ed86: dummy_return_one(x)
[10:14:51.579] [INFO] [run] subject=19, session=1, speed=7, trial=5, x__rid_x=368b0bc2e3b1da29: dummy_return_one(x)
[10:14:51.580] [INFO] [run] subject=19, session=1, speed=7, trial=6, x__rid_x=0e66495ee34d1f37: dummy_return_one(x)
[10:14:51.580] [INFO] [run] subject=19, session=1, speed=7, trial=7, x__rid_x=3af75ee96bd85365: dummy_return_one(x)
[10:14:51.587] [INFO] [run] subject=19, session=1, speed=8, trial=1, x__rid_x=80e10bbfd924223e: dummy_return_one(x)
[10:14:51.588] [INFO] [run] subject=19, session=1, speed=8, trial=2, x__rid_x=8b8159bd78731353: dummy_return_one(x)
[10:14:51.595] [INFO] [run] subject=19, session=1, speed=8, trial=3, x__rid_x=97d04f39b1662c12: dummy_return_one(x)
[10:14:51.595] [INFO] [run] subject=19, session=1, speed=8, trial=4, x__rid_x=209004aeca6389b6: dummy_return_one(x)
[10:14:51.596] [INFO] [run] subject=19, session=1, speed=8, trial=5, x__rid_x=96e736d374da6bac: dummy_return_one(x)
[10:14:51.603] [INFO] [run] subject=19, session=1, speed=8, trial=6, x__rid_x=6444ed40b9dad3be: dummy_return_one(x)
[10:14:51.604] [INFO] [run] subject=19, session=1, speed=8, trial=7, x__rid_x=912695fd7a009424: dummy_return_one(x)
[10:14:51.610] [INFO] [run] subject=19, session=1, speed=9, trial=1, x__rid_x=7d80a4f407d9f8eb: dummy_return_one(x)
[10:14:51.611] [INFO] [run] subject=19, session=1, speed=9, trial=2, x__rid_x=188deaaf3d72ca10: dummy_return_one(x)
[10:14:51.612] [INFO] [run] subject=19, session=1, speed=9, trial=3, x__rid_x=71db5cb4777e3a33: dummy_return_one(x)
[10:14:51.618] [INFO] [run] subject=19, session=1, speed=9, trial=4, x__rid_x=663d43ad2fffbea7: dummy_return_one(x)
[10:14:51.619] [INFO] [run] subject=19, session=1, speed=9, trial=5, x__rid_x=9cfc429179f5f030: dummy_return_one(x)
[10:14:51.620] [INFO] [run] subject=19, session=1, speed=9, trial=6, x__rid_x=1ed1a389c7b8ef90: dummy_return_one(x)
[10:14:51.626] [INFO] [run] subject=19, session=1, speed=9, trial=7, x__rid_x=bffa9df985436e63: dummy_return_one(x)
[10:14:51.627] [INFO] [run] subject=19, session=2, speed=1, trial=1, x__rid_x=6dfcdd8bb565deeb: dummy_return_one(x)
[10:14:51.628] [INFO] [run] subject=19, session=2, speed=1, trial=2, x__rid_x=203b8deef6a67aa6: dummy_return_one(x)
[10:14:51.634] [INFO] [run] subject=19, session=2, speed=1, trial=3, x__rid_x=d338f9a6206e5ade: dummy_return_one(x)
[10:14:51.635] [INFO] [run] subject=19, session=2, speed=1, trial=4, x__rid_x=984dd983ea087072: dummy_return_one(x)
[10:14:51.642] [INFO] [run] subject=19, session=2, speed=1, trial=5, x__rid_x=01b6aa665541f64b: dummy_return_one(x)
[10:14:51.643] [INFO] [run] subject=19, session=2, speed=1, trial=6, x__rid_x=fd24fd372972035b: dummy_return_one(x)
[10:14:51.643] [INFO] [run] subject=19, session=2, speed=1, trial=7, x__rid_x=0ab9cba32457dce1: dummy_return_one(x)
[10:14:51.650] [INFO] [run] subject=19, session=2, speed=10, trial=1, x__rid_x=c1856caf4515aa00: dummy_return_one(x)
[10:14:51.651] [INFO] [run] subject=19, session=2, speed=10, trial=2, x__rid_x=fe4647cd2d93144b: dummy_return_one(x)
[10:14:51.658] [INFO] [run] subject=19, session=2, speed=10, trial=3, x__rid_x=ecb1c5e3310b973f: dummy_return_one(x)
[10:14:51.659] [INFO] [run] subject=19, session=2, speed=10, trial=4, x__rid_x=8d65bf9590d2c8ab: dummy_return_one(x)
[10:14:51.659] [INFO] [run] subject=19, session=2, speed=10, trial=5, x__rid_x=748a64a7e9027f0b: dummy_return_one(x)
[10:14:51.665] [INFO] [run] subject=19, session=2, speed=10, trial=6, x__rid_x=0ef876517f1abdb3: dummy_return_one(x)
[10:14:51.666] [INFO] [run] subject=19, session=2, speed=10, trial=7, x__rid_x=254398f1fa5cdea0: dummy_return_one(x)
[10:14:51.667] [INFO] [run] subject=19, session=2, speed=2, trial=1, x__rid_x=d6ffb2f25c71b159: dummy_return_one(x)
[10:14:51.673] [INFO] [run] subject=19, session=2, speed=2, trial=2, x__rid_x=fcf3371d0f732111: dummy_return_one(x)
[10:14:51.675] [INFO] [run] subject=19, session=2, speed=2, trial=3, x__rid_x=8944f73c0eeedb87: dummy_return_one(x)
[10:14:51.681] [INFO] [run] subject=19, session=2, speed=2, trial=4, x__rid_x=05b96b093b3ee570: dummy_return_one(x)
[10:14:51.682] [INFO] [run] subject=19, session=2, speed=2, trial=5, x__rid_x=8b8e229865f92b11: dummy_return_one(x)
[10:14:51.683] [INFO] [run] subject=19, session=2, speed=2, trial=6, x__rid_x=e0071c2c0ccec136: dummy_return_one(x)
[10:14:51.689] [INFO] [run] subject=19, session=2, speed=2, trial=7, x__rid_x=a6a4179a33a4df39: dummy_return_one(x)
[10:14:51.691] [INFO] [run] subject=19, session=2, speed=3, trial=1, x__rid_x=b0aa4558ae83de2a: dummy_return_one(x)
[10:14:51.697] [INFO] [run] subject=19, session=2, speed=3, trial=2, x__rid_x=c379747561576eb8: dummy_return_one(x)
[10:14:51.698] [INFO] [run] subject=19, session=2, speed=3, trial=3, x__rid_x=7ea74ad13c388518: dummy_return_one(x)
[10:14:51.699] [INFO] [run] subject=19, session=2, speed=3, trial=4, x__rid_x=7229b37b96226360: dummy_return_one(x)
[10:14:51.706] [INFO] [run] subject=19, session=2, speed=3, trial=5, x__rid_x=abd2eebed2ac0490: dummy_return_one(x)
[10:14:51.707] [INFO] [run] subject=19, session=2, speed=3, trial=6, x__rid_x=534e08464d60159c: dummy_return_one(x)
[10:14:51.713] [INFO] [run] subject=19, session=2, speed=3, trial=7, x__rid_x=dde23214cac0e9a0: dummy_return_one(x)
[10:14:51.714] [INFO] [run] subject=19, session=2, speed=4, trial=1, x__rid_x=f15427dfff9db7db: dummy_return_one(x)
[10:14:51.715] [INFO] [run] subject=19, session=2, speed=4, trial=2, x__rid_x=896dd506dd706f11: dummy_return_one(x)
[10:14:51.721] [INFO] [run] subject=19, session=2, speed=4, trial=3, x__rid_x=eb14930c6aac6e28: dummy_return_one(x)
[10:14:51.722] [INFO] [run] subject=19, session=2, speed=4, trial=4, x__rid_x=2a7747823d32e958: dummy_return_one(x)
[10:14:51.729] [INFO] [run] subject=19, session=2, speed=4, trial=5, x__rid_x=8275e121be340533: dummy_return_one(x)
[10:14:51.730] [INFO] [run] subject=19, session=2, speed=4, trial=6, x__rid_x=c059a04bc48b17e5: dummy_return_one(x)
[10:14:51.731] [INFO] [run] subject=19, session=2, speed=4, trial=7, x__rid_x=86401d636e2b46df: dummy_return_one(x)
[10:14:51.737] [INFO] [run] subject=19, session=2, speed=5, trial=1, x__rid_x=cb96f66c6b82d346: dummy_return_one(x)
[10:14:51.739] [INFO] [run] subject=19, session=2, speed=5, trial=2, x__rid_x=8b21341231650c8d: dummy_return_one(x)
[10:14:51.745] [INFO] [run] subject=19, session=2, speed=5, trial=3, x__rid_x=194206d95fa5a5c8: dummy_return_one(x)
[10:14:51.746] [INFO] [run] subject=19, session=2, speed=5, trial=4, x__rid_x=252f07938c8ff14d: dummy_return_one(x)
[10:14:51.747] [INFO] [run] subject=19, session=2, speed=5, trial=5, x__rid_x=fa9623db5b9a0d48: dummy_return_one(x)
[10:14:51.753] [INFO] [run] subject=19, session=2, speed=5, trial=6, x__rid_x=e66dda20585ae63b: dummy_return_one(x)
[10:14:51.754] [INFO] [run] subject=19, session=2, speed=5, trial=7, x__rid_x=7aa38eb36295c76b: dummy_return_one(x)
[10:14:51.761] [INFO] [run] subject=19, session=2, speed=6, trial=1, x__rid_x=11a0740cf9204867: dummy_return_one(x)
[10:14:51.762] [INFO] [run] subject=19, session=2, speed=6, trial=2, x__rid_x=c9f4198ce00f7872: dummy_return_one(x)
[10:14:51.763] [INFO] [run] subject=19, session=2, speed=6, trial=3, x__rid_x=fe77cad2e94c034d: dummy_return_one(x)
[10:14:51.769] [INFO] [run] subject=19, session=2, speed=6, trial=4, x__rid_x=324f1adc02e435c4: dummy_return_one(x)
[10:14:51.770] [INFO] [run] subject=19, session=2, speed=6, trial=5, x__rid_x=08f3e0f9456ebf4a: dummy_return_one(x)
[10:14:51.777] [INFO] [run] subject=19, session=2, speed=6, trial=6, x__rid_x=d6f73efabd38bb8b: dummy_return_one(x)
[10:14:51.778] [INFO] [run] subject=19, session=2, speed=6, trial=7, x__rid_x=500837d49a28a7cc: dummy_return_one(x)
[10:14:51.778] [INFO] [run] subject=19, session=2, speed=7, trial=1, x__rid_x=719d733ba45bd700: dummy_return_one(x)
[10:14:51.785] [INFO] [run] subject=19, session=2, speed=7, trial=2, x__rid_x=b7a4ff8163df7411: dummy_return_one(x)
[10:14:51.786] [INFO] [run] subject=19, session=2, speed=7, trial=3, x__rid_x=de7249989e959624: dummy_return_one(x)
[10:14:51.793] [INFO] [run] subject=19, session=2, speed=7, trial=4, x__rid_x=74bee0d76782af7f: dummy_return_one(x)
[10:14:51.794] [INFO] [run] subject=19, session=2, speed=7, trial=5, x__rid_x=535f881a5fb269ce: dummy_return_one(x)
[10:14:51.801] [INFO] [run] subject=19, session=2, speed=7, trial=6, x__rid_x=9a4071ff7504b99f: dummy_return_one(x)
[10:14:51.802] [INFO] [run] subject=19, session=2, speed=7, trial=7, x__rid_x=ae45ef08befb0a5f: dummy_return_one(x)
[10:14:51.809] [INFO] [run] subject=19, session=2, speed=8, trial=1, x__rid_x=5f6584bf48ca9197: dummy_return_one(x)
[10:14:51.810] [INFO] [run] subject=19, session=2, speed=8, trial=2, x__rid_x=c66193058f997959: dummy_return_one(x)
[10:14:51.811] [INFO] [run] subject=19, session=2, speed=8, trial=3, x__rid_x=495b270e7f740615: dummy_return_one(x)
[10:14:51.817] [INFO] [run] subject=19, session=2, speed=8, trial=4, x__rid_x=d1e3c93a09d102e1: dummy_return_one(x)
[10:14:51.818] [INFO] [run] subject=19, session=2, speed=8, trial=5, x__rid_x=e89aa4ddb81a8f26: dummy_return_one(x)
[10:14:51.819] [INFO] [run] subject=19, session=2, speed=8, trial=6, x__rid_x=079405a9ef24158f: dummy_return_one(x)
[10:14:51.825] [INFO] [run] subject=19, session=2, speed=8, trial=7, x__rid_x=54d404a186101860: dummy_return_one(x)
[10:14:51.826] [INFO] [run] subject=19, session=2, speed=9, trial=1, x__rid_x=fba52d3404565b06: dummy_return_one(x)
[10:14:51.833] [INFO] [run] subject=19, session=2, speed=9, trial=2, x__rid_x=d9aa68ebad283c3a: dummy_return_one(x)
[10:14:51.834] [INFO] [run] subject=19, session=2, speed=9, trial=3, x__rid_x=1445c7b5562c8185: dummy_return_one(x)
[10:14:51.835] [INFO] [run] subject=19, session=2, speed=9, trial=4, x__rid_x=bd88d0dea838e4c5: dummy_return_one(x)
[10:14:51.841] [INFO] [run] subject=19, session=2, speed=9, trial=5, x__rid_x=58d77b9bb8bad8bb: dummy_return_one(x)
[10:14:51.842] [INFO] [run] subject=19, session=2, speed=9, trial=6, x__rid_x=898fffbb667d53dc: dummy_return_one(x)
[10:14:51.843] [INFO] [run] subject=19, session=2, speed=9, trial=7, x__rid_x=ecd3208a918499c8: dummy_return_one(x)
[10:14:51.849] [INFO] [run] subject=19, session=3, speed=1, trial=1, x__rid_x=b19b94024e019809: dummy_return_one(x)
[10:14:51.850] [INFO] [run] subject=19, session=3, speed=1, trial=2, x__rid_x=2e14ef1c38c20ff4: dummy_return_one(x)
[10:14:51.850] [INFO] [run] subject=19, session=3, speed=1, trial=3, x__rid_x=1bc89e34be3fe3a8: dummy_return_one(x)
[10:14:51.857] [INFO] [run] subject=19, session=3, speed=1, trial=4, x__rid_x=fccb1c5a3e22dac9: dummy_return_one(x)
[10:14:51.858] [INFO] [run] subject=19, session=3, speed=1, trial=5, x__rid_x=f4a52da269b5b2e7: dummy_return_one(x)
[10:14:51.865] [INFO] [run] subject=19, session=3, speed=1, trial=6, x__rid_x=3ba7a5acf099584e: dummy_return_one(x)
[10:14:51.866] [INFO] [run] subject=19, session=3, speed=1, trial=7, x__rid_x=2d272f24e68ae7a1: dummy_return_one(x)
[10:14:51.866] [INFO] [run] subject=19, session=3, speed=10, trial=1, x__rid_x=7442ac7eb11ea40b: dummy_return_one(x)
[10:14:51.873] [INFO] [run] subject=19, session=3, speed=10, trial=2, x__rid_x=14e11aefd7d83edd: dummy_return_one(x)
[10:14:51.874] [INFO] [run] subject=19, session=3, speed=10, trial=3, x__rid_x=37cbf3f3ee276f18: dummy_return_one(x)
[10:14:51.881] [INFO] [run] subject=19, session=3, speed=10, trial=4, x__rid_x=96305655c97db081: dummy_return_one(x)
[10:14:51.882] [INFO] [run] subject=19, session=3, speed=10, trial=5, x__rid_x=1cc7bea8a9fe49c9: dummy_return_one(x)
[10:14:51.889] [INFO] [run] subject=19, session=3, speed=10, trial=6, x__rid_x=28d91d9b9229da99: dummy_return_one(x)
[10:14:51.890] [INFO] [run] subject=19, session=3, speed=10, trial=7, x__rid_x=4dd7090240422e84: dummy_return_one(x)
[10:14:51.897] [INFO] [run] subject=19, session=3, speed=2, trial=1, x__rid_x=f83b6ae4cab907b6: dummy_return_one(x)
[10:14:51.897] [INFO] [run] subject=19, session=3, speed=2, trial=2, x__rid_x=ffa1576bbb011a0b: dummy_return_one(x)
[10:14:51.898] [INFO] [run] subject=19, session=3, speed=2, trial=3, x__rid_x=93759b359043740b: dummy_return_one(x)
[10:14:51.905] [INFO] [run] subject=19, session=3, speed=2, trial=4, x__rid_x=b493dde6d6676db8: dummy_return_one(x)
[10:14:51.906] [INFO] [run] subject=19, session=3, speed=2, trial=5, x__rid_x=3263adb461083d99: dummy_return_one(x)
[10:14:51.913] [INFO] [run] subject=19, session=3, speed=2, trial=6, x__rid_x=b10df1780c92e91d: dummy_return_one(x)
[10:14:51.913] [INFO] [run] subject=19, session=3, speed=2, trial=7, x__rid_x=356716401123bced: dummy_return_one(x)
[10:14:51.914] [INFO] [run] subject=19, session=3, speed=3, trial=1, x__rid_x=6e97eeeda6cd9df9: dummy_return_one(x)
[10:14:51.921] [INFO] [run] subject=19, session=3, speed=3, trial=2, x__rid_x=bb2518b24ebb0a4a: dummy_return_one(x)
[10:14:51.922] [INFO] [run] subject=19, session=3, speed=3, trial=3, x__rid_x=914fc440275b51fb: dummy_return_one(x)
[10:14:51.929] [INFO] [run] subject=19, session=3, speed=3, trial=4, x__rid_x=e052c0043cf0fa2c: dummy_return_one(x)
[10:14:51.930] [INFO] [run] subject=19, session=3, speed=3, trial=5, x__rid_x=f34fa68d17efb1dc: dummy_return_one(x)
[10:14:51.931] [INFO] [run] subject=19, session=3, speed=3, trial=6, x__rid_x=9c6549a0923528ab: dummy_return_one(x)
[10:14:51.937] [INFO] [run] subject=19, session=3, speed=3, trial=7, x__rid_x=4ffd5abf21cca3e2: dummy_return_one(x)
[10:14:51.938] [INFO] [run] subject=19, session=3, speed=4, trial=1, x__rid_x=f11210bc4437a1a0: dummy_return_one(x)
[10:14:51.945] [INFO] [run] subject=19, session=3, speed=4, trial=2, x__rid_x=13d09e23fccc3be6: dummy_return_one(x)
[10:14:51.953] [INFO] [run] subject=19, session=3, speed=4, trial=3, x__rid_x=67a0003d0dedbc6f: dummy_return_one(x)
[10:14:51.954] [INFO] [run] subject=19, session=3, speed=4, trial=4, x__rid_x=008ab04855042597: dummy_return_one(x)
[10:14:51.961] [INFO] [run] subject=19, session=3, speed=4, trial=5, x__rid_x=a25af204c7e0cc57: dummy_return_one(x)
[10:14:51.961] [INFO] [run] subject=19, session=3, speed=4, trial=6, x__rid_x=a0c2141c6a27c606: dummy_return_one(x)
[10:14:51.962] [INFO] [run] subject=19, session=3, speed=4, trial=7, x__rid_x=21bfd887d540ba50: dummy_return_one(x)
[10:14:51.969] [INFO] [run] subject=19, session=3, speed=5, trial=1, x__rid_x=ec73785b9b5385a3: dummy_return_one(x)
[10:14:51.970] [INFO] [run] subject=19, session=3, speed=5, trial=2, x__rid_x=1d0ea7cef068682e: dummy_return_one(x)
[10:14:51.977] [INFO] [run] subject=19, session=3, speed=5, trial=3, x__rid_x=53ad8fa9c8218f15: dummy_return_one(x)
[10:14:51.977] [INFO] [run] subject=19, session=3, speed=5, trial=4, x__rid_x=91cb1d8ca7719d5e: dummy_return_one(x)
[10:14:51.978] [INFO] [run] subject=19, session=3, speed=5, trial=5, x__rid_x=34bf27f0c35d196a: dummy_return_one(x)
[10:14:51.984] [INFO] [run] subject=19, session=3, speed=5, trial=6, x__rid_x=478ae2dbec126bd4: dummy_return_one(x)
[10:14:51.986] [INFO] [run] subject=19, session=3, speed=5, trial=7, x__rid_x=0ef761757e47217a: dummy_return_one(x)
[10:14:51.992] [INFO] [run] subject=19, session=3, speed=6, trial=1, x__rid_x=61767d2848722c66: dummy_return_one(x)
[10:14:51.993] [INFO] [run] subject=19, session=3, speed=6, trial=2, x__rid_x=cbf26ab99708d065: dummy_return_one(x)
[10:14:51.994] [INFO] [run] subject=19, session=3, speed=6, trial=3, x__rid_x=7a01f663fa36aeea: dummy_return_one(x)
[10:14:52.000] [INFO] [run] subject=19, session=3, speed=6, trial=4, x__rid_x=c56035f1bc5b83f4: dummy_return_one(x)
[10:14:52.002] [INFO] [run] subject=19, session=3, speed=6, trial=5, x__rid_x=305a5720e305de73: dummy_return_one(x)
[10:14:52.008] [INFO] [run] subject=19, session=3, speed=6, trial=6, x__rid_x=1d196bf5c9b9a32d: dummy_return_one(x)
[10:14:52.009] [INFO] [run] subject=19, session=3, speed=6, trial=7, x__rid_x=6fe09c18ff1096a1: dummy_return_one(x)
[10:14:52.010] [INFO] [run] subject=19, session=3, speed=7, trial=1, x__rid_x=875b4362742045af: dummy_return_one(x)
[10:14:52.016] [INFO] [run] subject=19, session=3, speed=7, trial=2, x__rid_x=f42b925066ebad3d: dummy_return_one(x)
[10:14:52.017] [INFO] [run] subject=19, session=3, speed=7, trial=3, x__rid_x=04d92e7ccbf8c0a0: dummy_return_one(x)
[10:14:52.018] [INFO] [run] subject=19, session=3, speed=7, trial=4, x__rid_x=d4dbb36bf32f1fff: dummy_return_one(x)
[10:14:52.024] [INFO] [run] subject=19, session=3, speed=7, trial=5, x__rid_x=b4b361f1b8a23bd6: dummy_return_one(x)
[10:14:52.025] [INFO] [run] subject=19, session=3, speed=7, trial=6, x__rid_x=03ffe5ced0914c8c: dummy_return_one(x)
[10:14:52.026] [INFO] [run] subject=19, session=3, speed=7, trial=7, x__rid_x=92af8811e85a4bd0: dummy_return_one(x)
[10:14:52.032] [INFO] [run] subject=19, session=3, speed=8, trial=1, x__rid_x=21e922ff63d92f9e: dummy_return_one(x)
[10:14:52.033] [INFO] [run] subject=19, session=3, speed=8, trial=2, x__rid_x=6634a1ebadece30d: dummy_return_one(x)
[10:14:52.034] [INFO] [run] subject=19, session=3, speed=8, trial=3, x__rid_x=19033b4029208f7e: dummy_return_one(x)
[10:14:52.040] [INFO] [run] subject=19, session=3, speed=8, trial=4, x__rid_x=5b2f9536db428b55: dummy_return_one(x)
[10:14:52.042] [INFO] [run] subject=19, session=3, speed=8, trial=5, x__rid_x=6d6691d57f199b40: dummy_return_one(x)
[10:14:52.049] [INFO] [run] subject=19, session=3, speed=8, trial=6, x__rid_x=61dc4f7b2747281f: dummy_return_one(x)
[10:14:52.050] [INFO] [run] subject=19, session=3, speed=8, trial=7, x__rid_x=64c9b4da76c56df3: dummy_return_one(x)
[10:14:52.057] [INFO] [run] subject=19, session=3, speed=9, trial=1, x__rid_x=6eea20530c2044d3: dummy_return_one(x)
[10:14:52.058] [INFO] [run] subject=19, session=3, speed=9, trial=2, x__rid_x=8970d393f8201934: dummy_return_one(x)
[10:14:52.065] [INFO] [run] subject=19, session=3, speed=9, trial=3, x__rid_x=57b77c50eabfba60: dummy_return_one(x)
[10:14:52.065] [INFO] [run] subject=19, session=3, speed=9, trial=4, x__rid_x=878fba9f70b1d697: dummy_return_one(x)
[10:14:52.066] [INFO] [run] subject=19, session=3, speed=9, trial=5, x__rid_x=225724650b892c66: dummy_return_one(x)
[10:14:52.073] [INFO] [run] subject=19, session=3, speed=9, trial=6, x__rid_x=75d3725506fd6d21: dummy_return_one(x)
[10:14:52.074] [INFO] [run] subject=19, session=3, speed=9, trial=7, x__rid_x=aaec68f4ac265cfb: dummy_return_one(x)
[10:14:52.081] [INFO] [run] subject=19, session=4, speed=1, trial=1, x__rid_x=3b7d7c1f7fd6e9d2: dummy_return_one(x)
[10:14:52.081] [INFO] [run] subject=19, session=4, speed=1, trial=2, x__rid_x=458cc6426325b8b0: dummy_return_one(x)
[10:14:52.082] [INFO] [run] subject=19, session=4, speed=1, trial=3, x__rid_x=11b8cac35e62c816: dummy_return_one(x)
[10:14:52.089] [INFO] [run] subject=19, session=4, speed=1, trial=4, x__rid_x=86c45b1fc4efffd7: dummy_return_one(x)
[10:14:52.090] [INFO] [run] subject=19, session=4, speed=1, trial=5, x__rid_x=edd76ab33555a0a1: dummy_return_one(x)
[10:14:52.097] [INFO] [run] subject=19, session=4, speed=1, trial=6, x__rid_x=e2aacb95520b10cd: dummy_return_one(x)
[10:14:52.097] [INFO] [run] subject=19, session=4, speed=1, trial=7, x__rid_x=598a7e2ea2b71199: dummy_return_one(x)
[10:14:52.098] [INFO] [run] subject=19, session=4, speed=10, trial=1, x__rid_x=98ec3477e38fdb0b: dummy_return_one(x)
[10:14:52.105] [INFO] [run] subject=19, session=4, speed=10, trial=2, x__rid_x=2de1fc1def4f6567: dummy_return_one(x)
[10:14:52.106] [INFO] [run] subject=19, session=4, speed=10, trial=3, x__rid_x=eac23ebd4ed5162a: dummy_return_one(x)
[10:14:52.112] [INFO] [run] subject=19, session=4, speed=10, trial=4, x__rid_x=8dda893cf0a0be4f: dummy_return_one(x)
[10:14:52.113] [INFO] [run] subject=19, session=4, speed=10, trial=5, x__rid_x=1da4f961370a1d0f: dummy_return_one(x)
[10:14:52.114] [INFO] [run] subject=19, session=4, speed=10, trial=6, x__rid_x=1684d5b580c84e58: dummy_return_one(x)
[10:14:52.121] [INFO] [run] subject=19, session=4, speed=10, trial=7, x__rid_x=04a86e001182c6dc: dummy_return_one(x)
[10:14:52.122] [INFO] [run] subject=19, session=4, speed=2, trial=1, x__rid_x=9eedba202abf88df: dummy_return_one(x)
[10:14:52.129] [INFO] [run] subject=19, session=4, speed=2, trial=2, x__rid_x=1eb575bc93b74ce7: dummy_return_one(x)
[10:14:52.129] [INFO] [run] subject=19, session=4, speed=2, trial=3, x__rid_x=bcd677078396d4a0: dummy_return_one(x)
[10:14:52.130] [INFO] [run] subject=19, session=4, speed=2, trial=4, x__rid_x=c37527004fe0fcd8: dummy_return_one(x)
[10:14:52.137] [INFO] [run] subject=19, session=4, speed=2, trial=5, x__rid_x=5035ad12df347f60: dummy_return_one(x)
[10:14:52.138] [INFO] [run] subject=19, session=4, speed=2, trial=6, x__rid_x=0cec08aa79ab3802: dummy_return_one(x)
[10:14:52.145] [INFO] [run] subject=19, session=4, speed=2, trial=7, x__rid_x=0ce187c2d03dec46: dummy_return_one(x)
[10:14:52.145] [INFO] [run] subject=19, session=4, speed=3, trial=1, x__rid_x=13482e42621c371b: dummy_return_one(x)
[10:14:52.146] [INFO] [run] subject=19, session=4, speed=3, trial=2, x__rid_x=b5b361083aafde32: dummy_return_one(x)
[10:14:52.153] [INFO] [run] subject=19, session=4, speed=3, trial=3, x__rid_x=b8bec82d2c51da72: dummy_return_one(x)
[10:14:52.154] [INFO] [run] subject=19, session=4, speed=3, trial=4, x__rid_x=3e27892ca2512649: dummy_return_one(x)
[10:14:52.155] [INFO] [run] subject=19, session=4, speed=3, trial=5, x__rid_x=3d38f2af40143009: dummy_return_one(x)
[10:14:52.161] [INFO] [run] subject=19, session=4, speed=3, trial=6, x__rid_x=98a6734900124937: dummy_return_one(x)
[10:14:52.162] [INFO] [run] subject=19, session=4, speed=3, trial=7, x__rid_x=9a15ee0ba3f5b239: dummy_return_one(x)
[10:14:52.162] [INFO] [run] subject=19, session=4, speed=4, trial=1, x__rid_x=ff23a69d68fb47eb: dummy_return_one(x)
[10:14:52.169] [INFO] [run] subject=19, session=4, speed=4, trial=2, x__rid_x=dbd427b3eb599e68: dummy_return_one(x)
[10:14:52.170] [INFO] [run] subject=19, session=4, speed=4, trial=3, x__rid_x=25153cd535839bec: dummy_return_one(x)
[10:14:52.177] [INFO] [run] subject=19, session=4, speed=4, trial=4, x__rid_x=660e57b8356eb836: dummy_return_one(x)
[10:14:52.178] [INFO] [run] subject=19, session=4, speed=4, trial=5, x__rid_x=a489abd4d277c8ff: dummy_return_one(x)
[10:14:52.179] [INFO] [run] subject=19, session=4, speed=4, trial=6, x__rid_x=f98c97bf62743b6c: dummy_return_one(x)
[10:14:52.185] [INFO] [run] subject=19, session=4, speed=4, trial=7, x__rid_x=2ebfee61b7319890: dummy_return_one(x)
[10:14:52.186] [INFO] [run] subject=19, session=4, speed=5, trial=1, x__rid_x=6f9f353d0661ffe4: dummy_return_one(x)
[10:14:52.193] [INFO] [run] subject=19, session=4, speed=5, trial=2, x__rid_x=837b193e95d0e1d9: dummy_return_one(x)
[10:14:52.194] [INFO] [run] subject=19, session=4, speed=5, trial=3, x__rid_x=6723716b3e6cc52b: dummy_return_one(x)
[10:14:52.194] [INFO] [run] subject=19, session=4, speed=5, trial=4, x__rid_x=aa56b2395536999c: dummy_return_one(x)
[10:14:52.201] [INFO] [run] subject=19, session=4, speed=5, trial=5, x__rid_x=1c77fc3f933ee508: dummy_return_one(x)
[10:14:52.202] [INFO] [run] subject=19, session=4, speed=5, trial=6, x__rid_x=88d4133bcc1cd8e7: dummy_return_one(x)
[10:14:52.209] [INFO] [run] subject=19, session=4, speed=5, trial=7, x__rid_x=7c7672767f1e16eb: dummy_return_one(x)
[10:14:52.210] [INFO] [run] subject=19, session=4, speed=6, trial=1, x__rid_x=fec732f6ec6ee85a: dummy_return_one(x)
[10:14:52.210] [INFO] [run] subject=19, session=4, speed=6, trial=2, x__rid_x=c8cbc8db4a3b4f18: dummy_return_one(x)
[10:14:52.217] [INFO] [run] subject=19, session=4, speed=6, trial=3, x__rid_x=ef3118040c0bb7af: dummy_return_one(x)
[10:14:52.219] [INFO] [run] subject=19, session=4, speed=6, trial=4, x__rid_x=256bf5f5c64bc1fd: dummy_return_one(x)
[10:14:52.225] [INFO] [run] subject=19, session=4, speed=6, trial=5, x__rid_x=e2c7c87c7f79cd60: dummy_return_one(x)
[10:14:52.226] [INFO] [run] subject=19, session=4, speed=6, trial=6, x__rid_x=9a82c233f1f7a384: dummy_return_one(x)
[10:14:52.227] [INFO] [run] subject=19, session=4, speed=6, trial=7, x__rid_x=a876d8a85ce26d32: dummy_return_one(x)
[10:14:52.233] [INFO] [run] subject=19, session=4, speed=7, trial=1, x__rid_x=fc616a2c4cc8d467: dummy_return_one(x)
[10:14:52.234] [INFO] [run] subject=19, session=4, speed=7, trial=2, x__rid_x=ebff52e1a8f9ff58: dummy_return_one(x)
[10:14:52.235] [INFO] [run] subject=19, session=4, speed=7, trial=3, x__rid_x=0d83dc55a061b8f2: dummy_return_one(x)
[10:14:52.241] [INFO] [run] subject=19, session=4, speed=7, trial=4, x__rid_x=a1ed32e4d998ac21: dummy_return_one(x)
[10:14:52.242] [INFO] [run] subject=19, session=4, speed=7, trial=5, x__rid_x=801cc4c09f73eb68: dummy_return_one(x)
[10:14:52.243] [INFO] [run] subject=19, session=4, speed=7, trial=6, x__rid_x=b9c74b45c57075f9: dummy_return_one(x)
[10:14:52.249] [INFO] [run] subject=19, session=4, speed=7, trial=7, x__rid_x=e6e32f7e7ed600fa: dummy_return_one(x)
[10:14:52.250] [INFO] [run] subject=19, session=4, speed=8, trial=1, x__rid_x=b41e6b1164ccb303: dummy_return_one(x)
[10:14:52.251] [INFO] [run] subject=19, session=4, speed=8, trial=2, x__rid_x=dfbc1abb8aa5d6c1: dummy_return_one(x)
[10:14:52.257] [INFO] [run] subject=19, session=4, speed=8, trial=3, x__rid_x=576d2b64379660dd: dummy_return_one(x)
[10:14:52.259] [INFO] [run] subject=19, session=4, speed=8, trial=4, x__rid_x=7bf136f2cce76418: dummy_return_one(x)
[10:14:52.265] [INFO] [run] subject=19, session=4, speed=8, trial=5, x__rid_x=bb0abc106740d07e: dummy_return_one(x)
[10:14:52.266] [INFO] [run] subject=19, session=4, speed=8, trial=6, x__rid_x=32709a0cb9870cea: dummy_return_one(x)
[10:14:52.267] [INFO] [run] subject=19, session=4, speed=8, trial=7, x__rid_x=425444348a2cc88f: dummy_return_one(x)
[10:14:52.274] [INFO] [run] subject=19, session=4, speed=9, trial=1, x__rid_x=fb242a54ed4f1ade: dummy_return_one(x)
[10:14:52.275] [INFO] [run] subject=19, session=4, speed=9, trial=2, x__rid_x=cfc1a2e667fa86a2: dummy_return_one(x)
[10:14:52.282] [INFO] [run] subject=19, session=4, speed=9, trial=3, x__rid_x=5336e9363323c927: dummy_return_one(x)
[10:14:52.283] [INFO] [run] subject=19, session=4, speed=9, trial=4, x__rid_x=e80310487fc17910: dummy_return_one(x)
[10:14:52.290] [INFO] [run] subject=19, session=4, speed=9, trial=5, x__rid_x=8a8df5dfeba1d78d: dummy_return_one(x)
[10:14:52.291] [INFO] [run] subject=19, session=4, speed=9, trial=6, x__rid_x=42ca3236e419f22f: dummy_return_one(x)
[10:14:52.298] [INFO] [run] subject=19, session=4, speed=9, trial=7, x__rid_x=3bef0f168812c7be: dummy_return_one(x)
[10:14:52.306] [INFO] [run] subject=19, session=5, speed=1, trial=1, x__rid_x=fe6a262da3b1e0fb: dummy_return_one(x)
[10:14:52.307] [INFO] [run] subject=19, session=5, speed=1, trial=2, x__rid_x=6565402db62dd1e0: dummy_return_one(x)
[10:14:52.314] [INFO] [run] subject=19, session=5, speed=1, trial=3, x__rid_x=11fa1760af918793: dummy_return_one(x)
[10:14:52.315] [INFO] [run] subject=19, session=5, speed=1, trial=4, x__rid_x=664d826288cb122f: dummy_return_one(x)
[10:14:52.315] [INFO] [run] subject=19, session=5, speed=1, trial=5, x__rid_x=8517f9907445405d: dummy_return_one(x)
[10:14:52.322] [INFO] [run] subject=19, session=5, speed=1, trial=6, x__rid_x=da48747327435efd: dummy_return_one(x)
[10:14:52.323] [INFO] [run] subject=19, session=5, speed=1, trial=7, x__rid_x=9b1234277dc96989: dummy_return_one(x)
[10:14:52.330] [INFO] [run] subject=19, session=5, speed=10, trial=1, x__rid_x=1b8cb84035b7c43d: dummy_return_one(x)
[10:14:52.332] [INFO] [run] subject=19, session=5, speed=10, trial=2, x__rid_x=595eb9ed2fc85a80: dummy_return_one(x)
[10:14:52.339] [INFO] [run] subject=19, session=5, speed=10, trial=3, x__rid_x=050880fff8317fca: dummy_return_one(x)
[10:14:52.340] [INFO] [run] subject=19, session=5, speed=10, trial=4, x__rid_x=9df0e4070fac8aa3: dummy_return_one(x)
[10:14:52.347] [INFO] [run] subject=19, session=5, speed=10, trial=5, x__rid_x=8a96980d70c9ca86: dummy_return_one(x)
[10:14:52.347] [INFO] [run] subject=19, session=5, speed=10, trial=6, x__rid_x=e74c5d580917f802: dummy_return_one(x)
[10:14:52.348] [INFO] [run] subject=19, session=5, speed=10, trial=7, x__rid_x=a7ff0cfa49f84817: dummy_return_one(x)
[10:14:52.355] [INFO] [run] subject=19, session=5, speed=2, trial=1, x__rid_x=ba9e813292344aae: dummy_return_one(x)
[10:14:52.356] [INFO] [run] subject=19, session=5, speed=2, trial=2, x__rid_x=7ce6dc7e83c2eec1: dummy_return_one(x)
[10:14:52.363] [INFO] [run] subject=19, session=5, speed=2, trial=3, x__rid_x=4ed95fd449dbc65c: dummy_return_one(x)
[10:14:52.364] [INFO] [run] subject=19, session=5, speed=2, trial=4, x__rid_x=eb6a31ef11bdeca1: dummy_return_one(x)
[10:14:52.364] [INFO] [run] subject=19, session=5, speed=2, trial=5, x__rid_x=53905a3dedb0bdb2: dummy_return_one(x)
[10:14:52.371] [INFO] [run] subject=19, session=5, speed=2, trial=6, x__rid_x=ff34b7c5904d8bdc: dummy_return_one(x)
[10:14:52.372] [INFO] [run] subject=19, session=5, speed=2, trial=7, x__rid_x=f0469a1dd4d4b732: dummy_return_one(x)
[10:14:52.373] [INFO] [run] subject=19, session=5, speed=3, trial=1, x__rid_x=20d960acfb100179: dummy_return_one(x)
[10:14:52.379] [INFO] [run] subject=19, session=5, speed=3, trial=2, x__rid_x=733971d1645690cf: dummy_return_one(x)
[10:14:52.380] [INFO] [run] subject=19, session=5, speed=3, trial=3, x__rid_x=2114375800deb73a: dummy_return_one(x)
[10:14:52.381] [INFO] [run] subject=19, session=5, speed=3, trial=4, x__rid_x=c204e8fe6fb4e165: dummy_return_one(x)
[10:14:52.387] [INFO] [run] subject=19, session=5, speed=3, trial=5, x__rid_x=4cff91eb1c812bda: dummy_return_one(x)
[10:14:52.389] [INFO] [run] subject=19, session=5, speed=3, trial=6, x__rid_x=34ab5e4ae6db2b9a: dummy_return_one(x)
[10:14:52.396] [INFO] [run] subject=19, session=5, speed=3, trial=7, x__rid_x=4aa7ef865cf7155a: dummy_return_one(x)
[10:14:52.397] [INFO] [run] subject=19, session=5, speed=4, trial=1, x__rid_x=fbfc38b2ef690c08: dummy_return_one(x)
[10:14:52.397] [INFO] [run] subject=19, session=5, speed=4, trial=2, x__rid_x=84cdb34a404a0997: dummy_return_one(x)
[10:14:52.404] [INFO] [run] subject=19, session=5, speed=4, trial=3, x__rid_x=4a1cc6409e32612e: dummy_return_one(x)
[10:14:52.405] [INFO] [run] subject=19, session=5, speed=4, trial=4, x__rid_x=6fd9067cf7d47a1c: dummy_return_one(x)
[10:14:52.412] [INFO] [run] subject=19, session=5, speed=4, trial=5, x__rid_x=ee65d3005089ebde: dummy_return_one(x)
[10:14:52.413] [INFO] [run] subject=19, session=5, speed=4, trial=6, x__rid_x=eb6d9c3025b8ba96: dummy_return_one(x)
[10:14:52.413] [INFO] [run] subject=19, session=5, speed=4, trial=7, x__rid_x=4a30db1b8e562207: dummy_return_one(x)
[10:14:52.420] [INFO] [run] subject=19, session=5, speed=5, trial=1, x__rid_x=86bb1986e3788119: dummy_return_one(x)
[10:14:52.421] [INFO] [run] subject=19, session=5, speed=5, trial=2, x__rid_x=ccd167ba9c9c2308: dummy_return_one(x)
[10:14:52.428] [INFO] [run] subject=19, session=5, speed=5, trial=3, x__rid_x=314a774e21e1738d: dummy_return_one(x)
[10:14:52.429] [INFO] [run] subject=19, session=5, speed=5, trial=4, x__rid_x=a36c0e29d882b3cc: dummy_return_one(x)
[10:14:52.429] [INFO] [run] subject=19, session=5, speed=5, trial=5, x__rid_x=38391d20e95c2bfc: dummy_return_one(x)
[10:14:52.436] [INFO] [run] subject=19, session=5, speed=5, trial=6, x__rid_x=3e7c6b33c4bda5d8: dummy_return_one(x)
[10:14:52.437] [INFO] [run] subject=19, session=5, speed=5, trial=7, x__rid_x=726d384275772d1b: dummy_return_one(x)
[10:14:52.444] [INFO] [run] subject=19, session=5, speed=6, trial=1, x__rid_x=115cedfad8e2adc6: dummy_return_one(x)
[10:14:52.445] [INFO] [run] subject=19, session=5, speed=6, trial=2, x__rid_x=2050681e64f7a9a7: dummy_return_one(x)
[10:14:52.446] [INFO] [run] subject=19, session=5, speed=6, trial=3, x__rid_x=bd56fd6cee15e70a: dummy_return_one(x)
[10:14:52.453] [INFO] [run] subject=19, session=5, speed=6, trial=4, x__rid_x=6493c06441173dec: dummy_return_one(x)
[10:14:52.454] [INFO] [run] subject=19, session=5, speed=6, trial=5, x__rid_x=cde51611b8a2af39: dummy_return_one(x)
[10:14:52.461] [INFO] [run] subject=19, session=5, speed=6, trial=6, x__rid_x=cd815d33d16f31d3: dummy_return_one(x)
[10:14:52.461] [INFO] [run] subject=19, session=5, speed=6, trial=7, x__rid_x=f04431524a7cc20a: dummy_return_one(x)
[10:14:52.462] [INFO] [run] subject=19, session=5, speed=7, trial=1, x__rid_x=8a11f397efedc43b: dummy_return_one(x)
[10:14:52.469] [INFO] [run] subject=19, session=5, speed=7, trial=2, x__rid_x=42fb8038ee011df5: dummy_return_one(x)
[10:14:52.470] [INFO] [run] subject=19, session=5, speed=7, trial=3, x__rid_x=531e2d3d0c184903: dummy_return_one(x)
[10:14:52.477] [INFO] [run] subject=19, session=5, speed=7, trial=4, x__rid_x=4d0d1a520e636982: dummy_return_one(x)
[10:14:52.478] [INFO] [run] subject=19, session=5, speed=7, trial=5, x__rid_x=a1b959a15a4cb682: dummy_return_one(x)
[10:14:52.478] [INFO] [run] subject=19, session=5, speed=7, trial=6, x__rid_x=d964be5ba19be905: dummy_return_one(x)
[10:14:52.485] [INFO] [run] subject=19, session=5, speed=7, trial=7, x__rid_x=85e324e1eb3009a4: dummy_return_one(x)
[10:14:52.486] [INFO] [run] subject=19, session=5, speed=8, trial=1, x__rid_x=ed4a1b4c40826d69: dummy_return_one(x)
[10:14:52.493] [INFO] [run] subject=19, session=5, speed=8, trial=2, x__rid_x=03c496d0c30a3500: dummy_return_one(x)
[10:14:52.494] [INFO] [run] subject=19, session=5, speed=8, trial=3, x__rid_x=c63fd42100c191c9: dummy_return_one(x)
[10:14:52.495] [INFO] [run] subject=19, session=5, speed=8, trial=4, x__rid_x=7454d77559e31c96: dummy_return_one(x)
[10:14:52.502] [INFO] [run] subject=19, session=5, speed=8, trial=5, x__rid_x=3349ec8fb31756f3: dummy_return_one(x)
[10:14:52.503] [INFO] [run] subject=19, session=5, speed=8, trial=6, x__rid_x=a4ee4686f1ed416d: dummy_return_one(x)
[10:14:52.510] [INFO] [run] subject=19, session=5, speed=8, trial=7, x__rid_x=a861dfaf89e55df4: dummy_return_one(x)
[10:14:52.510] [INFO] [run] subject=19, session=5, speed=9, trial=1, x__rid_x=859264dcb395aec5: dummy_return_one(x)
[10:14:52.511] [INFO] [run] subject=19, session=5, speed=9, trial=2, x__rid_x=32c9d26cac367c5d: dummy_return_one(x)
[10:14:52.518] [INFO] [run] subject=19, session=5, speed=9, trial=3, x__rid_x=b14dd53cd72f4b94: dummy_return_one(x)
[10:14:52.519] [INFO] [run] subject=19, session=5, speed=9, trial=4, x__rid_x=b5fe5f156dc9302a: dummy_return_one(x)
[10:14:52.526] [INFO] [run] subject=19, session=5, speed=9, trial=5, x__rid_x=a114680b2f22aeab: dummy_return_one(x)
[10:14:52.527] [INFO] [run] subject=19, session=5, speed=9, trial=6, x__rid_x=1609616c185853e4: dummy_return_one(x)
[10:14:52.528] [INFO] [run] subject=19, session=5, speed=9, trial=7, x__rid_x=6c2d7d74af0cca28: dummy_return_one(x)
[10:14:52.534] [INFO] [run] subject=2, session=1, speed=1, trial=1, x__rid_x=ffa568cd7a2822e9: dummy_return_one(x)
[10:14:52.535] [INFO] [run] subject=2, session=1, speed=1, trial=2, x__rid_x=62bd421b86088c84: dummy_return_one(x)
[10:14:52.542] [INFO] [run] subject=2, session=1, speed=1, trial=3, x__rid_x=7e32d3cf30cad1f8: dummy_return_one(x)
[10:14:52.543] [INFO] [run] subject=2, session=1, speed=1, trial=4, x__rid_x=646a19cda65d8f13: dummy_return_one(x)
[10:14:52.544] [INFO] [run] subject=2, session=1, speed=1, trial=5, x__rid_x=15dc7c969c33fb8d: dummy_return_one(x)
[10:14:52.550] [INFO] [run] subject=2, session=1, speed=1, trial=6, x__rid_x=5718e428d42a8139: dummy_return_one(x)
[10:14:52.551] [INFO] [run] subject=2, session=1, speed=1, trial=7, x__rid_x=0ea15c6f9660f31d: dummy_return_one(x)
[10:14:52.552] [INFO] [run] subject=2, session=1, speed=10, trial=1, x__rid_x=5f7c57e569e651db: dummy_return_one(x)
[10:14:52.559] [INFO] [run] subject=2, session=1, speed=10, trial=2, x__rid_x=2cd19c99a8b71869: dummy_return_one(x)
[10:14:52.559] [INFO] [run] subject=2, session=1, speed=10, trial=3, x__rid_x=3ec90fad7979ee14: dummy_return_one(x)
[10:14:52.560] [INFO] [run] subject=2, session=1, speed=10, trial=4, x__rid_x=4ccd2240c2d6e789: dummy_return_one(x)
[10:14:52.560] [INFO] [run] subject=2, session=1, speed=10, trial=5, x__rid_x=3e6ec7e4d47f10cd: dummy_return_one(x)
[10:14:52.567] [INFO] [run] subject=2, session=1, speed=10, trial=6, x__rid_x=275d3fc8b771660a: dummy_return_one(x)
[10:14:52.568] [INFO] [run] subject=2, session=1, speed=10, trial=7, x__rid_x=3f46c8fa49350a27: dummy_return_one(x)
[10:14:52.569] [INFO] [run] subject=2, session=1, speed=2, trial=1, x__rid_x=b94b8336526ecf2a: dummy_return_one(x)
[10:14:52.575] [INFO] [run] subject=2, session=1, speed=2, trial=2, x__rid_x=73bf9d8fad315988: dummy_return_one(x)
[10:14:52.576] [INFO] [run] subject=2, session=1, speed=2, trial=3, x__rid_x=dddb21c04aaba6a9: dummy_return_one(x)
[10:14:52.576] [INFO] [run] subject=2, session=1, speed=2, trial=4, x__rid_x=22c01d8123ddba93: dummy_return_one(x)
[10:14:52.577] [INFO] [run] subject=2, session=1, speed=2, trial=5, x__rid_x=b94c33410e0b35b8: dummy_return_one(x)
[10:14:52.583] [INFO] [run] subject=2, session=1, speed=2, trial=6, x__rid_x=a6ce83e846a6f965: dummy_return_one(x)
[10:14:52.584] [INFO] [run] subject=2, session=1, speed=2, trial=7, x__rid_x=e074262656c28fbe: dummy_return_one(x)
[10:14:52.585] [INFO] [run] subject=2, session=1, speed=3, trial=1, x__rid_x=0cc3c1c06e398d8b: dummy_return_one(x)
[10:14:52.592] [INFO] [run] subject=2, session=1, speed=3, trial=2, x__rid_x=af8cc3f490a0bdfe: dummy_return_one(x)
[10:14:52.592] [INFO] [run] subject=2, session=1, speed=3, trial=3, x__rid_x=72fc66896696ce54: dummy_return_one(x)
[10:14:52.593] [INFO] [run] subject=2, session=1, speed=3, trial=4, x__rid_x=d87ecc878070ae23: dummy_return_one(x)
[10:14:52.593] [INFO] [run] subject=2, session=1, speed=3, trial=5, x__rid_x=8048f7fe39fac4c3: dummy_return_one(x)
[10:14:52.600] [INFO] [run] subject=2, session=1, speed=3, trial=6, x__rid_x=a870ffdbd160dafd: dummy_return_one(x)
[10:14:52.600] [INFO] [run] subject=2, session=1, speed=3, trial=7, x__rid_x=0219a884ba7b843c: dummy_return_one(x)
[10:14:52.601] [INFO] [run] subject=2, session=1, speed=4, trial=1, x__rid_x=8b6124eb80942432: dummy_return_one(x)
[10:14:52.608] [INFO] [run] subject=2, session=1, speed=4, trial=2, x__rid_x=369e009d39ea5d87: dummy_return_one(x)
[10:14:52.609] [INFO] [run] subject=2, session=1, speed=4, trial=3, x__rid_x=01ae7c08d27381da: dummy_return_one(x)
[10:14:52.609] [INFO] [run] subject=2, session=1, speed=4, trial=4, x__rid_x=330e0df91bfb069b: dummy_return_one(x)
[10:14:52.616] [INFO] [run] subject=2, session=1, speed=4, trial=5, x__rid_x=c6a83d2c8f76f714: dummy_return_one(x)
[10:14:52.617] [INFO] [run] subject=2, session=1, speed=4, trial=6, x__rid_x=7314a721af35c124: dummy_return_one(x)
[10:14:52.618] [INFO] [run] subject=2, session=1, speed=4, trial=7, x__rid_x=3fba43fe9a596067: dummy_return_one(x)
[10:14:52.624] [INFO] [run] subject=2, session=1, speed=5, trial=1, x__rid_x=319a69d5ac5576dc: dummy_return_one(x)
[10:14:52.625] [INFO] [run] subject=2, session=1, speed=5, trial=2, x__rid_x=1059d56e16eae414: dummy_return_one(x)
[10:14:52.626] [INFO] [run] subject=2, session=1, speed=5, trial=3, x__rid_x=78e89a1132c81f15: dummy_return_one(x)
[10:14:52.626] [INFO] [run] subject=2, session=1, speed=5, trial=4, x__rid_x=63adccac01e64e1e: dummy_return_one(x)
[10:14:52.633] [INFO] [run] subject=2, session=1, speed=5, trial=5, x__rid_x=654de98a735aac6d: dummy_return_one(x)
[10:14:52.633] [INFO] [run] subject=2, session=1, speed=5, trial=6, x__rid_x=397ec2068f3f42cc: dummy_return_one(x)
[10:14:52.634] [INFO] [run] subject=2, session=1, speed=5, trial=7, x__rid_x=79f0a8fc16dbf317: dummy_return_one(x)
[10:14:52.641] [INFO] [run] subject=2, session=1, speed=6, trial=1, x__rid_x=708506e59c8517bb: dummy_return_one(x)
[10:14:52.642] [INFO] [run] subject=2, session=1, speed=6, trial=2, x__rid_x=31b62ab2e6ec84d9: dummy_return_one(x)
[10:14:52.649] [INFO] [run] subject=2, session=1, speed=6, trial=3, x__rid_x=8e0f88d84ebb6f54: dummy_return_one(x)
[10:14:52.650] [INFO] [run] subject=2, session=1, speed=6, trial=4, x__rid_x=8c0df5f51208032d: dummy_return_one(x)
[10:14:52.650] [INFO] [run] subject=2, session=1, speed=6, trial=5, x__rid_x=579ab57eb4ab7092: dummy_return_one(x)
[10:14:52.657] [INFO] [run] subject=2, session=1, speed=6, trial=6, x__rid_x=78546c19d7ea28a9: dummy_return_one(x)
[10:14:52.659] [INFO] [run] subject=2, session=1, speed=6, trial=7, x__rid_x=8d5b4af92699f417: dummy_return_one(x)
[10:14:52.665] [INFO] [run] subject=2, session=1, speed=7, trial=1, x__rid_x=9a2d65d2ab664dd5: dummy_return_one(x)
[10:14:52.666] [INFO] [run] subject=2, session=1, speed=7, trial=2, x__rid_x=0fd3c60cd5f0b4d3: dummy_return_one(x)
[10:14:52.667] [INFO] [run] subject=2, session=1, speed=7, trial=3, x__rid_x=dcedaa53e2073f4d: dummy_return_one(x)
[10:14:52.674] [INFO] [run] subject=2, session=1, speed=7, trial=4, x__rid_x=2e37f3ff530aaf93: dummy_return_one(x)
[10:14:52.675] [INFO] [run] subject=2, session=1, speed=7, trial=5, x__rid_x=49b33c79cebf556a: dummy_return_one(x)
[10:14:52.675] [INFO] [run] subject=2, session=1, speed=7, trial=6, x__rid_x=3b324baa0e999809: dummy_return_one(x)
[10:14:52.682] [INFO] [run] subject=2, session=1, speed=7, trial=7, x__rid_x=4fca63c399fed376: dummy_return_one(x)
[10:14:52.683] [INFO] [run] subject=2, session=1, speed=8, trial=1, x__rid_x=a3bd665b185cb94a: dummy_return_one(x)
[10:14:52.683] [INFO] [run] subject=2, session=1, speed=8, trial=2, x__rid_x=56f4a1eec9ea76ed: dummy_return_one(x)
[10:14:52.690] [INFO] [run] subject=2, session=1, speed=8, trial=3, x__rid_x=cbec8d414004e5b9: dummy_return_one(x)
[10:14:52.691] [INFO] [run] subject=2, session=1, speed=8, trial=4, x__rid_x=a7130c2e3c1f6c25: dummy_return_one(x)
[10:14:52.692] [INFO] [run] subject=2, session=1, speed=8, trial=5, x__rid_x=d875cea75a7cae01: dummy_return_one(x)
[10:14:52.698] [INFO] [run] subject=2, session=1, speed=8, trial=6, x__rid_x=a5c1e3172cf8e2c0: dummy_return_one(x)
[10:14:52.699] [INFO] [run] subject=2, session=1, speed=8, trial=7, x__rid_x=e6b0a3585755c1bd: dummy_return_one(x)
[10:14:52.700] [INFO] [run] subject=2, session=1, speed=9, trial=1, x__rid_x=3cb253bfb60ff00f: dummy_return_one(x)
[10:14:52.707] [INFO] [run] subject=2, session=1, speed=9, trial=2, x__rid_x=13e751217d3c3e1e: dummy_return_one(x)
[10:14:52.708] [INFO] [run] subject=2, session=1, speed=9, trial=3, x__rid_x=5410f8941e9351e0: dummy_return_one(x)
[10:14:52.715] [INFO] [run] subject=2, session=1, speed=9, trial=4, x__rid_x=6ac888cb84c74249: dummy_return_one(x)
[10:14:52.716] [INFO] [run] subject=2, session=1, speed=9, trial=5, x__rid_x=c98b0861b01cf37d: dummy_return_one(x)
[10:14:52.716] [INFO] [run] subject=2, session=1, speed=9, trial=6, x__rid_x=cf8de90eba8d3494: dummy_return_one(x)
[10:14:52.723] [INFO] [run] subject=2, session=1, speed=9, trial=7, x__rid_x=154b9dac50f420e9: dummy_return_one(x)
[10:14:52.724] [INFO] [run] subject=2, session=2, speed=1, trial=1, x__rid_x=fbd4f1f285dfcd91: dummy_return_one(x)
[10:14:52.725] [INFO] [run] subject=2, session=2, speed=1, trial=2, x__rid_x=5237b2a0ff88dfc9: dummy_return_one(x)
[10:14:52.732] [INFO] [run] subject=2, session=2, speed=1, trial=3, x__rid_x=493a09eadc71e78e: dummy_return_one(x)
[10:14:52.732] [INFO] [run] subject=2, session=2, speed=1, trial=4, x__rid_x=5b174b9de6672fa3: dummy_return_one(x)
[10:14:52.733] [INFO] [run] subject=2, session=2, speed=1, trial=5, x__rid_x=4534ee0ebf3eb157: dummy_return_one(x)
[10:14:52.733] [INFO] [run] subject=2, session=2, speed=1, trial=6, x__rid_x=5e6c233abc9def9e: dummy_return_one(x)
[10:14:52.740] [INFO] [run] subject=2, session=2, speed=1, trial=7, x__rid_x=b5aad87677bd9c6d: dummy_return_one(x)
[10:14:52.741] [INFO] [run] subject=2, session=2, speed=10, trial=1, x__rid_x=19a5ffd8d18ca431: dummy_return_one(x)
[10:14:52.742] [INFO] [run] subject=2, session=2, speed=10, trial=2, x__rid_x=addbf4a49c6eb829: dummy_return_one(x)
[10:14:52.748] [INFO] [run] subject=2, session=2, speed=10, trial=3, x__rid_x=6bf9edcb39de0a60: dummy_return_one(x)
[10:14:52.749] [INFO] [run] subject=2, session=2, speed=10, trial=4, x__rid_x=9cde19a1ec21e9be: dummy_return_one(x)
[10:14:52.750] [INFO] [run] subject=2, session=2, speed=10, trial=5, x__rid_x=01c01e05741a29e2: dummy_return_one(x)
[10:14:52.757] [INFO] [run] subject=2, session=2, speed=10, trial=6, x__rid_x=743b7b377c8343a9: dummy_return_one(x)
[10:14:52.758] [INFO] [run] subject=2, session=2, speed=10, trial=7, x__rid_x=12663e323937b88d: dummy_return_one(x)
[10:14:52.758] [INFO] [run] subject=2, session=2, speed=2, trial=1, x__rid_x=cf6f30878713756f: dummy_return_one(x)
[10:14:52.765] [INFO] [run] subject=2, session=2, speed=2, trial=2, x__rid_x=1d8ec6693837ebf6: dummy_return_one(x)
[10:14:52.765] [INFO] [run] subject=2, session=2, speed=2, trial=3, x__rid_x=f17381d7fe60e729: dummy_return_one(x)
[10:14:52.766] [INFO] [run] subject=2, session=2, speed=2, trial=4, x__rid_x=3a1ae552b40fb365: dummy_return_one(x)
[10:14:52.773] [INFO] [run] subject=2, session=2, speed=2, trial=5, x__rid_x=f02032928527585b: dummy_return_one(x)
[10:14:52.774] [INFO] [run] subject=2, session=2, speed=2, trial=6, x__rid_x=a245a09f14120d08: dummy_return_one(x)
[10:14:52.781] [INFO] [run] subject=2, session=2, speed=2, trial=7, x__rid_x=9fe602b860c3ff63: dummy_return_one(x)
[10:14:52.782] [INFO] [run] subject=2, session=2, speed=3, trial=1, x__rid_x=da1accbe91bc73e0: dummy_return_one(x)
[10:14:52.783] [INFO] [run] subject=2, session=2, speed=3, trial=2, x__rid_x=6a707db9d7703c8a: dummy_return_one(x)
[10:14:52.790] [INFO] [run] subject=2, session=2, speed=3, trial=3, x__rid_x=7ebbc2e236692966: dummy_return_one(x)
[10:14:52.791] [INFO] [run] subject=2, session=2, speed=3, trial=4, x__rid_x=83c93244ceaf7ac0: dummy_return_one(x)
[10:14:52.798] [INFO] [run] subject=2, session=2, speed=3, trial=5, x__rid_x=8f3416ac85cbb677: dummy_return_one(x)
[10:14:52.799] [INFO] [run] subject=2, session=2, speed=3, trial=6, x__rid_x=2b05a54df0021079: dummy_return_one(x)
[10:14:52.799] [INFO] [run] subject=2, session=2, speed=3, trial=7, x__rid_x=6a515a526e6dc420: dummy_return_one(x)
[10:14:52.807] [INFO] [run] subject=2, session=2, speed=4, trial=1, x__rid_x=b0135e5a17b39a13: dummy_return_one(x)
[10:14:52.808] [INFO] [run] subject=2, session=2, speed=4, trial=2, x__rid_x=41cb12aaca982d91: dummy_return_one(x)
[10:14:52.815] [INFO] [run] subject=2, session=2, speed=4, trial=3, x__rid_x=223b4283d2d247e1: dummy_return_one(x)
[10:14:52.816] [INFO] [run] subject=2, session=2, speed=4, trial=4, x__rid_x=43c4d093b28bf601: dummy_return_one(x)
[10:14:52.816] [INFO] [run] subject=2, session=2, speed=4, trial=5, x__rid_x=350faf2bc6daf8fd: dummy_return_one(x)
[10:14:52.824] [INFO] [run] subject=2, session=2, speed=4, trial=6, x__rid_x=7446a1e63ce5ed67: dummy_return_one(x)
[10:14:52.825] [INFO] [run] subject=2, session=2, speed=4, trial=7, x__rid_x=1f49c43ea92ca2ac: dummy_return_one(x)
[10:14:52.832] [INFO] [run] subject=2, session=2, speed=5, trial=1, x__rid_x=c8931547c7e4dbe1: dummy_return_one(x)
[10:14:52.833] [INFO] [run] subject=2, session=2, speed=5, trial=2, x__rid_x=7b1a15e2325602f8: dummy_return_one(x)
[10:14:52.833] [INFO] [run] subject=2, session=2, speed=5, trial=3, x__rid_x=aed83dfd1486d00b: dummy_return_one(x)
[10:14:52.840] [INFO] [run] subject=2, session=2, speed=5, trial=4, x__rid_x=b7b71c2006db3130: dummy_return_one(x)
[10:14:52.841] [INFO] [run] subject=2, session=2, speed=5, trial=5, x__rid_x=d4278c5b30332d3e: dummy_return_one(x)
[10:14:52.842] [INFO] [run] subject=2, session=2, speed=5, trial=6, x__rid_x=685c0dc78731b07a: dummy_return_one(x)
[10:14:52.849] [INFO] [run] subject=2, session=2, speed=5, trial=7, x__rid_x=c10e2152d6c73fb6: dummy_return_one(x)
[10:14:52.850] [INFO] [run] subject=2, session=2, speed=6, trial=1, x__rid_x=0a879678979954e9: dummy_return_one(x)
[10:14:52.850] [INFO] [run] subject=2, session=2, speed=6, trial=2, x__rid_x=424564987c0bb5eb: dummy_return_one(x)
[10:14:52.857] [INFO] [run] subject=2, session=2, speed=6, trial=3, x__rid_x=11a5909c73d7d483: dummy_return_one(x)
[10:14:52.858] [INFO] [run] subject=2, session=2, speed=6, trial=4, x__rid_x=1eed1db4204eac76: dummy_return_one(x)
[10:14:52.859] [INFO] [run] subject=2, session=2, speed=6, trial=5, x__rid_x=ded768ac03026fff: dummy_return_one(x)
[10:14:52.866] [INFO] [run] subject=2, session=2, speed=6, trial=6, x__rid_x=ca273450627adf2c: dummy_return_one(x)
[10:14:52.866] [INFO] [run] subject=2, session=2, speed=6, trial=7, x__rid_x=2576f0f93bb40b16: dummy_return_one(x)
[10:14:52.867] [INFO] [run] subject=2, session=2, speed=7, trial=1, x__rid_x=faba8ee7d0c1c366: dummy_return_one(x)
[10:14:52.868] [INFO] [run] subject=2, session=2, speed=7, trial=2, x__rid_x=05b92c9b1485a757: dummy_return_one(x)
[10:14:52.874] [INFO] [run] subject=2, session=2, speed=7, trial=3, x__rid_x=406081a3509848e9: dummy_return_one(x)
[10:14:52.875] [INFO] [run] subject=2, session=2, speed=7, trial=4, x__rid_x=0e47df3ab6ecb0e0: dummy_return_one(x)
[10:14:52.876] [INFO] [run] subject=2, session=2, speed=7, trial=5, x__rid_x=c6f91dd989085c7c: dummy_return_one(x)
[10:14:52.883] [INFO] [run] subject=2, session=2, speed=7, trial=6, x__rid_x=f8e519ab51900750: dummy_return_one(x)
[10:14:52.883] [INFO] [run] subject=2, session=2, speed=7, trial=7, x__rid_x=bcf344349c4b928b: dummy_return_one(x)
[10:14:52.884] [INFO] [run] subject=2, session=2, speed=8, trial=1, x__rid_x=7ea3a0511322d784: dummy_return_one(x)
[10:14:52.891] [INFO] [run] subject=2, session=2, speed=8, trial=2, x__rid_x=c1d5cab809b683b7: dummy_return_one(x)
[10:14:52.892] [INFO] [run] subject=2, session=2, speed=8, trial=3, x__rid_x=bfe21a91d0064b37: dummy_return_one(x)
[10:14:52.893] [INFO] [run] subject=2, session=2, speed=8, trial=4, x__rid_x=43d73a1fa81ebe9b: dummy_return_one(x)
[10:14:52.899] [INFO] [run] subject=2, session=2, speed=8, trial=5, x__rid_x=e146216abb79fc48: dummy_return_one(x)
[10:14:52.900] [INFO] [run] subject=2, session=2, speed=8, trial=6, x__rid_x=ba8abe9f4497cca1: dummy_return_one(x)
[10:14:52.901] [INFO] [run] subject=2, session=2, speed=8, trial=7, x__rid_x=86f27174e550197f: dummy_return_one(x)
[10:14:52.908] [INFO] [run] subject=2, session=2, speed=9, trial=1, x__rid_x=f3ad1d7756b36303: dummy_return_one(x)
[10:14:52.908] [INFO] [run] subject=2, session=2, speed=9, trial=2, x__rid_x=c6f14cf58074c6d9: dummy_return_one(x)
[10:14:52.909] [INFO] [run] subject=2, session=2, speed=9, trial=3, x__rid_x=05dba003d052e65b: dummy_return_one(x)
[10:14:52.916] [INFO] [run] subject=2, session=2, speed=9, trial=4, x__rid_x=940849bf3a6931f7: dummy_return_one(x)
[10:14:52.917] [INFO] [run] subject=2, session=2, speed=9, trial=5, x__rid_x=76e55caf51227da1: dummy_return_one(x)
[10:14:52.917] [INFO] [run] subject=2, session=2, speed=9, trial=6, x__rid_x=a8a7ded52df89d69: dummy_return_one(x)
[10:14:52.918] [INFO] [run] subject=2, session=2, speed=9, trial=7, x__rid_x=7b0e10ceccf5bbf4: dummy_return_one(x)
[10:14:52.925] [INFO] [run] subject=2, session=3, speed=1, trial=1, x__rid_x=55c17de991bfd5d2: dummy_return_one(x)
[10:14:52.926] [INFO] [run] subject=2, session=3, speed=1, trial=2, x__rid_x=d1b71e7dc98ffddc: dummy_return_one(x)
[10:14:52.926] [INFO] [run] subject=2, session=3, speed=1, trial=3, x__rid_x=f4f0e7522325ce80: dummy_return_one(x)
[10:14:52.933] [INFO] [run] subject=2, session=3, speed=1, trial=4, x__rid_x=856f0677614ee4b8: dummy_return_one(x)
[10:14:52.934] [INFO] [run] subject=2, session=3, speed=1, trial=5, x__rid_x=86c6d59486d51345: dummy_return_one(x)
[10:14:52.942] [INFO] [run] subject=2, session=3, speed=1, trial=6, x__rid_x=9c87aaf68644cc15: dummy_return_one(x)
[10:14:52.942] [INFO] [run] subject=2, session=3, speed=1, trial=7, x__rid_x=03c5173c0f792a97: dummy_return_one(x)
[10:14:52.943] [INFO] [run] subject=2, session=3, speed=10, trial=1, x__rid_x=e211ae7c74e11145: dummy_return_one(x)
[10:14:52.950] [INFO] [run] subject=2, session=3, speed=10, trial=2, x__rid_x=af87a0f9357ae891: dummy_return_one(x)
[10:14:52.950] [INFO] [run] subject=2, session=3, speed=10, trial=3, x__rid_x=c692773e3bf12508: dummy_return_one(x)
[10:14:52.951] [INFO] [run] subject=2, session=3, speed=10, trial=4, x__rid_x=af2ca37a9fab2ff0: dummy_return_one(x)
[10:14:52.958] [INFO] [run] subject=2, session=3, speed=10, trial=5, x__rid_x=601010b9e77e51c7: dummy_return_one(x)
[10:14:52.959] [INFO] [run] subject=2, session=3, speed=10, trial=6, x__rid_x=4a023f1c8be9064d: dummy_return_one(x)
[10:14:52.960] [INFO] [run] subject=2, session=3, speed=10, trial=7, x__rid_x=af0ba824e47f70bb: dummy_return_one(x)
[10:14:52.967] [INFO] [run] subject=2, session=3, speed=2, trial=1, x__rid_x=165adf659d258f15: dummy_return_one(x)
[10:14:52.967] [INFO] [run] subject=2, session=3, speed=2, trial=2, x__rid_x=06880c095e5cd781: dummy_return_one(x)
[10:14:52.968] [INFO] [run] subject=2, session=3, speed=2, trial=3, x__rid_x=a7f13e19b81b8204: dummy_return_one(x)
[10:14:52.975] [INFO] [run] subject=2, session=3, speed=2, trial=4, x__rid_x=234b3f0766386887: dummy_return_one(x)
[10:14:52.976] [INFO] [run] subject=2, session=3, speed=2, trial=5, x__rid_x=26e23cd22e2b5df0: dummy_return_one(x)
[10:14:52.976] [INFO] [run] subject=2, session=3, speed=2, trial=6, x__rid_x=d0aca30490f7fa37: dummy_return_one(x)
[10:14:52.977] [INFO] [run] subject=2, session=3, speed=2, trial=7, x__rid_x=d2b837e789ff71d1: dummy_return_one(x)
[10:14:52.983] [INFO] [run] subject=2, session=3, speed=3, trial=1, x__rid_x=8627846b1187decd: dummy_return_one(x)
[10:14:52.984] [INFO] [run] subject=2, session=3, speed=3, trial=2, x__rid_x=509d6d7de5d57098: dummy_return_one(x)
[10:14:52.985] [INFO] [run] subject=2, session=3, speed=3, trial=3, x__rid_x=469c8b9a37e196d0: dummy_return_one(x)
[10:14:52.985] [INFO] [run] subject=2, session=3, speed=3, trial=4, x__rid_x=d90cef43939f922f: dummy_return_one(x)
[10:14:52.992] [INFO] [run] subject=2, session=3, speed=3, trial=5, x__rid_x=8cbb7d9e35c95419: dummy_return_one(x)
[10:14:52.993] [INFO] [run] subject=2, session=3, speed=3, trial=6, x__rid_x=f0fcbae07e0794df: dummy_return_one(x)
[10:14:52.993] [INFO] [run] subject=2, session=3, speed=3, trial=7, x__rid_x=fccde3f64178a95a: dummy_return_one(x)
[10:14:53.000] [INFO] [run] subject=2, session=3, speed=4, trial=1, x__rid_x=848d15817f1544c7: dummy_return_one(x)
[10:14:53.001] [INFO] [run] subject=2, session=3, speed=4, trial=2, x__rid_x=068dc605a5b52e3c: dummy_return_one(x)
[10:14:53.002] [INFO] [run] subject=2, session=3, speed=4, trial=3, x__rid_x=c9cd34ed924453d3: dummy_return_one(x)
[10:14:53.009] [INFO] [run] subject=2, session=3, speed=4, trial=4, x__rid_x=d17929342dafefe5: dummy_return_one(x)
[10:14:53.009] [INFO] [run] subject=2, session=3, speed=4, trial=5, x__rid_x=9e9c7f2a4c510b53: dummy_return_one(x)
[10:14:53.010] [INFO] [run] subject=2, session=3, speed=4, trial=6, x__rid_x=59d0f1bbc626fbe4: dummy_return_one(x)
[10:14:53.011] [INFO] [run] subject=2, session=3, speed=4, trial=7, x__rid_x=4edcd6dcdb4e9236: dummy_return_one(x)
[10:14:53.017] [INFO] [run] subject=2, session=3, speed=5, trial=1, x__rid_x=025a6019349d0266: dummy_return_one(x)
[10:14:53.019] [INFO] [run] subject=2, session=3, speed=5, trial=2, x__rid_x=08b2c0a59db3d6a1: dummy_return_one(x)
[10:14:53.026] [INFO] [run] subject=2, session=3, speed=5, trial=3, x__rid_x=9a75b6f504675898: dummy_return_one(x)
[10:14:53.026] [INFO] [run] subject=2, session=3, speed=5, trial=4, x__rid_x=e9fe1a734414793d: dummy_return_one(x)
[10:14:53.027] [INFO] [run] subject=2, session=3, speed=5, trial=5, x__rid_x=3c9dd5aa259d10d0: dummy_return_one(x)
[10:14:53.034] [INFO] [run] subject=2, session=3, speed=5, trial=6, x__rid_x=faac88862802f1b1: dummy_return_one(x)
[10:14:53.035] [INFO] [run] subject=2, session=3, speed=5, trial=7, x__rid_x=925261ad4c1e40fd: dummy_return_one(x)
[10:14:53.036] [INFO] [run] subject=2, session=3, speed=6, trial=1, x__rid_x=83b313269f8356ac: dummy_return_one(x)
[10:14:53.043] [INFO] [run] subject=2, session=3, speed=6, trial=2, x__rid_x=e8b548ef73562d95: dummy_return_one(x)
[10:14:53.043] [INFO] [run] subject=2, session=3, speed=6, trial=3, x__rid_x=d3d1cd69054e15e6: dummy_return_one(x)
[10:14:53.044] [INFO] [run] subject=2, session=3, speed=6, trial=4, x__rid_x=c8914a58e49fff0d: dummy_return_one(x)
[10:14:53.044] [INFO] [run] subject=2, session=3, speed=6, trial=5, x__rid_x=260c8f3c722f2293: dummy_return_one(x)
[10:14:53.051] [INFO] [run] subject=2, session=3, speed=6, trial=6, x__rid_x=b92f28e51ba313b4: dummy_return_one(x)
[10:14:53.052] [INFO] [run] subject=2, session=3, speed=6, trial=7, x__rid_x=925b20655ec3d9a9: dummy_return_one(x)
[10:14:53.053] [INFO] [run] subject=2, session=3, speed=7, trial=1, x__rid_x=5c2e318c14bce53d: dummy_return_one(x)
[10:14:53.060] [INFO] [run] subject=2, session=3, speed=7, trial=2, x__rid_x=2bfa34fa2d3c6929: dummy_return_one(x)
[10:14:53.060] [INFO] [run] subject=2, session=3, speed=7, trial=3, x__rid_x=60a9c52ea0283cd5: dummy_return_one(x)
[10:14:53.061] [INFO] [run] subject=2, session=3, speed=7, trial=4, x__rid_x=926c49e8893beee9: dummy_return_one(x)
[10:14:53.061] [INFO] [run] subject=2, session=3, speed=7, trial=5, x__rid_x=56651ef5139a32ee: dummy_return_one(x)
[10:14:53.068] [INFO] [run] subject=2, session=3, speed=7, trial=6, x__rid_x=c8260422d5df09dd: dummy_return_one(x)
[10:14:53.069] [INFO] [run] subject=2, session=3, speed=7, trial=7, x__rid_x=7d15c8ca3669d2ab: dummy_return_one(x)
[10:14:53.069] [INFO] [run] subject=2, session=3, speed=8, trial=1, x__rid_x=c82cd0b8166d912f: dummy_return_one(x)
[10:14:53.070] [INFO] [run] subject=2, session=3, speed=8, trial=2, x__rid_x=a926bea572d30fb7: dummy_return_one(x)
[10:14:53.076] [INFO] [run] subject=2, session=3, speed=8, trial=3, x__rid_x=f9eacbb1006978f4: dummy_return_one(x)
[10:14:53.078] [INFO] [run] subject=2, session=3, speed=8, trial=4, x__rid_x=e4f57d1fa2f3f33c: dummy_return_one(x)
[10:14:53.078] [INFO] [run] subject=2, session=3, speed=8, trial=5, x__rid_x=8d1de6bc40986a91: dummy_return_one(x)
[10:14:53.085] [INFO] [run] subject=2, session=3, speed=8, trial=6, x__rid_x=08e39f08903c798e: dummy_return_one(x)
[10:14:53.086] [INFO] [run] subject=2, session=3, speed=8, trial=7, x__rid_x=e79d16a9ee4a79c2: dummy_return_one(x)
[10:14:53.086] [INFO] [run] subject=2, session=3, speed=9, trial=1, x__rid_x=b204a2351000ae55: dummy_return_one(x)
[10:14:53.093] [INFO] [run] subject=2, session=3, speed=9, trial=2, x__rid_x=c6ade836a333b04f: dummy_return_one(x)
[10:14:53.094] [INFO] [run] subject=2, session=3, speed=9, trial=3, x__rid_x=2f9b0674554bf1a0: dummy_return_one(x)
[10:14:53.095] [INFO] [run] subject=2, session=3, speed=9, trial=4, x__rid_x=3823f9c7290c4e0e: dummy_return_one(x)
[10:14:53.102] [INFO] [run] subject=2, session=3, speed=9, trial=5, x__rid_x=75ec1231318b4f30: dummy_return_one(x)
[10:14:53.102] [INFO] [run] subject=2, session=3, speed=9, trial=6, x__rid_x=69b41b7fd739b68c: dummy_return_one(x)
[10:14:53.103] [INFO] [run] subject=2, session=3, speed=9, trial=7, x__rid_x=8564a0b475e20fbd: dummy_return_one(x)
[10:14:53.104] [INFO] [run] subject=2, session=4, speed=1, trial=1, x__rid_x=7948c4e976a12910: dummy_return_one(x)
[10:14:53.110] [INFO] [run] subject=2, session=4, speed=1, trial=2, x__rid_x=9c05b01da0780640: dummy_return_one(x)
[10:14:53.111] [INFO] [run] subject=2, session=4, speed=1, trial=3, x__rid_x=cad5db8fcaf2f869: dummy_return_one(x)
[10:14:53.112] [INFO] [run] subject=2, session=4, speed=1, trial=4, x__rid_x=c3a1eec4ba6288ce: dummy_return_one(x)
[10:14:53.112] [INFO] [run] subject=2, session=4, speed=1, trial=5, x__rid_x=337a12a926acb275: dummy_return_one(x)
[10:14:53.119] [INFO] [run] subject=2, session=4, speed=1, trial=6, x__rid_x=dfd81f04a80fd38e: dummy_return_one(x)
[10:14:53.119] [INFO] [run] subject=2, session=4, speed=1, trial=7, x__rid_x=5a866acd64df0a6c: dummy_return_one(x)
[10:14:53.120] [INFO] [run] subject=2, session=4, speed=10, trial=1, x__rid_x=ebfb738cd611bc0f: dummy_return_one(x)
[10:14:53.127] [INFO] [run] subject=2, session=4, speed=10, trial=2, x__rid_x=22cfb85b5d05a75e: dummy_return_one(x)
[10:14:53.128] [INFO] [run] subject=2, session=4, speed=10, trial=3, x__rid_x=eac082ffa3e31837: dummy_return_one(x)
[10:14:53.129] [INFO] [run] subject=2, session=4, speed=10, trial=4, x__rid_x=34ba9be6a1d933b0: dummy_return_one(x)
[10:14:53.136] [INFO] [run] subject=2, session=4, speed=10, trial=5, x__rid_x=f9a1c190d46d6047: dummy_return_one(x)
[10:14:53.137] [INFO] [run] subject=2, session=4, speed=10, trial=6, x__rid_x=ffcb3a9efd686f05: dummy_return_one(x)
[10:14:53.137] [INFO] [run] subject=2, session=4, speed=10, trial=7, x__rid_x=60061ad1e02c3c99: dummy_return_one(x)
[10:14:53.144] [INFO] [run] subject=2, session=4, speed=2, trial=1, x__rid_x=0b3537207449f315: dummy_return_one(x)
[10:14:53.145] [INFO] [run] subject=2, session=4, speed=2, trial=2, x__rid_x=0c45a1bc50d4751c: dummy_return_one(x)
[10:14:53.145] [INFO] [run] subject=2, session=4, speed=2, trial=3, x__rid_x=ed8586147a94bd16: dummy_return_one(x)
[10:14:53.146] [INFO] [run] subject=2, session=4, speed=2, trial=4, x__rid_x=b4cb74d23dea98b2: dummy_return_one(x)
[10:14:53.153] [INFO] [run] subject=2, session=4, speed=2, trial=5, x__rid_x=406eaacb9f5c479a: dummy_return_one(x)
[10:14:53.154] [INFO] [run] subject=2, session=4, speed=2, trial=6, x__rid_x=9dfde3c56ee3f5b7: dummy_return_one(x)
[10:14:53.161] [INFO] [run] subject=2, session=4, speed=2, trial=7, x__rid_x=b371cea79a01fcae: dummy_return_one(x)
[10:14:53.162] [INFO] [run] subject=2, session=4, speed=3, trial=1, x__rid_x=0e8bc90bb41d8b5f: dummy_return_one(x)
[10:14:53.162] [INFO] [run] subject=2, session=4, speed=3, trial=2, x__rid_x=820989a5b63114de: dummy_return_one(x)
[10:14:53.163] [INFO] [run] subject=2, session=4, speed=3, trial=3, x__rid_x=99d12fa296a6c0e4: dummy_return_one(x)
[10:14:53.170] [INFO] [run] subject=2, session=4, speed=3, trial=4, x__rid_x=25bacde071be1203: dummy_return_one(x)
[10:14:53.171] [INFO] [run] subject=2, session=4, speed=3, trial=5, x__rid_x=5f2ebd3461d6acdc: dummy_return_one(x)
[10:14:53.178] [INFO] [run] subject=2, session=4, speed=3, trial=6, x__rid_x=eb3e1716c8d77e48: dummy_return_one(x)
[10:14:53.179] [INFO] [run] subject=2, session=4, speed=3, trial=7, x__rid_x=eb1fbba1dc96883f: dummy_return_one(x)
[10:14:53.180] [INFO] [run] subject=2, session=4, speed=4, trial=1, x__rid_x=af7c7f5e7ac6efbe: dummy_return_one(x)
[10:14:53.187] [INFO] [run] subject=2, session=4, speed=4, trial=2, x__rid_x=fac9dbd88a23ec12: dummy_return_one(x)
[10:14:53.188] [INFO] [run] subject=2, session=4, speed=4, trial=3, x__rid_x=b854998a1a098d9f: dummy_return_one(x)
[10:14:53.195] [INFO] [run] subject=2, session=4, speed=4, trial=4, x__rid_x=68aba5bf87282fdb: dummy_return_one(x)
[10:14:53.196] [INFO] [run] subject=2, session=4, speed=4, trial=5, x__rid_x=bdd3ea2dc48ab952: dummy_return_one(x)
[10:14:53.197] [INFO] [run] subject=2, session=4, speed=4, trial=6, x__rid_x=17050ea55ad69866: dummy_return_one(x)
[10:14:53.204] [INFO] [run] subject=2, session=4, speed=4, trial=7, x__rid_x=44b6e716eaaa62dc: dummy_return_one(x)
[10:14:53.205] [INFO] [run] subject=2, session=4, speed=5, trial=1, x__rid_x=9d08c3ea415951af: dummy_return_one(x)
[10:14:53.206] [INFO] [run] subject=2, session=4, speed=5, trial=2, x__rid_x=f71d8dbee2dcdcc7: dummy_return_one(x)
[10:14:53.212] [INFO] [run] subject=2, session=4, speed=5, trial=3, x__rid_x=c857e6617b077a1a: dummy_return_one(x)
[10:14:53.213] [INFO] [run] subject=2, session=4, speed=5, trial=4, x__rid_x=640679385af28d32: dummy_return_one(x)
[10:14:53.213] [INFO] [run] subject=2, session=4, speed=5, trial=5, x__rid_x=9c5de5fd6bb786b6: dummy_return_one(x)
[10:14:53.214] [INFO] [run] subject=2, session=4, speed=5, trial=6, x__rid_x=ad339cfa333a3ab4: dummy_return_one(x)
[10:14:53.221] [INFO] [run] subject=2, session=4, speed=5, trial=7, x__rid_x=0e888ce032041197: dummy_return_one(x)
[10:14:53.222] [INFO] [run] subject=2, session=4, speed=6, trial=1, x__rid_x=ad5df2f6d0b55a99: dummy_return_one(x)
[10:14:53.223] [INFO] [run] subject=2, session=4, speed=6, trial=2, x__rid_x=5021b3c2e318cf3b: dummy_return_one(x)
[10:14:53.229] [INFO] [run] subject=2, session=4, speed=6, trial=3, x__rid_x=5cbb3e73a9938d18: dummy_return_one(x)
[10:14:53.230] [INFO] [run] subject=2, session=4, speed=6, trial=4, x__rid_x=d645af5fe49857e1: dummy_return_one(x)
[10:14:53.231] [INFO] [run] subject=2, session=4, speed=6, trial=5, x__rid_x=1ba862adbbb5709f: dummy_return_one(x)
[10:14:53.231] [INFO] [run] subject=2, session=4, speed=6, trial=6, x__rid_x=70fd2c83cf9ce47e: dummy_return_one(x)
[10:14:53.238] [INFO] [run] subject=2, session=4, speed=6, trial=7, x__rid_x=17a743f9d1af084a: dummy_return_one(x)
[10:14:53.239] [INFO] [run] subject=2, session=4, speed=7, trial=1, x__rid_x=c8328505db6d54c9: dummy_return_one(x)
[10:14:53.240] [INFO] [run] subject=2, session=4, speed=7, trial=2, x__rid_x=2484a5a1ccd97927: dummy_return_one(x)
[10:14:53.247] [INFO] [run] subject=2, session=4, speed=7, trial=3, x__rid_x=986f7099b58f8084: dummy_return_one(x)
[10:14:53.247] [INFO] [run] subject=2, session=4, speed=7, trial=4, x__rid_x=4c1707efdc0b91b1: dummy_return_one(x)
[10:14:53.248] [INFO] [run] subject=2, session=4, speed=7, trial=5, x__rid_x=7da48e2ddac8cbbd: dummy_return_one(x)
[10:14:53.248] [INFO] [run] subject=2, session=4, speed=7, trial=6, x__rid_x=a49d015f99631f13: dummy_return_one(x)
[10:14:53.255] [INFO] [run] subject=2, session=4, speed=7, trial=7, x__rid_x=7f23998a411b0518: dummy_return_one(x)
[10:14:53.256] [INFO] [run] subject=2, session=4, speed=8, trial=1, x__rid_x=d07a3d91c495e6ec: dummy_return_one(x)
[10:14:53.257] [INFO] [run] subject=2, session=4, speed=8, trial=2, x__rid_x=d1299c98f65f8666: dummy_return_one(x)
[10:14:53.264] [INFO] [run] subject=2, session=4, speed=8, trial=3, x__rid_x=8c8506222bede7ff: dummy_return_one(x)
[10:14:53.264] [INFO] [run] subject=2, session=4, speed=8, trial=4, x__rid_x=085cb6c9c8f2637b: dummy_return_one(x)
[10:14:53.265] [INFO] [run] subject=2, session=4, speed=8, trial=5, x__rid_x=c25b322dbf4c2587: dummy_return_one(x)
[10:14:53.265] [INFO] [run] subject=2, session=4, speed=8, trial=6, x__rid_x=a15cb74031dd776c: dummy_return_one(x)
[10:14:53.272] [INFO] [run] subject=2, session=4, speed=8, trial=7, x__rid_x=7fc4986b6dbd2d7e: dummy_return_one(x)
[10:14:53.274] [INFO] [run] subject=2, session=4, speed=9, trial=1, x__rid_x=b9a75c339b59d71b: dummy_return_one(x)
[10:14:53.281] [INFO] [run] subject=2, session=4, speed=9, trial=2, x__rid_x=1763a154ea5a67e1: dummy_return_one(x)
[10:14:53.282] [INFO] [run] subject=2, session=4, speed=9, trial=3, x__rid_x=7326a41967ed272d: dummy_return_one(x)
[10:14:53.282] [INFO] [run] subject=2, session=4, speed=9, trial=4, x__rid_x=766514051ae1ab00: dummy_return_one(x)
[10:14:53.290] [INFO] [run] subject=2, session=4, speed=9, trial=5, x__rid_x=909986e4cace8654: dummy_return_one(x)
[10:14:53.291] [INFO] [run] subject=2, session=4, speed=9, trial=6, x__rid_x=122fd76367cb2d06: dummy_return_one(x)
[10:14:53.291] [INFO] [run] subject=2, session=4, speed=9, trial=7, x__rid_x=5436bd41fb1e85f7: dummy_return_one(x)
[10:14:53.298] [INFO] [run] subject=2, session=5, speed=1, trial=1, x__rid_x=bc80dcdfe6061683: dummy_return_one(x)
[10:14:53.299] [INFO] [run] subject=2, session=5, speed=1, trial=2, x__rid_x=6322a456f0e89ced: dummy_return_one(x)
[10:14:53.299] [INFO] [run] subject=2, session=5, speed=1, trial=3, x__rid_x=be4f06963593132b: dummy_return_one(x)
[10:14:53.300] [INFO] [run] subject=2, session=5, speed=1, trial=4, x__rid_x=c7cef8ae5c14c255: dummy_return_one(x)
[10:14:53.307] [INFO] [run] subject=2, session=5, speed=1, trial=5, x__rid_x=8482b600d0383048: dummy_return_one(x)
[10:14:53.308] [INFO] [run] subject=2, session=5, speed=1, trial=6, x__rid_x=89e633688e8f45fe: dummy_return_one(x)
[10:14:53.315] [INFO] [run] subject=2, session=5, speed=1, trial=7, x__rid_x=8b509b93b9df5fa8: dummy_return_one(x)
[10:14:53.316] [INFO] [run] subject=2, session=5, speed=10, trial=1, x__rid_x=50f7507a3968ef9a: dummy_return_one(x)
[10:14:53.316] [INFO] [run] subject=2, session=5, speed=10, trial=2, x__rid_x=9da1bac1e696db62: dummy_return_one(x)
[10:14:53.317] [INFO] [run] subject=2, session=5, speed=10, trial=3, x__rid_x=e902051b746adc7c: dummy_return_one(x)
[10:14:53.324] [INFO] [run] subject=2, session=5, speed=10, trial=4, x__rid_x=3370a4eabfb5ec33: dummy_return_one(x)
[10:14:53.325] [INFO] [run] subject=2, session=5, speed=10, trial=5, x__rid_x=85d58d07363910de: dummy_return_one(x)
[10:14:53.332] [INFO] [run] subject=2, session=5, speed=10, trial=6, x__rid_x=c0ec2e03249c327a: dummy_return_one(x)
[10:14:53.333] [INFO] [run] subject=2, session=5, speed=10, trial=7, x__rid_x=6f826a2bb481950f: dummy_return_one(x)
[10:14:53.334] [INFO] [run] subject=2, session=5, speed=2, trial=1, x__rid_x=aa170250cd4263a8: dummy_return_one(x)
[10:14:53.334] [INFO] [run] subject=2, session=5, speed=2, trial=2, x__rid_x=406aca71c175b810: dummy_return_one(x)
[10:14:53.341] [INFO] [run] subject=2, session=5, speed=2, trial=3, x__rid_x=bee9e03ada4d127d: dummy_return_one(x)
[10:14:53.342] [INFO] [run] subject=2, session=5, speed=2, trial=4, x__rid_x=64836cd8190f98b4: dummy_return_one(x)
[10:14:53.343] [INFO] [run] subject=2, session=5, speed=2, trial=5, x__rid_x=027be107d2389a67: dummy_return_one(x)
[10:14:53.350] [INFO] [run] subject=2, session=5, speed=2, trial=6, x__rid_x=0b38476533cb0e76: dummy_return_one(x)
[10:14:53.350] [INFO] [run] subject=2, session=5, speed=2, trial=7, x__rid_x=cc6b7f3d547c56f7: dummy_return_one(x)
[10:14:53.351] [INFO] [run] subject=2, session=5, speed=3, trial=1, x__rid_x=9488d7416ae79c01: dummy_return_one(x)
[10:14:53.351] [INFO] [run] subject=2, session=5, speed=3, trial=2, x__rid_x=9527b28fd4a52377: dummy_return_one(x)
[10:14:53.358] [INFO] [run] subject=2, session=5, speed=3, trial=3, x__rid_x=883f438c461bb3f4: dummy_return_one(x)
[10:14:53.359] [INFO] [run] subject=2, session=5, speed=3, trial=4, x__rid_x=3992732d0f091a15: dummy_return_one(x)
[10:14:53.360] [INFO] [run] subject=2, session=5, speed=3, trial=5, x__rid_x=2d3985f0264d9c97: dummy_return_one(x)
[10:14:53.367] [INFO] [run] subject=2, session=5, speed=3, trial=6, x__rid_x=933406176abdb136: dummy_return_one(x)
[10:14:53.368] [INFO] [run] subject=2, session=5, speed=3, trial=7, x__rid_x=293a2744227ab182: dummy_return_one(x)
[10:14:53.368] [INFO] [run] subject=2, session=5, speed=4, trial=1, x__rid_x=aaa977550588fb42: dummy_return_one(x)
[10:14:53.369] [INFO] [run] subject=2, session=5, speed=4, trial=2, x__rid_x=385b5e922524f51b: dummy_return_one(x)
[10:14:53.376] [INFO] [run] subject=2, session=5, speed=4, trial=3, x__rid_x=99bbec7c3e7bbf60: dummy_return_one(x)
[10:14:53.377] [INFO] [run] subject=2, session=5, speed=4, trial=4, x__rid_x=83da6a4181b75132: dummy_return_one(x)
[10:14:53.384] [INFO] [run] subject=2, session=5, speed=4, trial=5, x__rid_x=efb9ed9a57ec07b1: dummy_return_one(x)
[10:14:53.385] [INFO] [run] subject=2, session=5, speed=4, trial=6, x__rid_x=cd0e4e1e43bf6b7e: dummy_return_one(x)
[10:14:53.386] [INFO] [run] subject=2, session=5, speed=4, trial=7, x__rid_x=91886a77d971f932: dummy_return_one(x)
[10:14:53.393] [INFO] [run] subject=2, session=5, speed=5, trial=1, x__rid_x=dbf8f4100d999710: dummy_return_one(x)
[10:14:53.394] [INFO] [run] subject=2, session=5, speed=5, trial=2, x__rid_x=fe98445b9cb2e5ff: dummy_return_one(x)
[10:14:53.395] [INFO] [run] subject=2, session=5, speed=5, trial=3, x__rid_x=d17cc3f2bfbe74ac: dummy_return_one(x)
[10:14:53.395] [INFO] [run] subject=2, session=5, speed=5, trial=4, x__rid_x=5a953d30bee254ad: dummy_return_one(x)
[10:14:53.402] [INFO] [run] subject=2, session=5, speed=5, trial=5, x__rid_x=7998e41cc94addb8: dummy_return_one(x)
[10:14:53.403] [INFO] [run] subject=2, session=5, speed=5, trial=6, x__rid_x=c024273269a35ed9: dummy_return_one(x)
[10:14:53.411] [INFO] [run] subject=2, session=5, speed=5, trial=7, x__rid_x=f012a2e393ee0071: dummy_return_one(x)
[10:14:53.412] [INFO] [run] subject=2, session=5, speed=6, trial=1, x__rid_x=1e8c65a834c172ee: dummy_return_one(x)
[10:14:53.412] [INFO] [run] subject=2, session=5, speed=6, trial=2, x__rid_x=1c2892252734cb84: dummy_return_one(x)
[10:14:53.420] [INFO] [run] subject=2, session=5, speed=6, trial=3, x__rid_x=829d733707243b66: dummy_return_one(x)
[10:14:53.421] [INFO] [run] subject=2, session=5, speed=6, trial=4, x__rid_x=51a5451b88347a77: dummy_return_one(x)
[10:14:53.428] [INFO] [run] subject=2, session=5, speed=6, trial=5, x__rid_x=00bb4d537dffa9de: dummy_return_one(x)
[10:14:53.429] [INFO] [run] subject=2, session=5, speed=6, trial=6, x__rid_x=a039efe29ad8fc52: dummy_return_one(x)
[10:14:53.429] [INFO] [run] subject=2, session=5, speed=6, trial=7, x__rid_x=c9ce9e73cc13c593: dummy_return_one(x)
[10:14:53.430] [INFO] [run] subject=2, session=5, speed=7, trial=1, x__rid_x=36ec95d1b7c98706: dummy_return_one(x)
[10:14:53.437] [INFO] [run] subject=2, session=5, speed=7, trial=2, x__rid_x=af70e5f15d92cef1: dummy_return_one(x)
[10:14:53.438] [INFO] [run] subject=2, session=5, speed=7, trial=3, x__rid_x=c021c903fa51cbcc: dummy_return_one(x)
[10:14:53.445] [INFO] [run] subject=2, session=5, speed=7, trial=4, x__rid_x=c0ff9a738a46e8d0: dummy_return_one(x)
[10:14:53.446] [INFO] [run] subject=2, session=5, speed=7, trial=5, x__rid_x=f4039a0985a320f2: dummy_return_one(x)
[10:14:53.447] [INFO] [run] subject=2, session=5, speed=7, trial=6, x__rid_x=c20caddaf885e641: dummy_return_one(x)
[10:14:53.447] [INFO] [run] subject=2, session=5, speed=7, trial=7, x__rid_x=21c8afb4f5ebb737: dummy_return_one(x)
[10:14:53.454] [INFO] [run] subject=2, session=5, speed=8, trial=1, x__rid_x=c49c5a8b9e11870d: dummy_return_one(x)
[10:14:53.455] [INFO] [run] subject=2, session=5, speed=8, trial=2, x__rid_x=f8656af758244602: dummy_return_one(x)
[10:14:53.456] [INFO] [run] subject=2, session=5, speed=8, trial=3, x__rid_x=ba6cb69877c5984a: dummy_return_one(x)
[10:14:53.463] [INFO] [run] subject=2, session=5, speed=8, trial=4, x__rid_x=e35978e929888ec9: dummy_return_one(x)
[10:14:53.464] [INFO] [run] subject=2, session=5, speed=8, trial=5, x__rid_x=9a7db462c1edb33b: dummy_return_one(x)
[10:14:53.465] [INFO] [run] subject=2, session=5, speed=8, trial=6, x__rid_x=75b0291a46367774: dummy_return_one(x)
[10:14:53.472] [INFO] [run] subject=2, session=5, speed=8, trial=7, x__rid_x=7e1619d158035cd1: dummy_return_one(x)
[10:14:53.473] [INFO] [run] subject=2, session=5, speed=9, trial=1, x__rid_x=e52829f713535874: dummy_return_one(x)
[10:14:53.480] [INFO] [run] subject=2, session=5, speed=9, trial=2, x__rid_x=803a56f7104707d2: dummy_return_one(x)
[10:14:53.481] [INFO] [run] subject=2, session=5, speed=9, trial=3, x__rid_x=0a42b121be150961: dummy_return_one(x)
[10:14:53.482] [INFO] [run] subject=2, session=5, speed=9, trial=4, x__rid_x=fc195c6f621ed926: dummy_return_one(x)
[10:14:53.482] [INFO] [run] subject=2, session=5, speed=9, trial=5, x__rid_x=9fef14ca5210a009: dummy_return_one(x)
[10:14:53.489] [INFO] [run] subject=2, session=5, speed=9, trial=6, x__rid_x=5f8061632cd21185: dummy_return_one(x)
[10:14:53.490] [INFO] [run] subject=2, session=5, speed=9, trial=7, x__rid_x=6f3ca8460035d11a: dummy_return_one(x)
[10:14:53.498] [INFO] [run] subject=20, session=1, speed=1, trial=1, x__rid_x=16d688cfb5f8702d: dummy_return_one(x)
[10:14:53.499] [INFO] [run] subject=20, session=1, speed=1, trial=2, x__rid_x=574e1455c4a8a8a9: dummy_return_one(x)
[10:14:53.499] [INFO] [run] subject=20, session=1, speed=1, trial=3, x__rid_x=3f9b7a03071617bd: dummy_return_one(x)
[10:14:53.507] [INFO] [run] subject=20, session=1, speed=1, trial=4, x__rid_x=77e597b5e5474c4c: dummy_return_one(x)
[10:14:53.508] [INFO] [run] subject=20, session=1, speed=1, trial=5, x__rid_x=2250897ee76ad1dd: dummy_return_one(x)
[10:14:53.515] [INFO] [run] subject=20, session=1, speed=1, trial=6, x__rid_x=ad02be83434fe1fb: dummy_return_one(x)
[10:14:53.516] [INFO] [run] subject=20, session=1, speed=1, trial=7, x__rid_x=17624502b9e1fdd3: dummy_return_one(x)
[10:14:53.517] [INFO] [run] subject=20, session=1, speed=10, trial=1, x__rid_x=e619e3a7c1967048: dummy_return_one(x)
[10:14:53.524] [INFO] [run] subject=20, session=1, speed=10, trial=2, x__rid_x=71e404f906619c56: dummy_return_one(x)
[10:14:53.525] [INFO] [run] subject=20, session=1, speed=10, trial=3, x__rid_x=34746f3a5c89630e: dummy_return_one(x)
[10:14:53.536] [INFO] [run] subject=20, session=1, speed=10, trial=4, x__rid_x=f822b9819ac26ffd: dummy_return_one(x)
[10:14:53.538] [INFO] [run] subject=20, session=1, speed=10, trial=5, x__rid_x=2e8970e2cf7c5b35: dummy_return_one(x)
[10:14:53.545] [INFO] [run] subject=20, session=1, speed=10, trial=6, x__rid_x=7224bef3bff2e5df: dummy_return_one(x)
[10:14:53.546] [INFO] [run] subject=20, session=1, speed=10, trial=7, x__rid_x=cdee1d76f30591cf: dummy_return_one(x)
[10:14:53.547] [INFO] [run] subject=20, session=1, speed=2, trial=1, x__rid_x=0a0615f70271d872: dummy_return_one(x)
[10:14:53.554] [INFO] [run] subject=20, session=1, speed=2, trial=2, x__rid_x=5cea8a9744c4cc49: dummy_return_one(x)
[10:14:53.555] [INFO] [run] subject=20, session=1, speed=2, trial=3, x__rid_x=e6524e57b0957d07: dummy_return_one(x)
[10:14:53.563] [INFO] [run] subject=20, session=1, speed=2, trial=4, x__rid_x=6562a2a8162ad2d7: dummy_return_one(x)
[10:14:53.563] [INFO] [run] subject=20, session=1, speed=2, trial=5, x__rid_x=cb52096c29cacba3: dummy_return_one(x)
[10:14:53.564] [INFO] [run] subject=20, session=1, speed=2, trial=6, x__rid_x=18b202882b87cd95: dummy_return_one(x)
[10:14:53.571] [INFO] [run] subject=20, session=1, speed=2, trial=7, x__rid_x=fce40718a4d4177e: dummy_return_one(x)
[10:14:53.573] [INFO] [run] subject=20, session=1, speed=3, trial=1, x__rid_x=7d7ed30ba3034b09: dummy_return_one(x)
[10:14:53.580] [INFO] [run] subject=20, session=1, speed=3, trial=2, x__rid_x=2acd584fa9485468: dummy_return_one(x)
[10:14:53.581] [INFO] [run] subject=20, session=1, speed=3, trial=3, x__rid_x=0ddd398eccc8b02c: dummy_return_one(x)
[10:14:53.581] [INFO] [run] subject=20, session=1, speed=3, trial=4, x__rid_x=f39f13f2b89fdb85: dummy_return_one(x)
[10:14:53.589] [INFO] [run] subject=20, session=1, speed=3, trial=5, x__rid_x=e7bcc5b8069baa40: dummy_return_one(x)
[10:14:53.590] [INFO] [run] subject=20, session=1, speed=3, trial=6, x__rid_x=0307c4008c7889e3: dummy_return_one(x)
[10:14:53.597] [INFO] [run] subject=20, session=1, speed=3, trial=7, x__rid_x=5ae5ed991221fc19: dummy_return_one(x)
[10:14:53.598] [INFO] [run] subject=20, session=1, speed=4, trial=1, x__rid_x=30bc2d1f606f09f3: dummy_return_one(x)
[10:14:53.599] [INFO] [run] subject=20, session=1, speed=4, trial=2, x__rid_x=4c30aec697a3cee5: dummy_return_one(x)
[10:14:53.606] [INFO] [run] subject=20, session=1, speed=4, trial=3, x__rid_x=2c229a70961b873a: dummy_return_one(x)
[10:14:53.607] [INFO] [run] subject=20, session=1, speed=4, trial=4, x__rid_x=213f16b65f262e94: dummy_return_one(x)
[10:14:53.615] [INFO] [run] subject=20, session=1, speed=4, trial=5, x__rid_x=568eee87a8a80853: dummy_return_one(x)
[10:14:53.616] [INFO] [run] subject=20, session=1, speed=4, trial=6, x__rid_x=8d2c1147d059023d: dummy_return_one(x)
[10:14:53.616] [INFO] [run] subject=20, session=1, speed=4, trial=7, x__rid_x=67604e2ffc540296: dummy_return_one(x)
[10:14:53.624] [INFO] [run] subject=20, session=1, speed=5, trial=1, x__rid_x=f342d7ea7aa124ea: dummy_return_one(x)
[10:14:53.625] [INFO] [run] subject=20, session=1, speed=5, trial=2, x__rid_x=c9ab5ef5265ddd48: dummy_return_one(x)
[10:14:53.632] [INFO] [run] subject=20, session=1, speed=5, trial=3, x__rid_x=135ddd8f73aa0162: dummy_return_one(x)
[10:14:53.633] [INFO] [run] subject=20, session=1, speed=5, trial=4, x__rid_x=6ba1fcda9716afa0: dummy_return_one(x)
[10:14:53.634] [INFO] [run] subject=20, session=1, speed=5, trial=5, x__rid_x=501c63b1c9942b16: dummy_return_one(x)
[10:14:53.641] [INFO] [run] subject=20, session=1, speed=5, trial=6, x__rid_x=a11c33cc1e70be35: dummy_return_one(x)
[10:14:53.642] [INFO] [run] subject=20, session=1, speed=5, trial=7, x__rid_x=26738aa36373d994: dummy_return_one(x)
[10:14:53.650] [INFO] [run] subject=20, session=1, speed=6, trial=1, x__rid_x=9b6c71d2bad165bf: dummy_return_one(x)
[10:14:53.650] [INFO] [run] subject=20, session=1, speed=6, trial=2, x__rid_x=c2fefaa8766c413d: dummy_return_one(x)
[10:14:53.651] [INFO] [run] subject=20, session=1, speed=6, trial=3, x__rid_x=6c5f07418c3ccfcc: dummy_return_one(x)
[10:14:53.659] [INFO] [run] subject=20, session=1, speed=6, trial=4, x__rid_x=7cd38a61f1bb7d08: dummy_return_one(x)
[10:14:53.660] [INFO] [run] subject=20, session=1, speed=6, trial=5, x__rid_x=f1935f0dcf22c61a: dummy_return_one(x)
[10:14:53.667] [INFO] [run] subject=20, session=1, speed=6, trial=6, x__rid_x=d31164723a36cd8d: dummy_return_one(x)
[10:14:53.668] [INFO] [run] subject=20, session=1, speed=6, trial=7, x__rid_x=9bbc80608e9d4683: dummy_return_one(x)
[10:14:53.669] [INFO] [run] subject=20, session=1, speed=7, trial=1, x__rid_x=64327cedea168106: dummy_return_one(x)
[10:14:53.676] [INFO] [run] subject=20, session=1, speed=7, trial=2, x__rid_x=0236a8b00f92510e: dummy_return_one(x)
[10:14:53.677] [INFO] [run] subject=20, session=1, speed=7, trial=3, x__rid_x=71aec0830087548c: dummy_return_one(x)
[10:14:53.684] [INFO] [run] subject=20, session=1, speed=7, trial=4, x__rid_x=8db47a708ad4810c: dummy_return_one(x)
[10:14:53.685] [INFO] [run] subject=20, session=1, speed=7, trial=5, x__rid_x=02cf1aa73d1d3e3c: dummy_return_one(x)
[10:14:53.686] [INFO] [run] subject=20, session=1, speed=7, trial=6, x__rid_x=8bb77e4a811c22d4: dummy_return_one(x)
[10:14:53.693] [INFO] [run] subject=20, session=1, speed=7, trial=7, x__rid_x=02ce5897c86648db: dummy_return_one(x)
[10:14:53.694] [INFO] [run] subject=20, session=1, speed=8, trial=1, x__rid_x=4e021376d53eb7b0: dummy_return_one(x)
[10:14:53.695] [INFO] [run] subject=20, session=1, speed=8, trial=2, x__rid_x=9b5f1df009048a8b: dummy_return_one(x)
[10:14:53.702] [INFO] [run] subject=20, session=1, speed=8, trial=3, x__rid_x=19eef088550a198a: dummy_return_one(x)
[10:14:53.704] [INFO] [run] subject=20, session=1, speed=8, trial=4, x__rid_x=83a7c8eb5a6649fd: dummy_return_one(x)
[10:14:53.711] [INFO] [run] subject=20, session=1, speed=8, trial=5, x__rid_x=b79a24c7274e2099: dummy_return_one(x)
[10:14:53.712] [INFO] [run] subject=20, session=1, speed=8, trial=6, x__rid_x=371b9c6f52e2d865: dummy_return_one(x)
[10:14:53.712] [INFO] [run] subject=20, session=1, speed=8, trial=7, x__rid_x=fc206ce9e4b55a32: dummy_return_one(x)
[10:14:53.720] [INFO] [run] subject=20, session=1, speed=9, trial=1, x__rid_x=9d67aac545e0772a: dummy_return_one(x)
[10:14:53.721] [INFO] [run] subject=20, session=1, speed=9, trial=2, x__rid_x=cb4a78afe7213b36: dummy_return_one(x)
[10:14:53.728] [INFO] [run] subject=20, session=1, speed=9, trial=3, x__rid_x=a8ef620358a49d6c: dummy_return_one(x)
[10:14:53.729] [INFO] [run] subject=20, session=1, speed=9, trial=4, x__rid_x=9bed7cb06c947e88: dummy_return_one(x)
[10:14:53.730] [INFO] [run] subject=20, session=1, speed=9, trial=5, x__rid_x=afdefd737174601b: dummy_return_one(x)
[10:14:53.737] [INFO] [run] subject=20, session=1, speed=9, trial=6, x__rid_x=5007037c93a4c232: dummy_return_one(x)
[10:14:53.739] [INFO] [run] subject=20, session=1, speed=9, trial=7, x__rid_x=836464ff42ddab03: dummy_return_one(x)
[10:14:53.746] [INFO] [run] subject=20, session=2, speed=1, trial=1, x__rid_x=01de1b601f3d64d9: dummy_return_one(x)
[10:14:53.747] [INFO] [run] subject=20, session=2, speed=1, trial=2, x__rid_x=ebc0bc943309d9a7: dummy_return_one(x)
[10:14:53.747] [INFO] [run] subject=20, session=2, speed=1, trial=3, x__rid_x=28e9b739e5616941: dummy_return_one(x)
[10:14:53.755] [INFO] [run] subject=20, session=2, speed=1, trial=4, x__rid_x=ff6c451c0df1dd5b: dummy_return_one(x)
[10:14:53.756] [INFO] [run] subject=20, session=2, speed=1, trial=5, x__rid_x=a8aa3a93b85fbfd1: dummy_return_one(x)
[10:14:53.763] [INFO] [run] subject=20, session=2, speed=1, trial=6, x__rid_x=bcbf5eea768b462e: dummy_return_one(x)
[10:14:53.764] [INFO] [run] subject=20, session=2, speed=1, trial=7, x__rid_x=05eea4e700357088: dummy_return_one(x)
[10:14:53.765] [INFO] [run] subject=20, session=2, speed=10, trial=1, x__rid_x=e34eb80a3b574532: dummy_return_one(x)
[10:14:53.772] [INFO] [run] subject=20, session=2, speed=10, trial=2, x__rid_x=2d12a81436a6b6a7: dummy_return_one(x)
[10:14:53.774] [INFO] [run] subject=20, session=2, speed=10, trial=3, x__rid_x=7ba366e9438a163c: dummy_return_one(x)
[10:14:53.781] [INFO] [run] subject=20, session=2, speed=10, trial=4, x__rid_x=5ded38d8ea7ca22a: dummy_return_one(x)
[10:14:53.782] [INFO] [run] subject=20, session=2, speed=10, trial=5, x__rid_x=def1cd98be17e35a: dummy_return_one(x)
[10:14:53.783] [INFO] [run] subject=20, session=2, speed=10, trial=6, x__rid_x=e09ccf11f8890626: dummy_return_one(x)
[10:14:53.790] [INFO] [run] subject=20, session=2, speed=10, trial=7, x__rid_x=946e22f6fd861ac8: dummy_return_one(x)
[10:14:53.791] [INFO] [run] subject=20, session=2, speed=2, trial=1, x__rid_x=1fb88fdc20b2a447: dummy_return_one(x)
[10:14:53.799] [INFO] [run] subject=20, session=2, speed=2, trial=2, x__rid_x=7261f0b8533e61d6: dummy_return_one(x)
[10:14:53.800] [INFO] [run] subject=20, session=2, speed=2, trial=3, x__rid_x=6f00bf4f172ef276: dummy_return_one(x)
[10:14:53.800] [INFO] [run] subject=20, session=2, speed=2, trial=4, x__rid_x=6f52db1ce8c530c0: dummy_return_one(x)
[10:14:53.808] [INFO] [run] subject=20, session=2, speed=2, trial=5, x__rid_x=657747cae3839c08: dummy_return_one(x)
[10:14:53.809] [INFO] [run] subject=20, session=2, speed=2, trial=6, x__rid_x=28643b82951320b0: dummy_return_one(x)
[10:14:53.816] [INFO] [run] subject=20, session=2, speed=2, trial=7, x__rid_x=778e5d472a242158: dummy_return_one(x)
[10:14:53.818] [INFO] [run] subject=20, session=2, speed=3, trial=1, x__rid_x=6e73e005fedbd97a: dummy_return_one(x)
[10:14:53.826] [INFO] [run] subject=20, session=2, speed=3, trial=2, x__rid_x=79576aa6e9ee74f1: dummy_return_one(x)
[10:14:53.827] [INFO] [run] subject=20, session=2, speed=3, trial=3, x__rid_x=67bcf3fdf6168e4f: dummy_return_one(x)
[10:14:53.834] [INFO] [run] subject=20, session=2, speed=3, trial=4, x__rid_x=b4cecc65908a4aef: dummy_return_one(x)
[10:14:53.835] [INFO] [run] subject=20, session=2, speed=3, trial=5, x__rid_x=c999832b85f9ee04: dummy_return_one(x)
[10:14:53.836] [INFO] [run] subject=20, session=2, speed=3, trial=6, x__rid_x=ca687d80c91d0369: dummy_return_one(x)
[10:14:53.843] [INFO] [run] subject=20, session=2, speed=3, trial=7, x__rid_x=a07687f27a0f558d: dummy_return_one(x)
[10:14:53.844] [INFO] [run] subject=20, session=2, speed=4, trial=1, x__rid_x=3a35e884d6ad94d6: dummy_return_one(x)
[10:14:53.852] [INFO] [run] subject=20, session=2, speed=4, trial=2, x__rid_x=9a1e19e9eba11375: dummy_return_one(x)
[10:14:53.853] [INFO] [run] subject=20, session=2, speed=4, trial=3, x__rid_x=c07205060f34341c: dummy_return_one(x)
[10:14:53.861] [INFO] [run] subject=20, session=2, speed=4, trial=4, x__rid_x=8d9a32c95234fe07: dummy_return_one(x)
[10:14:53.862] [INFO] [run] subject=20, session=2, speed=4, trial=5, x__rid_x=61107dfa588fc4c7: dummy_return_one(x)
[10:14:53.862] [INFO] [run] subject=20, session=2, speed=4, trial=6, x__rid_x=10fb90a0be0a96df: dummy_return_one(x)
[10:14:53.869] [INFO] [run] subject=20, session=2, speed=4, trial=7, x__rid_x=6d5267dd2fc0e22c: dummy_return_one(x)
[10:14:53.871] [INFO] [run] subject=20, session=2, speed=5, trial=1, x__rid_x=33cd478e8d3381f2: dummy_return_one(x)
[10:14:53.878] [INFO] [run] subject=20, session=2, speed=5, trial=2, x__rid_x=7767ceff358f6662: dummy_return_one(x)
[10:14:53.880] [INFO] [run] subject=20, session=2, speed=5, trial=3, x__rid_x=3c26c21af1db53ff: dummy_return_one(x)
[10:14:53.880] [INFO] [run] subject=20, session=2, speed=5, trial=4, x__rid_x=e5c22af39f53d7b5: dummy_return_one(x)
[10:14:53.888] [INFO] [run] subject=20, session=2, speed=5, trial=5, x__rid_x=a7e4eb31cbd9d372: dummy_return_one(x)
[10:14:53.889] [INFO] [run] subject=20, session=2, speed=5, trial=6, x__rid_x=5497ab08b948f6a5: dummy_return_one(x)
[10:14:53.889] [INFO] [run] subject=20, session=2, speed=5, trial=7, x__rid_x=2a96599487e5a938: dummy_return_one(x)
[10:14:53.897] [INFO] [run] subject=20, session=2, speed=6, trial=1, x__rid_x=83529611d0d86e96: dummy_return_one(x)
[10:14:53.898] [INFO] [run] subject=20, session=2, speed=6, trial=2, x__rid_x=141a4c58ed1e23aa: dummy_return_one(x)
[10:14:53.906] [INFO] [run] subject=20, session=2, speed=6, trial=3, x__rid_x=4e9224b035dbbe84: dummy_return_one(x)
[10:14:53.908] [INFO] [run] subject=20, session=2, speed=6, trial=4, x__rid_x=7ee132384433b8a4: dummy_return_one(x)
[10:14:53.916] [INFO] [run] subject=20, session=2, speed=6, trial=5, x__rid_x=b4f890432b9a73ff: dummy_return_one(x)
[10:14:53.917] [INFO] [run] subject=20, session=2, speed=6, trial=6, x__rid_x=c22c550d3fb56aca: dummy_return_one(x)
[10:14:53.925] [INFO] [run] subject=20, session=2, speed=6, trial=7, x__rid_x=36d351516f53ac6b: dummy_return_one(x)
[10:14:53.926] [INFO] [run] subject=20, session=2, speed=7, trial=1, x__rid_x=2dcfd7b41aaaceda: dummy_return_one(x)
[10:14:53.927] [INFO] [run] subject=20, session=2, speed=7, trial=2, x__rid_x=979bcd9a9985bdc6: dummy_return_one(x)
[10:14:53.934] [INFO] [run] subject=20, session=2, speed=7, trial=3, x__rid_x=daa3e0001b08045a: dummy_return_one(x)
[10:14:53.934] [INFO] [run] subject=20, session=2, speed=7, trial=4, x__rid_x=483ba47e2d1758de: dummy_return_one(x)
[10:14:53.935] [INFO] [run] subject=20, session=2, speed=7, trial=5, x__rid_x=db89310219c7a57b: dummy_return_one(x)
[10:14:53.943] [INFO] [run] subject=20, session=2, speed=7, trial=6, x__rid_x=a655a230846580d3: dummy_return_one(x)
[10:14:53.944] [INFO] [run] subject=20, session=2, speed=7, trial=7, x__rid_x=072b9eb62ad2a931: dummy_return_one(x)
[10:14:53.951] [INFO] [run] subject=20, session=2, speed=8, trial=1, x__rid_x=d878ba714eacff6a: dummy_return_one(x)
[10:14:53.952] [INFO] [run] subject=20, session=2, speed=8, trial=2, x__rid_x=d022ede5564eb073: dummy_return_one(x)
[10:14:53.960] [INFO] [run] subject=20, session=2, speed=8, trial=3, x__rid_x=5dd2e4dc05586d7d: dummy_return_one(x)
[10:14:53.961] [INFO] [run] subject=20, session=2, speed=8, trial=4, x__rid_x=9702f03c28afd0f6: dummy_return_one(x)
[10:14:53.969] [INFO] [run] subject=20, session=2, speed=8, trial=5, x__rid_x=c04751a0a38d01ca: dummy_return_one(x)
[10:14:53.970] [INFO] [run] subject=20, session=2, speed=8, trial=6, x__rid_x=c99e616e40a0b17d: dummy_return_one(x)
[10:14:53.970] [INFO] [run] subject=20, session=2, speed=8, trial=7, x__rid_x=efca08640e50f5ae: dummy_return_one(x)
[10:14:53.978] [INFO] [run] subject=20, session=2, speed=9, trial=1, x__rid_x=cf93c12f04460075: dummy_return_one(x)
[10:14:53.978] [INFO] [run] subject=20, session=2, speed=9, trial=2, x__rid_x=46a2e6ccc216d190: dummy_return_one(x)
[10:14:53.979] [INFO] [run] subject=20, session=2, speed=9, trial=3, x__rid_x=936f029a5e41b00a: dummy_return_one(x)
[10:14:53.987] [INFO] [run] subject=20, session=2, speed=9, trial=4, x__rid_x=344cb03f144b06ac: dummy_return_one(x)
[10:14:53.988] [INFO] [run] subject=20, session=2, speed=9, trial=5, x__rid_x=96c3ed3d61ef706c: dummy_return_one(x)
[10:14:53.995] [INFO] [run] subject=20, session=2, speed=9, trial=6, x__rid_x=bc10b40ddd5e26cd: dummy_return_one(x)
[10:14:53.996] [INFO] [run] subject=20, session=2, speed=9, trial=7, x__rid_x=1e56275270c45ab3: dummy_return_one(x)
[10:14:53.997] [INFO] [run] subject=20, session=3, speed=1, trial=1, x__rid_x=795c60e06607c164: dummy_return_one(x)
[10:14:54.004] [INFO] [run] subject=20, session=3, speed=1, trial=2, x__rid_x=5d0880e58462bbe0: dummy_return_one(x)
[10:14:54.005] [INFO] [run] subject=20, session=3, speed=1, trial=3, x__rid_x=168879ccb6af2149: dummy_return_one(x)
[10:14:54.013] [INFO] [run] subject=20, session=3, speed=1, trial=4, x__rid_x=6f45a2c1767eef47: dummy_return_one(x)
[10:14:54.014] [INFO] [run] subject=20, session=3, speed=1, trial=5, x__rid_x=2484f0ab0fbd41be: dummy_return_one(x)
[10:14:54.015] [INFO] [run] subject=20, session=3, speed=1, trial=6, x__rid_x=5e0d7b2e4fb45cf3: dummy_return_one(x)
[10:14:54.022] [INFO] [run] subject=20, session=3, speed=1, trial=7, x__rid_x=b05ee278dbfdf744: dummy_return_one(x)
[10:14:54.024] [INFO] [run] subject=20, session=3, speed=10, trial=1, x__rid_x=1e05215866892cce: dummy_return_one(x)
[10:14:54.031] [INFO] [run] subject=20, session=3, speed=10, trial=2, x__rid_x=0efeecc3555c07b5: dummy_return_one(x)
[10:14:54.032] [INFO] [run] subject=20, session=3, speed=10, trial=3, x__rid_x=1cb6660e638241a4: dummy_return_one(x)
[10:14:54.032] [INFO] [run] subject=20, session=3, speed=10, trial=4, x__rid_x=3852b6e95c3f0025: dummy_return_one(x)
[10:14:54.040] [INFO] [run] subject=20, session=3, speed=10, trial=5, x__rid_x=abc65bae90f6effe: dummy_return_one(x)
[10:14:54.041] [INFO] [run] subject=20, session=3, speed=10, trial=6, x__rid_x=8fc1211b59fe1ebd: dummy_return_one(x)
[10:14:54.049] [INFO] [run] subject=20, session=3, speed=10, trial=7, x__rid_x=6de0d515ef711633: dummy_return_one(x)
[10:14:54.050] [INFO] [run] subject=20, session=3, speed=2, trial=1, x__rid_x=6bdee8792d87b6da: dummy_return_one(x)
[10:14:54.051] [INFO] [run] subject=20, session=3, speed=2, trial=2, x__rid_x=71f4e17e76fe4f07: dummy_return_one(x)
[10:14:54.058] [INFO] [run] subject=20, session=3, speed=2, trial=3, x__rid_x=62b9679820d04942: dummy_return_one(x)
[10:14:54.059] [INFO] [run] subject=20, session=3, speed=2, trial=4, x__rid_x=ce038d3981cf920c: dummy_return_one(x)
[10:14:54.067] [INFO] [run] subject=20, session=3, speed=2, trial=5, x__rid_x=c8dd5f7566d00eb1: dummy_return_one(x)
[10:14:54.067] [INFO] [run] subject=20, session=3, speed=2, trial=6, x__rid_x=264bebca72346210: dummy_return_one(x)
[10:14:54.068] [INFO] [run] subject=20, session=3, speed=2, trial=7, x__rid_x=9b4358d3cc3aeb9b: dummy_return_one(x)
[10:14:54.076] [INFO] [run] subject=20, session=3, speed=3, trial=1, x__rid_x=0c962211249c4259: dummy_return_one(x)
[10:14:54.077] [INFO] [run] subject=20, session=3, speed=3, trial=2, x__rid_x=052d3abd837925b8: dummy_return_one(x)
[10:14:54.084] [INFO] [run] subject=20, session=3, speed=3, trial=3, x__rid_x=f0c5263336867cb6: dummy_return_one(x)
[10:14:54.085] [INFO] [run] subject=20, session=3, speed=3, trial=4, x__rid_x=eca5e81bd49081a3: dummy_return_one(x)
[10:14:54.086] [INFO] [run] subject=20, session=3, speed=3, trial=5, x__rid_x=01c202b2de2bb8e3: dummy_return_one(x)
[10:14:54.093] [INFO] [run] subject=20, session=3, speed=3, trial=6, x__rid_x=ba1140d43cfc81ff: dummy_return_one(x)
[10:14:54.094] [INFO] [run] subject=20, session=3, speed=3, trial=7, x__rid_x=6154a36f79e8c1db: dummy_return_one(x)
[10:14:54.095] [INFO] [run] subject=20, session=3, speed=4, trial=1, x__rid_x=f29d1611bbd67ca4: dummy_return_one(x)
[10:14:54.102] [INFO] [run] subject=20, session=3, speed=4, trial=2, x__rid_x=628b8692fab3db0d: dummy_return_one(x)
[10:14:54.103] [INFO] [run] subject=20, session=3, speed=4, trial=3, x__rid_x=e63a279173f1dbdb: dummy_return_one(x)
[10:14:54.104] [INFO] [run] subject=20, session=3, speed=4, trial=4, x__rid_x=6721ff6704ed256b: dummy_return_one(x)
[10:14:54.111] [INFO] [run] subject=20, session=3, speed=4, trial=5, x__rid_x=b4aaeda7ccef9a6d: dummy_return_one(x)
[10:14:54.112] [INFO] [run] subject=20, session=3, speed=4, trial=6, x__rid_x=10642a44121720a1: dummy_return_one(x)
[10:14:54.113] [INFO] [run] subject=20, session=3, speed=4, trial=7, x__rid_x=bb0fe23a58216a15: dummy_return_one(x)
[10:14:54.120] [INFO] [run] subject=20, session=3, speed=5, trial=1, x__rid_x=67e84c4a83d7a058: dummy_return_one(x)
[10:14:54.122] [INFO] [run] subject=20, session=3, speed=5, trial=2, x__rid_x=892e967b507a4d00: dummy_return_one(x)
[10:14:54.129] [INFO] [run] subject=20, session=3, speed=5, trial=3, x__rid_x=da00e327879c2054: dummy_return_one(x)
[10:14:54.130] [INFO] [run] subject=20, session=3, speed=5, trial=4, x__rid_x=1648b61b9a4dbffe: dummy_return_one(x)
[10:14:54.130] [INFO] [run] subject=20, session=3, speed=5, trial=5, x__rid_x=30f856c7ef453126: dummy_return_one(x)
[10:14:54.138] [INFO] [run] subject=20, session=3, speed=5, trial=6, x__rid_x=29bee0306b062bba: dummy_return_one(x)
[10:14:54.139] [INFO] [run] subject=20, session=3, speed=5, trial=7, x__rid_x=83f03dcf43912400: dummy_return_one(x)
[10:14:54.147] [INFO] [run] subject=20, session=3, speed=6, trial=1, x__rid_x=f9ebc8a669e4f941: dummy_return_one(x)
[10:14:54.148] [INFO] [run] subject=20, session=3, speed=6, trial=2, x__rid_x=4bc13b1082c0d551: dummy_return_one(x)
[10:14:54.149] [INFO] [run] subject=20, session=3, speed=6, trial=3, x__rid_x=1093c9fa7661285d: dummy_return_one(x)
[10:14:54.156] [INFO] [run] subject=20, session=3, speed=6, trial=4, x__rid_x=29049ad84f8bc12c: dummy_return_one(x)
[10:14:54.157] [INFO] [run] subject=20, session=3, speed=6, trial=5, x__rid_x=1b4ca0485bfdb4d9: dummy_return_one(x)
[10:14:54.165] [INFO] [run] subject=20, session=3, speed=6, trial=6, x__rid_x=5757a3293976dbba: dummy_return_one(x)
[10:14:54.166] [INFO] [run] subject=20, session=3, speed=6, trial=7, x__rid_x=b781e7ac486fc5ed: dummy_return_one(x)
[10:14:54.167] [INFO] [run] subject=20, session=3, speed=7, trial=1, x__rid_x=8dd96d19efa67c4d: dummy_return_one(x)
[10:14:54.174] [INFO] [run] subject=20, session=3, speed=7, trial=2, x__rid_x=42adf5a89cd64d84: dummy_return_one(x)
[10:14:54.175] [INFO] [run] subject=20, session=3, speed=7, trial=3, x__rid_x=de5163d6ffcf823b: dummy_return_one(x)
[10:14:54.183] [INFO] [run] subject=20, session=3, speed=7, trial=4, x__rid_x=ed42ba0b731b981e: dummy_return_one(x)
[10:14:54.184] [INFO] [run] subject=20, session=3, speed=7, trial=5, x__rid_x=84412d25e21f8f92: dummy_return_one(x)
[10:14:54.184] [INFO] [run] subject=20, session=3, speed=7, trial=6, x__rid_x=16c08b989906c5c5: dummy_return_one(x)
[10:14:54.192] [INFO] [run] subject=20, session=3, speed=7, trial=7, x__rid_x=585e5acdac461f84: dummy_return_one(x)
[10:14:54.193] [INFO] [run] subject=20, session=3, speed=8, trial=1, x__rid_x=b62444034d27f095: dummy_return_one(x)
[10:14:54.201] [INFO] [run] subject=20, session=3, speed=8, trial=2, x__rid_x=5e638065804b1f06: dummy_return_one(x)
[10:14:54.201] [INFO] [run] subject=20, session=3, speed=8, trial=3, x__rid_x=1ac66d1317be0b2d: dummy_return_one(x)
[10:14:54.202] [INFO] [run] subject=20, session=3, speed=8, trial=4, x__rid_x=3160606b55abeff7: dummy_return_one(x)
[10:14:54.210] [INFO] [run] subject=20, session=3, speed=8, trial=5, x__rid_x=9b58b2b7c378d010: dummy_return_one(x)
[10:14:54.211] [INFO] [run] subject=20, session=3, speed=8, trial=6, x__rid_x=1739202bbf945ff9: dummy_return_one(x)
[10:14:54.219] [INFO] [run] subject=20, session=3, speed=8, trial=7, x__rid_x=189050e46a42d54d: dummy_return_one(x)
[10:14:54.220] [INFO] [run] subject=20, session=3, speed=9, trial=1, x__rid_x=43965d853c2ae544: dummy_return_one(x)
[10:14:54.228] [INFO] [run] subject=20, session=3, speed=9, trial=2, x__rid_x=9ecd26dc836ceac5: dummy_return_one(x)
[10:14:54.228] [INFO] [run] subject=20, session=3, speed=9, trial=3, x__rid_x=a1c376b7b3aa22ed: dummy_return_one(x)
[10:14:54.229] [INFO] [run] subject=20, session=3, speed=9, trial=4, x__rid_x=3c7e930c867683a6: dummy_return_one(x)
[10:14:54.237] [INFO] [run] subject=20, session=3, speed=9, trial=5, x__rid_x=3e87e5385e4484e9: dummy_return_one(x)
[10:14:54.238] [INFO] [run] subject=20, session=3, speed=9, trial=6, x__rid_x=4987c7c921613517: dummy_return_one(x)
[10:14:54.246] [INFO] [run] subject=20, session=3, speed=9, trial=7, x__rid_x=73429e4bd2fc9633: dummy_return_one(x)
[10:14:54.246] [INFO] [run] subject=20, session=4, speed=1, trial=1, x__rid_x=9e9203a43c02b73d: dummy_return_one(x)
[10:14:54.247] [INFO] [run] subject=20, session=4, speed=1, trial=2, x__rid_x=d047210e84061624: dummy_return_one(x)
[10:14:54.255] [INFO] [run] subject=20, session=4, speed=1, trial=3, x__rid_x=a662fba2e3b73284: dummy_return_one(x)
[10:14:54.256] [INFO] [run] subject=20, session=4, speed=1, trial=4, x__rid_x=7af81fa1de4b86ab: dummy_return_one(x)
[10:14:54.263] [INFO] [run] subject=20, session=4, speed=1, trial=5, x__rid_x=a06af69a7ea95f2d: dummy_return_one(x)
[10:14:54.264] [INFO] [run] subject=20, session=4, speed=1, trial=6, x__rid_x=1ec2ee82bbcdd33b: dummy_return_one(x)
[10:14:54.265] [INFO] [run] subject=20, session=4, speed=1, trial=7, x__rid_x=5c8e9ed8fd8916d7: dummy_return_one(x)
[10:14:54.272] [INFO] [run] subject=20, session=4, speed=10, trial=1, x__rid_x=040d03856f558204: dummy_return_one(x)
[10:14:54.274] [INFO] [run] subject=20, session=4, speed=10, trial=2, x__rid_x=898e337f2b90ecc5: dummy_return_one(x)
[10:14:54.281] [INFO] [run] subject=20, session=4, speed=10, trial=3, x__rid_x=79b9bc7204e58a16: dummy_return_one(x)
[10:14:54.282] [INFO] [run] subject=20, session=4, speed=10, trial=4, x__rid_x=427e7893b923cb2d: dummy_return_one(x)
[10:14:54.283] [INFO] [run] subject=20, session=4, speed=10, trial=5, x__rid_x=770b15c2a4f8c28b: dummy_return_one(x)
[10:14:54.291] [INFO] [run] subject=20, session=4, speed=10, trial=6, x__rid_x=407e7655a2423714: dummy_return_one(x)
[10:14:54.292] [INFO] [run] subject=20, session=4, speed=10, trial=7, x__rid_x=356784e7f176fe49: dummy_return_one(x)
[10:14:54.299] [INFO] [run] subject=20, session=4, speed=2, trial=1, x__rid_x=007e26c9bae3fafe: dummy_return_one(x)
[10:14:54.300] [INFO] [run] subject=20, session=4, speed=2, trial=2, x__rid_x=080916e0ee907f02: dummy_return_one(x)
[10:14:54.301] [INFO] [run] subject=20, session=4, speed=2, trial=3, x__rid_x=e8cc58b63c114a1c: dummy_return_one(x)
[10:14:54.309] [INFO] [run] subject=20, session=4, speed=2, trial=4, x__rid_x=4b21210eeb8aa52b: dummy_return_one(x)
[10:14:54.311] [INFO] [run] subject=20, session=4, speed=2, trial=5, x__rid_x=bd6a991d5be1ac6a: dummy_return_one(x)
[10:14:54.318] [INFO] [run] subject=20, session=4, speed=2, trial=6, x__rid_x=5de3542d5edb9f63: dummy_return_one(x)
[10:14:54.319] [INFO] [run] subject=20, session=4, speed=2, trial=7, x__rid_x=25745d60ba506e8c: dummy_return_one(x)
[10:14:54.320] [INFO] [run] subject=20, session=4, speed=3, trial=1, x__rid_x=7ec95df8a221b6e3: dummy_return_one(x)
[10:14:54.327] [INFO] [run] subject=20, session=4, speed=3, trial=2, x__rid_x=df5a6942e7b36542: dummy_return_one(x)
[10:14:54.328] [INFO] [run] subject=20, session=4, speed=3, trial=3, x__rid_x=9bd11ed84eced088: dummy_return_one(x)
[10:14:54.336] [INFO] [run] subject=20, session=4, speed=3, trial=4, x__rid_x=4ec49ec5410fde42: dummy_return_one(x)
[10:14:54.338] [INFO] [run] subject=20, session=4, speed=3, trial=5, x__rid_x=20c3ccde650d074e: dummy_return_one(x)
[10:14:54.345] [INFO] [run] subject=20, session=4, speed=3, trial=6, x__rid_x=385ba76eff54391d: dummy_return_one(x)
[10:14:54.346] [INFO] [run] subject=20, session=4, speed=3, trial=7, x__rid_x=0a899f6b1d2eb8b4: dummy_return_one(x)
[10:14:54.347] [INFO] [run] subject=20, session=4, speed=4, trial=1, x__rid_x=3077d67c23791846: dummy_return_one(x)
[10:14:54.354] [INFO] [run] subject=20, session=4, speed=4, trial=2, x__rid_x=7b61fa62b9ab4006: dummy_return_one(x)
[10:14:54.356] [INFO] [run] subject=20, session=4, speed=4, trial=3, x__rid_x=ad4b44140eb8b708: dummy_return_one(x)
[10:14:54.363] [INFO] [run] subject=20, session=4, speed=4, trial=4, x__rid_x=59b27b4987810dcb: dummy_return_one(x)
[10:14:54.364] [INFO] [run] subject=20, session=4, speed=4, trial=5, x__rid_x=e171170256f58d98: dummy_return_one(x)
[10:14:54.365] [INFO] [run] subject=20, session=4, speed=4, trial=6, x__rid_x=22b373d9010f4e39: dummy_return_one(x)
[10:14:54.373] [INFO] [run] subject=20, session=4, speed=4, trial=7, x__rid_x=4e3ac899aa173062: dummy_return_one(x)
[10:14:54.374] [INFO] [run] subject=20, session=4, speed=5, trial=1, x__rid_x=2c5b93db9bb0b5dd: dummy_return_one(x)
[10:14:54.381] [INFO] [run] subject=20, session=4, speed=5, trial=2, x__rid_x=986ca2e371a502d7: dummy_return_one(x)
[10:14:54.382] [INFO] [run] subject=20, session=4, speed=5, trial=3, x__rid_x=78b098993e3697c5: dummy_return_one(x)
[10:14:54.383] [INFO] [run] subject=20, session=4, speed=5, trial=4, x__rid_x=53f630881eea32c8: dummy_return_one(x)
[10:14:54.391] [INFO] [run] subject=20, session=4, speed=5, trial=5, x__rid_x=56cabc24e374d319: dummy_return_one(x)
[10:14:54.392] [INFO] [run] subject=20, session=4, speed=5, trial=6, x__rid_x=e27a540ce9780bb4: dummy_return_one(x)
[10:14:54.400] [INFO] [run] subject=20, session=4, speed=5, trial=7, x__rid_x=1ba076737a1f3355: dummy_return_one(x)
[10:14:54.400] [INFO] [run] subject=20, session=4, speed=6, trial=1, x__rid_x=bca2a12a04371d7c: dummy_return_one(x)
[10:14:54.401] [INFO] [run] subject=20, session=4, speed=6, trial=2, x__rid_x=d4325bd6ebd944e7: dummy_return_one(x)
[10:14:54.409] [INFO] [run] subject=20, session=4, speed=6, trial=3, x__rid_x=1676bbb79f7ca1e8: dummy_return_one(x)
[10:14:54.410] [INFO] [run] subject=20, session=4, speed=6, trial=4, x__rid_x=c4fabc7f12396c8c: dummy_return_one(x)
[10:14:54.418] [INFO] [run] subject=20, session=4, speed=6, trial=5, x__rid_x=f7aef19867efbc13: dummy_return_one(x)
[10:14:54.418] [INFO] [run] subject=20, session=4, speed=6, trial=6, x__rid_x=8cafaba8896a7c87: dummy_return_one(x)
[10:14:54.419] [INFO] [run] subject=20, session=4, speed=6, trial=7, x__rid_x=a4fadff067ec7a37: dummy_return_one(x)
[10:14:54.427] [INFO] [run] subject=20, session=4, speed=7, trial=1, x__rid_x=d98d6f28ed555a53: dummy_return_one(x)
[10:14:54.428] [INFO] [run] subject=20, session=4, speed=7, trial=2, x__rid_x=1c75b7de6eb30741: dummy_return_one(x)
[10:14:54.428] [INFO] [run] subject=20, session=4, speed=7, trial=3, x__rid_x=ee8c96c56be96629: dummy_return_one(x)
[10:14:54.436] [INFO] [run] subject=20, session=4, speed=7, trial=4, x__rid_x=a695e71f1aa761c8: dummy_return_one(x)
[10:14:54.436] [INFO] [run] subject=20, session=4, speed=7, trial=5, x__rid_x=e6de099857a29596: dummy_return_one(x)
[10:14:54.437] [INFO] [run] subject=20, session=4, speed=7, trial=6, x__rid_x=bfc2aef708d07c4e: dummy_return_one(x)
[10:14:54.445] [INFO] [run] subject=20, session=4, speed=7, trial=7, x__rid_x=32a400bf5b5b29de: dummy_return_one(x)
[10:14:54.446] [INFO] [run] subject=20, session=4, speed=8, trial=1, x__rid_x=97eaac0618a80cf7: dummy_return_one(x)
[10:14:54.446] [INFO] [run] subject=20, session=4, speed=8, trial=2, x__rid_x=799fe5d8efc846b4: dummy_return_one(x)
[10:14:54.454] [INFO] [run] subject=20, session=4, speed=8, trial=3, x__rid_x=096263af3d84a0dc: dummy_return_one(x)
[10:14:54.455] [INFO] [run] subject=20, session=4, speed=8, trial=4, x__rid_x=abb683fe0699cf7a: dummy_return_one(x)
[10:14:54.463] [INFO] [run] subject=20, session=4, speed=8, trial=5, x__rid_x=cfc10220bee1e3a0: dummy_return_one(x)
[10:14:54.464] [INFO] [run] subject=20, session=4, speed=8, trial=6, x__rid_x=3d1cb11237524225: dummy_return_one(x)
[10:14:54.464] [INFO] [run] subject=20, session=4, speed=8, trial=7, x__rid_x=8b312cc68e332b98: dummy_return_one(x)
[10:14:54.472] [INFO] [run] subject=20, session=4, speed=9, trial=1, x__rid_x=0b3b00635be36b79: dummy_return_one(x)
[10:14:54.474] [INFO] [run] subject=20, session=4, speed=9, trial=2, x__rid_x=6db020c7100e01f0: dummy_return_one(x)
[10:14:54.481] [INFO] [run] subject=20, session=4, speed=9, trial=3, x__rid_x=18925d314e25c622: dummy_return_one(x)
[10:14:54.482] [INFO] [run] subject=20, session=4, speed=9, trial=4, x__rid_x=6a712f26179f5f76: dummy_return_one(x)
[10:14:54.483] [INFO] [run] subject=20, session=4, speed=9, trial=5, x__rid_x=857fb44eb11cf508: dummy_return_one(x)
[10:14:54.490] [INFO] [run] subject=20, session=4, speed=9, trial=6, x__rid_x=3dd5cddc22dafe33: dummy_return_one(x)
[10:14:54.491] [INFO] [run] subject=20, session=4, speed=9, trial=7, x__rid_x=1e8a1c697bbcce28: dummy_return_one(x)
[10:14:54.499] [INFO] [run] subject=20, session=5, speed=1, trial=1, x__rid_x=23f63bfea8f448db: dummy_return_one(x)
[10:14:54.500] [INFO] [run] subject=20, session=5, speed=1, trial=2, x__rid_x=c956b52ef115eb68: dummy_return_one(x)
[10:14:54.501] [INFO] [run] subject=20, session=5, speed=1, trial=3, x__rid_x=ef72b542785de7d0: dummy_return_one(x)
[10:14:54.508] [INFO] [run] subject=20, session=5, speed=1, trial=4, x__rid_x=c00b3069ba683824: dummy_return_one(x)
[10:14:54.509] [INFO] [run] subject=20, session=5, speed=1, trial=5, x__rid_x=ed7bd564bea21ce0: dummy_return_one(x)
[10:14:54.517] [INFO] [run] subject=20, session=5, speed=1, trial=6, x__rid_x=1622b0e80afed656: dummy_return_one(x)
[10:14:54.518] [INFO] [run] subject=20, session=5, speed=1, trial=7, x__rid_x=3d71350f8b641791: dummy_return_one(x)
[10:14:54.519] [INFO] [run] subject=20, session=5, speed=10, trial=1, x__rid_x=1e1818f5499d4dee: dummy_return_one(x)
[10:14:54.527] [INFO] [run] subject=20, session=5, speed=10, trial=2, x__rid_x=b7023a3dca8910ac: dummy_return_one(x)
[10:14:54.528] [INFO] [run] subject=20, session=5, speed=10, trial=3, x__rid_x=f30cfea6c4a37d8c: dummy_return_one(x)
[10:14:54.535] [INFO] [run] subject=20, session=5, speed=10, trial=4, x__rid_x=e10953b2033f2560: dummy_return_one(x)
[10:14:54.536] [INFO] [run] subject=20, session=5, speed=10, trial=5, x__rid_x=2aa8967a27586967: dummy_return_one(x)
[10:14:54.537] [INFO] [run] subject=20, session=5, speed=10, trial=6, x__rid_x=14a777624b02ff9c: dummy_return_one(x)
[10:14:54.545] [INFO] [run] subject=20, session=5, speed=10, trial=7, x__rid_x=7361b027665d189e: dummy_return_one(x)
[10:14:54.545] [INFO] [run] subject=20, session=5, speed=2, trial=1, x__rid_x=a8c3c406e3d65625: dummy_return_one(x)
[10:14:54.546] [INFO] [run] subject=20, session=5, speed=2, trial=2, x__rid_x=a69e625033942bcf: dummy_return_one(x)
[10:14:54.554] [INFO] [run] subject=20, session=5, speed=2, trial=3, x__rid_x=a7c7a1dfe55a5f97: dummy_return_one(x)
[10:14:54.555] [INFO] [run] subject=20, session=5, speed=2, trial=4, x__rid_x=1250c03fb038dd91: dummy_return_one(x)
[10:14:54.556] [INFO] [run] subject=20, session=5, speed=2, trial=5, x__rid_x=57ddbff25a3d165b: dummy_return_one(x)
[10:14:54.563] [INFO] [run] subject=20, session=5, speed=2, trial=6, x__rid_x=9eb6476b377f4af9: dummy_return_one(x)
[10:14:54.564] [INFO] [run] subject=20, session=5, speed=2, trial=7, x__rid_x=867359dba9baa6f1: dummy_return_one(x)
[10:14:54.565] [INFO] [run] subject=20, session=5, speed=3, trial=1, x__rid_x=23b330cedc59a38c: dummy_return_one(x)
[10:14:54.572] [INFO] [run] subject=20, session=5, speed=3, trial=2, x__rid_x=9006c0f590bdc546: dummy_return_one(x)
[10:14:54.574] [INFO] [run] subject=20, session=5, speed=3, trial=3, x__rid_x=d561d416f28457ed: dummy_return_one(x)
[10:14:54.581] [INFO] [run] subject=20, session=5, speed=3, trial=4, x__rid_x=55d1a190b3157488: dummy_return_one(x)
[10:14:54.582] [INFO] [run] subject=20, session=5, speed=3, trial=5, x__rid_x=761e7cb0ec81859b: dummy_return_one(x)
[10:14:54.583] [INFO] [run] subject=20, session=5, speed=3, trial=6, x__rid_x=85a3f6618eb6bad9: dummy_return_one(x)
[10:14:54.590] [INFO] [run] subject=20, session=5, speed=3, trial=7, x__rid_x=c72d427156582a69: dummy_return_one(x)
[10:14:54.592] [INFO] [run] subject=20, session=5, speed=4, trial=1, x__rid_x=ac3977a35d338fef: dummy_return_one(x)
[10:14:54.599] [INFO] [run] subject=20, session=5, speed=4, trial=2, x__rid_x=79ee168d545d5d2b: dummy_return_one(x)
[10:14:54.600] [INFO] [run] subject=20, session=5, speed=4, trial=3, x__rid_x=84bdf0b84327a07f: dummy_return_one(x)
[10:14:54.601] [INFO] [run] subject=20, session=5, speed=4, trial=4, x__rid_x=9c3fa2e7c4dee9be: dummy_return_one(x)
[10:14:54.609] [INFO] [run] subject=20, session=5, speed=4, trial=5, x__rid_x=f2c1807f725b28ac: dummy_return_one(x)
[10:14:54.610] [INFO] [run] subject=20, session=5, speed=4, trial=6, x__rid_x=b2f3f22b4f5a3749: dummy_return_one(x)
[10:14:54.618] [INFO] [run] subject=20, session=5, speed=4, trial=7, x__rid_x=b45d53105937bdb8: dummy_return_one(x)
[10:14:54.618] [INFO] [run] subject=20, session=5, speed=5, trial=1, x__rid_x=18eb7d75a73845a5: dummy_return_one(x)
[10:14:54.619] [INFO] [run] subject=20, session=5, speed=5, trial=2, x__rid_x=d8215455c4354e04: dummy_return_one(x)
[10:14:54.627] [INFO] [run] subject=20, session=5, speed=5, trial=3, x__rid_x=e34def825666e32f: dummy_return_one(x)
[10:14:54.628] [INFO] [run] subject=20, session=5, speed=5, trial=4, x__rid_x=896c1a6adce2abc3: dummy_return_one(x)
[10:14:54.628] [INFO] [run] subject=20, session=5, speed=5, trial=5, x__rid_x=374e903505c1a31b: dummy_return_one(x)
[10:14:54.636] [INFO] [run] subject=20, session=5, speed=5, trial=6, x__rid_x=8e6655d761e54fd9: dummy_return_one(x)
[10:14:54.636] [INFO] [run] subject=20, session=5, speed=5, trial=7, x__rid_x=01d19713adaa102f: dummy_return_one(x)
[10:14:54.637] [INFO] [run] subject=20, session=5, speed=6, trial=1, x__rid_x=cc4a5e43149354cf: dummy_return_one(x)
[10:14:54.645] [INFO] [run] subject=20, session=5, speed=6, trial=2, x__rid_x=a903cfc8fa90cec6: dummy_return_one(x)
[10:14:54.646] [INFO] [run] subject=20, session=5, speed=6, trial=3, x__rid_x=59b3217aa55fdabf: dummy_return_one(x)
[10:14:54.646] [INFO] [run] subject=20, session=5, speed=6, trial=4, x__rid_x=099ff157c05d3680: dummy_return_one(x)
[10:14:54.654] [INFO] [run] subject=20, session=5, speed=6, trial=5, x__rid_x=7e69e4a9b124f3e6: dummy_return_one(x)
[10:14:54.655] [INFO] [run] subject=20, session=5, speed=6, trial=6, x__rid_x=0214b41ce202f95d: dummy_return_one(x)
[10:14:54.663] [INFO] [run] subject=20, session=5, speed=6, trial=7, x__rid_x=2d7818ea53a4eafe: dummy_return_one(x)
[10:14:54.664] [INFO] [run] subject=20, session=5, speed=7, trial=1, x__rid_x=74aabb0482e94743: dummy_return_one(x)
[10:14:54.665] [INFO] [run] subject=20, session=5, speed=7, trial=2, x__rid_x=7cb65a5dc059719e: dummy_return_one(x)
[10:14:54.672] [INFO] [run] subject=20, session=5, speed=7, trial=3, x__rid_x=edbf529cb777dbf9: dummy_return_one(x)
[10:14:54.674] [INFO] [run] subject=20, session=5, speed=7, trial=4, x__rid_x=260ddc9d5df248ae: dummy_return_one(x)
[10:14:54.681] [INFO] [run] subject=20, session=5, speed=7, trial=5, x__rid_x=9d4993f0bcbd7505: dummy_return_one(x)
[10:14:54.682] [INFO] [run] subject=20, session=5, speed=7, trial=6, x__rid_x=39c020cbb87b574a: dummy_return_one(x)
[10:14:54.683] [INFO] [run] subject=20, session=5, speed=7, trial=7, x__rid_x=b5533d69eb6add55: dummy_return_one(x)
[10:14:54.691] [INFO] [run] subject=20, session=5, speed=8, trial=1, x__rid_x=66a2dcab82108d4e: dummy_return_one(x)
[10:14:54.692] [INFO] [run] subject=20, session=5, speed=8, trial=2, x__rid_x=a600947127e0a29e: dummy_return_one(x)
[10:14:54.700] [INFO] [run] subject=20, session=5, speed=8, trial=3, x__rid_x=d61718c7bbe9854f: dummy_return_one(x)
[10:14:54.700] [INFO] [run] subject=20, session=5, speed=8, trial=4, x__rid_x=827c1740a702acb8: dummy_return_one(x)
[10:14:54.701] [INFO] [run] subject=20, session=5, speed=8, trial=5, x__rid_x=3cf844e28f0bc64e: dummy_return_one(x)
[10:14:54.709] [INFO] [run] subject=20, session=5, speed=8, trial=6, x__rid_x=5c75fb3b31616c23: dummy_return_one(x)
[10:14:54.710] [INFO] [run] subject=20, session=5, speed=8, trial=7, x__rid_x=6132f0920f1ec89d: dummy_return_one(x)
[10:14:54.718] [INFO] [run] subject=20, session=5, speed=9, trial=1, x__rid_x=8f890d20c48e2910: dummy_return_one(x)
[10:14:54.719] [INFO] [run] subject=20, session=5, speed=9, trial=2, x__rid_x=2f13386a0476c231: dummy_return_one(x)
[10:14:54.719] [INFO] [run] subject=20, session=5, speed=9, trial=3, x__rid_x=df1457c9a850482a: dummy_return_one(x)
[10:14:54.727] [INFO] [run] subject=20, session=5, speed=9, trial=4, x__rid_x=d09eaba10803553f: dummy_return_one(x)
[10:14:54.728] [INFO] [run] subject=20, session=5, speed=9, trial=5, x__rid_x=beff69776df62407: dummy_return_one(x)
[10:14:54.736] [INFO] [run] subject=20, session=5, speed=9, trial=6, x__rid_x=d530d09799025e0c: dummy_return_one(x)
[10:14:54.738] [INFO] [run] subject=20, session=5, speed=9, trial=7, x__rid_x=5a85bb0ac1197a1a: dummy_return_one(x)
[10:14:54.746] [INFO] [run] subject=3, session=1, speed=1, trial=1, x__rid_x=0756d571572c1d6d: dummy_return_one(x)
[10:14:54.746] [INFO] [run] subject=3, session=1, speed=1, trial=2, x__rid_x=8c8fb17fadea7469: dummy_return_one(x)
[10:14:54.747] [INFO] [run] subject=3, session=1, speed=1, trial=3, x__rid_x=c532a3048d54286d: dummy_return_one(x)
[10:14:54.747] [INFO] [run] subject=3, session=1, speed=1, trial=4, x__rid_x=46e743e3ac868313: dummy_return_one(x)
[10:14:54.755] [INFO] [run] subject=3, session=1, speed=1, trial=5, x__rid_x=c414a6ff0fe64101: dummy_return_one(x)
[10:14:54.756] [INFO] [run] subject=3, session=1, speed=1, trial=6, x__rid_x=f5a649e4e7caff03: dummy_return_one(x)
[10:14:54.757] [INFO] [run] subject=3, session=1, speed=1, trial=7, x__rid_x=47980dae28d14ff7: dummy_return_one(x)
[10:14:54.764] [INFO] [run] subject=3, session=1, speed=10, trial=1, x__rid_x=a1fca1bb4f2bcb93: dummy_return_one(x)
[10:14:54.764] [INFO] [run] subject=3, session=1, speed=10, trial=2, x__rid_x=0a64665ccb2acd9e: dummy_return_one(x)
[10:14:54.765] [INFO] [run] subject=3, session=1, speed=10, trial=3, x__rid_x=72f79effdf7f0b4d: dummy_return_one(x)
[10:14:54.766] [INFO] [run] subject=3, session=1, speed=10, trial=4, x__rid_x=38ed040e7b71b583: dummy_return_one(x)
[10:14:54.773] [INFO] [run] subject=3, session=1, speed=10, trial=5, x__rid_x=4c3a8b9f0c87af32: dummy_return_one(x)
[10:14:54.774] [INFO] [run] subject=3, session=1, speed=10, trial=6, x__rid_x=0a51e906eff1d2c1: dummy_return_one(x)
[10:14:54.775] [INFO] [run] subject=3, session=1, speed=10, trial=7, x__rid_x=f6c6b366c45a8413: dummy_return_one(x)
[10:14:54.782] [INFO] [run] subject=3, session=1, speed=2, trial=1, x__rid_x=ad315539e69cd433: dummy_return_one(x)
[10:14:54.783] [INFO] [run] subject=3, session=1, speed=2, trial=2, x__rid_x=054502a916e1ab88: dummy_return_one(x)
[10:14:54.784] [INFO] [run] subject=3, session=1, speed=2, trial=3, x__rid_x=60ecba444b94d3ce: dummy_return_one(x)
[10:14:54.784] [INFO] [run] subject=3, session=1, speed=2, trial=4, x__rid_x=39459984be1592b9: dummy_return_one(x)
[10:14:54.792] [INFO] [run] subject=3, session=1, speed=2, trial=5, x__rid_x=a40ca49154bd7dfe: dummy_return_one(x)
[10:14:54.793] [INFO] [run] subject=3, session=1, speed=2, trial=6, x__rid_x=6d218b727f63a97e: dummy_return_one(x)
[10:14:54.801] [INFO] [run] subject=3, session=1, speed=2, trial=7, x__rid_x=2e783adb35c2e949: dummy_return_one(x)
[10:14:54.802] [INFO] [run] subject=3, session=1, speed=3, trial=1, x__rid_x=96c19f1174080513: dummy_return_one(x)
[10:14:54.802] [INFO] [run] subject=3, session=1, speed=3, trial=2, x__rid_x=caa727e5e9b0893a: dummy_return_one(x)
[10:14:54.803] [INFO] [run] subject=3, session=1, speed=3, trial=3, x__rid_x=9eda7353b0769f73: dummy_return_one(x)
[10:14:54.810] [INFO] [run] subject=3, session=1, speed=3, trial=4, x__rid_x=c8b5a610f6a48154: dummy_return_one(x)
[10:14:54.811] [INFO] [run] subject=3, session=1, speed=3, trial=5, x__rid_x=335be288e6927ec8: dummy_return_one(x)
[10:14:54.812] [INFO] [run] subject=3, session=1, speed=3, trial=6, x__rid_x=201accbded249aba: dummy_return_one(x)
[10:14:54.820] [INFO] [run] subject=3, session=1, speed=3, trial=7, x__rid_x=c9ecf3da502167a1: dummy_return_one(x)
[10:14:54.821] [INFO] [run] subject=3, session=1, speed=4, trial=1, x__rid_x=633d32b49232034e: dummy_return_one(x)
[10:14:54.829] [INFO] [run] subject=3, session=1, speed=4, trial=2, x__rid_x=00bb74453e429c80: dummy_return_one(x)
[10:14:54.830] [INFO] [run] subject=3, session=1, speed=4, trial=3, x__rid_x=69d8b968d91c16bd: dummy_return_one(x)
[10:14:54.831] [INFO] [run] subject=3, session=1, speed=4, trial=4, x__rid_x=050215ad8600b649: dummy_return_one(x)
[10:14:54.838] [INFO] [run] subject=3, session=1, speed=4, trial=5, x__rid_x=0a1bf2f57f4f4bd6: dummy_return_one(x)
[10:14:54.839] [INFO] [run] subject=3, session=1, speed=4, trial=6, x__rid_x=49a0c5287364e83b: dummy_return_one(x)
[10:14:54.847] [INFO] [run] subject=3, session=1, speed=4, trial=7, x__rid_x=626492743e77efe9: dummy_return_one(x)
[10:14:54.849] [INFO] [run] subject=3, session=1, speed=5, trial=1, x__rid_x=5e559c7b7a960649: dummy_return_one(x)
[10:14:54.849] [INFO] [run] subject=3, session=1, speed=5, trial=2, x__rid_x=36596f43a4a1499d: dummy_return_one(x)
[10:14:54.857] [INFO] [run] subject=3, session=1, speed=5, trial=3, x__rid_x=f2243dd0cad6715c: dummy_return_one(x)
[10:14:54.858] [INFO] [run] subject=3, session=1, speed=5, trial=4, x__rid_x=8d1e85e63fd4bf6b: dummy_return_one(x)
[10:14:54.858] [INFO] [run] subject=3, session=1, speed=5, trial=5, x__rid_x=ae7887e068aba9ec: dummy_return_one(x)
[10:14:54.866] [INFO] [run] subject=3, session=1, speed=5, trial=6, x__rid_x=f8be6f424b42bf95: dummy_return_one(x)
[10:14:54.867] [INFO] [run] subject=3, session=1, speed=5, trial=7, x__rid_x=ac73b58d93e231f7: dummy_return_one(x)
[10:14:54.867] [INFO] [run] subject=3, session=1, speed=6, trial=1, x__rid_x=a3f240bc2593032a: dummy_return_one(x)
[10:14:54.868] [INFO] [run] subject=3, session=1, speed=6, trial=2, x__rid_x=9f248974cdd369b4: dummy_return_one(x)
[10:14:54.875] [INFO] [run] subject=3, session=1, speed=6, trial=3, x__rid_x=3a1fcd30ba2270b5: dummy_return_one(x)
[10:14:54.876] [INFO] [run] subject=3, session=1, speed=6, trial=4, x__rid_x=3f99daa97948a818: dummy_return_one(x)
[10:14:54.877] [INFO] [run] subject=3, session=1, speed=6, trial=5, x__rid_x=592d6a3f7a3c4036: dummy_return_one(x)
[10:14:54.884] [INFO] [run] subject=3, session=1, speed=6, trial=6, x__rid_x=7dd730f15329c815: dummy_return_one(x)
[10:14:54.885] [INFO] [run] subject=3, session=1, speed=6, trial=7, x__rid_x=3dfa40335c8a538e: dummy_return_one(x)
[10:14:54.886] [INFO] [run] subject=3, session=1, speed=7, trial=1, x__rid_x=6dbe1ac1a6c15ade: dummy_return_one(x)
[10:14:54.886] [INFO] [run] subject=3, session=1, speed=7, trial=2, x__rid_x=5c74e72d0fd2be87: dummy_return_one(x)
[10:14:54.894] [INFO] [run] subject=3, session=1, speed=7, trial=3, x__rid_x=486299bfa273a02e: dummy_return_one(x)
[10:14:54.895] [INFO] [run] subject=3, session=1, speed=7, trial=4, x__rid_x=29c2879a3e40f0d1: dummy_return_one(x)
[10:14:54.895] [INFO] [run] subject=3, session=1, speed=7, trial=5, x__rid_x=c73782f7eb6d5f04: dummy_return_one(x)
[10:14:54.903] [INFO] [run] subject=3, session=1, speed=7, trial=6, x__rid_x=fd1970d7d8a8bdfa: dummy_return_one(x)
[10:14:54.904] [INFO] [run] subject=3, session=1, speed=7, trial=7, x__rid_x=533ef15f5f3b4e40: dummy_return_one(x)
[10:14:54.905] [INFO] [run] subject=3, session=1, speed=8, trial=1, x__rid_x=b1e5a07c6018696d: dummy_return_one(x)
[10:14:54.912] [INFO] [run] subject=3, session=1, speed=8, trial=2, x__rid_x=8f39d4e02e3264ed: dummy_return_one(x)
[10:14:54.913] [INFO] [run] subject=3, session=1, speed=8, trial=3, x__rid_x=25c6f24fb9151eb4: dummy_return_one(x)
[10:14:54.914] [INFO] [run] subject=3, session=1, speed=8, trial=4, x__rid_x=eac134f30b3946a6: dummy_return_one(x)
[10:14:54.914] [INFO] [run] subject=3, session=1, speed=8, trial=5, x__rid_x=f46cbb468a581d82: dummy_return_one(x)
[10:14:54.922] [INFO] [run] subject=3, session=1, speed=8, trial=6, x__rid_x=e10952a3ebb21d49: dummy_return_one(x)
[10:14:54.923] [INFO] [run] subject=3, session=1, speed=8, trial=7, x__rid_x=0fc865ed493b96d5: dummy_return_one(x)
[10:14:54.924] [INFO] [run] subject=3, session=1, speed=9, trial=1, x__rid_x=0ec7020c28fc6c1f: dummy_return_one(x)
[10:14:54.931] [INFO] [run] subject=3, session=1, speed=9, trial=2, x__rid_x=bd5427af4463ba25: dummy_return_one(x)
[10:14:54.932] [INFO] [run] subject=3, session=1, speed=9, trial=3, x__rid_x=2fbbe1119e729002: dummy_return_one(x)
[10:14:54.933] [INFO] [run] subject=3, session=1, speed=9, trial=4, x__rid_x=27ffc4eef501c6a2: dummy_return_one(x)
[10:14:54.940] [INFO] [run] subject=3, session=1, speed=9, trial=5, x__rid_x=67f598f63cc2398b: dummy_return_one(x)
[10:14:54.942] [INFO] [run] subject=3, session=1, speed=9, trial=6, x__rid_x=9a0dfd78fc55f9f1: dummy_return_one(x)
[10:14:54.950] [INFO] [run] subject=3, session=1, speed=9, trial=7, x__rid_x=9648f174a43ab693: dummy_return_one(x)
[10:14:54.950] [INFO] [run] subject=3, session=2, speed=1, trial=1, x__rid_x=b114b0fabdb05708: dummy_return_one(x)
[10:14:54.951] [INFO] [run] subject=3, session=2, speed=1, trial=2, x__rid_x=579e36286767de03: dummy_return_one(x)
[10:14:54.951] [INFO] [run] subject=3, session=2, speed=1, trial=3, x__rid_x=912694a484c4a322: dummy_return_one(x)
[10:14:54.959] [INFO] [run] subject=3, session=2, speed=1, trial=4, x__rid_x=e5ec04eb768777c5: dummy_return_one(x)
[10:14:54.960] [INFO] [run] subject=3, session=2, speed=1, trial=5, x__rid_x=be742c5ec593fcdd: dummy_return_one(x)
[10:14:54.968] [INFO] [run] subject=3, session=2, speed=1, trial=6, x__rid_x=f610954d0e3e90d2: dummy_return_one(x)
[10:14:54.969] [INFO] [run] subject=3, session=2, speed=1, trial=7, x__rid_x=5cdab0f9c4a32ec7: dummy_return_one(x)
[10:14:54.969] [INFO] [run] subject=3, session=2, speed=10, trial=1, x__rid_x=e0eb822b2aa273b3: dummy_return_one(x)
[10:14:54.977] [INFO] [run] subject=3, session=2, speed=10, trial=2, x__rid_x=dd25ab76f520180f: dummy_return_one(x)
[10:14:54.978] [INFO] [run] subject=3, session=2, speed=10, trial=3, x__rid_x=b6073cbb4797a5cb: dummy_return_one(x)
[10:14:54.979] [INFO] [run] subject=3, session=2, speed=10, trial=4, x__rid_x=f5eb7678d41a59fa: dummy_return_one(x)
[10:14:54.987] [INFO] [run] subject=3, session=2, speed=10, trial=5, x__rid_x=34f6ff0d14e70bb9: dummy_return_one(x)
[10:14:54.988] [INFO] [run] subject=3, session=2, speed=10, trial=6, x__rid_x=a08cfb5b3d23e8c5: dummy_return_one(x)
[10:14:54.996] [INFO] [run] subject=3, session=2, speed=10, trial=7, x__rid_x=ea4830fffde24c86: dummy_return_one(x)
[10:14:54.997] [INFO] [run] subject=3, session=2, speed=2, trial=1, x__rid_x=310eb7954b061432: dummy_return_one(x)
[10:14:54.997] [INFO] [run] subject=3, session=2, speed=2, trial=2, x__rid_x=1bf9a0d80ff6c18b: dummy_return_one(x)
[10:14:54.998] [INFO] [run] subject=3, session=2, speed=2, trial=3, x__rid_x=989cd3e6e73aa81a: dummy_return_one(x)
[10:14:55.005] [INFO] [run] subject=3, session=2, speed=2, trial=4, x__rid_x=e3e779a240740efe: dummy_return_one(x)
[10:14:55.007] [INFO] [run] subject=3, session=2, speed=2, trial=5, x__rid_x=a8ba4737036593b3: dummy_return_one(x)
[10:14:55.007] [INFO] [run] subject=3, session=2, speed=2, trial=6, x__rid_x=00d9b799fc86ae27: dummy_return_one(x)
[10:14:55.015] [INFO] [run] subject=3, session=2, speed=2, trial=7, x__rid_x=b25f8219aa4facdc: dummy_return_one(x)
[10:14:55.015] [INFO] [run] subject=3, session=2, speed=3, trial=1, x__rid_x=e8a34b607a2e2786: dummy_return_one(x)
[10:14:55.016] [INFO] [run] subject=3, session=2, speed=3, trial=2, x__rid_x=b1184572d5c29120: dummy_return_one(x)
[10:14:55.016] [INFO] [run] subject=3, session=2, speed=3, trial=3, x__rid_x=fbc47dc4b7ffdb19: dummy_return_one(x)
[10:14:55.024] [INFO] [run] subject=3, session=2, speed=3, trial=4, x__rid_x=43d7ea7aea172bf7: dummy_return_one(x)
[10:14:55.025] [INFO] [run] subject=3, session=2, speed=3, trial=5, x__rid_x=9d42877ddc17d97f: dummy_return_one(x)
[10:14:55.026] [INFO] [run] subject=3, session=2, speed=3, trial=6, x__rid_x=c7ac221ed84540f6: dummy_return_one(x)
[10:14:55.033] [INFO] [run] subject=3, session=2, speed=3, trial=7, x__rid_x=11d791775904c38b: dummy_return_one(x)
[10:14:55.034] [INFO] [run] subject=3, session=2, speed=4, trial=1, x__rid_x=2706fa46be74ba17: dummy_return_one(x)
[10:14:55.035] [INFO] [run] subject=3, session=2, speed=4, trial=2, x__rid_x=b80d5ae09e6bc2b4: dummy_return_one(x)
[10:14:55.043] [INFO] [run] subject=3, session=2, speed=4, trial=3, x__rid_x=174e152ad6a69d24: dummy_return_one(x)
[10:14:55.044] [INFO] [run] subject=3, session=2, speed=4, trial=4, x__rid_x=581570debe01afcc: dummy_return_one(x)
[10:14:55.044] [INFO] [run] subject=3, session=2, speed=4, trial=5, x__rid_x=27d7b71861dbd9aa: dummy_return_one(x)
[10:14:55.052] [INFO] [run] subject=3, session=2, speed=4, trial=6, x__rid_x=ea48e53656943e35: dummy_return_one(x)
[10:14:55.053] [INFO] [run] subject=3, session=2, speed=4, trial=7, x__rid_x=56fe77607a760892: dummy_return_one(x)
[10:14:55.053] [INFO] [run] subject=3, session=2, speed=5, trial=1, x__rid_x=068921190083b9ff: dummy_return_one(x)
[10:14:55.061] [INFO] [run] subject=3, session=2, speed=5, trial=2, x__rid_x=7d9cdae1ba7c9694: dummy_return_one(x)
[10:14:55.062] [INFO] [run] subject=3, session=2, speed=5, trial=3, x__rid_x=66eb6f0b7968cdef: dummy_return_one(x)
[10:14:55.063] [INFO] [run] subject=3, session=2, speed=5, trial=4, x__rid_x=64898e4bf508cde9: dummy_return_one(x)
[10:14:55.071] [INFO] [run] subject=3, session=2, speed=5, trial=5, x__rid_x=78281853a795992f: dummy_return_one(x)
[10:14:55.072] [INFO] [run] subject=3, session=2, speed=5, trial=6, x__rid_x=06b81a7163aadee6: dummy_return_one(x)
[10:14:55.072] [INFO] [run] subject=3, session=2, speed=5, trial=7, x__rid_x=30eb112e0640c786: dummy_return_one(x)
[10:14:55.080] [INFO] [run] subject=3, session=2, speed=6, trial=1, x__rid_x=607f7a5d058b8631: dummy_return_one(x)
[10:14:55.081] [INFO] [run] subject=3, session=2, speed=6, trial=2, x__rid_x=b0aa44ccb5eb43e4: dummy_return_one(x)
[10:14:55.081] [INFO] [run] subject=3, session=2, speed=6, trial=3, x__rid_x=38d192bccce01b36: dummy_return_one(x)
[10:14:55.089] [INFO] [run] subject=3, session=2, speed=6, trial=4, x__rid_x=47310a295c47c8bf: dummy_return_one(x)
[10:14:55.091] [INFO] [run] subject=3, session=2, speed=6, trial=5, x__rid_x=8f549871ca62c01e: dummy_return_one(x)
[10:14:55.099] [INFO] [run] subject=3, session=2, speed=6, trial=6, x__rid_x=b9d22ab4778a21cc: dummy_return_one(x)
[10:14:55.100] [INFO] [run] subject=3, session=2, speed=6, trial=7, x__rid_x=6fd462d8e97fd040: dummy_return_one(x)
[10:14:55.101] [INFO] [run] subject=3, session=2, speed=7, trial=1, x__rid_x=c5f3c9749cc52c8d: dummy_return_one(x)
[10:14:55.109] [INFO] [run] subject=3, session=2, speed=7, trial=2, x__rid_x=3ea715654cab3179: dummy_return_one(x)
[10:14:55.110] [INFO] [run] subject=3, session=2, speed=7, trial=3, x__rid_x=19888abb424d9e2e: dummy_return_one(x)
[10:14:55.110] [INFO] [run] subject=3, session=2, speed=7, trial=4, x__rid_x=644e7a9bb2e14f0c: dummy_return_one(x)
[10:14:55.118] [INFO] [run] subject=3, session=2, speed=7, trial=5, x__rid_x=ca452db82841ba2b: dummy_return_one(x)
[10:14:55.118] [INFO] [run] subject=3, session=2, speed=7, trial=6, x__rid_x=e8c9c7f316ff6269: dummy_return_one(x)
[10:14:55.119] [INFO] [run] subject=3, session=2, speed=7, trial=7, x__rid_x=2afe4ac8047ff74f: dummy_return_one(x)
[10:14:55.120] [INFO] [run] subject=3, session=2, speed=8, trial=1, x__rid_x=0d58fb941e112764: dummy_return_one(x)
[10:14:55.127] [INFO] [run] subject=3, session=2, speed=8, trial=2, x__rid_x=189564a7ad3f8c97: dummy_return_one(x)
[10:14:55.128] [INFO] [run] subject=3, session=2, speed=8, trial=3, x__rid_x=e2da5e9622b43948: dummy_return_one(x)
[10:14:55.129] [INFO] [run] subject=3, session=2, speed=8, trial=4, x__rid_x=6bad5adaed20caca: dummy_return_one(x)
[10:14:55.137] [INFO] [run] subject=3, session=2, speed=8, trial=5, x__rid_x=97632c1f00f81cd5: dummy_return_one(x)
[10:14:55.138] [INFO] [run] subject=3, session=2, speed=8, trial=6, x__rid_x=e48e7ea44754b1f5: dummy_return_one(x)
[10:14:55.146] [INFO] [run] subject=3, session=2, speed=8, trial=7, x__rid_x=1bc120127f860ee2: dummy_return_one(x)
[10:14:55.147] [INFO] [run] subject=3, session=2, speed=9, trial=1, x__rid_x=af71d5b2a49a17e2: dummy_return_one(x)
[10:14:55.147] [INFO] [run] subject=3, session=2, speed=9, trial=2, x__rid_x=119146ad5a1bb0ed: dummy_return_one(x)
[10:14:55.155] [INFO] [run] subject=3, session=2, speed=9, trial=3, x__rid_x=9791ec42e0f84af6: dummy_return_one(x)
[10:14:55.157] [INFO] [run] subject=3, session=2, speed=9, trial=4, x__rid_x=23831a174070668b: dummy_return_one(x)
[10:14:55.165] [INFO] [run] subject=3, session=2, speed=9, trial=5, x__rid_x=55cec4e1b678f3c5: dummy_return_one(x)
[10:14:55.165] [INFO] [run] subject=3, session=2, speed=9, trial=6, x__rid_x=d373509f26aae972: dummy_return_one(x)
[10:14:55.166] [INFO] [run] subject=3, session=2, speed=9, trial=7, x__rid_x=d74396096843cfdf: dummy_return_one(x)
[10:14:55.166] [INFO] [run] subject=3, session=3, speed=1, trial=1, x__rid_x=834b84b565a7961f: dummy_return_one(x)
[10:14:55.174] [INFO] [run] subject=3, session=3, speed=1, trial=2, x__rid_x=58299ffbf2589595: dummy_return_one(x)
[10:14:55.175] [INFO] [run] subject=3, session=3, speed=1, trial=3, x__rid_x=9b4394fd35af3802: dummy_return_one(x)
[10:14:55.176] [INFO] [run] subject=3, session=3, speed=1, trial=4, x__rid_x=e8f1d5377c7560e3: dummy_return_one(x)
[10:14:55.183] [INFO] [run] subject=3, session=3, speed=1, trial=5, x__rid_x=84c603d0cda89161: dummy_return_one(x)
[10:14:55.184] [INFO] [run] subject=3, session=3, speed=1, trial=6, x__rid_x=5c2afa0b7141e177: dummy_return_one(x)
[10:14:55.185] [INFO] [run] subject=3, session=3, speed=1, trial=7, x__rid_x=dae75439812422ec: dummy_return_one(x)
[10:14:55.193] [INFO] [run] subject=3, session=3, speed=10, trial=1, x__rid_x=55856efc983ee297: dummy_return_one(x)
[10:14:55.194] [INFO] [run] subject=3, session=3, speed=10, trial=2, x__rid_x=e70cc2bf31c6bb6a: dummy_return_one(x)
[10:14:55.202] [INFO] [run] subject=3, session=3, speed=10, trial=3, x__rid_x=7f923c4c9ad2eb3b: dummy_return_one(x)
[10:14:55.204] [INFO] [run] subject=3, session=3, speed=10, trial=4, x__rid_x=679d033a80df3260: dummy_return_one(x)
[10:14:55.212] [INFO] [run] subject=3, session=3, speed=10, trial=5, x__rid_x=250729f2f697473c: dummy_return_one(x)
[10:14:55.212] [INFO] [run] subject=3, session=3, speed=10, trial=6, x__rid_x=b42861dd89186837: dummy_return_one(x)
[10:14:55.213] [INFO] [run] subject=3, session=3, speed=10, trial=7, x__rid_x=ee03758a0e490ba7: dummy_return_one(x)
[10:14:55.221] [INFO] [run] subject=3, session=3, speed=2, trial=1, x__rid_x=d2a628cc3913dbb9: dummy_return_one(x)
[10:14:55.222] [INFO] [run] subject=3, session=3, speed=2, trial=2, x__rid_x=4ca4d0565827bc8f: dummy_return_one(x)
[10:14:55.223] [INFO] [run] subject=3, session=3, speed=2, trial=3, x__rid_x=7562ee3bcda23579: dummy_return_one(x)
[10:14:55.230] [INFO] [run] subject=3, session=3, speed=2, trial=4, x__rid_x=6f4ea2bde511e57a: dummy_return_one(x)
[10:14:55.231] [INFO] [run] subject=3, session=3, speed=2, trial=5, x__rid_x=8aa4a242341710a9: dummy_return_one(x)
[10:14:55.231] [INFO] [run] subject=3, session=3, speed=2, trial=6, x__rid_x=126b03d2c50fa400: dummy_return_one(x)
[10:14:55.232] [INFO] [run] subject=3, session=3, speed=2, trial=7, x__rid_x=d1e4ea2e7136bae7: dummy_return_one(x)
[10:14:55.240] [INFO] [run] subject=3, session=3, speed=3, trial=1, x__rid_x=63e6c16c2abad70d: dummy_return_one(x)
[10:14:55.241] [INFO] [run] subject=3, session=3, speed=3, trial=2, x__rid_x=d493b9d3291475eb: dummy_return_one(x)
[10:14:55.249] [INFO] [run] subject=3, session=3, speed=3, trial=3, x__rid_x=6ccccd3557164cac: dummy_return_one(x)
[10:14:55.250] [INFO] [run] subject=3, session=3, speed=3, trial=4, x__rid_x=8d7d22781d958f7a: dummy_return_one(x)
[10:14:55.250] [INFO] [run] subject=3, session=3, speed=3, trial=5, x__rid_x=fcc94236fe59021e: dummy_return_one(x)
[10:14:55.251] [INFO] [run] subject=3, session=3, speed=3, trial=6, x__rid_x=10026e0fccff255f: dummy_return_one(x)
[10:14:55.259] [INFO] [run] subject=3, session=3, speed=3, trial=7, x__rid_x=4de2a9cad37b2991: dummy_return_one(x)
[10:14:55.260] [INFO] [run] subject=3, session=3, speed=4, trial=1, x__rid_x=14fb19118a630634: dummy_return_one(x)
[10:14:55.268] [INFO] [run] subject=3, session=3, speed=4, trial=2, x__rid_x=8632212a494b17dd: dummy_return_one(x)
[10:14:55.269] [INFO] [run] subject=3, session=3, speed=4, trial=3, x__rid_x=8a4dce59a7815c54: dummy_return_one(x)
[10:14:55.269] [INFO] [run] subject=3, session=3, speed=4, trial=4, x__rid_x=a255380890827fe5: dummy_return_one(x)
[10:14:55.278] [INFO] [run] subject=3, session=3, speed=4, trial=5, x__rid_x=818e44708618a30b: dummy_return_one(x)
[10:14:55.278] [INFO] [run] subject=3, session=3, speed=4, trial=6, x__rid_x=0eec2f62afa8bd79: dummy_return_one(x)
[10:14:55.279] [INFO] [run] subject=3, session=3, speed=4, trial=7, x__rid_x=a0ff71228d2591f5: dummy_return_one(x)
[10:14:55.287] [INFO] [run] subject=3, session=3, speed=5, trial=1, x__rid_x=eed5572a50c2a504: dummy_return_one(x)
[10:14:55.288] [INFO] [run] subject=3, session=3, speed=5, trial=2, x__rid_x=96e6ec351e8abf9b: dummy_return_one(x)
[10:14:55.296] [INFO] [run] subject=3, session=3, speed=5, trial=3, x__rid_x=9fd8a746d32358bc: dummy_return_one(x)
[10:14:55.297] [INFO] [run] subject=3, session=3, speed=5, trial=4, x__rid_x=7c3bbfbf6819f34c: dummy_return_one(x)
[10:14:55.298] [INFO] [run] subject=3, session=3, speed=5, trial=5, x__rid_x=59a3054b6ab0e580: dummy_return_one(x)
[10:14:55.298] [INFO] [run] subject=3, session=3, speed=5, trial=6, x__rid_x=7f0d93f95d427de6: dummy_return_one(x)
[10:14:55.306] [INFO] [run] subject=3, session=3, speed=5, trial=7, x__rid_x=16d1f10088feb653: dummy_return_one(x)
[10:14:55.307] [INFO] [run] subject=3, session=3, speed=6, trial=1, x__rid_x=366fcbdaf5b1634e: dummy_return_one(x)
[10:14:55.308] [INFO] [run] subject=3, session=3, speed=6, trial=2, x__rid_x=0bbd2863c345b6f2: dummy_return_one(x)
[10:14:55.315] [INFO] [run] subject=3, session=3, speed=6, trial=3, x__rid_x=96f07c8c32b2db89: dummy_return_one(x)
[10:14:55.316] [INFO] [run] subject=3, session=3, speed=6, trial=4, x__rid_x=69e6722fe820677a: dummy_return_one(x)
[10:14:55.316] [INFO] [run] subject=3, session=3, speed=6, trial=5, x__rid_x=d798ae0e3e1a4a00: dummy_return_one(x)
[10:14:55.317] [INFO] [run] subject=3, session=3, speed=6, trial=6, x__rid_x=70a0d1c2c99f9cc3: dummy_return_one(x)
[10:14:55.325] [INFO] [run] subject=3, session=3, speed=6, trial=7, x__rid_x=8ca854e8fac39ffa: dummy_return_one(x)
[10:14:55.326] [INFO] [run] subject=3, session=3, speed=7, trial=1, x__rid_x=fbfdf641100f9e41: dummy_return_one(x)
[10:14:55.334] [INFO] [run] subject=3, session=3, speed=7, trial=2, x__rid_x=b01def644a4a513f: dummy_return_one(x)
[10:14:55.335] [INFO] [run] subject=3, session=3, speed=7, trial=3, x__rid_x=073cc54b5e163bba: dummy_return_one(x)
[10:14:55.336] [INFO] [run] subject=3, session=3, speed=7, trial=4, x__rid_x=7b7bddae86c279f0: dummy_return_one(x)
[10:14:55.344] [INFO] [run] subject=3, session=3, speed=7, trial=5, x__rid_x=7d91f10e628e5543: dummy_return_one(x)
[10:14:55.345] [INFO] [run] subject=3, session=3, speed=7, trial=6, x__rid_x=b378a27a618c8e4f: dummy_return_one(x)
[10:14:55.353] [INFO] [run] subject=3, session=3, speed=7, trial=7, x__rid_x=1d17ee7cdc778066: dummy_return_one(x)
[10:14:55.354] [INFO] [run] subject=3, session=3, speed=8, trial=1, x__rid_x=c3e7acf3c8f0e0c8: dummy_return_one(x)
[10:14:55.355] [INFO] [run] subject=3, session=3, speed=8, trial=2, x__rid_x=653c7b05bc5485c5: dummy_return_one(x)
[10:14:55.362] [INFO] [run] subject=3, session=3, speed=8, trial=3, x__rid_x=8ff1cdac46130c3f: dummy_return_one(x)
[10:14:55.363] [INFO] [run] subject=3, session=3, speed=8, trial=4, x__rid_x=b16cde0a16e02375: dummy_return_one(x)
[10:14:55.363] [INFO] [run] subject=3, session=3, speed=8, trial=5, x__rid_x=cca12ee47d6eb596: dummy_return_one(x)
[10:14:55.364] [INFO] [run] subject=3, session=3, speed=8, trial=6, x__rid_x=b0fa3b901d630167: dummy_return_one(x)
[10:14:55.372] [INFO] [run] subject=3, session=3, speed=8, trial=7, x__rid_x=1866fc9942d30423: dummy_return_one(x)
[10:14:55.373] [INFO] [run] subject=3, session=3, speed=9, trial=1, x__rid_x=78126444d7c86cb9: dummy_return_one(x)
[10:14:55.381] [INFO] [run] subject=3, session=3, speed=9, trial=2, x__rid_x=55dcb151a27258fe: dummy_return_one(x)
[10:14:55.382] [INFO] [run] subject=3, session=3, speed=9, trial=3, x__rid_x=16a691019a32d4dd: dummy_return_one(x)
[10:14:55.383] [INFO] [run] subject=3, session=3, speed=9, trial=4, x__rid_x=8fc0e99fa4e1ee3f: dummy_return_one(x)
[10:14:55.391] [INFO] [run] subject=3, session=3, speed=9, trial=5, x__rid_x=8a5a26a9af4646f6: dummy_return_one(x)
[10:14:55.392] [INFO] [run] subject=3, session=3, speed=9, trial=6, x__rid_x=2b98e8c7b8957c6e: dummy_return_one(x)
[10:14:55.392] [INFO] [run] subject=3, session=3, speed=9, trial=7, x__rid_x=d08f26bfd860cab4: dummy_return_one(x)
[10:14:55.400] [INFO] [run] subject=3, session=4, speed=1, trial=1, x__rid_x=53a080dbda6a724c: dummy_return_one(x)
[10:14:55.401] [INFO] [run] subject=3, session=4, speed=1, trial=2, x__rid_x=77844f1a566a6cda: dummy_return_one(x)
[10:14:55.401] [INFO] [run] subject=3, session=4, speed=1, trial=3, x__rid_x=6087fe5bddb53acb: dummy_return_one(x)
[10:14:55.402] [INFO] [run] subject=3, session=4, speed=1, trial=4, x__rid_x=3754a02a832b292c: dummy_return_one(x)
[10:14:55.410] [INFO] [run] subject=3, session=4, speed=1, trial=5, x__rid_x=fd67a252fcb4c6b8: dummy_return_one(x)
[10:14:55.411] [INFO] [run] subject=3, session=4, speed=1, trial=6, x__rid_x=22fb309fa4246793: dummy_return_one(x)
[10:14:55.419] [INFO] [run] subject=3, session=4, speed=1, trial=7, x__rid_x=26b5a9657b4b8f31: dummy_return_one(x)
[10:14:55.421] [INFO] [run] subject=3, session=4, speed=10, trial=1, x__rid_x=4760cb0e2fca26c1: dummy_return_one(x)
[10:14:55.429] [INFO] [run] subject=3, session=4, speed=10, trial=2, x__rid_x=650b3e24bb810a51: dummy_return_one(x)
[10:14:55.429] [INFO] [run] subject=3, session=4, speed=10, trial=3, x__rid_x=9056f5e7265d3d4d: dummy_return_one(x)
[10:14:55.430] [INFO] [run] subject=3, session=4, speed=10, trial=4, x__rid_x=e0ea434549a9e6ec: dummy_return_one(x)
[10:14:55.430] [INFO] [run] subject=3, session=4, speed=10, trial=5, x__rid_x=f09b46b91e58ae06: dummy_return_one(x)
[10:14:55.438] [INFO] [run] subject=3, session=4, speed=10, trial=6, x__rid_x=40a5a74df3bc29d0: dummy_return_one(x)
[10:14:55.439] [INFO] [run] subject=3, session=4, speed=10, trial=7, x__rid_x=c3e28653d60df84c: dummy_return_one(x)
[10:14:55.448] [INFO] [run] subject=3, session=4, speed=2, trial=1, x__rid_x=d16c8c94cfa19e61: dummy_return_one(x)
[10:14:55.448] [INFO] [run] subject=3, session=4, speed=2, trial=2, x__rid_x=a6c1b95d68559fff: dummy_return_one(x)
[10:14:55.449] [INFO] [run] subject=3, session=4, speed=2, trial=3, x__rid_x=818839726f052417: dummy_return_one(x)
[10:14:55.449] [INFO] [run] subject=3, session=4, speed=2, trial=4, x__rid_x=1695c94458600e1d: dummy_return_one(x)
[10:14:55.457] [INFO] [run] subject=3, session=4, speed=2, trial=5, x__rid_x=5e766d13b47f9a23: dummy_return_one(x)
[10:14:55.458] [INFO] [run] subject=3, session=4, speed=2, trial=6, x__rid_x=d72ff2d26efc7533: dummy_return_one(x)
[10:14:55.459] [INFO] [run] subject=3, session=4, speed=2, trial=7, x__rid_x=14a3a0520b94ef6e: dummy_return_one(x)
[10:14:55.466] [INFO] [run] subject=3, session=4, speed=3, trial=1, x__rid_x=75bc3e11ac1cbd70: dummy_return_one(x)
[10:14:55.467] [INFO] [run] subject=3, session=4, speed=3, trial=2, x__rid_x=c74b0ecb37c6991a: dummy_return_one(x)
[10:14:55.468] [INFO] [run] subject=3, session=4, speed=3, trial=3, x__rid_x=362b7eca2e2265e3: dummy_return_one(x)
[10:14:55.468] [INFO] [run] subject=3, session=4, speed=3, trial=4, x__rid_x=4f145ed0ca6aa182: dummy_return_one(x)
[10:14:55.476] [INFO] [run] subject=3, session=4, speed=3, trial=5, x__rid_x=fd6d6a5ddf12a3eb: dummy_return_one(x)
[10:14:55.477] [INFO] [run] subject=3, session=4, speed=3, trial=6, x__rid_x=ddd48f2ef2f3cc56: dummy_return_one(x)
[10:14:55.478] [INFO] [run] subject=3, session=4, speed=3, trial=7, x__rid_x=12c8d08d8c940ab0: dummy_return_one(x)
[10:14:55.485] [INFO] [run] subject=3, session=4, speed=4, trial=1, x__rid_x=590aef0440eb1582: dummy_return_one(x)
[10:14:55.486] [INFO] [run] subject=3, session=4, speed=4, trial=2, x__rid_x=afe06ce9d90c5f42: dummy_return_one(x)
[10:14:55.487] [INFO] [run] subject=3, session=4, speed=4, trial=3, x__rid_x=f2aceb005f7e20c7: dummy_return_one(x)
[10:14:55.495] [INFO] [run] subject=3, session=4, speed=4, trial=4, x__rid_x=08537e65d51f6b74: dummy_return_one(x)
[10:14:55.496] [INFO] [run] subject=3, session=4, speed=4, trial=5, x__rid_x=63c445b4896f0814: dummy_return_one(x)
[10:14:55.496] [INFO] [run] subject=3, session=4, speed=4, trial=6, x__rid_x=e542f14c93f15ff8: dummy_return_one(x)
[10:14:55.497] [INFO] [run] subject=3, session=4, speed=4, trial=7, x__rid_x=95d45ab60778e4d1: dummy_return_one(x)
[10:14:55.505] [INFO] [run] subject=3, session=4, speed=5, trial=1, x__rid_x=7a3f75388bcba9e5: dummy_return_one(x)
[10:14:55.506] [INFO] [run] subject=3, session=4, speed=5, trial=2, x__rid_x=0473029ae78db6e8: dummy_return_one(x)
[10:14:55.506] [INFO] [run] subject=3, session=4, speed=5, trial=3, x__rid_x=7089cc54f54d15dd: dummy_return_one(x)
[10:14:55.514] [INFO] [run] subject=3, session=4, speed=5, trial=4, x__rid_x=012e238543f0f3d0: dummy_return_one(x)
[10:14:55.515] [INFO] [run] subject=3, session=4, speed=5, trial=5, x__rid_x=49edb9af382102ea: dummy_return_one(x)
[10:14:55.515] [INFO] [run] subject=3, session=4, speed=5, trial=6, x__rid_x=7022fe96662ecf7d: dummy_return_one(x)
[10:14:55.516] [INFO] [run] subject=3, session=4, speed=5, trial=7, x__rid_x=eb9aa71aeaba273e: dummy_return_one(x)
[10:14:55.524] [INFO] [run] subject=3, session=4, speed=6, trial=1, x__rid_x=38f04e648f986be8: dummy_return_one(x)
[10:14:55.525] [INFO] [run] subject=3, session=4, speed=6, trial=2, x__rid_x=c9fcbdbd940f32f4: dummy_return_one(x)
[10:14:55.533] [INFO] [run] subject=3, session=4, speed=6, trial=3, x__rid_x=338ab6badde522a8: dummy_return_one(x)
[10:14:55.534] [INFO] [run] subject=3, session=4, speed=6, trial=4, x__rid_x=3c436da2b85bf9ec: dummy_return_one(x)
[10:14:55.534] [INFO] [run] subject=3, session=4, speed=6, trial=5, x__rid_x=b627f2fcaed9d830: dummy_return_one(x)
[10:14:55.543] [INFO] [run] subject=3, session=4, speed=6, trial=6, x__rid_x=336959b8fa3dab3e: dummy_return_one(x)
[10:14:55.544] [INFO] [run] subject=3, session=4, speed=6, trial=7, x__rid_x=0167460c9e807576: dummy_return_one(x)
[10:14:55.544] [INFO] [run] subject=3, session=4, speed=7, trial=1, x__rid_x=49a78c70bfc96fb1: dummy_return_one(x)
[10:14:55.552] [INFO] [run] subject=3, session=4, speed=7, trial=2, x__rid_x=4379ae578f92051b: dummy_return_one(x)
[10:14:55.553] [INFO] [run] subject=3, session=4, speed=7, trial=3, x__rid_x=1feea9fa2c8d4646: dummy_return_one(x)
[10:14:55.562] [INFO] [run] subject=3, session=4, speed=7, trial=4, x__rid_x=3e30a95b4edd5d48: dummy_return_one(x)
[10:14:55.562] [INFO] [run] subject=3, session=4, speed=7, trial=5, x__rid_x=ef3097013a7bc3cb: dummy_return_one(x)
[10:14:55.563] [INFO] [run] subject=3, session=4, speed=7, trial=6, x__rid_x=fd1b6e973d662897: dummy_return_one(x)
[10:14:55.571] [INFO] [run] subject=3, session=4, speed=7, trial=7, x__rid_x=a96594071dd24afc: dummy_return_one(x)
[10:14:55.573] [INFO] [run] subject=3, session=4, speed=8, trial=1, x__rid_x=40935b7670f70d22: dummy_return_one(x)
[10:14:55.581] [INFO] [run] subject=3, session=4, speed=8, trial=2, x__rid_x=e234684c34954498: dummy_return_one(x)
[10:14:55.581] [INFO] [run] subject=3, session=4, speed=8, trial=3, x__rid_x=fcfa2e9a6d78d971: dummy_return_one(x)
[10:14:55.582] [INFO] [run] subject=3, session=4, speed=8, trial=4, x__rid_x=43f63236eacc1359: dummy_return_one(x)
[10:14:55.583] [INFO] [run] subject=3, session=4, speed=8, trial=5, x__rid_x=c23c21f0ee8d7a5e: dummy_return_one(x)
[10:14:55.591] [INFO] [run] subject=3, session=4, speed=8, trial=6, x__rid_x=d75b93dbb30e347c: dummy_return_one(x)
[10:14:55.592] [INFO] [run] subject=3, session=4, speed=8, trial=7, x__rid_x=31e30634a1ac4241: dummy_return_one(x)
[10:14:55.592] [INFO] [run] subject=3, session=4, speed=9, trial=1, x__rid_x=6f4697e328c6142d: dummy_return_one(x)
[10:14:55.600] [INFO] [run] subject=3, session=4, speed=9, trial=2, x__rid_x=1ef3cdc3c622b943: dummy_return_one(x)
[10:14:55.601] [INFO] [run] subject=3, session=4, speed=9, trial=3, x__rid_x=a8b947a218e2878d: dummy_return_one(x)
[10:14:55.601] [INFO] [run] subject=3, session=4, speed=9, trial=4, x__rid_x=ddfd8ea762ca3307: dummy_return_one(x)
[10:14:55.602] [INFO] [run] subject=3, session=4, speed=9, trial=5, x__rid_x=b9270d24bd7f8c85: dummy_return_one(x)
[10:14:55.610] [INFO] [run] subject=3, session=4, speed=9, trial=6, x__rid_x=0e55419f6f4e38fa: dummy_return_one(x)
[10:14:55.611] [INFO] [run] subject=3, session=4, speed=9, trial=7, x__rid_x=2d98479b78b14733: dummy_return_one(x)
[10:14:55.611] [INFO] [run] subject=3, session=5, speed=1, trial=1, x__rid_x=c4fdda389b65992c: dummy_return_one(x)
[10:14:55.619] [INFO] [run] subject=3, session=5, speed=1, trial=2, x__rid_x=a02ccf9fba9b612e: dummy_return_one(x)
[10:14:55.620] [INFO] [run] subject=3, session=5, speed=1, trial=3, x__rid_x=ef9ec1aca96642cf: dummy_return_one(x)
[10:14:55.629] [INFO] [run] subject=3, session=5, speed=1, trial=4, x__rid_x=ba1f7c56abce01c3: dummy_return_one(x)
[10:14:55.629] [INFO] [run] subject=3, session=5, speed=1, trial=5, x__rid_x=6334f6f98ed6bdb3: dummy_return_one(x)
[10:14:55.630] [INFO] [run] subject=3, session=5, speed=1, trial=6, x__rid_x=b4261caa4793a1b9: dummy_return_one(x)
[10:14:55.638] [INFO] [run] subject=3, session=5, speed=1, trial=7, x__rid_x=4b876758d55eb20c: dummy_return_one(x)
[10:14:55.640] [INFO] [run] subject=3, session=5, speed=10, trial=1, x__rid_x=ab8cb1ab3afaa13c: dummy_return_one(x)
[10:14:55.648] [INFO] [run] subject=3, session=5, speed=10, trial=2, x__rid_x=547a244ee2024381: dummy_return_one(x)
[10:14:55.648] [INFO] [run] subject=3, session=5, speed=10, trial=3, x__rid_x=ce25228056496533: dummy_return_one(x)
[10:14:55.649] [INFO] [run] subject=3, session=5, speed=10, trial=4, x__rid_x=15cfd48b8bc008db: dummy_return_one(x)
[10:14:55.650] [INFO] [run] subject=3, session=5, speed=10, trial=5, x__rid_x=fdf43f0b61643298: dummy_return_one(x)
[10:14:55.658] [INFO] [run] subject=3, session=5, speed=10, trial=6, x__rid_x=5e0c134c633bd5e5: dummy_return_one(x)
[10:14:55.659] [INFO] [run] subject=3, session=5, speed=10, trial=7, x__rid_x=f3d2ab1343e61c93: dummy_return_one(x)
[10:14:55.667] [INFO] [run] subject=3, session=5, speed=2, trial=1, x__rid_x=0dafec7fc91f8331: dummy_return_one(x)
[10:14:55.668] [INFO] [run] subject=3, session=5, speed=2, trial=2, x__rid_x=bf3faeeb359cc942: dummy_return_one(x)
[10:14:55.668] [INFO] [run] subject=3, session=5, speed=2, trial=3, x__rid_x=5c430a3d498c29cb: dummy_return_one(x)
[10:14:55.677] [INFO] [run] subject=3, session=5, speed=2, trial=4, x__rid_x=d78e5334d4c29afa: dummy_return_one(x)
[10:14:55.678] [INFO] [run] subject=3, session=5, speed=2, trial=5, x__rid_x=28bc48eada9546fb: dummy_return_one(x)
[10:14:55.678] [INFO] [run] subject=3, session=5, speed=2, trial=6, x__rid_x=a894d8af4fcd6e8d: dummy_return_one(x)
[10:14:55.686] [INFO] [run] subject=3, session=5, speed=2, trial=7, x__rid_x=c88cb52e6fff6035: dummy_return_one(x)
[10:14:55.687] [INFO] [run] subject=3, session=5, speed=3, trial=1, x__rid_x=5c05a4fde8cada65: dummy_return_one(x)
[10:14:55.696] [INFO] [run] subject=3, session=5, speed=3, trial=2, x__rid_x=609f1bfdcba48b66: dummy_return_one(x)
[10:14:55.696] [INFO] [run] subject=3, session=5, speed=3, trial=3, x__rid_x=d40fdc2c14cdefd4: dummy_return_one(x)
[10:14:55.697] [INFO] [run] subject=3, session=5, speed=3, trial=4, x__rid_x=b1fa1403e2920ea4: dummy_return_one(x)
[10:14:55.705] [INFO] [run] subject=3, session=5, speed=3, trial=5, x__rid_x=9f8cae1fa31669b1: dummy_return_one(x)
[10:14:55.706] [INFO] [run] subject=3, session=5, speed=3, trial=6, x__rid_x=1a0880df915cc2d7: dummy_return_one(x)
[10:14:55.715] [INFO] [run] subject=3, session=5, speed=3, trial=7, x__rid_x=866af287ae4de28f: dummy_return_one(x)
[10:14:55.715] [INFO] [run] subject=3, session=5, speed=4, trial=1, x__rid_x=90731fdc667bc399: dummy_return_one(x)
[10:14:55.716] [INFO] [run] subject=3, session=5, speed=4, trial=2, x__rid_x=54c8527244372fa1: dummy_return_one(x)
[10:14:55.717] [INFO] [run] subject=3, session=5, speed=4, trial=3, x__rid_x=d861e11e3d80acb5: dummy_return_one(x)
[10:14:55.725] [INFO] [run] subject=3, session=5, speed=4, trial=4, x__rid_x=5f55f5a772cfc4e3: dummy_return_one(x)
[10:14:55.726] [INFO] [run] subject=3, session=5, speed=4, trial=5, x__rid_x=b7aa569fa487c7d8: dummy_return_one(x)
[10:14:55.734] [INFO] [run] subject=3, session=5, speed=4, trial=6, x__rid_x=d6ac9baa6fbeaa03: dummy_return_one(x)
[10:14:55.735] [INFO] [run] subject=3, session=5, speed=4, trial=7, x__rid_x=f41dfc6a1e80e2e0: dummy_return_one(x)
[10:14:55.735] [INFO] [run] subject=3, session=5, speed=5, trial=1, x__rid_x=312de2e8968e041f: dummy_return_one(x)
[10:14:55.736] [INFO] [run] subject=3, session=5, speed=5, trial=2, x__rid_x=789e83d81fb8aaa0: dummy_return_one(x)
[10:14:55.744] [INFO] [run] subject=3, session=5, speed=5, trial=3, x__rid_x=bdb9e4252c1daed3: dummy_return_one(x)
[10:14:55.745] [INFO] [run] subject=3, session=5, speed=5, trial=4, x__rid_x=05fabf7c3f82ded5: dummy_return_one(x)
[10:14:55.745] [INFO] [run] subject=3, session=5, speed=5, trial=5, x__rid_x=28dd8bfecd9c964f: dummy_return_one(x)
[10:14:55.753] [INFO] [run] subject=3, session=5, speed=5, trial=6, x__rid_x=99a80865a634b68d: dummy_return_one(x)
[10:14:55.754] [INFO] [run] subject=3, session=5, speed=5, trial=7, x__rid_x=be24180e68717f8a: dummy_return_one(x)
[10:14:55.755] [INFO] [run] subject=3, session=5, speed=6, trial=1, x__rid_x=48b3499836abb553: dummy_return_one(x)
[10:14:55.763] [INFO] [run] subject=3, session=5, speed=6, trial=2, x__rid_x=ca71a17ab547d9c4: dummy_return_one(x)
[10:14:55.763] [INFO] [run] subject=3, session=5, speed=6, trial=3, x__rid_x=6ef628a77cb2bf8a: dummy_return_one(x)
[10:14:55.764] [INFO] [run] subject=3, session=5, speed=6, trial=4, x__rid_x=9eecaa5fad06f611: dummy_return_one(x)
[10:14:55.773] [INFO] [run] subject=3, session=5, speed=6, trial=5, x__rid_x=bfe29b4428037649: dummy_return_one(x)
[10:14:55.774] [INFO] [run] subject=3, session=5, speed=6, trial=6, x__rid_x=80c9a10332625660: dummy_return_one(x)
[10:14:55.774] [INFO] [run] subject=3, session=5, speed=6, trial=7, x__rid_x=21263ce4fbc93e06: dummy_return_one(x)
[10:14:55.782] [INFO] [run] subject=3, session=5, speed=7, trial=1, x__rid_x=3d511807f1867847: dummy_return_one(x)
[10:14:55.783] [INFO] [run] subject=3, session=5, speed=7, trial=2, x__rid_x=051f42ad176ced3d: dummy_return_one(x)
[10:14:55.784] [INFO] [run] subject=3, session=5, speed=7, trial=3, x__rid_x=8b4ace68f17b8b90: dummy_return_one(x)
[10:14:55.792] [INFO] [run] subject=3, session=5, speed=7, trial=4, x__rid_x=4b24191253a0f57a: dummy_return_one(x)
[10:14:55.793] [INFO] [run] subject=3, session=5, speed=7, trial=5, x__rid_x=61a8ce1521f871a4: dummy_return_one(x)
[10:14:55.794] [INFO] [run] subject=3, session=5, speed=7, trial=6, x__rid_x=5a637c3efc5d2371: dummy_return_one(x)
[10:14:55.802] [INFO] [run] subject=3, session=5, speed=7, trial=7, x__rid_x=da297aea41ca1929: dummy_return_one(x)
[10:14:55.802] [INFO] [run] subject=3, session=5, speed=8, trial=1, x__rid_x=19bb6dfe7961e98d: dummy_return_one(x)
[10:14:55.803] [INFO] [run] subject=3, session=5, speed=8, trial=2, x__rid_x=0e7a033b1c7f91ec: dummy_return_one(x)
[10:14:55.811] [INFO] [run] subject=3, session=5, speed=8, trial=3, x__rid_x=5cdf2b4c4e0c4c9d: dummy_return_one(x)
[10:14:55.812] [INFO] [run] subject=3, session=5, speed=8, trial=4, x__rid_x=112f1c03dfea28b6: dummy_return_one(x)
[10:14:55.813] [INFO] [run] subject=3, session=5, speed=8, trial=5, x__rid_x=d522b9660235f0d5: dummy_return_one(x)
[10:14:55.821] [INFO] [run] subject=3, session=5, speed=8, trial=6, x__rid_x=176f166a4ef5d957: dummy_return_one(x)
[10:14:55.822] [INFO] [run] subject=3, session=5, speed=8, trial=7, x__rid_x=0c40055dee1640a0: dummy_return_one(x)
[10:14:55.831] [INFO] [run] subject=3, session=5, speed=9, trial=1, x__rid_x=37ad8a305cd5d63e: dummy_return_one(x)
[10:14:55.831] [INFO] [run] subject=3, session=5, speed=9, trial=2, x__rid_x=a948cf636a0275cd: dummy_return_one(x)
[10:14:55.832] [INFO] [run] subject=3, session=5, speed=9, trial=3, x__rid_x=7024d2d2b21f4451: dummy_return_one(x)
[10:14:55.832] [INFO] [run] subject=3, session=5, speed=9, trial=4, x__rid_x=48e0fdfd00607f75: dummy_return_one(x)
[10:14:55.841] [INFO] [run] subject=3, session=5, speed=9, trial=5, x__rid_x=6c57e71186745fe2: dummy_return_one(x)
[10:14:55.842] [INFO] [run] subject=3, session=5, speed=9, trial=6, x__rid_x=330f99362dbec90e: dummy_return_one(x)
[10:14:55.851] [INFO] [run] subject=3, session=5, speed=9, trial=7, x__rid_x=7470b5fad506d80b: dummy_return_one(x)
[10:14:55.852] [INFO] [run] subject=4, session=1, speed=1, trial=1, x__rid_x=daef7a941957e7b8: dummy_return_one(x)
[10:14:55.860] [INFO] [run] subject=4, session=1, speed=1, trial=2, x__rid_x=e142bfde7f3d05ab: dummy_return_one(x)
[10:14:55.861] [INFO] [run] subject=4, session=1, speed=1, trial=3, x__rid_x=8acbcde03ffb9a84: dummy_return_one(x)
[10:14:55.862] [INFO] [run] subject=4, session=1, speed=1, trial=4, x__rid_x=56ba47abdf464ab5: dummy_return_one(x)
[10:14:55.870] [INFO] [run] subject=4, session=1, speed=1, trial=5, x__rid_x=7fd6a44a13e4473a: dummy_return_one(x)
[10:14:55.871] [INFO] [run] subject=4, session=1, speed=1, trial=6, x__rid_x=3f003ac4fb530f53: dummy_return_one(x)
[10:14:55.879] [INFO] [run] subject=4, session=1, speed=1, trial=7, x__rid_x=c6ae8f0dd1c09698: dummy_return_one(x)
[10:14:55.880] [INFO] [run] subject=4, session=1, speed=10, trial=1, x__rid_x=d9a7e383fa2c86d9: dummy_return_one(x)
[10:14:55.881] [INFO] [run] subject=4, session=1, speed=10, trial=2, x__rid_x=ccd7ef3b1822594d: dummy_return_one(x)
[10:14:55.881] [INFO] [run] subject=4, session=1, speed=10, trial=3, x__rid_x=c3c838b4a7e07034: dummy_return_one(x)
[10:14:55.889] [INFO] [run] subject=4, session=1, speed=10, trial=4, x__rid_x=5b0641e96c1cdec2: dummy_return_one(x)
[10:14:55.890] [INFO] [run] subject=4, session=1, speed=10, trial=5, x__rid_x=76fd3b1f2d1175dc: dummy_return_one(x)
[10:14:55.891] [INFO] [run] subject=4, session=1, speed=10, trial=6, x__rid_x=af33d558ba174acb: dummy_return_one(x)
[10:14:55.899] [INFO] [run] subject=4, session=1, speed=10, trial=7, x__rid_x=7c07f78c76eb4766: dummy_return_one(x)
[10:14:55.900] [INFO] [run] subject=4, session=1, speed=2, trial=1, x__rid_x=7b9e8d660b61a069: dummy_return_one(x)
[10:14:55.900] [INFO] [run] subject=4, session=1, speed=2, trial=2, x__rid_x=b5bde8585a0ad09f: dummy_return_one(x)
[10:14:55.901] [INFO] [run] subject=4, session=1, speed=2, trial=3, x__rid_x=48c1be89d6de1400: dummy_return_one(x)
[10:14:55.909] [INFO] [run] subject=4, session=1, speed=2, trial=4, x__rid_x=3930d841486d7bee: dummy_return_one(x)
[10:14:55.910] [INFO] [run] subject=4, session=1, speed=2, trial=5, x__rid_x=6ab5dddd145be6d3: dummy_return_one(x)
[10:14:55.918] [INFO] [run] subject=4, session=1, speed=2, trial=6, x__rid_x=5538bf42879fd401: dummy_return_one(x)
[10:14:55.919] [INFO] [run] subject=4, session=1, speed=2, trial=7, x__rid_x=277c5d87336f9b3e: dummy_return_one(x)
[10:14:55.920] [INFO] [run] subject=4, session=1, speed=3, trial=1, x__rid_x=8654c288562dab07: dummy_return_one(x)
[10:14:55.928] [INFO] [run] subject=4, session=1, speed=3, trial=2, x__rid_x=0c65dd1542f229b0: dummy_return_one(x)
[10:14:55.929] [INFO] [run] subject=4, session=1, speed=3, trial=3, x__rid_x=c9d55545ff7086ce: dummy_return_one(x)
[10:14:55.929] [INFO] [run] subject=4, session=1, speed=3, trial=4, x__rid_x=d0076210e827afcf: dummy_return_one(x)
[10:14:55.938] [INFO] [run] subject=4, session=1, speed=3, trial=5, x__rid_x=931def6886dbc2f9: dummy_return_one(x)
[10:14:55.939] [INFO] [run] subject=4, session=1, speed=3, trial=6, x__rid_x=08d2db8c2cb37917: dummy_return_one(x)
[10:14:55.940] [INFO] [run] subject=4, session=1, speed=3, trial=7, x__rid_x=e95bb014a3a7582d: dummy_return_one(x)
[10:14:55.947] [INFO] [run] subject=4, session=1, speed=4, trial=1, x__rid_x=8331efc2bcc7eaa3: dummy_return_one(x)
[10:14:55.948] [INFO] [run] subject=4, session=1, speed=4, trial=2, x__rid_x=b31ebc80d4cc7b69: dummy_return_one(x)
[10:14:55.949] [INFO] [run] subject=4, session=1, speed=4, trial=3, x__rid_x=a854b7f03b90194d: dummy_return_one(x)
[10:14:55.957] [INFO] [run] subject=4, session=1, speed=4, trial=4, x__rid_x=9cc2dded3caea2cc: dummy_return_one(x)
[10:14:55.959] [INFO] [run] subject=4, session=1, speed=4, trial=5, x__rid_x=dafb7625e295025c: dummy_return_one(x)
[10:14:55.967] [INFO] [run] subject=4, session=1, speed=4, trial=6, x__rid_x=dd2f85ceb4261e2a: dummy_return_one(x)
[10:14:55.968] [INFO] [run] subject=4, session=1, speed=4, trial=7, x__rid_x=6992d8ba6c7f14bb: dummy_return_one(x)
[10:14:55.968] [INFO] [run] subject=4, session=1, speed=5, trial=1, x__rid_x=38dde1faa7c3613a: dummy_return_one(x)
[10:14:55.977] [INFO] [run] subject=4, session=1, speed=5, trial=2, x__rid_x=bb7681dd3048fdc2: dummy_return_one(x)
[10:14:55.978] [INFO] [run] subject=4, session=1, speed=5, trial=3, x__rid_x=2aabc5a3cf350f1e: dummy_return_one(x)
[10:14:55.986] [INFO] [run] subject=4, session=1, speed=5, trial=4, x__rid_x=60f8a360a9c38102: dummy_return_one(x)
[10:14:55.987] [INFO] [run] subject=4, session=1, speed=5, trial=5, x__rid_x=3cb3869d60ecd880: dummy_return_one(x)
[10:14:55.988] [INFO] [run] subject=4, session=1, speed=5, trial=6, x__rid_x=5aa73e517efda2ca: dummy_return_one(x)
[10:14:55.996] [INFO] [run] subject=4, session=1, speed=5, trial=7, x__rid_x=5b7785d9d36de204: dummy_return_one(x)
[10:14:55.997] [INFO] [run] subject=4, session=1, speed=6, trial=1, x__rid_x=2ee2533cd67b7772: dummy_return_one(x)
[10:14:55.997] [INFO] [run] subject=4, session=1, speed=6, trial=2, x__rid_x=03ed39ac33ea5022: dummy_return_one(x)
[10:14:55.998] [INFO] [run] subject=4, session=1, speed=6, trial=3, x__rid_x=f4f0f72a9457d6df: dummy_return_one(x)
[10:14:56.006] [INFO] [run] subject=4, session=1, speed=6, trial=4, x__rid_x=5040b144fb6e66fd: dummy_return_one(x)
[10:14:56.007] [INFO] [run] subject=4, session=1, speed=6, trial=5, x__rid_x=11711d6395a7e540: dummy_return_one(x)
[10:14:56.016] [INFO] [run] subject=4, session=1, speed=6, trial=6, x__rid_x=5f5bd88e72f07b71: dummy_return_one(x)
[10:14:56.016] [INFO] [run] subject=4, session=1, speed=6, trial=7, x__rid_x=280543d4b1dbad08: dummy_return_one(x)
[10:14:56.017] [INFO] [run] subject=4, session=1, speed=7, trial=1, x__rid_x=0e7af146b9a1b735: dummy_return_one(x)
[10:14:56.017] [INFO] [run] subject=4, session=1, speed=7, trial=2, x__rid_x=a91af43519f9646a: dummy_return_one(x)
[10:14:56.026] [INFO] [run] subject=4, session=1, speed=7, trial=3, x__rid_x=4651ab9ab7941862: dummy_return_one(x)
[10:14:56.027] [INFO] [run] subject=4, session=1, speed=7, trial=4, x__rid_x=fab8c4dbfd90bf65: dummy_return_one(x)
[10:14:56.027] [INFO] [run] subject=4, session=1, speed=7, trial=5, x__rid_x=e0f2ab9fd55a1c0c: dummy_return_one(x)
[10:14:56.035] [INFO] [run] subject=4, session=1, speed=7, trial=6, x__rid_x=1d98be181d5bb5c2: dummy_return_one(x)
[10:14:56.036] [INFO] [run] subject=4, session=1, speed=7, trial=7, x__rid_x=833dba1e634597df: dummy_return_one(x)
[10:14:56.037] [INFO] [run] subject=4, session=1, speed=8, trial=1, x__rid_x=d6dfd587bfe57aa1: dummy_return_one(x)
[10:14:56.045] [INFO] [run] subject=4, session=1, speed=8, trial=2, x__rid_x=59229ebe4b6e5ec4: dummy_return_one(x)
[10:14:56.046] [INFO] [run] subject=4, session=1, speed=8, trial=3, x__rid_x=f266d4f6ec46d561: dummy_return_one(x)
[10:14:56.046] [INFO] [run] subject=4, session=1, speed=8, trial=4, x__rid_x=aaadff387d7693f6: dummy_return_one(x)
[10:14:56.055] [INFO] [run] subject=4, session=1, speed=8, trial=5, x__rid_x=95dcf99094244038: dummy_return_one(x)
[10:14:56.056] [INFO] [run] subject=4, session=1, speed=8, trial=6, x__rid_x=417597ca5d2754a2: dummy_return_one(x)
[10:14:56.064] [INFO] [run] subject=4, session=1, speed=8, trial=7, x__rid_x=feae1f0dcd8abf54: dummy_return_one(x)
[10:14:56.065] [INFO] [run] subject=4, session=1, speed=9, trial=1, x__rid_x=a21494a3fcb08e7b: dummy_return_one(x)
[10:14:56.066] [INFO] [run] subject=4, session=1, speed=9, trial=2, x__rid_x=a69d1b55757cb3e2: dummy_return_one(x)
[10:14:56.074] [INFO] [run] subject=4, session=1, speed=9, trial=3, x__rid_x=d3217e803d44ae29: dummy_return_one(x)
[10:14:56.076] [INFO] [run] subject=4, session=1, speed=9, trial=4, x__rid_x=730df69a39adda52: dummy_return_one(x)
[10:14:56.084] [INFO] [run] subject=4, session=1, speed=9, trial=5, x__rid_x=cf0a07725f668b82: dummy_return_one(x)
[10:14:56.085] [INFO] [run] subject=4, session=1, speed=9, trial=6, x__rid_x=6ded07ede5825a81: dummy_return_one(x)
[10:14:56.085] [INFO] [run] subject=4, session=1, speed=9, trial=7, x__rid_x=237f3e2b3679731a: dummy_return_one(x)
[10:14:56.086] [INFO] [run] subject=4, session=2, speed=1, trial=1, x__rid_x=d14468a1f5d63945: dummy_return_one(x)
[10:14:56.094] [INFO] [run] subject=4, session=2, speed=1, trial=2, x__rid_x=aabf503309cf2c7d: dummy_return_one(x)
[10:14:56.095] [INFO] [run] subject=4, session=2, speed=1, trial=3, x__rid_x=683cceb5a1d5edf3: dummy_return_one(x)
[10:14:56.095] [INFO] [run] subject=4, session=2, speed=1, trial=4, x__rid_x=df5514832861b66d: dummy_return_one(x)
[10:14:56.104] [INFO] [run] subject=4, session=2, speed=1, trial=5, x__rid_x=8fa90095ae7fdfc0: dummy_return_one(x)
[10:14:56.105] [INFO] [run] subject=4, session=2, speed=1, trial=6, x__rid_x=37f4c379d7e8eee1: dummy_return_one(x)
[10:14:56.105] [INFO] [run] subject=4, session=2, speed=1, trial=7, x__rid_x=cf8af161c4244165: dummy_return_one(x)
[10:14:56.113] [INFO] [run] subject=4, session=2, speed=10, trial=1, x__rid_x=d1bfa13efcee2fd0: dummy_return_one(x)
[10:14:56.114] [INFO] [run] subject=4, session=2, speed=10, trial=2, x__rid_x=69a63cb4968aa95c: dummy_return_one(x)
[10:14:56.115] [INFO] [run] subject=4, session=2, speed=10, trial=3, x__rid_x=20293e6f4583d2fd: dummy_return_one(x)
[10:14:56.115] [INFO] [run] subject=4, session=2, speed=10, trial=4, x__rid_x=e6e04115eefed0b0: dummy_return_one(x)
[10:14:56.123] [INFO] [run] subject=4, session=2, speed=10, trial=5, x__rid_x=ebd91bc5dcec7444: dummy_return_one(x)
[10:14:56.124] [INFO] [run] subject=4, session=2, speed=10, trial=6, x__rid_x=dbaac04477f73985: dummy_return_one(x)
[10:14:56.133] [INFO] [run] subject=4, session=2, speed=10, trial=7, x__rid_x=8c9bcc28e17b8b15: dummy_return_one(x)
[10:14:56.134] [INFO] [run] subject=4, session=2, speed=2, trial=1, x__rid_x=04ebcc62969406c6: dummy_return_one(x)
[10:14:56.134] [INFO] [run] subject=4, session=2, speed=2, trial=2, x__rid_x=9a80005da168c52f: dummy_return_one(x)
[10:14:56.143] [INFO] [run] subject=4, session=2, speed=2, trial=3, x__rid_x=ffc555b4bf3bed35: dummy_return_one(x)
[10:14:56.144] [INFO] [run] subject=4, session=2, speed=2, trial=4, x__rid_x=c93b8d296451dffa: dummy_return_one(x)
[10:14:56.153] [INFO] [run] subject=4, session=2, speed=2, trial=5, x__rid_x=52ffb5c668c03481: dummy_return_one(x)
[10:14:56.154] [INFO] [run] subject=4, session=2, speed=2, trial=6, x__rid_x=e31de1739a5a5dc2: dummy_return_one(x)
[10:14:56.154] [INFO] [run] subject=4, session=2, speed=2, trial=7, x__rid_x=4db43ea41071be52: dummy_return_one(x)
[10:14:56.162] [INFO] [run] subject=4, session=2, speed=3, trial=1, x__rid_x=4258732db1fea394: dummy_return_one(x)
[10:14:56.163] [INFO] [run] subject=4, session=2, speed=3, trial=2, x__rid_x=70d445401076cc8c: dummy_return_one(x)
[10:14:56.164] [INFO] [run] subject=4, session=2, speed=3, trial=3, x__rid_x=b32f993549d86101: dummy_return_one(x)
[10:14:56.172] [INFO] [run] subject=4, session=2, speed=3, trial=4, x__rid_x=29d1d12a50ee9c6c: dummy_return_one(x)
[10:14:56.174] [INFO] [run] subject=4, session=2, speed=3, trial=5, x__rid_x=84998f2fc87493ff: dummy_return_one(x)
[10:14:56.182] [INFO] [run] subject=4, session=2, speed=3, trial=6, x__rid_x=860d1d424b90e6fa: dummy_return_one(x)
[10:14:56.183] [INFO] [run] subject=4, session=2, speed=3, trial=7, x__rid_x=ca05bb463e7d8898: dummy_return_one(x)
[10:14:56.183] [INFO] [run] subject=4, session=2, speed=4, trial=1, x__rid_x=7d57e98ddd06f68e: dummy_return_one(x)
[10:14:56.192] [INFO] [run] subject=4, session=2, speed=4, trial=2, x__rid_x=8c1016157ccc0948: dummy_return_one(x)
[10:14:56.193] [INFO] [run] subject=4, session=2, speed=4, trial=3, x__rid_x=af44b53f86a63da9: dummy_return_one(x)
[10:14:56.202] [INFO] [run] subject=4, session=2, speed=4, trial=4, x__rid_x=6a152ac97cbf892f: dummy_return_one(x)
[10:14:56.202] [INFO] [run] subject=4, session=2, speed=4, trial=5, x__rid_x=7054fda32a62f394: dummy_return_one(x)
[10:14:56.203] [INFO] [run] subject=4, session=2, speed=4, trial=6, x__rid_x=d13bdf0a1936a3ea: dummy_return_one(x)
[10:14:56.211] [INFO] [run] subject=4, session=2, speed=4, trial=7, x__rid_x=591e2b6a9bec6d18: dummy_return_one(x)
[10:14:56.212] [INFO] [run] subject=4, session=2, speed=5, trial=1, x__rid_x=a9634133413dc466: dummy_return_one(x)
[10:14:56.213] [INFO] [run] subject=4, session=2, speed=5, trial=2, x__rid_x=58816cec67fe9ff3: dummy_return_one(x)
[10:14:56.221] [INFO] [run] subject=4, session=2, speed=5, trial=3, x__rid_x=1f792da1f879a7bf: dummy_return_one(x)
[10:14:56.223] [INFO] [run] subject=4, session=2, speed=5, trial=4, x__rid_x=f0c18d4dd7799524: dummy_return_one(x)
[10:14:56.231] [INFO] [run] subject=4, session=2, speed=5, trial=5, x__rid_x=b80822466cf18a49: dummy_return_one(x)
[10:14:56.232] [INFO] [run] subject=4, session=2, speed=5, trial=6, x__rid_x=bae594364ecceeba: dummy_return_one(x)
[10:14:56.232] [INFO] [run] subject=4, session=2, speed=5, trial=7, x__rid_x=a0228e3d26efdbaf: dummy_return_one(x)
[10:14:56.241] [INFO] [run] subject=4, session=2, speed=6, trial=1, x__rid_x=ad092ecaaa2ad837: dummy_return_one(x)
[10:14:56.242] [INFO] [run] subject=4, session=2, speed=6, trial=2, x__rid_x=057d85f60da519c8: dummy_return_one(x)
[10:14:56.243] [INFO] [run] subject=4, session=2, speed=6, trial=3, x__rid_x=e1e05b715fed2773: dummy_return_one(x)
[10:14:56.251] [INFO] [run] subject=4, session=2, speed=6, trial=4, x__rid_x=d633631721d2eb26: dummy_return_one(x)
[10:14:56.251] [INFO] [run] subject=4, session=2, speed=6, trial=5, x__rid_x=394df5abf45600a5: dummy_return_one(x)
[10:14:56.252] [INFO] [run] subject=4, session=2, speed=6, trial=6, x__rid_x=b8502333d71e657e: dummy_return_one(x)
[10:14:56.252] [INFO] [run] subject=4, session=2, speed=6, trial=7, x__rid_x=d77bdcd6979b543d: dummy_return_one(x)
[10:14:56.261] [INFO] [run] subject=4, session=2, speed=7, trial=1, x__rid_x=1282847114c4ebc2: dummy_return_one(x)
[10:14:56.262] [INFO] [run] subject=4, session=2, speed=7, trial=2, x__rid_x=ffd8ba83b1fe9492: dummy_return_one(x)
[10:14:56.262] [INFO] [run] subject=4, session=2, speed=7, trial=3, x__rid_x=71f0766d20949768: dummy_return_one(x)
[10:14:56.271] [INFO] [run] subject=4, session=2, speed=7, trial=4, x__rid_x=340982ecf1f69f3f: dummy_return_one(x)
[10:14:56.272] [INFO] [run] subject=4, session=2, speed=7, trial=5, x__rid_x=93f4bcb01401149c: dummy_return_one(x)
[10:14:56.280] [INFO] [run] subject=4, session=2, speed=7, trial=6, x__rid_x=a922a19aff6a7782: dummy_return_one(x)
[10:14:56.281] [INFO] [run] subject=4, session=2, speed=7, trial=7, x__rid_x=b683ecaec0936c46: dummy_return_one(x)
[10:14:56.281] [INFO] [run] subject=4, session=2, speed=8, trial=1, x__rid_x=1ae5d183688fe72b: dummy_return_one(x)
[10:14:56.290] [INFO] [run] subject=4, session=2, speed=8, trial=2, x__rid_x=cf49fb2247fef834: dummy_return_one(x)
[10:14:56.291] [INFO] [run] subject=4, session=2, speed=8, trial=3, x__rid_x=8d8af11f580eca53: dummy_return_one(x)
[10:14:56.292] [INFO] [run] subject=4, session=2, speed=8, trial=4, x__rid_x=100b53cd50e69892: dummy_return_one(x)
[10:14:56.300] [INFO] [run] subject=4, session=2, speed=8, trial=5, x__rid_x=84694bce4cca4b45: dummy_return_one(x)
[10:14:56.300] [INFO] [run] subject=4, session=2, speed=8, trial=6, x__rid_x=62eec72981365931: dummy_return_one(x)
[10:14:56.301] [INFO] [run] subject=4, session=2, speed=8, trial=7, x__rid_x=2335f5cf8777a250: dummy_return_one(x)
[10:14:56.310] [INFO] [run] subject=4, session=2, speed=9, trial=1, x__rid_x=c0275763c198edcd: dummy_return_one(x)
[10:14:56.311] [INFO] [run] subject=4, session=2, speed=9, trial=2, x__rid_x=f7493613774b522a: dummy_return_one(x)
[10:14:56.311] [INFO] [run] subject=4, session=2, speed=9, trial=3, x__rid_x=d02eb62b1913f942: dummy_return_one(x)
[10:14:56.320] [INFO] [run] subject=4, session=2, speed=9, trial=4, x__rid_x=0a80621ded0329ff: dummy_return_one(x)
[10:14:56.321] [INFO] [run] subject=4, session=2, speed=9, trial=5, x__rid_x=8bfb29ba0f8b40ee: dummy_return_one(x)
[10:14:56.329] [INFO] [run] subject=4, session=2, speed=9, trial=6, x__rid_x=4625b2d5a6b4d5f9: dummy_return_one(x)
[10:14:56.330] [INFO] [run] subject=4, session=2, speed=9, trial=7, x__rid_x=e1028015a4887446: dummy_return_one(x)
[10:14:56.331] [INFO] [run] subject=4, session=3, speed=1, trial=1, x__rid_x=b849fd89a1770aed: dummy_return_one(x)
[10:14:56.339] [INFO] [run] subject=4, session=3, speed=1, trial=2, x__rid_x=c94153059fc5d69f: dummy_return_one(x)
[10:14:56.340] [INFO] [run] subject=4, session=3, speed=1, trial=3, x__rid_x=922f5cc74bfb9e23: dummy_return_one(x)
[10:14:56.341] [INFO] [run] subject=4, session=3, speed=1, trial=4, x__rid_x=ec1f38422b1783a1: dummy_return_one(x)
[10:14:56.349] [INFO] [run] subject=4, session=3, speed=1, trial=5, x__rid_x=75dd701b7d1e47a3: dummy_return_one(x)
[10:14:56.350] [INFO] [run] subject=4, session=3, speed=1, trial=6, x__rid_x=d64c271d51465cc1: dummy_return_one(x)
[10:14:56.350] [INFO] [run] subject=4, session=3, speed=1, trial=7, x__rid_x=b1efcab82820c0cc: dummy_return_one(x)
[10:14:56.351] [INFO] [run] subject=4, session=3, speed=10, trial=1, x__rid_x=41e06c109060bcc7: dummy_return_one(x)
[10:14:56.359] [INFO] [run] subject=4, session=3, speed=10, trial=2, x__rid_x=e4b277d8386fcafd: dummy_return_one(x)
[10:14:56.361] [INFO] [run] subject=4, session=3, speed=10, trial=3, x__rid_x=fc889b06623c2b5c: dummy_return_one(x)
[10:14:56.369] [INFO] [run] subject=4, session=3, speed=10, trial=4, x__rid_x=749b2d7c4cc8ab4a: dummy_return_one(x)
[10:14:56.370] [INFO] [run] subject=4, session=3, speed=10, trial=5, x__rid_x=57941c73fe3d00ee: dummy_return_one(x)
[10:14:56.371] [INFO] [run] subject=4, session=3, speed=10, trial=6, x__rid_x=310c6bc19210edf8: dummy_return_one(x)
[10:14:56.379] [INFO] [run] subject=4, session=3, speed=10, trial=7, x__rid_x=d5767745f22aa3bd: dummy_return_one(x)
[10:14:56.380] [INFO] [run] subject=4, session=3, speed=2, trial=1, x__rid_x=a6e7e80063638947: dummy_return_one(x)
[10:14:56.381] [INFO] [run] subject=4, session=3, speed=2, trial=2, x__rid_x=869ba5901b839594: dummy_return_one(x)
[10:14:56.390] [INFO] [run] subject=4, session=3, speed=2, trial=3, x__rid_x=f69ef7e30d921f36: dummy_return_one(x)
[10:14:56.391] [INFO] [run] subject=4, session=3, speed=2, trial=4, x__rid_x=ad075f7cd08dfbf4: dummy_return_one(x)
[10:14:56.400] [INFO] [run] subject=4, session=3, speed=2, trial=5, x__rid_x=cd7312afd2bdfd26: dummy_return_one(x)
[10:14:56.401] [INFO] [run] subject=4, session=3, speed=2, trial=6, x__rid_x=bc11ab0e12fe8d71: dummy_return_one(x)
[10:14:56.401] [INFO] [run] subject=4, session=3, speed=2, trial=7, x__rid_x=2f11ab8f437a9d17: dummy_return_one(x)
[10:14:56.410] [INFO] [run] subject=4, session=3, speed=3, trial=1, x__rid_x=527defe4ee6cad77: dummy_return_one(x)
[10:14:56.411] [INFO] [run] subject=4, session=3, speed=3, trial=2, x__rid_x=5fefe4a08d299f9f: dummy_return_one(x)
[10:14:56.412] [INFO] [run] subject=4, session=3, speed=3, trial=3, x__rid_x=265f5643320e1111: dummy_return_one(x)
[10:14:56.420] [INFO] [run] subject=4, session=3, speed=3, trial=4, x__rid_x=f12e80196725f3cc: dummy_return_one(x)
[10:14:56.421] [INFO] [run] subject=4, session=3, speed=3, trial=5, x__rid_x=eb027d08848decf3: dummy_return_one(x)
[10:14:56.430] [INFO] [run] subject=4, session=3, speed=3, trial=6, x__rid_x=26881eba15fd7735: dummy_return_one(x)
[10:14:56.431] [INFO] [run] subject=4, session=3, speed=3, trial=7, x__rid_x=411eabead354b7c7: dummy_return_one(x)
[10:14:56.431] [INFO] [run] subject=4, session=3, speed=4, trial=1, x__rid_x=d1fafd099e5b3499: dummy_return_one(x)
[10:14:56.440] [INFO] [run] subject=4, session=3, speed=4, trial=2, x__rid_x=720120f1fab71868: dummy_return_one(x)
[10:14:56.441] [INFO] [run] subject=4, session=3, speed=4, trial=3, x__rid_x=e4ff3ac9171181a1: dummy_return_one(x)
[10:14:56.450] [INFO] [run] subject=4, session=3, speed=4, trial=4, x__rid_x=643f5a007fa0bd30: dummy_return_one(x)
[10:14:56.451] [INFO] [run] subject=4, session=3, speed=4, trial=5, x__rid_x=7d9d3cf93b2e9809: dummy_return_one(x)
[10:14:56.451] [INFO] [run] subject=4, session=3, speed=4, trial=6, x__rid_x=67fc1e1f2066b808: dummy_return_one(x)
[10:14:56.460] [INFO] [run] subject=4, session=3, speed=4, trial=7, x__rid_x=bf27e84f7a38196c: dummy_return_one(x)
[10:14:56.461] [INFO] [run] subject=4, session=3, speed=5, trial=1, x__rid_x=78e234f9cb9b96a8: dummy_return_one(x)
[10:14:56.470] [INFO] [run] subject=4, session=3, speed=5, trial=2, x__rid_x=b982ebd9e45c2c0b: dummy_return_one(x)
[10:14:56.471] [INFO] [run] subject=4, session=3, speed=5, trial=3, x__rid_x=4f2707d6de2ca2a8: dummy_return_one(x)
[10:14:56.480] [INFO] [run] subject=4, session=3, speed=5, trial=4, x__rid_x=6d95769ce6cf69e0: dummy_return_one(x)
[10:14:56.480] [INFO] [run] subject=4, session=3, speed=5, trial=5, x__rid_x=f1254a973a22bb10: dummy_return_one(x)
[10:14:56.481] [INFO] [run] subject=4, session=3, speed=5, trial=6, x__rid_x=27c5b548d55c2595: dummy_return_one(x)
[10:14:56.490] [INFO] [run] subject=4, session=3, speed=5, trial=7, x__rid_x=f7655ca9483a5c64: dummy_return_one(x)
[10:14:56.491] [INFO] [run] subject=4, session=3, speed=6, trial=1, x__rid_x=18415b4c349bb24e: dummy_return_one(x)
[10:14:56.499] [INFO] [run] subject=4, session=3, speed=6, trial=2, x__rid_x=77556339857ccacb: dummy_return_one(x)
[10:14:56.500] [INFO] [run] subject=4, session=3, speed=6, trial=3, x__rid_x=5d7ec12e7c71dd6b: dummy_return_one(x)
[10:14:56.501] [INFO] [run] subject=4, session=3, speed=6, trial=4, x__rid_x=15e1eaf7f895784e: dummy_return_one(x)
[10:14:56.509] [INFO] [run] subject=4, session=3, speed=6, trial=5, x__rid_x=1c85a4de99be5374: dummy_return_one(x)
[10:14:56.511] [INFO] [run] subject=4, session=3, speed=6, trial=6, x__rid_x=aadc89213c77502e: dummy_return_one(x)
[10:14:56.519] [INFO] [run] subject=4, session=3, speed=6, trial=7, x__rid_x=d6ee7bd2940664e0: dummy_return_one(x)
[10:14:56.520] [INFO] [run] subject=4, session=3, speed=7, trial=1, x__rid_x=cb57c5ed8aff1f01: dummy_return_one(x)
[10:14:56.529] [INFO] [run] subject=4, session=3, speed=7, trial=2, x__rid_x=5f4e243f88d93d8e: dummy_return_one(x)
[10:14:56.530] [INFO] [run] subject=4, session=3, speed=7, trial=3, x__rid_x=5c5db4f30f5b332f: dummy_return_one(x)
[10:14:56.531] [INFO] [run] subject=4, session=3, speed=7, trial=4, x__rid_x=140075775aedc4fe: dummy_return_one(x)
[10:14:56.539] [INFO] [run] subject=4, session=3, speed=7, trial=5, x__rid_x=d9522c1a4333df17: dummy_return_one(x)
[10:14:56.541] [INFO] [run] subject=4, session=3, speed=7, trial=6, x__rid_x=83aa02a4aaf13836: dummy_return_one(x)
[10:14:56.549] [INFO] [run] subject=4, session=3, speed=7, trial=7, x__rid_x=76a2cb63a04ed8e4: dummy_return_one(x)
[10:14:56.550] [INFO] [run] subject=4, session=3, speed=8, trial=1, x__rid_x=13f46cf4c4ef02f8: dummy_return_one(x)
[10:14:56.551] [INFO] [run] subject=4, session=3, speed=8, trial=2, x__rid_x=d031a654c6f81464: dummy_return_one(x)
[10:14:56.559] [INFO] [run] subject=4, session=3, speed=8, trial=3, x__rid_x=be37b0a0a699a177: dummy_return_one(x)
[10:14:56.561] [INFO] [run] subject=4, session=3, speed=8, trial=4, x__rid_x=37dc0e11b0814f54: dummy_return_one(x)
[10:14:56.561] [INFO] [run] subject=4, session=3, speed=8, trial=5, x__rid_x=7864324a21aa0556: dummy_return_one(x)
[10:14:56.569] [INFO] [run] subject=4, session=3, speed=8, trial=6, x__rid_x=73191737078e5c5a: dummy_return_one(x)
[10:14:56.571] [INFO] [run] subject=4, session=3, speed=8, trial=7, x__rid_x=27af4816bac0d05c: dummy_return_one(x)
[10:14:56.571] [INFO] [run] subject=4, session=3, speed=9, trial=1, x__rid_x=90941aa3b5b37be1: dummy_return_one(x)
[10:14:56.579] [INFO] [run] subject=4, session=3, speed=9, trial=2, x__rid_x=8f1d0feffa99c2cd: dummy_return_one(x)
[10:14:56.580] [INFO] [run] subject=4, session=3, speed=9, trial=3, x__rid_x=828460b619397b42: dummy_return_one(x)
[10:14:56.581] [INFO] [run] subject=4, session=3, speed=9, trial=4, x__rid_x=55a2261b8c636b07: dummy_return_one(x)
[10:14:56.590] [INFO] [run] subject=4, session=3, speed=9, trial=5, x__rid_x=d8f4996c07692c87: dummy_return_one(x)
[10:14:56.591] [INFO] [run] subject=4, session=3, speed=9, trial=6, x__rid_x=ceba6226223ddbef: dummy_return_one(x)
[10:14:56.599] [INFO] [run] subject=4, session=3, speed=9, trial=7, x__rid_x=16ce3a1030cb6589: dummy_return_one(x)
[10:14:56.600] [INFO] [run] subject=4, session=4, speed=1, trial=1, x__rid_x=892f3a55552594b0: dummy_return_one(x)
[10:14:56.601] [INFO] [run] subject=4, session=4, speed=1, trial=2, x__rid_x=4a931b7f326960d1: dummy_return_one(x)
[10:14:56.601] [INFO] [run] subject=4, session=4, speed=1, trial=3, x__rid_x=e7b51d821bebd8bf: dummy_return_one(x)
[10:14:56.609] [INFO] [run] subject=4, session=4, speed=1, trial=4, x__rid_x=9e50b695f2bcef12: dummy_return_one(x)
[10:14:56.611] [INFO] [run] subject=4, session=4, speed=1, trial=5, x__rid_x=bd812353d6b208ef: dummy_return_one(x)
[10:14:56.620] [INFO] [run] subject=4, session=4, speed=1, trial=6, x__rid_x=98e9f8db113bb57d: dummy_return_one(x)
[10:14:56.621] [INFO] [run] subject=4, session=4, speed=1, trial=7, x__rid_x=4c6447e7ecf26ce1: dummy_return_one(x)
[10:14:56.621] [INFO] [run] subject=4, session=4, speed=10, trial=1, x__rid_x=f19735056ebc7654: dummy_return_one(x)
[10:14:56.629] [INFO] [run] subject=4, session=4, speed=10, trial=2, x__rid_x=c4eb9a6465d01264: dummy_return_one(x)
[10:14:56.630] [INFO] [run] subject=4, session=4, speed=10, trial=3, x__rid_x=11a8ce5ddcaaae65: dummy_return_one(x)
[10:14:56.639] [INFO] [run] subject=4, session=4, speed=10, trial=4, x__rid_x=7e1316c3d8184ece: dummy_return_one(x)
[10:14:56.641] [INFO] [run] subject=4, session=4, speed=10, trial=5, x__rid_x=7184d9c39a3c77e7: dummy_return_one(x)
[10:14:56.641] [INFO] [run] subject=4, session=4, speed=10, trial=6, x__rid_x=dac55d50086e93b5: dummy_return_one(x)
[10:14:56.649] [INFO] [run] subject=4, session=4, speed=10, trial=7, x__rid_x=e009fd315e6b3864: dummy_return_one(x)
[10:14:56.650] [INFO] [run] subject=4, session=4, speed=2, trial=1, x__rid_x=657fb5d8f13258b1: dummy_return_one(x)
[10:14:56.650] [INFO] [run] subject=4, session=4, speed=2, trial=2, x__rid_x=c5f8790175314e38: dummy_return_one(x)
[10:14:56.651] [INFO] [run] subject=4, session=4, speed=2, trial=3, x__rid_x=6aec1958426644ee: dummy_return_one(x)
[10:14:56.659] [INFO] [run] subject=4, session=4, speed=2, trial=4, x__rid_x=85dc89dcd3e8631f: dummy_return_one(x)
[10:14:56.661] [INFO] [run] subject=4, session=4, speed=2, trial=5, x__rid_x=da86d25499563c2d: dummy_return_one(x)
[10:14:56.669] [INFO] [run] subject=4, session=4, speed=2, trial=6, x__rid_x=3b08e123c52ec123: dummy_return_one(x)
[10:14:56.670] [INFO] [run] subject=4, session=4, speed=2, trial=7, x__rid_x=0a406bcb05e5c420: dummy_return_one(x)
[10:14:56.679] [INFO] [run] subject=4, session=4, speed=3, trial=1, x__rid_x=1f9995b2c99b02b5: dummy_return_one(x)
[10:14:56.680] [INFO] [run] subject=4, session=4, speed=3, trial=2, x__rid_x=ac2509157c22bc87: dummy_return_one(x)
[10:14:56.681] [INFO] [run] subject=4, session=4, speed=3, trial=3, x__rid_x=c855d12c8d954b57: dummy_return_one(x)
[10:14:56.689] [INFO] [run] subject=4, session=4, speed=3, trial=4, x__rid_x=88ffb87c54c091f2: dummy_return_one(x)
[10:14:56.690] [INFO] [run] subject=4, session=4, speed=3, trial=5, x__rid_x=aa12d397c90c7cf5: dummy_return_one(x)
[10:14:56.691] [INFO] [run] subject=4, session=4, speed=3, trial=6, x__rid_x=9117cf909e22b53e: dummy_return_one(x)
[10:14:56.699] [INFO] [run] subject=4, session=4, speed=3, trial=7, x__rid_x=a8abaf5d7ba853b1: dummy_return_one(x)
[10:14:56.700] [INFO] [run] subject=4, session=4, speed=4, trial=1, x__rid_x=911934f2f8c50813: dummy_return_one(x)
[10:14:56.700] [INFO] [run] subject=4, session=4, speed=4, trial=2, x__rid_x=d1c490002ba57e2c: dummy_return_one(x)
[10:14:56.709] [INFO] [run] subject=4, session=4, speed=4, trial=3, x__rid_x=f1ab82adaad68652: dummy_return_one(x)
[10:14:56.711] [INFO] [run] subject=4, session=4, speed=4, trial=4, x__rid_x=39cd51746dcf59bd: dummy_return_one(x)
[10:14:56.719] [INFO] [run] subject=4, session=4, speed=4, trial=5, x__rid_x=8f7bd5a64cb9dd1e: dummy_return_one(x)
[10:14:56.721] [INFO] [run] subject=4, session=4, speed=4, trial=6, x__rid_x=30cf4f35f64d3bcf: dummy_return_one(x)
[10:14:56.729] [INFO] [run] subject=4, session=4, speed=4, trial=7, x__rid_x=16cdf285ef255b9b: dummy_return_one(x)
[10:14:56.730] [INFO] [run] subject=4, session=4, speed=5, trial=1, x__rid_x=ae8dcfb67fe581fc: dummy_return_one(x)
[10:14:56.730] [INFO] [run] subject=4, session=4, speed=5, trial=2, x__rid_x=afed0d61c0ddbf2b: dummy_return_one(x)
[10:14:56.739] [INFO] [run] subject=4, session=4, speed=5, trial=3, x__rid_x=38bd5bc0040e07e6: dummy_return_one(x)
[10:14:56.740] [INFO] [run] subject=4, session=4, speed=5, trial=4, x__rid_x=1f84ff9f9e8c7832: dummy_return_one(x)
[10:14:56.741] [INFO] [run] subject=4, session=4, speed=5, trial=5, x__rid_x=39a378db0d2a24ec: dummy_return_one(x)
[10:14:56.749] [INFO] [run] subject=4, session=4, speed=5, trial=6, x__rid_x=8cac6f598072337a: dummy_return_one(x)
[10:14:56.750] [INFO] [run] subject=4, session=4, speed=5, trial=7, x__rid_x=eeee7c121e3e826c: dummy_return_one(x)
[10:14:56.750] [INFO] [run] subject=4, session=4, speed=6, trial=1, x__rid_x=aed983b069b85cc3: dummy_return_one(x)
[10:14:56.751] [INFO] [run] subject=4, session=4, speed=6, trial=2, x__rid_x=af9c0f2a7aa8c80d: dummy_return_one(x)
[10:14:56.759] [INFO] [run] subject=4, session=4, speed=6, trial=3, x__rid_x=940768e0f524405c: dummy_return_one(x)
[10:14:56.760] [INFO] [run] subject=4, session=4, speed=6, trial=4, x__rid_x=c194dbdcb82a6317: dummy_return_one(x)
[10:14:56.769] [INFO] [run] subject=4, session=4, speed=6, trial=5, x__rid_x=c22ca12376ca225e: dummy_return_one(x)
[10:14:56.771] [INFO] [run] subject=4, session=4, speed=6, trial=6, x__rid_x=ede40fabd209ef3b: dummy_return_one(x)
[10:14:56.779] [INFO] [run] subject=4, session=4, speed=6, trial=7, x__rid_x=4242bd78684819f3: dummy_return_one(x)
[10:14:56.780] [INFO] [run] subject=4, session=4, speed=7, trial=1, x__rid_x=03eb311fbe621dcd: dummy_return_one(x)
[10:14:56.781] [INFO] [run] subject=4, session=4, speed=7, trial=2, x__rid_x=d6211c5180a17b5c: dummy_return_one(x)
[10:14:56.789] [INFO] [run] subject=4, session=4, speed=7, trial=3, x__rid_x=68851038a5151747: dummy_return_one(x)
[10:14:56.791] [INFO] [run] subject=4, session=4, speed=7, trial=4, x__rid_x=ac396d7209a60cd2: dummy_return_one(x)
[10:14:56.791] [INFO] [run] subject=4, session=4, speed=7, trial=5, x__rid_x=e4421b67f7d90ddd: dummy_return_one(x)
[10:14:56.799] [INFO] [run] subject=4, session=4, speed=7, trial=6, x__rid_x=e1118c1b57a1c3e6: dummy_return_one(x)
[10:14:56.800] [INFO] [run] subject=4, session=4, speed=7, trial=7, x__rid_x=35bc7a88e6df4cf7: dummy_return_one(x)
[10:14:56.801] [INFO] [run] subject=4, session=4, speed=8, trial=1, x__rid_x=638b2c97c4363334: dummy_return_one(x)
[10:14:56.810] [INFO] [run] subject=4, session=4, speed=8, trial=2, x__rid_x=b1e357ed580d5637: dummy_return_one(x)
[10:14:56.811] [INFO] [run] subject=4, session=4, speed=8, trial=3, x__rid_x=3bd2dda83d7312fc: dummy_return_one(x)
[10:14:56.812] [INFO] [run] subject=4, session=4, speed=8, trial=4, x__rid_x=40c17c6d069b9d1e: dummy_return_one(x)
[10:14:56.820] [INFO] [run] subject=4, session=4, speed=8, trial=5, x__rid_x=c49d2331ef80bfc8: dummy_return_one(x)
[10:14:56.822] [INFO] [run] subject=4, session=4, speed=8, trial=6, x__rid_x=f1ca7b00242ab768: dummy_return_one(x)
[10:14:56.822] [INFO] [run] subject=4, session=4, speed=8, trial=7, x__rid_x=ad307acc5d71c54f: dummy_return_one(x)
[10:14:56.823] [INFO] [run] subject=4, session=4, speed=9, trial=1, x__rid_x=65007710a68c573f: dummy_return_one(x)
[10:14:56.824] [INFO] [run] subject=4, session=4, speed=9, trial=2, x__rid_x=0f026d40deab6cff: dummy_return_one(x)
[10:14:56.825] [INFO] [run] subject=4, session=4, speed=9, trial=3, x__rid_x=2cd9c55438c7466a: dummy_return_one(x)
[10:14:56.825] [INFO] [run] subject=4, session=4, speed=9, trial=4, x__rid_x=2ac279e9062ce644: dummy_return_one(x)
[10:14:56.826] [INFO] [run] subject=4, session=4, speed=9, trial=5, x__rid_x=0e072f6141d85f08: dummy_return_one(x)
[10:14:56.827] [INFO] [run] subject=4, session=4, speed=9, trial=6, x__rid_x=6d2b920da88b7beb: dummy_return_one(x)
[10:14:56.827] [INFO] [run] subject=4, session=4, speed=9, trial=7, x__rid_x=59dcb49e2b7a7de0: dummy_return_one(x)
[10:14:56.828] [INFO] [run] subject=4, session=5, speed=1, trial=1, x__rid_x=6aadf1d1170bb84b: dummy_return_one(x)
[10:14:56.829] [INFO] [run] subject=4, session=5, speed=1, trial=2, x__rid_x=d5cd7f006d199847: dummy_return_one(x)
[10:14:56.829] [INFO] [run] subject=4, session=5, speed=1, trial=3, x__rid_x=f4eabf5af31d0d84: dummy_return_one(x)
[10:14:56.830] [INFO] [run] subject=4, session=5, speed=1, trial=4, x__rid_x=4dabecb07602fe8d: dummy_return_one(x)
[10:14:56.831] [INFO] [run] subject=4, session=5, speed=1, trial=5, x__rid_x=75759ec9f88439dd: dummy_return_one(x)
[10:14:56.831] [INFO] [run] subject=4, session=5, speed=1, trial=6, x__rid_x=4d2995d2b53a79c0: dummy_return_one(x)
[10:14:56.832] [INFO] [run] subject=4, session=5, speed=1, trial=7, x__rid_x=f0c2b932eb8442c1: dummy_return_one(x)
[10:14:56.833] [INFO] [run] subject=4, session=5, speed=10, trial=1, x__rid_x=c490e20d1e53c986: dummy_return_one(x)
[10:14:56.833] [INFO] [run] subject=4, session=5, speed=10, trial=2, x__rid_x=c010e0b8c3e4da77: dummy_return_one(x)
[10:14:56.837] [INFO] [run] subject=4, session=5, speed=10, trial=3, x__rid_x=921c201f7d3ed1c6: dummy_return_one(x)
[10:14:56.839] [INFO] [run] subject=4, session=5, speed=10, trial=4, x__rid_x=22cae24acce36a4d: dummy_return_one(x)
[10:14:56.839] [INFO] [run] subject=4, session=5, speed=10, trial=5, x__rid_x=e57f39720bdb900a: dummy_return_one(x)
[10:14:56.840] [INFO] [run] subject=4, session=5, speed=10, trial=6, x__rid_x=762c3ef6476360a0: dummy_return_one(x)
[10:14:56.841] [INFO] [run] subject=4, session=5, speed=10, trial=7, x__rid_x=e2677af0856a3cdb: dummy_return_one(x)
[10:14:56.841] [INFO] [run] subject=4, session=5, speed=2, trial=1, x__rid_x=c8478e352398c177: dummy_return_one(x)
[10:14:56.842] [INFO] [run] subject=4, session=5, speed=2, trial=2, x__rid_x=73439f8d893d84c4: dummy_return_one(x)
[10:14:56.843] [INFO] [run] subject=4, session=5, speed=2, trial=3, x__rid_x=392ec4a66218e149: dummy_return_one(x)
[10:14:56.843] [INFO] [run] subject=4, session=5, speed=2, trial=4, x__rid_x=41381058bda7c554: dummy_return_one(x)
[10:14:56.844] [INFO] [run] subject=4, session=5, speed=2, trial=5, x__rid_x=ca106d285120e1f8: dummy_return_one(x)
[10:14:56.845] [INFO] [run] subject=4, session=5, speed=2, trial=6, x__rid_x=f4c45047ed5f3694: dummy_return_one(x)
[10:14:56.846] [INFO] [run] subject=4, session=5, speed=2, trial=7, x__rid_x=76155ed2093770b0: dummy_return_one(x)
[10:14:56.846] [INFO] [run] subject=4, session=5, speed=3, trial=1, x__rid_x=48517894596410b5: dummy_return_one(x)
[10:14:56.847] [INFO] [run] subject=4, session=5, speed=3, trial=2, x__rid_x=eee74510a3c5c003: dummy_return_one(x)
[10:14:56.847] [INFO] [run] subject=4, session=5, speed=3, trial=3, x__rid_x=010778908adc75dd: dummy_return_one(x)
[10:14:56.848] [INFO] [run] subject=4, session=5, speed=3, trial=4, x__rid_x=3ebb6979fb07d1b0: dummy_return_one(x)
[10:14:56.849] [INFO] [run] subject=4, session=5, speed=3, trial=5, x__rid_x=4ddd31c3872e3141: dummy_return_one(x)
[10:14:56.849] [INFO] [run] subject=4, session=5, speed=3, trial=6, x__rid_x=66f15b6785a5a9af: dummy_return_one(x)
[10:14:56.850] [INFO] [run] subject=4, session=5, speed=3, trial=7, x__rid_x=7dbe304d573fd90f: dummy_return_one(x)
[10:14:56.851] [INFO] [run] subject=4, session=5, speed=4, trial=1, x__rid_x=dc7e1c08976d4e87: dummy_return_one(x)
[10:14:56.851] [INFO] [run] subject=4, session=5, speed=4, trial=2, x__rid_x=b974e752069102fe: dummy_return_one(x)
[10:14:56.852] [INFO] [run] subject=4, session=5, speed=4, trial=3, x__rid_x=753ed59972a40d9e: dummy_return_one(x)
[10:14:56.853] [INFO] [run] subject=4, session=5, speed=4, trial=4, x__rid_x=ba55b6373945a65b: dummy_return_one(x)
[10:14:56.854] [INFO] [run] subject=4, session=5, speed=4, trial=5, x__rid_x=e52638d70162551a: dummy_return_one(x)
[10:14:56.855] [INFO] [run] subject=4, session=5, speed=4, trial=6, x__rid_x=04de5f6d30186c8d: dummy_return_one(x)
[10:14:56.855] [INFO] [run] subject=4, session=5, speed=4, trial=7, x__rid_x=1aa037bb36c71b46: dummy_return_one(x)
[10:14:56.856] [INFO] [run] subject=4, session=5, speed=5, trial=1, x__rid_x=92fc6498b38482f1: dummy_return_one(x)
[10:14:56.857] [INFO] [run] subject=4, session=5, speed=5, trial=2, x__rid_x=c92540de542935a1: dummy_return_one(x)
[10:14:56.857] [INFO] [run] subject=4, session=5, speed=5, trial=3, x__rid_x=d33eb9990d173342: dummy_return_one(x)
[10:14:56.858] [INFO] [run] subject=4, session=5, speed=5, trial=4, x__rid_x=d75568ced2ff1549: dummy_return_one(x)
[10:14:56.859] [INFO] [run] subject=4, session=5, speed=5, trial=5, x__rid_x=1fc5861b6133ad35: dummy_return_one(x)
[10:14:56.859] [INFO] [run] subject=4, session=5, speed=5, trial=6, x__rid_x=7e9aaf0bc205c918: dummy_return_one(x)
[10:14:56.860] [INFO] [run] subject=4, session=5, speed=5, trial=7, x__rid_x=32b15b5d986ec2d3: dummy_return_one(x)
[10:14:56.860] [INFO] [run] subject=4, session=5, speed=6, trial=1, x__rid_x=4b50f23fedf113e7: dummy_return_one(x)
[10:14:56.861] [INFO] [run] subject=4, session=5, speed=6, trial=2, x__rid_x=a689194f171cd147: dummy_return_one(x)
[10:14:56.862] [INFO] [run] subject=4, session=5, speed=6, trial=3, x__rid_x=f4dd6c5b00c451e3: dummy_return_one(x)
[10:14:56.862] [INFO] [run] subject=4, session=5, speed=6, trial=4, x__rid_x=559563514bb81b83: dummy_return_one(x)
[10:14:56.863] [INFO] [run] subject=4, session=5, speed=6, trial=5, x__rid_x=26c3ae598c2cf4c7: dummy_return_one(x)
[10:14:56.864] [INFO] [run] subject=4, session=5, speed=6, trial=6, x__rid_x=e805e9f27f433209: dummy_return_one(x)
[10:14:56.864] [INFO] [run] subject=4, session=5, speed=6, trial=7, x__rid_x=3f55ace9413257f1: dummy_return_one(x)
[10:14:56.865] [INFO] [run] subject=4, session=5, speed=7, trial=1, x__rid_x=ce796904cea5bcfe: dummy_return_one(x)
[10:14:56.865] [INFO] [run] subject=4, session=5, speed=7, trial=2, x__rid_x=48dec3f5fa14eff1: dummy_return_one(x)
[10:14:56.866] [INFO] [run] subject=4, session=5, speed=7, trial=3, x__rid_x=2f0a1142ddb1bd90: dummy_return_one(x)
[10:14:56.867] [INFO] [run] subject=4, session=5, speed=7, trial=4, x__rid_x=915f5a3ce8016238: dummy_return_one(x)
[10:14:56.867] [INFO] [run] subject=4, session=5, speed=7, trial=5, x__rid_x=bacded2fda185c48: dummy_return_one(x)
[10:14:56.868] [INFO] [run] subject=4, session=5, speed=7, trial=6, x__rid_x=0a841d80dbe24864: dummy_return_one(x)
[10:14:56.868] [INFO] [run] subject=4, session=5, speed=7, trial=7, x__rid_x=4ca5086ce4257c7a: dummy_return_one(x)
[10:14:56.869] [INFO] [run] subject=4, session=5, speed=8, trial=1, x__rid_x=f974a9deb4d6be78: dummy_return_one(x)
[10:14:56.870] [INFO] [run] subject=4, session=5, speed=8, trial=2, x__rid_x=c5aed5f7596cee0c: dummy_return_one(x)
[10:14:56.871] [INFO] [run] subject=4, session=5, speed=8, trial=3, x__rid_x=9ca13719b72bd5f9: dummy_return_one(x)
[10:14:56.872] [INFO] [run] subject=4, session=5, speed=8, trial=4, x__rid_x=12030ada399c3cc9: dummy_return_one(x)
[10:14:56.873] [INFO] [run] subject=4, session=5, speed=8, trial=5, x__rid_x=ecb8ff5b0699d2e0: dummy_return_one(x)
[10:14:56.873] [INFO] [run] subject=4, session=5, speed=8, trial=6, x__rid_x=7639ae25843756ab: dummy_return_one(x)
[10:14:56.874] [INFO] [run] subject=4, session=5, speed=8, trial=7, x__rid_x=ba83f8fbf2defa45: dummy_return_one(x)
[10:14:56.874] [INFO] [run] subject=4, session=5, speed=9, trial=1, x__rid_x=a863c59a79d7e94f: dummy_return_one(x)
[10:14:56.875] [INFO] [run] subject=4, session=5, speed=9, trial=2, x__rid_x=848f9d45580e9683: dummy_return_one(x)
[10:14:56.876] [INFO] [run] subject=4, session=5, speed=9, trial=3, x__rid_x=fdb3d5bbfd0da50b: dummy_return_one(x)
[10:14:56.876] [INFO] [run] subject=4, session=5, speed=9, trial=4, x__rid_x=94bd65dd47411d7c: dummy_return_one(x)
[10:14:56.877] [INFO] [run] subject=4, session=5, speed=9, trial=5, x__rid_x=7ca4807b14cda4b0: dummy_return_one(x)
[10:14:56.877] [INFO] [run] subject=4, session=5, speed=9, trial=6, x__rid_x=b7f6a87c13ae55b9: dummy_return_one(x)
[10:14:56.878] [INFO] [run] subject=4, session=5, speed=9, trial=7, x__rid_x=ad6fc0bc1f131210: dummy_return_one(x)
[10:14:56.879] [INFO] [run] subject=5, session=1, speed=1, trial=1, x__rid_x=d4db511a6f41d6a2: dummy_return_one(x)
[10:14:56.879] [INFO] [run] subject=5, session=1, speed=1, trial=2, x__rid_x=5592f2ddf9f21927: dummy_return_one(x)
[10:14:56.880] [INFO] [run] subject=5, session=1, speed=1, trial=3, x__rid_x=37487e77d5336b2e: dummy_return_one(x)
[10:14:56.880] [INFO] [run] subject=5, session=1, speed=1, trial=4, x__rid_x=683e547679543f8c: dummy_return_one(x)
[10:14:56.881] [INFO] [run] subject=5, session=1, speed=1, trial=5, x__rid_x=d53283bed0101799: dummy_return_one(x)
[10:14:56.882] [INFO] [run] subject=5, session=1, speed=1, trial=6, x__rid_x=c6bb265002391534: dummy_return_one(x)
[10:14:56.882] [INFO] [run] subject=5, session=1, speed=1, trial=7, x__rid_x=c9884297c0f924b6: dummy_return_one(x)
[10:14:56.883] [INFO] [run] subject=5, session=1, speed=10, trial=1, x__rid_x=bf789205e64bfbd3: dummy_return_one(x)
[10:14:56.883] [INFO] [run] subject=5, session=1, speed=10, trial=2, x__rid_x=a99dc0feff0c7af3: dummy_return_one(x)
[10:14:56.884] [INFO] [run] subject=5, session=1, speed=10, trial=3, x__rid_x=954589a033530f94: dummy_return_one(x)
[10:14:56.885] [INFO] [run] subject=5, session=1, speed=10, trial=4, x__rid_x=118190faaea39b25: dummy_return_one(x)
[10:14:56.885] [INFO] [run] subject=5, session=1, speed=10, trial=5, x__rid_x=bce8c851d8640153: dummy_return_one(x)
[10:14:56.886] [INFO] [run] subject=5, session=1, speed=10, trial=6, x__rid_x=9bfc9c5b6368fc1c: dummy_return_one(x)
[10:14:56.887] [INFO] [run] subject=5, session=1, speed=10, trial=7, x__rid_x=548074f84b378d21: dummy_return_one(x)
[10:14:56.888] [INFO] [run] subject=5, session=1, speed=2, trial=1, x__rid_x=f279e1a5a88ccecd: dummy_return_one(x)
[10:14:56.889] [INFO] [run] subject=5, session=1, speed=2, trial=2, x__rid_x=bd6368fdb4c85268: dummy_return_one(x)
[10:14:56.889] [INFO] [run] subject=5, session=1, speed=2, trial=3, x__rid_x=50a510b646bb7e2c: dummy_return_one(x)
[10:14:56.890] [INFO] [run] subject=5, session=1, speed=2, trial=4, x__rid_x=a9602a92212b5ee7: dummy_return_one(x)
[10:14:56.891] [INFO] [run] subject=5, session=1, speed=2, trial=5, x__rid_x=78b6e86774d766d9: dummy_return_one(x)
[10:14:56.891] [INFO] [run] subject=5, session=1, speed=2, trial=6, x__rid_x=7c096818a332b53e: dummy_return_one(x)
[10:14:56.892] [INFO] [run] subject=5, session=1, speed=2, trial=7, x__rid_x=7207778429bfcd3d: dummy_return_one(x)
[10:14:56.893] [INFO] [run] subject=5, session=1, speed=3, trial=1, x__rid_x=51bf0630683526d7: dummy_return_one(x)
[10:14:56.893] [INFO] [run] subject=5, session=1, speed=3, trial=2, x__rid_x=9efdc67ca9ef90de: dummy_return_one(x)
[10:14:56.894] [INFO] [run] subject=5, session=1, speed=3, trial=3, x__rid_x=7dc8ade866f612c1: dummy_return_one(x)
[10:14:56.895] [INFO] [run] subject=5, session=1, speed=3, trial=4, x__rid_x=ab5d27f3f37ed0ef: dummy_return_one(x)
[10:14:56.895] [INFO] [run] subject=5, session=1, speed=3, trial=5, x__rid_x=e517c7f856421787: dummy_return_one(x)
[10:14:56.896] [INFO] [run] subject=5, session=1, speed=3, trial=6, x__rid_x=f7e984b1e510502d: dummy_return_one(x)
[10:14:56.896] [INFO] [run] subject=5, session=1, speed=3, trial=7, x__rid_x=e4391b1683d78d18: dummy_return_one(x)
[10:14:56.897] [INFO] [run] subject=5, session=1, speed=4, trial=1, x__rid_x=58e70eadf2224158: dummy_return_one(x)
[10:14:56.898] [INFO] [run] subject=5, session=1, speed=4, trial=2, x__rid_x=56746537311bb814: dummy_return_one(x)
[10:14:56.898] [INFO] [run] subject=5, session=1, speed=4, trial=3, x__rid_x=0834dd09042c5cb3: dummy_return_one(x)
[10:14:56.899] [INFO] [run] subject=5, session=1, speed=4, trial=4, x__rid_x=e09f659771fc33c9: dummy_return_one(x)
[10:14:56.900] [INFO] [run] subject=5, session=1, speed=4, trial=5, x__rid_x=3bc1abe6418eed22: dummy_return_one(x)
[10:14:56.900] [INFO] [run] subject=5, session=1, speed=4, trial=6, x__rid_x=39160d058ffbe7bb: dummy_return_one(x)
[10:14:56.901] [INFO] [run] subject=5, session=1, speed=4, trial=7, x__rid_x=074caf8f63c3aa20: dummy_return_one(x)
[10:14:56.902] [INFO] [run] subject=5, session=1, speed=5, trial=1, x__rid_x=288544c2bf3b3ece: dummy_return_one(x)
[10:14:56.902] [INFO] [run] subject=5, session=1, speed=5, trial=2, x__rid_x=a296bfd43b7d08b6: dummy_return_one(x)
[10:14:56.903] [INFO] [run] subject=5, session=1, speed=5, trial=3, x__rid_x=2851a142b487857b: dummy_return_one(x)
[10:14:56.904] [INFO] [run] subject=5, session=1, speed=5, trial=4, x__rid_x=07dd90163213e1f3: dummy_return_one(x)
[10:14:56.905] [INFO] [run] subject=5, session=1, speed=5, trial=5, x__rid_x=7b7e660f8527a14f: dummy_return_one(x)
[10:14:56.906] [INFO] [run] subject=5, session=1, speed=5, trial=6, x__rid_x=1cdb552aee527cdf: dummy_return_one(x)
[10:14:56.907] [INFO] [run] subject=5, session=1, speed=5, trial=7, x__rid_x=ed8afc7f85181fb1: dummy_return_one(x)
[10:14:56.908] [INFO] [run] subject=5, session=1, speed=6, trial=1, x__rid_x=7c2b70457b9142b0: dummy_return_one(x)
[10:14:56.908] [INFO] [run] subject=5, session=1, speed=6, trial=2, x__rid_x=ff2e793127ae4477: dummy_return_one(x)
[10:14:56.909] [INFO] [run] subject=5, session=1, speed=6, trial=3, x__rid_x=5dcf4390077ce46f: dummy_return_one(x)
[10:14:56.909] [INFO] [run] subject=5, session=1, speed=6, trial=4, x__rid_x=d580cba9ab7a6171: dummy_return_one(x)
[10:14:56.910] [INFO] [run] subject=5, session=1, speed=6, trial=5, x__rid_x=4a73bb7ad0404e6e: dummy_return_one(x)
[10:14:56.911] [INFO] [run] subject=5, session=1, speed=6, trial=6, x__rid_x=41395ecc3a1c2e91: dummy_return_one(x)
[10:14:56.911] [INFO] [run] subject=5, session=1, speed=6, trial=7, x__rid_x=66df1b36d6aac901: dummy_return_one(x)
[10:14:56.912] [INFO] [run] subject=5, session=1, speed=7, trial=1, x__rid_x=78870f729b318717: dummy_return_one(x)
[10:14:56.912] [INFO] [run] subject=5, session=1, speed=7, trial=2, x__rid_x=a6091749f9ca1968: dummy_return_one(x)
[10:14:56.913] [INFO] [run] subject=5, session=1, speed=7, trial=3, x__rid_x=1eff1319ff54457a: dummy_return_one(x)
[10:14:56.914] [INFO] [run] subject=5, session=1, speed=7, trial=4, x__rid_x=3a090bffe970cb61: dummy_return_one(x)
[10:14:56.914] [INFO] [run] subject=5, session=1, speed=7, trial=5, x__rid_x=713b0680c0238270: dummy_return_one(x)
[10:14:56.915] [INFO] [run] subject=5, session=1, speed=7, trial=6, x__rid_x=33d78ef04d6101c8: dummy_return_one(x)
[10:14:56.916] [INFO] [run] subject=5, session=1, speed=7, trial=7, x__rid_x=202a90aed8bbdaf3: dummy_return_one(x)
[10:14:56.916] [INFO] [run] subject=5, session=1, speed=8, trial=1, x__rid_x=e009a7138302c7ef: dummy_return_one(x)
[10:14:56.917] [INFO] [run] subject=5, session=1, speed=8, trial=2, x__rid_x=d9a407eeff55266d: dummy_return_one(x)
[10:14:56.917] [INFO] [run] subject=5, session=1, speed=8, trial=3, x__rid_x=b09d076d6780ec3c: dummy_return_one(x)
[10:14:56.918] [INFO] [run] subject=5, session=1, speed=8, trial=4, x__rid_x=ba0e2ee80948f604: dummy_return_one(x)
[10:14:56.919] [INFO] [run] subject=5, session=1, speed=8, trial=5, x__rid_x=f0cf17fc42da60ab: dummy_return_one(x)
[10:14:56.920] [INFO] [run] subject=5, session=1, speed=8, trial=6, x__rid_x=3e7950c62c29ac03: dummy_return_one(x)
[10:14:56.921] [INFO] [run] subject=5, session=1, speed=8, trial=7, x__rid_x=9069c2a115ee978c: dummy_return_one(x)
[10:14:56.921] [INFO] [run] subject=5, session=1, speed=9, trial=1, x__rid_x=bdfea36476544d5d: dummy_return_one(x)
[10:14:56.922] [INFO] [run] subject=5, session=1, speed=9, trial=2, x__rid_x=006be146acc7b81e: dummy_return_one(x)
[10:14:56.923] [INFO] [run] subject=5, session=1, speed=9, trial=3, x__rid_x=4d3f64afcf411b19: dummy_return_one(x)
[10:14:56.923] [INFO] [run] subject=5, session=1, speed=9, trial=4, x__rid_x=5990f34228dc2038: dummy_return_one(x)
[10:14:56.924] [INFO] [run] subject=5, session=1, speed=9, trial=5, x__rid_x=499e372c37918e78: dummy_return_one(x)
[10:14:56.924] [INFO] [run] subject=5, session=1, speed=9, trial=6, x__rid_x=ced2f4905996c588: dummy_return_one(x)
[10:14:56.925] [INFO] [run] subject=5, session=1, speed=9, trial=7, x__rid_x=1ee42d667c9701c4: dummy_return_one(x)
[10:14:56.926] [INFO] [run] subject=5, session=2, speed=1, trial=1, x__rid_x=32b53f479b0a03ec: dummy_return_one(x)
[10:14:56.926] [INFO] [run] subject=5, session=2, speed=1, trial=2, x__rid_x=3ea7391f3c6f604c: dummy_return_one(x)
[10:14:56.927] [INFO] [run] subject=5, session=2, speed=1, trial=3, x__rid_x=f267ccd5cdcacba6: dummy_return_one(x)
[10:14:56.927] [INFO] [run] subject=5, session=2, speed=1, trial=4, x__rid_x=a99239ccaa1fdc92: dummy_return_one(x)
[10:14:56.928] [INFO] [run] subject=5, session=2, speed=1, trial=5, x__rid_x=85dcb2145bc8df82: dummy_return_one(x)
[10:14:56.929] [INFO] [run] subject=5, session=2, speed=1, trial=6, x__rid_x=00d6fad2d912d304: dummy_return_one(x)
[10:14:56.929] [INFO] [run] subject=5, session=2, speed=1, trial=7, x__rid_x=48a12e8a27019079: dummy_return_one(x)
[10:14:56.930] [INFO] [run] subject=5, session=2, speed=10, trial=1, x__rid_x=24c56ce340c7f3a0: dummy_return_one(x)
[10:14:56.930] [INFO] [run] subject=5, session=2, speed=10, trial=2, x__rid_x=da9f2524f210e2de: dummy_return_one(x)
[10:14:56.931] [INFO] [run] subject=5, session=2, speed=10, trial=3, x__rid_x=60782a53698409e8: dummy_return_one(x)
[10:14:56.932] [INFO] [run] subject=5, session=2, speed=10, trial=4, x__rid_x=c91adf20d6e1518f: dummy_return_one(x)
[10:14:56.932] [INFO] [run] subject=5, session=2, speed=10, trial=5, x__rid_x=83724df6a58c8c43: dummy_return_one(x)
[10:14:56.933] [INFO] [run] subject=5, session=2, speed=10, trial=6, x__rid_x=2f7620c583a784b2: dummy_return_one(x)
[10:14:56.933] [INFO] [run] subject=5, session=2, speed=10, trial=7, x__rid_x=3775471d5dfdbd4c: dummy_return_one(x)
[10:14:56.934] [INFO] [run] subject=5, session=2, speed=2, trial=1, x__rid_x=bf87adc418393674: dummy_return_one(x)
[10:14:56.935] [INFO] [run] subject=5, session=2, speed=2, trial=2, x__rid_x=21a3371dc5b63694: dummy_return_one(x)
[10:14:56.936] [INFO] [run] subject=5, session=2, speed=2, trial=3, x__rid_x=ee173a7a40f30e5b: dummy_return_one(x)
[10:14:56.936] [INFO] [run] subject=5, session=2, speed=2, trial=4, x__rid_x=c0512365918b35c4: dummy_return_one(x)
[10:14:56.937] [INFO] [run] subject=5, session=2, speed=2, trial=5, x__rid_x=2fd91f92ad8f7131: dummy_return_one(x)
[10:14:56.938] [INFO] [run] subject=5, session=2, speed=2, trial=6, x__rid_x=8e512bf7f674a129: dummy_return_one(x)
[10:14:56.939] [INFO] [run] subject=5, session=2, speed=2, trial=7, x__rid_x=f5b8d85a19375a2b: dummy_return_one(x)
[10:14:56.939] [INFO] [run] subject=5, session=2, speed=3, trial=1, x__rid_x=16b849ca3878cef8: dummy_return_one(x)
[10:14:56.940] [INFO] [run] subject=5, session=2, speed=3, trial=2, x__rid_x=4eb700664022e529: dummy_return_one(x)
[10:14:56.941] [INFO] [run] subject=5, session=2, speed=3, trial=3, x__rid_x=120f14780b85d080: dummy_return_one(x)
[10:14:56.941] [INFO] [run] subject=5, session=2, speed=3, trial=4, x__rid_x=8de16e251def2ee1: dummy_return_one(x)
[10:14:56.942] [INFO] [run] subject=5, session=2, speed=3, trial=5, x__rid_x=e73b88b1f784d24c: dummy_return_one(x)
[10:14:56.943] [INFO] [run] subject=5, session=2, speed=3, trial=6, x__rid_x=d2ba7fb77af5b1b5: dummy_return_one(x)
[10:14:56.943] [INFO] [run] subject=5, session=2, speed=3, trial=7, x__rid_x=7edac79fb7cdfd23: dummy_return_one(x)
[10:14:56.944] [INFO] [run] subject=5, session=2, speed=4, trial=1, x__rid_x=903968ae12ce8c39: dummy_return_one(x)
[10:14:56.944] [INFO] [run] subject=5, session=2, speed=4, trial=2, x__rid_x=a34aae917257306e: dummy_return_one(x)
[10:14:56.945] [INFO] [run] subject=5, session=2, speed=4, trial=3, x__rid_x=40652849ac5c7437: dummy_return_one(x)
[10:14:56.946] [INFO] [run] subject=5, session=2, speed=4, trial=4, x__rid_x=1fbc5ef58b6fc360: dummy_return_one(x)
[10:14:56.946] [INFO] [run] subject=5, session=2, speed=4, trial=5, x__rid_x=2feeefacbba9694f: dummy_return_one(x)
[10:14:56.947] [INFO] [run] subject=5, session=2, speed=4, trial=6, x__rid_x=3457459a79d95bdb: dummy_return_one(x)
[10:14:56.948] [INFO] [run] subject=5, session=2, speed=4, trial=7, x__rid_x=c66a6f39285ef784: dummy_return_one(x)
[10:14:56.948] [INFO] [run] subject=5, session=2, speed=5, trial=1, x__rid_x=a351b959e8017e9e: dummy_return_one(x)
[10:14:56.949] [INFO] [run] subject=5, session=2, speed=5, trial=2, x__rid_x=cabcea4ab2846e60: dummy_return_one(x)
[10:14:56.949] [INFO] [run] subject=5, session=2, speed=5, trial=3, x__rid_x=c9a2bd80b63b9d87: dummy_return_one(x)
[10:14:56.950] [INFO] [run] subject=5, session=2, speed=5, trial=4, x__rid_x=c51b8ece26684121: dummy_return_one(x)
[10:14:56.951] [INFO] [run] subject=5, session=2, speed=5, trial=5, x__rid_x=a3f680a516843505: dummy_return_one(x)
[10:14:56.951] [INFO] [run] subject=5, session=2, speed=5, trial=6, x__rid_x=83c019a501fb4914: dummy_return_one(x)
[10:14:56.952] [INFO] [run] subject=5, session=2, speed=5, trial=7, x__rid_x=df07185bf6d05143: dummy_return_one(x)
[10:14:56.953] [INFO] [run] subject=5, session=2, speed=6, trial=1, x__rid_x=7255654ff1f3083d: dummy_return_one(x)
[10:14:56.954] [INFO] [run] subject=5, session=2, speed=6, trial=2, x__rid_x=9c889cc0fdbe2379: dummy_return_one(x)
[10:14:56.955] [INFO] [run] subject=5, session=2, speed=6, trial=3, x__rid_x=a2e6bcffdce7ef63: dummy_return_one(x)
[10:14:56.956] [INFO] [run] subject=5, session=2, speed=6, trial=4, x__rid_x=f5da61d867a64818: dummy_return_one(x)
[10:14:56.956] [INFO] [run] subject=5, session=2, speed=6, trial=5, x__rid_x=0d6bdb3adeeae779: dummy_return_one(x)
[10:14:56.957] [INFO] [run] subject=5, session=2, speed=6, trial=6, x__rid_x=b47483c17d515d8e: dummy_return_one(x)
[10:14:56.958] [INFO] [run] subject=5, session=2, speed=6, trial=7, x__rid_x=532f82c0714b27d7: dummy_return_one(x)
[10:14:56.958] [INFO] [run] subject=5, session=2, speed=7, trial=1, x__rid_x=bd74b84b2291c2ad: dummy_return_one(x)
[10:14:56.959] [INFO] [run] subject=5, session=2, speed=7, trial=2, x__rid_x=c91bd9d64787c457: dummy_return_one(x)
[10:14:56.959] [INFO] [run] subject=5, session=2, speed=7, trial=3, x__rid_x=e7aee012cf7f14a9: dummy_return_one(x)
[10:14:56.960] [INFO] [run] subject=5, session=2, speed=7, trial=4, x__rid_x=0016a79ad8117187: dummy_return_one(x)
[10:14:56.961] [INFO] [run] subject=5, session=2, speed=7, trial=5, x__rid_x=978f2b4d1dc545ab: dummy_return_one(x)
[10:14:56.961] [INFO] [run] subject=5, session=2, speed=7, trial=6, x__rid_x=536212b99fa24058: dummy_return_one(x)
[10:14:56.962] [INFO] [run] subject=5, session=2, speed=7, trial=7, x__rid_x=0de58c97361519c1: dummy_return_one(x)
[10:14:56.962] [INFO] [run] subject=5, session=2, speed=8, trial=1, x__rid_x=ecf7e89e2b0494d0: dummy_return_one(x)
[10:14:56.963] [INFO] [run] subject=5, session=2, speed=8, trial=2, x__rid_x=dceb208962426caf: dummy_return_one(x)
[10:14:56.967] [INFO] [run] subject=5, session=2, speed=8, trial=3, x__rid_x=d61a62fafe2f3a87: dummy_return_one(x)
[10:14:56.968] [INFO] [run] subject=5, session=2, speed=8, trial=4, x__rid_x=84099d03a7d892a9: dummy_return_one(x)
[10:14:56.969] [INFO] [run] subject=5, session=2, speed=8, trial=5, x__rid_x=061a633067e300a1: dummy_return_one(x)
[10:14:56.970] [INFO] [run] subject=5, session=2, speed=8, trial=6, x__rid_x=070712ae9c303328: dummy_return_one(x)
[10:14:56.970] [INFO] [run] subject=5, session=2, speed=8, trial=7, x__rid_x=81a6c3b5adfb9c8f: dummy_return_one(x)
[10:14:56.971] [INFO] [run] subject=5, session=2, speed=9, trial=1, x__rid_x=cae33218dc9c399b: dummy_return_one(x)
[10:14:56.972] [INFO] [run] subject=5, session=2, speed=9, trial=2, x__rid_x=d79dde7f5051671e: dummy_return_one(x)
[10:14:56.972] [INFO] [run] subject=5, session=2, speed=9, trial=3, x__rid_x=c03075fa84c03141: dummy_return_one(x)
[10:14:56.973] [INFO] [run] subject=5, session=2, speed=9, trial=4, x__rid_x=dbf7256b4d537eed: dummy_return_one(x)
[10:14:56.974] [INFO] [run] subject=5, session=2, speed=9, trial=5, x__rid_x=68961d7898137c5c: dummy_return_one(x)
[10:14:56.974] [INFO] [run] subject=5, session=2, speed=9, trial=6, x__rid_x=7efc7eb243ec1e32: dummy_return_one(x)
[10:14:56.975] [INFO] [run] subject=5, session=2, speed=9, trial=7, x__rid_x=5bdb8b12688d5913: dummy_return_one(x)
[10:14:56.976] [INFO] [run] subject=5, session=3, speed=1, trial=1, x__rid_x=bb703067d4f194a2: dummy_return_one(x)
[10:14:56.976] [INFO] [run] subject=5, session=3, speed=1, trial=2, x__rid_x=9580e41dc8af8216: dummy_return_one(x)
[10:14:56.977] [INFO] [run] subject=5, session=3, speed=1, trial=3, x__rid_x=ce530b06806e2026: dummy_return_one(x)
[10:14:56.978] [INFO] [run] subject=5, session=3, speed=1, trial=4, x__rid_x=8b526ed7de807882: dummy_return_one(x)
[10:14:56.978] [INFO] [run] subject=5, session=3, speed=1, trial=5, x__rid_x=0514ea1b46ab44bd: dummy_return_one(x)
[10:14:56.979] [INFO] [run] subject=5, session=3, speed=1, trial=6, x__rid_x=e4f52ee1d985402f: dummy_return_one(x)
[10:14:56.979] [INFO] [run] subject=5, session=3, speed=1, trial=7, x__rid_x=4b9ca8990a98f197: dummy_return_one(x)
[10:14:56.980] [INFO] [run] subject=5, session=3, speed=10, trial=1, x__rid_x=40c80f96c96b62c5: dummy_return_one(x)
[10:14:56.981] [INFO] [run] subject=5, session=3, speed=10, trial=2, x__rid_x=a0c764e7a3e4f812: dummy_return_one(x)
[10:14:56.981] [INFO] [run] subject=5, session=3, speed=10, trial=3, x__rid_x=e6bf6c78fb123b94: dummy_return_one(x)
[10:14:56.982] [INFO] [run] subject=5, session=3, speed=10, trial=4, x__rid_x=ead486f3e3b9038b: dummy_return_one(x)
[10:14:56.983] [INFO] [run] subject=5, session=3, speed=10, trial=5, x__rid_x=1360e4ecd5bc68c9: dummy_return_one(x)
[10:14:56.983] [INFO] [run] subject=5, session=3, speed=10, trial=6, x__rid_x=bb6588816e071666: dummy_return_one(x)
[10:14:56.984] [INFO] [run] subject=5, session=3, speed=10, trial=7, x__rid_x=ac2690f8f08eee65: dummy_return_one(x)
[10:14:56.984] [INFO] [run] subject=5, session=3, speed=2, trial=1, x__rid_x=6b792c9c0d52e77c: dummy_return_one(x)
[10:14:56.985] [INFO] [run] subject=5, session=3, speed=2, trial=2, x__rid_x=08fe56d81bd4a5a2: dummy_return_one(x)
[10:14:56.986] [INFO] [run] subject=5, session=3, speed=2, trial=3, x__rid_x=5ddbcb12673c3501: dummy_return_one(x)
[10:14:56.987] [INFO] [run] subject=5, session=3, speed=2, trial=4, x__rid_x=ceb24ceee91a9f2f: dummy_return_one(x)
[10:14:56.988] [INFO] [run] subject=5, session=3, speed=2, trial=5, x__rid_x=9fdbe00455c12edb: dummy_return_one(x)
[10:14:56.988] [INFO] [run] subject=5, session=3, speed=2, trial=6, x__rid_x=f72b82fe8441abf1: dummy_return_one(x)
[10:14:56.989] [INFO] [run] subject=5, session=3, speed=2, trial=7, x__rid_x=c7f36edbb41aa566: dummy_return_one(x)
[10:14:56.990] [INFO] [run] subject=5, session=3, speed=3, trial=1, x__rid_x=7079fe9814e22f9b: dummy_return_one(x)
[10:14:56.990] [INFO] [run] subject=5, session=3, speed=3, trial=2, x__rid_x=3f60050e556c878f: dummy_return_one(x)
[10:14:56.991] [INFO] [run] subject=5, session=3, speed=3, trial=3, x__rid_x=b3c4422450056f0d: dummy_return_one(x)
[10:14:56.991] [INFO] [run] subject=5, session=3, speed=3, trial=4, x__rid_x=9ef8b5b3ff2949b4: dummy_return_one(x)
[10:14:56.992] [INFO] [run] subject=5, session=3, speed=3, trial=5, x__rid_x=8122001289af8e87: dummy_return_one(x)
[10:14:56.993] [INFO] [run] subject=5, session=3, speed=3, trial=6, x__rid_x=d76c69d45f0ba2ee: dummy_return_one(x)
[10:14:56.993] [INFO] [run] subject=5, session=3, speed=3, trial=7, x__rid_x=0f613d9ab057da95: dummy_return_one(x)
[10:14:56.994] [INFO] [run] subject=5, session=3, speed=4, trial=1, x__rid_x=506cd267e92071cb: dummy_return_one(x)
[10:14:56.994] [INFO] [run] subject=5, session=3, speed=4, trial=2, x__rid_x=f07e2638437827be: dummy_return_one(x)
[10:14:56.995] [INFO] [run] subject=5, session=3, speed=4, trial=3, x__rid_x=4e77f7770420253c: dummy_return_one(x)
[10:14:56.996] [INFO] [run] subject=5, session=3, speed=4, trial=4, x__rid_x=3d3e1eeb77b066b4: dummy_return_one(x)
[10:14:56.996] [INFO] [run] subject=5, session=3, speed=4, trial=5, x__rid_x=3a97c0a1e1005489: dummy_return_one(x)
[10:14:56.997] [INFO] [run] subject=5, session=3, speed=4, trial=6, x__rid_x=8b096162519f0f80: dummy_return_one(x)
[10:14:56.997] [INFO] [run] subject=5, session=3, speed=4, trial=7, x__rid_x=3f11c99504d5bee0: dummy_return_one(x)
[10:14:56.998] [INFO] [run] subject=5, session=3, speed=5, trial=1, x__rid_x=e42d05b7d4ea2e18: dummy_return_one(x)
[10:14:56.999] [INFO] [run] subject=5, session=3, speed=5, trial=2, x__rid_x=5b271f8ab397558d: dummy_return_one(x)
[10:14:56.999] [INFO] [run] subject=5, session=3, speed=5, trial=3, x__rid_x=f71371c7cb49edb8: dummy_return_one(x)
[10:14:57.000] [INFO] [run] subject=5, session=3, speed=5, trial=4, x__rid_x=2cde0d4cfc1a5055: dummy_return_one(x)
[10:14:57.001] [INFO] [run] subject=5, session=3, speed=5, trial=5, x__rid_x=54674b63f4f64b8c: dummy_return_one(x)
[10:14:57.001] [INFO] [run] subject=5, session=3, speed=5, trial=6, x__rid_x=ea5f15ca41bf64d4: dummy_return_one(x)
[10:14:57.002] [INFO] [run] subject=5, session=3, speed=5, trial=7, x__rid_x=fb4a60590eec0743: dummy_return_one(x)
[10:14:57.003] [INFO] [run] subject=5, session=3, speed=6, trial=1, x__rid_x=cd9cf14ebe9cb416: dummy_return_one(x)
[10:14:57.004] [INFO] [run] subject=5, session=3, speed=6, trial=2, x__rid_x=ca94c88fe5e34337: dummy_return_one(x)
[10:14:57.005] [INFO] [run] subject=5, session=3, speed=6, trial=3, x__rid_x=222f44e9d8612d64: dummy_return_one(x)
[10:14:57.005] [INFO] [run] subject=5, session=3, speed=6, trial=4, x__rid_x=2a4de16b91964d1f: dummy_return_one(x)
[10:14:57.006] [INFO] [run] subject=5, session=3, speed=6, trial=5, x__rid_x=c382bd2f038d821c: dummy_return_one(x)
[10:14:57.006] [INFO] [run] subject=5, session=3, speed=6, trial=6, x__rid_x=90fee9b890f518ff: dummy_return_one(x)
[10:14:57.007] [INFO] [run] subject=5, session=3, speed=6, trial=7, x__rid_x=d7d12c13c94c5fdf: dummy_return_one(x)
[10:14:57.008] [INFO] [run] subject=5, session=3, speed=7, trial=1, x__rid_x=df51efb6bef5821d: dummy_return_one(x)
[10:14:57.008] [INFO] [run] subject=5, session=3, speed=7, trial=2, x__rid_x=5acad95ceb5d3182: dummy_return_one(x)
[10:14:57.009] [INFO] [run] subject=5, session=3, speed=7, trial=3, x__rid_x=a638208db9a24d69: dummy_return_one(x)
[10:14:57.010] [INFO] [run] subject=5, session=3, speed=7, trial=4, x__rid_x=5f145c2f534d3ad5: dummy_return_one(x)
[10:14:57.010] [INFO] [run] subject=5, session=3, speed=7, trial=5, x__rid_x=0f5a650983f29bba: dummy_return_one(x)
[10:14:57.011] [INFO] [run] subject=5, session=3, speed=7, trial=6, x__rid_x=bd364e119af60e02: dummy_return_one(x)
[10:14:57.011] [INFO] [run] subject=5, session=3, speed=7, trial=7, x__rid_x=53c8d74b4bcdea0e: dummy_return_one(x)
[10:14:57.012] [INFO] [run] subject=5, session=3, speed=8, trial=1, x__rid_x=dfad8c9bd401bee5: dummy_return_one(x)
[10:14:57.013] [INFO] [run] subject=5, session=3, speed=8, trial=2, x__rid_x=7a2a91eab2f17afe: dummy_return_one(x)
[10:14:57.013] [INFO] [run] subject=5, session=3, speed=8, trial=3, x__rid_x=cb32cffb5999bdfe: dummy_return_one(x)
[10:14:57.014] [INFO] [run] subject=5, session=3, speed=8, trial=4, x__rid_x=25122a58efa77cf1: dummy_return_one(x)
[10:14:57.015] [INFO] [run] subject=5, session=3, speed=8, trial=5, x__rid_x=35732bfce9dab6a7: dummy_return_one(x)
[10:14:57.015] [INFO] [run] subject=5, session=3, speed=8, trial=6, x__rid_x=d6a2fa2b9feba009: dummy_return_one(x)
[10:14:57.016] [INFO] [run] subject=5, session=3, speed=8, trial=7, x__rid_x=d181d50892472570: dummy_return_one(x)
[10:14:57.016] [INFO] [run] subject=5, session=3, speed=9, trial=1, x__rid_x=52f1335bfd8d3f9d: dummy_return_one(x)
[10:14:57.017] [INFO] [run] subject=5, session=3, speed=9, trial=2, x__rid_x=53c7fac5132ea630: dummy_return_one(x)
[10:14:57.018] [INFO] [run] subject=5, session=3, speed=9, trial=3, x__rid_x=900be22c86dddfef: dummy_return_one(x)
[10:14:57.018] [INFO] [run] subject=5, session=3, speed=9, trial=4, x__rid_x=694557537415c095: dummy_return_one(x)
[10:14:57.019] [INFO] [run] subject=5, session=3, speed=9, trial=5, x__rid_x=414cd607a2175ba2: dummy_return_one(x)
[10:14:57.020] [INFO] [run] subject=5, session=3, speed=9, trial=6, x__rid_x=da813276b5db4c99: dummy_return_one(x)
[10:14:57.021] [INFO] [run] subject=5, session=3, speed=9, trial=7, x__rid_x=825913a3c89df77c: dummy_return_one(x)
[10:14:57.022] [INFO] [run] subject=5, session=4, speed=1, trial=1, x__rid_x=86d29668916b86a1: dummy_return_one(x)
[10:14:57.022] [INFO] [run] subject=5, session=4, speed=1, trial=2, x__rid_x=27023aa5630f6edf: dummy_return_one(x)
[10:14:57.023] [INFO] [run] subject=5, session=4, speed=1, trial=3, x__rid_x=0120692b5f5ac75e: dummy_return_one(x)
[10:14:57.024] [INFO] [run] subject=5, session=4, speed=1, trial=4, x__rid_x=f4564ed0dae447cc: dummy_return_one(x)
[10:14:57.024] [INFO] [run] subject=5, session=4, speed=1, trial=5, x__rid_x=b6bbd1af8dddfbba: dummy_return_one(x)
[10:14:57.025] [INFO] [run] subject=5, session=4, speed=1, trial=6, x__rid_x=b2f878def0304ef1: dummy_return_one(x)
[10:14:57.025] [INFO] [run] subject=5, session=4, speed=1, trial=7, x__rid_x=7354da3b451debbc: dummy_return_one(x)
[10:14:57.026] [INFO] [run] subject=5, session=4, speed=10, trial=1, x__rid_x=e5f9ec11b89025d1: dummy_return_one(x)
[10:14:57.027] [INFO] [run] subject=5, session=4, speed=10, trial=2, x__rid_x=8ba1b1ef3be7ec47: dummy_return_one(x)
[10:14:57.027] [INFO] [run] subject=5, session=4, speed=10, trial=3, x__rid_x=54069aad60c7b32c: dummy_return_one(x)
[10:14:57.028] [INFO] [run] subject=5, session=4, speed=10, trial=4, x__rid_x=b9d58ced0dcea864: dummy_return_one(x)
[10:14:57.028] [INFO] [run] subject=5, session=4, speed=10, trial=5, x__rid_x=164d196dd68ee062: dummy_return_one(x)
[10:14:57.029] [INFO] [run] subject=5, session=4, speed=10, trial=6, x__rid_x=f72ae0915534194f: dummy_return_one(x)
[10:14:57.030] [INFO] [run] subject=5, session=4, speed=10, trial=7, x__rid_x=e3a036931479050a: dummy_return_one(x)
[10:14:57.030] [INFO] [run] subject=5, session=4, speed=2, trial=1, x__rid_x=947f91f1c786ea9f: dummy_return_one(x)
[10:14:57.031] [INFO] [run] subject=5, session=4, speed=2, trial=2, x__rid_x=874412c7bf79b0f4: dummy_return_one(x)
[10:14:57.032] [INFO] [run] subject=5, session=4, speed=2, trial=3, x__rid_x=7effbe6634687620: dummy_return_one(x)
[10:14:57.032] [INFO] [run] subject=5, session=4, speed=2, trial=4, x__rid_x=5c4520b14b75d732: dummy_return_one(x)
[10:14:57.033] [INFO] [run] subject=5, session=4, speed=2, trial=5, x__rid_x=60921e2f13a09d62: dummy_return_one(x)
[10:14:57.034] [INFO] [run] subject=5, session=4, speed=2, trial=6, x__rid_x=da6b089ddcb31d9d: dummy_return_one(x)
[10:14:57.034] [INFO] [run] subject=5, session=4, speed=2, trial=7, x__rid_x=dcb538f6032219c5: dummy_return_one(x)
[10:14:57.035] [INFO] [run] subject=5, session=4, speed=3, trial=1, x__rid_x=2c1549b3f8562380: dummy_return_one(x)
[10:14:57.036] [INFO] [run] subject=5, session=4, speed=3, trial=2, x__rid_x=070998d292407ebf: dummy_return_one(x)
[10:14:57.036] [INFO] [run] subject=5, session=4, speed=3, trial=3, x__rid_x=63dd53119bbd1117: dummy_return_one(x)
[10:14:57.037] [INFO] [run] subject=5, session=4, speed=3, trial=4, x__rid_x=e3b5e9423fa76db6: dummy_return_one(x)
[10:14:57.038] [INFO] [run] subject=5, session=4, speed=3, trial=5, x__rid_x=767912fb91b52ff9: dummy_return_one(x)
[10:14:57.039] [INFO] [run] subject=5, session=4, speed=3, trial=6, x__rid_x=25c18177a89a6155: dummy_return_one(x)
[10:14:57.039] [INFO] [run] subject=5, session=4, speed=3, trial=7, x__rid_x=ec80ae1d88236e54: dummy_return_one(x)
[10:14:57.040] [INFO] [run] subject=5, session=4, speed=4, trial=1, x__rid_x=61d8d02d0cae394e: dummy_return_one(x)
[10:14:57.041] [INFO] [run] subject=5, session=4, speed=4, trial=2, x__rid_x=8796ea493587ce3b: dummy_return_one(x)
[10:14:57.041] [INFO] [run] subject=5, session=4, speed=4, trial=3, x__rid_x=b9874a42e6c903be: dummy_return_one(x)
[10:14:57.042] [INFO] [run] subject=5, session=4, speed=4, trial=4, x__rid_x=9fa976b40a39fbe2: dummy_return_one(x)
[10:14:57.043] [INFO] [run] subject=5, session=4, speed=4, trial=5, x__rid_x=ebff1bfb5c44f129: dummy_return_one(x)
[10:14:57.044] [INFO] [run] subject=5, session=4, speed=4, trial=6, x__rid_x=a5a62e3e33747026: dummy_return_one(x)
[10:14:57.044] [INFO] [run] subject=5, session=4, speed=4, trial=7, x__rid_x=1f3e8d75fef65125: dummy_return_one(x)
[10:14:57.045] [INFO] [run] subject=5, session=4, speed=5, trial=1, x__rid_x=7d6a422e0b7fe088: dummy_return_one(x)
[10:14:57.045] [INFO] [run] subject=5, session=4, speed=5, trial=2, x__rid_x=6e592f5210d03dff: dummy_return_one(x)
[10:14:57.046] [INFO] [run] subject=5, session=4, speed=5, trial=3, x__rid_x=36402369dd947fae: dummy_return_one(x)
[10:14:57.047] [INFO] [run] subject=5, session=4, speed=5, trial=4, x__rid_x=6449d68164a999da: dummy_return_one(x)
[10:14:57.047] [INFO] [run] subject=5, session=4, speed=5, trial=5, x__rid_x=ac7fe8befd4305f5: dummy_return_one(x)
[10:14:57.048] [INFO] [run] subject=5, session=4, speed=5, trial=6, x__rid_x=a05df72b4c25cd93: dummy_return_one(x)
[10:14:57.048] [INFO] [run] subject=5, session=4, speed=5, trial=7, x__rid_x=cc357a1b31d0ae29: dummy_return_one(x)
[10:14:57.049] [INFO] [run] subject=5, session=4, speed=6, trial=1, x__rid_x=24e3f20b5044b2f3: dummy_return_one(x)
[10:14:57.050] [INFO] [run] subject=5, session=4, speed=6, trial=2, x__rid_x=72cf346dd0f86cdf: dummy_return_one(x)
[10:14:57.050] [INFO] [run] subject=5, session=4, speed=6, trial=3, x__rid_x=a3533fc7efb485a9: dummy_return_one(x)
[10:14:57.051] [INFO] [run] subject=5, session=4, speed=6, trial=4, x__rid_x=89daef7c0eb57cb5: dummy_return_one(x)
[10:14:57.052] [INFO] [run] subject=5, session=4, speed=6, trial=5, x__rid_x=f4f1771dc5e2b29a: dummy_return_one(x)
[10:14:57.052] [INFO] [run] subject=5, session=4, speed=6, trial=6, x__rid_x=a1e3ef7ea278c8ef: dummy_return_one(x)
[10:14:57.053] [INFO] [run] subject=5, session=4, speed=6, trial=7, x__rid_x=57917526478be127: dummy_return_one(x)
[10:14:57.054] [INFO] [run] subject=5, session=4, speed=7, trial=1, x__rid_x=6e9bad9d76d03db8: dummy_return_one(x)
[10:14:57.055] [INFO] [run] subject=5, session=4, speed=7, trial=2, x__rid_x=005c03ca7e57bef0: dummy_return_one(x)
[10:14:57.056] [INFO] [run] subject=5, session=4, speed=7, trial=3, x__rid_x=3943f4570f9385bc: dummy_return_one(x)
[10:14:57.056] [INFO] [run] subject=5, session=4, speed=7, trial=4, x__rid_x=7cb1e3fbab6ea651: dummy_return_one(x)
[10:14:57.057] [INFO] [run] subject=5, session=4, speed=7, trial=5, x__rid_x=ad2638b0ab8e3783: dummy_return_one(x)
[10:14:57.058] [INFO] [run] subject=5, session=4, speed=7, trial=6, x__rid_x=af7ed6ba2a4f9d41: dummy_return_one(x)
[10:14:57.058] [INFO] [run] subject=5, session=4, speed=7, trial=7, x__rid_x=17ecf18d8e1ca34b: dummy_return_one(x)
[10:14:57.059] [INFO] [run] subject=5, session=4, speed=8, trial=1, x__rid_x=61bdd5b29043baf8: dummy_return_one(x)
[10:14:57.060] [INFO] [run] subject=5, session=4, speed=8, trial=2, x__rid_x=77a6eed9d0e317ac: dummy_return_one(x)
[10:14:57.061] [INFO] [run] subject=5, session=4, speed=8, trial=3, x__rid_x=c93a7959317afc43: dummy_return_one(x)
[10:14:57.061] [INFO] [run] subject=5, session=4, speed=8, trial=4, x__rid_x=94b4dc20ca4f7c88: dummy_return_one(x)
[10:14:57.062] [INFO] [run] subject=5, session=4, speed=8, trial=5, x__rid_x=464c092b2db86469: dummy_return_one(x)
[10:14:57.062] [INFO] [run] subject=5, session=4, speed=8, trial=6, x__rid_x=e11172e558217214: dummy_return_one(x)
[10:14:57.063] [INFO] [run] subject=5, session=4, speed=8, trial=7, x__rid_x=fd34c5a25e74580f: dummy_return_one(x)
[10:14:57.064] [INFO] [run] subject=5, session=4, speed=9, trial=1, x__rid_x=76fc1004ee64ffba: dummy_return_one(x)
[10:14:57.064] [INFO] [run] subject=5, session=4, speed=9, trial=2, x__rid_x=038be3125618d556: dummy_return_one(x)
[10:14:57.065] [INFO] [run] subject=5, session=4, speed=9, trial=3, x__rid_x=d09e3e01b89b294e: dummy_return_one(x)
[10:14:57.066] [INFO] [run] subject=5, session=4, speed=9, trial=4, x__rid_x=e023e3a4842c79bf: dummy_return_one(x)
[10:14:57.066] [INFO] [run] subject=5, session=4, speed=9, trial=5, x__rid_x=c1409009e816d722: dummy_return_one(x)
[10:14:57.067] [INFO] [run] subject=5, session=4, speed=9, trial=6, x__rid_x=35f8eec04e534f84: dummy_return_one(x)
[10:14:57.068] [INFO] [run] subject=5, session=4, speed=9, trial=7, x__rid_x=47155466333f0458: dummy_return_one(x)
[10:14:57.068] [INFO] [run] subject=5, session=5, speed=1, trial=1, x__rid_x=7320e19bae81df0a: dummy_return_one(x)
[10:14:57.069] [INFO] [run] subject=5, session=5, speed=1, trial=2, x__rid_x=46f4141d73e5626e: dummy_return_one(x)
[10:14:57.070] [INFO] [run] subject=5, session=5, speed=1, trial=3, x__rid_x=11ba7be826b2bffb: dummy_return_one(x)
[10:14:57.071] [INFO] [run] subject=5, session=5, speed=1, trial=4, x__rid_x=d84f2d8b123c30d4: dummy_return_one(x)
[10:14:57.071] [INFO] [run] subject=5, session=5, speed=1, trial=5, x__rid_x=ae1b1da2e8fc5d24: dummy_return_one(x)
[10:14:57.072] [INFO] [run] subject=5, session=5, speed=1, trial=6, x__rid_x=c444782fda5a6f09: dummy_return_one(x)
[10:14:57.073] [INFO] [run] subject=5, session=5, speed=1, trial=7, x__rid_x=7e888f93c2da4247: dummy_return_one(x)
[10:14:57.073] [INFO] [run] subject=5, session=5, speed=10, trial=1, x__rid_x=88955120e288938b: dummy_return_one(x)
[10:14:57.074] [INFO] [run] subject=5, session=5, speed=10, trial=2, x__rid_x=14324f8294800b7e: dummy_return_one(x)
[10:14:57.074] [INFO] [run] subject=5, session=5, speed=10, trial=3, x__rid_x=5f5de281b40bab98: dummy_return_one(x)
[10:14:57.075] [INFO] [run] subject=5, session=5, speed=10, trial=4, x__rid_x=3900bae4f601ce4f: dummy_return_one(x)
[10:14:57.076] [INFO] [run] subject=5, session=5, speed=10, trial=5, x__rid_x=9ae847494836e7f4: dummy_return_one(x)
[10:14:57.077] [INFO] [run] subject=5, session=5, speed=10, trial=6, x__rid_x=d0def152e75ae460: dummy_return_one(x)
[10:14:57.077] [INFO] [run] subject=5, session=5, speed=10, trial=7, x__rid_x=ced060ad24233850: dummy_return_one(x)
[10:14:57.078] [INFO] [run] subject=5, session=5, speed=2, trial=1, x__rid_x=cb0ddbc1e1ce0eec: dummy_return_one(x)
[10:14:57.078] [INFO] [run] subject=5, session=5, speed=2, trial=2, x__rid_x=88d754a3ea3f2bac: dummy_return_one(x)
[10:14:57.079] [INFO] [run] subject=5, session=5, speed=2, trial=3, x__rid_x=1153b645b98b37ab: dummy_return_one(x)
[10:14:57.080] [INFO] [run] subject=5, session=5, speed=2, trial=4, x__rid_x=774e01c6832914c4: dummy_return_one(x)
[10:14:57.080] [INFO] [run] subject=5, session=5, speed=2, trial=5, x__rid_x=b2f97246454307e5: dummy_return_one(x)
[10:14:57.081] [INFO] [run] subject=5, session=5, speed=2, trial=6, x__rid_x=73fa6ca63b719181: dummy_return_one(x)
[10:14:57.082] [INFO] [run] subject=5, session=5, speed=2, trial=7, x__rid_x=c80dc3cdd02f717a: dummy_return_one(x)
[10:14:57.082] [INFO] [run] subject=5, session=5, speed=3, trial=1, x__rid_x=09cd00af53a121b7: dummy_return_one(x)
[10:14:57.083] [INFO] [run] subject=5, session=5, speed=3, trial=2, x__rid_x=775f706030b57164: dummy_return_one(x)
[10:14:57.084] [INFO] [run] subject=5, session=5, speed=3, trial=3, x__rid_x=d92235c157ced0af: dummy_return_one(x)
[10:14:57.084] [INFO] [run] subject=5, session=5, speed=3, trial=4, x__rid_x=61f1fa7e8f7c996d: dummy_return_one(x)
[10:14:57.085] [INFO] [run] subject=5, session=5, speed=3, trial=5, x__rid_x=ae6c261a54f1b7c0: dummy_return_one(x)
[10:14:57.085] [INFO] [run] subject=5, session=5, speed=3, trial=6, x__rid_x=e333ca342ae608a1: dummy_return_one(x)
[10:14:57.086] [INFO] [run] subject=5, session=5, speed=3, trial=7, x__rid_x=97b19f3089c21916: dummy_return_one(x)
[10:14:57.087] [INFO] [run] subject=5, session=5, speed=4, trial=1, x__rid_x=bd71d539d5f0a44b: dummy_return_one(x)
[10:14:57.088] [INFO] [run] subject=5, session=5, speed=4, trial=2, x__rid_x=b6ba562c1d98527f: dummy_return_one(x)
[10:14:57.089] [INFO] [run] subject=5, session=5, speed=4, trial=3, x__rid_x=79fd7d6307baca1a: dummy_return_one(x)
[10:14:57.089] [INFO] [run] subject=5, session=5, speed=4, trial=4, x__rid_x=53115ddbd6048522: dummy_return_one(x)
[10:14:57.090] [INFO] [run] subject=5, session=5, speed=4, trial=5, x__rid_x=28f9931809ce9882: dummy_return_one(x)
[10:14:57.090] [INFO] [run] subject=5, session=5, speed=4, trial=6, x__rid_x=03ffccbccdceacc4: dummy_return_one(x)
[10:14:57.091] [INFO] [run] subject=5, session=5, speed=4, trial=7, x__rid_x=5adf18172eeaf48d: dummy_return_one(x)
[10:14:57.092] [INFO] [run] subject=5, session=5, speed=5, trial=1, x__rid_x=5198319fcb8d33f3: dummy_return_one(x)
[10:14:57.092] [INFO] [run] subject=5, session=5, speed=5, trial=2, x__rid_x=5fa81727eae620cd: dummy_return_one(x)
[10:14:57.093] [INFO] [run] subject=5, session=5, speed=5, trial=3, x__rid_x=27eee8afbbf937b2: dummy_return_one(x)
[10:14:57.093] [INFO] [run] subject=5, session=5, speed=5, trial=4, x__rid_x=9c803c98321b91d6: dummy_return_one(x)
[10:14:57.094] [INFO] [run] subject=5, session=5, speed=5, trial=5, x__rid_x=1b76a6d42378ef3d: dummy_return_one(x)
[10:14:57.095] [INFO] [run] subject=5, session=5, speed=5, trial=6, x__rid_x=372d3fc5e90e8256: dummy_return_one(x)
[10:14:57.095] [INFO] [run] subject=5, session=5, speed=5, trial=7, x__rid_x=55344a46cc499f57: dummy_return_one(x)
[10:14:57.096] [INFO] [run] subject=5, session=5, speed=6, trial=1, x__rid_x=3df38d1ef32c5acc: dummy_return_one(x)
[10:14:57.096] [INFO] [run] subject=5, session=5, speed=6, trial=2, x__rid_x=d9361254a2dc77df: dummy_return_one(x)
[10:14:57.097] [INFO] [run] subject=5, session=5, speed=6, trial=3, x__rid_x=393ca7d2ee897e23: dummy_return_one(x)
[10:14:57.098] [INFO] [run] subject=5, session=5, speed=6, trial=4, x__rid_x=5b85d90cb78bd5cd: dummy_return_one(x)
[10:14:57.098] [INFO] [run] subject=5, session=5, speed=6, trial=5, x__rid_x=daa7e120f1509682: dummy_return_one(x)
[10:14:57.099] [INFO] [run] subject=5, session=5, speed=6, trial=6, x__rid_x=eafd40e413e1c096: dummy_return_one(x)
[10:14:57.099] [INFO] [run] subject=5, session=5, speed=6, trial=7, x__rid_x=0fbe7e32f2f7437c: dummy_return_one(x)
[10:14:57.100] [INFO] [run] subject=5, session=5, speed=7, trial=1, x__rid_x=cc418ba1d93e00a8: dummy_return_one(x)
[10:14:57.101] [INFO] [run] subject=5, session=5, speed=7, trial=2, x__rid_x=1abc734fdb49372a: dummy_return_one(x)
[10:14:57.101] [INFO] [run] subject=5, session=5, speed=7, trial=3, x__rid_x=83fab4de9e99ad06: dummy_return_one(x)
[10:14:57.102] [INFO] [run] subject=5, session=5, speed=7, trial=4, x__rid_x=fb9a6983034267dd: dummy_return_one(x)
[10:14:57.103] [INFO] [run] subject=5, session=5, speed=7, trial=5, x__rid_x=222f0c9f4ff2ee49: dummy_return_one(x)
[10:14:57.104] [INFO] [run] subject=5, session=5, speed=7, trial=6, x__rid_x=cdc81541507ac177: dummy_return_one(x)
[10:14:57.104] [INFO] [run] subject=5, session=5, speed=7, trial=7, x__rid_x=8a0eaf199e8a8730: dummy_return_one(x)
[10:14:57.105] [INFO] [run] subject=5, session=5, speed=8, trial=1, x__rid_x=27de16de3d3c200d: dummy_return_one(x)
[10:14:57.106] [INFO] [run] subject=5, session=5, speed=8, trial=2, x__rid_x=4e84dc93181c4f94: dummy_return_one(x)
[10:14:57.106] [INFO] [run] subject=5, session=5, speed=8, trial=3, x__rid_x=df9f67baca14fcd9: dummy_return_one(x)
[10:14:57.107] [INFO] [run] subject=5, session=5, speed=8, trial=4, x__rid_x=ac16d4dbdf1f9a85: dummy_return_one(x)
[10:14:57.108] [INFO] [run] subject=5, session=5, speed=8, trial=5, x__rid_x=cf6db68ee347d89a: dummy_return_one(x)
[10:14:57.108] [INFO] [run] subject=5, session=5, speed=8, trial=6, x__rid_x=6713dc371b288825: dummy_return_one(x)
[10:14:57.109] [INFO] [run] subject=5, session=5, speed=8, trial=7, x__rid_x=5c58b0074499bf10: dummy_return_one(x)
[10:14:57.110] [INFO] [run] subject=5, session=5, speed=9, trial=1, x__rid_x=eddf77d91a1bb31c: dummy_return_one(x)
[10:14:57.110] [INFO] [run] subject=5, session=5, speed=9, trial=2, x__rid_x=69d625080eaab37b: dummy_return_one(x)
[10:14:57.111] [INFO] [run] subject=5, session=5, speed=9, trial=3, x__rid_x=5df6940a9b00fb75: dummy_return_one(x)
[10:14:57.111] [INFO] [run] subject=5, session=5, speed=9, trial=4, x__rid_x=c2647e05e4b7e028: dummy_return_one(x)
[10:14:57.112] [INFO] [run] subject=5, session=5, speed=9, trial=5, x__rid_x=b0341f0971393ab7: dummy_return_one(x)
[10:14:57.112] [INFO] [run] subject=5, session=5, speed=9, trial=6, x__rid_x=81916820e5787fb8: dummy_return_one(x)
[10:14:57.113] [INFO] [run] subject=5, session=5, speed=9, trial=7, x__rid_x=3764e009265098b3: dummy_return_one(x)
[10:14:57.114] [INFO] [run] subject=6, session=1, speed=1, trial=1, x__rid_x=adac6ba73939fd2e: dummy_return_one(x)
[10:14:57.114] [INFO] [run] subject=6, session=1, speed=1, trial=2, x__rid_x=84408e1eb03f1d96: dummy_return_one(x)
[10:14:57.115] [INFO] [run] subject=6, session=1, speed=1, trial=3, x__rid_x=b4d51b6e8e318445: dummy_return_one(x)
[10:14:57.115] [INFO] [run] subject=6, session=1, speed=1, trial=4, x__rid_x=f28460973ec0df30: dummy_return_one(x)
[10:14:57.116] [INFO] [run] subject=6, session=1, speed=1, trial=5, x__rid_x=202f284952bcd6ef: dummy_return_one(x)
[10:14:57.117] [INFO] [run] subject=6, session=1, speed=1, trial=6, x__rid_x=b6a27c7cfb750cd1: dummy_return_one(x)
[10:14:57.117] [INFO] [run] subject=6, session=1, speed=1, trial=7, x__rid_x=0a300b36e8c8c494: dummy_return_one(x)
[10:14:57.118] [INFO] [run] subject=6, session=1, speed=10, trial=1, x__rid_x=70e5ac067a319c5e: dummy_return_one(x)
[10:14:57.118] [INFO] [run] subject=6, session=1, speed=10, trial=2, x__rid_x=59a40151f4c57419: dummy_return_one(x)
[10:14:57.120] [INFO] [run] subject=6, session=1, speed=10, trial=3, x__rid_x=89121e19ab307c90: dummy_return_one(x)
[10:14:57.121] [INFO] [run] subject=6, session=1, speed=10, trial=4, x__rid_x=aa0227aea0cbd490: dummy_return_one(x)
[10:14:57.122] [INFO] [run] subject=6, session=1, speed=10, trial=5, x__rid_x=a6b86167d1438f46: dummy_return_one(x)
[10:14:57.122] [INFO] [run] subject=6, session=1, speed=10, trial=6, x__rid_x=12b00f4336a378b9: dummy_return_one(x)
[10:14:57.123] [INFO] [run] subject=6, session=1, speed=10, trial=7, x__rid_x=ca0bc655e1d513fb: dummy_return_one(x)
[10:14:57.124] [INFO] [run] subject=6, session=1, speed=2, trial=1, x__rid_x=6f64b37a1b3edce0: dummy_return_one(x)
[10:14:57.124] [INFO] [run] subject=6, session=1, speed=2, trial=2, x__rid_x=a30a63bfb7d20ecc: dummy_return_one(x)
[10:14:57.125] [INFO] [run] subject=6, session=1, speed=2, trial=3, x__rid_x=130e8f8113d5b6f2: dummy_return_one(x)
[10:14:57.126] [INFO] [run] subject=6, session=1, speed=2, trial=4, x__rid_x=ac055a93436c6e3c: dummy_return_one(x)
[10:14:57.126] [INFO] [run] subject=6, session=1, speed=2, trial=5, x__rid_x=775377c7df774d65: dummy_return_one(x)
[10:14:57.127] [INFO] [run] subject=6, session=1, speed=2, trial=6, x__rid_x=bd9b55c7a2d12375: dummy_return_one(x)
[10:14:57.128] [INFO] [run] subject=6, session=1, speed=2, trial=7, x__rid_x=9065a74045604783: dummy_return_one(x)
[10:14:57.128] [INFO] [run] subject=6, session=1, speed=3, trial=1, x__rid_x=434f55378645f7ae: dummy_return_one(x)
[10:14:57.129] [INFO] [run] subject=6, session=1, speed=3, trial=2, x__rid_x=0b903641f5a96e2c: dummy_return_one(x)
[10:14:57.129] [INFO] [run] subject=6, session=1, speed=3, trial=3, x__rid_x=4d92447bf5489b67: dummy_return_one(x)
[10:14:57.130] [INFO] [run] subject=6, session=1, speed=3, trial=4, x__rid_x=1117883e2ee8df69: dummy_return_one(x)
[10:14:57.131] [INFO] [run] subject=6, session=1, speed=3, trial=5, x__rid_x=90fa45142cee7539: dummy_return_one(x)
[10:14:57.131] [INFO] [run] subject=6, session=1, speed=3, trial=6, x__rid_x=19b2894295d9d273: dummy_return_one(x)
[10:14:57.132] [INFO] [run] subject=6, session=1, speed=3, trial=7, x__rid_x=b6aee6c8a4921f50: dummy_return_one(x)
[10:14:57.132] [INFO] [run] subject=6, session=1, speed=4, trial=1, x__rid_x=a28ea7f41a20677a: dummy_return_one(x)
[10:14:57.133] [INFO] [run] subject=6, session=1, speed=4, trial=2, x__rid_x=1639b05ffc1a5a0a: dummy_return_one(x)
[10:14:57.134] [INFO] [run] subject=6, session=1, speed=4, trial=3, x__rid_x=cbce705ea9dc9c28: dummy_return_one(x)
[10:14:57.134] [INFO] [run] subject=6, session=1, speed=4, trial=4, x__rid_x=30fc13e9839fbb5e: dummy_return_one(x)
[10:14:57.135] [INFO] [run] subject=6, session=1, speed=4, trial=5, x__rid_x=4a40e6d85e962ccc: dummy_return_one(x)
[10:14:57.135] [INFO] [run] subject=6, session=1, speed=4, trial=6, x__rid_x=9eafe6fac1b9ddd4: dummy_return_one(x)
[10:14:57.136] [INFO] [run] subject=6, session=1, speed=4, trial=7, x__rid_x=39ae5e3896309b04: dummy_return_one(x)
[10:14:57.137] [INFO] [run] subject=6, session=1, speed=5, trial=1, x__rid_x=88f0756bf8c1e222: dummy_return_one(x)
[10:14:57.138] [INFO] [run] subject=6, session=1, speed=5, trial=2, x__rid_x=26ee7627d043b9aa: dummy_return_one(x)
[10:14:57.139] [INFO] [run] subject=6, session=1, speed=5, trial=3, x__rid_x=062f91ab567e93f4: dummy_return_one(x)
[10:14:57.139] [INFO] [run] subject=6, session=1, speed=5, trial=4, x__rid_x=58a30fc77103fe3a: dummy_return_one(x)
[10:14:57.140] [INFO] [run] subject=6, session=1, speed=5, trial=5, x__rid_x=f4969408676b679c: dummy_return_one(x)
[10:14:57.141] [INFO] [run] subject=6, session=1, speed=5, trial=6, x__rid_x=276e1d504ac2b4fd: dummy_return_one(x)
[10:14:57.141] [INFO] [run] subject=6, session=1, speed=5, trial=7, x__rid_x=45bcc5a26bc45339: dummy_return_one(x)
[10:14:57.142] [INFO] [run] subject=6, session=1, speed=6, trial=1, x__rid_x=a151371c39634456: dummy_return_one(x)
[10:14:57.142] [INFO] [run] subject=6, session=1, speed=6, trial=2, x__rid_x=25b6a71035dd8066: dummy_return_one(x)
[10:14:57.143] [INFO] [run] subject=6, session=1, speed=6, trial=3, x__rid_x=40960d70ed639b59: dummy_return_one(x)
[10:14:57.144] [INFO] [run] subject=6, session=1, speed=6, trial=4, x__rid_x=8f60725443c77e6e: dummy_return_one(x)
[10:14:57.144] [INFO] [run] subject=6, session=1, speed=6, trial=5, x__rid_x=08675fc6314109d6: dummy_return_one(x)
[10:14:57.145] [INFO] [run] subject=6, session=1, speed=6, trial=6, x__rid_x=dcedb8a9c6c117f7: dummy_return_one(x)
[10:14:57.145] [INFO] [run] subject=6, session=1, speed=6, trial=7, x__rid_x=54c5ea2ef30d37d1: dummy_return_one(x)
[10:14:57.146] [INFO] [run] subject=6, session=1, speed=7, trial=1, x__rid_x=a3ab0792bad1ffca: dummy_return_one(x)
[10:14:57.147] [INFO] [run] subject=6, session=1, speed=7, trial=2, x__rid_x=b37a7a9f2dba783e: dummy_return_one(x)
[10:14:57.147] [INFO] [run] subject=6, session=1, speed=7, trial=3, x__rid_x=5b378d8f1d33b384: dummy_return_one(x)
[10:14:57.148] [INFO] [run] subject=6, session=1, speed=7, trial=4, x__rid_x=b873994bce163f64: dummy_return_one(x)
[10:14:57.148] [INFO] [run] subject=6, session=1, speed=7, trial=5, x__rid_x=956c47a6bf6cd90b: dummy_return_one(x)
[10:14:57.149] [INFO] [run] subject=6, session=1, speed=7, trial=6, x__rid_x=5d6525ebbe83cf18: dummy_return_one(x)
[10:14:57.150] [INFO] [run] subject=6, session=1, speed=7, trial=7, x__rid_x=7a4816ff76c8b9f3: dummy_return_one(x)
[10:14:57.150] [INFO] [run] subject=6, session=1, speed=8, trial=1, x__rid_x=c2f669053c2bc547: dummy_return_one(x)
[10:14:57.151] [INFO] [run] subject=6, session=1, speed=8, trial=2, x__rid_x=97f41f38ac2ac5b7: dummy_return_one(x)
[10:14:57.151] [INFO] [run] subject=6, session=1, speed=8, trial=3, x__rid_x=abf2fa60709405ff: dummy_return_one(x)
[10:14:57.152] [INFO] [run] subject=6, session=1, speed=8, trial=4, x__rid_x=0637024b2359f013: dummy_return_one(x)
[10:14:57.153] [INFO] [run] subject=6, session=1, speed=8, trial=5, x__rid_x=393a327c8feaeaa4: dummy_return_one(x)
[10:14:57.154] [INFO] [run] subject=6, session=1, speed=8, trial=6, x__rid_x=b5d055fdec5296cc: dummy_return_one(x)
[10:14:57.155] [INFO] [run] subject=6, session=1, speed=8, trial=7, x__rid_x=a62f87941cc12120: dummy_return_one(x)
[10:14:57.156] [INFO] [run] subject=6, session=1, speed=9, trial=1, x__rid_x=11fbf3e34a17909b: dummy_return_one(x)
[10:14:57.157] [INFO] [run] subject=6, session=1, speed=9, trial=2, x__rid_x=626ee0bcf02ed307: dummy_return_one(x)
[10:14:57.158] [INFO] [run] subject=6, session=1, speed=9, trial=3, x__rid_x=f1da6d5f892da873: dummy_return_one(x)
[10:14:57.159] [INFO] [run] subject=6, session=1, speed=9, trial=4, x__rid_x=4e4bbc4b56e51561: dummy_return_one(x)
[10:14:57.159] [INFO] [run] subject=6, session=1, speed=9, trial=5, x__rid_x=c43e09d63070dfbb: dummy_return_one(x)
[10:14:57.160] [INFO] [run] subject=6, session=1, speed=9, trial=6, x__rid_x=361b533e416abe7c: dummy_return_one(x)
[10:14:57.161] [INFO] [run] subject=6, session=1, speed=9, trial=7, x__rid_x=4fc65444e3e1ceda: dummy_return_one(x)
[10:14:57.161] [INFO] [run] subject=6, session=2, speed=1, trial=1, x__rid_x=712746e2282bd7af: dummy_return_one(x)
[10:14:57.162] [INFO] [run] subject=6, session=2, speed=1, trial=2, x__rid_x=94135cc538e5945b: dummy_return_one(x)
[10:14:57.163] [INFO] [run] subject=6, session=2, speed=1, trial=3, x__rid_x=cacb7a2019612aa2: dummy_return_one(x)
[10:14:57.163] [INFO] [run] subject=6, session=2, speed=1, trial=4, x__rid_x=e7c6bbd747add7fe: dummy_return_one(x)
[10:14:57.164] [INFO] [run] subject=6, session=2, speed=1, trial=5, x__rid_x=808ee73f6fc2c8dd: dummy_return_one(x)
[10:14:57.165] [INFO] [run] subject=6, session=2, speed=1, trial=6, x__rid_x=30cb034a2da5b3cf: dummy_return_one(x)
[10:14:57.165] [INFO] [run] subject=6, session=2, speed=1, trial=7, x__rid_x=e3567058f8e0c22a: dummy_return_one(x)
[10:14:57.166] [INFO] [run] subject=6, session=2, speed=10, trial=1, x__rid_x=a4211b2ce9bdb427: dummy_return_one(x)
[10:14:57.167] [INFO] [run] subject=6, session=2, speed=10, trial=2, x__rid_x=fab6ddd5dbf757ee: dummy_return_one(x)
[10:14:57.167] [INFO] [run] subject=6, session=2, speed=10, trial=3, x__rid_x=8378c27625021775: dummy_return_one(x)
[10:14:57.168] [INFO] [run] subject=6, session=2, speed=10, trial=4, x__rid_x=19635e8b912c8461: dummy_return_one(x)
[10:14:57.169] [INFO] [run] subject=6, session=2, speed=10, trial=5, x__rid_x=1880e20b88507505: dummy_return_one(x)
[10:14:57.169] [INFO] [run] subject=6, session=2, speed=10, trial=6, x__rid_x=cfd63c765d7690e3: dummy_return_one(x)
[10:14:57.170] [INFO] [run] subject=6, session=2, speed=10, trial=7, x__rid_x=eefadcb3e4e7187b: dummy_return_one(x)
[10:14:57.171] [INFO] [run] subject=6, session=2, speed=2, trial=1, x__rid_x=5cf4fc93e559152e: dummy_return_one(x)
[10:14:57.172] [INFO] [run] subject=6, session=2, speed=2, trial=2, x__rid_x=55e6b755be691bec: dummy_return_one(x)
[10:14:57.173] [INFO] [run] subject=6, session=2, speed=2, trial=3, x__rid_x=ac53b11b48e0714c: dummy_return_one(x)
[10:14:57.173] [INFO] [run] subject=6, session=2, speed=2, trial=4, x__rid_x=27f8e5a67d67001c: dummy_return_one(x)
[10:14:57.174] [INFO] [run] subject=6, session=2, speed=2, trial=5, x__rid_x=ba8ccf116634c22f: dummy_return_one(x)
[10:14:57.175] [INFO] [run] subject=6, session=2, speed=2, trial=6, x__rid_x=a25fe9e79b3646e5: dummy_return_one(x)
[10:14:57.175] [INFO] [run] subject=6, session=2, speed=2, trial=7, x__rid_x=c44627667186c45b: dummy_return_one(x)
[10:14:57.176] [INFO] [run] subject=6, session=2, speed=3, trial=1, x__rid_x=8c4ff4d1cc605325: dummy_return_one(x)
[10:14:57.176] [INFO] [run] subject=6, session=2, speed=3, trial=2, x__rid_x=c99e95d639b18878: dummy_return_one(x)
[10:14:57.177] [INFO] [run] subject=6, session=2, speed=3, trial=3, x__rid_x=77c0d282881c36cb: dummy_return_one(x)
[10:14:57.178] [INFO] [run] subject=6, session=2, speed=3, trial=4, x__rid_x=ff2ea227c5571ec2: dummy_return_one(x)
[10:14:57.178] [INFO] [run] subject=6, session=2, speed=3, trial=5, x__rid_x=8c840118ca04ad98: dummy_return_one(x)
[10:14:57.179] [INFO] [run] subject=6, session=2, speed=3, trial=6, x__rid_x=b5f10ebc2974c59d: dummy_return_one(x)
[10:14:57.180] [INFO] [run] subject=6, session=2, speed=3, trial=7, x__rid_x=9332c9f1ea8d90b7: dummy_return_one(x)
[10:14:57.180] [INFO] [run] subject=6, session=2, speed=4, trial=1, x__rid_x=110e102e45b3b88f: dummy_return_one(x)
[10:14:57.181] [INFO] [run] subject=6, session=2, speed=4, trial=2, x__rid_x=047c3822bb659aa6: dummy_return_one(x)
[10:14:57.181] [INFO] [run] subject=6, session=2, speed=4, trial=3, x__rid_x=5c4f3e61ef88881e: dummy_return_one(x)
[10:14:57.182] [INFO] [run] subject=6, session=2, speed=4, trial=4, x__rid_x=e60e8c0d5a8f83e6: dummy_return_one(x)
[10:14:57.183] [INFO] [run] subject=6, session=2, speed=4, trial=5, x__rid_x=280e77ed36552278: dummy_return_one(x)
[10:14:57.183] [INFO] [run] subject=6, session=2, speed=4, trial=6, x__rid_x=ce96918ff38dd406: dummy_return_one(x)
[10:14:57.184] [INFO] [run] subject=6, session=2, speed=4, trial=7, x__rid_x=d0e8c1f79c60974c: dummy_return_one(x)
[10:14:57.184] [INFO] [run] subject=6, session=2, speed=5, trial=1, x__rid_x=cceb8477a8821929: dummy_return_one(x)
[10:14:57.185] [INFO] [run] subject=6, session=2, speed=5, trial=2, x__rid_x=ff3d7c8afa0458e4: dummy_return_one(x)
[10:14:57.186] [INFO] [run] subject=6, session=2, speed=5, trial=3, x__rid_x=9dc3d0e9ca71bcfd: dummy_return_one(x)
[10:14:57.187] [INFO] [run] subject=6, session=2, speed=5, trial=4, x__rid_x=b54c8150a383eaf8: dummy_return_one(x)
[10:14:57.188] [INFO] [run] subject=6, session=2, speed=5, trial=5, x__rid_x=483d3928ba0dcf99: dummy_return_one(x)
[10:14:57.189] [INFO] [run] subject=6, session=2, speed=5, trial=6, x__rid_x=ce8f5ac696d33ab2: dummy_return_one(x)
[10:14:57.189] [INFO] [run] subject=6, session=2, speed=5, trial=7, x__rid_x=61bab280235ef900: dummy_return_one(x)
[10:14:57.190] [INFO] [run] subject=6, session=2, speed=6, trial=1, x__rid_x=c892b4b8405ebb09: dummy_return_one(x)
[10:14:57.191] [INFO] [run] subject=6, session=2, speed=6, trial=2, x__rid_x=5cd5d3575104efa0: dummy_return_one(x)
[10:14:57.191] [INFO] [run] subject=6, session=2, speed=6, trial=3, x__rid_x=b8ae972083c8e196: dummy_return_one(x)
[10:14:57.192] [INFO] [run] subject=6, session=2, speed=6, trial=4, x__rid_x=70b95d582f40d92b: dummy_return_one(x)
[10:14:57.193] [INFO] [run] subject=6, session=2, speed=6, trial=5, x__rid_x=7efa873d890c3cb7: dummy_return_one(x)
[10:14:57.193] [INFO] [run] subject=6, session=2, speed=6, trial=6, x__rid_x=dcb118682ace70a2: dummy_return_one(x)
[10:14:57.194] [INFO] [run] subject=6, session=2, speed=6, trial=7, x__rid_x=058eb620e05cd803: dummy_return_one(x)
[10:14:57.195] [INFO] [run] subject=6, session=2, speed=7, trial=1, x__rid_x=90debc7a57913c9d: dummy_return_one(x)
[10:14:57.195] [INFO] [run] subject=6, session=2, speed=7, trial=2, x__rid_x=acbca7d04afeb937: dummy_return_one(x)
[10:14:57.196] [INFO] [run] subject=6, session=2, speed=7, trial=3, x__rid_x=e66a833f97fcf8ab: dummy_return_one(x)
[10:14:57.196] [INFO] [run] subject=6, session=2, speed=7, trial=4, x__rid_x=49a866d27119c1a6: dummy_return_one(x)
[10:14:57.197] [INFO] [run] subject=6, session=2, speed=7, trial=5, x__rid_x=25317063a3a0d394: dummy_return_one(x)
[10:14:57.198] [INFO] [run] subject=6, session=2, speed=7, trial=6, x__rid_x=fa13b96ecdb33a94: dummy_return_one(x)
[10:14:57.198] [INFO] [run] subject=6, session=2, speed=7, trial=7, x__rid_x=f2607f317f95258b: dummy_return_one(x)
[10:14:57.199] [INFO] [run] subject=6, session=2, speed=8, trial=1, x__rid_x=484b061eeca3338a: dummy_return_one(x)
[10:14:57.199] [INFO] [run] subject=6, session=2, speed=8, trial=2, x__rid_x=1fa8578deb78e839: dummy_return_one(x)
[10:14:57.200] [INFO] [run] subject=6, session=2, speed=8, trial=3, x__rid_x=52fd781b434aa6fd: dummy_return_one(x)
[10:14:57.200] [INFO] [run] subject=6, session=2, speed=8, trial=4, x__rid_x=1e4c3f19f3d22539: dummy_return_one(x)
[10:14:57.201] [INFO] [run] subject=6, session=2, speed=8, trial=5, x__rid_x=94a5bf262bfbe3b4: dummy_return_one(x)
[10:14:57.202] [INFO] [run] subject=6, session=2, speed=8, trial=6, x__rid_x=c3aa39ede6842ec8: dummy_return_one(x)
[10:14:57.203] [INFO] [run] subject=6, session=2, speed=8, trial=7, x__rid_x=4e7b6313b254076a: dummy_return_one(x)
[10:14:57.204] [INFO] [run] subject=6, session=2, speed=9, trial=1, x__rid_x=90f4aa32aae7fa17: dummy_return_one(x)
[10:14:57.204] [INFO] [run] subject=6, session=2, speed=9, trial=2, x__rid_x=d01163edaa12c9dd: dummy_return_one(x)
[10:14:57.205] [INFO] [run] subject=6, session=2, speed=9, trial=3, x__rid_x=53d97ef329ffe5cb: dummy_return_one(x)
[10:14:57.206] [INFO] [run] subject=6, session=2, speed=9, trial=4, x__rid_x=02990ebcad95090f: dummy_return_one(x)
[10:14:57.207] [INFO] [run] subject=6, session=2, speed=9, trial=5, x__rid_x=b3b06a30a2bbf4d8: dummy_return_one(x)
[10:14:57.207] [INFO] [run] subject=6, session=2, speed=9, trial=6, x__rid_x=4b68414ec6d7966b: dummy_return_one(x)
[10:14:57.208] [INFO] [run] subject=6, session=2, speed=9, trial=7, x__rid_x=11e2a3fac72b4d02: dummy_return_one(x)
[10:14:57.209] [INFO] [run] subject=6, session=3, speed=1, trial=1, x__rid_x=653761b0956515c8: dummy_return_one(x)
[10:14:57.209] [INFO] [run] subject=6, session=3, speed=1, trial=2, x__rid_x=cea34e282fc8cd11: dummy_return_one(x)
[10:14:57.210] [INFO] [run] subject=6, session=3, speed=1, trial=3, x__rid_x=59c28855cacd23b0: dummy_return_one(x)
[10:14:57.210] [INFO] [run] subject=6, session=3, speed=1, trial=4, x__rid_x=a8a270912a938e1e: dummy_return_one(x)
[10:14:57.211] [INFO] [run] subject=6, session=3, speed=1, trial=5, x__rid_x=59533f46f49b1895: dummy_return_one(x)
[10:14:57.212] [INFO] [run] subject=6, session=3, speed=1, trial=6, x__rid_x=a849cb663fb07b0c: dummy_return_one(x)
[10:14:57.212] [INFO] [run] subject=6, session=3, speed=1, trial=7, x__rid_x=5947458933432449: dummy_return_one(x)
[10:14:57.213] [INFO] [run] subject=6, session=3, speed=10, trial=1, x__rid_x=9eea31bc7a3ac04b: dummy_return_one(x)
[10:14:57.214] [INFO] [run] subject=6, session=3, speed=10, trial=2, x__rid_x=f48f7db4863059dd: dummy_return_one(x)
[10:14:57.214] [INFO] [run] subject=6, session=3, speed=10, trial=3, x__rid_x=878639ae0d45aa24: dummy_return_one(x)
[10:14:57.215] [INFO] [run] subject=6, session=3, speed=10, trial=4, x__rid_x=26879352c3c65d1e: dummy_return_one(x)
[10:14:57.215] [INFO] [run] subject=6, session=3, speed=10, trial=5, x__rid_x=e369ad3ffc9b0ffa: dummy_return_one(x)
[10:14:57.216] [INFO] [run] subject=6, session=3, speed=10, trial=6, x__rid_x=c2600d76d5c93fbb: dummy_return_one(x)
[10:14:57.217] [INFO] [run] subject=6, session=3, speed=10, trial=7, x__rid_x=fe3a89baf11f0dfe: dummy_return_one(x)
[10:14:57.217] [INFO] [run] subject=6, session=3, speed=2, trial=1, x__rid_x=875a10807ac1789a: dummy_return_one(x)
[10:14:57.218] [INFO] [run] subject=6, session=3, speed=2, trial=2, x__rid_x=dd007f60fe976513: dummy_return_one(x)
[10:14:57.218] [INFO] [run] subject=6, session=3, speed=2, trial=3, x__rid_x=6119edd1d6bfe5f8: dummy_return_one(x)
[10:14:57.219] [INFO] [run] subject=6, session=3, speed=2, trial=4, x__rid_x=778e70af44126be8: dummy_return_one(x)
[10:14:57.220] [INFO] [run] subject=6, session=3, speed=2, trial=5, x__rid_x=266da057ae14a796: dummy_return_one(x)
[10:14:57.221] [INFO] [run] subject=6, session=3, speed=2, trial=6, x__rid_x=51cce123057ae009: dummy_return_one(x)
[10:14:57.221] [INFO] [run] subject=6, session=3, speed=2, trial=7, x__rid_x=caf347264de3c19e: dummy_return_one(x)
[10:14:57.222] [INFO] [run] subject=6, session=3, speed=3, trial=1, x__rid_x=12c342df97f03aca: dummy_return_one(x)
[10:14:57.223] [INFO] [run] subject=6, session=3, speed=3, trial=2, x__rid_x=393e0cad7a50c479: dummy_return_one(x)
[10:14:57.223] [INFO] [run] subject=6, session=3, speed=3, trial=3, x__rid_x=5920534ccbdaaa24: dummy_return_one(x)
[10:14:57.224] [INFO] [run] subject=6, session=3, speed=3, trial=4, x__rid_x=1676ffcb1b3fff88: dummy_return_one(x)
[10:14:57.225] [INFO] [run] subject=6, session=3, speed=3, trial=5, x__rid_x=b16eca68894faa83: dummy_return_one(x)
[10:14:57.225] [INFO] [run] subject=6, session=3, speed=3, trial=6, x__rid_x=8a20153e151100cb: dummy_return_one(x)
[10:14:57.226] [INFO] [run] subject=6, session=3, speed=3, trial=7, x__rid_x=a9fcffd1db4c83fd: dummy_return_one(x)
[10:14:57.226] [INFO] [run] subject=6, session=3, speed=4, trial=1, x__rid_x=e8366e6200067ed1: dummy_return_one(x)
[10:14:57.227] [INFO] [run] subject=6, session=3, speed=4, trial=2, x__rid_x=01f981e29597f305: dummy_return_one(x)
[10:14:57.228] [INFO] [run] subject=6, session=3, speed=4, trial=3, x__rid_x=0ee9b1f0c5380249: dummy_return_one(x)
[10:14:57.228] [INFO] [run] subject=6, session=3, speed=4, trial=4, x__rid_x=b899c52990e351d0: dummy_return_one(x)
[10:14:57.229] [INFO] [run] subject=6, session=3, speed=4, trial=5, x__rid_x=b6d0dd9707282a15: dummy_return_one(x)
[10:14:57.230] [INFO] [run] subject=6, session=3, speed=4, trial=6, x__rid_x=4f19e23cd3424183: dummy_return_one(x)
[10:14:57.230] [INFO] [run] subject=6, session=3, speed=4, trial=7, x__rid_x=1d058765a9e03561: dummy_return_one(x)
[10:14:57.231] [INFO] [run] subject=6, session=3, speed=5, trial=1, x__rid_x=0d60b80afc02caf6: dummy_return_one(x)
[10:14:57.231] [INFO] [run] subject=6, session=3, speed=5, trial=2, x__rid_x=d867e69ee02dc2eb: dummy_return_one(x)
[10:14:57.232] [INFO] [run] subject=6, session=3, speed=5, trial=3, x__rid_x=4571d4248242207d: dummy_return_one(x)
[10:14:57.233] [INFO] [run] subject=6, session=3, speed=5, trial=4, x__rid_x=58756578b561d69a: dummy_return_one(x)
[10:14:57.233] [INFO] [run] subject=6, session=3, speed=5, trial=5, x__rid_x=7dc80f1a1746ba01: dummy_return_one(x)
[10:14:57.234] [INFO] [run] subject=6, session=3, speed=5, trial=6, x__rid_x=fba6c86bac93271b: dummy_return_one(x)
[10:14:57.235] [INFO] [run] subject=6, session=3, speed=5, trial=7, x__rid_x=25b4d80fb9085db2: dummy_return_one(x)
[10:14:57.235] [INFO] [run] subject=6, session=3, speed=6, trial=1, x__rid_x=f9ca09b54aedd9b3: dummy_return_one(x)
[10:14:57.236] [INFO] [run] subject=6, session=3, speed=6, trial=2, x__rid_x=35f3bbe17649838d: dummy_return_one(x)
[10:14:57.236] [INFO] [run] subject=6, session=3, speed=6, trial=3, x__rid_x=c3e1cd5b9ff4c235: dummy_return_one(x)
[10:14:57.237] [INFO] [run] subject=6, session=3, speed=6, trial=4, x__rid_x=47b74b972c41a439: dummy_return_one(x)
[10:14:57.238] [INFO] [run] subject=6, session=3, speed=6, trial=5, x__rid_x=34f34f63da990ab6: dummy_return_one(x)
[10:14:57.239] [INFO] [run] subject=6, session=3, speed=6, trial=6, x__rid_x=655dd02b4da403e0: dummy_return_one(x)
[10:14:57.239] [INFO] [run] subject=6, session=3, speed=6, trial=7, x__rid_x=b591fbda5c767aa5: dummy_return_one(x)
[10:14:57.240] [INFO] [run] subject=6, session=3, speed=7, trial=1, x__rid_x=c203d53c25665af4: dummy_return_one(x)
[10:14:57.241] [INFO] [run] subject=6, session=3, speed=7, trial=2, x__rid_x=270779646c96a7d5: dummy_return_one(x)
[10:14:57.241] [INFO] [run] subject=6, session=3, speed=7, trial=3, x__rid_x=5d754eeb99fbb113: dummy_return_one(x)
[10:14:57.242] [INFO] [run] subject=6, session=3, speed=7, trial=4, x__rid_x=782f4ee31d2a39fb: dummy_return_one(x)
[10:14:57.243] [INFO] [run] subject=6, session=3, speed=7, trial=5, x__rid_x=e7e101bfb81fb6b4: dummy_return_one(x)
[10:14:57.243] [INFO] [run] subject=6, session=3, speed=7, trial=6, x__rid_x=96cdfc4c444bb64b: dummy_return_one(x)
[10:14:57.244] [INFO] [run] subject=6, session=3, speed=7, trial=7, x__rid_x=e0e008897e01a521: dummy_return_one(x)
[10:14:57.245] [INFO] [run] subject=6, session=3, speed=8, trial=1, x__rid_x=e4ebe0b25067cbfb: dummy_return_one(x)
[10:14:57.245] [INFO] [run] subject=6, session=3, speed=8, trial=2, x__rid_x=635e9adbb07dfc67: dummy_return_one(x)
[10:14:57.246] [INFO] [run] subject=6, session=3, speed=8, trial=3, x__rid_x=f897a7f74b3b0fe4: dummy_return_one(x)
[10:14:57.247] [INFO] [run] subject=6, session=3, speed=8, trial=4, x__rid_x=4558c6d2aa83cc33: dummy_return_one(x)
[10:14:57.247] [INFO] [run] subject=6, session=3, speed=8, trial=5, x__rid_x=df3b12c673e5b826: dummy_return_one(x)
[10:14:57.248] [INFO] [run] subject=6, session=3, speed=8, trial=6, x__rid_x=91384ad1fa843691: dummy_return_one(x)
[10:14:57.248] [INFO] [run] subject=6, session=3, speed=8, trial=7, x__rid_x=9772f623d0a3c253: dummy_return_one(x)
[10:14:57.249] [INFO] [run] subject=6, session=3, speed=9, trial=1, x__rid_x=6d3d60cf7b426f19: dummy_return_one(x)
[10:14:57.250] [INFO] [run] subject=6, session=3, speed=9, trial=2, x__rid_x=0471244a134b530f: dummy_return_one(x)
[10:14:57.250] [INFO] [run] subject=6, session=3, speed=9, trial=3, x__rid_x=de0ef8cca2070b28: dummy_return_one(x)
[10:14:57.251] [INFO] [run] subject=6, session=3, speed=9, trial=4, x__rid_x=ba0191287fb9f0e7: dummy_return_one(x)
[10:14:57.251] [INFO] [run] subject=6, session=3, speed=9, trial=5, x__rid_x=0abf875e96933cac: dummy_return_one(x)
[10:14:57.252] [INFO] [run] subject=6, session=3, speed=9, trial=6, x__rid_x=e7f0ff60adf4c5b6: dummy_return_one(x)
[10:14:57.253] [INFO] [run] subject=6, session=3, speed=9, trial=7, x__rid_x=9945f478c048cd62: dummy_return_one(x)
[10:14:57.254] [INFO] [run] subject=6, session=4, speed=1, trial=1, x__rid_x=83516e697b3a8cdf: dummy_return_one(x)
[10:14:57.255] [INFO] [run] subject=6, session=4, speed=1, trial=2, x__rid_x=522f5c2eab53d2ea: dummy_return_one(x)
[10:14:57.256] [INFO] [run] subject=6, session=4, speed=1, trial=3, x__rid_x=460331a10c3670ff: dummy_return_one(x)
[10:14:57.256] [INFO] [run] subject=6, session=4, speed=1, trial=4, x__rid_x=adbab64245865d57: dummy_return_one(x)
[10:14:57.257] [INFO] [run] subject=6, session=4, speed=1, trial=5, x__rid_x=7d30443748f410bb: dummy_return_one(x)
[10:14:57.258] [INFO] [run] subject=6, session=4, speed=1, trial=6, x__rid_x=3099eb8e88965936: dummy_return_one(x)
[10:14:57.259] [INFO] [run] subject=6, session=4, speed=1, trial=7, x__rid_x=a3d24391f8c7f865: dummy_return_one(x)
[10:14:57.259] [INFO] [run] subject=6, session=4, speed=10, trial=1, x__rid_x=2286e819010b3c38: dummy_return_one(x)
[10:14:57.260] [INFO] [run] subject=6, session=4, speed=10, trial=2, x__rid_x=68c90e45907ce62c: dummy_return_one(x)
[10:14:57.260] [INFO] [run] subject=6, session=4, speed=10, trial=3, x__rid_x=20254fc7734f4496: dummy_return_one(x)
[10:14:57.261] [INFO] [run] subject=6, session=4, speed=10, trial=4, x__rid_x=5f27833883770054: dummy_return_one(x)
[10:14:57.262] [INFO] [run] subject=6, session=4, speed=10, trial=5, x__rid_x=c9c84b1b1e4fd479: dummy_return_one(x)
[10:14:57.262] [INFO] [run] subject=6, session=4, speed=10, trial=6, x__rid_x=ba12d2f6cbbb02ce: dummy_return_one(x)
[10:14:57.263] [INFO] [run] subject=6, session=4, speed=10, trial=7, x__rid_x=c4d0735cb23d41b2: dummy_return_one(x)
[10:14:57.263] [INFO] [run] subject=6, session=4, speed=2, trial=1, x__rid_x=9dbf7a709e911fd5: dummy_return_one(x)
[10:14:57.264] [INFO] [run] subject=6, session=4, speed=2, trial=2, x__rid_x=8e8e2df16ceb66e9: dummy_return_one(x)
[10:14:57.265] [INFO] [run] subject=6, session=4, speed=2, trial=3, x__rid_x=617e0dce9feb64b9: dummy_return_one(x)
[10:14:57.265] [INFO] [run] subject=6, session=4, speed=2, trial=4, x__rid_x=26cd902d5d27cacc: dummy_return_one(x)
[10:14:57.266] [INFO] [run] subject=6, session=4, speed=2, trial=5, x__rid_x=1eb2c0641e459ac6: dummy_return_one(x)
[10:14:57.266] [INFO] [run] subject=6, session=4, speed=2, trial=6, x__rid_x=b5e0a6055c78df6a: dummy_return_one(x)
[10:14:57.267] [INFO] [run] subject=6, session=4, speed=2, trial=7, x__rid_x=f6fc04a5f1637482: dummy_return_one(x)
[10:14:57.268] [INFO] [run] subject=6, session=4, speed=3, trial=1, x__rid_x=ecb36b7fc8c9c58f: dummy_return_one(x)
[10:14:57.268] [INFO] [run] subject=6, session=4, speed=3, trial=2, x__rid_x=bd623c1af6d4a4d0: dummy_return_one(x)
[10:14:57.269] [INFO] [run] subject=6, session=4, speed=3, trial=3, x__rid_x=21a25054616d5d76: dummy_return_one(x)
[10:14:57.270] [INFO] [run] subject=6, session=4, speed=3, trial=4, x__rid_x=4fb7deb9e663bb15: dummy_return_one(x)
[10:14:57.271] [INFO] [run] subject=6, session=4, speed=3, trial=5, x__rid_x=b133ddfc5db5af35: dummy_return_one(x)
[10:14:57.271] [INFO] [run] subject=6, session=4, speed=3, trial=6, x__rid_x=a3605846ca5f1c4f: dummy_return_one(x)
[10:14:57.272] [INFO] [run] subject=6, session=4, speed=3, trial=7, x__rid_x=d8d4db8fd72aba40: dummy_return_one(x)
[10:14:57.273] [INFO] [run] subject=6, session=4, speed=4, trial=1, x__rid_x=70461418654dbacb: dummy_return_one(x)
[10:14:57.273] [INFO] [run] subject=6, session=4, speed=4, trial=2, x__rid_x=7493b5326e4270fe: dummy_return_one(x)
[10:14:57.274] [INFO] [run] subject=6, session=4, speed=4, trial=3, x__rid_x=c78104f8ad92af5e: dummy_return_one(x)
[10:14:57.274] [INFO] [run] subject=6, session=4, speed=4, trial=4, x__rid_x=ff70585183780848: dummy_return_one(x)
[10:14:57.275] [INFO] [run] subject=6, session=4, speed=4, trial=5, x__rid_x=a2fb6d73a56e6c52: dummy_return_one(x)
[10:14:57.276] [INFO] [run] subject=6, session=4, speed=4, trial=6, x__rid_x=d91d67ecd34b8e97: dummy_return_one(x)
[10:14:57.276] [INFO] [run] subject=6, session=4, speed=4, trial=7, x__rid_x=6856c78600214ac5: dummy_return_one(x)
[10:14:57.277] [INFO] [run] subject=6, session=4, speed=5, trial=1, x__rid_x=58e57c4a61c074fe: dummy_return_one(x)
[10:14:57.278] [INFO] [run] subject=6, session=4, speed=5, trial=2, x__rid_x=df0bda24d754ebf5: dummy_return_one(x)
[10:14:57.278] [INFO] [run] subject=6, session=4, speed=5, trial=3, x__rid_x=450cc4f096ce361f: dummy_return_one(x)
[10:14:57.279] [INFO] [run] subject=6, session=4, speed=5, trial=4, x__rid_x=f74e21bf008ca6a9: dummy_return_one(x)
[10:14:57.279] [INFO] [run] subject=6, session=4, speed=5, trial=5, x__rid_x=9875931851aaaefe: dummy_return_one(x)
[10:14:57.280] [INFO] [run] subject=6, session=4, speed=5, trial=6, x__rid_x=8487d9d3126b9d5e: dummy_return_one(x)
[10:14:57.281] [INFO] [run] subject=6, session=4, speed=5, trial=7, x__rid_x=1ffd9d44ad47b575: dummy_return_one(x)
[10:14:57.281] [INFO] [run] subject=6, session=4, speed=6, trial=1, x__rid_x=3299314d811a3d72: dummy_return_one(x)
[10:14:57.282] [INFO] [run] subject=6, session=4, speed=6, trial=2, x__rid_x=cb3f4c8f93131950: dummy_return_one(x)
[10:14:57.283] [INFO] [run] subject=6, session=4, speed=6, trial=3, x__rid_x=7208bdb1b8180af3: dummy_return_one(x)
[10:14:57.283] [INFO] [run] subject=6, session=4, speed=6, trial=4, x__rid_x=77d7e447bcb9429f: dummy_return_one(x)
[10:14:57.284] [INFO] [run] subject=6, session=4, speed=6, trial=5, x__rid_x=0a2f4b1c28780fc5: dummy_return_one(x)
[10:14:57.284] [INFO] [run] subject=6, session=4, speed=6, trial=6, x__rid_x=7b34bf986dca2350: dummy_return_one(x)
[10:14:57.285] [INFO] [run] subject=6, session=4, speed=6, trial=7, x__rid_x=703af3dd388e7b68: dummy_return_one(x)
[10:14:57.286] [INFO] [run] subject=6, session=4, speed=7, trial=1, x__rid_x=9c2b36e259f04d96: dummy_return_one(x)
[10:14:57.286] [INFO] [run] subject=6, session=4, speed=7, trial=2, x__rid_x=516f35bb7f2c82be: dummy_return_one(x)
[10:14:57.287] [INFO] [run] subject=6, session=4, speed=7, trial=3, x__rid_x=470341facd7e6a4c: dummy_return_one(x)
[10:14:57.288] [INFO] [run] subject=6, session=4, speed=7, trial=4, x__rid_x=b7d96d687b5b8d92: dummy_return_one(x)
[10:14:57.289] [INFO] [run] subject=6, session=4, speed=7, trial=5, x__rid_x=9e2f5579fbca8ed5: dummy_return_one(x)
[10:14:57.289] [INFO] [run] subject=6, session=4, speed=7, trial=6, x__rid_x=974db7475ae83411: dummy_return_one(x)
[10:14:57.290] [INFO] [run] subject=6, session=4, speed=7, trial=7, x__rid_x=6c62ed552d847555: dummy_return_one(x)
[10:14:57.291] [INFO] [run] subject=6, session=4, speed=8, trial=1, x__rid_x=59093fe295d90cf0: dummy_return_one(x)
[10:14:57.291] [INFO] [run] subject=6, session=4, speed=8, trial=2, x__rid_x=37103c19b2f67f31: dummy_return_one(x)
[10:14:57.292] [INFO] [run] subject=6, session=4, speed=8, trial=3, x__rid_x=5043416083772533: dummy_return_one(x)
[10:14:57.292] [INFO] [run] subject=6, session=4, speed=8, trial=4, x__rid_x=f32ed1d7ad489945: dummy_return_one(x)
[10:14:57.293] [INFO] [run] subject=6, session=4, speed=8, trial=5, x__rid_x=ff28737a6dc02ebc: dummy_return_one(x)
[10:14:57.294] [INFO] [run] subject=6, session=4, speed=8, trial=6, x__rid_x=4a72983d558a4618: dummy_return_one(x)
[10:14:57.294] [INFO] [run] subject=6, session=4, speed=8, trial=7, x__rid_x=c4f88e00174d0845: dummy_return_one(x)
[10:14:57.295] [INFO] [run] subject=6, session=4, speed=9, trial=1, x__rid_x=0b5afac295edb4fd: dummy_return_one(x)
[10:14:57.296] [INFO] [run] subject=6, session=4, speed=9, trial=2, x__rid_x=f6475a474e7461c9: dummy_return_one(x)
[10:14:57.296] [INFO] [run] subject=6, session=4, speed=9, trial=3, x__rid_x=51acf8e54e348738: dummy_return_one(x)
[10:14:57.297] [INFO] [run] subject=6, session=4, speed=9, trial=4, x__rid_x=404e0888a3d603ff: dummy_return_one(x)
[10:14:57.298] [INFO] [run] subject=6, session=4, speed=9, trial=5, x__rid_x=1a4688bd9c5e59d9: dummy_return_one(x)
[10:14:57.298] [INFO] [run] subject=6, session=4, speed=9, trial=6, x__rid_x=472d538f7e9b33c3: dummy_return_one(x)
[10:14:57.299] [INFO] [run] subject=6, session=4, speed=9, trial=7, x__rid_x=a6c4eae0693c0870: dummy_return_one(x)
[10:14:57.300] [INFO] [run] subject=6, session=5, speed=1, trial=1, x__rid_x=154c4de54e29c333: dummy_return_one(x)
[10:14:57.300] [INFO] [run] subject=6, session=5, speed=1, trial=2, x__rid_x=4833f59eb2ad7914: dummy_return_one(x)
[10:14:57.301] [INFO] [run] subject=6, session=5, speed=1, trial=3, x__rid_x=d1ed2aa54ffad338: dummy_return_one(x)
[10:14:57.302] [INFO] [run] subject=6, session=5, speed=1, trial=4, x__rid_x=f9368dc360c55aad: dummy_return_one(x)
[10:14:57.303] [INFO] [run] subject=6, session=5, speed=1, trial=5, x__rid_x=592c948993c80f51: dummy_return_one(x)
[10:14:57.304] [INFO] [run] subject=6, session=5, speed=1, trial=6, x__rid_x=fef22010ef33b8ac: dummy_return_one(x)
[10:14:57.305] [INFO] [run] subject=6, session=5, speed=1, trial=7, x__rid_x=b15819a17b7b3b5a: dummy_return_one(x)
[10:14:57.305] [INFO] [run] subject=6, session=5, speed=10, trial=1, x__rid_x=9f13c3c174af0c7a: dummy_return_one(x)
[10:14:57.306] [INFO] [run] subject=6, session=5, speed=10, trial=2, x__rid_x=16cc17acbcd974eb: dummy_return_one(x)
[10:14:57.306] [INFO] [run] subject=6, session=5, speed=10, trial=3, x__rid_x=2a29e3a093ac9aff: dummy_return_one(x)
[10:14:57.307] [INFO] [run] subject=6, session=5, speed=10, trial=4, x__rid_x=c4f39c5969d1b77f: dummy_return_one(x)
[10:14:57.308] [INFO] [run] subject=6, session=5, speed=10, trial=5, x__rid_x=09d9a8e7055d7ca9: dummy_return_one(x)
[10:14:57.308] [INFO] [run] subject=6, session=5, speed=10, trial=6, x__rid_x=7058db8f139cb84f: dummy_return_one(x)
[10:14:57.309] [INFO] [run] subject=6, session=5, speed=10, trial=7, x__rid_x=49bb7119607fe5e9: dummy_return_one(x)
[10:14:57.310] [INFO] [run] subject=6, session=5, speed=2, trial=1, x__rid_x=a42d88643e235311: dummy_return_one(x)
[10:14:57.310] [INFO] [run] subject=6, session=5, speed=2, trial=2, x__rid_x=127162411b416add: dummy_return_one(x)
[10:14:57.311] [INFO] [run] subject=6, session=5, speed=2, trial=3, x__rid_x=e635403253dbf693: dummy_return_one(x)
[10:14:57.311] [INFO] [run] subject=6, session=5, speed=2, trial=4, x__rid_x=ba6ec58a3372117e: dummy_return_one(x)
[10:14:57.312] [INFO] [run] subject=6, session=5, speed=2, trial=5, x__rid_x=6d78314efa97d3c8: dummy_return_one(x)
[10:14:57.312] [INFO] [run] subject=6, session=5, speed=2, trial=6, x__rid_x=cb43bb4e1dcf1f22: dummy_return_one(x)
[10:14:57.313] [INFO] [run] subject=6, session=5, speed=2, trial=7, x__rid_x=fcb7f34e3642ec2b: dummy_return_one(x)
[10:14:57.314] [INFO] [run] subject=6, session=5, speed=3, trial=1, x__rid_x=9432ed083d069642: dummy_return_one(x)
[10:14:57.314] [INFO] [run] subject=6, session=5, speed=3, trial=2, x__rid_x=5ab6508d5fc4708a: dummy_return_one(x)
[10:14:57.315] [INFO] [run] subject=6, session=5, speed=3, trial=3, x__rid_x=72bb6232c2f2f2be: dummy_return_one(x)
[10:14:57.316] [INFO] [run] subject=6, session=5, speed=3, trial=4, x__rid_x=abe63ce1d99c5062: dummy_return_one(x)
[10:14:57.316] [INFO] [run] subject=6, session=5, speed=3, trial=5, x__rid_x=0e7c1e52f9881402: dummy_return_one(x)
[10:14:57.317] [INFO] [run] subject=6, session=5, speed=3, trial=6, x__rid_x=68db3d1ea61223b3: dummy_return_one(x)
[10:14:57.318] [INFO] [run] subject=6, session=5, speed=3, trial=7, x__rid_x=30542895076ab1ec: dummy_return_one(x)
[10:14:57.318] [INFO] [run] subject=6, session=5, speed=4, trial=1, x__rid_x=77213887257d43c2: dummy_return_one(x)
[10:14:57.319] [INFO] [run] subject=6, session=5, speed=4, trial=2, x__rid_x=087c30ebf594ad1b: dummy_return_one(x)
[10:14:57.319] [INFO] [run] subject=6, session=5, speed=4, trial=3, x__rid_x=095b96faf4c97257: dummy_return_one(x)
[10:14:57.320] [INFO] [run] subject=6, session=5, speed=4, trial=4, x__rid_x=77270fdd5ef40ea7: dummy_return_one(x)
[10:14:57.321] [INFO] [run] subject=6, session=5, speed=4, trial=5, x__rid_x=2aefbe9e14bef962: dummy_return_one(x)
[10:14:57.322] [INFO] [run] subject=6, session=5, speed=4, trial=6, x__rid_x=a1832247b66d560b: dummy_return_one(x)
[10:14:57.323] [INFO] [run] subject=6, session=5, speed=4, trial=7, x__rid_x=fb71697efac540ed: dummy_return_one(x)
[10:14:57.323] [INFO] [run] subject=6, session=5, speed=5, trial=1, x__rid_x=bb190ba6ec899e02: dummy_return_one(x)
[10:14:57.324] [INFO] [run] subject=6, session=5, speed=5, trial=2, x__rid_x=82fdd705143230f1: dummy_return_one(x)
[10:14:57.324] [INFO] [run] subject=6, session=5, speed=5, trial=3, x__rid_x=52fe2db84d422cfc: dummy_return_one(x)
[10:14:57.325] [INFO] [run] subject=6, session=5, speed=5, trial=4, x__rid_x=db13dffe5d95cceb: dummy_return_one(x)
[10:14:57.326] [INFO] [run] subject=6, session=5, speed=5, trial=5, x__rid_x=3a9efd9e50e97451: dummy_return_one(x)
[10:14:57.326] [INFO] [run] subject=6, session=5, speed=5, trial=6, x__rid_x=c0ab3ecc72b80ee9: dummy_return_one(x)
[10:14:57.327] [INFO] [run] subject=6, session=5, speed=5, trial=7, x__rid_x=d0f5851052bb9fa2: dummy_return_one(x)
[10:14:57.327] [INFO] [run] subject=6, session=5, speed=6, trial=1, x__rid_x=507271d44907334a: dummy_return_one(x)
[10:14:57.328] [INFO] [run] subject=6, session=5, speed=6, trial=2, x__rid_x=523b10d31983bdd2: dummy_return_one(x)
[10:14:57.329] [INFO] [run] subject=6, session=5, speed=6, trial=3, x__rid_x=7c7a1429c1195132: dummy_return_one(x)
[10:14:57.329] [INFO] [run] subject=6, session=5, speed=6, trial=4, x__rid_x=11bc078402ac9404: dummy_return_one(x)
[10:14:57.330] [INFO] [run] subject=6, session=5, speed=6, trial=5, x__rid_x=3c2efed51b242aaf: dummy_return_one(x)
[10:14:57.330] [INFO] [run] subject=6, session=5, speed=6, trial=6, x__rid_x=b0361ac08ba50d4b: dummy_return_one(x)
[10:14:57.331] [INFO] [run] subject=6, session=5, speed=6, trial=7, x__rid_x=60cf3919d70305ad: dummy_return_one(x)
[10:14:57.332] [INFO] [run] subject=6, session=5, speed=7, trial=1, x__rid_x=78de7c43f4c3e0dc: dummy_return_one(x)
[10:14:57.332] [INFO] [run] subject=6, session=5, speed=7, trial=2, x__rid_x=064dc6b6b53744ad: dummy_return_one(x)
[10:14:57.333] [INFO] [run] subject=6, session=5, speed=7, trial=3, x__rid_x=e68b887bec233e37: dummy_return_one(x)
[10:14:57.334] [INFO] [run] subject=6, session=5, speed=7, trial=4, x__rid_x=da4f3df3e0b599d8: dummy_return_one(x)
[10:14:57.334] [INFO] [run] subject=6, session=5, speed=7, trial=5, x__rid_x=0ae732e48f5b713f: dummy_return_one(x)
[10:14:57.335] [INFO] [run] subject=6, session=5, speed=7, trial=6, x__rid_x=8bbc0f2ad889fe8e: dummy_return_one(x)
[10:14:57.336] [INFO] [run] subject=6, session=5, speed=7, trial=7, x__rid_x=5fc9a0eceda1f002: dummy_return_one(x)
[10:14:57.336] [INFO] [run] subject=6, session=5, speed=8, trial=1, x__rid_x=663a366d830af798: dummy_return_one(x)
[10:14:57.338] [INFO] [run] subject=6, session=5, speed=8, trial=2, x__rid_x=6ebce29457da6206: dummy_return_one(x)
[10:14:57.338] [INFO] [run] subject=6, session=5, speed=8, trial=3, x__rid_x=b602d4b41f30a614: dummy_return_one(x)
[10:14:57.339] [INFO] [run] subject=6, session=5, speed=8, trial=4, x__rid_x=3ce58cc849375afb: dummy_return_one(x)
[10:14:57.340] [INFO] [run] subject=6, session=5, speed=8, trial=5, x__rid_x=024919284dffac8a: dummy_return_one(x)
[10:14:57.340] [INFO] [run] subject=6, session=5, speed=8, trial=6, x__rid_x=a5e3cdea1ce9d6f8: dummy_return_one(x)
[10:14:57.341] [INFO] [run] subject=6, session=5, speed=8, trial=7, x__rid_x=253564bfb7d97a4d: dummy_return_one(x)
[10:14:57.342] [INFO] [run] subject=6, session=5, speed=9, trial=1, x__rid_x=7e7776291d3724da: dummy_return_one(x)
[10:14:57.343] [INFO] [run] subject=6, session=5, speed=9, trial=2, x__rid_x=08779c85d7b018cb: dummy_return_one(x)
[10:14:57.343] [INFO] [run] subject=6, session=5, speed=9, trial=3, x__rid_x=56f11b574be8e493: dummy_return_one(x)
[10:14:57.344] [INFO] [run] subject=6, session=5, speed=9, trial=4, x__rid_x=813053ccb2fffe06: dummy_return_one(x)
[10:14:57.345] [INFO] [run] subject=6, session=5, speed=9, trial=5, x__rid_x=bd832e39a0546e4f: dummy_return_one(x)
[10:14:57.345] [INFO] [run] subject=6, session=5, speed=9, trial=6, x__rid_x=53081343ed20f872: dummy_return_one(x)
[10:14:57.346] [INFO] [run] subject=6, session=5, speed=9, trial=7, x__rid_x=5d0ccab6e105681d: dummy_return_one(x)
[10:14:57.347] [INFO] [run] subject=7, session=1, speed=1, trial=1, x__rid_x=a1e028a3e1c7bbb0: dummy_return_one(x)
[10:14:57.347] [INFO] [run] subject=7, session=1, speed=1, trial=2, x__rid_x=a793858e8eb1329c: dummy_return_one(x)
[10:14:57.348] [INFO] [run] subject=7, session=1, speed=1, trial=3, x__rid_x=d29214d081f391f7: dummy_return_one(x)
[10:14:57.348] [INFO] [run] subject=7, session=1, speed=1, trial=4, x__rid_x=c6f1a7945f589da6: dummy_return_one(x)
[10:14:57.349] [INFO] [run] subject=7, session=1, speed=1, trial=5, x__rid_x=9f5cc47ccfc1f249: dummy_return_one(x)
[10:14:57.349] [INFO] [run] subject=7, session=1, speed=1, trial=6, x__rid_x=9b712c896878ecf1: dummy_return_one(x)
[10:14:57.350] [INFO] [run] subject=7, session=1, speed=1, trial=7, x__rid_x=d2aac96c1aa00db0: dummy_return_one(x)
[10:14:57.351] [INFO] [run] subject=7, session=1, speed=10, trial=1, x__rid_x=e7f9fd4d2f93a3f0: dummy_return_one(x)
[10:14:57.351] [INFO] [run] subject=7, session=1, speed=10, trial=2, x__rid_x=9801835365334651: dummy_return_one(x)
[10:14:57.352] [INFO] [run] subject=7, session=1, speed=10, trial=3, x__rid_x=21c06205c84c9c04: dummy_return_one(x)
[10:14:57.353] [INFO] [run] subject=7, session=1, speed=10, trial=4, x__rid_x=dc953515c53d07df: dummy_return_one(x)
[10:14:57.354] [INFO] [run] subject=7, session=1, speed=10, trial=5, x__rid_x=7afd193f2625a331: dummy_return_one(x)
[10:14:57.355] [INFO] [run] subject=7, session=1, speed=10, trial=6, x__rid_x=9e487c20cd12f0b6: dummy_return_one(x)
[10:14:57.355] [INFO] [run] subject=7, session=1, speed=10, trial=7, x__rid_x=05c2ab6f670bd431: dummy_return_one(x)
[10:14:57.356] [INFO] [run] subject=7, session=1, speed=2, trial=1, x__rid_x=ea88b715578425c7: dummy_return_one(x)
[10:14:57.357] [INFO] [run] subject=7, session=1, speed=2, trial=2, x__rid_x=8370e80c11bc3161: dummy_return_one(x)
[10:14:57.357] [INFO] [run] subject=7, session=1, speed=2, trial=3, x__rid_x=9b39d34c59822296: dummy_return_one(x)
[10:14:57.358] [INFO] [run] subject=7, session=1, speed=2, trial=4, x__rid_x=70b4d20e391fac6f: dummy_return_one(x)
[10:14:57.359] [INFO] [run] subject=7, session=1, speed=2, trial=5, x__rid_x=951a60f862a7c473: dummy_return_one(x)
[10:14:57.359] [INFO] [run] subject=7, session=1, speed=2, trial=6, x__rid_x=04bbade6541d68dc: dummy_return_one(x)
[10:14:57.360] [INFO] [run] subject=7, session=1, speed=2, trial=7, x__rid_x=9e3204b8e8793d5a: dummy_return_one(x)
[10:14:57.360] [INFO] [run] subject=7, session=1, speed=3, trial=1, x__rid_x=e1a81a7a0bcfae7b: dummy_return_one(x)
[10:14:57.361] [INFO] [run] subject=7, session=1, speed=3, trial=2, x__rid_x=bf2ac42b0cc74d6f: dummy_return_one(x)
[10:14:57.362] [INFO] [run] subject=7, session=1, speed=3, trial=3, x__rid_x=cae0310d3906ec91: dummy_return_one(x)
[10:14:57.362] [INFO] [run] subject=7, session=1, speed=3, trial=4, x__rid_x=b74d2cefde88595f: dummy_return_one(x)
[10:14:57.363] [INFO] [run] subject=7, session=1, speed=3, trial=5, x__rid_x=08b63d3ab0ee18dd: dummy_return_one(x)
[10:14:57.364] [INFO] [run] subject=7, session=1, speed=3, trial=6, x__rid_x=7a68e29ed9d748cd: dummy_return_one(x)
[10:14:57.364] [INFO] [run] subject=7, session=1, speed=3, trial=7, x__rid_x=03767cca7f71f5ba: dummy_return_one(x)
[10:14:57.365] [INFO] [run] subject=7, session=1, speed=4, trial=1, x__rid_x=77eab1aaa174f5d5: dummy_return_one(x)
[10:14:57.365] [INFO] [run] subject=7, session=1, speed=4, trial=2, x__rid_x=68bebb662829f64a: dummy_return_one(x)
[10:14:57.366] [INFO] [run] subject=7, session=1, speed=4, trial=3, x__rid_x=5cad18c472b77574: dummy_return_one(x)
[10:14:57.367] [INFO] [run] subject=7, session=1, speed=4, trial=4, x__rid_x=855f979100a36fc8: dummy_return_one(x)
[10:14:57.367] [INFO] [run] subject=7, session=1, speed=4, trial=5, x__rid_x=7a827c03015ee4c2: dummy_return_one(x)
[10:14:57.368] [INFO] [run] subject=7, session=1, speed=4, trial=6, x__rid_x=15ae1013f5c3749a: dummy_return_one(x)
[10:14:57.369] [INFO] [run] subject=7, session=1, speed=4, trial=7, x__rid_x=3844b5c8b6dcb3a8: dummy_return_one(x)
[10:14:57.369] [INFO] [run] subject=7, session=1, speed=5, trial=1, x__rid_x=74b8e9f27e1f43e3: dummy_return_one(x)
[10:14:57.370] [INFO] [run] subject=7, session=1, speed=5, trial=2, x__rid_x=a179b2ed5ad03a9a: dummy_return_one(x)
[10:14:57.371] [INFO] [run] subject=7, session=1, speed=5, trial=3, x__rid_x=e86bab79c35043e5: dummy_return_one(x)
[10:14:57.372] [INFO] [run] subject=7, session=1, speed=5, trial=4, x__rid_x=78abe1f46887d1f7: dummy_return_one(x)
[10:14:57.373] [INFO] [run] subject=7, session=1, speed=5, trial=5, x__rid_x=2b379ea0395eb5bf: dummy_return_one(x)
[10:14:57.373] [INFO] [run] subject=7, session=1, speed=5, trial=6, x__rid_x=2379a93b6bbec92e: dummy_return_one(x)
[10:14:57.374] [INFO] [run] subject=7, session=1, speed=5, trial=7, x__rid_x=cb0c25baed104733: dummy_return_one(x)
[10:14:57.375] [INFO] [run] subject=7, session=1, speed=6, trial=1, x__rid_x=6420e6865e3b513b: dummy_return_one(x)
[10:14:57.375] [INFO] [run] subject=7, session=1, speed=6, trial=2, x__rid_x=27d47aad59c07e82: dummy_return_one(x)
[10:14:57.376] [INFO] [run] subject=7, session=1, speed=6, trial=3, x__rid_x=d3a311ff867e753a: dummy_return_one(x)
[10:14:57.377] [INFO] [run] subject=7, session=1, speed=6, trial=4, x__rid_x=ebb629df8dccfa94: dummy_return_one(x)
[10:14:57.378] [INFO] [run] subject=7, session=1, speed=6, trial=5, x__rid_x=472419cb1f0f33cf: dummy_return_one(x)
[10:14:57.378] [INFO] [run] subject=7, session=1, speed=6, trial=6, x__rid_x=880b22c9a6ec5377: dummy_return_one(x)
[10:14:57.379] [INFO] [run] subject=7, session=1, speed=6, trial=7, x__rid_x=88431e7576ccf337: dummy_return_one(x)
[10:14:57.379] [INFO] [run] subject=7, session=1, speed=7, trial=1, x__rid_x=5a588f44b371eee1: dummy_return_one(x)
[10:14:57.380] [INFO] [run] subject=7, session=1, speed=7, trial=2, x__rid_x=f7eb50f65e6b978a: dummy_return_one(x)
[10:14:57.381] [INFO] [run] subject=7, session=1, speed=7, trial=3, x__rid_x=632366065c1c7108: dummy_return_one(x)
[10:14:57.381] [INFO] [run] subject=7, session=1, speed=7, trial=4, x__rid_x=188d0524fa7b63bf: dummy_return_one(x)
[10:14:57.382] [INFO] [run] subject=7, session=1, speed=7, trial=5, x__rid_x=16a01631b3ba2e56: dummy_return_one(x)
[10:14:57.383] [INFO] [run] subject=7, session=1, speed=7, trial=6, x__rid_x=4a6a2a21e4bd93b8: dummy_return_one(x)
[10:14:57.383] [INFO] [run] subject=7, session=1, speed=7, trial=7, x__rid_x=2024988479bda497: dummy_return_one(x)
[10:14:57.384] [INFO] [run] subject=7, session=1, speed=8, trial=1, x__rid_x=415dd0e89d31d070: dummy_return_one(x)
[10:14:57.384] [INFO] [run] subject=7, session=1, speed=8, trial=2, x__rid_x=d82ee0f9810625fb: dummy_return_one(x)
[10:14:57.385] [INFO] [run] subject=7, session=1, speed=8, trial=3, x__rid_x=97c5d5f129090e59: dummy_return_one(x)
[10:14:57.386] [INFO] [run] subject=7, session=1, speed=8, trial=4, x__rid_x=d334b7d1853c0a14: dummy_return_one(x)
[10:14:57.387] [INFO] [run] subject=7, session=1, speed=8, trial=5, x__rid_x=cf173642ae0dd203: dummy_return_one(x)
[10:14:57.388] [INFO] [run] subject=7, session=1, speed=8, trial=6, x__rid_x=939d5eda3196a9a9: dummy_return_one(x)
[10:14:57.388] [INFO] [run] subject=7, session=1, speed=8, trial=7, x__rid_x=99deb87e359f408c: dummy_return_one(x)
[10:14:57.389] [INFO] [run] subject=7, session=1, speed=9, trial=1, x__rid_x=b39b3f860b881343: dummy_return_one(x)
[10:14:57.390] [INFO] [run] subject=7, session=1, speed=9, trial=2, x__rid_x=b728576a462defec: dummy_return_one(x)
[10:14:57.390] [INFO] [run] subject=7, session=1, speed=9, trial=3, x__rid_x=966a8d63bcd29d5c: dummy_return_one(x)
[10:14:57.391] [INFO] [run] subject=7, session=1, speed=9, trial=4, x__rid_x=981f48add12d6491: dummy_return_one(x)
[10:14:57.391] [INFO] [run] subject=7, session=1, speed=9, trial=5, x__rid_x=f599d5f6e5a8ea5a: dummy_return_one(x)
[10:14:57.392] [INFO] [run] subject=7, session=1, speed=9, trial=6, x__rid_x=59ff69470a12cc7c: dummy_return_one(x)
[10:14:57.393] [INFO] [run] subject=7, session=1, speed=9, trial=7, x__rid_x=e7340885a20b52f4: dummy_return_one(x)
[10:14:57.393] [INFO] [run] subject=7, session=2, speed=1, trial=1, x__rid_x=44e1631fa23be477: dummy_return_one(x)
[10:14:57.394] [INFO] [run] subject=7, session=2, speed=1, trial=2, x__rid_x=9de87f7535e5e83a: dummy_return_one(x)
[10:14:57.395] [INFO] [run] subject=7, session=2, speed=1, trial=3, x__rid_x=e530bc633ff9f4ea: dummy_return_one(x)
[10:14:57.395] [INFO] [run] subject=7, session=2, speed=1, trial=4, x__rid_x=4bea7883cd9e23da: dummy_return_one(x)
[10:14:57.396] [INFO] [run] subject=7, session=2, speed=1, trial=5, x__rid_x=9962faaf15580c42: dummy_return_one(x)
[10:14:57.396] [INFO] [run] subject=7, session=2, speed=1, trial=6, x__rid_x=60b00c6e8e976c83: dummy_return_one(x)
[10:14:57.397] [INFO] [run] subject=7, session=2, speed=1, trial=7, x__rid_x=8ea25042a4950ff2: dummy_return_one(x)
[10:14:57.398] [INFO] [run] subject=7, session=2, speed=10, trial=1, x__rid_x=b8eaf3b382c2bdcc: dummy_return_one(x)
[10:14:57.398] [INFO] [run] subject=7, session=2, speed=10, trial=2, x__rid_x=eb94688a5cedf30e: dummy_return_one(x)
[10:14:57.399] [INFO] [run] subject=7, session=2, speed=10, trial=3, x__rid_x=da6fc73cb797b59f: dummy_return_one(x)
[10:14:57.400] [INFO] [run] subject=7, session=2, speed=10, trial=4, x__rid_x=ddb52bc3ba2ad525: dummy_return_one(x)
[10:14:57.400] [INFO] [run] subject=7, session=2, speed=10, trial=5, x__rid_x=dceabc07f8393480: dummy_return_one(x)
[10:14:57.401] [INFO] [run] subject=7, session=2, speed=10, trial=6, x__rid_x=7723b2c749ab187e: dummy_return_one(x)
[10:14:57.402] [INFO] [run] subject=7, session=2, speed=10, trial=7, x__rid_x=1c68f7304116adc9: dummy_return_one(x)
[10:14:57.402] [INFO] [run] subject=7, session=2, speed=2, trial=1, x__rid_x=f1f08b457a510039: dummy_return_one(x)
[10:14:57.403] [INFO] [run] subject=7, session=2, speed=2, trial=2, x__rid_x=d9580cce53fe0375: dummy_return_one(x)
[10:14:57.404] [INFO] [run] subject=7, session=2, speed=2, trial=3, x__rid_x=b3f5e7f7da3dd00e: dummy_return_one(x)
[10:14:57.405] [INFO] [run] subject=7, session=2, speed=2, trial=4, x__rid_x=fa0c44849738dd9e: dummy_return_one(x)
[10:14:57.405] [INFO] [run] subject=7, session=2, speed=2, trial=5, x__rid_x=7fd6ba8683c973bb: dummy_return_one(x)
[10:14:57.406] [INFO] [run] subject=7, session=2, speed=2, trial=6, x__rid_x=45711c076790d245: dummy_return_one(x)
[10:14:57.407] [INFO] [run] subject=7, session=2, speed=2, trial=7, x__rid_x=45f8b476665ff7ad: dummy_return_one(x)
[10:14:57.407] [INFO] [run] subject=7, session=2, speed=3, trial=1, x__rid_x=1636312275e577df: dummy_return_one(x)
[10:14:57.408] [INFO] [run] subject=7, session=2, speed=3, trial=2, x__rid_x=f849eb94ffd85fdd: dummy_return_one(x)
[10:14:57.409] [INFO] [run] subject=7, session=2, speed=3, trial=3, x__rid_x=800f498fc45bcccc: dummy_return_one(x)
[10:14:57.409] [INFO] [run] subject=7, session=2, speed=3, trial=4, x__rid_x=5cbf93756ae58d4d: dummy_return_one(x)
[10:14:57.410] [INFO] [run] subject=7, session=2, speed=3, trial=5, x__rid_x=8be859f21b52367a: dummy_return_one(x)
[10:14:57.410] [INFO] [run] subject=7, session=2, speed=3, trial=6, x__rid_x=124f520e67a270f7: dummy_return_one(x)
[10:14:57.411] [INFO] [run] subject=7, session=2, speed=3, trial=7, x__rid_x=5fcb83ed6e415512: dummy_return_one(x)
[10:14:57.412] [INFO] [run] subject=7, session=2, speed=4, trial=1, x__rid_x=67efe130223e6a6c: dummy_return_one(x)
[10:14:57.412] [INFO] [run] subject=7, session=2, speed=4, trial=2, x__rid_x=5b1d478f93ccc8f1: dummy_return_one(x)
[10:14:57.413] [INFO] [run] subject=7, session=2, speed=4, trial=3, x__rid_x=2b71ee59fceea66b: dummy_return_one(x)
[10:14:57.414] [INFO] [run] subject=7, session=2, speed=4, trial=4, x__rid_x=c0f8002a968fb267: dummy_return_one(x)
[10:14:57.414] [INFO] [run] subject=7, session=2, speed=4, trial=5, x__rid_x=1e944e9e3fb4d1d7: dummy_return_one(x)
[10:14:57.415] [INFO] [run] subject=7, session=2, speed=4, trial=6, x__rid_x=c2607a4c52b84adf: dummy_return_one(x)
[10:14:57.415] [INFO] [run] subject=7, session=2, speed=4, trial=7, x__rid_x=e1998daaf7d805fa: dummy_return_one(x)
[10:14:57.416] [INFO] [run] subject=7, session=2, speed=5, trial=1, x__rid_x=a138e439f4732c90: dummy_return_one(x)
[10:14:57.417] [INFO] [run] subject=7, session=2, speed=5, trial=2, x__rid_x=30d346c1eeae1289: dummy_return_one(x)
[10:14:57.417] [INFO] [run] subject=7, session=2, speed=5, trial=3, x__rid_x=98e887ff566fb628: dummy_return_one(x)
[10:14:57.418] [INFO] [run] subject=7, session=2, speed=5, trial=4, x__rid_x=68cfc5fcfa4e57cf: dummy_return_one(x)
[10:14:57.418] [INFO] [run] subject=7, session=2, speed=5, trial=5, x__rid_x=c61de054813d5682: dummy_return_one(x)
[10:14:57.419] [INFO] [run] subject=7, session=2, speed=5, trial=6, x__rid_x=d8178678d0660209: dummy_return_one(x)
[10:14:57.420] [INFO] [run] subject=7, session=2, speed=5, trial=7, x__rid_x=42000ef0b7c58d17: dummy_return_one(x)
[10:14:57.421] [INFO] [run] subject=7, session=2, speed=6, trial=1, x__rid_x=579a34a866968e54: dummy_return_one(x)
[10:14:57.422] [INFO] [run] subject=7, session=2, speed=6, trial=2, x__rid_x=f12bd99a7d7ea7f4: dummy_return_one(x)
[10:14:57.423] [INFO] [run] subject=7, session=2, speed=6, trial=3, x__rid_x=40a2bdee6b0134db: dummy_return_one(x)
[10:14:57.424] [INFO] [run] subject=7, session=2, speed=6, trial=4, x__rid_x=83c3e37ce114ecd8: dummy_return_one(x)
[10:14:57.424] [INFO] [run] subject=7, session=2, speed=6, trial=5, x__rid_x=1fd142932a053f83: dummy_return_one(x)
[10:14:57.425] [INFO] [run] subject=7, session=2, speed=6, trial=6, x__rid_x=0512936296ac9c09: dummy_return_one(x)
[10:14:57.426] [INFO] [run] subject=7, session=2, speed=6, trial=7, x__rid_x=6735c472d945c1f0: dummy_return_one(x)
[10:14:57.426] [INFO] [run] subject=7, session=2, speed=7, trial=1, x__rid_x=3f7cf94c867d6cb3: dummy_return_one(x)
[10:14:57.427] [INFO] [run] subject=7, session=2, speed=7, trial=2, x__rid_x=897693113581ea22: dummy_return_one(x)
[10:14:57.428] [INFO] [run] subject=7, session=2, speed=7, trial=3, x__rid_x=cd856c01f0fc39f0: dummy_return_one(x)
[10:14:57.428] [INFO] [run] subject=7, session=2, speed=7, trial=4, x__rid_x=21edce1e6a08fb4e: dummy_return_one(x)
[10:14:57.429] [INFO] [run] subject=7, session=2, speed=7, trial=5, x__rid_x=e8527528c4c62757: dummy_return_one(x)
[10:14:57.429] [INFO] [run] subject=7, session=2, speed=7, trial=6, x__rid_x=bfa56443b8e92354: dummy_return_one(x)
[10:14:57.430] [INFO] [run] subject=7, session=2, speed=7, trial=7, x__rid_x=af390a05aa1702a1: dummy_return_one(x)
[10:14:57.431] [INFO] [run] subject=7, session=2, speed=8, trial=1, x__rid_x=688dd6cc39ee4b6b: dummy_return_one(x)
[10:14:57.431] [INFO] [run] subject=7, session=2, speed=8, trial=2, x__rid_x=16cba38ed50d5806: dummy_return_one(x)
[10:14:57.432] [INFO] [run] subject=7, session=2, speed=8, trial=3, x__rid_x=4aa7357bea83299d: dummy_return_one(x)
[10:14:57.433] [INFO] [run] subject=7, session=2, speed=8, trial=4, x__rid_x=dcde42ccbd2acc9d: dummy_return_one(x)
[10:14:57.433] [INFO] [run] subject=7, session=2, speed=8, trial=5, x__rid_x=a3f0c2f36ebc9e4b: dummy_return_one(x)
[10:14:57.434] [INFO] [run] subject=7, session=2, speed=8, trial=6, x__rid_x=0373f38f7a3a2d03: dummy_return_one(x)
[10:14:57.435] [INFO] [run] subject=7, session=2, speed=8, trial=7, x__rid_x=8d38c5eae809433e: dummy_return_one(x)
[10:14:57.435] [INFO] [run] subject=7, session=2, speed=9, trial=1, x__rid_x=5b7ca5819a8dcafc: dummy_return_one(x)
[10:14:57.436] [INFO] [run] subject=7, session=2, speed=9, trial=2, x__rid_x=d6c2793c902719a1: dummy_return_one(x)
[10:14:57.437] [INFO] [run] subject=7, session=2, speed=9, trial=3, x__rid_x=a4dbf5a2af52e8e3: dummy_return_one(x)
[10:14:57.438] [INFO] [run] subject=7, session=2, speed=9, trial=4, x__rid_x=3c6daba3310010e5: dummy_return_one(x)
[10:14:57.438] [INFO] [run] subject=7, session=2, speed=9, trial=5, x__rid_x=6cc2ee7edaaaf0b2: dummy_return_one(x)
[10:14:57.439] [INFO] [run] subject=7, session=2, speed=9, trial=6, x__rid_x=11ebb8e8d3228bd0: dummy_return_one(x)
[10:14:57.440] [INFO] [run] subject=7, session=2, speed=9, trial=7, x__rid_x=d09d71361e28d4d3: dummy_return_one(x)
[10:14:57.440] [INFO] [run] subject=7, session=3, speed=1, trial=1, x__rid_x=bdb8ebb60dbef8ea: dummy_return_one(x)
[10:14:57.441] [INFO] [run] subject=7, session=3, speed=1, trial=2, x__rid_x=e6a2aa41a0cd89b4: dummy_return_one(x)
[10:14:57.441] [INFO] [run] subject=7, session=3, speed=1, trial=3, x__rid_x=6b824cd1bc0b9d14: dummy_return_one(x)
[10:14:57.442] [INFO] [run] subject=7, session=3, speed=1, trial=4, x__rid_x=b7440f89d04b1b91: dummy_return_one(x)
[10:14:57.443] [INFO] [run] subject=7, session=3, speed=1, trial=5, x__rid_x=18ed5bd20666a530: dummy_return_one(x)
[10:14:57.443] [INFO] [run] subject=7, session=3, speed=1, trial=6, x__rid_x=3db68ebfb51cf9ec: dummy_return_one(x)
[10:14:57.444] [INFO] [run] subject=7, session=3, speed=1, trial=7, x__rid_x=b89241b73cadffb4: dummy_return_one(x)
[10:14:57.445] [INFO] [run] subject=7, session=3, speed=10, trial=1, x__rid_x=a3a4eab5410660b9: dummy_return_one(x)
[10:14:57.445] [INFO] [run] subject=7, session=3, speed=10, trial=2, x__rid_x=e158199f34dab6a4: dummy_return_one(x)
[10:14:57.446] [INFO] [run] subject=7, session=3, speed=10, trial=3, x__rid_x=6e08d06995c6f742: dummy_return_one(x)
[10:14:57.447] [INFO] [run] subject=7, session=3, speed=10, trial=4, x__rid_x=bc7ea2f6bd5963f4: dummy_return_one(x)
[10:14:57.447] [INFO] [run] subject=7, session=3, speed=10, trial=5, x__rid_x=6f6d1a1be2e24f3a: dummy_return_one(x)
[10:14:57.448] [INFO] [run] subject=7, session=3, speed=10, trial=6, x__rid_x=0d5cac74c12f7f5f: dummy_return_one(x)
[10:14:57.449] [INFO] [run] subject=7, session=3, speed=10, trial=7, x__rid_x=004abb4518c24bff: dummy_return_one(x)
[10:14:57.449] [INFO] [run] subject=7, session=3, speed=2, trial=1, x__rid_x=c9372e3390e98457: dummy_return_one(x)
[10:14:57.450] [INFO] [run] subject=7, session=3, speed=2, trial=2, x__rid_x=d94e92796df305a4: dummy_return_one(x)
[10:14:57.450] [INFO] [run] subject=7, session=3, speed=2, trial=3, x__rid_x=9e0eaffac8c63016: dummy_return_one(x)
[10:14:57.451] [INFO] [run] subject=7, session=3, speed=2, trial=4, x__rid_x=05899350fbc19b47: dummy_return_one(x)
[10:14:57.452] [INFO] [run] subject=7, session=3, speed=2, trial=5, x__rid_x=31d73dede1a483db: dummy_return_one(x)
[10:14:57.452] [INFO] [run] subject=7, session=3, speed=2, trial=6, x__rid_x=301b3ddbb25ea1cc: dummy_return_one(x)
[10:14:57.453] [INFO] [run] subject=7, session=3, speed=2, trial=7, x__rid_x=a1dbc0546a850b33: dummy_return_one(x)
[10:14:57.454] [INFO] [run] subject=7, session=3, speed=3, trial=1, x__rid_x=bdab57ff3f0dcab7: dummy_return_one(x)
[10:14:57.455] [INFO] [run] subject=7, session=3, speed=3, trial=2, x__rid_x=8f40c4482622be52: dummy_return_one(x)
[10:14:57.455] [INFO] [run] subject=7, session=3, speed=3, trial=3, x__rid_x=70eaa04e99a7728a: dummy_return_one(x)
[10:14:57.456] [INFO] [run] subject=7, session=3, speed=3, trial=4, x__rid_x=67f25f33fae8f9ed: dummy_return_one(x)
[10:14:57.457] [INFO] [run] subject=7, session=3, speed=3, trial=5, x__rid_x=640657f6143bfa52: dummy_return_one(x)
[10:14:57.457] [INFO] [run] subject=7, session=3, speed=3, trial=6, x__rid_x=19f91eb9842d07d8: dummy_return_one(x)
[10:14:57.458] [INFO] [run] subject=7, session=3, speed=3, trial=7, x__rid_x=cdd0fc126237517c: dummy_return_one(x)
[10:14:57.458] [INFO] [run] subject=7, session=3, speed=4, trial=1, x__rid_x=91c8505039b57036: dummy_return_one(x)
[10:14:57.459] [INFO] [run] subject=7, session=3, speed=4, trial=2, x__rid_x=9f02a58efa09e69c: dummy_return_one(x)
[10:14:57.460] [INFO] [run] subject=7, session=3, speed=4, trial=3, x__rid_x=1597a8278fa93d46: dummy_return_one(x)
[10:14:57.460] [INFO] [run] subject=7, session=3, speed=4, trial=4, x__rid_x=cd9c3c44a3b7fd5e: dummy_return_one(x)
[10:14:57.461] [INFO] [run] subject=7, session=3, speed=4, trial=5, x__rid_x=6c2e021528c673c0: dummy_return_one(x)
[10:14:57.461] [INFO] [run] subject=7, session=3, speed=4, trial=6, x__rid_x=1fb241f0a919c1e7: dummy_return_one(x)
[10:14:57.462] [INFO] [run] subject=7, session=3, speed=4, trial=7, x__rid_x=81db9c76bf5b26bb: dummy_return_one(x)
[10:14:57.463] [INFO] [run] subject=7, session=3, speed=5, trial=1, x__rid_x=dac737cf1c134abd: dummy_return_one(x)
[10:14:57.463] [INFO] [run] subject=7, session=3, speed=5, trial=2, x__rid_x=3fb5f381b03e5991: dummy_return_one(x)
[10:14:57.464] [INFO] [run] subject=7, session=3, speed=5, trial=3, x__rid_x=c66b9c3f46d4de65: dummy_return_one(x)
[10:14:57.464] [INFO] [run] subject=7, session=3, speed=5, trial=4, x__rid_x=f43a4769dd738132: dummy_return_one(x)
[10:14:57.465] [INFO] [run] subject=7, session=3, speed=5, trial=5, x__rid_x=7d6e8d6e780f728a: dummy_return_one(x)
[10:14:57.466] [INFO] [run] subject=7, session=3, speed=5, trial=6, x__rid_x=8c9c38a73435e78e: dummy_return_one(x)
[10:14:57.466] [INFO] [run] subject=7, session=3, speed=5, trial=7, x__rid_x=a87c850b2ee9907b: dummy_return_one(x)
[10:14:57.467] [INFO] [run] subject=7, session=3, speed=6, trial=1, x__rid_x=41ceb301c8d1dcd4: dummy_return_one(x)
[10:14:57.467] [INFO] [run] subject=7, session=3, speed=6, trial=2, x__rid_x=babedad9a27b7172: dummy_return_one(x)
[10:14:57.468] [INFO] [run] subject=7, session=3, speed=6, trial=3, x__rid_x=a3511611aa03719f: dummy_return_one(x)
[10:14:57.469] [INFO] [run] subject=7, session=3, speed=6, trial=4, x__rid_x=817ab840d038a2c9: dummy_return_one(x)
[10:14:57.469] [INFO] [run] subject=7, session=3, speed=6, trial=5, x__rid_x=4d3e5135e19a6b19: dummy_return_one(x)
[10:14:57.470] [INFO] [run] subject=7, session=3, speed=6, trial=6, x__rid_x=53e9f19dfdd29d3a: dummy_return_one(x)
[10:14:57.471] [INFO] [run] subject=7, session=3, speed=6, trial=7, x__rid_x=1bc9242eb14d96e5: dummy_return_one(x)
[10:14:57.472] [INFO] [run] subject=7, session=3, speed=7, trial=1, x__rid_x=db5bd0f82fa6a952: dummy_return_one(x)
[10:14:57.473] [INFO] [run] subject=7, session=3, speed=7, trial=2, x__rid_x=ee23fc35f3956962: dummy_return_one(x)
[10:14:57.473] [INFO] [run] subject=7, session=3, speed=7, trial=3, x__rid_x=2c8c0b2468bef391: dummy_return_one(x)
[10:14:57.474] [INFO] [run] subject=7, session=3, speed=7, trial=4, x__rid_x=a158f0c5a625c373: dummy_return_one(x)
[10:14:57.474] [INFO] [run] subject=7, session=3, speed=7, trial=5, x__rid_x=6b84bb4a445f5456: dummy_return_one(x)
[10:14:57.475] [INFO] [run] subject=7, session=3, speed=7, trial=6, x__rid_x=ec2f6fec2787624b: dummy_return_one(x)
[10:14:57.476] [INFO] [run] subject=7, session=3, speed=7, trial=7, x__rid_x=c824919ce86ce105: dummy_return_one(x)
[10:14:57.476] [INFO] [run] subject=7, session=3, speed=8, trial=1, x__rid_x=d88e927f690f49fb: dummy_return_one(x)
[10:14:57.477] [INFO] [run] subject=7, session=3, speed=8, trial=2, x__rid_x=7376aa68119f177f: dummy_return_one(x)
[10:14:57.478] [INFO] [run] subject=7, session=3, speed=8, trial=3, x__rid_x=dbcdfb6489176ed5: dummy_return_one(x)
[10:14:57.478] [INFO] [run] subject=7, session=3, speed=8, trial=4, x__rid_x=00e6c01f75e4e62b: dummy_return_one(x)
[10:14:57.479] [INFO] [run] subject=7, session=3, speed=8, trial=5, x__rid_x=4284b6011d4ee821: dummy_return_one(x)
[10:14:57.480] [INFO] [run] subject=7, session=3, speed=8, trial=6, x__rid_x=e6727d61ab3841f4: dummy_return_one(x)
[10:14:57.480] [INFO] [run] subject=7, session=3, speed=8, trial=7, x__rid_x=4327e6562d6ee00b: dummy_return_one(x)
[10:14:57.481] [INFO] [run] subject=7, session=3, speed=9, trial=1, x__rid_x=a4dc64ecbc425aa2: dummy_return_one(x)
[10:14:57.482] [INFO] [run] subject=7, session=3, speed=9, trial=2, x__rid_x=ab80a4c774bbe9d0: dummy_return_one(x)
[10:14:57.482] [INFO] [run] subject=7, session=3, speed=9, trial=3, x__rid_x=d75313fa7efd0722: dummy_return_one(x)
[10:14:57.483] [INFO] [run] subject=7, session=3, speed=9, trial=4, x__rid_x=5f366723f1616001: dummy_return_one(x)
[10:14:57.483] [INFO] [run] subject=7, session=3, speed=9, trial=5, x__rid_x=e3984f90d58e4a75: dummy_return_one(x)
[10:14:57.484] [INFO] [run] subject=7, session=3, speed=9, trial=6, x__rid_x=63f21e3fcd9f7ed7: dummy_return_one(x)
[10:14:57.485] [INFO] [run] subject=7, session=3, speed=9, trial=7, x__rid_x=faad65acb0f369a0: dummy_return_one(x)
[10:14:57.485] [INFO] [run] subject=7, session=4, speed=1, trial=1, x__rid_x=0a8009e2861f4a47: dummy_return_one(x)
[10:14:57.486] [INFO] [run] subject=7, session=4, speed=1, trial=2, x__rid_x=a307121c30a83d5f: dummy_return_one(x)
[10:14:57.487] [INFO] [run] subject=7, session=4, speed=1, trial=3, x__rid_x=f7c010d9d37d8817: dummy_return_one(x)
[10:14:57.488] [INFO] [run] subject=7, session=4, speed=1, trial=4, x__rid_x=71b4b44b2f2865b4: dummy_return_one(x)
[10:14:57.489] [INFO] [run] subject=7, session=4, speed=1, trial=5, x__rid_x=e88c67bace44ab3e: dummy_return_one(x)
[10:14:57.489] [INFO] [run] subject=7, session=4, speed=1, trial=6, x__rid_x=5605d50bf75c6704: dummy_return_one(x)
[10:14:57.490] [INFO] [run] subject=7, session=4, speed=1, trial=7, x__rid_x=3ebcfae66277a612: dummy_return_one(x)
[10:14:57.490] [INFO] [run] subject=7, session=4, speed=10, trial=1, x__rid_x=97715f0e9f73563a: dummy_return_one(x)
[10:14:57.491] [INFO] [run] subject=7, session=4, speed=10, trial=2, x__rid_x=0713533af023a7c2: dummy_return_one(x)
[10:14:57.492] [INFO] [run] subject=7, session=4, speed=10, trial=3, x__rid_x=b51a3c4fb3fb9bde: dummy_return_one(x)
[10:14:57.492] [INFO] [run] subject=7, session=4, speed=10, trial=4, x__rid_x=5469408b75526a6a: dummy_return_one(x)
[10:14:57.493] [INFO] [run] subject=7, session=4, speed=10, trial=5, x__rid_x=41a4d7a1f56a1f60: dummy_return_one(x)
[10:14:57.494] [INFO] [run] subject=7, session=4, speed=10, trial=6, x__rid_x=50cbe1e7b93fd296: dummy_return_one(x)
[10:14:57.494] [INFO] [run] subject=7, session=4, speed=10, trial=7, x__rid_x=10e48456638c687a: dummy_return_one(x)
[10:14:57.495] [INFO] [run] subject=7, session=4, speed=2, trial=1, x__rid_x=3cd935031e7fe752: dummy_return_one(x)
[10:14:57.495] [INFO] [run] subject=7, session=4, speed=2, trial=2, x__rid_x=c1fe076c6f291ff7: dummy_return_one(x)
[10:14:57.496] [INFO] [run] subject=7, session=4, speed=2, trial=3, x__rid_x=47e41e4a021602fc: dummy_return_one(x)
[10:14:57.497] [INFO] [run] subject=7, session=4, speed=2, trial=4, x__rid_x=d716dd57337da230: dummy_return_one(x)
[10:14:57.497] [INFO] [run] subject=7, session=4, speed=2, trial=5, x__rid_x=488da8bef205f93d: dummy_return_one(x)
[10:14:57.498] [INFO] [run] subject=7, session=4, speed=2, trial=6, x__rid_x=08fe306b38b7ba42: dummy_return_one(x)
[10:14:57.499] [INFO] [run] subject=7, session=4, speed=2, trial=7, x__rid_x=c9231f94338d53df: dummy_return_one(x)
[10:14:57.499] [INFO] [run] subject=7, session=4, speed=3, trial=1, x__rid_x=a6055286007352f4: dummy_return_one(x)
[10:14:57.500] [INFO] [run] subject=7, session=4, speed=3, trial=2, x__rid_x=9b6338038102cd61: dummy_return_one(x)
[10:14:57.501] [INFO] [run] subject=7, session=4, speed=3, trial=3, x__rid_x=1b553dad50367c43: dummy_return_one(x)
[10:14:57.501] [INFO] [run] subject=7, session=4, speed=3, trial=4, x__rid_x=223e6f49b6407227: dummy_return_one(x)
[10:14:57.502] [INFO] [run] subject=7, session=4, speed=3, trial=5, x__rid_x=076a430673773ece: dummy_return_one(x)
[10:14:57.502] [INFO] [run] subject=7, session=4, speed=3, trial=6, x__rid_x=50168703efd5e83c: dummy_return_one(x)
[10:14:57.503] [INFO] [run] subject=7, session=4, speed=3, trial=7, x__rid_x=ade2ee9d7f3ef9b3: dummy_return_one(x)
[10:14:57.504] [INFO] [run] subject=7, session=4, speed=4, trial=1, x__rid_x=558932fb496c4755: dummy_return_one(x)
[10:14:57.505] [INFO] [run] subject=7, session=4, speed=4, trial=2, x__rid_x=adaaaa9c9cbf0f30: dummy_return_one(x)
[10:14:57.506] [INFO] [run] subject=7, session=4, speed=4, trial=3, x__rid_x=8827068a0b25c9a4: dummy_return_one(x)
[10:14:57.506] [INFO] [run] subject=7, session=4, speed=4, trial=4, x__rid_x=9b68eae7b09a4027: dummy_return_one(x)
[10:14:57.507] [INFO] [run] subject=7, session=4, speed=4, trial=5, x__rid_x=c55704fd47d3ceff: dummy_return_one(x)
[10:14:57.508] [INFO] [run] subject=7, session=4, speed=4, trial=6, x__rid_x=c0cb476a4275f54d: dummy_return_one(x)
[10:14:57.508] [INFO] [run] subject=7, session=4, speed=4, trial=7, x__rid_x=6f91760ce044aeb3: dummy_return_one(x)
[10:14:57.509] [INFO] [run] subject=7, session=4, speed=5, trial=1, x__rid_x=0f3fa2340bac5b09: dummy_return_one(x)
[10:14:57.510] [INFO] [run] subject=7, session=4, speed=5, trial=2, x__rid_x=79e809870cd7b458: dummy_return_one(x)
[10:14:57.510] [INFO] [run] subject=7, session=4, speed=5, trial=3, x__rid_x=aba47eaacf20f784: dummy_return_one(x)
[10:14:57.511] [INFO] [run] subject=7, session=4, speed=5, trial=4, x__rid_x=9844b56bdd3dd6b7: dummy_return_one(x)
[10:14:57.512] [INFO] [run] subject=7, session=4, speed=5, trial=5, x__rid_x=b340aa8f03dbb5ac: dummy_return_one(x)
[10:14:57.512] [INFO] [run] subject=7, session=4, speed=5, trial=6, x__rid_x=81320e5ed5dc8e26: dummy_return_one(x)
[10:14:57.513] [INFO] [run] subject=7, session=4, speed=5, trial=7, x__rid_x=f3f35f1d2c8ff749: dummy_return_one(x)
[10:14:57.513] [INFO] [run] subject=7, session=4, speed=6, trial=1, x__rid_x=3b818141b8623789: dummy_return_one(x)
[10:14:57.514] [INFO] [run] subject=7, session=4, speed=6, trial=2, x__rid_x=7c2d976fc405635a: dummy_return_one(x)
[10:14:57.515] [INFO] [run] subject=7, session=4, speed=6, trial=3, x__rid_x=0443254b6aa1fe24: dummy_return_one(x)
[10:14:57.515] [INFO] [run] subject=7, session=4, speed=6, trial=4, x__rid_x=97aa7252b3ba83b3: dummy_return_one(x)
[10:14:57.516] [INFO] [run] subject=7, session=4, speed=6, trial=5, x__rid_x=c899e7f673c71188: dummy_return_one(x)
[10:14:57.517] [INFO] [run] subject=7, session=4, speed=6, trial=6, x__rid_x=376892671bfd2da0: dummy_return_one(x)
[10:14:57.517] [INFO] [run] subject=7, session=4, speed=6, trial=7, x__rid_x=01c194cf5ac0dc0f: dummy_return_one(x)
[10:14:57.518] [INFO] [run] subject=7, session=4, speed=7, trial=1, x__rid_x=65a9d602106e4fb9: dummy_return_one(x)
[10:14:57.519] [INFO] [run] subject=7, session=4, speed=7, trial=2, x__rid_x=b14da18c651d6326: dummy_return_one(x)
[10:14:57.519] [INFO] [run] subject=7, session=4, speed=7, trial=3, x__rid_x=4e52dc8ef3048dc2: dummy_return_one(x)
[10:14:57.520] [INFO] [run] subject=7, session=4, speed=7, trial=4, x__rid_x=2856376bf9ccd299: dummy_return_one(x)
[10:14:57.521] [INFO] [run] subject=7, session=4, speed=7, trial=5, x__rid_x=47a77b29aa31f052: dummy_return_one(x)
[10:14:57.522] [INFO] [run] subject=7, session=4, speed=7, trial=6, x__rid_x=7a12903463b05cb4: dummy_return_one(x)
[10:14:57.523] [INFO] [run] subject=7, session=4, speed=7, trial=7, x__rid_x=87c588a6941496f0: dummy_return_one(x)
[10:14:57.523] [INFO] [run] subject=7, session=4, speed=8, trial=1, x__rid_x=67f57ceaa03fefa9: dummy_return_one(x)
[10:14:57.524] [INFO] [run] subject=7, session=4, speed=8, trial=2, x__rid_x=cffc71f57d81efdc: dummy_return_one(x)
[10:14:57.524] [INFO] [run] subject=7, session=4, speed=8, trial=3, x__rid_x=197214f01512b197: dummy_return_one(x)
[10:14:57.525] [INFO] [run] subject=7, session=4, speed=8, trial=4, x__rid_x=3709656bd24ddc91: dummy_return_one(x)
[10:14:57.526] [INFO] [run] subject=7, session=4, speed=8, trial=5, x__rid_x=1f5c1ffacbf08b43: dummy_return_one(x)
[10:14:57.526] [INFO] [run] subject=7, session=4, speed=8, trial=6, x__rid_x=54201e541a477ec3: dummy_return_one(x)
[10:14:57.527] [INFO] [run] subject=7, session=4, speed=8, trial=7, x__rid_x=56338b9e523d8542: dummy_return_one(x)
[10:14:57.528] [INFO] [run] subject=7, session=4, speed=9, trial=1, x__rid_x=da8db9c18f633ead: dummy_return_one(x)
[10:14:57.528] [INFO] [run] subject=7, session=4, speed=9, trial=2, x__rid_x=d7b7784ba5512d3f: dummy_return_one(x)
[10:14:57.529] [INFO] [run] subject=7, session=4, speed=9, trial=3, x__rid_x=b8c99e90ff0d0348: dummy_return_one(x)
[10:14:57.530] [INFO] [run] subject=7, session=4, speed=9, trial=4, x__rid_x=96f30a2ace7ece89: dummy_return_one(x)
[10:14:57.530] [INFO] [run] subject=7, session=4, speed=9, trial=5, x__rid_x=46da30daebf9e72f: dummy_return_one(x)
[10:14:57.531] [INFO] [run] subject=7, session=4, speed=9, trial=6, x__rid_x=516dc58161f8acc3: dummy_return_one(x)
[10:14:57.532] [INFO] [run] subject=7, session=4, speed=9, trial=7, x__rid_x=5bce977cb61eb11a: dummy_return_one(x)
[10:14:57.532] [INFO] [run] subject=7, session=5, speed=1, trial=1, x__rid_x=d145a81b4e323f1a: dummy_return_one(x)
[10:14:57.533] [INFO] [run] subject=7, session=5, speed=1, trial=2, x__rid_x=62b3ef23f7fec586: dummy_return_one(x)
[10:14:57.534] [INFO] [run] subject=7, session=5, speed=1, trial=3, x__rid_x=00871d10a7a3c3b8: dummy_return_one(x)
[10:14:57.534] [INFO] [run] subject=7, session=5, speed=1, trial=4, x__rid_x=a618276be176b165: dummy_return_one(x)
[10:14:57.535] [INFO] [run] subject=7, session=5, speed=1, trial=5, x__rid_x=853a435554dd971c: dummy_return_one(x)
[10:14:57.535] [INFO] [run] subject=7, session=5, speed=1, trial=6, x__rid_x=92ed4daf18a25fcf: dummy_return_one(x)
[10:14:57.537] [INFO] [run] subject=7, session=5, speed=1, trial=7, x__rid_x=3c7e68fd7545be95: dummy_return_one(x)
[10:14:57.538] [INFO] [run] subject=7, session=5, speed=10, trial=1, x__rid_x=a4e7e0f920fc08c1: dummy_return_one(x)
[10:14:57.538] [INFO] [run] subject=7, session=5, speed=10, trial=2, x__rid_x=1ce8a5bae2f08d92: dummy_return_one(x)
[10:14:57.539] [INFO] [run] subject=7, session=5, speed=10, trial=3, x__rid_x=d715bd3a88586fbe: dummy_return_one(x)
[10:14:57.540] [INFO] [run] subject=7, session=5, speed=10, trial=4, x__rid_x=754cae2d37273003: dummy_return_one(x)
[10:14:57.541] [INFO] [run] subject=7, session=5, speed=10, trial=5, x__rid_x=5e3728d379785291: dummy_return_one(x)
[10:14:57.541] [INFO] [run] subject=7, session=5, speed=10, trial=6, x__rid_x=ea5ef975f124c711: dummy_return_one(x)
[10:14:57.542] [INFO] [run] subject=7, session=5, speed=10, trial=7, x__rid_x=ecf69493d1689942: dummy_return_one(x)
[10:14:57.542] [INFO] [run] subject=7, session=5, speed=2, trial=1, x__rid_x=dd90c3b1d0d691ce: dummy_return_one(x)
[10:14:57.543] [INFO] [run] subject=7, session=5, speed=2, trial=2, x__rid_x=2a13fb35f971f714: dummy_return_one(x)
[10:14:57.544] [INFO] [run] subject=7, session=5, speed=2, trial=3, x__rid_x=9d71a6ffd945f2af: dummy_return_one(x)
[10:14:57.544] [INFO] [run] subject=7, session=5, speed=2, trial=4, x__rid_x=4a680a355420b978: dummy_return_one(x)
[10:14:57.545] [INFO] [run] subject=7, session=5, speed=2, trial=5, x__rid_x=f765bae87da566e9: dummy_return_one(x)
[10:14:57.546] [INFO] [run] subject=7, session=5, speed=2, trial=6, x__rid_x=0613eb7be5720cb7: dummy_return_one(x)
[10:14:57.546] [INFO] [run] subject=7, session=5, speed=2, trial=7, x__rid_x=f43e3dc1144bcb9e: dummy_return_one(x)
[10:14:57.547] [INFO] [run] subject=7, session=5, speed=3, trial=1, x__rid_x=d4243c351383c0e2: dummy_return_one(x)
[10:14:57.548] [INFO] [run] subject=7, session=5, speed=3, trial=2, x__rid_x=df6e3327745c0f28: dummy_return_one(x)
[10:14:57.549] [INFO] [run] subject=7, session=5, speed=3, trial=3, x__rid_x=6991bb3305a893d3: dummy_return_one(x)
[10:14:57.549] [INFO] [run] subject=7, session=5, speed=3, trial=4, x__rid_x=a1b2db30f65c08f8: dummy_return_one(x)
[10:14:57.550] [INFO] [run] subject=7, session=5, speed=3, trial=5, x__rid_x=9be5156311788e6f: dummy_return_one(x)
[10:14:57.551] [INFO] [run] subject=7, session=5, speed=3, trial=6, x__rid_x=1f8c6aecc70127be: dummy_return_one(x)
[10:14:57.551] [INFO] [run] subject=7, session=5, speed=3, trial=7, x__rid_x=74fe27407f05275b: dummy_return_one(x)
[10:14:57.552] [INFO] [run] subject=7, session=5, speed=4, trial=1, x__rid_x=3ebcc236d88f0906: dummy_return_one(x)
[10:14:57.553] [INFO] [run] subject=7, session=5, speed=4, trial=2, x__rid_x=934f4e975bb016e3: dummy_return_one(x)
[10:14:57.554] [INFO] [run] subject=7, session=5, speed=4, trial=3, x__rid_x=013444a28d51ff71: dummy_return_one(x)
[10:14:57.555] [INFO] [run] subject=7, session=5, speed=4, trial=4, x__rid_x=e2c4aaf1f8afdfcf: dummy_return_one(x)
[10:14:57.556] [INFO] [run] subject=7, session=5, speed=4, trial=5, x__rid_x=839cfd25700478be: dummy_return_one(x)
[10:14:57.556] [INFO] [run] subject=7, session=5, speed=4, trial=6, x__rid_x=a6bb7674ba14d4d1: dummy_return_one(x)
[10:14:57.557] [INFO] [run] subject=7, session=5, speed=4, trial=7, x__rid_x=9dd7221d1decda65: dummy_return_one(x)
[10:14:57.558] [INFO] [run] subject=7, session=5, speed=5, trial=1, x__rid_x=d16b63263b760487: dummy_return_one(x)
[10:14:57.558] [INFO] [run] subject=7, session=5, speed=5, trial=2, x__rid_x=66bf8f9026f1a9c4: dummy_return_one(x)
[10:14:57.559] [INFO] [run] subject=7, session=5, speed=5, trial=3, x__rid_x=8d938620e1e2cc3d: dummy_return_one(x)
[10:14:57.559] [INFO] [run] subject=7, session=5, speed=5, trial=4, x__rid_x=a33aef25eb8104e2: dummy_return_one(x)
[10:14:57.560] [INFO] [run] subject=7, session=5, speed=5, trial=5, x__rid_x=22ec9f89c8d46261: dummy_return_one(x)
[10:14:57.561] [INFO] [run] subject=7, session=5, speed=5, trial=6, x__rid_x=0154144cde69a325: dummy_return_one(x)
[10:14:57.562] [INFO] [run] subject=7, session=5, speed=5, trial=7, x__rid_x=0a9f187f5f996ed6: dummy_return_one(x)
[10:14:57.562] [INFO] [run] subject=7, session=5, speed=6, trial=1, x__rid_x=6baf83d5e1dbd640: dummy_return_one(x)
[10:14:57.563] [INFO] [run] subject=7, session=5, speed=6, trial=2, x__rid_x=38f7ddb2ee4a0fbc: dummy_return_one(x)
[10:14:57.564] [INFO] [run] subject=7, session=5, speed=6, trial=3, x__rid_x=36ad9a56924b57de: dummy_return_one(x)
[10:14:57.564] [INFO] [run] subject=7, session=5, speed=6, trial=4, x__rid_x=7d8b191de25674ac: dummy_return_one(x)
[10:14:57.565] [INFO] [run] subject=7, session=5, speed=6, trial=5, x__rid_x=929824aeb1a6a6d6: dummy_return_one(x)
[10:14:57.566] [INFO] [run] subject=7, session=5, speed=6, trial=6, x__rid_x=403193c667441bac: dummy_return_one(x)
[10:14:57.566] [INFO] [run] subject=7, session=5, speed=6, trial=7, x__rid_x=392f5f7b6ccd0e2b: dummy_return_one(x)
[10:14:57.567] [INFO] [run] subject=7, session=5, speed=7, trial=1, x__rid_x=81bf10f549084349: dummy_return_one(x)
[10:14:57.567] [INFO] [run] subject=7, session=5, speed=7, trial=2, x__rid_x=c8ebb816686ea6ce: dummy_return_one(x)
[10:14:57.568] [INFO] [run] subject=7, session=5, speed=7, trial=3, x__rid_x=4665d0e861aa97f8: dummy_return_one(x)
[10:14:57.569] [INFO] [run] subject=7, session=5, speed=7, trial=4, x__rid_x=ba04f89d1068d399: dummy_return_one(x)
[10:14:57.569] [INFO] [run] subject=7, session=5, speed=7, trial=5, x__rid_x=63e6edaf444c65ec: dummy_return_one(x)
[10:14:57.570] [INFO] [run] subject=7, session=5, speed=7, trial=6, x__rid_x=34b1f0827d22c86e: dummy_return_one(x)
[10:14:57.571] [INFO] [run] subject=7, session=5, speed=7, trial=7, x__rid_x=641cb03a5c2952c5: dummy_return_one(x)
[10:14:57.572] [INFO] [run] subject=7, session=5, speed=8, trial=1, x__rid_x=251938e0e9dc294b: dummy_return_one(x)
[10:14:57.573] [INFO] [run] subject=7, session=5, speed=8, trial=2, x__rid_x=306768f73c6ceb66: dummy_return_one(x)
[10:14:57.573] [INFO] [run] subject=7, session=5, speed=8, trial=3, x__rid_x=a3c293ca0b07713a: dummy_return_one(x)
[10:14:57.574] [INFO] [run] subject=7, session=5, speed=8, trial=4, x__rid_x=7a75337f8156d95f: dummy_return_one(x)
[10:14:57.575] [INFO] [run] subject=7, session=5, speed=8, trial=5, x__rid_x=e90fdebac7efe798: dummy_return_one(x)
[10:14:57.575] [INFO] [run] subject=7, session=5, speed=8, trial=6, x__rid_x=8f6d0941b7793c1e: dummy_return_one(x)
[10:14:57.576] [INFO] [run] subject=7, session=5, speed=8, trial=7, x__rid_x=6682a7a54792071f: dummy_return_one(x)
[10:14:57.577] [INFO] [run] subject=7, session=5, speed=9, trial=1, x__rid_x=1b0793c956ae837c: dummy_return_one(x)
[10:14:57.577] [INFO] [run] subject=7, session=5, speed=9, trial=2, x__rid_x=50df618da3f74abd: dummy_return_one(x)
[10:14:57.578] [INFO] [run] subject=7, session=5, speed=9, trial=3, x__rid_x=3d7867d82ba3b3f7: dummy_return_one(x)
[10:14:57.578] [INFO] [run] subject=7, session=5, speed=9, trial=4, x__rid_x=0edf590f65f8f5e0: dummy_return_one(x)
[10:14:57.579] [INFO] [run] subject=7, session=5, speed=9, trial=5, x__rid_x=0861ee913f50211e: dummy_return_one(x)
[10:14:57.580] [INFO] [run] subject=7, session=5, speed=9, trial=6, x__rid_x=739f42f6bc6d9995: dummy_return_one(x)
[10:14:57.580] [INFO] [run] subject=7, session=5, speed=9, trial=7, x__rid_x=b873a4878368d4ca: dummy_return_one(x)
[10:14:57.581] [INFO] [run] subject=8, session=1, speed=1, trial=1, x__rid_x=b4ca442b4ac5f925: dummy_return_one(x)
[10:14:57.581] [INFO] [run] subject=8, session=1, speed=1, trial=2, x__rid_x=a0274ae80ad46e90: dummy_return_one(x)
[10:14:57.582] [INFO] [run] subject=8, session=1, speed=1, trial=3, x__rid_x=f114a34e22d07166: dummy_return_one(x)
[10:14:57.583] [INFO] [run] subject=8, session=1, speed=1, trial=4, x__rid_x=1173a79f52df5322: dummy_return_one(x)
[10:14:57.583] [INFO] [run] subject=8, session=1, speed=1, trial=5, x__rid_x=b9ecb874958c2b0a: dummy_return_one(x)
[10:14:57.584] [INFO] [run] subject=8, session=1, speed=1, trial=6, x__rid_x=17011836bd62a22e: dummy_return_one(x)
[10:14:57.585] [INFO] [run] subject=8, session=1, speed=1, trial=7, x__rid_x=ebaf1025817b4f34: dummy_return_one(x)
[10:14:57.585] [INFO] [run] subject=8, session=1, speed=10, trial=1, x__rid_x=6bb7763543f0f403: dummy_return_one(x)
[10:14:57.587] [INFO] [run] subject=8, session=1, speed=10, trial=2, x__rid_x=56e7ebbcd8ca74b0: dummy_return_one(x)
[10:14:57.588] [INFO] [run] subject=8, session=1, speed=10, trial=3, x__rid_x=d79bea18f475e638: dummy_return_one(x)
[10:14:57.588] [INFO] [run] subject=8, session=1, speed=10, trial=4, x__rid_x=f5df77c252551228: dummy_return_one(x)
[10:14:57.589] [INFO] [run] subject=8, session=1, speed=10, trial=5, x__rid_x=7e7b02fd9d60e3b0: dummy_return_one(x)
[10:14:57.590] [INFO] [run] subject=8, session=1, speed=10, trial=6, x__rid_x=b3c7b2f51676ca71: dummy_return_one(x)
[10:14:57.590] [INFO] [run] subject=8, session=1, speed=10, trial=7, x__rid_x=847e22f76b158e7a: dummy_return_one(x)
[10:14:57.591] [INFO] [run] subject=8, session=1, speed=2, trial=1, x__rid_x=cc535c0b478d1c65: dummy_return_one(x)
[10:14:57.591] [INFO] [run] subject=8, session=1, speed=2, trial=2, x__rid_x=b454ba34a159fb14: dummy_return_one(x)
[10:14:57.592] [INFO] [run] subject=8, session=1, speed=2, trial=3, x__rid_x=14802a8525ccae36: dummy_return_one(x)
[10:14:57.593] [INFO] [run] subject=8, session=1, speed=2, trial=4, x__rid_x=7dd891f3e2ecde7e: dummy_return_one(x)
[10:14:57.593] [INFO] [run] subject=8, session=1, speed=2, trial=5, x__rid_x=fdae8dca5cda9481: dummy_return_one(x)
[10:14:57.594] [INFO] [run] subject=8, session=1, speed=2, trial=6, x__rid_x=95e26067cf01b86b: dummy_return_one(x)
[10:14:57.595] [INFO] [run] subject=8, session=1, speed=2, trial=7, x__rid_x=82c8f54ce3c0d5bb: dummy_return_one(x)
[10:14:57.595] [INFO] [run] subject=8, session=1, speed=3, trial=1, x__rid_x=8ead64da688293f5: dummy_return_one(x)
[10:14:57.596] [INFO] [run] subject=8, session=1, speed=3, trial=2, x__rid_x=771ffb7ed005af6b: dummy_return_one(x)
[10:14:57.597] [INFO] [run] subject=8, session=1, speed=3, trial=3, x__rid_x=518fe625430dafb8: dummy_return_one(x)
[10:14:57.597] [INFO] [run] subject=8, session=1, speed=3, trial=4, x__rid_x=3544331766a9bcaa: dummy_return_one(x)
[10:14:57.598] [INFO] [run] subject=8, session=1, speed=3, trial=5, x__rid_x=6c0014870a0d4072: dummy_return_one(x)
[10:14:57.599] [INFO] [run] subject=8, session=1, speed=3, trial=6, x__rid_x=639d20ad6f124069: dummy_return_one(x)
[10:14:57.599] [INFO] [run] subject=8, session=1, speed=3, trial=7, x__rid_x=fa923a81e98cdee5: dummy_return_one(x)
[10:14:57.600] [INFO] [run] subject=8, session=1, speed=4, trial=1, x__rid_x=099cf35de799a47e: dummy_return_one(x)
[10:14:57.600] [INFO] [run] subject=8, session=1, speed=4, trial=2, x__rid_x=8058b1791d1201f6: dummy_return_one(x)
[10:14:57.601] [INFO] [run] subject=8, session=1, speed=4, trial=3, x__rid_x=6ffebbb8d3cb974e: dummy_return_one(x)
[10:14:57.602] [INFO] [run] subject=8, session=1, speed=4, trial=4, x__rid_x=0a5a43d8efd1b9a5: dummy_return_one(x)
[10:14:57.602] [INFO] [run] subject=8, session=1, speed=4, trial=5, x__rid_x=1d7268df8d1ef5ec: dummy_return_one(x)
[10:14:57.604] [INFO] [run] subject=8, session=1, speed=4, trial=6, x__rid_x=7deb4c5fbb945c7c: dummy_return_one(x)
[10:14:57.605] [INFO] [run] subject=8, session=1, speed=4, trial=7, x__rid_x=72f6cab63b9bfc45: dummy_return_one(x)
[10:14:57.605] [INFO] [run] subject=8, session=1, speed=5, trial=1, x__rid_x=03046426e111f0e4: dummy_return_one(x)
[10:14:57.606] [INFO] [run] subject=8, session=1, speed=5, trial=2, x__rid_x=ce1b595837b31bfe: dummy_return_one(x)
[10:14:57.607] [INFO] [run] subject=8, session=1, speed=5, trial=3, x__rid_x=89e35ec35b2f47f5: dummy_return_one(x)
[10:14:57.607] [INFO] [run] subject=8, session=1, speed=5, trial=4, x__rid_x=7dbdf0e7caeff0a5: dummy_return_one(x)
[10:14:57.608] [INFO] [run] subject=8, session=1, speed=5, trial=5, x__rid_x=ed301c75e56af81f: dummy_return_one(x)
[10:14:57.609] [INFO] [run] subject=8, session=1, speed=5, trial=6, x__rid_x=b92cd9088f68f467: dummy_return_one(x)
[10:14:57.609] [INFO] [run] subject=8, session=1, speed=5, trial=7, x__rid_x=483d5290c83864f8: dummy_return_one(x)
[10:14:57.610] [INFO] [run] subject=8, session=1, speed=6, trial=1, x__rid_x=288469cad7d42e7f: dummy_return_one(x)
[10:14:57.610] [INFO] [run] subject=8, session=1, speed=6, trial=2, x__rid_x=757c0a684d739086: dummy_return_one(x)
[10:14:57.611] [INFO] [run] subject=8, session=1, speed=6, trial=3, x__rid_x=6248ae26930d97f4: dummy_return_one(x)
[10:14:57.611] [INFO] [run] subject=8, session=1, speed=6, trial=4, x__rid_x=19b6d7ef286223d4: dummy_return_one(x)
[10:14:57.612] [INFO] [run] subject=8, session=1, speed=6, trial=5, x__rid_x=9fda05c8de0477f7: dummy_return_one(x)
[10:14:57.613] [INFO] [run] subject=8, session=1, speed=6, trial=6, x__rid_x=9cc8a44106db4e3d: dummy_return_one(x)
[10:14:57.613] [INFO] [run] subject=8, session=1, speed=6, trial=7, x__rid_x=b9c2e95ab44c5fb8: dummy_return_one(x)
[10:14:57.614] [INFO] [run] subject=8, session=1, speed=7, trial=1, x__rid_x=3983ed649c61b4fe: dummy_return_one(x)
[10:14:57.615] [INFO] [run] subject=8, session=1, speed=7, trial=2, x__rid_x=8af357a98a0d7ac1: dummy_return_one(x)
[10:14:57.616] [INFO] [run] subject=8, session=1, speed=7, trial=3, x__rid_x=93e8a93c335e4c57: dummy_return_one(x)
[10:14:57.616] [INFO] [run] subject=8, session=1, speed=7, trial=4, x__rid_x=735ad65e4f42a7d0: dummy_return_one(x)
[10:14:57.617] [INFO] [run] subject=8, session=1, speed=7, trial=5, x__rid_x=261f96230f5ae477: dummy_return_one(x)
[10:14:57.618] [INFO] [run] subject=8, session=1, speed=7, trial=6, x__rid_x=b3ef6d8258d4022f: dummy_return_one(x)
[10:14:57.618] [INFO] [run] subject=8, session=1, speed=7, trial=7, x__rid_x=4be05035568b4062: dummy_return_one(x)
[10:14:57.619] [INFO] [run] subject=8, session=1, speed=8, trial=1, x__rid_x=3d46c367776841d8: dummy_return_one(x)
[10:14:57.620] [INFO] [run] subject=8, session=1, speed=8, trial=2, x__rid_x=060a98bfa9ce09fa: dummy_return_one(x)
[10:14:57.621] [INFO] [run] subject=8, session=1, speed=8, trial=3, x__rid_x=fc0660495a1a76af: dummy_return_one(x)
[10:14:57.622] [INFO] [run] subject=8, session=1, speed=8, trial=4, x__rid_x=26a0bbcea79b8cc9: dummy_return_one(x)
[10:14:57.622] [INFO] [run] subject=8, session=1, speed=8, trial=5, x__rid_x=1b27f6c4b31f0685: dummy_return_one(x)
[10:14:57.623] [INFO] [run] subject=8, session=1, speed=8, trial=6, x__rid_x=644343bbf4190758: dummy_return_one(x)
[10:14:57.624] [INFO] [run] subject=8, session=1, speed=8, trial=7, x__rid_x=07474e719ee11521: dummy_return_one(x)
[10:14:57.624] [INFO] [run] subject=8, session=1, speed=9, trial=1, x__rid_x=7ec1f46c41cd54ec: dummy_return_one(x)
[10:14:57.625] [INFO] [run] subject=8, session=1, speed=9, trial=2, x__rid_x=da6e7b8a2d373e05: dummy_return_one(x)
[10:14:57.625] [INFO] [run] subject=8, session=1, speed=9, trial=3, x__rid_x=6d685e6962dad8e3: dummy_return_one(x)
[10:14:57.626] [INFO] [run] subject=8, session=1, speed=9, trial=4, x__rid_x=859494a789fef3fa: dummy_return_one(x)
[10:14:57.627] [INFO] [run] subject=8, session=1, speed=9, trial=5, x__rid_x=3aab80193fabf283: dummy_return_one(x)
[10:14:57.627] [INFO] [run] subject=8, session=1, speed=9, trial=6, x__rid_x=56cca77c95e044f6: dummy_return_one(x)
[10:14:57.628] [INFO] [run] subject=8, session=1, speed=9, trial=7, x__rid_x=d34470b5c3afb622: dummy_return_one(x)
[10:14:57.629] [INFO] [run] subject=8, session=2, speed=1, trial=1, x__rid_x=96538c687492ffe7: dummy_return_one(x)
[10:14:57.630] [INFO] [run] subject=8, session=2, speed=1, trial=2, x__rid_x=f9b2b3bca1e6d3f7: dummy_return_one(x)
[10:14:57.630] [INFO] [run] subject=8, session=2, speed=1, trial=3, x__rid_x=635f34ff1557b13b: dummy_return_one(x)
[10:14:57.631] [INFO] [run] subject=8, session=2, speed=1, trial=4, x__rid_x=ac75b40790ea7ca4: dummy_return_one(x)
[10:14:57.632] [INFO] [run] subject=8, session=2, speed=1, trial=5, x__rid_x=852aab956b8e9f8d: dummy_return_one(x)
[10:14:57.633] [INFO] [run] subject=8, session=2, speed=1, trial=6, x__rid_x=38c2993960c5d909: dummy_return_one(x)
[10:14:57.633] [INFO] [run] subject=8, session=2, speed=1, trial=7, x__rid_x=bb5f147f8346f08f: dummy_return_one(x)
[10:14:57.634] [INFO] [run] subject=8, session=2, speed=10, trial=1, x__rid_x=5dc5827afaba8b73: dummy_return_one(x)
[10:14:57.634] [INFO] [run] subject=8, session=2, speed=10, trial=2, x__rid_x=cad76df592a7f59a: dummy_return_one(x)
[10:14:57.635] [INFO] [run] subject=8, session=2, speed=10, trial=3, x__rid_x=c8b69b767400591c: dummy_return_one(x)
[10:14:57.636] [INFO] [run] subject=8, session=2, speed=10, trial=4, x__rid_x=b9179cf0916db5b0: dummy_return_one(x)
[10:14:57.637] [INFO] [run] subject=8, session=2, speed=10, trial=5, x__rid_x=72ecb08088371053: dummy_return_one(x)
[10:14:57.638] [INFO] [run] subject=8, session=2, speed=10, trial=6, x__rid_x=b15c7979dc43ca9d: dummy_return_one(x)
[10:14:57.638] [INFO] [run] subject=8, session=2, speed=10, trial=7, x__rid_x=798f582589d3bddb: dummy_return_one(x)
[10:14:57.639] [INFO] [run] subject=8, session=2, speed=2, trial=1, x__rid_x=7f6247ede8bc6d55: dummy_return_one(x)
[10:14:57.640] [INFO] [run] subject=8, session=2, speed=2, trial=2, x__rid_x=0373ae895d7bc3b7: dummy_return_one(x)
[10:14:57.640] [INFO] [run] subject=8, session=2, speed=2, trial=3, x__rid_x=a9ad36c99fe87cbd: dummy_return_one(x)
[10:14:57.641] [INFO] [run] subject=8, session=2, speed=2, trial=4, x__rid_x=347264d5b2f771ae: dummy_return_one(x)
[10:14:57.642] [INFO] [run] subject=8, session=2, speed=2, trial=5, x__rid_x=bee0bab2a4cdcb3a: dummy_return_one(x)
[10:14:57.642] [INFO] [run] subject=8, session=2, speed=2, trial=6, x__rid_x=9b7614b1072c9681: dummy_return_one(x)
[10:14:57.643] [INFO] [run] subject=8, session=2, speed=2, trial=7, x__rid_x=6ec91a7acdeae46e: dummy_return_one(x)
[10:14:57.644] [INFO] [run] subject=8, session=2, speed=3, trial=1, x__rid_x=97d4f84a53d3edea: dummy_return_one(x)
[10:14:57.644] [INFO] [run] subject=8, session=2, speed=3, trial=2, x__rid_x=e170f96723f99adc: dummy_return_one(x)
[10:14:57.645] [INFO] [run] subject=8, session=2, speed=3, trial=3, x__rid_x=b7551f7ff866633d: dummy_return_one(x)
[10:14:57.645] [INFO] [run] subject=8, session=2, speed=3, trial=4, x__rid_x=f2edc59e7fbb3cd7: dummy_return_one(x)
[10:14:57.646] [INFO] [run] subject=8, session=2, speed=3, trial=5, x__rid_x=eaf9aa73faef7058: dummy_return_one(x)
[10:14:57.647] [INFO] [run] subject=8, session=2, speed=3, trial=6, x__rid_x=b7f6d3a55fbd34fc: dummy_return_one(x)
[10:14:57.647] [INFO] [run] subject=8, session=2, speed=3, trial=7, x__rid_x=ee57cc3426c3958c: dummy_return_one(x)
[10:14:57.648] [INFO] [run] subject=8, session=2, speed=4, trial=1, x__rid_x=beda37782751fd56: dummy_return_one(x)
[10:14:57.649] [INFO] [run] subject=8, session=2, speed=4, trial=2, x__rid_x=fb04747087c9a7bf: dummy_return_one(x)
[10:14:57.649] [INFO] [run] subject=8, session=2, speed=4, trial=3, x__rid_x=e5ac18327e151ccd: dummy_return_one(x)
[10:14:57.650] [INFO] [run] subject=8, session=2, speed=4, trial=4, x__rid_x=6d9c27645b5999ca: dummy_return_one(x)
[10:14:57.650] [INFO] [run] subject=8, session=2, speed=4, trial=5, x__rid_x=797e45d73f1cdcf7: dummy_return_one(x)
[10:14:57.651] [INFO] [run] subject=8, session=2, speed=4, trial=6, x__rid_x=b5f2f59b602b305a: dummy_return_one(x)
[10:14:57.652] [INFO] [run] subject=8, session=2, speed=4, trial=7, x__rid_x=9a23c8d55f96ae49: dummy_return_one(x)
[10:14:57.653] [INFO] [run] subject=8, session=2, speed=5, trial=1, x__rid_x=b6b870abbd355a8e: dummy_return_one(x)
[10:14:57.653] [INFO] [run] subject=8, session=2, speed=5, trial=2, x__rid_x=65012eb458f5b662: dummy_return_one(x)
[10:14:57.654] [INFO] [run] subject=8, session=2, speed=5, trial=3, x__rid_x=aab4c9bd34b54dbf: dummy_return_one(x)
[10:14:57.655] [INFO] [run] subject=8, session=2, speed=5, trial=4, x__rid_x=25dd06c4ad78ab0a: dummy_return_one(x)
[10:14:57.656] [INFO] [run] subject=8, session=2, speed=5, trial=5, x__rid_x=05e844c37f63cfb6: dummy_return_one(x)
[10:14:57.657] [INFO] [run] subject=8, session=2, speed=5, trial=6, x__rid_x=b90f2782f5961197: dummy_return_one(x)
[10:14:57.657] [INFO] [run] subject=8, session=2, speed=5, trial=7, x__rid_x=1f1ef3a1dd8e1f62: dummy_return_one(x)
[10:14:57.658] [INFO] [run] subject=8, session=2, speed=6, trial=1, x__rid_x=ca4a3a08de74e367: dummy_return_one(x)
[10:14:57.659] [INFO] [run] subject=8, session=2, speed=6, trial=2, x__rid_x=475772d660acecfb: dummy_return_one(x)
[10:14:57.659] [INFO] [run] subject=8, session=2, speed=6, trial=3, x__rid_x=35e24dc67d3d1e26: dummy_return_one(x)
[10:14:57.660] [INFO] [run] subject=8, session=2, speed=6, trial=4, x__rid_x=df243a0905bd83d7: dummy_return_one(x)
[10:14:57.660] [INFO] [run] subject=8, session=2, speed=6, trial=5, x__rid_x=f7c8510e0b8977b8: dummy_return_one(x)
[10:14:57.661] [INFO] [run] subject=8, session=2, speed=6, trial=6, x__rid_x=b2595925b68eb4d8: dummy_return_one(x)
[10:14:57.662] [INFO] [run] subject=8, session=2, speed=6, trial=7, x__rid_x=9c6efba8e35f6e5a: dummy_return_one(x)
[10:14:57.662] [INFO] [run] subject=8, session=2, speed=7, trial=1, x__rid_x=80a4b443cdb1d3ec: dummy_return_one(x)
[10:14:57.663] [INFO] [run] subject=8, session=2, speed=7, trial=2, x__rid_x=46929cc46ecdcbf5: dummy_return_one(x)
[10:14:57.664] [INFO] [run] subject=8, session=2, speed=7, trial=3, x__rid_x=7e00c154d69a29c1: dummy_return_one(x)
[10:14:57.664] [INFO] [run] subject=8, session=2, speed=7, trial=4, x__rid_x=89f9fdaa6c3c4b1a: dummy_return_one(x)
[10:14:57.665] [INFO] [run] subject=8, session=2, speed=7, trial=5, x__rid_x=7cb9d77d8ec86ee6: dummy_return_one(x)
[10:14:57.665] [INFO] [run] subject=8, session=2, speed=7, trial=6, x__rid_x=2ed32986d474bc62: dummy_return_one(x)
[10:14:57.666] [INFO] [run] subject=8, session=2, speed=7, trial=7, x__rid_x=77ba985547e557b5: dummy_return_one(x)
[10:14:57.667] [INFO] [run] subject=8, session=2, speed=8, trial=1, x__rid_x=376439ddefa4a241: dummy_return_one(x)
[10:14:57.667] [INFO] [run] subject=8, session=2, speed=8, trial=2, x__rid_x=57cd6c00e58f33e0: dummy_return_one(x)
[10:14:57.668] [INFO] [run] subject=8, session=2, speed=8, trial=3, x__rid_x=04b3d882a90d9c6d: dummy_return_one(x)
[10:14:57.669] [INFO] [run] subject=8, session=2, speed=8, trial=4, x__rid_x=c34cdc79cb3638af: dummy_return_one(x)
[10:14:57.669] [INFO] [run] subject=8, session=2, speed=8, trial=5, x__rid_x=8da9adeea48de618: dummy_return_one(x)
[10:14:57.670] [INFO] [run] subject=8, session=2, speed=8, trial=6, x__rid_x=8ae627e6fe3349d8: dummy_return_one(x)
[10:14:57.671] [INFO] [run] subject=8, session=2, speed=8, trial=7, x__rid_x=8e13ca3501d95938: dummy_return_one(x)
[10:14:57.672] [INFO] [run] subject=8, session=2, speed=9, trial=1, x__rid_x=b01d8d09203fe75c: dummy_return_one(x)
[10:14:57.672] [INFO] [run] subject=8, session=2, speed=9, trial=2, x__rid_x=0667d5bb0d60555b: dummy_return_one(x)
[10:14:57.673] [INFO] [run] subject=8, session=2, speed=9, trial=3, x__rid_x=7818ad4a79dcc1ce: dummy_return_one(x)
[10:14:57.674] [INFO] [run] subject=8, session=2, speed=9, trial=4, x__rid_x=362f540ad6bbd6a1: dummy_return_one(x)
[10:14:57.674] [INFO] [run] subject=8, session=2, speed=9, trial=5, x__rid_x=d0e8ef723cd109bb: dummy_return_one(x)
[10:14:57.675] [INFO] [run] subject=8, session=2, speed=9, trial=6, x__rid_x=43c8415b1206dd54: dummy_return_one(x)
[10:14:57.676] [INFO] [run] subject=8, session=2, speed=9, trial=7, x__rid_x=f96b10aa03e86e44: dummy_return_one(x)
[10:14:57.676] [INFO] [run] subject=8, session=3, speed=1, trial=1, x__rid_x=984bded51983f73c: dummy_return_one(x)
[10:14:57.677] [INFO] [run] subject=8, session=3, speed=1, trial=2, x__rid_x=7edceb9bb85ab697: dummy_return_one(x)
[10:14:57.678] [INFO] [run] subject=8, session=3, speed=1, trial=3, x__rid_x=de2f4415a7d860e8: dummy_return_one(x)
[10:14:57.678] [INFO] [run] subject=8, session=3, speed=1, trial=4, x__rid_x=629b5fd367c23eaa: dummy_return_one(x)
[10:14:57.679] [INFO] [run] subject=8, session=3, speed=1, trial=5, x__rid_x=aa19fed6b23bc821: dummy_return_one(x)
[10:14:57.680] [INFO] [run] subject=8, session=3, speed=1, trial=6, x__rid_x=48f1bb89760b5bf3: dummy_return_one(x)
[10:14:57.680] [INFO] [run] subject=8, session=3, speed=1, trial=7, x__rid_x=17f3cfeaf8be4aa7: dummy_return_one(x)
[10:14:57.681] [INFO] [run] subject=8, session=3, speed=10, trial=1, x__rid_x=ac974837b4ea7cfc: dummy_return_one(x)
[10:14:57.681] [INFO] [run] subject=8, session=3, speed=10, trial=2, x__rid_x=a98d90cc41de4f23: dummy_return_one(x)
[10:14:57.682] [INFO] [run] subject=8, session=3, speed=10, trial=3, x__rid_x=1b89645f45bd9ed2: dummy_return_one(x)
[10:14:57.683] [INFO] [run] subject=8, session=3, speed=10, trial=4, x__rid_x=40b515f9603653b3: dummy_return_one(x)
[10:14:57.683] [INFO] [run] subject=8, session=3, speed=10, trial=5, x__rid_x=751b18376ae90fa0: dummy_return_one(x)
[10:14:57.684] [INFO] [run] subject=8, session=3, speed=10, trial=6, x__rid_x=95499889b16738d3: dummy_return_one(x)
[10:14:57.684] [INFO] [run] subject=8, session=3, speed=10, trial=7, x__rid_x=75a5d1fa444f5493: dummy_return_one(x)
[10:14:57.685] [INFO] [run] subject=8, session=3, speed=2, trial=1, x__rid_x=7db030cc329f16b7: dummy_return_one(x)
[10:14:57.686] [INFO] [run] subject=8, session=3, speed=2, trial=2, x__rid_x=e88c748df58101ad: dummy_return_one(x)
[10:14:57.687] [INFO] [run] subject=8, session=3, speed=2, trial=3, x__rid_x=e269cabe2dd4f1a8: dummy_return_one(x)
[10:14:57.688] [INFO] [run] subject=8, session=3, speed=2, trial=4, x__rid_x=0e90b3affd4aa750: dummy_return_one(x)
[10:14:57.688] [INFO] [run] subject=8, session=3, speed=2, trial=5, x__rid_x=7c48ce37b41e5b90: dummy_return_one(x)
[10:14:57.689] [INFO] [run] subject=8, session=3, speed=2, trial=6, x__rid_x=b10538b4c46d7832: dummy_return_one(x)
[10:14:57.690] [INFO] [run] subject=8, session=3, speed=2, trial=7, x__rid_x=1f9d788c5c57aab2: dummy_return_one(x)
[10:14:57.690] [INFO] [run] subject=8, session=3, speed=3, trial=1, x__rid_x=bc48a4200492d973: dummy_return_one(x)
[10:14:57.691] [INFO] [run] subject=8, session=3, speed=3, trial=2, x__rid_x=7ee3e3d174843d5d: dummy_return_one(x)
[10:14:57.692] [INFO] [run] subject=8, session=3, speed=3, trial=3, x__rid_x=d8901e5234e6e0be: dummy_return_one(x)
[10:14:57.693] [INFO] [run] subject=8, session=3, speed=3, trial=4, x__rid_x=1f46da8038e7d945: dummy_return_one(x)
[10:14:57.693] [INFO] [run] subject=8, session=3, speed=3, trial=5, x__rid_x=c2e509155c53c167: dummy_return_one(x)
[10:14:57.694] [INFO] [run] subject=8, session=3, speed=3, trial=6, x__rid_x=9a5e13342261c366: dummy_return_one(x)
[10:14:57.695] [INFO] [run] subject=8, session=3, speed=3, trial=7, x__rid_x=106e5603decec58b: dummy_return_one(x)
[10:14:57.695] [INFO] [run] subject=8, session=3, speed=4, trial=1, x__rid_x=ec056836f977822a: dummy_return_one(x)
[10:14:57.696] [INFO] [run] subject=8, session=3, speed=4, trial=2, x__rid_x=d9ba8b869ad47cb3: dummy_return_one(x)
[10:14:57.696] [INFO] [run] subject=8, session=3, speed=4, trial=3, x__rid_x=c7d21402400e1c04: dummy_return_one(x)
[10:14:57.697] [INFO] [run] subject=8, session=3, speed=4, trial=4, x__rid_x=9294a4d781b77878: dummy_return_one(x)
[10:14:57.698] [INFO] [run] subject=8, session=3, speed=4, trial=5, x__rid_x=db8dd5682615833d: dummy_return_one(x)
[10:14:57.698] [INFO] [run] subject=8, session=3, speed=4, trial=6, x__rid_x=4f545fbdb75941d2: dummy_return_one(x)
[10:14:57.699] [INFO] [run] subject=8, session=3, speed=4, trial=7, x__rid_x=2427f596f2349051: dummy_return_one(x)
[10:14:57.700] [INFO] [run] subject=8, session=3, speed=5, trial=1, x__rid_x=cd80af7eac49ea14: dummy_return_one(x)
[10:14:57.700] [INFO] [run] subject=8, session=3, speed=5, trial=2, x__rid_x=46d89f51ab2aa462: dummy_return_one(x)
[10:14:57.701] [INFO] [run] subject=8, session=3, speed=5, trial=3, x__rid_x=fe1387e8d488ffde: dummy_return_one(x)
[10:14:57.702] [INFO] [run] subject=8, session=3, speed=5, trial=4, x__rid_x=90d86e1874a6ea6d: dummy_return_one(x)
[10:14:57.702] [INFO] [run] subject=8, session=3, speed=5, trial=5, x__rid_x=8798c7666e74c0b4: dummy_return_one(x)
[10:14:57.703] [INFO] [run] subject=8, session=3, speed=5, trial=6, x__rid_x=082f4847f452c7d8: dummy_return_one(x)
[10:14:57.704] [INFO] [run] subject=8, session=3, speed=5, trial=7, x__rid_x=cd3c0d8196f311c5: dummy_return_one(x)
[10:14:57.705] [INFO] [run] subject=8, session=3, speed=6, trial=1, x__rid_x=0d09c0af18d85134: dummy_return_one(x)
[10:14:57.706] [INFO] [run] subject=8, session=3, speed=6, trial=2, x__rid_x=e338d2fcf4490388: dummy_return_one(x)
[10:14:57.706] [INFO] [run] subject=8, session=3, speed=6, trial=3, x__rid_x=77c4883ef8049254: dummy_return_one(x)
[10:14:57.707] [INFO] [run] subject=8, session=3, speed=6, trial=4, x__rid_x=b96dcaf93b4e3ef1: dummy_return_one(x)
[10:14:57.708] [INFO] [run] subject=8, session=3, speed=6, trial=5, x__rid_x=087bbc02063a022c: dummy_return_one(x)
[10:14:57.708] [INFO] [run] subject=8, session=3, speed=6, trial=6, x__rid_x=41b6d924d96e79d9: dummy_return_one(x)
[10:14:57.709] [INFO] [run] subject=8, session=3, speed=6, trial=7, x__rid_x=f2bb5012e7da9017: dummy_return_one(x)
[10:14:57.710] [INFO] [run] subject=8, session=3, speed=7, trial=1, x__rid_x=89317c12f735754f: dummy_return_one(x)
[10:14:57.710] [INFO] [run] subject=8, session=3, speed=7, trial=2, x__rid_x=899d011658015a49: dummy_return_one(x)
[10:14:57.711] [INFO] [run] subject=8, session=3, speed=7, trial=3, x__rid_x=28233f6f866a24a7: dummy_return_one(x)
[10:14:57.712] [INFO] [run] subject=8, session=3, speed=7, trial=4, x__rid_x=d2cf695f871d9e30: dummy_return_one(x)
[10:14:57.712] [INFO] [run] subject=8, session=3, speed=7, trial=5, x__rid_x=0bdb1e7765deb54d: dummy_return_one(x)
[10:14:57.713] [INFO] [run] subject=8, session=3, speed=7, trial=6, x__rid_x=559208312ec18076: dummy_return_one(x)
[10:14:57.713] [INFO] [run] subject=8, session=3, speed=7, trial=7, x__rid_x=3ddd851143f6cfef: dummy_return_one(x)
[10:14:57.714] [INFO] [run] subject=8, session=3, speed=8, trial=1, x__rid_x=f6db2c8262c3f137: dummy_return_one(x)
[10:14:57.715] [INFO] [run] subject=8, session=3, speed=8, trial=2, x__rid_x=026a808bcf2c640e: dummy_return_one(x)
[10:14:57.716] [INFO] [run] subject=8, session=3, speed=8, trial=3, x__rid_x=9eba7fa9c983616a: dummy_return_one(x)
[10:14:57.716] [INFO] [run] subject=8, session=3, speed=8, trial=4, x__rid_x=2417800e0f073dc1: dummy_return_one(x)
[10:14:57.717] [INFO] [run] subject=8, session=3, speed=8, trial=5, x__rid_x=50d614c62940709b: dummy_return_one(x)
[10:14:57.717] [INFO] [run] subject=8, session=3, speed=8, trial=6, x__rid_x=fc3b065966e47884: dummy_return_one(x)
[10:14:57.718] [INFO] [run] subject=8, session=3, speed=8, trial=7, x__rid_x=9163dcbbfba464b5: dummy_return_one(x)
[10:14:57.719] [INFO] [run] subject=8, session=3, speed=9, trial=1, x__rid_x=e6c8f96a98df4fd6: dummy_return_one(x)
[10:14:57.720] [INFO] [run] subject=8, session=3, speed=9, trial=2, x__rid_x=889500fad99c4a31: dummy_return_one(x)
[10:14:57.721] [INFO] [run] subject=8, session=3, speed=9, trial=3, x__rid_x=94167d22ffb2f6be: dummy_return_one(x)
[10:14:57.722] [INFO] [run] subject=8, session=3, speed=9, trial=4, x__rid_x=9858b3f828b1bb5a: dummy_return_one(x)
[10:14:57.722] [INFO] [run] subject=8, session=3, speed=9, trial=5, x__rid_x=0c94edbbe26514b7: dummy_return_one(x)
[10:14:57.723] [INFO] [run] subject=8, session=3, speed=9, trial=6, x__rid_x=a026b639cad328ea: dummy_return_one(x)
[10:14:57.724] [INFO] [run] subject=8, session=3, speed=9, trial=7, x__rid_x=8b12ee39b9e69326: dummy_return_one(x)
[10:14:57.724] [INFO] [run] subject=8, session=4, speed=1, trial=1, x__rid_x=52666c07f28339a8: dummy_return_one(x)
[10:14:57.725] [INFO] [run] subject=8, session=4, speed=1, trial=2, x__rid_x=2e8362f3d527fe3d: dummy_return_one(x)
[10:14:57.726] [INFO] [run] subject=8, session=4, speed=1, trial=3, x__rid_x=e97ab4ba7fee4e8b: dummy_return_one(x)
[10:14:57.726] [INFO] [run] subject=8, session=4, speed=1, trial=4, x__rid_x=0b9c0366cc34c9b0: dummy_return_one(x)
[10:14:57.727] [INFO] [run] subject=8, session=4, speed=1, trial=5, x__rid_x=a51a041a61bf139e: dummy_return_one(x)
[10:14:57.727] [INFO] [run] subject=8, session=4, speed=1, trial=6, x__rid_x=b1ce442d04c688cd: dummy_return_one(x)
[10:14:57.728] [INFO] [run] subject=8, session=4, speed=1, trial=7, x__rid_x=56eba0f07396d2b9: dummy_return_one(x)
[10:14:57.729] [INFO] [run] subject=8, session=4, speed=10, trial=1, x__rid_x=10b374d943589c94: dummy_return_one(x)
[10:14:57.729] [INFO] [run] subject=8, session=4, speed=10, trial=2, x__rid_x=94ddc190ae06a5ba: dummy_return_one(x)
[10:14:57.730] [INFO] [run] subject=8, session=4, speed=10, trial=3, x__rid_x=97780395eaaf7401: dummy_return_one(x)
[10:14:57.730] [INFO] [run] subject=8, session=4, speed=10, trial=4, x__rid_x=e61cf5de0ef3951b: dummy_return_one(x)
[10:14:57.731] [INFO] [run] subject=8, session=4, speed=10, trial=5, x__rid_x=2abf872fc7e5bb15: dummy_return_one(x)
[10:14:57.732] [INFO] [run] subject=8, session=4, speed=10, trial=6, x__rid_x=698ac2ce4b303a07: dummy_return_one(x)
[10:14:57.732] [INFO] [run] subject=8, session=4, speed=10, trial=7, x__rid_x=f66949fc2889fe13: dummy_return_one(x)
[10:14:57.733] [INFO] [run] subject=8, session=4, speed=2, trial=1, x__rid_x=9b870f5f316ed363: dummy_return_one(x)
[10:14:57.734] [INFO] [run] subject=8, session=4, speed=2, trial=2, x__rid_x=e8e970d148c1f28c: dummy_return_one(x)
[10:14:57.734] [INFO] [run] subject=8, session=4, speed=2, trial=3, x__rid_x=e3904f1c5f851488: dummy_return_one(x)
[10:14:57.735] [INFO] [run] subject=8, session=4, speed=2, trial=4, x__rid_x=e7a07f12464af41d: dummy_return_one(x)
[10:14:57.735] [INFO] [run] subject=8, session=4, speed=2, trial=5, x__rid_x=7c066c5f9326afb2: dummy_return_one(x)
[10:14:57.736] [INFO] [run] subject=8, session=4, speed=2, trial=6, x__rid_x=9722396a254be1f0: dummy_return_one(x)
[10:14:57.737] [INFO] [run] subject=8, session=4, speed=2, trial=7, x__rid_x=df851a2348c4f9ec: dummy_return_one(x)
[10:14:57.738] [INFO] [run] subject=8, session=4, speed=3, trial=1, x__rid_x=8cfd4d7286752ac1: dummy_return_one(x)
[10:14:57.739] [INFO] [run] subject=8, session=4, speed=3, trial=2, x__rid_x=5ae1da6320789dbf: dummy_return_one(x)
[10:14:57.739] [INFO] [run] subject=8, session=4, speed=3, trial=3, x__rid_x=7ecb74d0c7dfe4fb: dummy_return_one(x)
[10:14:57.740] [INFO] [run] subject=8, session=4, speed=3, trial=4, x__rid_x=f141d9d1c5864e1f: dummy_return_one(x)
[10:14:57.741] [INFO] [run] subject=8, session=4, speed=3, trial=5, x__rid_x=a610f5134308360e: dummy_return_one(x)
[10:14:57.741] [INFO] [run] subject=8, session=4, speed=3, trial=6, x__rid_x=1879122002d0a958: dummy_return_one(x)
[10:14:57.742] [INFO] [run] subject=8, session=4, speed=3, trial=7, x__rid_x=0f2859aec8254baa: dummy_return_one(x)
[10:14:57.743] [INFO] [run] subject=8, session=4, speed=4, trial=1, x__rid_x=77ed550089f2f837: dummy_return_one(x)
[10:14:57.743] [INFO] [run] subject=8, session=4, speed=4, trial=2, x__rid_x=a4fd93ca5db372ec: dummy_return_one(x)
[10:14:57.744] [INFO] [run] subject=8, session=4, speed=4, trial=3, x__rid_x=09f51a7199bf3e3f: dummy_return_one(x)
[10:14:57.745] [INFO] [run] subject=8, session=4, speed=4, trial=4, x__rid_x=8613fc125644eabe: dummy_return_one(x)
[10:14:57.745] [INFO] [run] subject=8, session=4, speed=4, trial=5, x__rid_x=4a645ce30011bc7a: dummy_return_one(x)
[10:14:57.746] [INFO] [run] subject=8, session=4, speed=4, trial=6, x__rid_x=618ba5e3e8d67b3c: dummy_return_one(x)
[10:14:57.747] [INFO] [run] subject=8, session=4, speed=4, trial=7, x__rid_x=eb93446e66286963: dummy_return_one(x)
[10:14:57.747] [INFO] [run] subject=8, session=4, speed=5, trial=1, x__rid_x=62bf1678a97b1375: dummy_return_one(x)
[10:14:57.748] [INFO] [run] subject=8, session=4, speed=5, trial=2, x__rid_x=08fc362572886265: dummy_return_one(x)
[10:14:57.749] [INFO] [run] subject=8, session=4, speed=5, trial=3, x__rid_x=bf0b07e6088811af: dummy_return_one(x)
[10:14:57.749] [INFO] [run] subject=8, session=4, speed=5, trial=4, x__rid_x=ae6a9c437acb4622: dummy_return_one(x)
[10:14:57.750] [INFO] [run] subject=8, session=4, speed=5, trial=5, x__rid_x=b890587449431d33: dummy_return_one(x)
[10:14:57.750] [INFO] [run] subject=8, session=4, speed=5, trial=6, x__rid_x=c1451a022cb36832: dummy_return_one(x)
[10:14:57.751] [INFO] [run] subject=8, session=4, speed=5, trial=7, x__rid_x=2803d9e275967bcb: dummy_return_one(x)
[10:14:57.752] [INFO] [run] subject=8, session=4, speed=6, trial=1, x__rid_x=d69d0108981aed6e: dummy_return_one(x)
[10:14:57.752] [INFO] [run] subject=8, session=4, speed=6, trial=2, x__rid_x=a0965684ddbc60d5: dummy_return_one(x)
[10:14:57.753] [INFO] [run] subject=8, session=4, speed=6, trial=3, x__rid_x=4d4706c65789afc6: dummy_return_one(x)
[10:14:57.754] [INFO] [run] subject=8, session=4, speed=6, trial=4, x__rid_x=50672b5b18d7a134: dummy_return_one(x)
[10:14:57.755] [INFO] [run] subject=8, session=4, speed=6, trial=5, x__rid_x=bf398a0fdb35a398: dummy_return_one(x)
[10:14:57.755] [INFO] [run] subject=8, session=4, speed=6, trial=6, x__rid_x=1499fef98e226347: dummy_return_one(x)
[10:14:57.756] [INFO] [run] subject=8, session=4, speed=6, trial=7, x__rid_x=73313c2ed08603d3: dummy_return_one(x)
[10:14:57.757] [INFO] [run] subject=8, session=4, speed=7, trial=1, x__rid_x=a8d47ec18f8bd208: dummy_return_one(x)
[10:14:57.758] [INFO] [run] subject=8, session=4, speed=7, trial=2, x__rid_x=b2ff83765df3c599: dummy_return_one(x)
[10:14:57.758] [INFO] [run] subject=8, session=4, speed=7, trial=3, x__rid_x=2f12c08ff1c674b0: dummy_return_one(x)
[10:14:57.759] [INFO] [run] subject=8, session=4, speed=7, trial=4, x__rid_x=4c754159c935970d: dummy_return_one(x)
[10:14:57.760] [INFO] [run] subject=8, session=4, speed=7, trial=5, x__rid_x=1cd9ad8d7a4ca53d: dummy_return_one(x)
[10:14:57.760] [INFO] [run] subject=8, session=4, speed=7, trial=6, x__rid_x=4b0a3d1284533593: dummy_return_one(x)
[10:14:57.761] [INFO] [run] subject=8, session=4, speed=7, trial=7, x__rid_x=9d6cd93a1171d199: dummy_return_one(x)
[10:14:57.761] [INFO] [run] subject=8, session=4, speed=8, trial=1, x__rid_x=0982aca18dffde95: dummy_return_one(x)
[10:14:57.762] [INFO] [run] subject=8, session=4, speed=8, trial=2, x__rid_x=3b90d3c734e10a1f: dummy_return_one(x)
[10:14:57.763] [INFO] [run] subject=8, session=4, speed=8, trial=3, x__rid_x=f5a92e9ff12ff7b2: dummy_return_one(x)
[10:14:57.763] [INFO] [run] subject=8, session=4, speed=8, trial=4, x__rid_x=56e9b09b5a9afe79: dummy_return_one(x)
[10:14:57.764] [INFO] [run] subject=8, session=4, speed=8, trial=5, x__rid_x=f682b9d486377a08: dummy_return_one(x)
[10:14:57.765] [INFO] [run] subject=8, session=4, speed=8, trial=6, x__rid_x=4451ae860750a50b: dummy_return_one(x)
[10:14:57.765] [INFO] [run] subject=8, session=4, speed=8, trial=7, x__rid_x=4ee9ce71b76327f2: dummy_return_one(x)
[10:14:57.766] [INFO] [run] subject=8, session=4, speed=9, trial=1, x__rid_x=2c7b0cf0c72c0033: dummy_return_one(x)
[10:14:57.766] [INFO] [run] subject=8, session=4, speed=9, trial=2, x__rid_x=72e2c50813ffc813: dummy_return_one(x)
[10:14:57.767] [INFO] [run] subject=8, session=4, speed=9, trial=3, x__rid_x=59f0f56d04c6d0df: dummy_return_one(x)
[10:14:57.768] [INFO] [run] subject=8, session=4, speed=9, trial=4, x__rid_x=8d273f7cdc9b8d87: dummy_return_one(x)
[10:14:57.768] [INFO] [run] subject=8, session=4, speed=9, trial=5, x__rid_x=3f475adb72cdc9bc: dummy_return_one(x)
[10:14:57.769] [INFO] [run] subject=8, session=4, speed=9, trial=6, x__rid_x=d5a6715d5eb12f5a: dummy_return_one(x)
[10:14:57.770] [INFO] [run] subject=8, session=4, speed=9, trial=7, x__rid_x=566a8716ca33a3f0: dummy_return_one(x)
[10:14:57.771] [INFO] [run] subject=8, session=5, speed=1, trial=1, x__rid_x=be743c102175034a: dummy_return_one(x)
[10:14:57.771] [INFO] [run] subject=8, session=5, speed=1, trial=2, x__rid_x=252af264a32bf65a: dummy_return_one(x)
[10:14:57.772] [INFO] [run] subject=8, session=5, speed=1, trial=3, x__rid_x=71ab7f6103712093: dummy_return_one(x)
[10:14:57.773] [INFO] [run] subject=8, session=5, speed=1, trial=4, x__rid_x=b32e8d5d1aa0e1a7: dummy_return_one(x)
[10:14:57.773] [INFO] [run] subject=8, session=5, speed=1, trial=5, x__rid_x=9326f1028fba07d7: dummy_return_one(x)
[10:14:57.774] [INFO] [run] subject=8, session=5, speed=1, trial=6, x__rid_x=f431f587aba1ba00: dummy_return_one(x)
[10:14:57.775] [INFO] [run] subject=8, session=5, speed=1, trial=7, x__rid_x=4d8c16538f47a3cd: dummy_return_one(x)
[10:14:57.775] [INFO] [run] subject=8, session=5, speed=10, trial=1, x__rid_x=61494ba6be358c8e: dummy_return_one(x)
[10:14:57.776] [INFO] [run] subject=8, session=5, speed=10, trial=2, x__rid_x=a4d4898896e650cc: dummy_return_one(x)
[10:14:57.777] [INFO] [run] subject=8, session=5, speed=10, trial=3, x__rid_x=0e382e4cf24db166: dummy_return_one(x)
[10:14:57.777] [INFO] [run] subject=8, session=5, speed=10, trial=4, x__rid_x=417411fa18f4e84d: dummy_return_one(x)
[10:14:57.778] [INFO] [run] subject=8, session=5, speed=10, trial=5, x__rid_x=ae5659cd5836047c: dummy_return_one(x)
[10:14:57.778] [INFO] [run] subject=8, session=5, speed=10, trial=6, x__rid_x=0cb7193a35084e2b: dummy_return_one(x)
[10:14:57.779] [INFO] [run] subject=8, session=5, speed=10, trial=7, x__rid_x=e1f8e035912dfd77: dummy_return_one(x)
[10:14:57.780] [INFO] [run] subject=8, session=5, speed=2, trial=1, x__rid_x=d96c0d782c906104: dummy_return_one(x)
[10:14:57.780] [INFO] [run] subject=8, session=5, speed=2, trial=2, x__rid_x=82eeb26d056fdc64: dummy_return_one(x)
[10:14:57.781] [INFO] [run] subject=8, session=5, speed=2, trial=3, x__rid_x=a9bfc0f18aba0c5e: dummy_return_one(x)
[10:14:57.782] [INFO] [run] subject=8, session=5, speed=2, trial=4, x__rid_x=840798c827becf8a: dummy_return_one(x)
[10:14:57.782] [INFO] [run] subject=8, session=5, speed=2, trial=5, x__rid_x=1a360707012b2d2f: dummy_return_one(x)
[10:14:57.783] [INFO] [run] subject=8, session=5, speed=2, trial=6, x__rid_x=242ca5afc116cc45: dummy_return_one(x)
[10:14:57.784] [INFO] [run] subject=8, session=5, speed=2, trial=7, x__rid_x=0ccfa041b45e95da: dummy_return_one(x)
[10:14:57.784] [INFO] [run] subject=8, session=5, speed=3, trial=1, x__rid_x=fdf0b1da4dc74d45: dummy_return_one(x)
[10:14:57.785] [INFO] [run] subject=8, session=5, speed=3, trial=2, x__rid_x=09c0a5b7c31e8c20: dummy_return_one(x)
[10:14:57.785] [INFO] [run] subject=8, session=5, speed=3, trial=3, x__rid_x=8d3b5c07e23c43b1: dummy_return_one(x)
[10:14:57.786] [INFO] [run] subject=8, session=5, speed=3, trial=4, x__rid_x=acda375f548f2417: dummy_return_one(x)
[10:14:57.787] [INFO] [run] subject=8, session=5, speed=3, trial=5, x__rid_x=873185cbfe58e0be: dummy_return_one(x)
[10:14:57.788] [INFO] [run] subject=8, session=5, speed=3, trial=6, x__rid_x=7df4b1b342ce0b0a: dummy_return_one(x)
[10:14:57.789] [INFO] [run] subject=8, session=5, speed=3, trial=7, x__rid_x=a44ea03cdde3ad54: dummy_return_one(x)
[10:14:57.789] [INFO] [run] subject=8, session=5, speed=4, trial=1, x__rid_x=488194d2ebeb8936: dummy_return_one(x)
[10:14:57.790] [INFO] [run] subject=8, session=5, speed=4, trial=2, x__rid_x=dba6e58f99b17e8f: dummy_return_one(x)
[10:14:57.791] [INFO] [run] subject=8, session=5, speed=4, trial=3, x__rid_x=cde73bbb284132c8: dummy_return_one(x)
[10:14:57.792] [INFO] [run] subject=8, session=5, speed=4, trial=4, x__rid_x=fb57ae18d3d76891: dummy_return_one(x)
[10:14:57.792] [INFO] [run] subject=8, session=5, speed=4, trial=5, x__rid_x=39e4f3f3a8445da9: dummy_return_one(x)
[10:14:57.793] [INFO] [run] subject=8, session=5, speed=4, trial=6, x__rid_x=44c79e92687ba665: dummy_return_one(x)
[10:14:57.794] [INFO] [run] subject=8, session=5, speed=4, trial=7, x__rid_x=617b92b8a49c4b10: dummy_return_one(x)
[10:14:57.794] [INFO] [run] subject=8, session=5, speed=5, trial=1, x__rid_x=c55ba510380bffbd: dummy_return_one(x)
[10:14:57.795] [INFO] [run] subject=8, session=5, speed=5, trial=2, x__rid_x=93fc7f9d0d86b1b4: dummy_return_one(x)
[10:14:57.795] [INFO] [run] subject=8, session=5, speed=5, trial=3, x__rid_x=897a52763d5e4e66: dummy_return_one(x)
[10:14:57.796] [INFO] [run] subject=8, session=5, speed=5, trial=4, x__rid_x=e317adc3702e9e34: dummy_return_one(x)
[10:14:57.797] [INFO] [run] subject=8, session=5, speed=5, trial=5, x__rid_x=ebe9877f035e56c0: dummy_return_one(x)
[10:14:57.797] [INFO] [run] subject=8, session=5, speed=5, trial=6, x__rid_x=187b63313d46c813: dummy_return_one(x)
[10:14:57.798] [INFO] [run] subject=8, session=5, speed=5, trial=7, x__rid_x=bd6b0090799a0f51: dummy_return_one(x)
[10:14:57.799] [INFO] [run] subject=8, session=5, speed=6, trial=1, x__rid_x=50098c00488505bd: dummy_return_one(x)
[10:14:57.800] [INFO] [run] subject=8, session=5, speed=6, trial=2, x__rid_x=5389913ab350e41f: dummy_return_one(x)
[10:14:57.800] [INFO] [run] subject=8, session=5, speed=6, trial=3, x__rid_x=370e5bf4ffb093d2: dummy_return_one(x)
[10:14:57.801] [INFO] [run] subject=8, session=5, speed=6, trial=4, x__rid_x=a8730df89667fd00: dummy_return_one(x)
[10:14:57.802] [INFO] [run] subject=8, session=5, speed=6, trial=5, x__rid_x=da53cefd1a6d7537: dummy_return_one(x)
[10:14:57.802] [INFO] [run] subject=8, session=5, speed=6, trial=6, x__rid_x=e7750b5f5763aa06: dummy_return_one(x)
[10:14:57.803] [INFO] [run] subject=8, session=5, speed=6, trial=7, x__rid_x=1f5992f5cd82aabd: dummy_return_one(x)
[10:14:57.804] [INFO] [run] subject=8, session=5, speed=7, trial=1, x__rid_x=3d1fbef447738dbb: dummy_return_one(x)
[10:14:57.805] [INFO] [run] subject=8, session=5, speed=7, trial=2, x__rid_x=10daa6c163953d89: dummy_return_one(x)
[10:14:57.805] [INFO] [run] subject=8, session=5, speed=7, trial=3, x__rid_x=2e0a5884da7180d9: dummy_return_one(x)
[10:14:57.806] [INFO] [run] subject=8, session=5, speed=7, trial=4, x__rid_x=7ca4b525c3e7071a: dummy_return_one(x)
[10:14:57.807] [INFO] [run] subject=8, session=5, speed=7, trial=5, x__rid_x=c66701e8fbe6b4ac: dummy_return_one(x)
[10:14:57.807] [INFO] [run] subject=8, session=5, speed=7, trial=6, x__rid_x=98c9e754c65f303f: dummy_return_one(x)
[10:14:57.808] [INFO] [run] subject=8, session=5, speed=7, trial=7, x__rid_x=c77989a30d391b62: dummy_return_one(x)
[10:14:57.809] [INFO] [run] subject=8, session=5, speed=8, trial=1, x__rid_x=b84e72d1ebfea4d5: dummy_return_one(x)
[10:14:57.809] [INFO] [run] subject=8, session=5, speed=8, trial=2, x__rid_x=fd68cdaf1f1876a6: dummy_return_one(x)
[10:14:57.810] [INFO] [run] subject=8, session=5, speed=8, trial=3, x__rid_x=27f7ed692e5767aa: dummy_return_one(x)
[10:14:57.811] [INFO] [run] subject=8, session=5, speed=8, trial=4, x__rid_x=6cd35ecc7428fab2: dummy_return_one(x)
[10:14:57.811] [INFO] [run] subject=8, session=5, speed=8, trial=5, x__rid_x=256e73a2b838841a: dummy_return_one(x)
[10:14:57.812] [INFO] [run] subject=8, session=5, speed=8, trial=6, x__rid_x=83f462213d4268c9: dummy_return_one(x)
[10:14:57.812] [INFO] [run] subject=8, session=5, speed=8, trial=7, x__rid_x=bdf937eb93edb903: dummy_return_one(x)
[10:14:57.813] [INFO] [run] subject=8, session=5, speed=9, trial=1, x__rid_x=ef0318bf972ff73a: dummy_return_one(x)
[10:14:57.814] [INFO] [run] subject=8, session=5, speed=9, trial=2, x__rid_x=96e4c6bed673b172: dummy_return_one(x)
[10:14:57.814] [INFO] [run] subject=8, session=5, speed=9, trial=3, x__rid_x=890cdc30ce2a4129: dummy_return_one(x)
[10:14:57.815] [INFO] [run] subject=8, session=5, speed=9, trial=4, x__rid_x=d424c078ca0efffa: dummy_return_one(x)
[10:14:57.816] [INFO] [run] subject=8, session=5, speed=9, trial=5, x__rid_x=11d284a4ca4e873c: dummy_return_one(x)
[10:14:57.816] [INFO] [run] subject=8, session=5, speed=9, trial=6, x__rid_x=0a890a3610d6420b: dummy_return_one(x)
[10:14:57.817] [INFO] [run] subject=8, session=5, speed=9, trial=7, x__rid_x=0d4642734d6c4c2d: dummy_return_one(x)
[10:14:57.818] [INFO] [run] subject=9, session=1, speed=1, trial=1, x__rid_x=f77da444a36d75f7: dummy_return_one(x)
[10:14:57.818] [INFO] [run] subject=9, session=1, speed=1, trial=2, x__rid_x=ed4b954f71097abf: dummy_return_one(x)
[10:14:57.819] [INFO] [run] subject=9, session=1, speed=1, trial=3, x__rid_x=1fc249dfb6cc050a: dummy_return_one(x)
[10:14:57.820] [INFO] [run] subject=9, session=1, speed=1, trial=4, x__rid_x=200c8f0aabe04980: dummy_return_one(x)
[10:14:57.821] [INFO] [run] subject=9, session=1, speed=1, trial=5, x__rid_x=18eb82790e5bf378: dummy_return_one(x)
[10:14:57.822] [INFO] [run] subject=9, session=1, speed=1, trial=6, x__rid_x=00d91102f8bbb8a8: dummy_return_one(x)
[10:14:57.822] [INFO] [run] subject=9, session=1, speed=1, trial=7, x__rid_x=adef2e1493c7fdbc: dummy_return_one(x)
[10:14:57.823] [INFO] [run] subject=9, session=1, speed=10, trial=1, x__rid_x=3f1b4130374d6b69: dummy_return_one(x)
[10:14:57.824] [INFO] [run] subject=9, session=1, speed=10, trial=2, x__rid_x=e674ea54aafb0cbc: dummy_return_one(x)
[10:14:57.824] [INFO] [run] subject=9, session=1, speed=10, trial=3, x__rid_x=8c4ce45e7b2f0c27: dummy_return_one(x)
[10:14:57.825] [INFO] [run] subject=9, session=1, speed=10, trial=4, x__rid_x=8b2aa11344f0c77e: dummy_return_one(x)
[10:14:57.826] [INFO] [run] subject=9, session=1, speed=10, trial=5, x__rid_x=943d21605bfaea12: dummy_return_one(x)
[10:14:57.826] [INFO] [run] subject=9, session=1, speed=10, trial=6, x__rid_x=6a044a26a8d83d68: dummy_return_one(x)
[10:14:57.827] [INFO] [run] subject=9, session=1, speed=10, trial=7, x__rid_x=b20bc105ce9c7d54: dummy_return_one(x)
[10:14:57.828] [INFO] [run] subject=9, session=1, speed=2, trial=1, x__rid_x=eb0d0e12cc61edce: dummy_return_one(x)
[10:14:57.828] [INFO] [run] subject=9, session=1, speed=2, trial=2, x__rid_x=c7aca2b10fd4ac87: dummy_return_one(x)
[10:14:57.829] [INFO] [run] subject=9, session=1, speed=2, trial=3, x__rid_x=ad14eeb644d9692c: dummy_return_one(x)
[10:14:57.830] [INFO] [run] subject=9, session=1, speed=2, trial=4, x__rid_x=b681a76195bf5802: dummy_return_one(x)
[10:14:57.830] [INFO] [run] subject=9, session=1, speed=2, trial=5, x__rid_x=e65b52d744865f43: dummy_return_one(x)
[10:14:57.831] [INFO] [run] subject=9, session=1, speed=2, trial=6, x__rid_x=e97bac0645af36ee: dummy_return_one(x)
[10:14:57.831] [INFO] [run] subject=9, session=1, speed=2, trial=7, x__rid_x=08befc5fbb7195eb: dummy_return_one(x)
[10:14:57.832] [INFO] [run] subject=9, session=1, speed=3, trial=1, x__rid_x=cdd1780fedb5c0f2: dummy_return_one(x)
[10:14:57.833] [INFO] [run] subject=9, session=1, speed=3, trial=2, x__rid_x=c12583eed73df0a7: dummy_return_one(x)
[10:14:57.833] [INFO] [run] subject=9, session=1, speed=3, trial=3, x__rid_x=bc182af38f2966ac: dummy_return_one(x)
[10:14:57.834] [INFO] [run] subject=9, session=1, speed=3, trial=4, x__rid_x=28576cbf3e5abc2f: dummy_return_one(x)
[10:14:57.835] [INFO] [run] subject=9, session=1, speed=3, trial=5, x__rid_x=588cfea6fd0e7682: dummy_return_one(x)
[10:14:57.835] [INFO] [run] subject=9, session=1, speed=3, trial=6, x__rid_x=e8e8a2aad8a84fe5: dummy_return_one(x)
[10:14:57.836] [INFO] [run] subject=9, session=1, speed=3, trial=7, x__rid_x=b3e930f231df8003: dummy_return_one(x)
[10:14:57.838] [INFO] [run] subject=9, session=1, speed=4, trial=1, x__rid_x=4bd2ea9122f71840: dummy_return_one(x)
[10:14:57.838] [INFO] [run] subject=9, session=1, speed=4, trial=2, x__rid_x=3cb0eec36b60f34a: dummy_return_one(x)
[10:14:57.839] [INFO] [run] subject=9, session=1, speed=4, trial=3, x__rid_x=6ef9d0a189e7bc17: dummy_return_one(x)
[10:14:57.840] [INFO] [run] subject=9, session=1, speed=4, trial=4, x__rid_x=6d90ef56a8abdf2f: dummy_return_one(x)
[10:14:57.840] [INFO] [run] subject=9, session=1, speed=4, trial=5, x__rid_x=da8f684d94781f3b: dummy_return_one(x)
[10:14:57.841] [INFO] [run] subject=9, session=1, speed=4, trial=6, x__rid_x=1bf933ceb64d0f18: dummy_return_one(x)
[10:14:57.842] [INFO] [run] subject=9, session=1, speed=4, trial=7, x__rid_x=68acf9a63c630ed9: dummy_return_one(x)
[10:14:57.843] [INFO] [run] subject=9, session=1, speed=5, trial=1, x__rid_x=3ce7b893010d62bc: dummy_return_one(x)
[10:14:57.843] [INFO] [run] subject=9, session=1, speed=5, trial=2, x__rid_x=4f33d59fce09488d: dummy_return_one(x)
[10:14:57.844] [INFO] [run] subject=9, session=1, speed=5, trial=3, x__rid_x=960b8268153be457: dummy_return_one(x)
[10:14:57.844] [INFO] [run] subject=9, session=1, speed=5, trial=4, x__rid_x=aecebffeaaad6320: dummy_return_one(x)
[10:14:57.845] [INFO] [run] subject=9, session=1, speed=5, trial=5, x__rid_x=da390414b75dbd68: dummy_return_one(x)
[10:14:57.846] [INFO] [run] subject=9, session=1, speed=5, trial=6, x__rid_x=48cbf2ff41f7f70b: dummy_return_one(x)
[10:14:57.846] [INFO] [run] subject=9, session=1, speed=5, trial=7, x__rid_x=22061bab5f1bbddb: dummy_return_one(x)
[10:14:57.847] [INFO] [run] subject=9, session=1, speed=6, trial=1, x__rid_x=94154314f855826b: dummy_return_one(x)
[10:14:57.848] [INFO] [run] subject=9, session=1, speed=6, trial=2, x__rid_x=f6240755f5d1f61a: dummy_return_one(x)
[10:14:57.848] [INFO] [run] subject=9, session=1, speed=6, trial=3, x__rid_x=cbac43f6275473ed: dummy_return_one(x)
[10:14:57.849] [INFO] [run] subject=9, session=1, speed=6, trial=4, x__rid_x=402be973542eb15d: dummy_return_one(x)
[10:14:57.849] [INFO] [run] subject=9, session=1, speed=6, trial=5, x__rid_x=f0f6f0599569e0ff: dummy_return_one(x)
[10:14:57.850] [INFO] [run] subject=9, session=1, speed=6, trial=6, x__rid_x=d38896d2966fea25: dummy_return_one(x)
[10:14:57.851] [INFO] [run] subject=9, session=1, speed=6, trial=7, x__rid_x=5414f7ceadfc382b: dummy_return_one(x)
[10:14:57.851] [INFO] [run] subject=9, session=1, speed=7, trial=1, x__rid_x=2fd5d67bff650812: dummy_return_one(x)
[10:14:57.852] [INFO] [run] subject=9, session=1, speed=7, trial=2, x__rid_x=1f8729bad8af9e8f: dummy_return_one(x)
[10:14:57.852] [INFO] [run] subject=9, session=1, speed=7, trial=3, x__rid_x=baa96d7fe2fc42ee: dummy_return_one(x)
[10:14:57.853] [INFO] [run] subject=9, session=1, speed=7, trial=4, x__rid_x=51ddeef3fa5dab7a: dummy_return_one(x)
[10:14:57.854] [INFO] [run] subject=9, session=1, speed=7, trial=5, x__rid_x=c6a97ffe26adbf95: dummy_return_one(x)
[10:14:57.855] [INFO] [run] subject=9, session=1, speed=7, trial=6, x__rid_x=57dd77cd89ac044d: dummy_return_one(x)
[10:14:57.856] [INFO] [run] subject=9, session=1, speed=7, trial=7, x__rid_x=5bbf2b5d8e0ea347: dummy_return_one(x)
[10:14:57.857] [INFO] [run] subject=9, session=1, speed=8, trial=1, x__rid_x=776828959dd8dfec: dummy_return_one(x)
[10:14:57.857] [INFO] [run] subject=9, session=1, speed=8, trial=2, x__rid_x=be0f1d00ebcdedae: dummy_return_one(x)
[10:14:57.858] [INFO] [run] subject=9, session=1, speed=8, trial=3, x__rid_x=d471c9844072d247: dummy_return_one(x)
[10:14:57.859] [INFO] [run] subject=9, session=1, speed=8, trial=4, x__rid_x=6d34bfcfb3ad0586: dummy_return_one(x)
[10:14:57.859] [INFO] [run] subject=9, session=1, speed=8, trial=5, x__rid_x=d710afd786c05f6c: dummy_return_one(x)
[10:14:57.860] [INFO] [run] subject=9, session=1, speed=8, trial=6, x__rid_x=1b38731d1a8b52ab: dummy_return_one(x)
[10:14:57.860] [INFO] [run] subject=9, session=1, speed=8, trial=7, x__rid_x=75cee4a0165b5e2c: dummy_return_one(x)
[10:14:57.861] [INFO] [run] subject=9, session=1, speed=9, trial=1, x__rid_x=9dc16479075f72cd: dummy_return_one(x)
[10:14:57.862] [INFO] [run] subject=9, session=1, speed=9, trial=2, x__rid_x=0aaef1079d2c88a5: dummy_return_one(x)
[10:14:57.862] [INFO] [run] subject=9, session=1, speed=9, trial=3, x__rid_x=ed9b630e60a83380: dummy_return_one(x)
[10:14:57.863] [INFO] [run] subject=9, session=1, speed=9, trial=4, x__rid_x=f34704161d195825: dummy_return_one(x)
[10:14:57.864] [INFO] [run] subject=9, session=1, speed=9, trial=5, x__rid_x=01c37df7572cb0cd: dummy_return_one(x)
[10:14:57.864] [INFO] [run] subject=9, session=1, speed=9, trial=6, x__rid_x=1f88f606907fae61: dummy_return_one(x)
[10:14:57.865] [INFO] [run] subject=9, session=1, speed=9, trial=7, x__rid_x=3b8ec6852228e86d: dummy_return_one(x)
[10:14:57.866] [INFO] [run] subject=9, session=2, speed=1, trial=1, x__rid_x=5421deaeb7cf22bc: dummy_return_one(x)
[10:14:57.867] [INFO] [run] subject=9, session=2, speed=1, trial=2, x__rid_x=b04f475d7bd8cfe9: dummy_return_one(x)
[10:14:57.868] [INFO] [run] subject=9, session=2, speed=1, trial=3, x__rid_x=8b399daf90cf5a8b: dummy_return_one(x)
[10:14:57.870] [INFO] [run] subject=9, session=2, speed=1, trial=4, x__rid_x=696b7622f6147670: dummy_return_one(x)
[10:14:57.871] [INFO] [run] subject=9, session=2, speed=1, trial=5, x__rid_x=6156d1655b93cda0: dummy_return_one(x)
[10:14:57.872] [INFO] [run] subject=9, session=2, speed=1, trial=6, x__rid_x=58dfb9b8aa23e5d0: dummy_return_one(x)
[10:14:57.872] [INFO] [run] subject=9, session=2, speed=1, trial=7, x__rid_x=28f3945d29741331: dummy_return_one(x)
[10:14:57.873] [INFO] [run] subject=9, session=2, speed=10, trial=1, x__rid_x=7a38cd7db229b060: dummy_return_one(x)
[10:14:57.874] [INFO] [run] subject=9, session=2, speed=10, trial=2, x__rid_x=560f681b4de4f6d0: dummy_return_one(x)
[10:14:57.875] [INFO] [run] subject=9, session=2, speed=10, trial=3, x__rid_x=d069167fb98136eb: dummy_return_one(x)
[10:14:57.876] [INFO] [run] subject=9, session=2, speed=10, trial=4, x__rid_x=29474610e21073c9: dummy_return_one(x)
[10:14:57.876] [INFO] [run] subject=9, session=2, speed=10, trial=5, x__rid_x=41288a812e24a135: dummy_return_one(x)
[10:14:57.877] [INFO] [run] subject=9, session=2, speed=10, trial=6, x__rid_x=284c746fef1ea6a9: dummy_return_one(x)
[10:14:57.878] [INFO] [run] subject=9, session=2, speed=10, trial=7, x__rid_x=b633cdaa9ffed160: dummy_return_one(x)
[10:14:57.878] [INFO] [run] subject=9, session=2, speed=2, trial=1, x__rid_x=649fb01aabf24708: dummy_return_one(x)
[10:14:57.879] [INFO] [run] subject=9, session=2, speed=2, trial=2, x__rid_x=e4abcb34a0918d59: dummy_return_one(x)
[10:14:57.880] [INFO] [run] subject=9, session=2, speed=2, trial=3, x__rid_x=76c0a754aad9a275: dummy_return_one(x)
[10:14:57.880] [INFO] [run] subject=9, session=2, speed=2, trial=4, x__rid_x=d68d56ce640f602f: dummy_return_one(x)
[10:14:57.881] [INFO] [run] subject=9, session=2, speed=2, trial=5, x__rid_x=b5b990360ac5aadf: dummy_return_one(x)
[10:14:57.881] [INFO] [run] subject=9, session=2, speed=2, trial=6, x__rid_x=ed20fae353c81204: dummy_return_one(x)
[10:14:57.882] [INFO] [run] subject=9, session=2, speed=2, trial=7, x__rid_x=d00512c8118a1def: dummy_return_one(x)
[10:14:57.883] [INFO] [run] subject=9, session=2, speed=3, trial=1, x__rid_x=05ed64191d460990: dummy_return_one(x)
[10:14:57.884] [INFO] [run] subject=9, session=2, speed=3, trial=2, x__rid_x=2a7441038c0d0ea9: dummy_return_one(x)
[10:14:57.884] [INFO] [run] subject=9, session=2, speed=3, trial=3, x__rid_x=67c9b4b8a30baad9: dummy_return_one(x)
[10:14:57.885] [INFO] [run] subject=9, session=2, speed=3, trial=4, x__rid_x=beda18dd63a713d7: dummy_return_one(x)
[10:14:57.885] [INFO] [run] subject=9, session=2, speed=3, trial=5, x__rid_x=97fc2083c5b13961: dummy_return_one(x)
[10:14:57.887] [INFO] [run] subject=9, session=2, speed=3, trial=6, x__rid_x=947ece07f467074a: dummy_return_one(x)
[10:14:57.888] [INFO] [run] subject=9, session=2, speed=3, trial=7, x__rid_x=2edd054ddbb74320: dummy_return_one(x)
[10:14:57.889] [INFO] [run] subject=9, session=2, speed=4, trial=1, x__rid_x=726d1c878ecab513: dummy_return_one(x)
[10:14:57.889] [INFO] [run] subject=9, session=2, speed=4, trial=2, x__rid_x=1a6dcaa0f47ea26c: dummy_return_one(x)
[10:14:57.890] [INFO] [run] subject=9, session=2, speed=4, trial=3, x__rid_x=f853a0c5854030a0: dummy_return_one(x)
[10:14:57.891] [INFO] [run] subject=9, session=2, speed=4, trial=4, x__rid_x=160e2e17d87ae507: dummy_return_one(x)
[10:14:57.891] [INFO] [run] subject=9, session=2, speed=4, trial=5, x__rid_x=38eeece26596d6f0: dummy_return_one(x)
[10:14:57.892] [INFO] [run] subject=9, session=2, speed=4, trial=6, x__rid_x=2bc8c2f487345559: dummy_return_one(x)
[10:14:57.893] [INFO] [run] subject=9, session=2, speed=4, trial=7, x__rid_x=a8065c960eef2897: dummy_return_one(x)
[10:14:57.893] [INFO] [run] subject=9, session=2, speed=5, trial=1, x__rid_x=313d9be0e32e39b0: dummy_return_one(x)
[10:14:57.894] [INFO] [run] subject=9, session=2, speed=5, trial=2, x__rid_x=7d5203e075118060: dummy_return_one(x)
[10:14:57.895] [INFO] [run] subject=9, session=2, speed=5, trial=3, x__rid_x=37593e71676007c7: dummy_return_one(x)
[10:14:57.895] [INFO] [run] subject=9, session=2, speed=5, trial=4, x__rid_x=0dd8d779acdfc5d8: dummy_return_one(x)
[10:14:57.896] [INFO] [run] subject=9, session=2, speed=5, trial=5, x__rid_x=a84db006fff2c48f: dummy_return_one(x)
[10:14:57.897] [INFO] [run] subject=9, session=2, speed=5, trial=6, x__rid_x=d7c8c6cf1272fd40: dummy_return_one(x)
[10:14:57.897] [INFO] [run] subject=9, session=2, speed=5, trial=7, x__rid_x=872413fe10682cee: dummy_return_one(x)
[10:14:57.898] [INFO] [run] subject=9, session=2, speed=6, trial=1, x__rid_x=d5477263842c5d5b: dummy_return_one(x)
[10:14:57.899] [INFO] [run] subject=9, session=2, speed=6, trial=2, x__rid_x=5984e0725478906b: dummy_return_one(x)
[10:14:57.899] [INFO] [run] subject=9, session=2, speed=6, trial=3, x__rid_x=71d6b795c459615b: dummy_return_one(x)
[10:14:57.900] [INFO] [run] subject=9, session=2, speed=6, trial=4, x__rid_x=745eb58b27b07d49: dummy_return_one(x)
[10:14:57.901] [INFO] [run] subject=9, session=2, speed=6, trial=5, x__rid_x=316f5d1b262b482a: dummy_return_one(x)
[10:14:57.901] [INFO] [run] subject=9, session=2, speed=6, trial=6, x__rid_x=180d30af70b86c54: dummy_return_one(x)
[10:14:57.902] [INFO] [run] subject=9, session=2, speed=6, trial=7, x__rid_x=ee178dfd37057900: dummy_return_one(x)
[10:14:57.903] [INFO] [run] subject=9, session=2, speed=7, trial=1, x__rid_x=0d49f503ec1ec9b2: dummy_return_one(x)
[10:14:57.904] [INFO] [run] subject=9, session=2, speed=7, trial=2, x__rid_x=9b10e5cfbca9b577: dummy_return_one(x)
[10:14:57.905] [INFO] [run] subject=9, session=2, speed=7, trial=3, x__rid_x=c3624b901b2983c4: dummy_return_one(x)
[10:14:57.905] [INFO] [run] subject=9, session=2, speed=7, trial=4, x__rid_x=ee72b4c519840aae: dummy_return_one(x)
[10:14:57.906] [INFO] [run] subject=9, session=2, speed=7, trial=5, x__rid_x=198f9234c31741ca: dummy_return_one(x)
[10:14:57.906] [INFO] [run] subject=9, session=2, speed=7, trial=6, x__rid_x=0688cce3df574de5: dummy_return_one(x)
[10:14:57.907] [INFO] [run] subject=9, session=2, speed=7, trial=7, x__rid_x=b9df93be1cd52f53: dummy_return_one(x)
[10:14:57.908] [INFO] [run] subject=9, session=2, speed=8, trial=1, x__rid_x=7c2034cdb4fd65c9: dummy_return_one(x)
[10:14:57.908] [INFO] [run] subject=9, session=2, speed=8, trial=2, x__rid_x=da82554a46df5a33: dummy_return_one(x)
[10:14:57.909] [INFO] [run] subject=9, session=2, speed=8, trial=3, x__rid_x=645e60d1d1f664b7: dummy_return_one(x)
[10:14:57.910] [INFO] [run] subject=9, session=2, speed=8, trial=4, x__rid_x=07e361985d9f0206: dummy_return_one(x)
[10:14:57.910] [INFO] [run] subject=9, session=2, speed=8, trial=5, x__rid_x=2497f088937aaf13: dummy_return_one(x)
[10:14:57.911] [INFO] [run] subject=9, session=2, speed=8, trial=6, x__rid_x=0a46ce56b1803f84: dummy_return_one(x)
[10:14:57.912] [INFO] [run] subject=9, session=2, speed=8, trial=7, x__rid_x=79349e2d2562f5d5: dummy_return_one(x)
[10:14:57.912] [INFO] [run] subject=9, session=2, speed=9, trial=1, x__rid_x=41f1e38c440a23d4: dummy_return_one(x)
[10:14:57.913] [INFO] [run] subject=9, session=2, speed=9, trial=2, x__rid_x=3f573d7b3a472ed7: dummy_return_one(x)
[10:14:57.914] [INFO] [run] subject=9, session=2, speed=9, trial=3, x__rid_x=b11514791da4ab16: dummy_return_one(x)
[10:14:57.914] [INFO] [run] subject=9, session=2, speed=9, trial=4, x__rid_x=c485952e73f1aef5: dummy_return_one(x)
[10:14:57.915] [INFO] [run] subject=9, session=2, speed=9, trial=5, x__rid_x=209ec52d7273b0ee: dummy_return_one(x)
[10:14:57.915] [INFO] [run] subject=9, session=2, speed=9, trial=6, x__rid_x=c7ff145cbd83cdf1: dummy_return_one(x)
[10:14:57.916] [INFO] [run] subject=9, session=2, speed=9, trial=7, x__rid_x=5b3d68e2ce089370: dummy_return_one(x)
[10:14:57.917] [INFO] [run] subject=9, session=3, speed=1, trial=1, x__rid_x=68a9430c81bf995d: dummy_return_one(x)
[10:14:57.918] [INFO] [run] subject=9, session=3, speed=1, trial=2, x__rid_x=820eb300b863a0bb: dummy_return_one(x)
[10:14:57.918] [INFO] [run] subject=9, session=3, speed=1, trial=3, x__rid_x=69c9a9ffa60f95ba: dummy_return_one(x)
[10:14:57.919] [INFO] [run] subject=9, session=3, speed=1, trial=4, x__rid_x=c1850025744842fe: dummy_return_one(x)
[10:14:57.920] [INFO] [run] subject=9, session=3, speed=1, trial=5, x__rid_x=bc7701b6a0c27fea: dummy_return_one(x)
[10:14:57.921] [INFO] [run] subject=9, session=3, speed=1, trial=6, x__rid_x=8f559d055dea8e14: dummy_return_one(x)
[10:14:57.921] [INFO] [run] subject=9, session=3, speed=1, trial=7, x__rid_x=86f999a602dcdd8d: dummy_return_one(x)
[10:14:57.922] [INFO] [run] subject=9, session=3, speed=10, trial=1, x__rid_x=cb5b4d87d455dd38: dummy_return_one(x)
[10:14:57.923] [INFO] [run] subject=9, session=3, speed=10, trial=2, x__rid_x=af8c356c47d0fc26: dummy_return_one(x)
[10:14:57.923] [INFO] [run] subject=9, session=3, speed=10, trial=3, x__rid_x=dfceab2f2764909a: dummy_return_one(x)
[10:14:57.924] [INFO] [run] subject=9, session=3, speed=10, trial=4, x__rid_x=7ce8c64689bdfcb6: dummy_return_one(x)
[10:14:57.925] [INFO] [run] subject=9, session=3, speed=10, trial=5, x__rid_x=bfe611184fc097cc: dummy_return_one(x)
[10:14:57.925] [INFO] [run] subject=9, session=3, speed=10, trial=6, x__rid_x=77b9911745105c14: dummy_return_one(x)
[10:14:57.926] [INFO] [run] subject=9, session=3, speed=10, trial=7, x__rid_x=55e212d25e89f7d1: dummy_return_one(x)
[10:14:57.927] [INFO] [run] subject=9, session=3, speed=2, trial=1, x__rid_x=ae7d2022f260f1f9: dummy_return_one(x)
[10:14:57.927] [INFO] [run] subject=9, session=3, speed=2, trial=2, x__rid_x=a123de9a800502b7: dummy_return_one(x)
[10:14:57.928] [INFO] [run] subject=9, session=3, speed=2, trial=3, x__rid_x=4f7a5af2ff61e642: dummy_return_one(x)
[10:14:57.928] [INFO] [run] subject=9, session=3, speed=2, trial=4, x__rid_x=10f7de2fa146b5c4: dummy_return_one(x)
[10:14:57.929] [INFO] [run] subject=9, session=3, speed=2, trial=5, x__rid_x=449c5bbc9499b6dc: dummy_return_one(x)
[10:14:57.930] [INFO] [run] subject=9, session=3, speed=2, trial=6, x__rid_x=97614dcc35e53294: dummy_return_one(x)
[10:14:57.930] [INFO] [run] subject=9, session=3, speed=2, trial=7, x__rid_x=58167ba8f4513ea2: dummy_return_one(x)
[10:14:57.931] [INFO] [run] subject=9, session=3, speed=3, trial=1, x__rid_x=2f947b5b830f3302: dummy_return_one(x)
[10:14:57.932] [INFO] [run] subject=9, session=3, speed=3, trial=2, x__rid_x=c4b2b323f39a2989: dummy_return_one(x)
[10:14:57.932] [INFO] [run] subject=9, session=3, speed=3, trial=3, x__rid_x=2920b65545857337: dummy_return_one(x)
[10:14:57.933] [INFO] [run] subject=9, session=3, speed=3, trial=4, x__rid_x=d37d06d466ec685a: dummy_return_one(x)
[10:14:57.933] [INFO] [run] subject=9, session=3, speed=3, trial=5, x__rid_x=94f5a7670726be49: dummy_return_one(x)
[10:14:57.934] [INFO] [run] subject=9, session=3, speed=3, trial=6, x__rid_x=147e7d6b413be50f: dummy_return_one(x)
[10:14:57.935] [INFO] [run] subject=9, session=3, speed=3, trial=7, x__rid_x=338c6c1724abb4c4: dummy_return_one(x)
[10:14:57.936] [INFO] [run] subject=9, session=3, speed=4, trial=1, x__rid_x=d11da3d03aaa5019: dummy_return_one(x)
[10:14:57.936] [INFO] [run] subject=9, session=3, speed=4, trial=2, x__rid_x=2c60b3fa0ff1e727: dummy_return_one(x)
[10:14:57.937] [INFO] [run] subject=9, session=3, speed=4, trial=3, x__rid_x=6503ea8a609809f7: dummy_return_one(x)
[10:14:57.938] [INFO] [run] subject=9, session=3, speed=4, trial=4, x__rid_x=6a81fa69e5ceb743: dummy_return_one(x)
[10:14:57.939] [INFO] [run] subject=9, session=3, speed=4, trial=5, x__rid_x=2c5433319356e08f: dummy_return_one(x)
[10:14:57.940] [INFO] [run] subject=9, session=3, speed=4, trial=6, x__rid_x=55931d8425b59a4c: dummy_return_one(x)
[10:14:57.940] [INFO] [run] subject=9, session=3, speed=4, trial=7, x__rid_x=c32669af9f064e69: dummy_return_one(x)
[10:14:57.941] [INFO] [run] subject=9, session=3, speed=5, trial=1, x__rid_x=1c837ba1a875ad3f: dummy_return_one(x)
[10:14:57.941] [INFO] [run] subject=9, session=3, speed=5, trial=2, x__rid_x=f01a5f5be4773348: dummy_return_one(x)
[10:14:57.942] [INFO] [run] subject=9, session=3, speed=5, trial=3, x__rid_x=eecfda8e0085c075: dummy_return_one(x)
[10:14:57.943] [INFO] [run] subject=9, session=3, speed=5, trial=4, x__rid_x=78abc01b980ecfb0: dummy_return_one(x)
[10:14:57.943] [INFO] [run] subject=9, session=3, speed=5, trial=5, x__rid_x=d3c01d677a6ea91c: dummy_return_one(x)
[10:14:57.944] [INFO] [run] subject=9, session=3, speed=5, trial=6, x__rid_x=ec6f97651a278199: dummy_return_one(x)
[10:14:57.945] [INFO] [run] subject=9, session=3, speed=5, trial=7, x__rid_x=bc14d16051fc1917: dummy_return_one(x)
[10:14:57.945] [INFO] [run] subject=9, session=3, speed=6, trial=1, x__rid_x=8a00e9b100d42c66: dummy_return_one(x)
[10:14:57.946] [INFO] [run] subject=9, session=3, speed=6, trial=2, x__rid_x=f1d3496072c78ced: dummy_return_one(x)
[10:14:57.946] [INFO] [run] subject=9, session=3, speed=6, trial=3, x__rid_x=9513f625dac1a490: dummy_return_one(x)
[10:14:57.947] [INFO] [run] subject=9, session=3, speed=6, trial=4, x__rid_x=d83e9ffbd46873dc: dummy_return_one(x)
[10:14:57.948] [INFO] [run] subject=9, session=3, speed=6, trial=5, x__rid_x=658cf0032f8c97e0: dummy_return_one(x)
[10:14:57.949] [INFO] [run] subject=9, session=3, speed=6, trial=6, x__rid_x=21c58e0ff98ba0eb: dummy_return_one(x)
[10:14:57.949] [INFO] [run] subject=9, session=3, speed=6, trial=7, x__rid_x=48e7b8aa54b2c55e: dummy_return_one(x)
[10:14:57.950] [INFO] [run] subject=9, session=3, speed=7, trial=1, x__rid_x=84c2a33178559c59: dummy_return_one(x)
[10:14:57.951] [INFO] [run] subject=9, session=3, speed=7, trial=2, x__rid_x=17dadbdedd45ee6c: dummy_return_one(x)
[10:14:57.951] [INFO] [run] subject=9, session=3, speed=7, trial=3, x__rid_x=3e4c8a57e48f66c7: dummy_return_one(x)
[10:14:57.952] [INFO] [run] subject=9, session=3, speed=7, trial=4, x__rid_x=7c428bf822491594: dummy_return_one(x)
[10:14:57.953] [INFO] [run] subject=9, session=3, speed=7, trial=5, x__rid_x=fb3cf3aeff8be2fb: dummy_return_one(x)
[10:14:57.954] [INFO] [run] subject=9, session=3, speed=7, trial=6, x__rid_x=9bb5c19e26d77a96: dummy_return_one(x)
[10:14:57.954] [INFO] [run] subject=9, session=3, speed=7, trial=7, x__rid_x=5c364e665acd67e5: dummy_return_one(x)
[10:14:57.955] [INFO] [run] subject=9, session=3, speed=8, trial=1, x__rid_x=58164d4b55e32c61: dummy_return_one(x)
[10:14:57.956] [INFO] [run] subject=9, session=3, speed=8, trial=2, x__rid_x=6481720cfacb8c98: dummy_return_one(x)
[10:14:57.957] [INFO] [run] subject=9, session=3, speed=8, trial=3, x__rid_x=c55e1c22d6648515: dummy_return_one(x)
[10:14:57.957] [INFO] [run] subject=9, session=3, speed=8, trial=4, x__rid_x=cac5b90befba606e: dummy_return_one(x)
[10:14:57.958] [INFO] [run] subject=9, session=3, speed=8, trial=5, x__rid_x=eb41cb80c0f23a95: dummy_return_one(x)
[10:14:57.959] [INFO] [run] subject=9, session=3, speed=8, trial=6, x__rid_x=87b9ca4e28747fe0: dummy_return_one(x)
[10:14:57.959] [INFO] [run] subject=9, session=3, speed=8, trial=7, x__rid_x=68c28d4d15ab2614: dummy_return_one(x)
[10:14:57.960] [INFO] [run] subject=9, session=3, speed=9, trial=1, x__rid_x=9c7d85ea7e013eec: dummy_return_one(x)
[10:14:57.960] [INFO] [run] subject=9, session=3, speed=9, trial=2, x__rid_x=33f7e8edad8f2838: dummy_return_one(x)
[10:14:57.961] [INFO] [run] subject=9, session=3, speed=9, trial=3, x__rid_x=65d81fe10b8bf130: dummy_return_one(x)
[10:14:57.962] [INFO] [run] subject=9, session=3, speed=9, trial=4, x__rid_x=58a3a3390762a51d: dummy_return_one(x)
[10:14:57.962] [INFO] [run] subject=9, session=3, speed=9, trial=5, x__rid_x=3f1e546d7dbaf1f4: dummy_return_one(x)
[10:14:57.963] [INFO] [run] subject=9, session=3, speed=9, trial=6, x__rid_x=6fd6b47ca10160e1: dummy_return_one(x)
[10:14:57.964] [INFO] [run] subject=9, session=3, speed=9, trial=7, x__rid_x=de4616b73daeb13a: dummy_return_one(x)
[10:14:57.964] [INFO] [run] subject=9, session=4, speed=1, trial=1, x__rid_x=b9164050edd5a7aa: dummy_return_one(x)
[10:14:57.965] [INFO] [run] subject=9, session=4, speed=1, trial=2, x__rid_x=ff6089fa1e92c0d1: dummy_return_one(x)
[10:14:57.966] [INFO] [run] subject=9, session=4, speed=1, trial=3, x__rid_x=8ecb524db05808a9: dummy_return_one(x)
[10:14:57.966] [INFO] [run] subject=9, session=4, speed=1, trial=4, x__rid_x=8585ba7edba6a389: dummy_return_one(x)
[10:14:57.967] [INFO] [run] subject=9, session=4, speed=1, trial=5, x__rid_x=e06a285c77e7d27d: dummy_return_one(x)
[10:14:57.968] [INFO] [run] subject=9, session=4, speed=1, trial=6, x__rid_x=79d9581a3d2c53fc: dummy_return_one(x)
[10:14:57.968] [INFO] [run] subject=9, session=4, speed=1, trial=7, x__rid_x=d82b42c63539c8c7: dummy_return_one(x)
[10:14:57.969] [INFO] [run] subject=9, session=4, speed=10, trial=1, x__rid_x=e9985370dcc3cc07: dummy_return_one(x)
[10:14:57.970] [INFO] [run] subject=9, session=4, speed=10, trial=2, x__rid_x=767ed0e80563fa59: dummy_return_one(x)
[10:14:57.971] [INFO] [run] subject=9, session=4, speed=10, trial=3, x__rid_x=5eb5d29399920cf4: dummy_return_one(x)
[10:14:57.972] [INFO] [run] subject=9, session=4, speed=10, trial=4, x__rid_x=9f356837368d879f: dummy_return_one(x)
[10:14:57.972] [INFO] [run] subject=9, session=4, speed=10, trial=5, x__rid_x=0dad5c6bcff4e2de: dummy_return_one(x)
[10:14:57.973] [INFO] [run] subject=9, session=4, speed=10, trial=6, x__rid_x=c59c5e95bb4c9aab: dummy_return_one(x)
[10:14:57.974] [INFO] [run] subject=9, session=4, speed=10, trial=7, x__rid_x=d843fca0ecacb7c5: dummy_return_one(x)
[10:14:57.974] [INFO] [run] subject=9, session=4, speed=2, trial=1, x__rid_x=43785d7e7d139d6b: dummy_return_one(x)
[10:14:57.975] [INFO] [run] subject=9, session=4, speed=2, trial=2, x__rid_x=de3831dbbd27582a: dummy_return_one(x)
[10:14:57.976] [INFO] [run] subject=9, session=4, speed=2, trial=3, x__rid_x=430c48b936fe7ca3: dummy_return_one(x)
[10:14:57.977] [INFO] [run] subject=9, session=4, speed=2, trial=4, x__rid_x=e929f79abda8a66f: dummy_return_one(x)
[10:14:57.977] [INFO] [run] subject=9, session=4, speed=2, trial=5, x__rid_x=e8f18f47fb8149a6: dummy_return_one(x)
[10:14:57.978] [INFO] [run] subject=9, session=4, speed=2, trial=6, x__rid_x=b24722758709d2f2: dummy_return_one(x)
[10:14:57.979] [INFO] [run] subject=9, session=4, speed=2, trial=7, x__rid_x=733329a33f837843: dummy_return_one(x)
[10:14:57.979] [INFO] [run] subject=9, session=4, speed=3, trial=1, x__rid_x=242aa87eced2635c: dummy_return_one(x)
[10:14:57.980] [INFO] [run] subject=9, session=4, speed=3, trial=2, x__rid_x=df07475f4b05fe8e: dummy_return_one(x)
[10:14:57.980] [INFO] [run] subject=9, session=4, speed=3, trial=3, x__rid_x=6c9d2e409b4539c7: dummy_return_one(x)
[10:14:57.981] [INFO] [run] subject=9, session=4, speed=3, trial=4, x__rid_x=3968e2ef594b5dbc: dummy_return_one(x)
[10:14:57.982] [INFO] [run] subject=9, session=4, speed=3, trial=5, x__rid_x=774b8e3d8d69c506: dummy_return_one(x)
[10:14:57.983] [INFO] [run] subject=9, session=4, speed=3, trial=6, x__rid_x=a3ed302e039511e6: dummy_return_one(x)
[10:14:57.983] [INFO] [run] subject=9, session=4, speed=3, trial=7, x__rid_x=5f88a493ec6d1bc2: dummy_return_one(x)
[10:14:57.984] [INFO] [run] subject=9, session=4, speed=4, trial=1, x__rid_x=fd1bcb0c6e71fbea: dummy_return_one(x)
[10:14:57.985] [INFO] [run] subject=9, session=4, speed=4, trial=2, x__rid_x=7af78bb8d9f2999e: dummy_return_one(x)
[10:14:57.986] [INFO] [run] subject=9, session=4, speed=4, trial=3, x__rid_x=832a7fedf4fa5977: dummy_return_one(x)
[10:14:57.987] [INFO] [run] subject=9, session=4, speed=4, trial=4, x__rid_x=c9ece418dbf4ac99: dummy_return_one(x)
[10:14:57.987] [INFO] [run] subject=9, session=4, speed=4, trial=5, x__rid_x=bd39e36e0cd65a46: dummy_return_one(x)
[10:14:57.988] [INFO] [run] subject=9, session=4, speed=4, trial=6, x__rid_x=8c4a78fd1e092b15: dummy_return_one(x)
[10:14:57.989] [INFO] [run] subject=9, session=4, speed=4, trial=7, x__rid_x=aa502753fbfc77f5: dummy_return_one(x)
[10:14:57.989] [INFO] [run] subject=9, session=4, speed=5, trial=1, x__rid_x=3e249b2d1c0f3cc5: dummy_return_one(x)
[10:14:57.990] [INFO] [run] subject=9, session=4, speed=5, trial=2, x__rid_x=5d36fae160c3f952: dummy_return_one(x)
[10:14:57.991] [INFO] [run] subject=9, session=4, speed=5, trial=3, x__rid_x=5799d3d0d493a99d: dummy_return_one(x)
[10:14:57.991] [INFO] [run] subject=9, session=4, speed=5, trial=4, x__rid_x=9d50a3ad48b7b77a: dummy_return_one(x)
[10:14:57.992] [INFO] [run] subject=9, session=4, speed=5, trial=5, x__rid_x=9ed74012a930c851: dummy_return_one(x)
[10:14:57.993] [INFO] [run] subject=9, session=4, speed=5, trial=6, x__rid_x=f2d929cf0a2eb993: dummy_return_one(x)
[10:14:57.993] [INFO] [run] subject=9, session=4, speed=5, trial=7, x__rid_x=eb5639178ccd742b: dummy_return_one(x)
[10:14:57.994] [INFO] [run] subject=9, session=4, speed=6, trial=1, x__rid_x=63f8c1d699dae21a: dummy_return_one(x)
[10:14:57.995] [INFO] [run] subject=9, session=4, speed=6, trial=2, x__rid_x=c107b1e13dfa0e0d: dummy_return_one(x)
[10:14:57.996] [INFO] [run] subject=9, session=4, speed=6, trial=3, x__rid_x=2f0e64db5ca9b752: dummy_return_one(x)
[10:14:57.996] [INFO] [run] subject=9, session=4, speed=6, trial=4, x__rid_x=c8814396f35a911f: dummy_return_one(x)
[10:14:57.997] [INFO] [run] subject=9, session=4, speed=6, trial=5, x__rid_x=cad1a316301560d8: dummy_return_one(x)
[10:14:57.998] [INFO] [run] subject=9, session=4, speed=6, trial=6, x__rid_x=3866b13304211bb1: dummy_return_one(x)
[10:14:57.998] [INFO] [run] subject=9, session=4, speed=6, trial=7, x__rid_x=a91ccbeb10d4be42: dummy_return_one(x)
[10:14:57.999] [INFO] [run] subject=9, session=4, speed=7, trial=1, x__rid_x=55c6e83ec7037542: dummy_return_one(x)
[10:14:58.000] [INFO] [run] subject=9, session=4, speed=7, trial=2, x__rid_x=151e07801b3455e6: dummy_return_one(x)
[10:14:58.000] [INFO] [run] subject=9, session=4, speed=7, trial=3, x__rid_x=6e85328d11f13bfd: dummy_return_one(x)
[10:14:58.001] [INFO] [run] subject=9, session=4, speed=7, trial=4, x__rid_x=ef5443bf7f586385: dummy_return_one(x)
[10:14:58.002] [INFO] [run] subject=9, session=4, speed=7, trial=5, x__rid_x=d71b1b72be5231f1: dummy_return_one(x)
[10:14:58.002] [INFO] [run] subject=9, session=4, speed=7, trial=6, x__rid_x=35674f64821de0e7: dummy_return_one(x)
[10:14:58.003] [INFO] [run] subject=9, session=4, speed=7, trial=7, x__rid_x=137362156c87d474: dummy_return_one(x)
[10:14:58.004] [INFO] [run] subject=9, session=4, speed=8, trial=1, x__rid_x=0d383fbda4b5ade9: dummy_return_one(x)
[10:14:58.005] [INFO] [run] subject=9, session=4, speed=8, trial=2, x__rid_x=ebc2fea7e216c494: dummy_return_one(x)
[10:14:58.006] [INFO] [run] subject=9, session=4, speed=8, trial=3, x__rid_x=0544e6792fda1068: dummy_return_one(x)
[10:14:58.006] [INFO] [run] subject=9, session=4, speed=8, trial=4, x__rid_x=6e500bdb0b39c91f: dummy_return_one(x)
[10:14:58.007] [INFO] [run] subject=9, session=4, speed=8, trial=5, x__rid_x=bad6488fb7ea4642: dummy_return_one(x)
[10:14:58.008] [INFO] [run] subject=9, session=4, speed=8, trial=6, x__rid_x=8b1fa8c31d470f45: dummy_return_one(x)
[10:14:58.008] [INFO] [run] subject=9, session=4, speed=8, trial=7, x__rid_x=8437f7712d0ad057: dummy_return_one(x)
[10:14:58.009] [INFO] [run] subject=9, session=4, speed=9, trial=1, x__rid_x=9429a5ecf36161bf: dummy_return_one(x)
[10:14:58.010] [INFO] [run] subject=9, session=4, speed=9, trial=2, x__rid_x=a95482a2c88f28c8: dummy_return_one(x)
[10:14:58.010] [INFO] [run] subject=9, session=4, speed=9, trial=3, x__rid_x=8ba773fc0b9bd68c: dummy_return_one(x)
[10:14:58.011] [INFO] [run] subject=9, session=4, speed=9, trial=4, x__rid_x=5e87b9808e402a4f: dummy_return_one(x)
[10:14:58.012] [INFO] [run] subject=9, session=4, speed=9, trial=5, x__rid_x=42602c84456f0d82: dummy_return_one(x)
[10:14:58.012] [INFO] [run] subject=9, session=4, speed=9, trial=6, x__rid_x=0957b409261f41f7: dummy_return_one(x)
[10:14:58.013] [INFO] [run] subject=9, session=4, speed=9, trial=7, x__rid_x=ee606637cdc5f936: dummy_return_one(x)
[10:14:58.014] [INFO] [run] subject=9, session=5, speed=1, trial=1, x__rid_x=0f1f69aec379e0ff: dummy_return_one(x)
[10:14:58.014] [INFO] [run] subject=9, session=5, speed=1, trial=2, x__rid_x=5e5eacb8d2f9c515: dummy_return_one(x)
[10:14:58.015] [INFO] [run] subject=9, session=5, speed=1, trial=3, x__rid_x=2b53f737f23038cb: dummy_return_one(x)
[10:14:58.016] [INFO] [run] subject=9, session=5, speed=1, trial=4, x__rid_x=418735b723a0107e: dummy_return_one(x)
[10:14:58.016] [INFO] [run] subject=9, session=5, speed=1, trial=5, x__rid_x=7af3a706cf165f50: dummy_return_one(x)
[10:14:58.017] [INFO] [run] subject=9, session=5, speed=1, trial=6, x__rid_x=1328d2617444a231: dummy_return_one(x)
[10:14:58.017] [INFO] [run] subject=9, session=5, speed=1, trial=7, x__rid_x=e8f4692cb08a07f4: dummy_return_one(x)
[10:14:58.018] [INFO] [run] subject=9, session=5, speed=10, trial=1, x__rid_x=fb7c11168d6bc0af: dummy_return_one(x)
[10:14:58.019] [INFO] [run] subject=9, session=5, speed=10, trial=2, x__rid_x=80dad238e419a8b0: dummy_return_one(x)
[10:14:58.020] [INFO] [run] subject=9, session=5, speed=10, trial=3, x__rid_x=1b96b65a5d340b79: dummy_return_one(x)
[10:14:58.021] [INFO] [run] subject=9, session=5, speed=10, trial=4, x__rid_x=341443e59ab95ece: dummy_return_one(x)
[10:14:58.021] [INFO] [run] subject=9, session=5, speed=10, trial=5, x__rid_x=2d81a48fa6c64c51: dummy_return_one(x)
[10:14:58.022] [INFO] [run] subject=9, session=5, speed=10, trial=6, x__rid_x=51f5f8f83c1ae8ce: dummy_return_one(x)
[10:14:58.023] [INFO] [run] subject=9, session=5, speed=10, trial=7, x__rid_x=6c2c167d348c20d8: dummy_return_one(x)
[10:14:58.023] [INFO] [run] subject=9, session=5, speed=2, trial=1, x__rid_x=c043e8ace807b7fe: dummy_return_one(x)
[10:14:58.024] [INFO] [run] subject=9, session=5, speed=2, trial=2, x__rid_x=7e5a19b03f18d786: dummy_return_one(x)
[10:14:58.025] [INFO] [run] subject=9, session=5, speed=2, trial=3, x__rid_x=eb8d3fbe0c547ed8: dummy_return_one(x)
[10:14:58.025] [INFO] [run] subject=9, session=5, speed=2, trial=4, x__rid_x=3dc083568fd93b40: dummy_return_one(x)
[10:14:58.026] [INFO] [run] subject=9, session=5, speed=2, trial=5, x__rid_x=777e62737ce1dfc0: dummy_return_one(x)
[10:14:58.027] [INFO] [run] subject=9, session=5, speed=2, trial=6, x__rid_x=efe110661739a1c2: dummy_return_one(x)
[10:14:58.027] [INFO] [run] subject=9, session=5, speed=2, trial=7, x__rid_x=4e3bddb823b4d9a2: dummy_return_one(x)
[10:14:58.028] [INFO] [run] subject=9, session=5, speed=3, trial=1, x__rid_x=075178a2de45f027: dummy_return_one(x)
[10:14:58.028] [INFO] [run] subject=9, session=5, speed=3, trial=2, x__rid_x=2d0d50c3845c20f2: dummy_return_one(x)
[10:14:58.029] [INFO] [run] subject=9, session=5, speed=3, trial=3, x__rid_x=167cd34e064dbddd: dummy_return_one(x)
[10:14:58.030] [INFO] [run] subject=9, session=5, speed=3, trial=4, x__rid_x=1bbc06c7d67a3595: dummy_return_one(x)
[10:14:58.030] [INFO] [run] subject=9, session=5, speed=3, trial=5, x__rid_x=98cba83ac81eba92: dummy_return_one(x)
[10:14:58.031] [INFO] [run] subject=9, session=5, speed=3, trial=6, x__rid_x=694f01efed3e72b1: dummy_return_one(x)
[10:14:58.032] [INFO] [run] subject=9, session=5, speed=3, trial=7, x__rid_x=b6a36429a4081301: dummy_return_one(x)
[10:14:58.032] [INFO] [run] subject=9, session=5, speed=4, trial=1, x__rid_x=ab377d2c2aa369e2: dummy_return_one(x)
[10:14:58.033] [INFO] [run] subject=9, session=5, speed=4, trial=2, x__rid_x=e0d3d0c64b5abbd7: dummy_return_one(x)
[10:14:58.033] [INFO] [run] subject=9, session=5, speed=4, trial=3, x__rid_x=f374f1247289e238: dummy_return_one(x)
[10:14:58.034] [INFO] [run] subject=9, session=5, speed=4, trial=4, x__rid_x=68e5473745c24690: dummy_return_one(x)
[10:14:58.035] [INFO] [run] subject=9, session=5, speed=4, trial=5, x__rid_x=ccb2210510ea2839: dummy_return_one(x)
[10:14:58.035] [INFO] [run] subject=9, session=5, speed=4, trial=6, x__rid_x=205c4905e0cbf519: dummy_return_one(x)
[10:14:58.036] [INFO] [run] subject=9, session=5, speed=4, trial=7, x__rid_x=a1c0dd380b9f611c: dummy_return_one(x)
[10:14:58.038] [INFO] [run] subject=9, session=5, speed=5, trial=1, x__rid_x=1584ef849675f36c: dummy_return_one(x)
[10:14:58.039] [INFO] [run] subject=9, session=5, speed=5, trial=2, x__rid_x=aa53394edf181723: dummy_return_one(x)
[10:14:58.039] [INFO] [run] subject=9, session=5, speed=5, trial=3, x__rid_x=656c551a974d6df0: dummy_return_one(x)
[10:14:58.040] [INFO] [run] subject=9, session=5, speed=5, trial=4, x__rid_x=d56f336c0a67ffd7: dummy_return_one(x)
[10:14:58.041] [INFO] [run] subject=9, session=5, speed=5, trial=5, x__rid_x=6a837355184fbc67: dummy_return_one(x)
[10:14:58.041] [INFO] [run] subject=9, session=5, speed=5, trial=6, x__rid_x=a36dafac1ad496fa: dummy_return_one(x)
[10:14:58.042] [INFO] [run] subject=9, session=5, speed=5, trial=7, x__rid_x=99f4a4219630233d: dummy_return_one(x)
[10:14:58.043] [INFO] [run] subject=9, session=5, speed=6, trial=1, x__rid_x=2252b48406828292: dummy_return_one(x)
[10:14:58.044] [INFO] [run] subject=9, session=5, speed=6, trial=2, x__rid_x=da917038fc3f0e68: dummy_return_one(x)
[10:14:58.045] [INFO] [run] subject=9, session=5, speed=6, trial=3, x__rid_x=e6e5ee63130452d4: dummy_return_one(x)
[10:14:58.045] [INFO] [run] subject=9, session=5, speed=6, trial=4, x__rid_x=8fffb2d3092b1528: dummy_return_one(x)
[10:14:58.046] [INFO] [run] subject=9, session=5, speed=6, trial=5, x__rid_x=d24690d04cbc0e6b: dummy_return_one(x)
[10:14:58.047] [INFO] [run] subject=9, session=5, speed=6, trial=6, x__rid_x=e242b0a73d0acc42: dummy_return_one(x)
[10:14:58.048] [INFO] [run] subject=9, session=5, speed=6, trial=7, x__rid_x=aa8b3a5000c4fbc3: dummy_return_one(x)
[10:14:58.048] [INFO] [run] subject=9, session=5, speed=7, trial=1, x__rid_x=384ec6cfb35876df: dummy_return_one(x)
[10:14:58.049] [INFO] [run] subject=9, session=5, speed=7, trial=2, x__rid_x=b481629798b0bb02: dummy_return_one(x)
[10:14:58.050] [INFO] [run] subject=9, session=5, speed=7, trial=3, x__rid_x=63e6584d7dad846e: dummy_return_one(x)
[10:14:58.051] [INFO] [run] subject=9, session=5, speed=7, trial=4, x__rid_x=160d79f4f7da1ab4: dummy_return_one(x)
[10:14:58.052] [INFO] [run] subject=9, session=5, speed=7, trial=5, x__rid_x=21a7c2eefcf177c9: dummy_return_one(x)
[10:14:58.053] [INFO] [run] subject=9, session=5, speed=7, trial=6, x__rid_x=3cbdd3a1e941247f: dummy_return_one(x)
[10:14:58.054] [INFO] [run] subject=9, session=5, speed=7, trial=7, x__rid_x=a447fd494983cda8: dummy_return_one(x)
[10:14:58.054] [INFO] [run] subject=9, session=5, speed=8, trial=1, x__rid_x=5cd283fc9574ca7c: dummy_return_one(x)
[10:14:58.055] [INFO] [run] subject=9, session=5, speed=8, trial=2, x__rid_x=aa204d28d3659199: dummy_return_one(x)
[10:14:58.056] [INFO] [run] subject=9, session=5, speed=8, trial=3, x__rid_x=1c443b4bf4e50f12: dummy_return_one(x)
[10:14:58.057] [INFO] [run] subject=9, session=5, speed=8, trial=4, x__rid_x=c465bd74120b7506: dummy_return_one(x)
[10:14:58.058] [INFO] [run] subject=9, session=5, speed=8, trial=5, x__rid_x=22e3b161590f1976: dummy_return_one(x)
[10:14:58.059] [INFO] [run] subject=9, session=5, speed=8, trial=6, x__rid_x=d8a4f14cdb4a5584: dummy_return_one(x)
[10:14:58.060] [INFO] [run] subject=9, session=5, speed=8, trial=7, x__rid_x=755cb125c0dba5e7: dummy_return_one(x)
[10:14:58.060] [INFO] [run] subject=9, session=5, speed=9, trial=1, x__rid_x=8ad5bebe8b1c7618: dummy_return_one(x)
[10:14:58.061] [INFO] [run] subject=9, session=5, speed=9, trial=2, x__rid_x=7c68053c4f7de574: dummy_return_one(x)
[10:14:58.062] [INFO] [run] subject=9, session=5, speed=9, trial=3, x__rid_x=9a64b7d31e6055cf: dummy_return_one(x)
[10:14:58.062] [INFO] [run] subject=9, session=5, speed=9, trial=4, x__rid_x=bd8faf1cb12ed9ac: dummy_return_one(x)
[10:14:58.063] [INFO] [run] subject=9, session=5, speed=9, trial=5, x__rid_x=67f492ad82371a2a: dummy_return_one(x)
[10:14:58.064] [INFO] [run] subject=9, session=5, speed=9, trial=6, x__rid_x=bd5368895bdcd1a7: dummy_return_one(x)
[10:14:58.064] [INFO] [run] subject=9, session=5, speed=9, trial=7, x__rid_x=c5e5b9213866ea8c: dummy_return_one(x)
[10:14:58.069] [INFO] ----------------------------------------------------------------
[10:14:58.070] [INFO] for_each(dummy_return_one) done: completed=7000, skipped=0, total=7000
[10:14:58.072] [INFO] ================================================================
[10:14:58.301] [INFO] [bridge] for_each_save: handle=109, result_tbl shape=(7000, 6), columns=['subject', 'session', 'speed', 'trial', '__rid_x', 'DummyOut']
[10:14:58.302] [INFO] [scidb] Step 18: restoring scifor schema to 4 keys (removing 1 rid keys)
[10:14:58.302] [INFO] [scidb] Step 19: saving 7000 result row(s) for 1 output(s)
[10:14:58.302] [INFO] [batch_save] Preparing 7000 result row(s) for batch save
[10:14:58.337] [INFO] [batch_save] Preparation complete in 0.035s: 1 batch group(s), 0 generates_file item(s)
[10:14:58.337] [INFO] [batch_save] Saving 7000 record(s) for DummyOut (normal path)
[10:14:58.337] [INFO] save_batch(DummyOut): 7000 items, mode=single_column, data: float, DuckDB columns: [value: DOUBLE]
[10:15:02.385] [INFO] [timing] save_batch(DummyOut): 7000 items (7000 new rows, 7000 total storage rows), 7000 schemas, 4.048s
[10:15:02.386] [DEBUG]   save_batch 1_setup                        0.002s
[10:15:02.386] [DEBUG]   save_batch 2_split_metadata               0.020s
[10:15:02.386] [DEBUG]   save_batch 3_schema_resolution            0.036s
[10:15:02.386] [DEBUG]   save_batch 4_per_row_hashing              0.131s
[10:15:02.386] [DEBUG]   save_batch 4a_canonical_hash              0.011s
[10:15:02.386] [DEBUG]   save_batch 4b_record_id                   0.107s
[10:15:02.386] [DEBUG]   save_batch 4c_storage_row                 0.002s
[10:15:02.386] [DEBUG]   save_batch 4d_meta_row                    0.000s
[10:15:02.386] [DEBUG]   save_batch 5_dedup_check                  0.000s
[10:15:02.386] [DEBUG]   save_batch 6a_data_df_create              0.001s
[10:15:02.386] [DEBUG]   save_batch 6b_data_insert                 0.004s
[10:15:02.386] [DEBUG]   save_batch 6c_meta_insert                 3.657s
[10:15:02.386] [DEBUG]   save_batch 6d_variables_upsert            0.002s
[10:15:02.386] [DEBUG]   save_batch 6e_commit                      0.195s
[10:15:02.386] [DEBUG]   save_batch 6_batch_inserts                3.859s
[10:15:02.386] [DEBUG]   save_batch total                          4.048s
[10:15:02.390] [INFO] [save] subject=1, session=1, speed=1, trial=1: DummyOut -> record_id=f6476f919877 (float)
[10:15:02.391] [INFO] [save] subject=1, session=1, speed=1, trial=2: DummyOut -> record_id=615cdc2e6e5b (float)
[10:15:02.391] [INFO] [save] subject=1, session=1, speed=1, trial=3: DummyOut -> record_id=2f0d85141a8f (float)
[10:15:02.391] [INFO] [save] ... and 6997 more record(s)
[10:15:02.391] [INFO] [batch_save] Completed 7000 save(s) for DummyOut in 4.051s (1727.8 records/s)
[10:15:20.511] [INFO] [provenance] recorded run_id=5ffa75deb7a7401f for 7000 record(s) of fn=dummy_return_one
[10:15:20.511] [INFO] [batch_save] Total: saved 7000 record(s) in 22.210s (315.2 records/s)
[10:15:20.515] [INFO] [scidb] Step 19 complete: saved 7000 result(s) in 22.213s
[10:15:20.530] [INFO] for_each_save returned in 22.231s
[10:15:21.828] [INFO] ===== for_each(dummy_return_one) done =====
[10:15:21.943] [INFO] load(DummyOut): metadata={}
[10:15:21.962] [DEBUG] _find_record(DummyOut): SQL returned 7000 records, version_id=all
[10:15:21.981] [INFO] [timing] _find_record(DummyOut, version_id='all'): total=0.038s, sql=0.018s (7000 rows), collapse=0.000s, vk_filter=0.000s, bp_filter=0.000s, sort=0.019s, returned=7000 rows
[10:15:21.981] [INFO] load(DummyOut): found 7000 record(s)
[10:15:22.115] [INFO] [timing] load(DummyOut): pre-yield setup: find=0.038s, dtype_lookup=0.001s, chunks_total=0.133s (sql=0.084s, deserialize=0.048s, n_chunks=14, mode=single_column)
[10:15:30.894] [INFO] [timing] load(DummyOut): TOTAL=8.951s (find=0.038s, chunks=0.133s, yield_body=8.758s for 7000 records, caller_overhead~=0.022s)
